cell_id,sample_id,EGFP_Seq1_hi,dTomato_Seq2_hi,EGFP_dTomato_dual_hi,group
aabglidd-1,TMA00318,False,False,False,none
aabjnhih-1,TMA00318,False,False,False,none
aablaoak-1,TMA00318,False,False,False,none
aablffff-1,TMA00318,False,False,False,none
aabpkpbk-1,TMA00318,False,False,False,none
aacaoile-1,TMA00318,False,False,False,none
aaccmmjg-1,TMA00318,False,False,False,none
aacginho-1,TMA00318,False,False,False,none
aacigdkk-1,TMA00318,False,False,False,none
aadaiegm-1,TMA00318,False,False,False,none
aadiignh-1,TMA00318,False,False,False,none
aadjeimi-1,TMA00318,False,False,False,none
aadnegpl-1,TMA00318,False,False,False,none
aadpoiad-1,TMA00318,False,False,False,none
aaealjio-1,TMA00318,False,False,False,none
aaelejgn-1,TMA00318,False,False,False,none
aaeoajbp-1,TMA00318,False,False,False,none
aaeobihh-1,TMA00318,False,False,False,none
aafbcnmo-1,TMA00318,False,False,False,none
aaffnofi-1,TMA00318,False,False,False,none
aafndada-1,TMA00318,False,False,False,none
aafohmic-1,TMA00318,False,False,False,none
aagbhelh-1,TMA00318,False,False,False,none
aaggcmkp-1,TMA00318,False,False,False,none
aagigpin-1,TMA00318,False,False,False,none
aagkhgcj-1,TMA00318,False,False,False,none
aagmmdpm-1,TMA00318,False,False,False,none
aagnmech-1,TMA00318,False,False,False,none
aagpcdoc-1,TMA00318,False,False,False,none
aahbilil-1,TMA00318,False,False,False,none
aahdegho-1,TMA00318,False,False,False,none
aaheeifa-1,TMA00318,False,False,False,none
aahhggnl-1,TMA00318,False,False,False,none
aahhojnm-1,TMA00318,False,False,False,none
aahpjfcm-1,TMA00318,False,False,False,none
aaicdobg-1,TMA00318,False,False,False,none
aaihpomi-1,TMA00318,False,False,False,none
aaiiipkl-1,TMA00318,False,False,False,none
aailfdhi-1,TMA00318,False,False,False,none
aailnedp-1,TMA00318,False,False,False,none
aaipecoo-1,TMA00318,False,False,False,none
aaipepoi-1,TMA00318,False,False,False,none
aajaffan-1,TMA00318,False,False,False,none
aajinfpa-1,TMA00318,False,False,False,none
aajlgiej-1,TMA00318,False,False,False,none
aajmpill-1,TMA00318,False,False,False,none
aajofacj-1,TMA00318,False,False,False,none
aajolimp-1,TMA00318,False,False,False,none
aakmkglc-1,TMA00318,False,False,False,none
aalbfeeb-1,TMA00318,False,False,False,none
aalnfjmk-1,TMA00318,False,False,False,none
aanadnmh-1,TMA00318,False,False,False,none
aancalka-1,TMA00318,False,False,False,none
aanfjhjp-1,TMA00318,False,False,False,none
aankgjel-1,TMA00318,False,False,False,none
aaokedgm-1,TMA00318,False,False,False,none
aaolgfhc-1,TMA00318,False,False,False,none
aaomiikn-1,TMA00318,False,False,False,none
aapdahgj-1,TMA00318,False,False,False,none
aapfanjm-1,TMA00318,False,False,False,none
aapfemkb-1,TMA00318,False,False,False,none
aapghjhe-1,TMA00318,False,False,False,none
aaphmonj-1,TMA00318,False,False,False,none
aapjkeng-1,TMA00318,False,False,False,none
aapjmpga-1,TMA00318,False,False,False,none
abaagonj-1,TMA00318,False,False,False,none
abacefjb-1,TMA00318,False,False,False,none
abalcbgk-1,TMA00318,False,False,False,none
abaoccmh-1,TMA00318,False,False,False,none
abbalkia-1,TMA00318,False,False,False,none
abbddiop-1,TMA00318,False,False,False,none
abbfcjda-1,TMA00318,True,False,False,EGFP_Seq1_hi
abbglgcm-1,TMA00318,False,False,False,none
abbhdggp-1,TMA00318,False,False,False,none
abbldofm-1,TMA00318,False,False,False,none
abbnlloh-1,TMA00318,False,False,False,none
abcebdmj-1,TMA00318,False,False,False,none
abchojki-1,TMA00318,False,False,False,none
abcimoan-1,TMA00318,False,False,False,none
abclbeno-1,TMA00318,False,False,False,none
abconjof-1,TMA00318,False,False,False,none
abcoollc-1,TMA00318,False,False,False,none
abdcgokd-1,TMA00318,False,False,False,none
abdehjcp-1,TMA00318,False,False,False,none
abdhmaic-1,TMA00318,False,False,False,none
abdhopma-1,TMA00318,False,False,False,none
abdnbkkd-1,TMA00318,False,False,False,none
abdndjmi-1,TMA00318,False,False,False,none
abecablp-1,TMA00318,False,False,False,none
abecccoi-1,TMA00318,False,False,False,none
abecekma-1,TMA00318,False,False,False,none
abecgjpa-1,TMA00318,False,False,False,none
abehmfjf-1,TMA00318,False,False,False,none
abejggpc-1,TMA00318,False,False,False,none
abfankef-1,TMA00318,False,False,False,none
abfigeah-1,TMA00318,False,False,False,none
abfkbcim-1,TMA00318,False,False,False,none
abflodbh-1,TMA00318,False,False,False,none
abfnjdgn-1,TMA00318,False,False,False,none
abgaehop-1,TMA00318,False,False,False,none
abgaffhf-1,TMA00318,False,False,False,none
abgbjldg-1,TMA00318,False,False,False,none
abgboabp-1,TMA00318,False,False,False,none
abgenmni-1,TMA00318,False,False,False,none
abgfbcjc-1,TMA00318,False,False,False,none
abghbakn-1,TMA00318,False,False,False,none
abgpoinn-1,TMA00318,False,False,False,none
abhgfdgh-1,TMA00318,False,False,False,none
abhijdlp-1,TMA00318,False,False,False,none
abhlfjgp-1,TMA00318,False,False,False,none
abibfego-1,TMA00318,False,False,False,none
abibjced-1,TMA00318,False,False,False,none
abicggbe-1,TMA00318,False,False,False,none
abigojfn-1,TMA00318,False,False,False,none
abjbfklj-1,TMA00318,False,False,False,none
abjbgefh-1,TMA00318,False,False,False,none
abjffcdf-1,TMA00318,False,False,False,none
abjhblng-1,TMA00318,False,False,False,none
abjocnnl-1,TMA00318,False,False,False,none
abjooegd-1,TMA00318,False,False,False,none
abkggead-1,TMA00318,False,False,False,none
abkiccgi-1,TMA00318,False,False,False,none
abklhnml-1,TMA00318,False,False,False,none
abkmfjke-1,TMA00318,False,False,False,none
abkmjbfe-1,TMA00318,False,False,False,none
ablfeakp-1,TMA00318,False,False,False,none
ablfghml-1,TMA00318,False,False,False,none
abliceoc-1,TMA00318,False,False,False,none
abljfamn-1,TMA00318,False,False,False,none
ablnidjc-1,TMA00318,False,False,False,none
ablogepa-1,TMA00318,True,False,False,EGFP_Seq1_hi
ablpaeik-1,TMA00318,False,False,False,none
abmajimf-1,TMA00318,False,False,False,none
abmiekfd-1,TMA00318,False,False,False,none
abmjlmah-1,TMA00318,False,False,False,none
abncaikb-1,TMA00318,False,False,False,none
abndjnpn-1,TMA00318,False,False,False,none
abnfadof-1,TMA00318,False,False,False,none
abnhdkoa-1,TMA00318,False,False,False,none
abnmhhbo-1,TMA00318,False,False,False,none
abnmjohg-1,TMA00318,False,False,False,none
abobbhch-1,TMA00318,False,False,False,none
abobnfod-1,TMA00318,False,False,False,none
aboboohn-1,TMA00318,False,False,False,none
aboegmlb-1,TMA00318,False,False,False,none
abofhgdo-1,TMA00318,False,False,False,none
aboibjej-1,TMA00318,False,False,False,none
aboifoni-1,TMA00318,False,False,False,none
abopdbin-1,TMA00318,False,False,False,none
aboplcnk-1,TMA00318,False,False,False,none
abpdloek-1,TMA00318,False,False,False,none
abpfdeap-1,TMA00318,False,False,False,none
abpfpkkn-1,TMA00318,False,False,False,none
abpgcndn-1,TMA00318,False,False,False,none
abpgjiap-1,TMA00318,False,False,False,none
acapcbfb-1,TMA00318,False,False,False,none
acbiebkl-1,TMA00318,False,False,False,none
acbkoehk-1,TMA00318,False,False,False,none
acblkdpc-1,TMA00318,False,False,False,none
acbodjdp-1,TMA00318,False,False,False,none
acbohafh-1,TMA00318,False,False,False,none
acccdfle-1,TMA00318,False,False,False,none
accehine-1,TMA00318,False,False,False,none
acdamepi-1,TMA00318,False,False,False,none
acdfjmbb-1,TMA00318,False,False,False,none
acdigjcc-1,TMA00318,False,False,False,none
acdjnike-1,TMA00318,False,False,False,none
acdmbcbj-1,TMA00318,False,False,False,none
acdpemml-1,TMA00318,False,False,False,none
acejjmjb-1,TMA00318,False,False,False,none
acenldkp-1,TMA00318,False,True,False,dTomato_Seq2_hi
acfbopij-1,TMA00318,False,False,False,none
acfeanhj-1,TMA00318,False,False,False,none
acffokjl-1,TMA00318,False,False,False,none
acfhfcgd-1,TMA00318,False,False,False,none
acfihkgo-1,TMA00318,False,False,False,none
acfjhhfp-1,TMA00318,False,False,False,none
acfkoeoj-1,TMA00318,False,False,False,none
acfmheka-1,TMA00318,False,False,False,none
acfnfnbc-1,TMA00318,False,False,False,none
acgeifmh-1,TMA00318,False,False,False,none
acgjbelf-1,TMA00318,False,False,False,none
acgjclcm-1,TMA00318,False,False,False,none
acgjmbim-1,TMA00318,False,False,False,none
acgkcjpe-1,TMA00318,False,False,False,none
acgljnba-1,TMA00318,False,False,False,none
acgmoneo-1,TMA00318,False,False,False,none
acgodeng-1,TMA00318,False,False,False,none
achgaodf-1,TMA00318,False,False,False,none
achgjdmh-1,TMA00318,False,False,False,none
achhkpfp-1,TMA00318,False,False,False,none
achilhdi-1,TMA00318,False,False,False,none
achkofda-1,TMA00318,False,False,False,none
achlfhke-1,TMA00318,False,False,False,none
acinjnja-1,TMA00318,False,False,False,none
acjblbna-1,TMA00318,False,False,False,none
acjookhn-1,TMA00318,False,False,False,none
ackamdep-1,TMA00318,False,False,False,none
ackcmdhm-1,TMA00318,False,False,False,none
ackdejem-1,TMA00318,False,False,False,none
ackekaoa-1,TMA00318,False,False,False,none
ackilakl-1,TMA00318,False,False,False,none
ackkboam-1,TMA00318,False,False,False,none
acklfimb-1,TMA00318,False,False,False,none
ackliecb-1,TMA00318,False,False,False,none
ackmpmgp-1,TMA00318,False,False,False,none
ackooddj-1,TMA00318,False,False,False,none
aclfjpdo-1,TMA00318,False,False,False,none
aclghmkg-1,TMA00318,False,False,False,none
aclhepgo-1,TMA00318,False,False,False,none
aclkpnfe-1,TMA00318,False,False,False,none
acmaldbk-1,TMA00318,False,False,False,none
acmccmgf-1,TMA00318,False,False,False,none
acmckfob-1,TMA00318,False,False,False,none
acmedmmc-1,TMA00318,False,False,False,none
acmjlbpd-1,TMA00318,False,False,False,none
acmjnmfm-1,TMA00318,False,False,False,none
acmjocpj-1,TMA00318,False,False,False,none
acmjpopc-1,TMA00318,False,False,False,none
acmlmmhf-1,TMA00318,False,False,False,none
acmpmhml-1,TMA00318,False,False,False,none
acnbggdn-1,TMA00318,False,False,False,none
acncchpk-1,TMA00318,False,False,False,none
acnhlhfh-1,TMA00318,False,False,False,none
acnhomeg-1,TMA00318,False,False,False,none
acnjdfcp-1,TMA00318,False,False,False,none
acnjdlif-1,TMA00318,False,False,False,none
acnjgael-1,TMA00318,False,True,False,dTomato_Seq2_hi
acocfepm-1,TMA00318,False,False,False,none
acocopgo-1,TMA00318,False,False,False,none
acodmnom-1,TMA00318,False,False,False,none
acoeacla-1,TMA00318,False,False,False,none
acolbeke-1,TMA00318,False,False,False,none
aconibld-1,TMA00318,False,False,False,none
aconinjo-1,TMA00318,False,False,False,none
acpakioh-1,TMA00318,False,False,False,none
acpdmhll-1,TMA00318,False,False,False,none
acpehfgd-1,TMA00318,False,False,False,none
acpenhhl-1,TMA00318,False,False,False,none
acplhpdo-1,TMA00318,False,False,False,none
acpmkdda-1,TMA00318,False,False,False,none
adaghpkd-1,TMA00318,False,False,False,none
adaikbdp-1,TMA00318,False,False,False,none
adamdpoc-1,TMA00318,False,False,False,none
adampfgj-1,TMA00318,False,False,False,none
adapckdb-1,TMA00318,False,False,False,none
adbbolpa-1,TMA00318,False,False,False,none
adbcnhle-1,TMA00318,False,False,False,none
adbeihko-1,TMA00318,False,False,False,none
adbejbfm-1,TMA00318,False,False,False,none
adbocgjk-1,TMA00318,False,False,False,none
adccfnmg-1,TMA00318,False,False,False,none
adccjldn-1,TMA00318,False,False,False,none
adcckkmb-1,TMA00318,False,False,False,none
adcgblmc-1,TMA00318,False,False,False,none
adckhcgo-1,TMA00318,False,False,False,none
adcnjchp-1,TMA00318,False,False,False,none
addbflag-1,TMA00318,False,False,False,none
addchane-1,TMA00318,False,False,False,none
addghlec-1,TMA00318,False,False,False,none
addminkh-1,TMA00318,False,False,False,none
addmpkno-1,TMA00318,False,False,False,none
addnljni-1,TMA00318,False,False,False,none
addohljf-1,TMA00318,False,False,False,none
adednijk-1,TMA00318,False,False,False,none
adehfblc-1,TMA00318,False,False,False,none
adeljfji-1,TMA00318,False,False,False,none
adffmlbl-1,TMA00318,False,False,False,none
adfgklbf-1,TMA00318,False,False,False,none
adfkgohj-1,TMA00318,False,False,False,none
adfmmcbb-1,TMA00318,False,False,False,none
adfpoeei-1,TMA00318,False,False,False,none
adgchiko-1,TMA00318,False,False,False,none
adgmgbag-1,TMA00318,False,False,False,none
adgoigef-1,TMA00318,False,False,False,none
adhfndea-1,TMA00318,False,False,False,none
adhlllhh-1,TMA00318,False,False,False,none
adhlnpme-1,TMA00318,False,False,False,none
adicdmkj-1,TMA00318,False,False,False,none
adidhijf-1,TMA00318,False,False,False,none
adidodlg-1,TMA00318,False,False,False,none
adiehjno-1,TMA00318,False,False,False,none
adieiphf-1,TMA00318,False,False,False,none
adiemafa-1,TMA00318,False,False,False,none
adiffmoh-1,TMA00318,False,False,False,none
adigfkod-1,TMA00318,False,False,False,none
adigoojc-1,TMA00318,False,False,False,none
adihclem-1,TMA00318,False,False,False,none
adiiaeoc-1,TMA00318,False,False,False,none
adiinmcb-1,TMA00318,False,False,False,none
adinfbbc-1,TMA00318,False,False,False,none
adinncen-1,TMA00318,False,False,False,none
adjgnaem-1,TMA00318,False,False,False,none
adjjlope-1,TMA00318,False,False,False,none
adjnnpni-1,TMA00318,False,False,False,none
adjoaohn-1,TMA00318,False,False,False,none
adkbklgd-1,TMA00318,False,False,False,none
adkhpajk-1,TMA00318,False,False,False,none
adkogopo-1,TMA00318,False,False,False,none
adlbemod-1,TMA00318,False,False,False,none
adlmmekm-1,TMA00318,False,False,False,none
admbmbio-1,TMA00318,False,False,False,none
admeipib-1,TMA00318,False,False,False,none
admhkcpa-1,TMA00318,False,False,False,none
admhkgpi-1,TMA00318,False,False,False,none
admjbomc-1,TMA00318,False,False,False,none
admjcbdd-1,TMA00318,False,False,False,none
adngjhgh-1,TMA00318,False,False,False,none
adnhnigj-1,TMA00318,False,False,False,none
adnjikjo-1,TMA00318,False,False,False,none
adnkohcf-1,TMA00318,False,False,False,none
adnkpako-1,TMA00318,False,False,False,none
adnkpoig-1,TMA00318,False,False,False,none
adnmlfel-1,TMA00318,False,False,False,none
adnoabag-1,TMA00318,False,False,False,none
adocijoc-1,TMA00318,False,False,False,none
adogeakc-1,TMA00318,False,False,False,none
adogmdip-1,TMA00318,False,False,False,none
adonaeel-1,TMA00318,False,False,False,none
adoocikf-1,TMA00318,False,False,False,none
adpaefbc-1,TMA00318,False,False,False,none
adpbdmoi-1,TMA00318,False,False,False,none
adpglkip-1,TMA00318,False,False,False,none
adpiodoj-1,TMA00318,False,False,False,none
adpjfdhe-1,TMA00318,False,False,False,none
adplipdo-1,TMA00318,False,False,False,none
adpmbpbi-1,TMA00318,False,False,False,none
adpmgehg-1,TMA00318,False,False,False,none
adpmkopc-1,TMA00318,False,False,False,none
aeaafioa-1,TMA00318,False,False,False,none
aeadapca-1,TMA00318,False,False,False,none
aeadgemd-1,TMA00318,False,False,False,none
aeaeddci-1,TMA00318,False,False,False,none
aeafhchm-1,TMA00318,False,False,False,none
aeakojin-1,TMA00318,False,False,False,none
aealnbba-1,TMA00318,False,False,False,none
aebanjfn-1,TMA00318,False,False,False,none
aebaochm-1,TMA00318,False,False,False,none
aebbaaho-1,TMA00318,False,False,False,none
aebcccmj-1,TMA00318,False,False,False,none
aebhmblc-1,TMA00318,False,False,False,none
aeblnhnd-1,TMA00318,False,False,False,none
aebmndpo-1,TMA00318,False,False,False,none
aebnjnin-1,TMA00318,False,False,False,none
aebocicb-1,TMA00318,False,False,False,none
aebonbli-1,TMA00318,False,False,False,none
aecfegfn-1,TMA00318,False,False,False,none
aechifdn-1,TMA00318,False,False,False,none
aecihaam-1,TMA00318,False,False,False,none
aecjcdkd-1,TMA00318,False,False,False,none
aeclgdmf-1,TMA00318,False,False,False,none
aedbodgi-1,TMA00318,False,False,False,none
aeddkkho-1,TMA00318,False,False,False,none
aedkndbf-1,TMA00318,False,False,False,none
aedoclkk-1,TMA00318,False,False,False,none
aeegcmjo-1,TMA00318,False,False,False,none
aeegoann-1,TMA00318,False,False,False,none
aeeinoba-1,TMA00318,False,False,False,none
aeejohpk-1,TMA00318,False,False,False,none
aeelplce-1,TMA00318,False,False,False,none
aeemgekd-1,TMA00318,False,False,False,none
aeemhghj-1,TMA00318,False,False,False,none
aeenffej-1,TMA00318,False,False,False,none
aeeodgjl-1,TMA00318,False,False,False,none
aeepnbim-1,TMA00318,False,False,False,none
aefcpoce-1,TMA00318,False,False,False,none
aefemfpo-1,TMA00318,False,False,False,none
aeffoifk-1,TMA00318,False,False,False,none
aehccoil-1,TMA00318,False,False,False,none
aehffeml-1,TMA00318,False,False,False,none
aehhjeno-1,TMA00318,False,False,False,none
aehmfkbm-1,TMA00318,False,False,False,none
aehmkinc-1,TMA00318,False,False,False,none
aehnkbin-1,TMA00318,False,False,False,none
aehnmmac-1,TMA00318,False,False,False,none
aehoioad-1,TMA00318,False,False,False,none
aeifodgk-1,TMA00318,False,False,False,none
aeimokjh-1,TMA00318,False,False,False,none
aejchoeb-1,TMA00318,False,False,False,none
aejfkcjn-1,TMA00318,False,False,False,none
aejjkdmm-1,TMA00318,False,False,False,none
aejkhobe-1,TMA00318,False,False,False,none
aejknakl-1,TMA00318,False,False,False,none
aejnjobi-1,TMA00318,False,False,False,none
aejpfjol-1,TMA00318,False,False,False,none
aekacmil-1,TMA00318,False,False,False,none
aekbfnhg-1,TMA00318,False,False,False,none
aekdjaoi-1,TMA00318,False,False,False,none
aekeckef-1,TMA00318,False,False,False,none
aekhlagl-1,TMA00318,False,False,False,none
aeklclad-1,TMA00318,False,False,False,none
aekomlkf-1,TMA00318,False,False,False,none
aelbhebb-1,TMA00318,False,False,False,none
aelcbknf-1,TMA00318,False,False,False,none
aelgbgle-1,TMA00318,False,False,False,none
aelojpli-1,TMA00318,False,False,False,none
aelpmlef-1,TMA00318,False,False,False,none
aembfofk-1,TMA00318,False,False,False,none
aemdpkif-1,TMA00318,False,False,False,none
aemfdppc-1,TMA00318,False,False,False,none
aemgbagf-1,TMA00318,False,False,False,none
aenebjip-1,TMA00318,False,False,False,none
aeniehhk-1,TMA00318,False,False,False,none
aenpcbna-1,TMA00318,False,False,False,none
aeofohge-1,TMA00318,False,False,False,none
aeojkmdh-1,TMA00318,False,False,False,none
aeokdpmp-1,TMA00318,False,False,False,none
aeomlbpc-1,TMA00318,False,False,False,none
aeomphkf-1,TMA00318,False,False,False,none
aeononli-1,TMA00318,False,False,False,none
aepjmogp-1,TMA00318,False,False,False,none
aepkfdfo-1,TMA00318,False,False,False,none
aepnheig-1,TMA00318,False,False,False,none
aeppfiml-1,TMA00318,False,False,False,none
afaeklhf-1,TMA00318,False,False,False,none
afafcjll-1,TMA00318,False,False,False,none
afahcnpg-1,TMA00318,False,False,False,none
afbaagda-1,TMA00318,False,False,False,none
afbclfhh-1,TMA00318,False,False,False,none
afbeeooh-1,TMA00318,False,False,False,none
afbelobe-1,TMA00318,False,False,False,none
afbfalph-1,TMA00318,False,False,False,none
afbgombm-1,TMA00318,False,False,False,none
afbipjjn-1,TMA00318,False,False,False,none
afblfdcc-1,TMA00318,False,False,False,none
afbmlgbn-1,TMA00318,False,False,False,none
afbmoeol-1,TMA00318,False,False,False,none
afbnookb-1,TMA00318,False,False,False,none
afbonfad-1,TMA00318,False,False,False,none
afccejdc-1,TMA00318,False,False,False,none
afcckbpi-1,TMA00318,False,False,False,none
afcdljlp-1,TMA00318,False,False,False,none
afcfkoko-1,TMA00318,False,False,False,none
afcfpcib-1,TMA00318,False,False,False,none
afcgedap-1,TMA00318,False,False,False,none
afchblde-1,TMA00318,False,False,False,none
afciadmb-1,TMA00318,False,False,False,none
afclcnpe-1,TMA00318,False,False,False,none
afcohkji-1,TMA00318,False,False,False,none
afcoicma-1,TMA00318,False,False,False,none
afcpgfdg-1,TMA00318,False,False,False,none
afdmdlib-1,TMA00318,False,False,False,none
afdmhifo-1,TMA00318,False,False,False,none
afdmihie-1,TMA00318,False,False,False,none
afdpfhai-1,TMA00318,False,False,False,none
afdpokoo-1,TMA00318,False,False,False,none
afeabjlm-1,TMA00318,False,False,False,none
afecocbn-1,TMA00318,False,False,False,none
affbahig-1,TMA00318,False,False,False,none
affekmfo-1,TMA00318,False,False,False,none
affhcfdb-1,TMA00318,False,False,False,none
affhclnj-1,TMA00318,False,False,False,none
afflmfil-1,TMA00318,False,False,False,none
afflpode-1,TMA00318,False,False,False,none
affoifdi-1,TMA00318,False,False,False,none
afgefaci-1,TMA00318,False,False,False,none
afgfaggb-1,TMA00318,False,False,False,none
afgfgdlg-1,TMA00318,False,False,False,none
afgldceh-1,TMA00318,False,False,False,none
afhdpapj-1,TMA00318,False,False,False,none
afhfopki-1,TMA00318,False,False,False,none
afhkbenc-1,TMA00318,False,False,False,none
afhlcink-1,TMA00318,False,False,False,none
afhnjacl-1,TMA00318,False,False,False,none
afiaapkn-1,TMA00318,False,False,False,none
afijnokl-1,TMA00318,False,False,False,none
afijnpij-1,TMA00318,False,False,False,none
afimjanj-1,TMA00318,False,False,False,none
afiopjne-1,TMA00318,False,False,False,none
afipdnec-1,TMA00318,False,False,False,none
afipnghb-1,TMA00318,False,False,False,none
afjcpodf-1,TMA00318,False,False,False,none
afjfmcjm-1,TMA00318,False,False,False,none
afjgfhnj-1,TMA00318,False,False,False,none
afjionem-1,TMA00318,False,False,False,none
afjkhecn-1,TMA00318,False,False,False,none
afkacfjg-1,TMA00318,False,False,False,none
afkcpnco-1,TMA00318,False,False,False,none
afkelago-1,TMA00318,False,False,False,none
afkgmakn-1,TMA00318,False,False,False,none
afkhkkgg-1,TMA00318,False,False,False,none
afkkneab-1,TMA00318,False,False,False,none
afkocabm-1,TMA00318,False,False,False,none
afkpagdg-1,TMA00318,False,False,False,none
aflafohh-1,TMA00318,False,False,False,none
aflbdjfe-1,TMA00318,False,False,False,none
aflboajb-1,TMA00318,False,False,False,none
aflbodhj-1,TMA00318,False,False,False,none
aflffagm-1,TMA00318,False,False,False,none
aflhbegb-1,TMA00318,False,False,False,none
afmllahk-1,TMA00318,False,False,False,none
afmnebnn-1,TMA00318,False,False,False,none
afmoejoj-1,TMA00318,False,False,False,none
afnahbig-1,TMA00318,False,False,False,none
afneficl-1,TMA00318,False,False,False,none
afnfjpka-1,TMA00318,False,False,False,none
afnhjpii-1,TMA00318,False,False,False,none
afnhokcp-1,TMA00318,False,False,False,none
afnlkhhi-1,TMA00318,False,False,False,none
afnnoind-1,TMA00318,False,False,False,none
afnplngf-1,TMA00318,False,False,False,none
afnppnlg-1,TMA00318,False,False,False,none
afohlhdp-1,TMA00318,False,False,False,none
afoicbpc-1,TMA00318,False,False,False,none
afoikeoi-1,TMA00318,False,False,False,none
afomolnj-1,TMA00318,False,False,False,none
afpbgnei-1,TMA00318,False,False,False,none
afpcegnc-1,TMA00318,False,False,False,none
afpeglnk-1,TMA00318,False,False,False,none
afpgdmhg-1,TMA00318,False,False,False,none
afphndka-1,TMA00318,False,False,False,none
afpiimai-1,TMA00318,False,False,False,none
afpiodek-1,TMA00318,False,False,False,none
afpkceng-1,TMA00318,False,False,False,none
afplodgc-1,TMA00318,False,False,False,none
afpomljd-1,TMA00318,False,False,False,none
agaagbeb-1,TMA00318,False,False,False,none
agadheik-1,TMA00318,False,False,False,none
agafggge-1,TMA00318,False,False,False,none
agaiidne-1,TMA00318,False,False,False,none
aganbead-1,TMA00318,False,False,False,none
agapemlb-1,TMA00318,False,False,False,none
agbalmak-1,TMA00318,False,False,False,none
agblnmlh-1,TMA00318,False,False,False,none
agbmjani-1,TMA00318,False,False,False,none
agbnplfe-1,TMA00318,False,False,False,none
agccomnb-1,TMA00318,False,False,False,none
agcdebgj-1,TMA00318,False,False,False,none
agcdfipi-1,TMA00318,False,False,False,none
agcgckmd-1,TMA00318,False,False,False,none
agcinkli-1,TMA00318,False,False,False,none
agciomnd-1,TMA00318,False,False,False,none
agcjmane-1,TMA00318,False,False,False,none
agcmepdj-1,TMA00318,False,False,False,none
agddheob-1,TMA00318,False,False,False,none
agdebhak-1,TMA00318,False,False,False,none
agdeidip-1,TMA00318,False,False,False,none
agdfijhk-1,TMA00318,False,False,False,none
agdmimhe-1,TMA00318,False,False,False,none
agedhddp-1,TMA00318,False,False,False,none
agelbonk-1,TMA00318,False,False,False,none
ageloanc-1,TMA00318,False,False,False,none
agencpde-1,TMA00318,False,False,False,none
ageoklpf-1,TMA00318,False,False,False,none
agephkmd-1,TMA00318,False,False,False,none
agfeneik-1,TMA00318,False,False,False,none
agfipbic-1,TMA00318,False,False,False,none
agfjhnfd-1,TMA00318,False,False,False,none
agfkboao-1,TMA00318,False,False,False,none
agfmimcj-1,TMA00318,False,False,False,none
agfnednn-1,TMA00318,False,False,False,none
aggakfbm-1,TMA00318,False,False,False,none
aggdiamm-1,TMA00318,False,False,False,none
agggnoal-1,TMA00318,False,False,False,none
aghblpna-1,TMA00318,False,False,False,none
aghkegmp-1,TMA00318,False,False,False,none
aghkgpai-1,TMA00318,False,False,False,none
agiafkjb-1,TMA00318,False,False,False,none
agibmgcl-1,TMA00318,False,False,False,none
agiehhej-1,TMA00318,False,False,False,none
agijdckn-1,TMA00318,False,False,False,none
agikfadm-1,TMA00318,False,False,False,none
agjcmiad-1,TMA00318,False,False,False,none
agjdgnfd-1,TMA00318,False,False,False,none
agjgimne-1,TMA00318,False,False,False,none
agjpdfjg-1,TMA00318,False,False,False,none
agkaenei-1,TMA00318,False,False,False,none
agkidbcj-1,TMA00318,False,False,False,none
agldbfgl-1,TMA00318,False,False,False,none
agldlmnp-1,TMA00318,False,False,False,none
agleeodc-1,TMA00318,False,False,False,none
aglhdmde-1,TMA00318,False,False,False,none
aglpcmbi-1,TMA00318,False,False,False,none
agmddcii-1,TMA00318,False,False,False,none
agmedcjn-1,TMA00318,False,False,False,none
agmhalln-1,TMA00318,False,False,False,none
agmmmdnh-1,TMA00318,False,False,False,none
agnaginj-1,TMA00318,False,False,False,none
ahbkigjp-1,TMA00318,False,False,False,none
ahgnklmi-1,TMA00318,False,False,False,none
ahgpmkfk-1,TMA00318,False,False,False,none
ahhhpgck-1,TMA00318,False,False,False,none
ahjchjpl-1,TMA00318,False,False,False,none
ahjoafhf-1,TMA00318,False,False,False,none
ahkdilnj-1,TMA00318,False,False,False,none
ahkdndcj-1,TMA00318,False,False,False,none
ahlndgol-1,TMA00318,False,False,False,none
ahmjdpcf-1,TMA00318,False,False,False,none
ahnagpfo-1,TMA00318,False,False,False,none
ahnbkhdg-1,TMA00318,False,False,False,none
ahndahjf-1,TMA00318,False,False,False,none
ahngkagn-1,TMA00318,False,False,False,none
ahnilfec-1,TMA00318,False,False,False,none
ahnjkmhd-1,TMA00318,False,False,False,none
ahnjoklo-1,TMA00318,False,False,False,none
ahnonpnb-1,TMA00318,False,False,False,none
ahodhhan-1,TMA00318,False,False,False,none
ahoedhck-1,TMA00318,False,False,False,none
ahoedjmn-1,TMA00318,False,False,False,none
ahoeecoe-1,TMA00318,False,False,False,none
ahoiaaml-1,TMA00318,False,False,False,none
ahollbhe-1,TMA00318,False,False,False,none
ahonpjbb-1,TMA00318,False,False,False,none
ahopknba-1,TMA00318,False,False,False,none
ahpalokk-1,TMA00318,False,False,False,none
ahpbdibl-1,TMA00318,False,False,False,none
ahpiekja-1,TMA00318,False,False,False,none
ahpjcpgi-1,TMA00318,False,False,False,none
ahplhjdm-1,TMA00318,False,False,False,none
ahpmicda-1,TMA00318,False,False,False,none
ahpojfmm-1,TMA00318,False,False,False,none
aiaafkan-1,TMA00318,False,False,False,none
aiabilfh-1,TMA00318,False,False,False,none
aiacanff-1,TMA00318,False,False,False,none
aiaggmda-1,TMA00318,False,False,False,none
aiankcpn-1,TMA00318,False,False,False,none
aiapbpkn-1,TMA00318,False,False,False,none
aibacmbl-1,TMA00318,False,False,False,none
aibbbkai-1,TMA00318,False,False,False,none
aibflmfg-1,TMA00318,False,False,False,none
aibfmkpc-1,TMA00318,False,False,False,none
aibkkdoh-1,TMA00318,False,False,False,none
aibnodmk-1,TMA00318,False,False,False,none
aibogepo-1,TMA00318,False,False,False,none
aicdcpih-1,TMA00318,False,False,False,none
aicdhpbp-1,TMA00318,False,False,False,none
aicdifih-1,TMA00318,False,False,False,none
aicegajh-1,TMA00318,False,False,False,none
aickbkgc-1,TMA00318,False,False,False,none
aicojahp-1,TMA00318,False,False,False,none
aicoopcf-1,TMA00318,False,False,False,none
aidiekcg-1,TMA00318,False,False,False,none
aidjacab-1,TMA00318,False,False,False,none
aidmbime-1,TMA00318,False,False,False,none
aiebgnmp-1,TMA00318,False,False,False,none
aiedoiig-1,TMA00318,False,False,False,none
aiedongp-1,TMA00318,False,False,False,none
aieihboc-1,TMA00318,False,False,False,none
aifagioi-1,TMA00318,False,False,False,none
aifjkdad-1,TMA00318,False,False,False,none
aiflhblj-1,TMA00318,False,False,False,none
aifojeac-1,TMA00318,False,False,False,none
aigbhipf-1,TMA00318,False,False,False,none
aigcbelh-1,TMA00318,False,False,False,none
aigcmnjk-1,TMA00318,False,False,False,none
aigdohfe-1,TMA00318,False,False,False,none
aigmljlg-1,TMA00318,False,False,False,none
aihklbmb-1,TMA00318,False,False,False,none
aihknjon-1,TMA00318,False,False,False,none
aihmdepg-1,TMA00318,False,False,False,none
aihodnip-1,TMA00318,False,False,False,none
aiiabiki-1,TMA00318,False,False,False,none
aiiakcmc-1,TMA00318,False,False,False,none
aiiblkin-1,TMA00318,False,False,False,none
aiijoonj-1,TMA00318,False,False,False,none
aiiphemb-1,TMA00318,False,False,False,none
aijdiecm-1,TMA00318,False,False,False,none
aijheofi-1,TMA00318,False,False,False,none
aijionio-1,TMA00318,False,False,False,none
aijjppgh-1,TMA00318,False,False,False,none
aijleaan-1,TMA00318,False,False,False,none
aijmmlpf-1,TMA00318,False,False,False,none
aikadaol-1,TMA00318,False,False,False,none
aikaijbc-1,TMA00318,False,False,False,none
aikapbib-1,TMA00318,False,False,False,none
aikcdhmb-1,TMA00318,False,False,False,none
aikdifda-1,TMA00318,False,False,False,none
aikgiopb-1,TMA00318,False,False,False,none
aildjcia-1,TMA00318,False,False,False,none
ailgkheb-1,TMA00318,False,False,False,none
ailhanol-1,TMA00318,False,False,False,none
ailijhjm-1,TMA00318,False,False,False,none
ailipncd-1,TMA00318,False,False,False,none
ailochha-1,TMA00318,True,False,False,EGFP_Seq1_hi
ailomnjp-1,TMA00318,False,False,False,none
ainakjlg-1,TMA00318,False,False,False,none
ainbdalc-1,TMA00318,False,False,False,none
ainbdmka-1,TMA00318,False,False,False,none
ainbiahg-1,TMA00318,False,False,False,none
aindmfbp-1,TMA00318,False,False,False,none
aindolbi-1,TMA00318,False,False,False,none
ainhcdab-1,TMA00318,False,False,False,none
ainimejm-1,TMA00318,False,False,False,none
ainpbilk-1,TMA00318,False,False,False,none
aiobalim-1,TMA00318,False,False,False,none
aiobgelf-1,TMA00318,False,False,False,none
aiobpdef-1,TMA00318,False,False,False,none
aiogiecl-1,TMA00318,False,False,False,none
aiohbald-1,TMA00318,False,False,False,none
aiokbcbe-1,TMA00318,False,False,False,none
aiomlggd-1,TMA00318,False,False,False,none
aiooogon-1,TMA00318,False,False,False,none
aipdpace-1,TMA00318,False,False,False,none
aipecpbh-1,TMA00318,False,False,False,none
aiplpmdi-1,TMA00318,False,False,False,none
aipnejcd-1,TMA00318,False,False,False,none
aipojhmf-1,TMA00318,False,False,False,none
aiponiog-1,TMA00318,False,False,False,none
ajaanboc-1,TMA00318,False,False,False,none
ajaccakm-1,TMA00318,False,False,False,none
ajagdfje-1,TMA00318,False,False,False,none
ajakgenk-1,TMA00318,False,False,False,none
ajalhmfc-1,TMA00318,False,False,False,none
ajaoibbk-1,TMA00318,False,False,False,none
ajcfbeoh-1,TMA00318,False,False,False,none
ajcgemng-1,TMA00318,False,False,False,none
ajcjggjj-1,TMA00318,False,False,False,none
ajckencc-1,TMA00318,False,False,False,none
ajckihmg-1,TMA00318,False,False,False,none
ajclmenj-1,TMA00318,False,False,False,none
ajclnnol-1,TMA00318,False,False,False,none
ajdegdip-1,TMA00318,False,False,False,none
ajdfleed-1,TMA00318,False,False,False,none
ajdglcmj-1,TMA00318,False,False,False,none
ajdjjadg-1,TMA00318,False,False,False,none
ajdjmbim-1,TMA00318,False,False,False,none
ajedhblf-1,TMA00318,False,False,False,none
ajedpllp-1,TMA00318,False,False,False,none
ajeeiele-1,TMA00318,False,False,False,none
ajehngoh-1,TMA00318,False,False,False,none
ajejjhlo-1,TMA00318,False,False,False,none
ajenligf-1,TMA00318,False,False,False,none
ajfgmfon-1,TMA00318,False,False,False,none
ajfhhgdk-1,TMA00318,False,False,False,none
ajfjokhi-1,TMA00318,False,False,False,none
ajflboie-1,TMA00318,False,False,False,none
ajgmmhdn-1,TMA00318,False,False,False,none
ajgnjgdf-1,TMA00318,False,False,False,none
ajhdlohk-1,TMA00318,False,False,False,none
ajhebana-1,TMA00318,False,False,False,none
ajhfkpko-1,TMA00318,False,False,False,none
ajicgcdn-1,TMA00318,False,False,False,none
ajicmjgb-1,TMA00318,False,False,False,none
ajidelik-1,TMA00318,False,False,False,none
ajipannl-1,TMA00318,False,False,False,none
ajiphaea-1,TMA00318,False,False,False,none
ajjcehho-1,TMA00318,False,False,False,none
ajjgkibi-1,TMA00318,False,False,False,none
ajjjpkmd-1,TMA00318,False,False,False,none
ajjkomih-1,TMA00318,False,False,False,none
ajjmdhhd-1,TMA00318,False,False,False,none
ajjmkkdh-1,TMA00318,False,False,False,none
ajjmnaeh-1,TMA00318,False,False,False,none
ajjohaab-1,TMA00318,False,False,False,none
ajjpebfa-1,TMA00318,False,False,False,none
ajkbboao-1,TMA00318,False,False,False,none
ajkcnlml-1,TMA00318,False,False,False,none
ajklkiom-1,TMA00318,False,False,False,none
ajknoaoc-1,TMA00318,False,False,False,none
ajlgehgn-1,TMA00318,False,False,False,none
ajmbbnpg-1,TMA00318,False,False,False,none
ajmchkjd-1,TMA00318,False,False,False,none
ajmihagh-1,TMA00318,False,False,False,none
ajmjafgh-1,TMA00318,False,False,False,none
ajmoenoi-1,TMA00318,False,False,False,none
ajmonedh-1,TMA00318,False,False,False,none
ajnbnkge-1,TMA00318,False,False,False,none
ajndaefi-1,TMA00318,False,False,False,none
ajnfeiab-1,TMA00318,False,False,False,none
ajnjnkpe-1,TMA00318,False,False,False,none
ajnkopej-1,TMA00318,False,False,False,none
ajnneiba-1,TMA00318,False,False,False,none
ajnnepef-1,TMA00318,False,False,False,none
ajocjfmh-1,TMA00318,False,False,False,none
ajodnjco-1,TMA00318,False,False,False,none
ajoiiida-1,TMA00318,False,False,False,none
ajopiogj-1,TMA00318,False,False,False,none
ajopjhkg-1,TMA00318,False,False,False,none
ajopkhgl-1,TMA00318,False,False,False,none
ajpebjli-1,TMA00318,False,False,False,none
ajpeekci-1,TMA00318,False,False,False,none
ajpfcpim-1,TMA00318,False,False,False,none
ajpmnobo-1,TMA00318,False,False,False,none
ajpoifnj-1,TMA00318,False,False,False,none
ajpomooo-1,TMA00318,False,False,False,none
akagbfap-1,TMA00318,False,False,False,none
akbkhijk-1,TMA00318,False,False,False,none
akbnpnlf-1,TMA00318,False,False,False,none
akbpljpc-1,TMA00318,False,False,False,none
akceiiak-1,TMA00318,False,False,False,none
akckilci-1,TMA00318,False,False,False,none
akclokka-1,TMA00318,False,False,False,none
akcnlehi-1,TMA00318,False,False,False,none
akdciing-1,TMA00318,False,False,False,none
akdehofe-1,TMA00318,False,False,False,none
akdgojej-1,TMA00318,False,False,False,none
akdiomee-1,TMA00318,False,False,False,none
akdmhabf-1,TMA00318,False,False,False,none
akdpehpg-1,TMA00318,False,False,False,none
akebgbdn-1,TMA00318,False,False,False,none
akeekmao-1,TMA00318,False,False,False,none
akejkagh-1,TMA00318,False,False,False,none
akfcljfm-1,TMA00318,False,False,False,none
akfjdkpe-1,TMA00318,False,False,False,none
akfohnjm-1,TMA00318,False,False,False,none
akfoiape-1,TMA00318,False,False,False,none
akgalnhc-1,TMA00318,False,False,False,none
akgdhehp-1,TMA00318,False,False,False,none
akgdioeo-1,TMA00318,False,False,False,none
akgegdii-1,TMA00318,False,False,False,none
akgkghng-1,TMA00318,False,False,False,none
akgkgkja-1,TMA00318,False,False,False,none
akgljgfo-1,TMA00318,False,False,False,none
akgppkdi-1,TMA00318,False,False,False,none
akhaibef-1,TMA00318,False,False,False,none
akhdimge-1,TMA00318,False,False,False,none
akhemfnl-1,TMA00318,False,False,False,none
akhfbfjp-1,TMA00318,False,False,False,none
akhghdpb-1,TMA00318,False,False,False,none
akhgpdkh-1,TMA00318,False,False,False,none
akhhkhnm-1,TMA00318,False,False,False,none
akhidngb-1,TMA00318,False,False,False,none
akhjhcci-1,TMA00318,False,False,False,none
akibhcim-1,TMA00318,False,False,False,none
akieggdp-1,TMA00318,False,False,False,none
akiliold-1,TMA00318,False,False,False,none
akimbafm-1,TMA00318,False,False,False,none
akinkhjg-1,TMA00318,False,False,False,none
akinlgoj-1,TMA00318,False,False,False,none
akjceign-1,TMA00318,False,False,False,none
akjgcbcb-1,TMA00318,False,False,False,none
akjmbdhg-1,TMA00318,False,False,False,none
akkeefil-1,TMA00318,False,False,False,none
akknlbkh-1,TMA00318,False,False,False,none
akkohmpg-1,TMA00318,False,False,False,none
akmgchhf-1,TMA00318,False,False,False,none
akmifhnn-1,TMA00318,False,False,False,none
akmliica-1,TMA00318,False,False,False,none
akmphaek-1,TMA00318,False,False,False,none
akncgnhn-1,TMA00318,False,False,False,none
akncipml-1,TMA00318,False,False,False,none
aknephob-1,TMA00318,False,False,False,none
aknfgpac-1,TMA00318,True,False,False,EGFP_Seq1_hi
aknjhpdb-1,TMA00318,False,False,False,none
aknlimcn-1,TMA00318,False,False,False,none
aknmogko-1,TMA00318,False,False,False,none
aknmpfjk-1,TMA00318,False,False,False,none
aknniijn-1,TMA00318,False,False,False,none
akobejpa-1,TMA00318,False,False,False,none
akoboecd-1,TMA00318,False,False,False,none
akocekkb-1,TMA00318,False,False,False,none
akofjpkd-1,TMA00318,False,False,False,none
akoicalk-1,TMA00318,False,False,False,none
akoiebdh-1,TMA00318,False,False,False,none
akonbldf-1,TMA00318,False,False,False,none
akonkeej-1,TMA00318,False,False,False,none
akpamcjj-1,TMA00318,False,False,False,none
akpbjpfl-1,TMA00318,False,False,False,none
akpnfaoe-1,TMA00318,False,False,False,none
alaaddpb-1,TMA00318,False,False,False,none
alaafphg-1,TMA00318,False,False,False,none
alacaejc-1,TMA00318,False,False,False,none
aladnffj-1,TMA00318,False,False,False,none
albalobn-1,TMA00318,False,False,False,none
albbfnoe-1,TMA00318,False,False,False,none
albbjakn-1,TMA00318,False,False,False,none
albcblmm-1,TMA00318,False,False,False,none
albioejl-1,TMA00318,False,False,False,none
albjecoe-1,TMA00318,False,False,False,none
albkcmhh-1,TMA00318,False,False,False,none
albkfjgg-1,TMA00318,False,False,False,none
albkhmeo-1,TMA00318,False,False,False,none
albomjeg-1,TMA00318,False,False,False,none
albphoad-1,TMA00318,False,False,False,none
alccbiof-1,TMA00318,False,False,False,none
alccpnbh-1,TMA00318,False,False,False,none
alcdodfj-1,TMA00318,False,False,False,none
alcfafbh-1,TMA00318,False,False,False,none
alcfeooh-1,TMA00318,False,False,False,none
alchpcij-1,TMA00318,False,False,False,none
alcjahjg-1,TMA00318,False,False,False,none
alcoblgg-1,TMA00318,False,False,False,none
alcpfcdn-1,TMA00318,False,False,False,none
alddoafe-1,TMA00318,False,False,False,none
aldegbjc-1,TMA00318,False,False,False,none
aldephcd-1,TMA00318,False,False,False,none
aldfklle-1,TMA00318,False,False,False,none
aldgjnhb-1,TMA00318,False,False,False,none
aldjegnl-1,TMA00318,False,False,False,none
aldmnebc-1,TMA00318,False,False,False,none
alehihpk-1,TMA00318,False,False,False,none
alehoinh-1,TMA00318,False,False,False,none
alejkpha-1,TMA00318,False,False,False,none
aleldebh-1,TMA00318,False,False,False,none
aleloipi-1,TMA00318,False,False,False,none
alenhgeh-1,TMA00318,False,False,False,none
aleobpjc-1,TMA00318,False,False,False,none
aleonnbl-1,TMA00318,False,False,False,none
alfdiege-1,TMA00318,False,False,False,none
alffblnk-1,TMA00318,False,False,False,none
alfibffb-1,TMA00318,False,False,False,none
alfkjdim-1,TMA00318,False,False,False,none
alfkopla-1,TMA00318,False,False,False,none
alfmbkpa-1,TMA00318,False,False,False,none
algbaecm-1,TMA00318,False,False,False,none
algcnlib-1,TMA00318,False,False,False,none
algfkeag-1,TMA00318,False,False,False,none
alggiabf-1,TMA00318,False,False,False,none
algilljo-1,TMA00318,False,False,False,none
algjafab-1,TMA00318,False,False,False,none
algjbpci-1,TMA00318,False,False,False,none
algmpnje-1,TMA00318,False,False,False,none
alhaeeek-1,TMA00318,False,False,False,none
alhhnibh-1,TMA00318,False,False,False,none
alhopfdi-1,TMA00318,False,False,False,none
alhpameo-1,TMA00318,False,False,False,none
alhpolof-1,TMA00318,False,False,False,none
alialoeg-1,TMA00318,False,False,False,none
aliampbf-1,TMA00318,False,False,False,none
alibdkia-1,TMA00318,False,False,False,none
alibpfmg-1,TMA00318,False,False,False,none
alijflna-1,TMA00318,False,False,False,none
alingjbd-1,TMA00318,False,False,False,none
aljagpjg-1,TMA00318,False,False,False,none
aljahahk-1,TMA00318,False,False,False,none
aljdmkop-1,TMA00318,False,False,False,none
aljfinkh-1,TMA00318,False,False,False,none
aljlaeke-1,TMA00318,False,False,False,none
alkhlodi-1,TMA00318,False,False,False,none
alkipkgl-1,TMA00318,False,False,False,none
alkkakim-1,TMA00318,False,False,False,none
alkmgcad-1,TMA00318,False,False,False,none
alkphpkg-1,TMA00318,False,False,False,none
allaldba-1,TMA00318,False,False,False,none
allccjnd-1,TMA00318,False,False,False,none
allcfedh-1,TMA00318,False,False,False,none
allglhhh-1,TMA00318,False,False,False,none
allkalif-1,TMA00318,False,False,False,none
allpeikh-1,TMA00318,False,False,False,none
almcmkgf-1,TMA00318,False,False,False,none
almejcaj-1,TMA00318,False,False,False,none
almnjenb-1,TMA00318,False,False,False,none
almolpck-1,TMA00318,False,False,False,none
alnablcj-1,TMA00318,False,False,False,none
alnadklb-1,TMA00318,False,False,False,none
alnadldc-1,TMA00318,False,False,False,none
alnciplb-1,TMA00318,False,False,False,none
alnmjbjk-1,TMA00318,False,False,False,none
aloanhke-1,TMA00318,False,False,False,none
alocifhd-1,TMA00318,False,False,False,none
alomfgao-1,TMA00318,False,False,False,none
alomnjkn-1,TMA00318,False,False,False,none
alooijna-1,TMA00318,False,False,False,none
alpbnnjm-1,TMA00318,False,False,False,none
alpdfkap-1,TMA00318,False,False,False,none
alpdmobg-1,TMA00318,False,False,False,none
alpejfki-1,TMA00318,False,False,False,none
alphagld-1,TMA00318,False,False,False,none
alphdhok-1,TMA00318,False,False,False,none
alpijafj-1,TMA00318,False,False,False,none
alpmlcje-1,TMA00318,False,False,False,none
alpokemo-1,TMA00318,False,False,False,none
alppipmi-1,TMA00318,False,False,False,none
amadakmc-1,TMA00318,False,False,False,none
amaeeabm-1,TMA00318,False,False,False,none
amafgflf-1,TMA00318,False,False,False,none
amaihaan-1,TMA00318,False,False,False,none
amampabk-1,TMA00318,False,False,False,none
amampdmb-1,TMA00318,False,False,False,none
ambblfkn-1,TMA00318,False,False,False,none
ambhiibe-1,TMA00318,False,False,False,none
ambihdkl-1,TMA00318,False,False,False,none
ambjngim-1,TMA00318,False,False,False,none
ambmeoeo-1,TMA00318,False,False,False,none
ambobhma-1,TMA00318,False,False,False,none
amccpfkc-1,TMA00318,False,False,False,none
amcdabam-1,TMA00318,False,False,False,none
amcgfeba-1,TMA00318,False,False,False,none
amchgfbb-1,TMA00318,False,False,False,none
amcmijmk-1,TMA00318,False,False,False,none
amcndfoi-1,TMA00318,False,False,False,none
amcodgnk-1,TMA00318,False,False,False,none
amddoigc-1,TMA00318,False,False,False,none
amdeicin-1,TMA00318,False,False,False,none
amdgbfnd-1,TMA00318,False,False,False,none
amdjbphb-1,TMA00318,False,False,False,none
amdmnkhe-1,TMA00318,False,False,False,none
amdncoia-1,TMA00318,False,False,False,none
amdopdhi-1,TMA00318,False,False,False,none
amdpmpib-1,TMA00318,False,False,False,none
amebpige-1,TMA00318,False,False,False,none
amegaabk-1,TMA00318,False,False,False,none
amejmdcg-1,TMA00318,False,False,False,none
amflklik-1,TMA00318,False,False,False,none
amfpbdmo-1,TMA00318,False,False,False,none
amgbnmpp-1,TMA00318,False,False,False,none
amgceeog-1,TMA00318,False,False,False,none
amgdkbif-1,TMA00318,False,False,False,none
amghglhd-1,TMA00318,False,False,False,none
amgikngo-1,TMA00318,False,False,False,none
amglhnpi-1,TMA00318,False,False,False,none
amhcdbmm-1,TMA00318,False,False,False,none
amhhpmdc-1,TMA00318,False,False,False,none
amhkaobb-1,TMA00318,False,False,False,none
amibaomm-1,TMA00318,False,False,False,none
amifgiep-1,TMA00318,False,False,False,none
amigjpje-1,TMA00318,False,False,False,none
amijjgnp-1,TMA00318,False,False,False,none
amimhabl-1,TMA00318,False,False,False,none
amjekcli-1,TMA00318,False,False,False,none
amjijkel-1,TMA00318,False,False,False,none
amjkpmif-1,TMA00318,False,False,False,none
amjoeogj-1,TMA00318,False,False,False,none
amjoiako-1,TMA00318,False,False,False,none
amjpimdo-1,TMA00318,False,False,False,none
amjpopgm-1,TMA00318,False,False,False,none
amkaeicc-1,TMA00318,False,False,False,none
amkejbfn-1,TMA00318,False,False,False,none
amkfgfhl-1,TMA00318,False,False,False,none
amkhiibn-1,TMA00318,False,False,False,none
amkpoblc-1,TMA00318,False,False,False,none
amlcgmgm-1,TMA00318,False,False,False,none
amlcmkpe-1,TMA00318,False,False,False,none
amlnbpih-1,TMA00318,False,False,False,none
amlokpjm-1,TMA00318,False,False,False,none
ammbaphf-1,TMA00318,False,False,False,none
ammboifb-1,TMA00318,False,False,False,none
ammcldip-1,TMA00318,False,False,False,none
ammcphcb-1,TMA00318,False,False,False,none
ammdbiop-1,TMA00318,False,False,False,none
ammdemld-1,TMA00318,False,False,False,none
ammhkjcl-1,TMA00318,False,False,False,none
ammknjmj-1,TMA00318,False,False,False,none
ammmlddd-1,TMA00318,False,False,False,none
ammnmdek-1,TMA00318,False,False,False,none
amnaadhl-1,TMA00318,False,False,False,none
amnehapo-1,TMA00318,False,False,False,none
amngdlbe-1,TMA00318,False,False,False,none
amnkbdkb-1,TMA00318,False,False,False,none
amnmbeok-1,TMA00318,False,False,False,none
amnoclbn-1,TMA00318,False,False,False,none
amoddeol-1,TMA00318,False,False,False,none
amohmdoi-1,TMA00318,False,False,False,none
amoihgpl-1,TMA00318,False,False,False,none
amoijaen-1,TMA00318,False,False,False,none
ampbmdfg-1,TMA00318,False,False,False,none
ampcobog-1,TMA00318,False,False,False,none
ampibebp-1,TMA00318,False,False,False,none
ampjchad-1,TMA00318,False,False,False,none
ampjlmbg-1,TMA00318,False,False,False,none
anaeeaco-1,TMA00318,False,False,False,none
anailnbi-1,TMA00318,False,False,False,none
anaolbhn-1,TMA00318,False,False,False,none
anbakofe-1,TMA00318,False,False,False,none
anbccmgm-1,TMA00318,False,False,False,none
anbeaihb-1,TMA00318,False,False,False,none
anbedfoo-1,TMA00318,False,False,False,none
anbeppca-1,TMA00318,False,False,False,none
anbfhlil-1,TMA00318,False,False,False,none
anbhgfdo-1,TMA00318,False,False,False,none
anbijcgj-1,TMA00318,False,False,False,none
anbkfhpd-1,TMA00318,False,False,False,none
anbnapcn-1,TMA00318,False,False,False,none
anbnhogk-1,TMA00318,False,False,False,none
ancemcpn-1,TMA00318,False,False,False,none
anceocbj-1,TMA00318,False,False,False,none
ancmfeik-1,TMA00318,False,False,False,none
ancnocbn-1,TMA00318,False,False,False,none
ancpailb-1,TMA00318,False,False,False,none
andaffbf-1,TMA00318,False,False,False,none
andcdbkh-1,TMA00318,False,False,False,none
andcjjag-1,TMA00318,False,False,False,none
andconpg-1,TMA00318,False,False,False,none
andlfkch-1,TMA00318,False,False,False,none
andneblh-1,TMA00318,False,False,False,none
andpijei-1,TMA00318,False,False,False,none
aneaefan-1,TMA00318,False,False,False,none
anedjbeh-1,TMA00318,False,False,False,none
aneegopg-1,TMA00318,False,False,False,none
anegkmeh-1,TMA00318,False,False,False,none
aneonbdk-1,TMA00318,False,False,False,none
anepadce-1,TMA00318,False,False,False,none
anfbdaah-1,TMA00318,False,False,False,none
anfbpkdj-1,TMA00318,False,False,False,none
anfelbpi-1,TMA00318,False,False,False,none
anfgieml-1,TMA00318,False,False,False,none
anfgmcme-1,TMA00318,False,False,False,none
anfgonbi-1,TMA00318,False,False,False,none
anfikkgd-1,TMA00318,False,False,False,none
anfmichn-1,TMA00318,False,False,False,none
anghaadh-1,TMA00318,False,False,False,none
anghfhpn-1,TMA00318,False,False,False,none
angkbpna-1,TMA00318,False,False,False,none
anhehjig-1,TMA00318,False,False,False,none
anhfflep-1,TMA00318,False,False,False,none
anhnjlmo-1,TMA00318,False,False,False,none
anhpeamn-1,TMA00318,False,False,False,none
aniailne-1,TMA00318,False,False,False,none
anialmjl-1,TMA00318,False,False,False,none
aniemila-1,TMA00318,False,False,False,none
aniibgdd-1,TMA00318,False,False,False,none
anilbjep-1,TMA00318,False,False,False,none
anjcpkkh-1,TMA00318,False,False,False,none
anjgckbk-1,TMA00318,False,False,False,none
anjmlljh-1,TMA00318,False,False,False,none
ankdlehe-1,TMA00318,False,False,False,none
ankdnmmj-1,TMA00318,False,False,False,none
ankhakbb-1,TMA00318,False,False,False,none
ankjhben-1,TMA00318,False,False,False,none
anklbahg-1,TMA00318,False,False,False,none
ankmgdca-1,TMA00318,False,False,False,none
anlbhipd-1,TMA00318,False,False,False,none
anleenae-1,TMA00318,False,False,False,none
anleoifm-1,TMA00318,False,False,False,none
anljgico-1,TMA00318,False,False,False,none
anlomhaj-1,TMA00318,False,False,False,none
anlphifi-1,TMA00318,False,False,False,none
anmafdgk-1,TMA00318,False,False,False,none
anmamomo-1,TMA00318,False,False,False,none
anmfboid-1,TMA00318,False,False,False,none
anmopfpk-1,TMA00318,False,False,False,none
annadnje-1,TMA00318,False,False,False,none
annmkffl-1,TMA00318,False,False,False,none
anocicca-1,TMA00318,False,False,False,none
anoilicc-1,TMA00318,False,False,False,none
anomigpk-1,TMA00318,False,False,False,none
anoonkdd-1,TMA00318,False,False,False,none
anopifnh-1,TMA00318,False,False,False,none
anpeopeg-1,TMA00318,False,False,False,none
anplllcc-1,TMA00318,False,False,False,none
aoainbnh-1,TMA00318,False,False,False,none
aoanahck-1,TMA00318,False,False,False,none
aoaonlml-1,TMA00318,False,False,False,none
aobocpfo-1,TMA00318,False,False,False,none
aoboimbh-1,TMA00318,False,False,False,none
aocdjfie-1,TMA00318,False,False,False,none
aocgcgdi-1,TMA00318,False,False,False,none
aocmbfhn-1,TMA00318,False,False,False,none
aocnllda-1,TMA00318,False,False,False,none
aodnhjli-1,TMA00318,False,False,False,none
aodnkoad-1,TMA00318,False,False,False,none
aodoldni-1,TMA00318,False,False,False,none
aoefochn-1,TMA00318,False,False,False,none
aoehmpkc-1,TMA00318,False,False,False,none
aoenppjc-1,TMA00318,False,False,False,none
aofaaapk-1,TMA00318,False,False,False,none
aofedckl-1,TMA00318,False,False,False,none
aofjiagb-1,TMA00318,False,False,False,none
aofjldhm-1,TMA00318,False,False,False,none
aofkneoj-1,TMA00318,False,False,False,none
aoghafic-1,TMA00318,False,False,False,none
aogjgldl-1,TMA00318,False,False,False,none
aogjocfd-1,TMA00318,False,False,False,none
aogmkeoj-1,TMA00318,False,False,False,none
aohbanfl-1,TMA00318,False,False,False,none
aoheadbi-1,TMA00318,False,False,False,none
aohkdhag-1,TMA00318,False,False,False,none
aohopgld-1,TMA00318,False,False,False,none
aoiagjid-1,TMA00318,False,False,False,none
aoicegnh-1,TMA00318,False,False,False,none
aoiefjof-1,TMA00318,False,False,False,none
aoilgibp-1,TMA00318,False,False,False,none
aoilkgfh-1,TMA00318,False,False,False,none
aoimbmfo-1,TMA00318,False,False,False,none
aoipejhl-1,TMA00318,False,False,False,none
aojcodfl-1,TMA00318,False,False,False,none
aojfbpag-1,TMA00318,False,False,False,none
aojfojpj-1,TMA00318,False,False,False,none
aojgagji-1,TMA00318,False,False,False,none
aojglgcn-1,TMA00318,False,False,False,none
aojhbnej-1,TMA00318,False,False,False,none
aojiioio-1,TMA00318,False,False,False,none
aojnjnmj-1,TMA00318,False,False,False,none
aokagokh-1,TMA00318,False,False,False,none
aokcakje-1,TMA00318,False,False,False,none
aokfkjnh-1,TMA00318,False,False,False,none
aoknagho-1,TMA00318,False,False,False,none
aokolabg-1,TMA00318,False,False,False,none
aolgdknn-1,TMA00318,False,False,False,none
aombnakm-1,TMA00318,False,False,False,none
aomfmhko-1,TMA00318,False,False,False,none
aomfnfla-1,TMA00318,False,False,False,none
aomgeicc-1,TMA00318,False,False,False,none
aomjogkc-1,TMA00318,False,False,False,none
aomlbfip-1,TMA00318,False,False,False,none
aommhclo-1,TMA00318,False,False,False,none
aonaifgc-1,TMA00318,False,False,False,none
aonaldfa-1,TMA00318,False,False,False,none
aonenihp-1,TMA00318,False,False,False,none
aongknef-1,TMA00318,False,False,False,none
aonipijn-1,TMA00318,False,False,False,none
aonlaklj-1,TMA00318,False,False,False,none
aonmgeaa-1,TMA00318,False,False,False,none
aoogfoof-1,TMA00318,False,False,False,none
aoohmnnh-1,TMA00318,False,False,False,none
aooiiaak-1,TMA00318,False,False,False,none
aooipffo-1,TMA00318,False,False,False,none
aoojfnha-1,TMA00318,False,False,False,none
aooklopa-1,TMA00318,False,False,False,none
aooldaij-1,TMA00318,False,False,False,none
aoopjbom-1,TMA00318,False,False,False,none
aooppakf-1,TMA00318,False,False,False,none
aopfeaie-1,TMA00318,False,False,False,none
aophmaik-1,TMA00318,False,False,False,none
aopioajl-1,TMA00318,False,False,False,none
aopnlpoo-1,TMA00318,False,False,False,none
aoppjhid-1,TMA00318,False,False,False,none
apaacaka-1,TMA00318,False,False,False,none
apabifnm-1,TMA00318,False,False,False,none
apadjgef-1,TMA00318,False,False,False,none
apadnabo-1,TMA00318,False,False,False,none
apafbicp-1,TMA00318,False,False,False,none
apaflknj-1,TMA00318,False,False,False,none
apaggeio-1,TMA00318,False,False,False,none
apahepab-1,TMA00318,False,False,False,none
apahmbfk-1,TMA00318,False,False,False,none
apanpila-1,TMA00318,False,False,False,none
apbideml-1,TMA00318,False,False,False,none
apbigaea-1,TMA00318,False,False,False,none
apbkhcih-1,TMA00318,False,False,False,none
apbmalhc-1,TMA00318,False,False,False,none
apbmbdbh-1,TMA00318,False,False,False,none
apbmljfj-1,TMA00318,False,False,False,none
apbneblo-1,TMA00318,False,False,False,none
apccgcko-1,TMA00318,True,False,False,EGFP_Seq1_hi
apcjbeoa-1,TMA00318,False,False,False,none
apclnkbc-1,TMA00318,False,False,False,none
apdbjmeg-1,TMA00318,False,False,False,none
apdfhggp-1,TMA00318,False,False,False,none
apdgceoo-1,TMA00318,False,False,False,none
apebikmm-1,TMA00318,False,False,False,none
apencmoj-1,TMA00318,False,False,False,none
apeodjgo-1,TMA00318,False,False,False,none
apeofnme-1,TMA00318,False,False,False,none
apfdjcfd-1,TMA00318,False,False,False,none
apfijhfp-1,TMA00318,False,False,False,none
apflnfoi-1,TMA00318,False,False,False,none
apfmcpde-1,TMA00318,False,False,False,none
apgcokdl-1,TMA00318,False,False,False,none
apgeknho-1,TMA00318,False,False,False,none
apgiiibp-1,TMA00318,False,False,False,none
apgmnpbn-1,TMA00318,False,False,False,none
aphbahkh-1,TMA00318,False,False,False,none
aphbknaj-1,TMA00318,False,False,False,none
aphecfko-1,TMA00318,False,False,False,none
aphfefpm-1,TMA00318,False,False,False,none
aphlgeab-1,TMA00318,False,False,False,none
apidihdc-1,TMA00318,False,False,False,none
apighhip-1,TMA00318,False,False,False,none
apijgbbe-1,TMA00318,False,False,False,none
apionbgn-1,TMA00318,False,False,False,none
apipkoid-1,TMA00318,False,False,False,none
apjbfckb-1,TMA00318,False,False,False,none
apjobfbo-1,TMA00318,False,False,False,none
apjpfdnj-1,TMA00318,False,False,False,none
apjpfhfi-1,TMA00318,False,False,False,none
apkccnnh-1,TMA00318,False,False,False,none
apkdphnd-1,TMA00318,False,False,False,none
apkkmobl-1,TMA00318,False,False,False,none
apkkpgkj-1,TMA00318,False,False,False,none
apknhhhl-1,TMA00318,False,False,False,none
aplcjalp-1,TMA00318,False,False,False,none
apldaebo-1,TMA00318,False,False,False,none
aplfdlbf-1,TMA00318,False,False,False,none
aplkoiai-1,TMA00318,False,False,False,none
apllildp-1,TMA00318,False,False,False,none
aplnkiee-1,TMA00318,False,False,False,none
aploaanh-1,TMA00318,False,False,False,none
apmamemd-1,TMA00318,False,False,False,none
apmmohke-1,TMA00318,False,True,False,dTomato_Seq2_hi
apmnebjg-1,TMA00318,False,False,False,none
apnakkci-1,TMA00318,False,False,False,none
apnddabl-1,TMA00318,False,False,False,none
apnffmkl-1,TMA00318,False,False,False,none
apnhhdff-1,TMA00318,False,False,False,none
apnjjkll-1,TMA00318,False,False,False,none
apnkbkbe-1,TMA00318,False,True,False,dTomato_Seq2_hi
apnmiahc-1,TMA00318,False,False,False,none
apnogaog-1,TMA00318,False,False,False,none
apokinpc-1,TMA00318,False,False,False,none
apolenml-1,TMA00318,False,False,False,none
appbcejm-1,TMA00318,False,False,False,none
appfcdjc-1,TMA00318,False,False,False,none
appgionb-1,TMA00318,False,False,False,none
appkjlfa-1,TMA00318,False,False,False,none
appladfb-1,TMA00318,False,False,False,none
appnamjh-1,TMA00318,False,False,False,none
appokcad-1,TMA00318,False,False,False,none
apppipcj-1,TMA00318,False,False,False,none
baaabibb-1,TMA00318,False,False,False,none
baabhhag-1,TMA00318,False,False,False,none
baabjfde-1,TMA00318,False,False,False,none
baaeaeoh-1,TMA00318,False,False,False,none
baafbjbg-1,TMA00318,False,False,False,none
baafmpii-1,TMA00318,False,False,False,none
baakmifm-1,TMA00318,False,False,False,none
baapekoo-1,TMA00318,False,False,False,none
baapgdko-1,TMA00318,False,False,False,none
babadojd-1,TMA00318,False,False,False,none
babdijal-1,TMA00318,False,False,False,none
babejnim-1,TMA00318,False,False,False,none
bablfkdc-1,TMA00318,False,False,False,none
babnhlpj-1,TMA00318,False,False,False,none
bacbddll-1,TMA00318,False,False,False,none
bacckdbi-1,TMA00318,False,False,False,none
baccomlb-1,TMA00318,False,False,False,none
bacgiaeh-1,TMA00318,False,False,False,none
bacnfohj-1,TMA00318,False,False,False,none
badbkdfd-1,TMA00318,False,False,False,none
badbninn-1,TMA00318,False,False,False,none
badedbpa-1,TMA00318,False,False,False,none
badieddk-1,TMA00318,False,False,False,none
badjhadf-1,TMA00318,False,False,False,none
badkldfp-1,TMA00318,False,False,False,none
badldjpe-1,TMA00318,False,False,False,none
badofcci-1,TMA00318,False,False,False,none
baefkang-1,TMA00318,False,False,False,none
baehigom-1,TMA00318,False,False,False,none
baekcigm-1,TMA00318,False,False,False,none
baemahjb-1,TMA00318,False,False,False,none
baenfppf-1,TMA00318,False,False,False,none
baenmhke-1,TMA00318,False,False,False,none
baephabm-1,TMA00318,False,False,False,none
bafbgpgj-1,TMA00318,False,False,False,none
bafcagoo-1,TMA00318,False,False,False,none
bafediol-1,TMA00318,False,False,False,none
baffpfii-1,TMA00318,False,False,False,none
bafipkep-1,TMA00318,False,False,False,none
bafjlgil-1,TMA00318,False,False,False,none
bafkjcgo-1,TMA00318,False,False,False,none
bafmgdje-1,TMA00318,False,False,False,none
bafpjehp-1,TMA00318,False,False,False,none
bafppnmf-1,TMA00318,False,False,False,none
bagbnnio-1,TMA00318,False,False,False,none
bagcajae-1,TMA00318,False,False,False,none
bagemjpd-1,TMA00318,False,False,False,none
bagfacjf-1,TMA00318,False,False,False,none
bagffncd-1,TMA00318,False,False,False,none
baghhfnj-1,TMA00318,False,False,False,none
baghnhil-1,TMA00318,False,False,False,none
bagmfkpk-1,TMA00318,False,False,False,none
bagnbmha-1,TMA00318,False,False,False,none
bagoeeao-1,TMA00318,False,False,False,none
bahienpl-1,TMA00318,False,False,False,none
bahnfjik-1,TMA00318,False,False,False,none
bahnjjlj-1,TMA00318,False,False,False,none
bahpegoj-1,TMA00318,False,False,False,none
bahpiahj-1,TMA00318,False,False,False,none
bahpmcbm-1,TMA00318,False,False,False,none
baiajfdi-1,TMA00318,False,False,False,none
baiddaaa-1,TMA00318,False,False,False,none
baiffcai-1,TMA00318,False,False,False,none
baiflion-1,TMA00318,False,False,False,none
baihfkoo-1,TMA00318,False,False,False,none
baiklchh-1,TMA00318,False,False,False,none
baiomedn-1,TMA00318,False,False,False,none
bajekifp-1,TMA00318,False,False,False,none
bajfdclo-1,TMA00318,False,False,False,none
bajjgpjk-1,TMA00318,False,False,False,none
bajjkffn-1,TMA00318,False,False,False,none
bajmaaip-1,TMA00318,False,False,False,none
bakcbdpi-1,TMA00318,False,False,False,none
bakcjddf-1,TMA00318,False,False,False,none
bakhpdgc-1,TMA00318,False,False,False,none
bakiejbo-1,TMA00318,False,False,False,none
bakjijac-1,TMA00318,False,False,False,none
bakmahde-1,TMA00318,False,False,False,none
bakmpfke-1,TMA00318,False,False,False,none
balceigl-1,TMA00318,False,False,False,none
balhbpfn-1,TMA00318,False,False,False,none
balhjcbi-1,TMA00318,False,False,False,none
balniejn-1,TMA00318,False,False,False,none
bamadkbb-1,TMA00318,False,False,False,none
bamblehc-1,TMA00318,False,False,False,none
bamgbgam-1,TMA00318,False,False,False,none
bamieijf-1,TMA00318,False,False,False,none
banaapap-1,TMA00318,False,False,False,none
banbmool-1,TMA00318,False,False,False,none
bancipkb-1,TMA00318,False,False,False,none
bandcjea-1,TMA00318,False,False,False,none
banikich-1,TMA00318,False,False,False,none
banpckke-1,TMA00318,False,False,False,none
banpildp-1,TMA00318,False,False,False,none
baobbbgi-1,TMA00318,False,False,False,none
baogieei-1,TMA00318,False,False,False,none
baojnpni-1,TMA00318,False,False,False,none
baokbfpm-1,TMA00318,False,False,False,none
baomeljh-1,TMA00318,False,False,False,none
baopldio-1,TMA00318,False,False,False,none
bapdnokk-1,TMA00318,False,False,False,none
bapflapd-1,TMA00318,False,False,False,none
bapkdhon-1,TMA00318,False,False,False,none
bapldpdd-1,TMA00318,False,False,False,none
bapmiple-1,TMA00318,False,False,False,none
bbakfajp-1,TMA00318,False,False,False,none
bbapgbgp-1,TMA00318,False,False,False,none
bbapoeic-1,TMA00318,False,False,False,none
bbbmpoen-1,TMA00318,False,False,False,none
bbbokfhh-1,TMA00318,False,False,False,none
bbccjkhf-1,TMA00318,False,False,False,none
bbceabdo-1,TMA00318,False,False,False,none
bbcefmpk-1,TMA00318,False,False,False,none
bbcejgfb-1,TMA00318,False,False,False,none
bbcgfcml-1,TMA00318,False,False,False,none
bbcjhjen-1,TMA00318,False,False,False,none
bbcpjcdb-1,TMA00318,False,False,False,none
bbcpokln-1,TMA00318,False,False,False,none
bbeapjfm-1,TMA00318,False,False,False,none
bbejlaik-1,TMA00318,False,False,False,none
bbejnbba-1,TMA00318,False,False,False,none
bbelgmem-1,TMA00318,False,False,False,none
bbeobpnj-1,TMA00318,False,False,False,none
bbfblagi-1,TMA00318,False,False,False,none
bbfebnig-1,TMA00318,False,False,False,none
bbffkplg-1,TMA00318,False,False,False,none
bbfhomog-1,TMA00318,False,False,False,none
bbfjmppn-1,TMA00318,False,False,False,none
bbfmacel-1,TMA00318,False,False,False,none
bbfpljnk-1,TMA00318,False,False,False,none
bbgbmnoo-1,TMA00318,False,False,False,none
bbgdcbbi-1,TMA00318,False,False,False,none
bbgdcifg-1,TMA00318,False,False,False,none
bbghefeg-1,TMA00318,False,False,False,none
bbgidabn-1,TMA00318,False,False,False,none
bbgjbkhe-1,TMA00318,False,False,False,none
bbgkadpj-1,TMA00318,False,False,False,none
bbglfblg-1,TMA00318,False,False,False,none
bbglmalf-1,TMA00318,False,False,False,none
bbgnkdep-1,TMA00318,False,False,False,none
bbhcpbnn-1,TMA00318,False,False,False,none
bbhfnjne-1,TMA00318,False,False,False,none
bbhmoabf-1,TMA00318,False,False,False,none
bbiceelo-1,TMA00318,False,False,False,none
bbiddhnj-1,TMA00318,False,False,False,none
bbjelhaj-1,TMA00318,False,False,False,none
bbjpipfl-1,TMA00318,False,False,False,none
bbkakppg-1,TMA00318,False,False,False,none
bbkgihkc-1,TMA00318,False,False,False,none
bbkhifhh-1,TMA00318,False,False,False,none
bbkhoedj-1,TMA00318,False,False,False,none
bbkjdjco-1,TMA00318,False,False,False,none
bbkjpeck-1,TMA00318,False,False,False,none
bbkobjkh-1,TMA00318,False,False,False,none
bbkpjflm-1,TMA00318,False,False,False,none
bbleigdg-1,TMA00318,False,False,False,none
bblijbpn-1,TMA00318,False,False,False,none
bbmeedih-1,TMA00318,False,False,False,none
bbmlgmoo-1,TMA00318,False,False,False,none
bbmlildi-1,TMA00318,False,False,False,none
bbmojnkc-1,TMA00318,False,False,False,none
bbmpkddn-1,TMA00318,False,False,False,none
bbnbdahm-1,TMA00318,False,False,False,none
bbnbpgca-1,TMA00318,False,False,False,none
bbndeekb-1,TMA00318,False,False,False,none
bbnhhggk-1,TMA00318,False,False,False,none
bbnlejaf-1,TMA00318,False,False,False,none
bbnmohom-1,TMA00318,False,False,False,none
bbnncong-1,TMA00318,False,False,False,none
bboidbkg-1,TMA00318,False,False,False,none
bboillfe-1,TMA00318,False,False,False,none
bbolplom-1,TMA00318,False,False,False,none
bbooafok-1,TMA00318,False,False,False,none
bbopdpbj-1,TMA00318,False,False,False,none
bbophiio-1,TMA00318,False,False,False,none
bboplcnd-1,TMA00318,False,False,False,none
bbpapojk-1,TMA00318,False,False,False,none
bbpcngdh-1,TMA00318,False,False,False,none
bbpgnpph-1,TMA00318,False,False,False,none
bbphpelj-1,TMA00318,False,False,False,none
bbpihkjh-1,TMA00318,False,False,False,none
bbplpdbd-1,TMA00318,False,False,False,none
bbpnkffa-1,TMA00318,False,False,False,none
bbpokbcn-1,TMA00318,False,False,False,none
bbpphelk-1,TMA00318,False,False,False,none
bcabbfpn-1,TMA00318,False,False,False,none
bcadhdpo-1,TMA00318,False,False,False,none
bcaeafke-1,TMA00318,False,False,False,none
bcagjejl-1,TMA00318,False,False,False,none
bcagkjon-1,TMA00318,False,False,False,none
bcalhklm-1,TMA00318,False,False,False,none
bcbaoppk-1,TMA00318,False,False,False,none
bcbkpmgi-1,TMA00318,False,False,False,none
bcbobdlp-1,TMA00318,False,False,False,none
bccedgeb-1,TMA00318,False,False,False,none
bccooane-1,TMA00318,False,False,False,none
bcdbhnkg-1,TMA00318,False,False,False,none
bcddljje-1,TMA00318,False,False,False,none
bcdefdga-1,TMA00318,False,False,False,none
bcdjpado-1,TMA00318,False,False,False,none
bcdkgjgc-1,TMA00318,False,False,False,none
bcedllag-1,TMA00318,False,False,False,none
bcegjlje-1,TMA00318,False,False,False,none
bcekagic-1,TMA00318,False,False,False,none
bceknihp-1,TMA00318,False,False,False,none
bcekpalf-1,TMA00318,False,False,False,none
bcfalmlm-1,TMA00318,False,False,False,none
bcfcicai-1,TMA00318,False,False,False,none
bcfihjci-1,TMA00318,False,False,False,none
bcfmffib-1,TMA00318,False,False,False,none
bcfonfnd-1,TMA00318,False,False,False,none
bcfpjibm-1,TMA00318,False,False,False,none
bcgapamm-1,TMA00318,False,False,False,none
bcgbcpig-1,TMA00318,False,False,False,none
bcghblfo-1,TMA00318,False,False,False,none
bcghpiie-1,TMA00318,False,False,False,none
bcgocjlf-1,TMA00318,False,False,False,none
bchakeib-1,TMA00318,False,False,False,none
bchkekmb-1,TMA00318,False,False,False,none
bchmgoij-1,TMA00318,False,False,False,none
bchomlad-1,TMA00318,False,False,False,none
bchpcomm-1,TMA00318,False,False,False,none
bchpjdmm-1,TMA00318,False,False,False,none
bchppama-1,TMA00318,False,False,False,none
bcibnhig-1,TMA00318,False,False,False,none
bcifijeg-1,TMA00318,False,False,False,none
bciidgab-1,TMA00318,False,False,False,none
bciloafb-1,TMA00318,False,False,False,none
bcjecjaa-1,TMA00318,False,False,False,none
bcjecmli-1,TMA00318,False,False,False,none
bcjenbpp-1,TMA00318,False,False,False,none
bcjhipoh-1,TMA00318,False,False,False,none
bcjigokg-1,TMA00318,False,False,False,none
bcjobaln-1,TMA00318,False,False,False,none
bckcnidf-1,TMA00318,False,False,False,none
bcklkgkg-1,TMA00318,False,False,False,none
bckpghmb-1,TMA00318,False,False,False,none
bclakjdb-1,TMA00318,False,False,False,none
bcldcani-1,TMA00318,False,False,False,none
bclefmho-1,TMA00318,False,False,False,none
bclejfcl-1,TMA00318,False,False,False,none
bclhjnei-1,TMA00318,False,False,False,none
bclhpdci-1,TMA00318,False,False,False,none
bclhpoae-1,TMA00318,False,False,False,none
bclkjgmf-1,TMA00318,False,False,False,none
bclmdjcm-1,TMA00318,False,False,False,none
bclmlakd-1,TMA00318,False,False,False,none
bcloodfc-1,TMA00318,False,False,False,none
bclppdod-1,TMA00318,False,False,False,none
bcmbfkmk-1,TMA00318,False,False,False,none
bcmdmhhb-1,TMA00318,False,False,False,none
bcmkemkp-1,TMA00318,False,False,False,none
bcmmlbck-1,TMA00318,False,False,False,none
bcmponfb-1,TMA00318,False,False,False,none
bcndipoe-1,TMA00318,False,False,False,none
bcnegdhg-1,TMA00318,False,False,False,none
bcnfifce-1,TMA00318,False,False,False,none
bcngpfpc-1,TMA00318,False,False,False,none
bcnjconb-1,TMA00318,False,False,False,none
bcnonpko-1,TMA00318,False,False,False,none
bcnpinkm-1,TMA00318,False,False,False,none
bcoikbjl-1,TMA00318,False,False,False,none
bcokocfi-1,TMA00318,False,False,False,none
bcopbmpm-1,TMA00318,False,False,False,none
bcpdhjfp-1,TMA00318,False,False,False,none
bcpellcf-1,TMA00318,False,False,False,none
bcpojbfm-1,TMA00318,False,False,False,none
bdaabhka-1,TMA00318,False,False,False,none
bdaeiegf-1,TMA00318,False,False,False,none
bdajajog-1,TMA00318,False,False,False,none
bdalhphn-1,TMA00318,False,False,False,none
bdbaednj-1,TMA00318,False,False,False,none
bdbfepgk-1,TMA00318,False,False,False,none
bdbikppa-1,TMA00318,False,False,False,none
bdbinbpn-1,TMA00318,False,False,False,none
bdbmhfdh-1,TMA00318,False,False,False,none
bdbnkljk-1,TMA00318,False,False,False,none
bdcabfpa-1,TMA00318,False,False,False,none
bdccafid-1,TMA00318,False,False,False,none
bdcedoen-1,TMA00318,False,False,False,none
bdckajme-1,TMA00318,False,False,False,none
bdclppcc-1,TMA00318,False,False,False,none
bdcmfego-1,TMA00318,False,False,False,none
bddaaalk-1,TMA00318,False,False,False,none
bddkkcki-1,TMA00318,False,False,False,none
bddneago-1,TMA00318,False,False,False,none
bddnfmhd-1,TMA00318,False,False,False,none
bddobljp-1,TMA00318,False,False,False,none
bdedkhca-1,TMA00318,False,False,False,none
bdeenioj-1,TMA00318,False,False,False,none
bdefhjkl-1,TMA00318,False,False,False,none
bdefllep-1,TMA00318,False,False,False,none
bdegchkk-1,TMA00318,False,False,False,none
bdehakij-1,TMA00318,False,False,False,none
bdeibjdn-1,TMA00318,False,False,False,none
bdejnonb-1,TMA00318,False,False,False,none
bdekfmoh-1,TMA00318,False,False,False,none
bdemhimg-1,TMA00318,False,False,False,none
bdfahdln-1,TMA00318,False,False,False,none
bdfbimji-1,TMA00318,False,False,False,none
bdfddgdc-1,TMA00318,False,False,False,none
bdfdepjb-1,TMA00318,False,False,False,none
bdfenkcm-1,TMA00318,False,False,False,none
bdfgcake-1,TMA00318,False,False,False,none
bdfkbgij-1,TMA00318,False,False,False,none
bdflldaf-1,TMA00318,False,False,False,none
bdgdflfl-1,TMA00318,False,False,False,none
bdgfpake-1,TMA00318,False,False,False,none
bdggbadn-1,TMA00318,False,False,False,none
bdgjgpki-1,TMA00318,False,False,False,none
bdgkcaho-1,TMA00318,False,False,False,none
bdgmgaek-1,TMA00318,False,False,False,none
bdgphnnj-1,TMA00318,False,False,False,none
bdhbbmml-1,TMA00318,False,False,False,none
bdhcaede-1,TMA00318,False,False,False,none
bdhdaefo-1,TMA00318,False,False,False,none
bdhfdmgm-1,TMA00318,False,False,False,none
bdhgjdeb-1,TMA00318,False,False,False,none
bdhibkdk-1,TMA00318,False,False,False,none
bdhmcldm-1,TMA00318,False,False,False,none
bdhpllmb-1,TMA00318,False,False,False,none
bdibdijj-1,TMA00318,False,False,False,none
bdimcmfm-1,TMA00318,False,False,False,none
bdiommel-1,TMA00318,False,False,False,none
bdipinij-1,TMA00318,False,False,False,none
bdipldnf-1,TMA00318,False,False,False,none
bdjdhnbc-1,TMA00318,False,False,False,none
bdjeomia-1,TMA00318,False,False,False,none
bdjijjpk-1,TMA00318,False,False,False,none
bdjkkhjb-1,TMA00318,False,False,False,none
bdjloaim-1,TMA00318,False,False,False,none
bdjnaoai-1,TMA00318,False,False,False,none
bdjnjgbo-1,TMA00318,False,False,False,none
bdkacpco-1,TMA00318,False,False,False,none
bdkdjcge-1,TMA00318,False,False,False,none
bdkhpaef-1,TMA00318,False,False,False,none
bdkibndb-1,TMA00318,False,False,False,none
bdkjobgp-1,TMA00318,False,False,False,none
bdkkkpoc-1,TMA00318,False,False,False,none
bdkmjdci-1,TMA00318,False,False,False,none
bdknojke-1,TMA00318,False,False,False,none
bdkolojh-1,TMA00318,False,False,False,none
bdlkeebb-1,TMA00318,False,False,False,none
bdlkifnd-1,TMA00318,False,True,False,dTomato_Seq2_hi
bdlkimof-1,TMA00318,False,False,False,none
bdlkpeao-1,TMA00318,False,False,False,none
bdlmjecn-1,TMA00318,False,False,False,none
bdlnlaig-1,TMA00318,False,False,False,none
bdlpfgog-1,TMA00318,False,False,False,none
bdlphfdk-1,TMA00318,False,False,False,none
bdlppddl-1,TMA00318,False,False,False,none
bdmaeiga-1,TMA00318,False,False,False,none
bdmbgigd-1,TMA00318,False,False,False,none
bdmbkgah-1,TMA00318,False,False,False,none
bdmdcime-1,TMA00318,False,False,False,none
bdmkbfkb-1,TMA00318,False,False,False,none
bdmkimjk-1,TMA00318,False,False,False,none
bdmmlpjd-1,TMA00318,False,False,False,none
bdmnajhl-1,TMA00318,False,False,False,none
bdnakcji-1,TMA00318,False,False,False,none
bdnbcifh-1,TMA00318,False,False,False,none
bdnjgnkf-1,TMA00318,False,False,False,none
bdnphjmg-1,TMA00318,False,False,False,none
bdokdcff-1,TMA00318,False,False,False,none
bdolkide-1,TMA00318,False,False,False,none
bdomgjhe-1,TMA00318,False,False,False,none
bdonajaf-1,TMA00318,False,False,False,none
bdpbhcfh-1,TMA00318,False,False,False,none
bdpcgbbb-1,TMA00318,False,False,False,none
bdphifin-1,TMA00318,False,False,False,none
bdpijkfd-1,TMA00318,False,False,False,none
bdpjodbn-1,TMA00318,False,False,False,none
bdpmlihe-1,TMA00318,False,False,False,none
beaacgma-1,TMA00318,False,False,False,none
beamapda-1,TMA00318,False,False,False,none
beamfgok-1,TMA00318,False,False,False,none
bebhceec-1,TMA00318,False,False,False,none
bebnldek-1,TMA00318,False,False,False,none
bebnpbia-1,TMA00318,False,False,False,none
bebpokpn-1,TMA00318,False,False,False,none
becbdhgg-1,TMA00318,False,False,False,none
becdajln-1,TMA00318,False,False,False,none
becfhfgn-1,TMA00318,False,False,False,none
becgphal-1,TMA00318,False,False,False,none
becnjcmp-1,TMA00318,False,False,False,none
becobnob-1,TMA00318,False,False,False,none
bedldifk-1,TMA00318,False,False,False,none
bedmhcgh-1,TMA00318,False,False,False,none
bedmhckk-1,TMA00318,False,False,False,none
bedpiolj-1,TMA00318,False,False,False,none
beefbopa-1,TMA00318,False,False,False,none
beenpihe-1,TMA00318,False,False,False,none
befccfla-1,TMA00318,False,False,False,none
beflkajb-1,TMA00318,False,False,False,none
befmmbhk-1,TMA00318,False,False,False,none
befplcmf-1,TMA00318,False,False,False,none
begbbkda-1,TMA00318,False,False,False,none
begcjhpn-1,TMA00318,False,False,False,none
begffhho-1,TMA00318,False,False,False,none
beghbfna-1,TMA00318,False,False,False,none
beglgfli-1,TMA00318,False,False,False,none
begmefla-1,TMA00318,False,False,False,none
begmmlob-1,TMA00318,False,False,False,none
begnmgbb-1,TMA00318,False,False,False,none
begoheon-1,TMA00318,False,False,False,none
begoicjg-1,TMA00318,False,False,False,none
behbibmb-1,TMA00318,False,False,False,none
behblanp-1,TMA00318,False,False,False,none
behdcffm-1,TMA00318,False,False,False,none
behjjdla-1,TMA00318,False,False,False,none
behkkgag-1,TMA00318,False,False,False,none
behmiook-1,TMA00318,False,False,False,none
behobcem-1,TMA00318,False,False,False,none
behojckk-1,TMA00318,False,False,False,none
beibajpa-1,TMA00318,False,False,False,none
beiihpoh-1,TMA00318,False,False,False,none
beikkkfa-1,TMA00318,False,False,False,none
bejccdpo-1,TMA00318,False,False,False,none
bejcoide-1,TMA00318,False,False,False,none
bejcpnjc-1,TMA00318,False,False,False,none
bejhopfh-1,TMA00318,False,False,False,none
bejkbmlj-1,TMA00318,False,False,False,none
bejmmenp-1,TMA00318,False,False,False,none
bejnjokh-1,TMA00318,False,False,False,none
bekbfbfg-1,TMA00318,False,False,False,none
bekcclnj-1,TMA00318,False,False,False,none
beklbdek-1,TMA00318,False,False,False,none
bekonnnm-1,TMA00318,False,False,False,none
belcdkbn-1,TMA00318,False,False,False,none
beldnofc-1,TMA00318,False,False,False,none
bellblpf-1,TMA00318,False,False,False,none
belmagde-1,TMA00318,False,False,False,none
bemdhibl-1,TMA00318,False,False,False,none
bemgejni-1,TMA00318,False,False,False,none
bemklegj-1,TMA00318,False,False,False,none
bempcmak-1,TMA00318,False,False,False,none
bencgmlg-1,TMA00318,False,False,False,none
benideje-1,TMA00318,False,False,False,none
benlecdg-1,TMA00318,False,False,False,none
benmmahb-1,TMA00318,False,False,False,none
beobkpml-1,TMA00318,False,False,False,none
beocngec-1,TMA00318,False,False,False,none
beogpdbk-1,TMA00318,False,False,False,none
beojaoib-1,TMA00318,False,False,False,none
beojmnle-1,TMA00318,False,False,False,none
beokfela-1,TMA00318,False,False,False,none
beoocfkc-1,TMA00318,False,False,False,none
bepaafme-1,TMA00318,False,False,False,none
bepcicjp-1,TMA00318,False,False,False,none
bepfcljj-1,TMA00318,False,False,False,none
bephaeda-1,TMA00318,False,False,False,none
bepmfdke-1,TMA00318,False,False,False,none
bepmjbpb-1,TMA00318,False,False,False,none
bepnoinb-1,TMA00318,False,False,False,none
bfaadbnb-1,TMA00318,False,False,False,none
bfaafoja-1,TMA00318,False,False,False,none
bfaagede-1,TMA00318,False,False,False,none
bfafpnpn-1,TMA00318,False,False,False,none
bfamogih-1,TMA00318,False,False,False,none
bfancnne-1,TMA00318,False,False,False,none
bfanilhp-1,TMA00318,False,False,False,none
bfbfhpgg-1,TMA00318,False,False,False,none
bfbhhaaj-1,TMA00318,False,False,False,none
bfbicokf-1,TMA00318,False,False,False,none
bfbjnhgm-1,TMA00318,False,False,False,none
bfbpnehi-1,TMA00318,False,False,False,none
bfccaibi-1,TMA00318,False,False,False,none
bfccbaob-1,TMA00318,False,False,False,none
bfcefbbb-1,TMA00318,False,False,False,none
bfcggdca-1,TMA00318,False,False,False,none
bfcipacg-1,TMA00318,False,False,False,none
bfcmblpc-1,TMA00318,False,False,False,none
bfcmfgji-1,TMA00318,False,False,False,none
bfcmiohh-1,TMA00318,False,False,False,none
bfdalmmb-1,TMA00318,False,False,False,none
bfdbnmjh-1,TMA00318,False,False,False,none
bfdgbkmh-1,TMA00318,False,False,False,none
bfdifdcp-1,TMA00318,False,False,False,none
bfdjkmae-1,TMA00318,False,False,False,none
bfdlajmp-1,TMA00318,False,False,False,none
bfdlcema-1,TMA00318,False,False,False,none
bfdobkln-1,TMA00318,False,False,False,none
bfeefnnb-1,TMA00318,False,False,False,none
bfehipnp-1,TMA00318,False,False,False,none
bfemjlfh-1,TMA00318,False,False,False,none
bffcdnop-1,TMA00318,False,False,False,none
bffgpmda-1,TMA00318,False,False,False,none
bffhemlg-1,TMA00318,False,False,False,none
bffiedlb-1,TMA00318,False,False,False,none
bfflepbe-1,TMA00318,False,False,False,none
bfflmioj-1,TMA00318,False,False,False,none
bffpglbg-1,TMA00318,False,False,False,none
bfgebolp-1,TMA00318,False,False,False,none
bfgiogbe-1,TMA00318,False,False,False,none
bfgipoje-1,TMA00318,False,False,False,none
bfgkhphb-1,TMA00318,False,False,False,none
bfgkppno-1,TMA00318,False,False,False,none
bfgoihii-1,TMA00318,False,False,False,none
bfhboenh-1,TMA00318,False,False,False,none
bfhfbgdp-1,TMA00318,False,False,False,none
bfhganff-1,TMA00318,False,False,False,none
bfhobhfm-1,TMA00318,False,False,False,none
bfhpijim-1,TMA00318,False,False,False,none
bfiabjdf-1,TMA00318,False,False,False,none
bfimjcch-1,TMA00318,True,False,False,EGFP_Seq1_hi
bfipgaib-1,TMA00318,False,False,False,none
bfjecokh-1,TMA00318,False,False,False,none
bfjfbbhi-1,TMA00318,False,False,False,none
bfjfclgg-1,TMA00318,False,False,False,none
bfjobehi-1,TMA00318,False,False,False,none
bfkaachh-1,TMA00318,False,False,False,none
bfkfohfj-1,TMA00318,False,False,False,none
bfkgpbbp-1,TMA00318,False,False,False,none
bfkheabd-1,TMA00318,False,False,False,none
bfkifagk-1,TMA00318,False,False,False,none
bfkkmgni-1,TMA00318,False,False,False,none
bfklchmm-1,TMA00318,False,False,False,none
bfklmagf-1,TMA00318,False,False,False,none
bfkmjked-1,TMA00318,False,False,False,none
bfkniepa-1,TMA00318,False,False,False,none
bflbckii-1,TMA00318,False,False,False,none
bflfcjch-1,TMA00318,False,False,False,none
bflhhmee-1,TMA00318,False,False,False,none
bflinohj-1,TMA00318,False,False,False,none
bfmidipc-1,TMA00318,False,False,False,none
bfmiglbm-1,TMA00318,False,False,False,none
bfmipnbc-1,TMA00318,False,True,False,dTomato_Seq2_hi
bfnejdkk-1,TMA00318,False,False,False,none
bfobnbcb-1,TMA00318,False,False,False,none
bfogldep-1,TMA00318,False,False,False,none
bfojjnmg-1,TMA00318,False,False,False,none
bfononmd-1,TMA00318,False,False,False,none
bfpaepje-1,TMA00318,False,False,False,none
bfphdeol-1,TMA00318,False,False,False,none
bfphnboo-1,TMA00318,False,False,False,none
bfphpidc-1,TMA00318,False,False,False,none
bfpmblhb-1,TMA00318,False,False,False,none
bfpopnmi-1,TMA00318,False,False,False,none
bgagiemd-1,TMA00318,False,False,False,none
bgakfgoi-1,TMA00318,False,False,False,none
bgapdaeg-1,TMA00318,False,False,False,none
bgaplikk-1,TMA00318,False,False,False,none
bgbadneo-1,TMA00318,False,False,False,none
bgbagakj-1,TMA00318,False,False,False,none
bgbakoch-1,TMA00318,False,False,False,none
bgbchkle-1,TMA00318,False,False,False,none
bgbegngb-1,TMA00318,False,False,False,none
bgbfilda-1,TMA00318,False,False,False,none
bgbhngff-1,TMA00318,False,False,False,none
bgbjhfpn-1,TMA00318,False,False,False,none
bgbnlnfm-1,TMA00318,False,False,False,none
bgcelbdn-1,TMA00318,False,False,False,none
bgcfoogo-1,TMA00318,False,False,False,none
bgcjneom-1,TMA00318,False,False,False,none
bgckbmdo-1,TMA00318,False,False,False,none
bgckihpf-1,TMA00318,False,False,False,none
bgclblbm-1,TMA00318,False,False,False,none
bgdaccjd-1,TMA00318,False,False,False,none
bgdajmcc-1,TMA00318,False,False,False,none
bgdchbjn-1,TMA00318,False,False,False,none
bgdeligo-1,TMA00318,False,False,False,none
bgdicolc-1,TMA00318,False,False,False,none
bgejnekc-1,TMA00318,False,False,False,none
bgfbhdon-1,TMA00318,False,False,False,none
bgfbhljk-1,TMA00318,False,False,False,none
bgffpeeg-1,TMA00318,False,False,False,none
bgfmiemj-1,TMA00318,False,False,False,none
bgfmlggd-1,TMA00318,False,False,False,none
bggagohi-1,TMA00318,False,False,False,none
bggajnpc-1,TMA00318,False,False,False,none
bggblhfb-1,TMA00318,False,False,False,none
bggjiahp-1,TMA00318,False,False,False,none
bggjmldm-1,TMA00318,False,False,False,none
bggmnkbm-1,TMA00318,False,False,False,none
bggnaehd-1,TMA00318,False,False,False,none
bggnkagf-1,TMA00318,False,False,False,none
bghbihok-1,TMA00318,False,False,False,none
bghfmlio-1,TMA00318,False,False,False,none
bghiflgo-1,TMA00318,False,False,False,none
bghilkfi-1,TMA00318,False,False,False,none
bgiglnob-1,TMA00318,False,False,False,none
bgiiaiid-1,TMA00318,False,False,False,none
bgijilfc-1,TMA00318,False,False,False,none
bgijpjke-1,TMA00318,False,False,False,none
bgioihec-1,TMA00318,False,False,False,none
bgjdlioi-1,TMA00318,False,False,False,none
bgjejmpf-1,TMA00318,False,False,False,none
bgjfbnlk-1,TMA00318,False,False,False,none
bgjfkfcl-1,TMA00318,False,False,False,none
bgjggmfb-1,TMA00318,False,False,False,none
bgkghngk-1,TMA00318,False,False,False,none
bgkhmioe-1,TMA00318,False,False,False,none
bgkkjlfi-1,TMA00318,False,False,False,none
bgkofpjm-1,TMA00318,False,False,False,none
bglbnhck-1,TMA00318,False,False,False,none
bglhaffi-1,TMA00318,False,False,False,none
bgmdlpap-1,TMA00318,False,False,False,none
bgmjjnoc-1,TMA00318,False,False,False,none
bgmmkmef-1,TMA00318,False,False,False,none
bgmnhpmh-1,TMA00318,False,False,False,none
bgnadlbk-1,TMA00318,False,False,False,none
bgncklee-1,TMA00318,False,False,False,none
bgnknkle-1,TMA00318,False,False,False,none
bgnlogfg-1,TMA00318,False,False,False,none
bgnmjlgh-1,TMA00318,False,False,False,none
bgnodkcn-1,TMA00318,False,False,False,none
bgnomkbc-1,TMA00318,False,False,False,none
bgodijco-1,TMA00318,False,False,False,none
bgokhkmn-1,TMA00318,False,False,False,none
bgomhing-1,TMA00318,False,False,False,none
bgommdla-1,TMA00318,False,False,False,none
bgpenncm-1,TMA00318,False,False,False,none
bgpfiamn-1,TMA00318,False,False,False,none
bgphnhlc-1,TMA00318,False,False,False,none
bgpjcjmf-1,TMA00318,False,False,False,none
bgpmgdhd-1,TMA00318,False,False,False,none
bgpofaef-1,TMA00318,False,False,False,none
bhadcbmi-1,TMA00318,False,False,False,none
bhancncd-1,TMA00318,False,False,False,none
bhaolmhm-1,TMA00318,False,False,False,none
bhapghkk-1,TMA00318,False,False,False,none
bhbcjipd-1,TMA00318,False,False,False,none
bhbfbgmh-1,TMA00318,False,False,False,none
bhbhjjkh-1,TMA00318,False,False,False,none
bhbocked-1,TMA00318,False,False,False,none
bhboechd-1,TMA00318,False,False,False,none
bhbpieab-1,TMA00318,False,False,False,none
bhckfcep-1,TMA00318,False,False,False,none
bhcmcfog-1,TMA00318,False,False,False,none
bhcndbhg-1,TMA00318,False,False,False,none
bhcnlgca-1,TMA00318,False,False,False,none
bhcoekfe-1,TMA00318,False,False,False,none
bhcogfjk-1,TMA00318,False,False,False,none
bhcpdabn-1,TMA00318,False,False,False,none
bhdcidfb-1,TMA00318,False,False,False,none
bhdehiel-1,TMA00318,False,False,False,none
bhdepoif-1,TMA00318,False,False,False,none
bhdjanko-1,TMA00318,False,False,False,none
bhdkjoei-1,TMA00318,False,False,False,none
bhdlkfff-1,TMA00318,False,False,False,none
bheflgdh-1,TMA00318,False,False,False,none
bhegpgnk-1,TMA00318,False,False,False,none
bheiecpp-1,TMA00318,False,False,False,none
bhfdinck-1,TMA00318,False,False,False,none
bhfefmec-1,TMA00318,False,False,False,none
bhfinbmf-1,TMA00318,False,False,False,none
bhfmlada-1,TMA00318,False,False,False,none
bhfpajbg-1,TMA00318,False,False,False,none
bhhakaoe-1,TMA00318,False,False,False,none
bhhcpdpm-1,TMA00318,False,False,False,none
bhhddoie-1,TMA00318,False,False,False,none
bhhopfeh-1,TMA00318,False,False,False,none
bhidccmm-1,TMA00318,False,False,False,none
bhigmhng-1,TMA00318,False,False,False,none
bhiheodk-1,TMA00318,False,False,False,none
bhipoflf-1,TMA00318,False,False,False,none
bhjbelmb-1,TMA00318,False,False,False,none
bhjbpand-1,TMA00318,False,False,False,none
bhjcagdk-1,TMA00318,False,False,False,none
bhjddeik-1,TMA00318,False,False,False,none
bhjedeng-1,TMA00318,False,False,False,none
bhjgfmcn-1,TMA00318,False,False,False,none
bhjloppo-1,TMA00318,False,False,False,none
bhkdejie-1,TMA00318,False,False,False,none
bhkpifec-1,TMA00318,False,False,False,none
bhlalcbm-1,TMA00318,False,False,False,none
bhlcmomp-1,TMA00318,False,False,False,none
bhlcofln-1,TMA00318,False,False,False,none
bhleegnf-1,TMA00318,False,False,False,none
bhlfpoik-1,TMA00318,False,False,False,none
bhlgkkpm-1,TMA00318,False,False,False,none
bhlkgmad-1,TMA00318,False,False,False,none
bhlkldna-1,TMA00318,False,False,False,none
bhllpipp-1,TMA00318,False,False,False,none
bhlmfnjp-1,TMA00318,False,False,False,none
bhlmlbbl-1,TMA00318,False,False,False,none
bhmbboco-1,TMA00318,False,False,False,none
bhmkieol-1,TMA00318,False,False,False,none
bhnedlmh-1,TMA00318,False,False,False,none
bhnfbolb-1,TMA00318,False,False,False,none
bhngolhl-1,TMA00318,False,False,False,none
bhoeojfo-1,TMA00318,False,False,False,none
bhofdnnc-1,TMA00318,False,False,False,none
bhogmpdm-1,TMA00318,False,False,False,none
bhojobpl-1,TMA00318,False,False,False,none
bhojpkib-1,TMA00318,False,False,False,none
bhoobaga-1,TMA00318,False,False,False,none
biagdjhk-1,TMA00318,False,False,False,none
biakhplg-1,TMA00318,False,False,False,none
biamkepl-1,TMA00318,False,False,False,none
bianhalb-1,TMA00318,False,False,False,none
bibapgog-1,TMA00318,False,False,False,none
bibdpgda-1,TMA00318,False,False,False,none
bibkjikd-1,TMA00318,False,False,False,none
biccogol-1,TMA00318,False,False,False,none
bicdaggp-1,TMA00318,False,False,False,none
bicfkioo-1,TMA00318,False,False,False,none
bichpncb-1,TMA00318,False,False,False,none
biciionm-1,TMA00318,False,False,False,none
bidkeejg-1,TMA00318,False,False,False,none
bidlilje-1,TMA00318,False,False,False,none
bieaedih-1,TMA00318,False,False,False,none
bieafgpk-1,TMA00318,False,False,False,none
biealoao-1,TMA00318,False,False,False,none
biebiiko-1,TMA00318,False,False,False,none
bieklihi-1,TMA00318,False,False,False,none
bienagmj-1,TMA00318,False,False,False,none
bifbakjn-1,TMA00318,False,False,False,none
bifjjeoa-1,TMA00318,False,False,False,none
bifklibb-1,TMA00318,False,False,False,none
biflhfhb-1,TMA00318,False,False,False,none
bigadjam-1,TMA00318,False,False,False,none
biggclmn-1,TMA00318,False,False,False,none
biggdjcj-1,TMA00318,False,False,False,none
bighebgg-1,TMA00318,False,False,False,none
bigncnfi-1,TMA00318,False,False,False,none
bihfkcdp-1,TMA00318,False,False,False,none
bihlobej-1,TMA00318,False,False,False,none
bihmjjkg-1,TMA00318,False,False,False,none
bihnlicd-1,TMA00318,False,False,False,none
biiafgnh-1,TMA00318,False,False,False,none
biiaghjm-1,TMA00318,False,False,False,none
biicpjnc-1,TMA00318,False,False,False,none
biidgnll-1,TMA00318,False,False,False,none
biiecofd-1,TMA00318,False,False,False,none
biihhilk-1,TMA00318,False,False,False,none
biijhhol-1,TMA00318,False,False,False,none
biijkiig-1,TMA00318,False,False,False,none
bijabbec-1,TMA00318,False,False,False,none
bijdppmf-1,TMA00318,False,False,False,none
bijfbefd-1,TMA00318,False,False,False,none
bijfdghi-1,TMA00318,False,False,False,none
bijgjfgo-1,TMA00318,False,False,False,none
bijhhpko-1,TMA00318,False,False,False,none
bijjbaof-1,TMA00318,False,False,False,none
bijkphbo-1,TMA00318,False,False,False,none
bijlipgm-1,TMA00318,False,False,False,none
bijomcdf-1,TMA00318,False,False,False,none
bikegbjk-1,TMA00318,False,False,False,none
bikfcpai-1,TMA00318,False,False,False,none
bikkneif-1,TMA00318,False,False,False,none
bikmfpde-1,TMA00318,False,False,False,none
bikpplfk-1,TMA00318,False,False,False,none
bilaijco-1,TMA00318,False,False,False,none
bilfhmlg-1,TMA00318,False,False,False,none
bilicppk-1,TMA00318,False,False,False,none
biljjhil-1,TMA00318,False,False,False,none
bilkaiah-1,TMA00318,False,False,False,none
bilkigmc-1,TMA00318,False,False,False,none
bilnbgld-1,TMA00318,False,False,False,none
bilpgbap-1,TMA00318,False,False,False,none
bimbimmk-1,TMA00318,False,False,False,none
bimdfgjg-1,TMA00318,False,False,False,none
bimengno-1,TMA00318,False,False,False,none
bimkeoaf-1,TMA00318,False,False,False,none
bimojenh-1,TMA00318,False,False,False,none
binbnabi-1,TMA00318,False,False,False,none
binebeoc-1,TMA00318,False,False,False,none
bingpamo-1,TMA00318,False,False,False,none
binknfde-1,TMA00318,False,False,False,none
binlfffe-1,TMA00318,False,False,False,none
binplkin-1,TMA00318,False,False,False,none
biobbglo-1,TMA00318,False,False,False,none
bioediic-1,TMA00318,False,False,False,none
biopcice-1,TMA00318,False,False,False,none
bipalopm-1,TMA00318,False,False,False,none
bipdbohh-1,TMA00318,False,False,False,none
bipegfam-1,TMA00318,False,False,False,none
bipjggdo-1,TMA00318,False,False,False,none
bipjjejl-1,TMA00318,False,False,False,none
bjadjiie-1,TMA00318,False,False,False,none
bjafflge-1,TMA00318,False,False,False,none
bjafhbbf-1,TMA00318,False,False,False,none
bjalnoho-1,TMA00318,False,False,False,none
bjbafejn-1,TMA00318,False,False,False,none
bjbbalmm-1,TMA00318,False,False,False,none
bjbcmajn-1,TMA00318,False,False,False,none
bjbhhihm-1,TMA00318,False,False,False,none
bjbhibbb-1,TMA00318,False,False,False,none
bjbmdooj-1,TMA00318,False,False,False,none
bjbpafll-1,TMA00318,False,False,False,none
bjcgmeek-1,TMA00318,False,False,False,none
bjcilljd-1,TMA00318,False,False,False,none
bjcmhapp-1,TMA00318,False,False,False,none
bjcnbkpe-1,TMA00318,False,False,False,none
bjdfbdid-1,TMA00318,False,False,False,none
bjdldnkk-1,TMA00318,False,False,False,none
bjdllikl-1,TMA00318,False,False,False,none
bjealhgh-1,TMA00318,False,False,False,none
bjebbedn-1,TMA00318,False,False,False,none
bjehlopm-1,TMA00318,False,False,False,none
bjekibgh-1,TMA00318,False,False,False,none
bjepahcf-1,TMA00318,False,False,False,none
bjfenjen-1,TMA00318,False,False,False,none
bjfhlhmc-1,TMA00318,False,False,False,none
bjfimaei-1,TMA00318,False,False,False,none
bjfkgljf-1,TMA00318,False,False,False,none
bjfmafbg-1,TMA00318,False,False,False,none
bjfnnlbi-1,TMA00318,False,False,False,none
bjfonebi-1,TMA00318,False,False,False,none
bjfpgdnh-1,TMA00318,False,False,False,none
bjgcdmpd-1,TMA00318,False,False,False,none
bjgehelj-1,TMA00318,False,False,False,none
bjgfhhef-1,TMA00318,False,False,False,none
bjgmngfh-1,TMA00318,False,False,False,none
bjhfmeck-1,TMA00318,False,False,False,none
bjidnjfe-1,TMA00318,False,False,False,none
bjihmnng-1,TMA00318,False,False,False,none
bjikfpbp-1,TMA00318,False,False,False,none
bjjcbale-1,TMA00318,False,False,False,none
bjjfmhjo-1,TMA00318,False,False,False,none
bjjlaoig-1,TMA00318,False,False,False,none
bjkancce-1,TMA00318,False,False,False,none
bjkcecgg-1,TMA00318,False,False,False,none
bjkffonc-1,TMA00318,False,False,False,none
bjkfnpkk-1,TMA00318,False,False,False,none
bjkipimi-1,TMA00318,False,False,False,none
bjkkcjan-1,TMA00318,False,False,False,none
bjklealp-1,TMA00318,False,False,False,none
bjlbmgef-1,TMA00318,False,False,False,none
bjlkkbji-1,TMA00318,False,False,False,none
bjmapedn-1,TMA00318,False,False,False,none
bjmclckn-1,TMA00318,False,False,False,none
bjmjphfh-1,TMA00318,False,False,False,none
bjmkjapn-1,TMA00318,False,False,False,none
bjmlfiip-1,TMA00318,False,False,False,none
bjmnhloc-1,TMA00318,False,False,False,none
bjmnpljn-1,TMA00318,False,False,False,none
bjmoljgg-1,TMA00318,False,False,False,none
bjnemppo-1,TMA00318,False,False,False,none
bjnfebhc-1,TMA00318,False,False,False,none
bjngngmj-1,TMA00318,False,False,False,none
bjnidbcp-1,TMA00318,False,False,False,none
bjnjanjn-1,TMA00318,False,False,False,none
bjnjbjio-1,TMA00318,False,False,False,none
bjoakfab-1,TMA00318,False,False,False,none
bjoclkcc-1,TMA00318,False,False,False,none
bjoebpdh-1,TMA00318,False,False,False,none
bjofajjg-1,TMA00318,False,False,False,none
bjohnkea-1,TMA00318,False,False,False,none
bjojjmph-1,TMA00318,False,False,False,none
bjojkcpa-1,TMA00318,False,False,False,none
bjomheib-1,TMA00318,False,False,False,none
bjpanelo-1,TMA00318,False,False,False,none
bjpdnccg-1,TMA00318,False,False,False,none
bjpmjjpk-1,TMA00318,False,False,False,none
bjppoiip-1,TMA00318,False,False,False,none
bkaadnaa-1,TMA00318,False,False,False,none
bkabcjga-1,TMA00318,False,False,False,none
bkajbnoa-1,TMA00318,False,False,False,none
bkaleiai-1,TMA00318,False,False,False,none
bkanhjan-1,TMA00318,False,False,False,none
bkappbmj-1,TMA00318,False,False,False,none
bkbapeon-1,TMA00318,False,False,False,none
bkbeehlp-1,TMA00318,False,False,False,none
bkbeeobl-1,TMA00318,False,False,False,none
bkbeppnb-1,TMA00318,False,False,False,none
bkbhejmh-1,TMA00318,False,False,False,none
bkbkmaee-1,TMA00318,False,False,False,none
bkbmmdoe-1,TMA00318,False,False,False,none
bkbnfgia-1,TMA00318,False,False,False,none
bkbpibnc-1,TMA00318,False,False,False,none
bkccihif-1,TMA00318,False,False,False,none
bkcdknoh-1,TMA00318,False,False,False,none
bkcfjolh-1,TMA00318,False,False,False,none
bkcgijlo-1,TMA00318,False,False,False,none
bkchggap-1,TMA00318,False,False,False,none
bkcjpgio-1,TMA00318,False,False,False,none
bkclkjce-1,TMA00318,False,False,False,none
bkcmeibn-1,TMA00318,False,False,False,none
bkcnecbf-1,TMA00318,False,False,False,none
bkcnmhek-1,TMA00318,False,False,False,none
bkcodjii-1,TMA00318,False,False,False,none
bkcpppkh-1,TMA00318,False,False,False,none
bkdbjgge-1,TMA00318,False,False,False,none
bkdchidj-1,TMA00318,False,False,False,none
bkddbekc-1,TMA00318,False,False,False,none
bkdfdifd-1,TMA00318,False,False,False,none
bkdghmnl-1,TMA00318,False,False,False,none
bkdidhia-1,TMA00318,False,False,False,none
bkdkmabc-1,TMA00318,False,False,False,none
bkdkobna-1,TMA00318,False,False,False,none
bkdmpdkb-1,TMA00318,False,False,False,none
bkdnjbaf-1,TMA00318,False,False,False,none
bkdnnfkk-1,TMA00318,False,False,False,none
bkeaochp-1,TMA00318,False,False,False,none
bkeboalb-1,TMA00318,False,False,False,none
bkefhgnd-1,TMA00318,False,False,False,none
bkejeiff-1,TMA00318,False,False,False,none
bkekdaid-1,TMA00318,False,False,False,none
bkembfih-1,TMA00318,False,False,False,none
bkfcjfhl-1,TMA00318,False,False,False,none
bkfjfllp-1,TMA00318,False,False,False,none
bkfkapic-1,TMA00318,False,False,False,none
bkfmpgog-1,TMA00318,False,False,False,none
bkghcbpj-1,TMA00318,False,False,False,none
bkgkcpob-1,TMA00318,False,False,False,none
bkgkjfnb-1,TMA00318,False,False,False,none
bkglhedk-1,TMA00318,False,False,False,none
bkhdjldk-1,TMA00318,False,False,False,none
bkhfocbk-1,TMA00318,False,False,False,none
bkhgnkpd-1,TMA00318,False,False,False,none
bkhhbgla-1,TMA00318,False,False,False,none
bkhjpbef-1,TMA00318,False,False,False,none
bkiacibj-1,TMA00318,False,False,False,none
bkidcmpc-1,TMA00318,False,False,False,none
bkifjgbi-1,TMA00318,False,False,False,none
bkigabld-1,TMA00318,False,False,False,none
bkioldki-1,TMA00318,False,False,False,none
bkipcggd-1,TMA00318,False,False,False,none
bkjbhnha-1,TMA00318,False,False,False,none
bkjmogkg-1,TMA00318,False,False,False,none
bkjojdng-1,TMA00318,False,False,False,none
bkjpibpf-1,TMA00318,False,False,False,none
bkkaffhh-1,TMA00318,False,False,False,none
bkkbafib-1,TMA00318,False,False,False,none
bkkbanop-1,TMA00318,False,False,False,none
bkkdleaf-1,TMA00318,False,False,False,none
bkkdmonf-1,TMA00318,False,False,False,none
bkkdnpag-1,TMA00318,False,False,False,none
bkkjnnkb-1,TMA00318,False,False,False,none
bkkkfpcn-1,TMA00318,False,False,False,none
bkkkpjho-1,TMA00318,False,False,False,none
bkklahod-1,TMA00318,False,False,False,none
bkklhmpd-1,TMA00318,False,False,False,none
bkkmlidn-1,TMA00318,False,False,False,none
bkkonpna-1,TMA00318,False,False,False,none
bklaaafd-1,TMA00318,False,False,False,none
bklbfjdh-1,TMA00318,False,False,False,none
bkldpmeg-1,TMA00318,False,False,False,none
bklfhaoe-1,TMA00318,False,False,False,none
bklficgk-1,TMA00318,False,False,False,none
bklhhlfj-1,TMA00318,False,False,False,none
bkligdgm-1,TMA00318,False,False,False,none
bklpapem-1,TMA00318,False,False,False,none
bkmgdgdo-1,TMA00318,False,False,False,none
bkmlbkgj-1,TMA00318,False,False,False,none
bkmmpkmn-1,TMA00318,False,False,False,none
bknafnlk-1,TMA00318,False,False,False,none
bkneogcp-1,TMA00318,False,False,False,none
bkngbhpn-1,TMA00318,False,False,False,none
bknggiak-1,TMA00318,False,False,False,none
bknhjcpe-1,TMA00318,False,False,False,none
bknllckd-1,TMA00318,False,False,False,none
bknnglnd-1,TMA00318,False,False,False,none
bknpekoo-1,TMA00318,False,False,False,none
bkocibni-1,TMA00318,False,False,False,none
bkofnffn-1,TMA00318,False,False,False,none
bkojifah-1,TMA00318,False,False,False,none
bkpefdki-1,TMA00318,False,False,False,none
bkphlodh-1,TMA00318,False,False,False,none
bkphnnbe-1,TMA00318,False,False,False,none
bkpndjcj-1,TMA00318,False,False,False,none
bkpnjijl-1,TMA00318,False,False,False,none
blabahoj-1,TMA00318,False,False,False,none
blafknoa-1,TMA00318,False,False,False,none
blafnpeo-1,TMA00318,False,False,False,none
blafpkgi-1,TMA00318,False,False,False,none
blakfibh-1,TMA00318,False,False,False,none
blbbknca-1,TMA00318,False,False,False,none
blbdbnpc-1,TMA00318,False,False,False,none
blbhnnji-1,TMA00318,False,False,False,none
blbnigpl-1,TMA00318,False,False,False,none
blboomaj-1,TMA00318,False,False,False,none
blcenngg-1,TMA00318,False,False,False,none
blcfkiok-1,TMA00318,False,False,False,none
blcggmad-1,TMA00318,False,False,False,none
blcgnkgp-1,TMA00318,False,False,False,none
blcjcile-1,TMA00318,False,False,False,none
blckbpnk-1,TMA00318,False,False,False,none
blcpjhgd-1,TMA00318,False,False,False,none
bldcgibe-1,TMA00318,False,False,False,none
bldepjmc-1,TMA00318,False,False,False,none
bldinkba-1,TMA00318,False,False,False,none
bldkhheo-1,TMA00318,False,False,False,none
bldlammd-1,TMA00318,False,False,False,none
bldlldbj-1,TMA00318,False,False,False,none
bldngdbh-1,TMA00318,False,False,False,none
bldoilpp-1,TMA00318,False,False,False,none
bleebfed-1,TMA00318,False,False,False,none
blegcoak-1,TMA00318,False,False,False,none
blegffgf-1,TMA00318,False,False,False,none
blejcajd-1,TMA00318,False,False,False,none
blejebaf-1,TMA00318,False,False,False,none
blekmmce-1,TMA00318,False,False,False,none
blekmmdj-1,TMA00318,False,False,False,none
blelpmgh-1,TMA00318,False,False,False,none
blemhani-1,TMA00318,False,False,False,none
blepbnij-1,TMA00318,False,False,False,none
blepenkn-1,TMA00318,False,False,False,none
blfjnicc-1,TMA00318,False,False,False,none
blflegdo-1,TMA00318,False,False,False,none
blfnbolm-1,TMA00318,False,False,False,none
blfnidoi-1,TMA00318,False,False,False,none
blfoifdl-1,TMA00318,False,False,False,none
blgfbpfj-1,TMA00318,False,False,False,none
blgjcjlo-1,TMA00318,False,False,False,none
blhbkiig-1,TMA00318,False,False,False,none
blhcnhik-1,TMA00318,False,False,False,none
blhdeojm-1,TMA00318,False,False,False,none
blhgajhg-1,TMA00318,False,False,False,none
blhiaimb-1,TMA00318,False,False,False,none
blhijcfp-1,TMA00318,False,False,False,none
blhijmng-1,TMA00318,False,False,False,none
blhljboc-1,TMA00318,False,False,False,none
blhmikpn-1,TMA00318,False,False,False,none
blhnggoc-1,TMA00318,False,True,False,dTomato_Seq2_hi
blhoncen-1,TMA00318,False,False,False,none
blhpbake-1,TMA00318,False,False,False,none
blijmhhh-1,TMA00318,False,False,False,none
blikenhe-1,TMA00318,False,False,False,none
bliknlea-1,TMA00318,False,False,False,none
blipclpo-1,TMA00318,False,False,False,none
bljagacj-1,TMA00318,False,False,False,none
bljccolf-1,TMA00318,False,False,False,none
bljebeji-1,TMA00318,False,False,False,none
bljfejci-1,TMA00318,False,False,False,none
bljhgkdi-1,TMA00318,False,False,False,none
blkdcmfl-1,TMA00318,False,False,False,none
blkddpng-1,TMA00318,False,False,False,none
bllanmpd-1,TMA00318,False,False,False,none
blldaiak-1,TMA00318,False,False,False,none
bllddnbm-1,TMA00318,False,False,False,none
bllfdnca-1,TMA00318,False,False,False,none
bllgkppl-1,TMA00318,False,False,False,none
bllgmpil-1,TMA00318,False,False,False,none
blljlgpc-1,TMA00318,False,False,False,none
blljmalh-1,TMA00318,False,False,False,none
bllmjhcc-1,TMA00318,False,False,False,none
blmafjdl-1,TMA00318,False,False,False,none
blmmcadf-1,TMA00318,False,False,False,none
blnaehnn-1,TMA00318,False,False,False,none
blnjfelj-1,TMA00318,True,False,False,EGFP_Seq1_hi
blnkknca-1,TMA00318,False,False,False,none
blnnjioi-1,TMA00318,False,False,False,none
blojollh-1,TMA00318,False,False,False,none
blokpjmo-1,TMA00318,False,False,False,none
blpadhml-1,TMA00318,False,False,False,none
blpbcabf-1,TMA00318,False,False,False,none
blpemhed-1,TMA00318,False,False,False,none
blpjmboc-1,TMA00318,False,False,False,none
bmaafcmb-1,TMA00318,False,False,False,none
bmadncmp-1,TMA00318,False,False,False,none
bmaeneji-1,TMA00318,False,False,False,none
bmafalkj-1,TMA00318,False,False,False,none
bmahpffd-1,TMA00318,False,False,False,none
bmajeadi-1,TMA00318,False,False,False,none
bmamldff-1,TMA00318,False,False,False,none
bmaooije-1,TMA00318,False,False,False,none
bmapjfcd-1,TMA00318,False,False,False,none
bmbagadp-1,TMA00318,False,False,False,none
bmbcbimd-1,TMA00318,False,False,False,none
bmbccnhl-1,TMA00318,False,False,False,none
bmbcknad-1,TMA00318,False,False,False,none
bmbdibog-1,TMA00318,False,False,False,none
bmbfcfmp-1,TMA00318,False,False,False,none
bmbfcjab-1,TMA00318,False,False,False,none
bmbhhomg-1,TMA00318,False,False,False,none
bmccjmjk-1,TMA00318,False,True,False,dTomato_Seq2_hi
bmckmppl-1,TMA00318,False,False,False,none
bmcliaea-1,TMA00318,False,False,False,none
bmcniipj-1,TMA00318,False,False,False,none
bmcompak-1,TMA00318,False,False,False,none
bmdajnnl-1,TMA00318,False,False,False,none
bmdbalgo-1,TMA00318,False,False,False,none
bmdobdfg-1,TMA00318,False,False,False,none
bmdpkaam-1,TMA00318,False,False,False,none
bmebjdep-1,TMA00318,False,False,False,none
bmediaic-1,TMA00318,False,False,False,none
bmeecnje-1,TMA00318,False,False,False,none
bmekmmhg-1,TMA00318,False,False,False,none
bmeomclj-1,TMA00318,False,False,False,none
bmfcciba-1,TMA00318,False,False,False,none
bmfjdmal-1,TMA00318,False,False,False,none
bmhmcfhi-1,TMA00318,False,False,False,none
bmiadobm-1,TMA00318,False,False,False,none
bmicikfo-1,TMA00318,False,False,False,none
bmiecalf-1,TMA00318,False,False,False,none
bmilpenp-1,TMA00318,False,False,False,none
bmiodcfe-1,TMA00318,False,False,False,none
bmionopd-1,TMA00318,False,False,False,none
bmjbffpo-1,TMA00318,False,False,False,none
bmjbfnkj-1,TMA00318,False,False,False,none
bmjbgdji-1,TMA00318,False,False,False,none
bmjcihoa-1,TMA00318,False,False,False,none
bmjghjnk-1,TMA00318,False,False,False,none
bmjjaohc-1,TMA00318,False,False,False,none
bmjlcdie-1,TMA00318,False,False,False,none
bmjmkpop-1,TMA00318,False,False,False,none
bmjnckne-1,TMA00318,False,False,False,none
bmjpffni-1,TMA00318,False,False,False,none
bmkadelj-1,TMA00318,False,False,False,none
bmkdnalo-1,TMA00318,False,False,False,none
bmkikdpm-1,TMA00318,False,False,False,none
bmkkcfgg-1,TMA00318,False,False,False,none
bmlfkigj-1,TMA00318,False,False,False,none
bmlgjdcp-1,TMA00318,False,False,False,none
bmlngfpp-1,TMA00318,False,False,False,none
bmloafde-1,TMA00318,False,False,False,none
bmmbgido-1,TMA00318,False,False,False,none
bmmjdclg-1,TMA00318,False,False,False,none
bmnggmpf-1,TMA00318,False,False,False,none
bmnibcbc-1,TMA00318,False,False,False,none
bmnifbpj-1,TMA00318,False,False,False,none
bmnkaaad-1,TMA00318,False,False,False,none
bmnkobhn-1,TMA00318,False,False,False,none
bmnlgdhh-1,TMA00318,False,False,False,none
bmobmdnm-1,TMA00318,False,False,False,none
bmodlffm-1,TMA00318,False,False,False,none
bmoednii-1,TMA00318,False,False,False,none
bmojjohe-1,TMA00318,False,False,False,none
bmokgfbc-1,TMA00318,False,False,False,none
bmomgocp-1,TMA00318,False,False,False,none
bmpedjnl-1,TMA00318,False,False,False,none
bmpiagdb-1,TMA00318,False,False,False,none
bmpibfad-1,TMA00318,False,False,False,none
bmpkdkoi-1,TMA00318,False,False,False,none
bnaeigek-1,TMA00318,False,False,False,none
bnagdada-1,TMA00318,False,False,False,none
bnahaafc-1,TMA00318,False,False,False,none
bncbieab-1,TMA00318,False,False,False,none
bncichpm-1,TMA00318,False,False,False,none
bncjmfgl-1,TMA00318,False,False,False,none
bndbekgm-1,TMA00318,False,False,False,none
bndbjnle-1,TMA00318,False,False,False,none
bndfefdk-1,TMA00318,False,False,False,none
bndgipog-1,TMA00318,False,False,False,none
bndglkjn-1,TMA00318,False,False,False,none
bndhdlcp-1,TMA00318,False,False,False,none
bndkopdm-1,TMA00318,False,False,False,none
bndmphhi-1,TMA00318,False,False,False,none
bndndbbh-1,TMA00318,False,False,False,none
bndojbjn-1,TMA00318,False,False,False,none
bndolhmb-1,TMA00318,False,False,False,none
bnecpbdi-1,TMA00318,False,False,False,none
bnejgcnp-1,TMA00318,False,False,False,none
bneoldgb-1,TMA00318,False,False,False,none
bnfbenpp-1,TMA00318,False,False,False,none
bnfjnhlg-1,TMA00318,False,False,False,none
bnfocoam-1,TMA00318,False,False,False,none
bngbdjfe-1,TMA00318,False,False,False,none
bngehggm-1,TMA00318,False,False,False,none
bngfckoe-1,TMA00318,False,False,False,none
bngihmef-1,TMA00318,False,False,False,none
bnhflabp-1,TMA00318,False,False,False,none
bnhihogg-1,TMA00318,False,False,False,none
bnhjmlch-1,TMA00318,False,False,False,none
bnhlcpbj-1,TMA00318,False,False,False,none
bnhlecfh-1,TMA00318,False,False,False,none
bnhmaklo-1,TMA00318,False,False,False,none
bnijjane-1,TMA00318,False,False,False,none
bnikhiif-1,TMA00318,False,False,False,none
bnjanmbe-1,TMA00318,False,False,False,none
bnjbcmcp-1,TMA00318,False,False,False,none
bnjgjfhm-1,TMA00318,False,False,False,none
bnkcdbkf-1,TMA00318,False,False,False,none
bnldicjc-1,TMA00318,False,False,False,none
bnnchhpf-1,TMA00318,False,False,False,none
bnnfpech-1,TMA00318,False,False,False,none
bnoekpjn-1,TMA00318,False,False,False,none
bnofnhma-1,TMA00318,False,False,False,none
bnogdbcl-1,TMA00318,False,False,False,none
bnpfplgi-1,TMA00318,False,False,False,none
bnpkgoba-1,TMA00318,False,False,False,none
boapolcg-1,TMA00318,False,False,False,none
bobofidm-1,TMA00318,False,False,False,none
bochgpmm-1,TMA00318,False,False,False,none
bockabmk-1,TMA00318,False,False,False,none
boebnaon-1,TMA00318,False,False,False,none
bofaoggn-1,TMA00318,False,False,False,none
bofgedin-1,TMA00318,False,False,False,none
bofgfjgb-1,TMA00318,False,False,False,none
bofioged-1,TMA00318,False,False,False,none
bogbkgdi-1,TMA00318,False,False,False,none
bogibgkg-1,TMA00318,False,False,False,none
bogijoii-1,TMA00318,False,False,False,none
bogjngdl-1,TMA00318,False,False,False,none
bogmcpoh-1,TMA00318,False,False,False,none
bogoopgi-1,TMA00318,False,False,False,none
bohbbimo-1,TMA00318,False,False,False,none
bohccabe-1,TMA00318,False,False,False,none
bohelkjn-1,TMA00318,False,False,False,none
bohkelje-1,TMA00318,False,False,False,none
boikncap-1,TMA00318,False,False,False,none
bojckimn-1,TMA00318,False,False,False,none
bojehfdn-1,TMA00318,False,False,False,none
bomdnfld-1,TMA00318,False,False,False,none
bomhdmff-1,TMA00318,False,False,False,none
boniopnj-1,TMA00318,False,False,False,none
boodbbmb-1,TMA00318,False,False,False,none
boodmnhl-1,TMA00318,False,False,False,none
boopghkd-1,TMA00318,False,False,False,none
bopcebbm-1,TMA00318,False,False,False,none
bopfefpd-1,TMA00318,False,False,False,none
bopiknlf-1,TMA00318,False,False,False,none
boplkdcn-1,TMA00318,False,False,False,none
bpabhbji-1,TMA00318,False,False,False,none
bpadajem-1,TMA00318,False,False,False,none
bpaniefa-1,TMA00318,False,False,False,none
bpapogeg-1,TMA00318,False,False,False,none
bpbakdba-1,TMA00318,False,False,False,none
bpbdeomn-1,TMA00318,False,False,False,none
bpbhlklf-1,TMA00318,False,False,False,none
bpbjmceb-1,TMA00318,False,False,False,none
bpdamkkh-1,TMA00318,False,False,False,none
bpdkjdee-1,TMA00318,False,False,False,none
bpdkmhhn-1,TMA00318,False,False,False,none
bpfmaapk-1,TMA00318,False,False,False,none
bpghjbfb-1,TMA00318,False,False,False,none
bpgiahdb-1,TMA00318,False,False,False,none
bpgpnmjb-1,TMA00318,False,False,False,none
bphcbhad-1,TMA00318,False,False,False,none
bphdfofo-1,TMA00318,False,False,False,none
bphdhomn-1,TMA00318,False,False,False,none
bphegapf-1,TMA00318,False,False,False,none
bpheldma-1,TMA00318,False,False,False,none
bphgdknk-1,TMA00318,False,False,False,none
bpjjnalf-1,TMA00318,False,False,False,none
bpjljmih-1,TMA00318,False,False,False,none
bpjllbaa-1,TMA00318,False,False,False,none
bpkdogmh-1,TMA00318,False,False,False,none
bpkehedi-1,TMA00318,False,False,False,none
bpledhnc-1,TMA00318,False,False,False,none
bplkhppe-1,TMA00318,False,False,False,none
bpnafklf-1,TMA00318,False,False,False,none
bpniabpg-1,TMA00318,False,False,False,none
bpnkfmlb-1,TMA00318,False,False,False,none
bpnnlcpb-1,TMA00318,False,False,False,none
bpnobjon-1,TMA00318,False,False,False,none
bpocgpjl-1,TMA00318,False,False,False,none
bpoilmpd-1,TMA00318,False,False,False,none
bponmabg-1,TMA00318,False,False,False,none
bppehpgi-1,TMA00318,False,False,False,none
bppeipjc-1,TMA00318,False,False,False,none
caaclegk-1,TMA00318,False,False,False,none
caafdfbj-1,TMA00318,False,False,False,none
caagbnah-1,TMA00318,False,False,False,none
caagojen-1,TMA00318,False,False,False,none
caaipbig-1,TMA00318,False,False,False,none
caanceab-1,TMA00318,False,False,False,none
caanfnpp-1,TMA00318,False,False,False,none
cabafidl-1,TMA00318,False,False,False,none
cabdmhmb-1,TMA00318,False,False,False,none
cabgffoc-1,TMA00318,False,False,False,none
cabkbhkh-1,TMA00318,False,False,False,none
cabliahj-1,TMA00318,False,False,False,none
cacbcndk-1,TMA00318,False,False,False,none
caccpnoo-1,TMA00318,False,False,False,none
cacpbhbg-1,TMA00318,False,False,False,none
cacpjnal-1,TMA00318,False,False,False,none
caddaajc-1,TMA00318,False,False,False,none
cadhpjbf-1,TMA00318,False,False,False,none
caekejai-1,TMA00318,False,False,False,none
caekjjpm-1,TMA00318,False,False,False,none
caeppcok-1,TMA00318,False,False,False,none
cafgmkkf-1,TMA00318,False,False,False,none
cafgpmjp-1,TMA00318,False,False,False,none
cafoggam-1,TMA00318,False,False,False,none
cafopdff-1,TMA00318,False,False,False,none
cafpbajg-1,TMA00318,False,False,False,none
caggehaf-1,TMA00318,False,False,False,none
caggejoe-1,TMA00318,False,False,False,none
caghjgam-1,TMA00318,False,False,False,none
cagmmpie-1,TMA00318,False,False,False,none
cagojceg-1,TMA00318,False,False,False,none
cagpmhbl-1,TMA00318,False,False,False,none
cahdffdj-1,TMA00318,False,False,False,none
cahmdiph-1,TMA00318,False,False,False,none
cahnanja-1,TMA00318,False,False,False,none
caicebpl-1,TMA00318,False,False,False,none
caiebacl-1,TMA00318,False,False,False,none
caignpmj-1,TMA00318,False,False,False,none
caihocog-1,TMA00318,False,False,False,none
caimngom-1,TMA00318,False,False,False,none
cainmagl-1,TMA00318,False,False,False,none
caipnika-1,TMA00318,False,False,False,none
cajajoil-1,TMA00318,False,False,False,none
cajaomkn-1,TMA00318,False,False,False,none
cajceieo-1,TMA00318,False,False,False,none
cajeilbg-1,TMA00318,False,False,False,none
cajejafp-1,TMA00318,False,False,False,none
cajgnekc-1,TMA00318,False,False,False,none
cajhbpmi-1,TMA00318,False,False,False,none
cajhfpnl-1,TMA00318,False,False,False,none
cajidhgg-1,TMA00318,False,False,False,none
cajljohk-1,TMA00318,False,False,False,none
cajopeko-1,TMA00318,False,False,False,none
cakckeph-1,TMA00318,False,False,False,none
cakdinge-1,TMA00318,False,False,False,none
cakfpbje-1,TMA00318,False,False,False,none
cakjdkdg-1,TMA00318,False,False,False,none
caklhoeo-1,TMA00318,False,False,False,none
calpogff-1,TMA00318,False,False,False,none
camcjiab-1,TMA00318,False,False,False,none
camcolmi-1,TMA00318,False,False,False,none
camdcfef-1,TMA00318,False,False,False,none
camdiacj-1,TMA00318,False,False,False,none
cameidbi-1,TMA00318,False,False,False,none
caminjdl-1,TMA00318,False,False,False,none
camlhhpm-1,TMA00318,False,False,False,none
camoijoh-1,TMA00318,False,False,False,none
canidggc-1,TMA00318,False,False,False,none
canngfoi-1,TMA00318,False,False,False,none
canpglko-1,TMA00318,False,False,False,none
canpnfco-1,TMA00318,False,False,False,none
caobdigc-1,TMA00318,False,False,False,none
caocgmao-1,TMA00318,False,False,False,none
caodinjb-1,TMA00318,False,False,False,none
caohibkn-1,TMA00318,False,False,False,none
caohppbi-1,TMA00318,False,False,False,none
caolhakg-1,TMA00318,False,False,False,none
caomcceb-1,TMA00318,False,False,False,none
capbehfn-1,TMA00318,False,False,False,none
capjofjo-1,TMA00318,False,False,False,none
caplpgoi-1,TMA00318,False,False,False,none
cbaafeib-1,TMA00318,False,False,False,none
cbaamcol-1,TMA00318,False,False,False,none
cbabbjaj-1,TMA00318,False,False,False,none
cbajjhpi-1,TMA00318,False,False,False,none
cbalfhkf-1,TMA00318,False,False,False,none
cbamkahf-1,TMA00318,False,False,False,none
cbapfobc-1,TMA00318,False,False,False,none
cbbkpmie-1,TMA00318,False,False,False,none
cbddjkeo-1,TMA00318,False,False,False,none
cbdjfeol-1,TMA00318,False,False,False,none
cbdkmecm-1,TMA00318,False,False,False,none
cbdnklhi-1,TMA00318,False,False,False,none
cbdnpjdd-1,TMA00318,False,False,False,none
cbdpgoec-1,TMA00318,False,False,False,none
cbeakkjj-1,TMA00318,False,False,False,none
cbebkkdc-1,TMA00318,False,False,False,none
cbedmpaf-1,TMA00318,False,False,False,none
cbeebdmn-1,TMA00318,False,False,False,none
cbehlack-1,TMA00318,False,False,False,none
cbeiahdp-1,TMA00318,False,False,False,none
cbemoofd-1,TMA00318,False,False,False,none
cbepplkc-1,TMA00318,False,False,False,none
cbfcolee-1,TMA00318,False,False,False,none
cbfhpodf-1,TMA00318,False,False,False,none
cbflgbam-1,TMA00318,False,False,False,none
cbgaaapj-1,TMA00318,False,False,False,none
cbgeheaa-1,TMA00318,False,False,False,none
cbgfcjdh-1,TMA00318,False,False,False,none
cbggppoi-1,TMA00318,False,False,False,none
cbghkepn-1,TMA00318,False,False,False,none
cbhbhaik-1,TMA00318,False,False,False,none
cbhjmbbl-1,TMA00318,False,False,False,none
cbhlfiof-1,TMA00318,False,False,False,none
cbiapfoe-1,TMA00318,False,False,False,none
cbibjojl-1,TMA00318,False,False,False,none
cbicohog-1,TMA00318,False,False,False,none
cbiebban-1,TMA00318,False,False,False,none
cbifkcad-1,TMA00318,False,False,False,none
cbigfogc-1,TMA00318,False,False,False,none
cbihaiml-1,TMA00318,False,False,False,none
cbihlpdl-1,TMA00318,False,False,False,none
cbikgcfc-1,TMA00318,False,False,False,none
cbilbiml-1,TMA00318,False,False,False,none
cbiooiee-1,TMA00318,False,False,False,none
cbjbifbg-1,TMA00318,False,False,False,none
cbjfiobl-1,TMA00318,False,False,False,none
cbkacobe-1,TMA00318,False,False,False,none
cbkcekao-1,TMA00318,False,False,False,none
cbkcndde-1,TMA00318,False,False,False,none
cbkgdhoi-1,TMA00318,False,False,False,none
cbkgkafk-1,TMA00318,False,False,False,none
cblabnmn-1,TMA00318,False,False,False,none
cblcacco-1,TMA00318,False,False,False,none
cbldngea-1,TMA00318,False,False,False,none
cblfgcib-1,TMA00318,False,False,False,none
cblhcajm-1,TMA00318,False,False,False,none
cbligefm-1,TMA00318,False,False,False,none
cblkbfjn-1,TMA00318,False,False,False,none
cblkejmp-1,TMA00318,False,False,False,none
cblkocoe-1,TMA00318,False,False,False,none
cbllnedo-1,TMA00318,False,False,False,none
cblmdgii-1,TMA00318,False,False,False,none
cblockge-1,TMA00318,False,False,False,none
cblpbien-1,TMA00318,False,False,False,none
cblpmomo-1,TMA00318,False,False,False,none
cbmdeheh-1,TMA00318,False,False,False,none
cbmegakc-1,TMA00318,False,False,False,none
cbnmkpff-1,TMA00318,False,False,False,none
cboeodig-1,TMA00318,False,False,False,none
cbohkjlh-1,TMA00318,False,False,False,none
cbonndmi-1,TMA00318,False,False,False,none
cbpelfjh-1,TMA00318,False,False,False,none
cbpfknnl-1,TMA00318,False,False,False,none
cbpgodho-1,TMA00318,False,False,False,none
cbpijaoj-1,TMA00318,False,False,False,none
cbpjpfmp-1,TMA00318,False,False,False,none
cbpkmpho-1,TMA00318,False,False,False,none
cbplfbka-1,TMA00318,False,False,False,none
cbpomdbn-1,TMA00318,False,False,False,none
cbppklik-1,TMA00318,False,False,False,none
ccaibcoc-1,TMA00318,False,False,False,none
ccajblpm-1,TMA00318,False,False,False,none
ccamagfn-1,TMA00318,False,False,False,none
ccandcpl-1,TMA00318,False,False,False,none
ccbcjhek-1,TMA00318,False,False,False,none
ccbgclnh-1,TMA00318,False,False,False,none
ccbljinl-1,TMA00318,False,False,False,none
cccafncm-1,TMA00318,False,False,False,none
cccanhap-1,TMA00318,False,False,False,none
ccccnjgi-1,TMA00318,False,False,False,none
ccccpifp-1,TMA00318,False,False,False,none
ccchdimd-1,TMA00318,False,False,False,none
cccojega-1,TMA00318,False,False,False,none
ccdbbcbf-1,TMA00318,False,False,False,none
ccdbglfn-1,TMA00318,False,False,False,none
ccdediec-1,TMA00318,False,False,False,none
ccdicpmd-1,TMA00318,False,False,False,none
ccdkneah-1,TMA00318,False,False,False,none
ccdmpedb-1,TMA00318,False,False,False,none
ccdpacjb-1,TMA00318,False,False,False,none
cceaeeff-1,TMA00318,False,False,False,none
ccegmfop-1,TMA00318,False,False,False,none
cceiiihn-1,TMA00318,False,False,False,none
ccekhana-1,TMA00318,False,False,False,none
ccenipdl-1,TMA00318,False,False,False,none
ccfcjodh-1,TMA00318,False,False,False,none
ccfdeiji-1,TMA00318,False,False,False,none
ccfdjlom-1,TMA00318,False,False,False,none
ccfelcdp-1,TMA00318,False,False,False,none
ccfenjml-1,TMA00318,False,False,False,none
ccffncnk-1,TMA00318,False,False,False,none
ccfkekke-1,TMA00318,False,False,False,none
ccfkjcae-1,TMA00318,False,False,False,none
ccfmglci-1,TMA00318,False,False,False,none
ccfollkk-1,TMA00318,False,False,False,none
ccfopaea-1,TMA00318,False,False,False,none
ccgbghhg-1,TMA00318,False,False,False,none
ccgdjdcd-1,TMA00318,False,False,False,none
ccgldhgm-1,TMA00318,False,False,False,none
ccgmaohn-1,TMA00318,False,False,False,none
ccgmfhlm-1,TMA00318,False,False,False,none
ccgmhbnb-1,TMA00318,False,False,False,none
ccgmklab-1,TMA00318,False,False,False,none
cchbbjkf-1,TMA00318,False,False,False,none
cchcjalb-1,TMA00318,False,False,False,none
cchdanoc-1,TMA00318,False,False,False,none
cchdpdhi-1,TMA00318,False,False,False,none
cchgcheh-1,TMA00318,False,False,False,none
cchjkcfa-1,TMA00318,False,False,False,none
cchmanpm-1,TMA00318,False,False,False,none
cchmbcdn-1,TMA00318,False,False,False,none
ccibafig-1,TMA00318,False,False,False,none
ccibfdpl-1,TMA00318,False,False,False,none
ccifnjca-1,TMA00318,False,False,False,none
ccikehnl-1,TMA00318,False,False,False,none
cciodnnn-1,TMA00318,False,False,False,none
ccjchfda-1,TMA00318,False,False,False,none
ccjcjkdi-1,TMA00318,False,False,False,none
ccjhhika-1,TMA00318,False,False,False,none
ccjimhbp-1,TMA00318,False,False,False,none
ccjldgli-1,TMA00318,False,False,False,none
cckcdnkb-1,TMA00318,False,False,False,none
cckdpcpk-1,TMA00318,False,False,False,none
cckhohbh-1,TMA00318,False,False,False,none
cckifdfn-1,TMA00318,False,False,False,none
cckmiegl-1,TMA00318,False,False,False,none
cclcgnok-1,TMA00318,False,False,False,none
ccldmfha-1,TMA00318,False,False,False,none
ccleaeii-1,TMA00318,False,False,False,none
cclhddeb-1,TMA00318,False,False,False,none
cclkahhg-1,TMA00318,False,False,False,none
cclkbjii-1,TMA00318,False,False,False,none
ccllbbbc-1,TMA00318,False,False,False,none
cclmlpgp-1,TMA00318,False,False,False,none
cclmpkmb-1,TMA00318,False,False,False,none
ccloajan-1,TMA00318,False,False,False,none
cclocngc-1,TMA00318,False,False,False,none
ccmbmlof-1,TMA00318,False,False,False,none
ccndlgpi-1,TMA00318,False,False,False,none
ccneldda-1,TMA00318,False,False,False,none
ccnhglfm-1,TMA00318,False,False,False,none
ccnjfcfc-1,TMA00318,False,False,False,none
ccnjlhdf-1,TMA00318,False,False,False,none
ccnkghhi-1,TMA00318,False,False,False,none
ccnlahgo-1,TMA00318,False,False,False,none
ccnphpad-1,TMA00318,False,False,False,none
ccogncak-1,TMA00318,False,False,False,none
ccoinfac-1,TMA00318,False,False,False,none
cconlekp-1,TMA00318,False,False,False,none
ccookidn-1,TMA00318,False,False,False,none
ccoppmle-1,TMA00318,False,False,False,none
ccplbian-1,TMA00318,False,False,False,none
ccpoehkd-1,TMA00318,False,False,False,none
cdabjpjh-1,TMA00318,False,False,False,none
cdadjjda-1,TMA00318,False,False,False,none
cdahilod-1,TMA00318,False,False,False,none
cdaiikgd-1,TMA00318,False,False,False,none
cdalmkfi-1,TMA00318,False,False,False,none
cdcamkfl-1,TMA00318,False,False,False,none
cdchekpd-1,TMA00318,False,False,False,none
cdchlgno-1,TMA00318,False,False,False,none
cdcnmdke-1,TMA00318,False,False,False,none
cddebcmb-1,TMA00318,False,False,False,none
cddehnll-1,TMA00318,False,False,False,none
cddgfdcc-1,TMA00318,False,False,False,none
cddifcme-1,TMA00318,False,False,False,none
cddjcdlp-1,TMA00318,False,False,False,none
cddjdoej-1,TMA00318,False,False,False,none
cddkmceh-1,TMA00318,False,False,False,none
cddncnmg-1,TMA00318,False,False,False,none
cdebmlad-1,TMA00318,False,False,False,none
cdejfcgk-1,TMA00318,False,False,False,none
cdelkehi-1,TMA00318,False,False,False,none
cdeoefla-1,TMA00318,False,False,False,none
cdfcckkj-1,TMA00318,False,False,False,none
cdfglhgl-1,TMA00318,False,False,False,none
cdfimdfj-1,TMA00318,False,False,False,none
cdggimlc-1,TMA00318,False,False,False,none
cdgkgopo-1,TMA00318,False,False,False,none
cdhafohp-1,TMA00318,False,False,False,none
cdhbdmfn-1,TMA00318,False,False,False,none
cdhjcgln-1,TMA00318,False,False,False,none
cdhoadma-1,TMA00318,False,False,False,none
cdhocibk-1,TMA00318,False,False,False,none
cdiaodpm-1,TMA00318,False,False,False,none
cdibcafh-1,TMA00318,False,False,False,none
cdihiobg-1,TMA00318,False,False,False,none
cdijjcop-1,TMA00318,False,False,False,none
cdimhdlc-1,TMA00318,False,False,False,none
cdinmedc-1,TMA00318,False,False,False,none
cdiomfel-1,TMA00318,False,False,False,none
cdjaaoin-1,TMA00318,False,False,False,none
cdjbcnhk-1,TMA00318,False,False,False,none
cdjdhibe-1,TMA00318,False,False,False,none
cdjgljbg-1,TMA00318,False,False,False,none
cdjhndpc-1,TMA00318,False,False,False,none
cdjhnhkj-1,TMA00318,False,False,False,none
cdkclkic-1,TMA00318,False,False,False,none
cdkdhkfh-1,TMA00318,False,False,False,none
cdkgklfm-1,TMA00318,False,False,False,none
cdkhanin-1,TMA00318,False,False,False,none
cdkhlidj-1,TMA00318,False,False,False,none
cdkkdpmj-1,TMA00318,False,False,False,none
cdklekke-1,TMA00318,False,False,False,none
cdldojdb-1,TMA00318,False,False,False,none
cdlelpbl-1,TMA00318,False,False,False,none
cdlephpo-1,TMA00318,False,False,False,none
cdlhgibj-1,TMA00318,False,False,False,none
cdlimkcb-1,TMA00318,False,False,False,none
cdlnnepl-1,TMA00318,False,False,False,none
cdlnpopb-1,TMA00318,False,False,False,none
cdlogmda-1,TMA00318,False,False,False,none
cdmbgmpj-1,TMA00318,False,False,False,none
cdmchfne-1,TMA00318,False,False,False,none
cdmfjahp-1,TMA00318,False,False,False,none
cdmihemj-1,TMA00318,False,False,False,none
cdmkanib-1,TMA00318,False,False,False,none
cdmlachb-1,TMA00318,False,False,False,none
cdmmadmc-1,TMA00318,False,False,False,none
cdmmcgji-1,TMA00318,False,False,False,none
cdnaengp-1,TMA00318,False,False,False,none
cdnahhco-1,TMA00318,False,False,False,none
cdndodgp-1,TMA00318,False,False,False,none
cdnebgpo-1,TMA00318,False,False,False,none
cdnjlfjo-1,TMA00318,False,False,False,none
cdnokenj-1,TMA00318,False,False,False,none
cdobcogj-1,TMA00318,False,False,False,none
cdobpibk-1,TMA00318,False,False,False,none
cdodeoph-1,TMA00318,False,False,False,none
cdofdcbl-1,TMA00318,False,False,False,none
cdogdlfh-1,TMA00318,False,False,False,none
cdogodej-1,TMA00318,False,False,False,none
cdokdlbe-1,TMA00318,False,False,False,none
cdokgiij-1,TMA00318,False,False,False,none
cdoojgoi-1,TMA00318,False,False,False,none
cdpccnip-1,TMA00318,False,False,False,none
cdpffmce-1,TMA00318,False,False,False,none
cdpfhfpj-1,TMA00318,False,False,False,none
cdpgpnia-1,TMA00318,False,False,False,none
ceaaelml-1,TMA00318,False,False,False,none
ceabajed-1,TMA00318,False,False,False,none
ceaelbfg-1,TMA00318,False,False,False,none
ceaggboe-1,TMA00318,False,False,False,none
ceamedbh-1,TMA00318,False,False,False,none
ceanmdnd-1,TMA00318,False,False,False,none
cebggcci-1,TMA00318,False,False,False,none
cebhodoi-1,TMA00318,False,False,False,none
cebigjip-1,TMA00318,False,False,False,none
cechbefg-1,TMA00318,False,False,False,none
cecioakc-1,TMA00318,False,False,False,none
ceckaban-1,TMA00318,False,False,False,none
ceconand-1,TMA00318,False,False,False,none
cedaiopb-1,TMA00318,False,False,False,none
cedgnbng-1,TMA00318,False,False,False,none
cedkbpdc-1,TMA00318,False,False,False,none
cedmlclp-1,TMA00318,False,False,False,none
ceedabdm-1,TMA00318,False,False,False,none
ceeddgnf-1,TMA00318,False,False,False,none
ceejgemb-1,TMA00318,False,False,False,none
ceekahpa-1,TMA00318,False,False,False,none
cefcejgb-1,TMA00318,False,False,False,none
cefdeodf-1,TMA00318,False,False,False,none
cefflghh-1,TMA00318,False,False,False,none
cefhjmkl-1,TMA00318,False,True,False,dTomato_Seq2_hi
cefjbnhl-1,TMA00318,False,False,False,none
cefkbooa-1,TMA00318,False,False,False,none
cefmbnin-1,TMA00318,False,False,False,none
cefmfpod-1,TMA00318,False,False,False,none
cegclcce-1,TMA00318,False,False,False,none
cegdnahn-1,TMA00318,False,False,False,none
cegfnnee-1,TMA00318,False,False,False,none
ceghbpgi-1,TMA00318,False,False,False,none
ceghgbpf-1,TMA00318,False,False,False,none
cegkaogf-1,TMA00318,False,False,False,none
ceglbndh-1,TMA00318,False,False,False,none
cegnapdh-1,TMA00318,False,False,False,none
cegpidag-1,TMA00318,False,False,False,none
cegpkmam-1,TMA00318,False,False,False,none
cehajgdn-1,TMA00318,False,False,False,none
cehcccpp-1,TMA00318,False,False,False,none
cehgjgah-1,TMA00318,False,False,False,none
cehilogj-1,TMA00318,False,False,False,none
cehlkmjm-1,TMA00318,False,False,False,none
cehmpepk-1,TMA00318,False,False,False,none
ceifngmo-1,TMA00318,False,False,False,none
ceilngap-1,TMA00318,False,False,False,none
ceinplof-1,TMA00318,False,False,False,none
ceioialm-1,TMA00318,False,False,False,none
ceiplhea-1,TMA00318,False,False,False,none
cejhehni-1,TMA00318,False,False,False,none
cejjdnhh-1,TMA00318,False,False,False,none
cejoknja-1,TMA00318,False,False,False,none
cekgbjdi-1,TMA00318,False,False,False,none
cekkapje-1,TMA00318,False,False,False,none
cekpklej-1,TMA00318,False,False,False,none
celehhim-1,TMA00318,False,False,False,none
celfgpmb-1,TMA00318,False,False,False,none
celgmajc-1,TMA00318,False,False,False,none
celhpopl-1,TMA00318,False,False,False,none
cemifhjm-1,TMA00318,False,False,False,none
cemmnabm-1,TMA00318,False,False,False,none
cemomimg-1,TMA00318,False,False,False,none
cengkjkm-1,TMA00318,False,False,False,none
cenkalkf-1,TMA00318,False,False,False,none
cenkmgoo-1,TMA00318,False,False,False,none
cenlhiof-1,TMA00318,False,False,False,none
ceocgmba-1,TMA00318,False,False,False,none
ceonekkm-1,TMA00318,False,False,False,none
ceopnjpb-1,TMA00318,False,False,False,none
cepdgbed-1,TMA00318,False,False,False,none
cepejlcp-1,TMA00318,False,False,False,none
cepglfap-1,TMA00318,False,False,False,none
cephhhml-1,TMA00318,False,False,False,none
ceplohmp-1,TMA00318,False,False,False,none
cfaccdci-1,TMA00318,False,False,False,none
cfacigap-1,TMA00318,False,False,False,none
cfadendk-1,TMA00318,False,False,False,none
cfafjmhg-1,TMA00318,False,False,False,none
cfaglcll-1,TMA00318,False,False,False,none
cfahoadl-1,TMA00318,False,False,False,none
cfaokngd-1,TMA00318,False,False,False,none
cfbgpocg-1,TMA00318,False,False,False,none
cfbiefkl-1,TMA00318,False,False,False,none
cfbjdjoo-1,TMA00318,False,False,False,none
cfbkgibd-1,TMA00318,False,False,False,none
cfbmkeih-1,TMA00318,False,False,False,none
cfccikcc-1,TMA00318,False,False,False,none
cfcdafip-1,TMA00318,False,False,False,none
cfcecmgm-1,TMA00318,False,False,False,none
cfcilhmh-1,TMA00318,False,False,False,none
cfclehnd-1,TMA00318,False,False,False,none
cfdbmkeo-1,TMA00318,False,False,False,none
cfdgjgha-1,TMA00318,False,False,False,none
cfdgoafo-1,TMA00318,False,False,False,none
cfdhennh-1,TMA00318,False,False,False,none
cfdkolnl-1,TMA00318,False,False,False,none
cfdnhnhm-1,TMA00318,False,False,False,none
cfebomhe-1,TMA00318,False,False,False,none
cfegnfeh-1,TMA00318,False,False,False,none
cfehfngg-1,TMA00318,False,False,False,none
cfemlpgd-1,TMA00318,False,False,False,none
cffcikgo-1,TMA00318,False,False,False,none
cfflikdh-1,TMA00318,False,False,False,none
cffmhlgg-1,TMA00318,False,False,False,none
cffpgapp-1,TMA00318,False,False,False,none
cfgfkhei-1,TMA00318,False,False,False,none
cfghhaka-1,TMA00318,False,False,False,none
cfghmpbe-1,TMA00318,False,False,False,none
cfgihijb-1,TMA00318,False,False,False,none
cfgkhile-1,TMA00318,False,False,False,none
cfgnbnkh-1,TMA00318,False,False,False,none
cfgnpdle-1,TMA00318,False,False,False,none
cfhdbalg-1,TMA00318,False,False,False,none
cfhiafhg-1,TMA00318,False,False,False,none
cfhiocao-1,TMA00318,False,False,False,none
cfhkopim-1,TMA00318,False,False,False,none
cfhpehaa-1,TMA00318,False,False,False,none
cfibnaoe-1,TMA00318,False,False,False,none
cfigehcm-1,TMA00318,False,False,False,none
cfihiacc-1,TMA00318,False,False,False,none
cfikmjli-1,TMA00318,False,False,False,none
cfilobmb-1,TMA00318,False,False,False,none
cfioaeka-1,TMA00318,False,False,False,none
cfjckpaf-1,TMA00318,False,False,False,none
cfjcpmbo-1,TMA00318,False,False,False,none
cfjddibk-1,TMA00318,False,False,False,none
cfjemldn-1,TMA00318,False,False,False,none
cfjiiojj-1,TMA00318,False,False,False,none
cfjkoich-1,TMA00318,False,False,False,none
cfjkpghh-1,TMA00318,False,False,False,none
cfkbjfkp-1,TMA00318,True,False,False,EGFP_Seq1_hi
cfkimhmm-1,TMA00318,False,False,False,none
cfkmdphh-1,TMA00318,False,False,False,none
cfljbhea-1,TMA00318,False,False,False,none
cflllcgn-1,TMA00318,False,False,False,none
cflmalmn-1,TMA00318,False,False,False,none
cflmkhdf-1,TMA00318,False,False,False,none
cflmmilb-1,TMA00318,False,False,False,none
cflohbpo-1,TMA00318,False,False,False,none
cfmbnlce-1,TMA00318,False,False,False,none
cfmbobln-1,TMA00318,False,False,False,none
cfmboklh-1,TMA00318,False,False,False,none
cfmcfpbm-1,TMA00318,False,False,False,none
cfmhpfel-1,TMA00318,False,False,False,none
cfminodp-1,TMA00318,False,False,False,none
cfmjilkb-1,TMA00318,False,False,False,none
cfmnjecd-1,TMA00318,False,False,False,none
cfmpgmbl-1,TMA00318,False,False,False,none
cfneodkk-1,TMA00318,False,False,False,none
cfngddki-1,TMA00318,False,False,False,none
cfngfhfh-1,TMA00318,False,False,False,none
cfnhahck-1,TMA00318,False,False,False,none
cfnjbgge-1,TMA00318,False,False,False,none
cfnjmmmc-1,TMA00318,False,False,False,none
cfnkbaca-1,TMA00318,False,False,False,none
cfnkikao-1,TMA00318,False,False,False,none
cfnmkcia-1,TMA00318,False,False,False,none
cfnnlnmi-1,TMA00318,False,False,False,none
cfoipcop-1,TMA00318,False,False,False,none
cfojbeed-1,TMA00318,False,False,False,none
cfojfmlg-1,TMA00318,False,False,False,none
cfolgejf-1,TMA00318,False,False,False,none
cfoopeop-1,TMA00318,False,False,False,none
cfpdhjap-1,TMA00318,False,False,False,none
cfphjdld-1,TMA00318,False,False,False,none
cfpidije-1,TMA00318,False,False,False,none
cfpmndij-1,TMA00318,False,False,False,none
cgaknooo-1,TMA00318,False,False,False,none
cgbmemne-1,TMA00318,False,False,False,none
cgcdjfkh-1,TMA00318,False,False,False,none
cgcnpiob-1,TMA00318,False,False,False,none
cgcohmkj-1,TMA00318,False,False,False,none
cgcphdkd-1,TMA00318,False,False,False,none
cgdkefnj-1,TMA00318,False,False,False,none
cgebondg-1,TMA00318,False,False,False,none
cgedkojc-1,TMA00318,False,False,False,none
cgefhbdc-1,TMA00318,False,False,False,none
cgehgpmg-1,TMA00318,False,False,False,none
cgeocphd-1,TMA00318,False,False,False,none
cgfbnioc-1,TMA00318,False,False,False,none
cgfhccbf-1,TMA00318,False,False,False,none
cgfiipjk-1,TMA00318,False,False,False,none
cggbjfmo-1,TMA00318,False,False,False,none
cggclolf-1,TMA00318,False,False,False,none
cggdddap-1,TMA00318,False,False,False,none
cggdjkda-1,TMA00318,False,False,False,none
cggenhfn-1,TMA00318,False,False,False,none
cgghiidm-1,TMA00318,False,False,False,none
cggmjcej-1,TMA00318,False,False,False,none
cggndmfp-1,TMA00318,False,False,False,none
cggnijcm-1,TMA00318,False,False,False,none
cghdeddd-1,TMA00318,False,False,False,none
cghdglmn-1,TMA00318,False,False,False,none
cghdlcnm-1,TMA00318,False,False,False,none
cghhneij-1,TMA00318,False,False,False,none
cgibhkpj-1,TMA00318,False,False,False,none
cgibnngd-1,TMA00318,False,False,False,none
cgibpmgl-1,TMA00318,False,False,False,none
cgicppof-1,TMA00318,False,False,False,none
cgieljel-1,TMA00318,False,False,False,none
cgigobgj-1,TMA00318,False,False,False,none
cgjimdoc-1,TMA00318,False,False,False,none
cgkbihea-1,TMA00318,False,False,False,none
cgkbkhgd-1,TMA00318,False,False,False,none
cgkedkhf-1,TMA00318,False,False,False,none
cgkefjkh-1,TMA00318,False,False,False,none
cgkfjbmh-1,TMA00318,False,False,False,none
cgkgkkjg-1,TMA00318,False,False,False,none
cgkihphk-1,TMA00318,False,False,False,none
cgkkbfdf-1,TMA00318,False,False,False,none
cgklookn-1,TMA00318,False,False,False,none
cgkmabbe-1,TMA00318,False,False,False,none
cgkmlief-1,TMA00318,False,False,False,none
cglbmjhe-1,TMA00318,False,False,False,none
cgldgekf-1,TMA00318,False,False,False,none
cglglfme-1,TMA00318,False,False,False,none
cglhkmie-1,TMA00318,False,False,False,none
cgllbjlk-1,TMA00318,False,False,False,none
cglpnhhk-1,TMA00318,False,False,False,none
cgmceeib-1,TMA00318,False,False,False,none
cgmcifib-1,TMA00318,False,False,False,none
cgmcmpie-1,TMA00318,False,False,False,none
cgmobijk-1,TMA00318,False,False,False,none
cgnblpnc-1,TMA00318,False,False,False,none
cgnedpel-1,TMA00318,False,False,False,none
cgnefmkn-1,TMA00318,False,False,False,none
cgngfnbh-1,TMA00318,False,False,False,none
cgnjefjn-1,TMA00318,False,False,False,none
cgoahcjf-1,TMA00318,False,False,False,none
cgoaklpg-1,TMA00318,False,False,False,none
cgojagpk-1,TMA00318,False,False,False,none
cgojanmo-1,TMA00318,False,False,False,none
cgojhndg-1,TMA00318,False,False,False,none
cgojinok-1,TMA00318,False,False,False,none
cgopocol-1,TMA00318,False,False,False,none
cgpbjlkg-1,TMA00318,False,False,False,none
cgpcbmfj-1,TMA00318,False,False,False,none
cgphhikg-1,TMA00318,False,False,False,none
chanhgkb-1,TMA00318,False,False,False,none
chaoddcp-1,TMA00318,False,False,False,none
chbgiokn-1,TMA00318,False,False,False,none
chbingof-1,TMA00318,False,False,False,none
chbjoonc-1,TMA00318,False,False,False,none
chboccoi-1,TMA00318,False,False,False,none
chcapmae-1,TMA00318,False,False,False,none
chccmkai-1,TMA00318,False,False,False,none
chcdjjij-1,TMA00318,False,False,False,none
chcepfgl-1,TMA00318,False,False,False,none
chcfoejd-1,TMA00318,False,False,False,none
chclolkf-1,TMA00318,False,False,False,none
chdfcofc-1,TMA00318,False,False,False,none
chdfegpj-1,TMA00318,False,False,False,none
chdggdfe-1,TMA00318,False,False,False,none
chdhmnnp-1,TMA00318,False,False,False,none
chdolmcd-1,TMA00318,False,False,False,none
chdpchel-1,TMA00318,False,False,False,none
chefkjea-1,TMA00318,False,False,False,none
cheheapc-1,TMA00318,False,False,False,none
chejhiba-1,TMA00318,False,False,False,none
chemkggi-1,TMA00318,False,False,False,none
cheppolf-1,TMA00318,False,False,False,none
chfnjmcf-1,TMA00318,False,False,False,none
chfnmepb-1,TMA00318,False,False,False,none
chgaechi-1,TMA00318,False,False,False,none
chgfbejb-1,TMA00318,False,False,False,none
chgfmgkb-1,TMA00318,False,False,False,none
chgggobm-1,TMA00318,False,False,False,none
chggngoi-1,TMA00318,False,False,False,none
chgmdofh-1,TMA00318,False,False,False,none
chgmebec-1,TMA00318,False,False,False,none
chgppang-1,TMA00318,False,False,False,none
chhhfpma-1,TMA00318,False,False,False,none
chhikfbc-1,TMA00318,False,False,False,none
chhiomlf-1,TMA00318,False,False,False,none
chhnbchn-1,TMA00318,False,False,False,none
chihgbcj-1,TMA00318,False,False,False,none
chihnbcg-1,TMA00318,False,False,False,none
chjagmmb-1,TMA00318,False,False,False,none
chjhabmb-1,TMA00318,False,False,False,none
chjjfbam-1,TMA00318,False,False,False,none
chkblbpo-1,TMA00318,False,False,False,none
chkeinhl-1,TMA00318,False,False,False,none
chkklbji-1,TMA00318,False,False,False,none
chkleinc-1,TMA00318,False,False,False,none
chkmdble-1,TMA00318,False,False,False,none
chlajccp-1,TMA00318,False,False,False,none
chlddmgd-1,TMA00318,False,False,False,none
chliifko-1,TMA00318,False,False,False,none
chljekmb-1,TMA00318,False,False,False,none
chlkpagj-1,TMA00318,False,False,False,none
chllalec-1,TMA00318,False,False,False,none
chlmfnjl-1,TMA00318,False,False,False,none
chloglee-1,TMA00318,False,False,False,none
chmclbhp-1,TMA00318,False,False,False,none
chmhldgf-1,TMA00318,False,False,False,none
chmjcdpf-1,TMA00318,False,False,False,none
chmjcomf-1,TMA00318,False,False,False,none
chnglhli-1,TMA00318,False,False,False,none
chnhbfgb-1,TMA00318,False,False,False,none
chniilmk-1,TMA00318,False,False,False,none
chnndcig-1,TMA00318,False,False,False,none
chnnldfe-1,TMA00318,False,False,False,none
chnpjiho-1,TMA00318,False,False,False,none
choachce-1,TMA00318,False,False,False,none
chocphdc-1,TMA00318,False,False,False,none
choeggch-1,TMA00318,False,False,False,none
choemmom-1,TMA00318,False,False,False,none
chofdkpo-1,TMA00318,False,False,False,none
chpajgmb-1,TMA00318,False,False,False,none
chpbaegk-1,TMA00318,False,False,False,none
chpgkgjg-1,TMA00318,False,False,False,none
chpglfgn-1,TMA00318,False,False,False,none
chplmiij-1,TMA00318,False,False,False,none
ciadkdjk-1,TMA00318,False,False,False,none
ciaemlhb-1,TMA00318,False,False,False,none
ciagmcfg-1,TMA00318,False,False,False,none
ciahcjbo-1,TMA00318,False,False,False,none
ciajlocn-1,TMA00318,False,False,False,none
cialeooc-1,TMA00318,False,False,False,none
cianhekf-1,TMA00318,False,False,False,none
cibehcco-1,TMA00318,False,False,False,none
cibffjce-1,TMA00318,False,False,False,none
cibgbfgk-1,TMA00318,False,False,False,none
cibgnhic-1,TMA00318,False,False,False,none
cibhedei-1,TMA00318,False,False,False,none
cibhjhol-1,TMA00318,False,False,False,none
cibhljia-1,TMA00318,False,False,False,none
cibidlnj-1,TMA00318,False,False,False,none
cibjmake-1,TMA00318,False,False,False,none
cibmdpgg-1,TMA00318,False,False,False,none
cibmmoek-1,TMA00318,False,False,False,none
cibolcfe-1,TMA00318,False,False,False,none
cibonhhh-1,TMA00318,False,False,False,none
cicafkao-1,TMA00318,False,False,False,none
ciceeefi-1,TMA00318,False,False,False,none
cichaigo-1,TMA00318,False,False,False,none
cichakbc-1,TMA00318,False,False,False,none
cichppeg-1,TMA00318,False,False,False,none
ciciehhk-1,TMA00318,False,False,False,none
cicjdcjn-1,TMA00318,False,False,False,none
cicjdlhn-1,TMA00318,False,False,False,none
ciclabhb-1,TMA00318,False,False,False,none
ciclcohk-1,TMA00318,False,False,False,none
cicohhpe-1,TMA00318,False,False,False,none
cidebbmm-1,TMA00318,False,False,False,none
cidffadm-1,TMA00318,False,False,False,none
cidfhlek-1,TMA00318,False,False,False,none
cidgeogh-1,TMA00318,False,False,False,none
cidhigdg-1,TMA00318,False,False,False,none
cidiinio-1,TMA00318,False,False,False,none
cidkjdap-1,TMA00318,False,False,False,none
cidlhjjk-1,TMA00318,False,False,False,none
cidlpjmo-1,TMA00318,False,False,False,none
cieaiibd-1,TMA00318,False,False,False,none
ciebkdcp-1,TMA00318,False,False,False,none
cieeimca-1,TMA00318,False,False,False,none
cieenjpp-1,TMA00318,False,False,False,none
cieeoidn-1,TMA00318,False,False,False,none
cielapid-1,TMA00318,False,False,False,none
ciemfdci-1,TMA00318,False,False,False,none
ciemipkn-1,TMA00318,False,False,False,none
cieolnaj-1,TMA00318,False,False,False,none
cieonkgi-1,TMA00318,False,False,False,none
ciepmbmg-1,TMA00318,False,False,False,none
cifcncfg-1,TMA00318,False,False,False,none
cifgnibb-1,TMA00318,False,False,False,none
cifnaoif-1,TMA00318,False,False,False,none
cifnnlcp-1,TMA00318,False,False,False,none
cifpjfcj-1,TMA00318,False,False,False,none
cifpockc-1,TMA00318,False,False,False,none
cighdkbn-1,TMA00318,False,False,False,none
cighdpgn-1,TMA00318,False,False,False,none
cigkmkoc-1,TMA00318,False,False,False,none
cigljbob-1,TMA00318,False,False,False,none
ciheaomo-1,TMA00318,False,False,False,none
ciheflnb-1,TMA00318,False,False,False,none
cihfhfhn-1,TMA00318,False,False,False,none
cihonbga-1,TMA00318,False,False,False,none
cihpdndf-1,TMA00318,False,False,False,none
cihpjghd-1,TMA00318,False,False,False,none
ciiamkbf-1,TMA00318,False,False,False,none
ciicbfal-1,TMA00318,False,False,False,none
ciihajag-1,TMA00318,False,False,False,none
ciiidgmo-1,TMA00318,False,False,False,none
ciilhpdc-1,TMA00318,False,False,False,none
ciinjnfg-1,TMA00318,False,False,False,none
ciipecnf-1,TMA00318,False,False,False,none
cijapefe-1,TMA00318,False,False,False,none
cijdfhac-1,TMA00318,False,False,False,none
cijdlihf-1,TMA00318,False,False,False,none
cijmgipl-1,TMA00318,False,False,False,none
cijpmgod-1,TMA00318,False,False,False,none
cikaengd-1,TMA00318,False,False,False,none
cikcehmo-1,TMA00318,False,False,False,none
cikehjhe-1,TMA00318,False,False,False,none
cikfclkb-1,TMA00318,False,False,False,none
cikgiigm-1,TMA00318,False,False,False,none
cilakgpl-1,TMA00318,False,False,False,none
cildfnnd-1,TMA00318,False,False,False,none
cildnfck-1,TMA00318,False,False,False,none
cileamhe-1,TMA00318,False,False,False,none
cilhlien-1,TMA00318,False,False,False,none
ciljimgf-1,TMA00318,False,False,False,none
cilnlkdm-1,TMA00318,False,False,False,none
cilocenf-1,TMA00318,False,False,False,none
cilonbdf-1,TMA00318,False,False,False,none
cilpekog-1,TMA00318,False,False,False,none
cimhdlcl-1,TMA00318,False,False,False,none
cimjkgip-1,TMA00318,False,False,False,none
cimloglp-1,TMA00318,False,False,False,none
cinbjbck-1,TMA00318,False,False,False,none
cinecmmh-1,TMA00318,False,False,False,none
cinfkdje-1,TMA00318,False,False,False,none
cingcfoj-1,TMA00318,False,False,False,none
cingneoo-1,TMA00318,False,False,False,none
cinjnoof-1,TMA00318,False,False,False,none
cinkgofp-1,TMA00318,False,False,False,none
cinlaejn-1,TMA00318,False,False,False,none
cinlifoa-1,TMA00318,False,False,False,none
ciobnbil-1,TMA00318,False,False,False,none
ciocdjge-1,TMA00318,False,False,False,none
cioehfma-1,TMA00318,False,False,False,none
ciojojei-1,TMA00318,False,False,False,none
ciooppem-1,TMA00318,False,False,False,none
cioplhdh-1,TMA00318,False,False,False,none
cipiebfd-1,TMA00318,False,False,False,none
cipmlpdf-1,TMA00318,False,False,False,none
cipmmoom-1,TMA00318,False,False,False,none
cipmnpgb-1,TMA00318,False,False,False,none
ciponglm-1,TMA00318,False,False,False,none
cipoomle-1,TMA00318,False,False,False,none
cippkdjh-1,TMA00318,False,False,False,none
cjabfpjo-1,TMA00318,False,False,False,none
cjadfaae-1,TMA00318,False,False,False,none
cjafheme-1,TMA00318,False,False,False,none
cjahkgio-1,TMA00318,False,False,False,none
cjaklein-1,TMA00318,False,False,False,none
cjamnipm-1,TMA00318,False,False,False,none
cjbcfiep-1,TMA00318,False,False,False,none
cjbmgcec-1,TMA00318,False,False,False,none
cjcbopdo-1,TMA00318,False,False,False,none
cjcegkcd-1,TMA00318,False,False,False,none
cjcidfhl-1,TMA00318,False,False,False,none
cjcjbkcj-1,TMA00318,False,False,False,none
cjclnjae-1,TMA00318,False,False,False,none
cjcmfleb-1,TMA00318,False,False,False,none
cjdbdoba-1,TMA00318,False,False,False,none
cjddnbdp-1,TMA00318,False,False,False,none
cjdealll-1,TMA00318,False,False,False,none
cjdeopoi-1,TMA00318,False,False,False,none
cjdfdmaa-1,TMA00318,False,False,False,none
cjdffjmc-1,TMA00318,False,False,False,none
cjdfihpa-1,TMA00318,False,False,False,none
cjdgikcj-1,TMA00318,False,False,False,none
cjdlfcba-1,TMA00318,False,False,False,none
cjdmebee-1,TMA00318,False,False,False,none
cjecibph-1,TMA00318,False,False,False,none
cjedllfa-1,TMA00318,False,False,False,none
cjegalcc-1,TMA00318,False,False,False,none
cjeibhal-1,TMA00318,False,False,False,none
cjeiomfo-1,TMA00318,False,False,False,none
cjekcdic-1,TMA00318,False,False,False,none
cjellobo-1,TMA00318,False,False,False,none
cjenhehc-1,TMA00318,False,False,False,none
cjenmfhi-1,TMA00318,False,False,False,none
cjfbkjff-1,TMA00318,False,False,False,none
cjfbljek-1,TMA00318,False,False,False,none
cjfgaokj-1,TMA00318,False,False,False,none
cjfiliin-1,TMA00318,False,False,False,none
cjflhpdj-1,TMA00318,False,False,False,none
cjflnnea-1,TMA00318,False,False,False,none
cjfopiba-1,TMA00318,False,False,False,none
cjgakena-1,TMA00318,False,False,False,none
cjgfjnee-1,TMA00318,False,False,False,none
cjghepdd-1,TMA00318,False,False,False,none
cjgjmdej-1,TMA00318,False,False,False,none
cjgmblhp-1,TMA00318,False,False,False,none
cjgnijmi-1,TMA00318,False,False,False,none
cjgogdhm-1,TMA00318,False,False,False,none
cjhaebfj-1,TMA00318,False,False,False,none
cjhahjjj-1,TMA00318,False,False,False,none
cjhhacad-1,TMA00318,False,False,False,none
cjhhmnag-1,TMA00318,False,False,False,none
cjhifcgm-1,TMA00318,False,False,False,none
cjhlomnl-1,TMA00318,False,False,False,none
cjhmnegn-1,TMA00318,False,False,False,none
cjhninbc-1,TMA00318,False,False,False,none
cjholgpb-1,TMA00318,False,False,False,none
cjhomgmi-1,TMA00318,False,False,False,none
cjhoobai-1,TMA00318,False,False,False,none
cjibclii-1,TMA00318,False,False,False,none
cjihfgak-1,TMA00318,False,False,False,none
cjikjmgc-1,TMA00318,False,False,False,none
cjilcoil-1,TMA00318,False,False,False,none
cjjcbbek-1,TMA00318,False,False,False,none
cjjiehmd-1,TMA00318,False,False,False,none
cjkblfka-1,TMA00318,False,False,False,none
cjkeadni-1,TMA00318,False,False,False,none
cjkhoilc-1,TMA00318,False,False,False,none
cjkilkkd-1,TMA00318,False,False,False,none
cjknhpnj-1,TMA00318,False,False,False,none
cjlcigcg-1,TMA00318,False,False,False,none
cjljlpkh-1,TMA00318,False,False,False,none
cjmbfagn-1,TMA00318,False,False,False,none
cjmdoadd-1,TMA00318,False,False,False,none
cjmfepll-1,TMA00318,False,False,False,none
cjmgcpml-1,TMA00318,False,False,False,none
cjmijokk-1,TMA00318,False,False,False,none
cjmkcpgj-1,TMA00318,False,False,False,none
cjnaoddl-1,TMA00318,False,False,False,none
cjnbdgim-1,TMA00318,False,False,False,none
cjndapii-1,TMA00318,False,False,False,none
cjnfhpbk-1,TMA00318,False,False,False,none
cjnhbebp-1,TMA00318,False,False,False,none
cjnjjbpe-1,TMA00318,False,False,False,none
cjnkncfo-1,TMA00318,False,False,False,none
cjnofkem-1,TMA00318,False,False,False,none
cjnompnc-1,TMA00318,False,False,False,none
cjoehfji-1,TMA00318,False,False,False,none
cjoffjec-1,TMA00318,False,False,False,none
cjogmmbg-1,TMA00318,False,False,False,none
cjojlini-1,TMA00318,False,False,False,none
cjolbbjl-1,TMA00318,False,False,False,none
cjolpfdp-1,TMA00318,False,False,False,none
cjpafeii-1,TMA00318,False,False,False,none
cjpbleih-1,TMA00318,False,False,False,none
cjpdbpna-1,TMA00318,False,False,False,none
cjpfhkek-1,TMA00318,False,False,False,none
cjpgiomo-1,TMA00318,False,False,False,none
cjpjhnjl-1,TMA00318,False,False,False,none
cjpkllbg-1,TMA00318,False,False,False,none
cjplfdjd-1,TMA00318,False,False,False,none
cjplghbm-1,TMA00318,False,False,False,none
cjpnfegp-1,TMA00318,False,False,False,none
cjppflda-1,TMA00318,False,False,False,none
ckaafcgp-1,TMA00318,False,False,False,none
ckabkinl-1,TMA00318,False,False,False,none
ckaeegao-1,TMA00318,False,False,False,none
ckafkpam-1,TMA00318,False,False,False,none
ckajmdpm-1,TMA00318,False,False,False,none
ckakggoc-1,TMA00318,False,False,False,none
ckakjlog-1,TMA00318,False,False,False,none
ckamlnjm-1,TMA00318,False,False,False,none
ckapfhjp-1,TMA00318,False,False,False,none
ckapiica-1,TMA00318,False,False,False,none
ckbekolc-1,TMA00318,False,False,False,none
ckbhanda-1,TMA00318,False,False,False,none
ckbjjdma-1,TMA00318,False,False,False,none
ckbpafbl-1,TMA00318,False,False,False,none
ckcahhen-1,TMA00318,False,False,False,none
ckcapgpo-1,TMA00318,False,False,False,none
ckcdcmid-1,TMA00318,False,False,False,none
ckcdfaeg-1,TMA00318,False,False,False,none
ckcgnpkk-1,TMA00318,False,False,False,none
ckcngebb-1,TMA00318,False,False,False,none
ckdaciid-1,TMA00318,False,False,False,none
ckdahlid-1,TMA00318,False,False,False,none
ckdbopbh-1,TMA00318,False,False,False,none
ckdklbja-1,TMA00318,False,False,False,none
ckdmgmmj-1,TMA00318,False,False,False,none
ckdphbdi-1,TMA00318,False,False,False,none
ckdpjghl-1,TMA00318,False,False,False,none
ckeafilj-1,TMA00318,False,False,False,none
ckecmahf-1,TMA00318,False,False,False,none
ckeefedk-1,TMA00318,False,False,False,none
ckefbmfn-1,TMA00318,False,False,False,none
ckejdiak-1,TMA00318,False,False,False,none
ckeldajf-1,TMA00318,False,False,False,none
ckemijpl-1,TMA00318,False,False,False,none
ckfanokc-1,TMA00318,False,False,False,none
ckfeieho-1,TMA00318,False,False,False,none
ckfenaab-1,TMA00318,False,False,False,none
ckffgjml-1,TMA00318,False,False,False,none
ckflddmb-1,TMA00318,False,False,False,none
ckflkmom-1,TMA00318,False,False,False,none
ckflonnf-1,TMA00318,False,False,False,none
ckfocbgj-1,TMA00318,False,False,False,none
ckgaobbl-1,TMA00318,False,False,False,none
ckgbfcgm-1,TMA00318,False,False,False,none
ckgckono-1,TMA00318,False,False,False,none
ckgkdblc-1,TMA00318,False,False,False,none
ckhagphm-1,TMA00318,False,False,False,none
ckhhcnoh-1,TMA00318,False,False,False,none
ckhhgihl-1,TMA00318,False,False,False,none
ckhifopj-1,TMA00318,False,False,False,none
ckhnboal-1,TMA00318,False,False,False,none
ckiblobe-1,TMA00318,False,False,False,none
ckifdmbp-1,TMA00318,False,False,False,none
ckijookd-1,TMA00318,False,False,False,none
ckjdpjan-1,TMA00318,False,False,False,none
ckjebpkg-1,TMA00318,False,False,False,none
ckjniofo-1,TMA00318,False,False,False,none
ckjoifpn-1,TMA00318,False,False,False,none
ckkcdmnk-1,TMA00318,False,False,False,none
ckkedgek-1,TMA00318,False,False,False,none
ckkieelp-1,TMA00318,False,False,False,none
ckkjeaap-1,TMA00318,False,False,False,none
ckkpcblm-1,TMA00318,False,False,False,none
cklajgmc-1,TMA00318,False,False,False,none
cklejhdo-1,TMA00318,False,False,False,none
cklglgic-1,TMA00318,False,False,False,none
cklgpcba-1,TMA00318,False,False,False,none
cklhkmlf-1,TMA00318,False,False,False,none
cklimhmp-1,TMA00318,False,False,False,none
cklkifkp-1,TMA00318,False,False,False,none
cklkmbhh-1,TMA00318,False,False,False,none
ckmbhepg-1,TMA00318,False,False,False,none
ckmemboi-1,TMA00318,False,False,False,none
ckmggdid-1,TMA00318,False,False,False,none
ckmlmobm-1,TMA00318,False,False,False,none
ckmlpfdm-1,TMA00318,False,False,False,none
ckmogepk-1,TMA00318,False,False,False,none
cknhcmia-1,TMA00318,False,False,False,none
cknlomch-1,TMA00318,False,False,False,none
ckoapcgd-1,TMA00318,False,False,False,none
ckohoope-1,TMA00318,False,False,False,none
ckohpaba-1,TMA00318,False,False,False,none
ckokmgjm-1,TMA00318,False,False,False,none
ckpdlhpg-1,TMA00318,False,False,False,none
ckphnkfj-1,TMA00318,False,False,False,none
ckpiemfg-1,TMA00318,False,False,False,none
ckpjijpd-1,TMA00318,False,False,False,none
ckpmekgd-1,TMA00318,False,False,False,none
ckppnfoh-1,TMA00318,False,False,False,none
clabenkd-1,TMA00318,False,False,False,none
clacobgp-1,TMA00318,False,False,False,none
claoacnd-1,TMA00318,False,False,False,none
clbdjdon-1,TMA00318,False,False,False,none
clbedhnb-1,TMA00318,False,False,False,none
clbfaihn-1,TMA00318,False,False,False,none
clbpdjji-1,TMA00318,False,False,False,none
clbpegab-1,TMA00318,False,False,False,none
clcbfkmj-1,TMA00318,False,False,False,none
clcbkkmi-1,TMA00318,False,False,False,none
clceiigf-1,TMA00318,False,False,False,none
clcidkch-1,TMA00318,False,False,False,none
clcmnpcb-1,TMA00318,False,False,False,none
cldamiod-1,TMA00318,False,False,False,none
cldbimcf-1,TMA00318,False,False,False,none
cldhbokm-1,TMA00318,False,False,False,none
cldoamin-1,TMA00318,False,False,False,none
cleaplga-1,TMA00318,False,False,False,none
cleejhcd-1,TMA00318,False,False,False,none
clegdmcf-1,TMA00318,False,False,False,none
clehplbh-1,TMA00318,False,False,False,none
cleipell-1,TMA00318,False,False,False,none
clemflke-1,TMA00318,False,False,False,none
clenccnl-1,TMA00318,False,False,False,none
clfahjeo-1,TMA00318,False,False,False,none
clfchfpa-1,TMA00318,False,False,False,none
clfghedf-1,TMA00318,False,False,False,none
clfileje-1,TMA00318,False,False,False,none
clfofkon-1,TMA00318,False,False,False,none
clfokpkc-1,TMA00318,False,False,False,none
clfphlbp-1,TMA00318,False,False,False,none
clfpnobj-1,TMA00318,False,False,False,none
clgfomki-1,TMA00318,False,False,False,none
clgggmem-1,TMA00318,False,False,False,none
clghdgap-1,TMA00318,False,False,False,none
clgipajk-1,TMA00318,False,False,False,none
clgipcei-1,TMA00318,False,False,False,none
clgkglmn-1,TMA00318,False,False,False,none
clhabiip-1,TMA00318,False,False,False,none
clhhofme-1,TMA00318,False,False,False,none
clhkljdj-1,TMA00318,False,False,False,none
clhmofeh-1,TMA00318,False,False,False,none
cliepkhi-1,TMA00318,False,False,False,none
clifahji-1,TMA00318,False,False,False,none
clifpgoa-1,TMA00318,False,False,False,none
cligenfk-1,TMA00318,False,False,False,none
cliiljfp-1,TMA00318,False,False,False,none
cljghbmi-1,TMA00318,False,False,False,none
cljoccec-1,TMA00318,False,False,False,none
clkaajbp-1,TMA00318,False,False,False,none
clkclabk-1,TMA00318,False,False,False,none
clkfiicj-1,TMA00318,False,False,False,none
clkhilch-1,TMA00318,False,False,False,none
clkjahpn-1,TMA00318,False,False,False,none
clkopjgi-1,TMA00318,False,False,False,none
clljdjec-1,TMA00318,False,False,False,none
cllmgngi-1,TMA00318,False,False,False,none
cllpkipl-1,TMA00318,False,False,False,none
clmcjphi-1,TMA00318,False,False,False,none
clmfmpoa-1,TMA00318,False,False,False,none
clmhhhld-1,TMA00318,False,False,False,none
clmihpng-1,TMA00318,False,False,False,none
clmjghne-1,TMA00318,False,False,False,none
clmlkdmg-1,TMA00318,False,False,False,none
clnaecan-1,TMA00318,False,False,False,none
clnbcmfd-1,TMA00318,False,False,False,none
clneaijn-1,TMA00318,False,False,False,none
clnhlpfp-1,TMA00318,False,False,False,none
clnlilhf-1,TMA00318,False,False,False,none
clnmocpn-1,TMA00318,False,False,False,none
cloajghg-1,TMA00318,False,False,False,none
clobljko-1,TMA00318,False,False,False,none
cloekjdc-1,TMA00318,False,False,False,none
clogjbmb-1,TMA00318,False,False,False,none
clokdepj-1,TMA00318,False,False,False,none
clolllkl-1,TMA00318,False,False,False,none
clomolba-1,TMA00318,False,False,False,none
cloobgha-1,TMA00318,False,False,False,none
clopehgb-1,TMA00318,False,False,False,none
clpapcbe-1,TMA00318,False,False,False,none
clpdaone-1,TMA00318,False,False,False,none
clpfocnh-1,TMA00318,False,False,False,none
clpmfooi-1,TMA00318,False,False,False,none
cmackhom-1,TMA00318,False,False,False,none
cmaigpfg-1,TMA00318,False,False,False,none
cmanbooc-1,TMA00318,False,False,False,none
cmanmnpn-1,TMA00318,False,False,False,none
cmaocbld-1,TMA00318,False,False,False,none
cmbaapck-1,TMA00318,False,False,False,none
cmbidjdb-1,TMA00318,False,False,False,none
cmbklkig-1,TMA00318,False,False,False,none
cmbpmcon-1,TMA00318,False,False,False,none
cmcaeigb-1,TMA00318,False,False,False,none
cmcaklka-1,TMA00318,False,False,False,none
cmcbamcb-1,TMA00318,False,False,False,none
cmccnibh-1,TMA00318,False,False,False,none
cmciakhp-1,TMA00318,False,False,False,none
cmcmagap-1,TMA00318,False,False,False,none
cmcoljgf-1,TMA00318,False,False,False,none
cmcpomlb-1,TMA00318,False,False,False,none
cmcppbdj-1,TMA00318,False,False,False,none
cmdbjbej-1,TMA00318,False,False,False,none
cmdnfnkm-1,TMA00318,False,False,False,none
cmdoeagg-1,TMA00318,False,False,False,none
cmeachmo-1,TMA00318,False,False,False,none
cmecamgn-1,TMA00318,False,False,False,none
cmehlaeg-1,TMA00318,False,False,False,none
cmeijecj-1,TMA00318,False,False,False,none
cmemkjpl-1,TMA00318,False,False,False,none
cmempcpe-1,TMA00318,False,False,False,none
cmeodndc-1,TMA00318,False,False,False,none
cmeoofkm-1,TMA00318,False,False,False,none
cmepaidf-1,TMA00318,False,False,False,none
cmfahoee-1,TMA00318,False,False,False,none
cmfcjnca-1,TMA00318,False,False,False,none
cmfckacj-1,TMA00318,False,False,False,none
cmffglkn-1,TMA00318,False,False,False,none
cmfkcakg-1,TMA00318,False,False,False,none
cmfljgak-1,TMA00318,False,False,False,none
cmfmaaad-1,TMA00318,False,False,False,none
cmfmlkld-1,TMA00318,False,False,False,none
cmfngoba-1,TMA00318,False,False,False,none
cmfnhngj-1,TMA00318,False,False,False,none
cmfonffp-1,TMA00318,False,False,False,none
cmfooafj-1,TMA00318,False,False,False,none
cmgcchkl-1,TMA00318,False,False,False,none
cmgfkfbe-1,TMA00318,False,False,False,none
cmggojck-1,TMA00318,False,False,False,none
cmghnjee-1,TMA00318,False,False,False,none
cmgholad-1,TMA00318,False,False,False,none
cmgjgdhi-1,TMA00318,False,False,False,none
cmhdcglp-1,TMA00318,False,False,False,none
cmhgagkc-1,TMA00318,False,False,False,none
cmhoahdg-1,TMA00318,False,False,False,none
cmifohfl-1,TMA00318,False,False,False,none
cmihcfoi-1,TMA00318,False,False,False,none
cmilbopk-1,TMA00318,False,False,False,none
cmilefjo-1,TMA00318,False,False,False,none
cminjdii-1,TMA00318,False,False,False,none
cmjaddpn-1,TMA00318,False,False,False,none
cmkbmcff-1,TMA00318,False,False,False,none
cmkfijfj-1,TMA00318,False,False,False,none
cmkhdppn-1,TMA00318,False,False,False,none
cmkijdlk-1,TMA00318,False,False,False,none
cmkmloon-1,TMA00318,False,False,False,none
cmlhcegl-1,TMA00318,False,False,False,none
cmlkhfoh-1,TMA00318,False,False,False,none
cmllcnho-1,TMA00318,False,False,False,none
cmlmdcih-1,TMA00318,False,False,False,none
cmloeibe-1,TMA00318,False,False,False,none
cmmdhhkc-1,TMA00318,False,False,False,none
cmmiifbk-1,TMA00318,False,False,False,none
cmmlpdin-1,TMA00318,False,False,False,none
cmmnbfgj-1,TMA00318,False,False,False,none
cmnabcdf-1,TMA00318,False,False,False,none
cmnbeobl-1,TMA00318,False,False,False,none
cmncdcod-1,TMA00318,False,False,False,none
cmnejkid-1,TMA00318,False,False,False,none
cmnenhcg-1,TMA00318,False,False,False,none
cmnflbcm-1,TMA00318,False,False,False,none
cmnjlnhm-1,TMA00318,False,False,False,none
cmnpaeki-1,TMA00318,False,False,False,none
cmnpcnlf-1,TMA00318,False,False,False,none
cmocfleb-1,TMA00318,False,False,False,none
cmoeofao-1,TMA00318,False,False,False,none
cmofmcgc-1,TMA00318,False,False,False,none
cmogheng-1,TMA00318,False,False,False,none
cmohfjja-1,TMA00318,False,False,False,none
cmojkoin-1,TMA00318,False,False,False,none
cmokfmkh-1,TMA00318,False,False,False,none
cmonhjpd-1,TMA00318,False,False,False,none
cmpaamfm-1,TMA00318,False,False,False,none
cmpbacbi-1,TMA00318,False,False,False,none
cmphggca-1,TMA00318,False,False,False,none
cmpppdga-1,TMA00318,False,False,False,none
cnaipkij-1,TMA00318,False,False,False,none
cnaljbmf-1,TMA00318,False,False,False,none
cnaoepdl-1,TMA00318,False,False,False,none
cnbemanf-1,TMA00318,False,False,False,none
cnbjbmmn-1,TMA00318,False,False,False,none
cncblaca-1,TMA00318,False,False,False,none
cnclmheo-1,TMA00318,False,False,False,none
cncpkadc-1,TMA00318,False,False,False,none
cncpkgdb-1,TMA00318,False,False,False,none
cndacnga-1,TMA00318,False,False,False,none
cndafpil-1,TMA00318,False,False,False,none
cndbmoaj-1,TMA00318,False,False,False,none
cndgncod-1,TMA00318,False,False,False,none
cndhfdpp-1,TMA00318,False,False,False,none
cndkjmce-1,TMA00318,False,False,False,none
cndmbkel-1,TMA00318,False,False,False,none
cndpdogm-1,TMA00318,False,False,False,none
cndpolgo-1,TMA00318,False,False,False,none
cneekhcg-1,TMA00318,False,False,False,none
cnefbboi-1,TMA00318,False,False,False,none
cnehncdb-1,TMA00318,False,False,False,none
cnejekja-1,TMA00318,False,False,False,none
cnejfcgn-1,TMA00318,False,False,False,none
cnekmcgp-1,TMA00318,False,False,False,none
cnemhbbf-1,TMA00318,False,False,False,none
cneookng-1,TMA00318,False,False,False,none
cnfaeeka-1,TMA00318,False,False,False,none
cnfaimlc-1,TMA00318,False,False,False,none
cnfcgagm-1,TMA00318,False,False,False,none
cnfiijge-1,TMA00318,False,False,False,none
cnfindch-1,TMA00318,False,False,False,none
cnfkmkeg-1,TMA00318,False,False,False,none
cngagkaj-1,TMA00318,False,False,False,none
cngbnmco-1,TMA00318,False,False,False,none
cngcnkif-1,TMA00318,False,False,False,none
cngmfkil-1,TMA00318,False,False,False,none
cngpddil-1,TMA00318,False,False,False,none
cnhlnlnm-1,TMA00318,False,False,False,none
cniaceoo-1,TMA00318,False,False,False,none
cnichfko-1,TMA00318,False,False,False,none
cnighkpm-1,TMA00318,False,False,False,none
cnihlfff-1,TMA00318,False,False,False,none
cniimpke-1,TMA00318,False,False,False,none
cnkjimdm-1,TMA00318,False,False,False,none
cnlibooo-1,TMA00318,False,False,False,none
cnlllafh-1,TMA00318,False,False,False,none
cnlnjaaa-1,TMA00318,False,False,False,none
cnmdhlfg-1,TMA00318,False,False,False,none
cnmfmglo-1,TMA00318,False,False,False,none
cnnabgnk-1,TMA00318,False,False,False,none
cnnknabe-1,TMA00318,False,False,False,none
cnnndgdi-1,TMA00318,False,False,False,none
cnohngdh-1,TMA00318,False,False,False,none
cnopphim-1,TMA00318,False,False,False,none
cnpagbdm-1,TMA00318,False,False,False,none
cnpnabga-1,TMA00318,False,False,False,none
cocenklf-1,TMA00318,False,False,False,none
cochckek-1,TMA00318,False,False,False,none
codkjhfl-1,TMA00318,False,False,False,none
coeambjf-1,TMA00318,False,False,False,none
cofnngij-1,TMA00318,False,False,False,none
cohhgmbd-1,TMA00318,False,False,False,none
cohoimbp-1,TMA00318,False,False,False,none
coiefobg-1,TMA00318,False,False,False,none
coihenoa-1,TMA00318,False,False,False,none
coilkkpj-1,TMA00318,False,False,False,none
comfjbja-1,TMA00318,False,False,False,none
comknibe-1,TMA00318,False,False,False,none
condkkfp-1,TMA00318,False,False,False,none
conibahe-1,TMA00318,False,False,False,none
conineom-1,TMA00318,False,False,False,none
coohdibb-1,TMA00318,False,False,False,none
coojbdon-1,TMA00318,False,False,False,none
coonkfij-1,TMA00318,False,False,False,none
cpbbkkmp-1,TMA00318,False,False,False,none
cpbkjcgm-1,TMA00318,False,False,False,none
cpbpldcp-1,TMA00318,False,False,False,none
cpccjbnd-1,TMA00318,False,False,False,none
cpdcocgi-1,TMA00318,False,False,False,none
cpdlhieo-1,TMA00318,False,False,False,none
cpeaaaom-1,TMA00318,False,False,False,none
cpefaekn-1,TMA00318,False,False,False,none
cpfonfig-1,TMA00318,False,False,False,none
cpgdpbji-1,TMA00318,False,False,False,none
cpgiaplo-1,TMA00318,False,False,False,none
cpgkjlfi-1,TMA00318,False,False,False,none
cpgpahgg-1,TMA00318,False,False,False,none
cpgppkol-1,TMA00318,False,False,False,none
cphcdakc-1,TMA00318,False,False,False,none
cphgohim-1,TMA00318,False,False,False,none
cphhnigc-1,TMA00318,False,False,False,none
cphhomfd-1,TMA00318,False,False,False,none
cphjchll-1,TMA00318,False,False,False,none
cphkjihg-1,TMA00318,False,False,False,none
cphnefbc-1,TMA00318,False,False,False,none
cpiacbjp-1,TMA00318,False,False,False,none
cpibbmfc-1,TMA00318,False,False,False,none
cpibhdfj-1,TMA00318,False,False,False,none
cpiehhjk-1,TMA00318,False,False,False,none
cpihbemd-1,TMA00318,False,False,False,none
cpihmoii-1,TMA00318,False,False,False,none
cpiinnkj-1,TMA00318,False,False,False,none
cpjcempl-1,TMA00318,False,False,False,none
cpjeedok-1,TMA00318,False,False,False,none
cpjehfnf-1,TMA00318,False,False,False,none
cpjfkhdm-1,TMA00318,False,False,False,none
cpjgalod-1,TMA00318,False,False,False,none
cpjnbool-1,TMA00318,False,False,False,none
cpkhndif-1,TMA00318,False,False,False,none
cpldjmhf-1,TMA00318,False,False,False,none
cplebido-1,TMA00318,False,False,False,none
cpllolfb-1,TMA00318,False,False,False,none
cpmbamha-1,TMA00318,False,False,False,none
cpmffdga-1,TMA00318,False,False,False,none
cpmjhnki-1,TMA00318,False,False,False,none
cpnahmkj-1,TMA00318,False,False,False,none
cpnakici-1,TMA00318,False,False,False,none
cpnccljg-1,TMA00318,False,True,False,dTomato_Seq2_hi
cpnddfkc-1,TMA00318,False,False,False,none
cpokeeie-1,TMA00318,False,False,False,none
cpokjncb-1,TMA00318,False,False,False,none
cpokkooj-1,TMA00318,False,False,False,none
cppamfol-1,TMA00318,False,False,False,none
cppgjcog-1,TMA00318,False,False,False,none
cpphjabc-1,TMA00318,False,False,False,none
cppigmoc-1,TMA00318,False,False,False,none
cppopbkn-1,TMA00318,False,False,False,none
daaijogg-1,TMA00318,False,False,False,none
daakpehc-1,TMA00318,False,False,False,none
daalilmg-1,TMA00318,False,False,False,none
dabcpnhc-1,TMA00318,False,False,False,none
dabillmi-1,TMA00318,False,False,False,none
dabkgmoj-1,TMA00318,False,False,False,none
dabknlhk-1,TMA00318,False,False,False,none
dabknpmk-1,TMA00318,False,False,False,none
daboppgj-1,TMA00318,False,False,False,none
dacigmoe-1,TMA00318,False,False,False,none
dadfigdo-1,TMA00318,False,False,False,none
dadgpdee-1,TMA00318,False,False,False,none
dadlhodc-1,TMA00318,False,False,False,none
dadpgcco-1,TMA00318,False,False,False,none
daefehjn-1,TMA00318,False,False,False,none
daeghgom-1,TMA00318,False,False,False,none
daehjnkk-1,TMA00318,False,False,False,none
daehncie-1,TMA00318,False,False,False,none
daehoiej-1,TMA00318,False,False,False,none
daejgioa-1,TMA00318,False,False,False,none
daejipad-1,TMA00318,True,False,False,EGFP_Seq1_hi
daekgnnh-1,TMA00318,False,False,False,none
daelkbip-1,TMA00318,False,False,False,none
dafalcoa-1,TMA00318,False,False,False,none
dafalcpi-1,TMA00318,False,False,False,none
dafdhgha-1,TMA00318,False,False,False,none
dafeccbe-1,TMA00318,False,False,False,none
dafejmij-1,TMA00318,False,False,False,none
dafgihfb-1,TMA00318,False,False,False,none
dafjcnoa-1,TMA00318,False,False,False,none
dafmmign-1,TMA00318,False,False,False,none
dagddbbf-1,TMA00318,False,False,False,none
dagjjppn-1,TMA00318,False,False,False,none
daiaioac-1,TMA00318,False,False,False,none
daigefnl-1,TMA00318,False,False,False,none
daiippch-1,TMA00318,False,False,False,none
daijegcf-1,TMA00318,False,False,False,none
daiogaao-1,TMA00318,False,False,False,none
dajdjmfp-1,TMA00318,False,False,False,none
dajgjomg-1,TMA00318,False,False,False,none
dajkconf-1,TMA00318,False,False,False,none
dajpkbhc-1,TMA00318,False,False,False,none
dakfogbi-1,TMA00318,False,False,False,none
dandjgmg-1,TMA00318,False,False,False,none
danffamd-1,TMA00318,False,False,False,none
danhjcfo-1,TMA00318,False,False,False,none
danllfpc-1,TMA00318,False,False,False,none
danomhdo-1,TMA00318,False,False,False,none
daobacoe-1,TMA00318,False,False,False,none
daofbchn-1,TMA00318,False,False,False,none
daogbmfo-1,TMA00318,False,False,False,none
daokbgpp-1,TMA00318,False,False,False,none
daondfap-1,TMA00318,False,False,False,none
daongmmm-1,TMA00318,False,False,False,none
daopebof-1,TMA00318,False,False,False,none
dapcflin-1,TMA00318,False,False,False,none
dapokjco-1,TMA00318,False,False,False,none
dbagilla-1,TMA00318,False,False,False,none
dbagognl-1,TMA00318,False,False,False,none
dbahfiko-1,TMA00318,False,False,False,none
dbakkfch-1,TMA00318,False,False,False,none
dbamjpnn-1,TMA00318,False,False,False,none
dbaopaan-1,TMA00318,False,False,False,none
dbapbjjk-1,TMA00318,False,False,False,none
dbbachle-1,TMA00318,False,False,False,none
dbbajdfe-1,TMA00318,False,False,False,none
dbbiboho-1,TMA00318,False,False,False,none
dbbjdmfn-1,TMA00318,False,False,False,none
dbbkjmki-1,TMA00318,False,False,False,none
dbbnndkj-1,TMA00318,False,False,False,none
dbcealdg-1,TMA00318,False,False,False,none
dbcipcck-1,TMA00318,False,False,False,none
dbclejnk-1,TMA00318,False,False,False,none
dbclojgi-1,TMA00318,False,False,False,none
dbcncgig-1,TMA00318,False,False,False,none
dbcpffcd-1,TMA00318,False,False,False,none
dbdcnoog-1,TMA00318,False,False,False,none
dbdkekba-1,TMA00318,False,False,False,none
dbdlmhdc-1,TMA00318,False,False,False,none
dbdpecde-1,TMA00318,False,False,False,none
dbdpgaoj-1,TMA00318,False,False,False,none
dbeanfco-1,TMA00318,False,False,False,none
dbedokjm-1,TMA00318,False,False,False,none
dbelnmdm-1,TMA00318,False,False,False,none
dbengaap-1,TMA00318,False,False,False,none
dbenjjmb-1,TMA00318,False,False,False,none
dbfaniin-1,TMA00318,False,False,False,none
dbfganhd-1,TMA00318,False,False,False,none
dbfhoefh-1,TMA00318,False,False,False,none
dbfjhjch-1,TMA00318,False,False,False,none
dbfkmpch-1,TMA00318,False,False,False,none
dbfkofpf-1,TMA00318,False,False,False,none
dbfmdape-1,TMA00318,False,False,False,none
dbfmpgnf-1,TMA00318,False,False,False,none
dbgagnai-1,TMA00318,False,False,False,none
dbgbabep-1,TMA00318,False,False,False,none
dbgbhbbm-1,TMA00318,False,False,False,none
dbgckfmj-1,TMA00318,False,False,False,none
dbgggolk-1,TMA00318,False,False,False,none
dbgleppg-1,TMA00318,False,False,False,none
dbgofpml-1,TMA00318,False,False,False,none
dbgomamn-1,TMA00318,False,False,False,none
dbhbnjdg-1,TMA00318,False,False,False,none
dbhelhkl-1,TMA00318,False,False,False,none
dbhhhicj-1,TMA00318,False,False,False,none
dbhkkjcf-1,TMA00318,False,False,False,none
dbhlgojh-1,TMA00318,False,False,False,none
dbholmod-1,TMA00318,False,False,False,none
dbhpolec-1,TMA00318,False,False,False,none
dbicdnde-1,TMA00318,False,False,False,none
dbicmdmn-1,TMA00318,False,False,False,none
dbieejli-1,TMA00318,False,False,False,none
dbiencdj-1,TMA00318,False,False,False,none
dbieoepg-1,TMA00318,False,False,False,none
dbighdnf-1,TMA00318,False,False,False,none
dbimapch-1,TMA00318,False,False,False,none
dbimeomi-1,TMA00318,False,False,False,none
dbinbioe-1,TMA00318,False,False,False,none
dbjameab-1,TMA00318,False,False,False,none
dbjbaenj-1,TMA00318,False,False,False,none
dbjciacb-1,TMA00318,False,False,False,none
dbjdbfko-1,TMA00318,False,False,False,none
dbjehpag-1,TMA00318,False,False,False,none
dbjgpfil-1,TMA00318,False,False,False,none
dbjmgoie-1,TMA00318,False,False,False,none
dbkakmdm-1,TMA00318,False,False,False,none
dbkbaedh-1,TMA00318,False,False,False,none
dbkbdpnn-1,TMA00318,False,False,False,none
dbkdaoel-1,TMA00318,False,False,False,none
dbkfneci-1,TMA00318,False,False,False,none
dbkheolh-1,TMA00318,False,False,False,none
dbkmpeal-1,TMA00318,False,False,False,none
dbknnoon-1,TMA00318,False,False,False,none
dbkolbik-1,TMA00318,False,False,False,none
dbkplgca-1,TMA00318,False,False,False,none
dblacila-1,TMA00318,False,False,False,none
dbladhbc-1,TMA00318,False,False,False,none
dbldooka-1,TMA00318,False,False,False,none
dblmjefa-1,TMA00318,False,False,False,none
dblnfaci-1,TMA00318,False,False,False,none
dbmacmkh-1,TMA00318,False,False,False,none
dbmclnbp-1,TMA00318,False,False,False,none
dbmdlgjd-1,TMA00318,False,False,False,none
dbmdpkpk-1,TMA00318,False,False,False,none
dbmggppa-1,TMA00318,False,False,False,none
dbmhonfh-1,TMA00318,False,False,False,none
dbmjbdbj-1,TMA00318,False,False,False,none
dbmjokad-1,TMA00318,False,False,False,none
dbmlbjib-1,TMA00318,False,False,False,none
dbmnoobh-1,TMA00318,False,False,False,none
dbmpjcai-1,TMA00318,False,False,False,none
dbnbgjef-1,TMA00318,False,False,False,none
dbncabll-1,TMA00318,False,False,False,none
dbndkojk-1,TMA00318,False,False,False,none
dbnfblgp-1,TMA00318,False,False,False,none
dbnlplcb-1,TMA00318,False,False,False,none
dbnpiebj-1,TMA00318,False,False,False,none
dbobahli-1,TMA00318,False,False,False,none
dbodbiab-1,TMA00318,False,False,False,none
dbomgkfo-1,TMA00318,False,False,False,none
dbonoibc-1,TMA00318,False,False,False,none
dbpciali-1,TMA00318,False,False,False,none
dbpdbbjl-1,TMA00318,False,False,False,none
dbphpgdl-1,TMA00318,False,False,False,none
dbpijode-1,TMA00318,False,False,False,none
dbpmamao-1,TMA00318,False,False,False,none
dbpmdmld-1,TMA00318,False,False,False,none
dbpmjacn-1,TMA00318,False,False,False,none
dbpmlmko-1,TMA00318,False,False,False,none
dbppceml-1,TMA00318,False,False,False,none
dcaogjeb-1,TMA00318,False,False,False,none
dcbalfbh-1,TMA00318,False,False,False,none
dcbleinm-1,TMA00318,False,False,False,none
dcbmhmno-1,TMA00318,False,False,False,none
dcccbddp-1,TMA00318,False,False,False,none
dccelene-1,TMA00318,False,False,False,none
dcchjhdc-1,TMA00318,False,False,False,none
dcdjicfh-1,TMA00318,False,False,False,none
dcdpmcko-1,TMA00318,False,False,False,none
dcemnjgn-1,TMA00318,False,False,False,none
dcfaigji-1,TMA00318,False,False,False,none
dcfgomip-1,TMA00318,False,False,False,none
dcfhlhgp-1,TMA00318,False,False,False,none
dcfimalc-1,TMA00318,False,False,False,none
dcfjodeb-1,TMA00318,False,False,False,none
dcfkobip-1,TMA00318,False,False,False,none
dcfnohof-1,TMA00318,False,False,False,none
dcfpebpj-1,TMA00318,False,False,False,none
dcfpjnna-1,TMA00318,False,False,False,none
dcgboggo-1,TMA00318,False,False,False,none
dcgclmck-1,TMA00318,False,False,False,none
dcgcnmfd-1,TMA00318,False,False,False,none
dcgfgfnm-1,TMA00318,False,False,False,none
dcghdmff-1,TMA00318,False,False,False,none
dcgnbain-1,TMA00318,False,False,False,none
dchbeagc-1,TMA00318,False,False,False,none
dchdcppd-1,TMA00318,False,False,False,none
dchffbhm-1,TMA00318,False,False,False,none
dchhfkja-1,TMA00318,False,False,False,none
dchmmckn-1,TMA00318,False,False,False,none
dcimfccp-1,TMA00318,False,False,False,none
dciogllo-1,TMA00318,False,False,False,none
dcjcinad-1,TMA00318,False,False,False,none
dcjhiefc-1,TMA00318,False,False,False,none
dcjiclje-1,TMA00318,False,False,False,none
dcjinhfa-1,TMA00318,False,False,False,none
dcjiofie-1,TMA00318,False,False,False,none
dcjjbama-1,TMA00318,False,False,False,none
dcjjlbjk-1,TMA00318,False,False,False,none
dcjlhbff-1,TMA00318,False,False,False,none
dcjncdgn-1,TMA00318,False,False,False,none
dckekljp-1,TMA00318,False,False,False,none
dckfmhkk-1,TMA00318,False,False,False,none
dckhlknb-1,TMA00318,False,False,False,none
dcklecek-1,TMA00318,False,False,False,none
dclanndl-1,TMA00318,False,False,False,none
dclihgdb-1,TMA00318,False,False,False,none
dclkcana-1,TMA00318,False,False,False,none
dclmjcnh-1,TMA00318,False,False,False,none
dcmdajgm-1,TMA00318,False,False,False,none
dcmfhanj-1,TMA00318,False,False,False,none
dcmodcna-1,TMA00318,False,False,False,none
dcmpiajg-1,TMA00318,False,False,False,none
dcnalkob-1,TMA00318,False,False,False,none
dcngboib-1,TMA00318,False,False,False,none
dcngejmd-1,TMA00318,False,False,False,none
dcnjjpml-1,TMA00318,False,False,False,none
dcocepmf-1,TMA00318,False,False,False,none
dcodmgpl-1,TMA00318,False,False,False,none
dcofgodg-1,TMA00318,False,False,False,none
dcoggcoj-1,TMA00318,False,False,False,none
dcoiihkn-1,TMA00318,False,False,False,none
dcphockb-1,TMA00318,False,False,False,none
ddabpjfi-1,TMA00318,False,False,False,none
ddacdkic-1,TMA00318,False,False,False,none
ddadfnld-1,TMA00318,False,False,False,none
ddadpeee-1,TMA00318,False,False,False,none
ddaeiiec-1,TMA00318,False,False,False,none
ddafjnkm-1,TMA00318,False,False,False,none
ddajjjen-1,TMA00318,False,False,False,none
ddamciai-1,TMA00318,False,False,False,none
ddamdman-1,TMA00318,False,False,False,none
ddanefoc-1,TMA00318,False,False,False,none
ddaniobo-1,TMA00318,False,False,False,none
ddaocijn-1,TMA00318,False,False,False,none
ddbccohk-1,TMA00318,False,False,False,none
ddbeklie-1,TMA00318,False,False,False,none
ddbinago-1,TMA00318,False,False,False,none
ddbljoak-1,TMA00318,False,False,False,none
ddbllplj-1,TMA00318,False,False,False,none
ddbohpnm-1,TMA00318,False,False,False,none
ddbpcnno-1,TMA00318,False,False,False,none
ddbpdgck-1,TMA00318,False,False,False,none
ddcbhbao-1,TMA00318,False,False,False,none
ddccdgna-1,TMA00318,False,False,False,none
ddchmjek-1,TMA00318,False,False,False,none
ddcpflfd-1,TMA00318,False,False,False,none
ddcphbbh-1,TMA00318,False,False,False,none
dddjhpij-1,TMA00318,False,False,False,none
dddjoijk-1,TMA00318,False,False,False,none
dddkegme-1,TMA00318,False,False,False,none
dddmpelm-1,TMA00318,False,False,False,none
dddnahac-1,TMA00318,False,False,False,none
ddefccdc-1,TMA00318,False,False,False,none
ddejjcdg-1,TMA00318,False,False,False,none
ddejpeml-1,TMA00318,False,False,False,none
ddekcabo-1,TMA00318,False,False,False,none
ddenjbkn-1,TMA00318,False,False,False,none
ddfhefii-1,TMA00318,False,False,False,none
ddfninjb-1,TMA00318,False,False,False,none
ddfnnfed-1,TMA00318,False,False,False,none
ddfpehkj-1,TMA00318,False,False,False,none
ddfpiiea-1,TMA00318,False,False,False,none
ddgjcdpk-1,TMA00318,False,False,False,none
ddgmobdf-1,TMA00318,False,False,False,none
ddgnanhb-1,TMA00318,False,False,False,none
ddgnfggm-1,TMA00318,False,False,False,none
ddgnkklo-1,TMA00318,False,False,False,none
ddhednkd-1,TMA00318,False,False,False,none
ddheflkm-1,TMA00318,False,False,False,none
ddhgkbjf-1,TMA00318,False,False,False,none
ddhhbbem-1,TMA00318,False,False,False,none
ddhjfjpm-1,TMA00318,False,False,False,none
ddhjjipe-1,TMA00318,False,False,False,none
ddhmkoko-1,TMA00318,False,False,False,none
ddhohaha-1,TMA00318,False,False,False,none
ddiacncc-1,TMA00318,False,False,False,none
ddiaojci-1,TMA00318,False,False,False,none
ddiljgkp-1,TMA00318,False,False,False,none
ddiljlda-1,TMA00318,False,False,False,none
ddjbmkii-1,TMA00318,False,False,False,none
ddjdeaol-1,TMA00318,False,False,False,none
ddjeelma-1,TMA00318,False,False,False,none
ddjfagfm-1,TMA00318,False,False,False,none
ddjidkag-1,TMA00318,False,False,False,none
ddjipinc-1,TMA00318,False,False,False,none
ddjmhdbi-1,TMA00318,False,False,False,none
ddjoifpf-1,TMA00318,False,False,False,none
ddjpbekl-1,TMA00318,False,False,False,none
ddkdfbkl-1,TMA00318,False,False,False,none
ddkfjibo-1,TMA00318,False,False,False,none
ddkgefcm-1,TMA00318,False,False,False,none
ddkgieoe-1,TMA00318,False,False,False,none
ddkhidfb-1,TMA00318,False,False,False,none
ddkhncga-1,TMA00318,False,False,False,none
ddkkmaal-1,TMA00318,False,False,False,none
ddkokhmb-1,TMA00318,False,False,False,none
ddkpbnlk-1,TMA00318,False,False,False,none
ddlaaikf-1,TMA00318,False,False,False,none
ddlgllil-1,TMA00318,False,False,False,none
ddllabaj-1,TMA00318,False,False,False,none
ddlnbdcl-1,TMA00318,False,False,False,none
ddlpmcbm-1,TMA00318,False,False,False,none
ddmbimcg-1,TMA00318,False,False,False,none
ddmdondh-1,TMA00318,False,False,False,none
ddmjeebb-1,TMA00318,False,False,False,none
ddmjnabe-1,TMA00318,False,False,False,none
ddmpejdi-1,TMA00318,False,False,False,none
ddndjnid-1,TMA00318,False,False,False,none
ddndnpbk-1,TMA00318,False,False,False,none
ddobhkgf-1,TMA00318,False,False,False,none
ddoepmoe-1,TMA00318,False,False,False,none
ddoepojg-1,TMA00318,False,False,False,none
ddofanji-1,TMA00318,False,False,False,none
ddogbjoa-1,TMA00318,False,False,False,none
ddoiiibe-1,TMA00318,False,False,False,none
ddomameg-1,TMA00318,False,False,False,none
ddonjagg-1,TMA00318,False,False,False,none
ddpgchge-1,TMA00318,False,False,False,none
ddphalhd-1,TMA00318,False,False,False,none
ddphgdpp-1,TMA00318,False,False,False,none
ddpkjfna-1,TMA00318,False,False,False,none
deaepolf-1,TMA00318,False,False,False,none
deaggeeo-1,TMA00318,False,False,False,none
deamklef-1,TMA00318,False,False,False,none
deammfga-1,TMA00318,False,False,False,none
debbikcb-1,TMA00318,False,False,False,none
debeanoh-1,TMA00318,False,False,False,none
debhpili-1,TMA00318,False,False,False,none
debionek-1,TMA00318,False,False,False,none
debkopcm-1,TMA00318,False,False,False,none
deblobbo-1,TMA00318,False,False,False,none
debobach-1,TMA00318,False,False,False,none
debpbhon-1,TMA00318,False,False,False,none
decblipd-1,TMA00318,False,False,False,none
decnkapd-1,TMA00318,False,False,False,none
dedcgnan-1,TMA00318,False,False,False,none
dedfbifg-1,TMA00318,False,False,False,none
dedfgjda-1,TMA00318,False,False,False,none
dedhoclf-1,TMA00318,False,False,False,none
dedkdcdj-1,TMA00318,False,False,False,none
dedmeabg-1,TMA00318,False,False,False,none
dedoaell-1,TMA00318,False,False,False,none
deeccmfc-1,TMA00318,False,False,False,none
deehhnbp-1,TMA00318,False,False,False,none
deehkmld-1,TMA00318,False,False,False,none
deeikglg-1,TMA00318,False,False,False,none
deekbpli-1,TMA00318,False,False,False,none
deeojall-1,TMA00318,False,False,False,none
defcclfl-1,TMA00318,False,False,False,none
defcggji-1,TMA00318,False,False,False,none
defcheoc-1,TMA00318,False,False,False,none
defdkfen-1,TMA00318,False,False,False,none
defjncmg-1,TMA00318,False,False,False,none
defkdcbb-1,TMA00318,False,False,False,none
defkiipi-1,TMA00318,False,False,False,none
defmenoh-1,TMA00318,False,False,False,none
defoaffi-1,TMA00318,False,False,False,none
defopmlb-1,TMA00318,False,False,False,none
degaehhd-1,TMA00318,False,False,False,none
degbjlmd-1,TMA00318,False,False,False,none
degckjma-1,TMA00318,False,False,False,none
deghekfn-1,TMA00318,False,False,False,none
degkcafj-1,TMA00318,False,False,False,none
degklafp-1,TMA00318,False,False,False,none
deglcgeg-1,TMA00318,False,False,False,none
degpjjcl-1,TMA00318,False,False,False,none
degpopcm-1,TMA00318,False,False,False,none
dehaajeg-1,TMA00318,False,False,False,none
dehacldo-1,TMA00318,False,False,False,none
dehblnni-1,TMA00318,False,False,False,none
dehmdbmo-1,TMA00318,False,False,False,none
deifnhpl-1,TMA00318,False,False,False,none
deifnnbi-1,TMA00318,False,False,False,none
deiklnnk-1,TMA00318,False,False,False,none
deiljjgg-1,TMA00318,False,False,False,none
deimnbnp-1,TMA00318,False,False,False,none
deinnnoj-1,TMA00318,False,False,False,none
deiokmii-1,TMA00318,False,False,False,none
dejjhojb-1,TMA00318,False,False,False,none
dekfefgb-1,TMA00318,False,False,False,none
dekgjcmb-1,TMA00318,False,False,False,none
dekhfeeg-1,TMA00318,False,False,False,none
dekjapen-1,TMA00318,False,False,False,none
deladmpl-1,TMA00318,False,False,False,none
delbddpf-1,TMA00318,False,False,False,none
deldbimb-1,TMA00318,False,False,False,none
delghcjo-1,TMA00318,False,False,False,none
delngdif-1,TMA00318,False,False,False,none
delofcfi-1,TMA00318,False,False,False,none
demgfnnb-1,TMA00318,False,False,False,none
demieikh-1,TMA00318,False,False,False,none
demmkkhe-1,TMA00318,False,False,False,none
denbdnee-1,TMA00318,False,False,False,none
dendkhgk-1,TMA00318,False,False,False,none
denjkpbf-1,TMA00318,False,False,False,none
denkdemd-1,TMA00318,False,False,False,none
denkgapn-1,TMA00318,False,False,False,none
denlcgah-1,TMA00318,False,False,False,none
denmodkb-1,TMA00318,False,False,False,none
denpicia-1,TMA00318,False,False,False,none
deoeglmk-1,TMA00318,False,False,False,none
deogopfn-1,TMA00318,False,False,False,none
deojkeck-1,TMA00318,False,False,False,none
deomcglg-1,TMA00318,False,False,False,none
deomoeid-1,TMA00318,False,False,False,none
deoogdci-1,TMA00318,False,False,False,none
depfdbig-1,TMA00318,False,False,False,none
depjfalm-1,TMA00318,False,False,False,none
depkigfo-1,TMA00318,False,False,False,none
dfabhmjh-1,TMA00318,False,False,False,none
dfafbecb-1,TMA00318,False,False,False,none
dfahefim-1,TMA00318,False,False,False,none
dfahliap-1,TMA00318,False,False,False,none
dfammemk-1,TMA00318,False,False,False,none
dfbbpcgg-1,TMA00318,False,False,False,none
dfbbpmdb-1,TMA00318,False,False,False,none
dfbcmkdp-1,TMA00318,False,False,False,none
dfbgeaop-1,TMA00318,False,False,False,none
dfbgggac-1,TMA00318,False,False,False,none
dfbkhppm-1,TMA00318,False,False,False,none
dfbngbaa-1,TMA00318,False,False,False,none
dfcciffo-1,TMA00318,False,False,False,none
dfcdomdf-1,TMA00318,False,False,False,none
dfcnelog-1,TMA00318,False,False,False,none
dfcniaha-1,TMA00318,False,False,False,none
dfdcbgmn-1,TMA00318,False,False,False,none
dfdfhifd-1,TMA00318,False,False,False,none
dfdhcgmc-1,TMA00318,False,False,False,none
dfdhnoap-1,TMA00318,False,False,False,none
dfdpoedk-1,TMA00318,False,False,False,none
dfejomkm-1,TMA00318,False,False,False,none
dfeniafp-1,TMA00318,False,False,False,none
dffjlbic-1,TMA00318,False,False,False,none
dfflajjd-1,TMA00318,False,False,False,none
dfflglhp-1,TMA00318,False,False,False,none
dffodpph-1,TMA00318,False,False,False,none
dfgdffaj-1,TMA00318,False,False,False,none
dfggdjfn-1,TMA00318,False,False,False,none
dfgiheil-1,TMA00318,False,False,False,none
dfgoahim-1,TMA00318,False,False,False,none
dfgpepnh-1,TMA00318,False,False,False,none
dfhjnfge-1,TMA00318,False,False,False,none
dfhjpoeb-1,TMA00318,False,False,False,none
dfhkibbh-1,TMA00318,False,False,False,none
dfiomeoa-1,TMA00318,False,False,False,none
dfipgjjl-1,TMA00318,False,False,False,none
dfjfhkni-1,TMA00318,False,False,False,none
dfjhanmm-1,TMA00318,False,False,False,none
dfjnnbnj-1,TMA00318,False,False,False,none
dfkdhdfl-1,TMA00318,False,False,False,none
dfkdigdk-1,TMA00318,False,False,False,none
dfklpfda-1,TMA00318,False,False,False,none
dfkppneh-1,TMA00318,False,False,False,none
dflbgjda-1,TMA00318,False,False,False,none
dflfknbj-1,TMA00318,False,False,False,none
dflieplk-1,TMA00318,False,False,False,none
dflmiikc-1,TMA00318,False,False,False,none
dfmgpkfb-1,TMA00318,False,False,False,none
dfmidjnc-1,TMA00318,False,False,False,none
dfmjpbkk-1,TMA00318,False,False,False,none
dfmkgjdj-1,TMA00318,False,False,False,none
dfmolpdk-1,TMA00318,False,False,False,none
dfngbfmj-1,TMA00318,False,False,False,none
dfngecga-1,TMA00318,False,False,False,none
dfngmdfo-1,TMA00318,False,False,False,none
dfnipjap-1,TMA00318,False,False,False,none
dfnjfmhh-1,TMA00318,False,False,False,none
dfnoaejl-1,TMA00318,False,False,False,none
dfnpegpm-1,TMA00318,False,False,False,none
dfogdcog-1,TMA00318,False,False,False,none
dfohdfng-1,TMA00318,False,False,False,none
dfokpngb-1,TMA00318,False,False,False,none
dfpbbddj-1,TMA00318,False,False,False,none
dfpcjdff-1,TMA00318,False,False,False,none
dfpeejai-1,TMA00318,False,False,False,none
dfplmokh-1,TMA00318,False,False,False,none
dgabpnbh-1,TMA00318,False,False,False,none
dgacloeh-1,TMA00318,False,False,False,none
dgagjhan-1,TMA00318,False,False,False,none
dgajacod-1,TMA00318,False,False,False,none
dgalnbgh-1,TMA00318,False,False,False,none
dganhdfb-1,TMA00318,False,False,False,none
dganheao-1,TMA00318,False,False,False,none
dgapbacj-1,TMA00318,False,False,False,none
dgbbcojj-1,TMA00318,False,False,False,none
dgbeeflo-1,TMA00318,False,False,False,none
dgbepaop-1,TMA00318,False,False,False,none
dgblfnko-1,TMA00318,False,False,False,none
dgcefelg-1,TMA00318,False,False,False,none
dgcgafgn-1,TMA00318,False,False,False,none
dgchkacd-1,TMA00318,False,False,False,none
dgcknkmg-1,TMA00318,False,False,False,none
dgcmnnli-1,TMA00318,False,False,False,none
dgcngokm-1,TMA00318,False,False,False,none
dgcpbbgm-1,TMA00318,False,False,False,none
dgcpbpoh-1,TMA00318,False,False,False,none
dgdbknem-1,TMA00318,False,False,False,none
dgddlchh-1,TMA00318,False,False,False,none
dgdedidh-1,TMA00318,False,False,False,none
dgdefbff-1,TMA00318,False,False,False,none
dgdemehg-1,TMA00318,False,False,False,none
dgdgaiih-1,TMA00318,False,False,False,none
dgdhfopl-1,TMA00318,False,False,False,none
dgdhpfli-1,TMA00318,False,False,False,none
dgdmjoao-1,TMA00318,False,False,False,none
dgdomncf-1,TMA00318,False,False,False,none
dgdpjlli-1,TMA00318,False,False,False,none
dgealekf-1,TMA00318,False,False,False,none
dgeanbjc-1,TMA00318,False,False,False,none
dgfcacnd-1,TMA00318,False,False,False,none
dgfcdngo-1,TMA00318,False,False,False,none
dggbiabj-1,TMA00318,False,False,False,none
dggfbbei-1,TMA00318,False,False,False,none
dggohgif-1,TMA00318,False,False,False,none
dggpjgof-1,TMA00318,False,False,False,none
dghanjah-1,TMA00318,False,False,False,none
dghdgjhe-1,TMA00318,False,False,False,none
dghgkhpn-1,TMA00318,False,False,False,none
dghhgibb-1,TMA00318,False,False,False,none
dghimppm-1,TMA00318,False,False,False,none
dghkgghm-1,TMA00318,False,False,False,none
dghkhbpj-1,TMA00318,False,False,False,none
dghmhdld-1,TMA00318,False,False,False,none
dghneegl-1,TMA00318,False,False,False,none
dghokjbp-1,TMA00318,False,False,False,none
dghpmmkg-1,TMA00318,False,False,False,none
dgifmhen-1,TMA00318,False,False,False,none
dgigmbpb-1,TMA00318,False,False,False,none
dgiieool-1,TMA00318,False,False,False,none
dgiighim-1,TMA00318,False,False,False,none
dgimpoca-1,TMA00318,False,False,False,none
dgindnlj-1,TMA00318,False,False,False,none
dginiapi-1,TMA00318,False,False,False,none
dgjbfblm-1,TMA00318,False,False,False,none
dgjikbcp-1,TMA00318,False,False,False,none
dgjlnamd-1,TMA00318,False,False,False,none
dgjpjaop-1,TMA00318,False,False,False,none
dgkhbdgb-1,TMA00318,False,False,False,none
dgkhdmdo-1,TMA00318,False,False,False,none
dgkicpma-1,TMA00318,False,False,False,none
dglcnodp-1,TMA00318,False,False,False,none
dglcpihn-1,TMA00318,False,False,False,none
dglffpgo-1,TMA00318,False,False,False,none
dgllpcjb-1,TMA00318,False,False,False,none
dglmdndd-1,TMA00318,False,False,False,none
dglncmmo-1,TMA00318,False,False,False,none
dglobljd-1,TMA00318,False,False,False,none
dgmblmkd-1,TMA00318,False,False,False,none
dgmboeig-1,TMA00318,False,False,False,none
dgmhddpm-1,TMA00318,False,False,False,none
dgmhmhhg-1,TMA00318,False,False,False,none
dgnibgjm-1,TMA00318,False,False,False,none
dgniglpp-1,TMA00318,False,False,False,none
dgnpjgpd-1,TMA00318,False,False,False,none
dgocjmkl-1,TMA00318,False,False,False,none
dgokbijo-1,TMA00318,False,False,False,none
dgokmfjc-1,TMA00318,False,False,False,none
dgpahlbp-1,TMA00318,False,False,False,none
dgpcmoag-1,TMA00318,False,False,False,none
dgphpfmd-1,TMA00318,False,False,False,none
dhabhnaj-1,TMA00318,False,False,False,none
dhabicpa-1,TMA00318,False,False,False,none
dhacpjoe-1,TMA00318,False,False,False,none
dhahjied-1,TMA00318,False,False,False,none
dhainbaj-1,TMA00318,False,False,False,none
dhajeecg-1,TMA00318,False,False,False,none
dhappgff-1,TMA00318,False,False,False,none
dhbefild-1,TMA00318,False,False,False,none
dhbpecga-1,TMA00318,False,False,False,none
dhcajbcl-1,TMA00318,False,False,False,none
dhcdakme-1,TMA00318,False,False,False,none
dhehkdhn-1,TMA00318,False,False,False,none
dhfljfgj-1,TMA00318,False,False,False,none
dhgdhdim-1,TMA00318,False,False,False,none
dhgglogd-1,TMA00318,False,False,False,none
dhgigdee-1,TMA00318,False,False,False,none
dhgnapjl-1,TMA00318,False,False,False,none
dhgokiib-1,TMA00318,False,False,False,none
dhhieoph-1,TMA00318,False,False,False,none
dhioggei-1,TMA00318,False,False,False,none
dhipkmkh-1,TMA00318,False,False,False,none
dhjbjgoa-1,TMA00318,False,False,False,none
dhjfkalp-1,TMA00318,False,False,False,none
dhjgmeck-1,TMA00318,False,False,False,none
dhjihjjl-1,TMA00318,False,False,False,none
dhjmekke-1,TMA00318,False,False,False,none
dhjnepej-1,TMA00318,False,False,False,none
dhkclnjc-1,TMA00318,False,False,False,none
dhkebpme-1,TMA00318,False,False,False,none
dhleenak-1,TMA00318,False,False,False,none
dhlfacda-1,TMA00318,False,False,False,none
dhlhacfb-1,TMA00318,False,False,False,none
dhlifomj-1,TMA00318,False,False,False,none
dhlkcifk-1,TMA00318,False,False,False,none
dhllflff-1,TMA00318,False,False,False,none
dhmcelgo-1,TMA00318,False,False,False,none
dhmcgdjl-1,TMA00318,False,False,False,none
dhmmacpi-1,TMA00318,False,False,False,none
dhmmfnhf-1,TMA00318,False,False,False,none
dhmnajme-1,TMA00318,False,False,False,none
dhmnlefc-1,TMA00318,False,False,False,none
dhmnopag-1,TMA00318,False,False,False,none
dhnakekn-1,TMA00318,False,False,False,none
dhncghnb-1,TMA00318,False,False,False,none
dhndjkjl-1,TMA00318,False,False,False,none
dhnghced-1,TMA00318,False,False,False,none
dhnlieef-1,TMA00318,False,False,False,none
dhnmpcpo-1,TMA00318,False,False,False,none
dhodijkl-1,TMA00318,False,False,False,none
dhodnhan-1,TMA00318,False,False,False,none
dhoeppjo-1,TMA00318,False,False,False,none
dhoffeee-1,TMA00318,False,False,False,none
dhohakcn-1,TMA00318,False,False,False,none
dhojcjof-1,TMA00318,False,False,False,none
dhpecfcj-1,TMA00318,False,False,False,none
dhpgajom-1,TMA00318,False,False,False,none
dhplafne-1,TMA00318,False,False,False,none
dhplflbc-1,TMA00318,False,False,False,none
diadmjnd-1,TMA00318,False,False,False,none
diaelpan-1,TMA00318,False,False,False,none
diafaedj-1,TMA00318,False,False,False,none
diagbkgk-1,TMA00318,False,False,False,none
diamaipa-1,TMA00318,False,False,False,none
dianfcog-1,TMA00318,False,False,False,none
diapibmj-1,TMA00318,False,False,False,none
dibngbna-1,TMA00318,False,False,False,none
dicbmnli-1,TMA00318,False,False,False,none
dicihghg-1,TMA00318,False,False,False,none
dicjbjld-1,TMA00318,False,False,False,none
diclnpfg-1,TMA00318,False,False,False,none
dicodchm-1,TMA00318,False,False,False,none
didannji-1,TMA00318,False,False,False,none
didchjne-1,TMA00318,False,False,False,none
didelbbj-1,TMA00318,False,False,False,none
didfcoim-1,TMA00318,False,False,False,none
didlkjlc-1,TMA00318,False,False,False,none
didoipgp-1,TMA00318,False,False,False,none
didpgbmo-1,TMA00318,False,False,False,none
diegdpmp-1,TMA00318,False,False,False,none
diegellp-1,TMA00318,False,False,False,none
dieijlgl-1,TMA00318,False,False,False,none
diekgnim-1,TMA00318,False,False,False,none
dielgeen-1,TMA00318,False,False,False,none
dieogfda-1,TMA00318,False,False,False,none
difbpadc-1,TMA00318,False,False,False,none
difebdgc-1,TMA00318,False,False,False,none
difelock-1,TMA00318,False,False,False,none
difemfoa-1,TMA00318,False,False,False,none
difihmnc-1,TMA00318,False,False,False,none
difjckgo-1,TMA00318,False,False,False,none
difjojif-1,TMA00318,False,False,False,none
digdapng-1,TMA00318,False,False,False,none
digghgdj-1,TMA00318,False,False,False,none
dighacne-1,TMA00318,False,False,False,none
dighogbk-1,TMA00318,False,False,False,none
digjdkfk-1,TMA00318,False,False,False,none
digkgjai-1,TMA00318,False,False,False,none
digmedcl-1,TMA00318,False,False,False,none
digmfeop-1,TMA00318,False,False,False,none
digmncgb-1,TMA00318,False,False,False,none
dihaicoc-1,TMA00318,False,False,False,none
dihglijo-1,TMA00318,False,False,False,none
dihihgpd-1,TMA00318,False,False,False,none
dihjmgll-1,TMA00318,False,False,False,none
dihjooha-1,TMA00318,False,False,False,none
dihlekpc-1,TMA00318,False,False,False,none
dihmdmkh-1,TMA00318,False,False,False,none
diiadkgp-1,TMA00318,False,False,False,none
diibeddj-1,TMA00318,False,False,False,none
diibehmk-1,TMA00318,False,False,False,none
diikhmnn-1,TMA00318,False,False,False,none
diikpjhl-1,TMA00318,False,False,False,none
dijbmjpl-1,TMA00318,False,False,False,none
dijcdhip-1,TMA00318,False,False,False,none
dijkjkcd-1,TMA00318,False,False,False,none
dijmalek-1,TMA00318,False,False,False,none
dikiohee-1,TMA00318,False,False,False,none
diknajob-1,TMA00318,False,False,False,none
dilcpnka-1,TMA00318,False,False,False,none
dilekfao-1,TMA00318,False,False,False,none
dilgnjmi-1,TMA00318,False,False,False,none
diljbnhf-1,TMA00318,False,False,False,none
diljecdb-1,TMA00318,False,False,False,none
dilkilhn-1,TMA00318,False,False,False,none
dilkjioc-1,TMA00318,False,False,False,none
dimakecl-1,TMA00318,False,False,False,none
dimeacjo-1,TMA00318,False,False,False,none
dimgmdih-1,TMA00318,False,False,False,none
dimgpflj-1,TMA00318,False,False,False,none
dimihlhc-1,TMA00318,False,False,False,none
dimkbjjk-1,TMA00318,False,False,False,none
dimkkakh-1,TMA00318,False,False,False,none
dimljeck-1,TMA00318,False,False,False,none
dimmmfai-1,TMA00318,False,False,False,none
dimnnodg-1,TMA00318,False,False,False,none
dimpedak-1,TMA00318,False,False,False,none
dinbdnck-1,TMA00318,False,False,False,none
dinceala-1,TMA00318,False,False,False,none
dindaoke-1,TMA00318,False,False,False,none
dingclhl-1,TMA00318,False,False,False,none
dinjpmam-1,TMA00318,False,False,False,none
dinmjnbj-1,TMA00318,False,False,False,none
dinopfla-1,TMA00318,False,False,False,none
dioemcpf-1,TMA00318,False,False,False,none
diomgjlo-1,TMA00318,False,False,False,none
dipakidn-1,TMA00318,False,False,False,none
dipgbiaj-1,TMA00318,False,False,False,none
dipgbngh-1,TMA00318,False,False,False,none
dipgkdjd-1,TMA00318,False,False,False,none
diphhfeb-1,TMA00318,False,False,False,none
diphnege-1,TMA00318,False,False,False,none
dipiihcj-1,TMA00318,False,False,False,none
dipkhnap-1,TMA00318,False,False,False,none
dipkikfn-1,TMA00318,False,False,False,none
dipljadm-1,TMA00318,False,False,False,none
dipmhcap-1,TMA00318,False,False,False,none
dipnbcgd-1,TMA00318,False,False,False,none
dipobeic-1,TMA00318,False,False,False,none
dipojhgo-1,TMA00318,False,False,False,none
dipphjdo-1,TMA00318,False,False,False,none
djabpmcd-1,TMA00318,False,False,False,none
djafelnd-1,TMA00318,False,False,False,none
djalgmck-1,TMA00318,False,False,False,none
djammpak-1,TMA00318,False,False,False,none
djanldpe-1,TMA00318,False,False,False,none
djappkbc-1,TMA00318,False,False,False,none
djbdaodg-1,TMA00318,False,False,False,none
djbecfne-1,TMA00318,False,False,False,none
djbepeie-1,TMA00318,False,False,False,none
djbfdbbm-1,TMA00318,False,False,False,none
djbgnlle-1,TMA00318,False,False,False,none
djbhbneg-1,TMA00318,False,False,False,none
djbhchll-1,TMA00318,False,False,False,none
djbjdccp-1,TMA00318,False,False,False,none
djbjjobb-1,TMA00318,False,False,False,none
djbklgdc-1,TMA00318,False,False,False,none
djbkohnh-1,TMA00318,False,False,False,none
djblmbng-1,TMA00318,False,False,False,none
djbnjmna-1,TMA00318,False,False,False,none
djccfidh-1,TMA00318,False,False,False,none
djcdhabg-1,TMA00318,False,False,False,none
djceaphi-1,TMA00318,False,False,False,none
djcfadai-1,TMA00318,False,False,False,none
djchocim-1,TMA00318,False,False,False,none
djcjkfbp-1,TMA00318,False,False,False,none
djcncmha-1,TMA00318,False,False,False,none
djdcfmfj-1,TMA00318,False,False,False,none
djdfcmeg-1,TMA00318,False,False,False,none
djdgdhhm-1,TMA00318,False,False,False,none
djdgdopd-1,TMA00318,False,False,False,none
djdihbbe-1,TMA00318,False,False,False,none
djdjjnpk-1,TMA00318,False,False,False,none
djdlhpbc-1,TMA00318,False,False,False,none
djdnhkdj-1,TMA00318,False,False,False,none
djejgofm-1,TMA00318,False,False,False,none
djejigbn-1,TMA00318,False,False,False,none
djejikii-1,TMA00318,False,False,False,none
djembgfc-1,TMA00318,False,False,False,none
djenbaee-1,TMA00318,False,False,False,none
djenmnmk-1,TMA00318,False,False,False,none
djfclddp-1,TMA00318,False,False,False,none
djfdiahl-1,TMA00318,False,False,False,none
djfghmpi-1,TMA00318,False,False,False,none
djfglchg-1,TMA00318,False,False,False,none
djflogjk-1,TMA00318,False,False,False,none
djflpknj-1,TMA00318,False,False,False,none
djfobaap-1,TMA00318,False,False,False,none
djgcekkm-1,TMA00318,False,False,False,none
djgdecie-1,TMA00318,False,False,False,none
djgeabjm-1,TMA00318,False,False,False,none
djghondp-1,TMA00318,False,False,False,none
djgimone-1,TMA00318,False,False,False,none
djgllnlh-1,TMA00318,False,False,False,none
djhjlcma-1,TMA00318,False,False,False,none
djhkoahn-1,TMA00318,False,False,False,none
djhpjbhn-1,TMA00318,False,False,False,none
djianjei-1,TMA00318,False,False,False,none
djicbigg-1,TMA00318,False,False,False,none
djienaan-1,TMA00318,False,False,False,none
djifcgmd-1,TMA00318,False,False,False,none
djihmeed-1,TMA00318,False,False,False,none
djihodlh-1,TMA00318,False,False,False,none
djijcikm-1,TMA00318,False,False,False,none
djijjghp-1,TMA00318,False,False,False,none
djimclfp-1,TMA00318,False,False,False,none
djinbfhc-1,TMA00318,False,False,False,none
djipcalc-1,TMA00318,False,False,False,none
djipfelf-1,TMA00318,False,False,False,none
djjalnda-1,TMA00318,False,False,False,none
djjamlnn-1,TMA00318,False,False,False,none
djjdpggd-1,TMA00318,False,False,False,none
djjgcbmk-1,TMA00318,False,False,False,none
djjgkdko-1,TMA00318,False,False,False,none
djjiglhn-1,TMA00318,False,False,False,none
djjjhdkm-1,TMA00318,False,False,False,none
djjojjcn-1,TMA00318,False,False,False,none
djjpahhd-1,TMA00318,False,False,False,none
djjpbhnc-1,TMA00318,False,False,False,none
djkajnak-1,TMA00318,False,False,False,none
djkcdfcd-1,TMA00318,False,False,False,none
djkgmoce-1,TMA00318,False,False,False,none
djkhalel-1,TMA00318,False,False,False,none
djlejnlo-1,TMA00318,False,False,False,none
djlkgeab-1,TMA00318,False,False,False,none
djlmejfp-1,TMA00318,False,False,False,none
djlnkgpo-1,TMA00318,False,False,False,none
djlpmgca-1,TMA00318,False,False,False,none
djmakgee-1,TMA00318,False,False,False,none
djmanfcd-1,TMA00318,False,False,False,none
djmblegj-1,TMA00318,False,False,False,none
djmgbfeo-1,TMA00318,False,False,False,none
djmibgkj-1,TMA00318,False,False,False,none
djmikhmk-1,TMA00318,False,False,False,none
djmkcldg-1,TMA00318,False,False,False,none
djmldpnj-1,TMA00318,False,False,False,none
djmmbikk-1,TMA00318,False,False,False,none
djmmbkpa-1,TMA00318,False,False,False,none
djmpkdcf-1,TMA00318,False,False,False,none
djnaiedg-1,TMA00318,False,False,False,none
djndlono-1,TMA00318,False,False,False,none
djnefdmb-1,TMA00318,False,False,False,none
djnhgjoa-1,TMA00318,False,False,False,none
djniboco-1,TMA00318,False,False,False,none
djnifccc-1,TMA00318,False,False,False,none
djnifman-1,TMA00318,False,False,False,none
djnkkeke-1,TMA00318,False,False,False,none
djnnebgp-1,TMA00318,False,False,False,none
djnpabia-1,TMA00318,False,False,False,none
djodanej-1,TMA00318,False,False,False,none
djoedfef-1,TMA00318,False,False,False,none
djoeenpo-1,TMA00318,False,False,False,none
djoffdfm-1,TMA00318,False,False,False,none
djofhhkm-1,TMA00318,False,False,False,none
djogdmda-1,TMA00318,False,False,False,none
djojdjdk-1,TMA00318,False,False,False,none
djokbpil-1,TMA00318,False,False,False,none
djollpgp-1,TMA00318,False,False,False,none
djominij-1,TMA00318,False,False,False,none
djopofeb-1,TMA00318,False,False,False,none
djpccdcl-1,TMA00318,False,False,False,none
djpdhjbo-1,TMA00318,False,False,False,none
djpdpjmn-1,TMA00318,False,False,False,none
djpjhojo-1,TMA00318,False,False,False,none
djplfinp-1,TMA00318,False,False,False,none
djppmhhi-1,TMA00318,False,False,False,none
dkaggkif-1,TMA00318,False,False,False,none
dkakggib-1,TMA00318,False,False,False,none
dkakjahh-1,TMA00318,False,False,False,none
dkakmiog-1,TMA00318,False,False,False,none
dkakmlmg-1,TMA00318,False,False,False,none
dkbadcoi-1,TMA00318,False,False,False,none
dkbcjhok-1,TMA00318,False,False,False,none
dkbeldjj-1,TMA00318,False,False,False,none
dkbfkfma-1,TMA00318,False,False,False,none
dkbfmfbe-1,TMA00318,False,False,False,none
dkbgebmn-1,TMA00318,False,False,False,none
dkbgffnf-1,TMA00318,False,False,False,none
dkblnaoh-1,TMA00318,False,False,False,none
dkbnfhka-1,TMA00318,False,False,False,none
dkcappcc-1,TMA00318,False,False,False,none
dkcceapl-1,TMA00318,False,False,False,none
dkcdbcmg-1,TMA00318,False,False,False,none
dkcfimlf-1,TMA00318,False,False,False,none
dkcijehh-1,TMA00318,False,False,False,none
dkcmgaeg-1,TMA00318,False,False,False,none
dkdbneng-1,TMA00318,False,False,False,none
dkdjmbac-1,TMA00318,False,False,False,none
dkdkgdop-1,TMA00318,False,False,False,none
dkdnleii-1,TMA00318,False,False,False,none
dkebccpn-1,TMA00318,False,False,False,none
dkedfcgf-1,TMA00318,False,False,False,none
dkegnnel-1,TMA00318,False,False,False,none
dkehjcjo-1,TMA00318,False,False,False,none
dkejemck-1,TMA00318,False,False,False,none
dkelimeh-1,TMA00318,False,False,False,none
dkenebnh-1,TMA00318,False,False,False,none
dkeopijj-1,TMA00318,False,False,False,none
dkepcfkf-1,TMA00318,False,False,False,none
dkfaedhc-1,TMA00318,False,False,False,none
dkfapcbe-1,TMA00318,False,False,False,none
dkfbioji-1,TMA00318,False,False,False,none
dkfdbppc-1,TMA00318,False,False,False,none
dkfdeinh-1,TMA00318,False,False,False,none
dkfffaeg-1,TMA00318,False,False,False,none
dkfhfhdo-1,TMA00318,False,False,False,none
dkfmbdpa-1,TMA00318,False,False,False,none
dkgllfng-1,TMA00318,False,False,False,none
dkgmchnh-1,TMA00318,False,False,False,none
dkgmjaan-1,TMA00318,False,False,False,none
dkgphglm-1,TMA00318,False,False,False,none
dkhchkkn-1,TMA00318,False,False,False,none
dkhgibfo-1,TMA00318,False,False,False,none
dkhikomm-1,TMA00318,False,False,False,none
dkhocndj-1,TMA00318,False,False,False,none
dkichcap-1,TMA00318,False,False,False,none
dkigkkne-1,TMA00318,False,False,False,none
dkijfojj-1,TMA00318,False,False,False,none
dkjaadig-1,TMA00318,False,False,False,none
dkjamgpb-1,TMA00318,False,False,False,none
dkjcagbd-1,TMA00318,False,False,False,none
dkjehfea-1,TMA00318,False,False,False,none
dkjpokgp-1,TMA00318,False,False,False,none
dkkbbham-1,TMA00318,False,False,False,none
dkkfaamp-1,TMA00318,False,False,False,none
dkkjlmba-1,TMA00318,False,False,False,none
dkkjniaf-1,TMA00318,False,False,False,none
dkkmhkkj-1,TMA00318,False,False,False,none
dkknkfpf-1,TMA00318,False,False,False,none
dklbjdip-1,TMA00318,False,False,False,none
dklcpaih-1,TMA00318,False,False,False,none
dkldcieh-1,TMA00318,False,False,False,none
dklncjbc-1,TMA00318,False,False,False,none
dklnkcfh-1,TMA00318,False,False,False,none
dklobice-1,TMA00318,False,False,False,none
dkmgoboa-1,TMA00318,False,False,False,none
dkmheabl-1,TMA00318,False,False,False,none
dkmnmpjh-1,TMA00318,False,False,False,none
dkmpobli-1,TMA00318,False,False,False,none
dknbloih-1,TMA00318,False,False,False,none
dknheope-1,TMA00318,False,False,False,none
dknkbfcl-1,TMA00318,False,False,False,none
dkoaenfo-1,TMA00318,False,False,False,none
dkoejhaj-1,TMA00318,False,False,False,none
dkogpjna-1,TMA00318,False,False,False,none
dkoikmca-1,TMA00318,False,False,False,none
dkonpbbj-1,TMA00318,False,False,False,none
dkpbnkpp-1,TMA00318,False,False,False,none
dkpinnej-1,TMA00318,False,False,False,none
dkpjpigm-1,TMA00318,False,False,False,none
dkpkemib-1,TMA00318,False,False,False,none
dkpkpmce-1,TMA00318,False,False,False,none
dkpmblal-1,TMA00318,False,False,False,none
dlafcpln-1,TMA00318,False,False,False,none
dlajgheh-1,TMA00318,False,False,False,none
dlajikbb-1,TMA00318,False,False,False,none
dlbajhbl-1,TMA00318,False,False,False,none
dlbdanco-1,TMA00318,False,False,False,none
dlbdcafi-1,TMA00318,False,False,False,none
dlbfcpoc-1,TMA00318,False,False,False,none
dlbhdgbj-1,TMA00318,False,False,False,none
dlblpajl-1,TMA00318,False,False,False,none
dlcaggbc-1,TMA00318,False,False,False,none
dlcbfoec-1,TMA00318,False,False,False,none
dlcchbce-1,TMA00318,False,False,False,none
dlcdbgke-1,TMA00318,False,False,False,none
dlcgmllj-1,TMA00318,False,False,False,none
dlclcepb-1,TMA00318,False,False,False,none
dlcononh-1,TMA00318,False,False,False,none
dldafdkm-1,TMA00318,False,False,False,none
dldalfjc-1,TMA00318,False,False,False,none
dldeojej-1,TMA00318,False,False,False,none
dldkhffd-1,TMA00318,False,False,False,none
dldocgnf-1,TMA00318,False,False,False,none
dldojafl-1,TMA00318,False,False,False,none
dldpncjd-1,TMA00318,False,False,False,none
dldpnpni-1,TMA00318,False,False,False,none
dlebbdmg-1,TMA00318,False,False,False,none
dlecdjpd-1,TMA00318,False,False,False,none
dleddkac-1,TMA00318,False,False,False,none
dleipekc-1,TMA00318,False,False,False,none
dlelihek-1,TMA00318,False,False,False,none
dlemegln-1,TMA00318,False,False,False,none
dlfdbejg-1,TMA00318,False,False,False,none
dlfljpig-1,TMA00318,False,False,False,none
dlfmoone-1,TMA00318,False,False,False,none
dlfognlp-1,TMA00318,False,False,False,none
dlgfklla-1,TMA00318,False,False,False,none
dlggghcp-1,TMA00318,False,False,False,none
dlghelcm-1,TMA00318,False,False,False,none
dlghmkmj-1,TMA00318,False,False,False,none
dlgidblp-1,TMA00318,False,False,False,none
dlgjmapo-1,TMA00318,False,False,False,none
dlgolmlb-1,TMA00318,False,False,False,none
dlhidnmn-1,TMA00318,False,False,False,none
dlhpjfno-1,TMA00318,False,False,False,none
dlidlajh-1,TMA00318,False,False,False,none
dlihjhcd-1,TMA00318,False,False,False,none
dlinledc-1,TMA00318,False,False,False,none
dlipoied-1,TMA00318,False,False,False,none
dljbmalg-1,TMA00318,False,False,False,none
dljeanod-1,TMA00318,False,False,False,none
dljgebod-1,TMA00318,False,False,False,none
dljiaojm-1,TMA00318,False,False,False,none
dljidcgf-1,TMA00318,False,False,False,none
dljjhbkm-1,TMA00318,False,False,False,none
dljjlpjg-1,TMA00318,False,False,False,none
dljlljof-1,TMA00318,False,False,False,none
dlkldicm-1,TMA00318,False,False,False,none
dlkmhfaj-1,TMA00318,False,False,False,none
dlkpilch-1,TMA00318,False,False,False,none
dlliecif-1,TMA00318,False,False,False,none
dlljnlaf-1,TMA00318,False,False,False,none
dllmpfjb-1,TMA00318,False,False,False,none
dlmbdnkl-1,TMA00318,False,False,False,none
dlmdcale-1,TMA00318,False,False,False,none
dlmpiini-1,TMA00318,False,False,False,none
dlnagolg-1,TMA00318,False,False,False,none
dlncojbh-1,TMA00318,False,False,False,none
dlnebhjb-1,TMA00318,False,False,False,none
dlngilhm-1,TMA00318,False,False,False,none
dlnoelfe-1,TMA00318,False,False,False,none
dlofhbpl-1,TMA00318,False,False,False,none
dlogcaeh-1,TMA00318,False,False,False,none
dlohcgfo-1,TMA00318,False,False,False,none
dlolhkja-1,TMA00318,False,False,False,none
dlollckm-1,TMA00318,False,False,False,none
dlomgipd-1,TMA00318,False,False,False,none
dlomlgom-1,TMA00318,False,False,False,none
dlpdhdpj-1,TMA00318,False,False,False,none
dlpdigkd-1,TMA00318,False,False,False,none
dlpebpnk-1,TMA00318,False,False,False,none
dlpojknl-1,TMA00318,False,False,False,none
dmaedcdd-1,TMA00318,False,False,False,none
dmafalop-1,TMA00318,False,False,False,none
dmahalcn-1,TMA00318,False,False,False,none
dmaibjgd-1,TMA00318,False,False,False,none
dmajcbmp-1,TMA00318,False,False,False,none
dmakhinh-1,TMA00318,False,False,False,none
dmalgbjg-1,TMA00318,False,False,False,none
dmalipae-1,TMA00318,False,False,False,none
dmaojaic-1,TMA00318,False,False,False,none
dmapgmbp-1,TMA00318,False,False,False,none
dmbbchbc-1,TMA00318,False,False,False,none
dmbdgmop-1,TMA00318,False,False,False,none
dmbdjdpm-1,TMA00318,False,False,False,none
dmbhilfj-1,TMA00318,False,False,False,none
dmbifglh-1,TMA00318,False,False,False,none
dmbmlekp-1,TMA00318,False,False,False,none
dmcclkbk-1,TMA00318,False,False,False,none
dmcgmpoa-1,TMA00318,False,False,False,none
dmclmkhb-1,TMA00318,False,False,False,none
dmcmmikk-1,TMA00318,False,False,False,none
dmcpblgp-1,TMA00318,False,False,False,none
dmddbbfi-1,TMA00318,False,False,False,none
dmddlihm-1,TMA00318,False,False,False,none
dmdkofop-1,TMA00318,False,False,False,none
dmdlmeje-1,TMA00318,False,False,False,none
dmdplgop-1,TMA00318,False,False,False,none
dmebndkm-1,TMA00318,False,False,False,none
dmeehgnc-1,TMA00318,False,False,False,none
dmefcocb-1,TMA00318,False,False,False,none
dmeglkec-1,TMA00318,False,False,False,none
dmeknong-1,TMA00318,False,False,False,none
dmepafic-1,TMA00318,False,False,False,none
dmfciooj-1,TMA00318,False,False,False,none
dmfgfbif-1,TMA00318,False,False,False,none
dmfkbddm-1,TMA00318,False,False,False,none
dmfkkjne-1,TMA00318,False,False,False,none
dmgakblk-1,TMA00318,False,False,False,none
dmgbmmke-1,TMA00318,False,False,False,none
dmgchaia-1,TMA00318,False,False,False,none
dmgegcmf-1,TMA00318,False,False,False,none
dmgjnchi-1,TMA00318,False,False,False,none
dmgkncig-1,TMA00318,False,False,False,none
dmglalid-1,TMA00318,False,False,False,none
dmhhkidl-1,TMA00318,False,False,False,none
dmidlfgb-1,TMA00318,False,False,False,none
dmiiflpo-1,TMA00318,False,False,False,none
dmijlakb-1,TMA00318,False,False,False,none
dmiogpin-1,TMA00318,False,False,False,none
dmipaocn-1,TMA00318,False,False,False,none
dmjccdjh-1,TMA00318,False,False,False,none
dmjdhnig-1,TMA00318,False,False,False,none
dmjemcbb-1,TMA00318,False,False,False,none
dmjnokdh-1,TMA00318,False,False,False,none
dmkiiojd-1,TMA00318,False,False,False,none
dmkkjhnj-1,TMA00318,False,False,False,none
dmknijag-1,TMA00318,False,False,False,none
dmkobgce-1,TMA00318,False,False,False,none
dmlcileo-1,TMA00318,False,False,False,none
dmldkkhd-1,TMA00318,False,False,False,none
dmlfclkk-1,TMA00318,False,False,False,none
dmlgajnf-1,TMA00318,False,False,False,none
dmlgfjga-1,TMA00318,False,False,False,none
dmlionmc-1,TMA00318,False,False,False,none
dmlippna-1,TMA00318,False,False,False,none
dmlkmejp-1,TMA00318,False,False,False,none
dmlnfbam-1,TMA00318,False,False,False,none
dmloekic-1,TMA00318,False,False,False,none
dmmgclhh-1,TMA00318,False,False,False,none
dmmjfjan-1,TMA00318,False,False,False,none
dmmkglea-1,TMA00318,False,False,False,none
dmmkonph-1,TMA00318,False,False,False,none
dmmndlch-1,TMA00318,False,False,False,none
dmnanajb-1,TMA00318,False,False,False,none
dmnbgjaf-1,TMA00318,False,False,False,none
dmnfjgkg-1,TMA00318,False,False,False,none
dmngjcmc-1,TMA00318,False,False,False,none
dmnjopbo-1,TMA00318,False,False,False,none
dmnnhiid-1,TMA00318,False,False,False,none
dmogfbpo-1,TMA00318,False,False,False,none
dmohehpa-1,TMA00318,False,False,False,none
dmomdpkk-1,TMA00318,False,False,False,none
dmomlfol-1,TMA00318,False,False,False,none
dmonbgol-1,TMA00318,False,False,False,none
dmongegk-1,TMA00318,False,False,False,none
dmonlpaj-1,TMA00318,False,False,False,none
dmoojeck-1,TMA00318,False,False,False,none
dmpaimmo-1,TMA00318,False,False,False,none
dmphcgnl-1,TMA00318,False,False,False,none
dmpihppd-1,TMA00318,False,False,False,none
dmplfcaf-1,TMA00318,False,False,False,none
dmpphhnn-1,TMA00318,False,False,False,none
dnabjhmb-1,TMA00318,False,False,False,none
dnacgbfh-1,TMA00318,False,False,False,none
dnaecibp-1,TMA00318,False,False,False,none
dnaoehnp-1,TMA00318,False,False,False,none
dnapppag-1,TMA00318,False,False,False,none
dnbfhpmk-1,TMA00318,False,False,False,none
dnceodfo-1,TMA00318,False,False,False,none
dnclailg-1,TMA00318,False,False,False,none
dncnmgpa-1,TMA00318,False,True,False,dTomato_Seq2_hi
dncpkkbh-1,TMA00318,False,False,False,none
dndeellb-1,TMA00318,False,False,False,none
dndhopdb-1,TMA00318,False,False,False,none
dndlfgeo-1,TMA00318,False,False,False,none
dndnhebh-1,TMA00318,False,False,False,none
dndnhinf-1,TMA00318,False,False,False,none
dndohjob-1,TMA00318,False,False,False,none
dndonilj-1,TMA00318,False,False,False,none
dndppnbn-1,TMA00318,False,False,False,none
dnefebpo-1,TMA00318,False,False,False,none
dnepbigm-1,TMA00318,False,False,False,none
dnepbjah-1,TMA00318,False,False,False,none
dnfbilfi-1,TMA00318,False,False,False,none
dnfelapk-1,TMA00318,False,False,False,none
dnfhohkb-1,TMA00318,False,False,False,none
dnfifpom-1,TMA00318,False,False,False,none
dnfjjhco-1,TMA00318,False,False,False,none
dnfokloi-1,TMA00318,False,False,False,none
dnggolna-1,TMA00318,False,False,False,none
dnghecjf-1,TMA00318,False,False,False,none
dnglfplj-1,TMA00318,False,False,False,none
dnglklgk-1,TMA00318,False,False,False,none
dngninio-1,TMA00318,False,False,False,none
dnhedjkg-1,TMA00318,False,False,False,none
dnhmofek-1,TMA00318,False,False,False,none
dnhnlnhg-1,TMA00318,False,False,False,none
dnhnmmah-1,TMA00318,False,False,False,none
dniagifc-1,TMA00318,False,False,False,none
dnifalic-1,TMA00318,False,False,False,none
dnifmoam-1,TMA00318,False,False,False,none
dnimkgcp-1,TMA00318,False,False,False,none
dnjajlfo-1,TMA00318,False,False,False,none
dnjbcgpb-1,TMA00318,False,False,False,none
dnjennne-1,TMA00318,False,False,False,none
dnjhhhlg-1,TMA00318,False,False,False,none
dnjoaomj-1,TMA00318,False,False,False,none
dnjpkpnj-1,TMA00318,False,False,False,none
dnkbemee-1,TMA00318,False,False,False,none
dnkcbhim-1,TMA00318,False,False,False,none
dnkfoidd-1,TMA00318,False,False,False,none
dnkgconb-1,TMA00318,False,False,False,none
dnkiglhn-1,TMA00318,False,False,False,none
dnkioidg-1,TMA00318,False,False,False,none
dnkmpkbg-1,TMA00318,False,False,False,none
dnldnjjf-1,TMA00318,False,False,False,none
dnlfbenl-1,TMA00318,False,False,False,none
dnlielpa-1,TMA00318,False,False,False,none
dnliikfc-1,TMA00318,False,False,False,none
dnljlkdp-1,TMA00318,False,False,False,none
dnlkeeaj-1,TMA00318,False,False,False,none
dnmadgbk-1,TMA00318,False,False,False,none
dnmdekne-1,TMA00318,False,False,False,none
dnnhjgbl-1,TMA00318,False,False,False,none
dnnkbipp-1,TMA00318,False,False,False,none
dnnnojoo-1,TMA00318,False,False,False,none
dnnppalg-1,TMA00318,False,False,False,none
dnoaaaec-1,TMA00318,False,False,False,none
dnockjmo-1,TMA00318,False,False,False,none
dnoecplg-1,TMA00318,False,False,False,none
dnojpnim-1,TMA00318,False,False,False,none
dnopgihg-1,TMA00318,False,False,False,none
dnpafipg-1,TMA00318,False,False,False,none
dnpfnifn-1,TMA00318,False,False,False,none
dnpgaepd-1,TMA00318,False,False,False,none
dnpginpb-1,TMA00318,False,False,False,none
dnphheak-1,TMA00318,False,False,False,none
dnpmafnd-1,TMA00318,False,False,False,none
doajclpc-1,TMA00318,False,False,False,none
doajibdb-1,TMA00318,False,False,False,none
doakefac-1,TMA00318,False,False,False,none
dobfdlcd-1,TMA00318,False,False,False,none
dodkhflj-1,TMA00318,False,False,False,none
dodmhnko-1,TMA00318,False,False,False,none
doibonof-1,TMA00318,False,False,False,none
doiojnmp-1,TMA00318,False,False,False,none
dojfpmmi-1,TMA00318,False,False,False,none
dojhhgnp-1,TMA00318,False,False,False,none
dokbaobd-1,TMA00318,False,False,False,none
dokgbcaj-1,TMA00318,False,False,False,none
dokghkod-1,TMA00318,False,False,False,none
dolmfekg-1,TMA00318,False,False,False,none
dommojen-1,TMA00318,False,False,False,none
domppomb-1,TMA00318,False,False,False,none
donflhfe-1,TMA00318,False,False,False,none
doocjimc-1,TMA00318,False,False,False,none
dooipmji-1,TMA00318,False,False,False,none
doomkcnk-1,TMA00318,False,False,False,none
dopgpcfk-1,TMA00318,False,False,False,none
dopjejkd-1,TMA00318,False,False,False,none
dopjgapl-1,TMA00318,False,False,False,none
dopjiidk-1,TMA00318,False,False,False,none
dopkpemj-1,TMA00318,False,False,False,none
doplhicl-1,TMA00318,False,False,False,none
dopobcjk-1,TMA00318,False,False,False,none
dpadhpde-1,TMA00318,False,False,False,none
dpagcohe-1,TMA00318,False,False,False,none
dpalijeg-1,TMA00318,False,False,False,none
dpangnci-1,TMA00318,False,False,False,none
dpapkdfg-1,TMA00318,False,False,False,none
dpbbdopj-1,TMA00318,False,False,False,none
dpbcahcj-1,TMA00318,False,False,False,none
dpbdjdbi-1,TMA00318,False,False,False,none
dpbfaedn-1,TMA00318,False,False,False,none
dpbgpgld-1,TMA00318,False,False,False,none
dpbjgppi-1,TMA00318,False,False,False,none
dpbopdae-1,TMA00318,False,False,False,none
dpcbjjla-1,TMA00318,False,False,False,none
dpchonmm-1,TMA00318,False,False,False,none
dpdghlaa-1,TMA00318,False,False,False,none
dpdlgkhc-1,TMA00318,False,False,False,none
dpdnjoeo-1,TMA00318,False,False,False,none
dpdpmhpc-1,TMA00318,False,False,False,none
dpebncag-1,TMA00318,False,False,False,none
dpengimj-1,TMA00318,False,False,False,none
dpeogobi-1,TMA00318,False,False,False,none
dpfanjfd-1,TMA00318,False,False,False,none
dpfecldo-1,TMA00318,False,False,False,none
dpfofmpe-1,TMA00318,False,False,False,none
dpgdcpeh-1,TMA00318,False,False,False,none
dpghngnf-1,TMA00318,False,False,False,none
dpgpkppo-1,TMA00318,False,False,False,none
dphaofgo-1,TMA00318,False,False,False,none
dpjeohhi-1,TMA00318,False,False,False,none
dpjfapkl-1,TMA00318,False,False,False,none
dpkeedfg-1,TMA00318,False,False,False,none
dpmjjbhl-1,TMA00318,False,False,False,none
dpndjfao-1,TMA00318,False,False,False,none
dpnellmi-1,TMA00318,False,False,False,none
dpnfjedn-1,TMA00318,False,False,False,none
dpocmbaa-1,TMA00318,False,False,False,none
dpofifim-1,TMA00318,False,False,False,none
dpogdkik-1,TMA00318,False,False,False,none
dpoigcjm-1,TMA00318,False,False,False,none
dpommmon-1,TMA00318,False,False,False,none
dponhjko-1,TMA00318,False,False,False,none
dpopmklm-1,TMA00318,False,False,False,none
dppjdnpd-1,TMA00318,False,False,False,none
dppjggni-1,TMA00318,False,False,False,none
dppjkcbj-1,TMA00318,False,False,False,none
dppjmfmi-1,TMA00318,False,False,False,none
eaabgihh-1,TMA00318,False,False,False,none
eaaeckdb-1,TMA00318,False,False,False,none
eaaeknag-1,TMA00318,False,False,False,none
eaagfmdc-1,TMA00318,False,False,False,none
eaahfhdd-1,TMA00318,False,False,False,none
eaakafca-1,TMA00318,False,False,False,none
eaaogoia-1,TMA00318,False,False,False,none
eabfjndp-1,TMA00318,False,False,False,none
eabhgeno-1,TMA00318,False,False,False,none
eabhoaaf-1,TMA00318,False,False,False,none
eablndbk-1,TMA00318,False,False,False,none
eabmdmel-1,TMA00318,False,False,False,none
eacahclc-1,TMA00318,False,False,False,none
eacdbgod-1,TMA00318,False,False,False,none
eadhajdi-1,TMA00318,False,False,False,none
eadhcanf-1,TMA00318,False,False,False,none
eadppkgg-1,TMA00318,False,False,False,none
eaecadke-1,TMA00318,False,False,False,none
eaecjgja-1,TMA00318,False,False,False,none
eaegmmbc-1,TMA00318,False,False,False,none
eaikdofd-1,TMA00318,False,False,False,none
eajahine-1,TMA00318,False,False,False,none
eajcpoga-1,TMA00318,False,False,False,none
eajhpmed-1,TMA00318,False,False,False,none
eajjenjk-1,TMA00318,False,False,False,none
eakbjggd-1,TMA00318,False,False,False,none
eakdniil-1,TMA00318,False,False,False,none
eakjamgf-1,TMA00318,False,False,False,none
eakjbolg-1,TMA00318,False,False,False,none
ealaccoo-1,TMA00318,False,False,False,none
ealaigfc-1,TMA00318,False,False,False,none
ealfgodc-1,TMA00318,False,False,False,none
ealogion-1,TMA00318,False,False,False,none
eamccjac-1,TMA00318,False,False,False,none
eamfbbcg-1,TMA00318,False,False,False,none
eamgbeaa-1,TMA00318,False,False,False,none
eamnpgpe-1,TMA00318,False,False,False,none
eanfhcbn-1,TMA00318,False,False,False,none
eanggdok-1,TMA00318,False,False,False,none
eanhplem-1,TMA00318,False,False,False,none
eanoccnb-1,TMA00318,False,False,False,none
eaobgihe-1,TMA00318,False,False,False,none
eaoggjgl-1,TMA00318,False,False,False,none
eaohojfg-1,TMA00318,False,False,False,none
eaoihfjm-1,TMA00318,False,False,False,none
eaopaajc-1,TMA00318,False,False,False,none
eaopalje-1,TMA00318,False,False,False,none
eaopkcie-1,TMA00318,False,False,False,none
eaopmebe-1,TMA00318,False,False,False,none
ebabncdo-1,TMA00318,False,False,False,none
ebadkpkm-1,TMA00318,False,False,False,none
ebchdfce-1,TMA00318,False,False,False,none
ebcpooic-1,TMA00318,False,False,False,none
ebdjjedc-1,TMA00318,False,False,False,none
ebgkkjgh-1,TMA00318,False,False,False,none
ebgnhkbj-1,TMA00318,False,False,False,none
ebgpodhh-1,TMA00318,False,False,False,none
ebhinckh-1,TMA00318,False,False,False,none
ebickhnm-1,TMA00318,False,False,False,none
ebieahhk-1,TMA00318,False,False,False,none
ebipcdab-1,TMA00318,False,False,False,none
ebipnpfc-1,TMA00318,False,False,False,none
ebjahdbh-1,TMA00318,False,False,False,none
ebjbpllb-1,TMA00318,False,False,False,none
ebjcmhmh-1,TMA00318,False,False,False,none
ebjnindf-1,TMA00318,False,False,False,none
ebkffjio-1,TMA00318,False,False,False,none
ebkfnpbe-1,TMA00318,False,False,False,none
ebkfpnbp-1,TMA00318,False,False,False,none
ebkmccnb-1,TMA00318,False,False,False,none
ebkmoioh-1,TMA00318,False,False,False,none
ebknngog-1,TMA00318,False,False,False,none
ebkodoha-1,TMA00318,False,False,False,none
eblgodlm-1,TMA00318,False,False,False,none
eblgopae-1,TMA00318,False,False,False,none
eblhbcfn-1,TMA00318,False,False,False,none
eblncnaj-1,TMA00318,False,False,False,none
eblninmh-1,TMA00318,False,False,False,none
ebmgpbnm-1,TMA00318,False,False,False,none
ebmoadnj-1,TMA00318,False,False,False,none
ebnbkdmc-1,TMA00318,False,False,False,none
ebngiffi-1,TMA00318,False,False,False,none
ebnhefke-1,TMA00318,False,False,False,none
ebnmbiee-1,TMA00318,False,False,False,none
ebnmmdcf-1,TMA00318,False,False,False,none
ebnppmbc-1,TMA00318,False,False,False,none
eboapigb-1,TMA00318,False,False,False,none
ebochlin-1,TMA00318,False,False,False,none
ebodbnbm-1,TMA00318,False,False,False,none
ebogggfj-1,TMA00318,False,False,False,none
ebokadbi-1,TMA00318,False,False,False,none
ebolhgbi-1,TMA00318,False,False,False,none
ebpciihh-1,TMA00318,False,False,False,none
ebpcnpik-1,TMA00318,False,False,False,none
ebpfnkpo-1,TMA00318,False,False,False,none
ebpghggj-1,TMA00318,False,False,False,none
ebpjmdjm-1,TMA00318,False,False,False,none
ebplakfe-1,TMA00318,False,False,False,none
ecaalhmf-1,TMA00318,False,False,False,none
ecalhnkm-1,TMA00318,False,False,False,none
ecameple-1,TMA00318,False,False,False,none
ecamfeli-1,TMA00318,False,False,False,none
ecbbjobp-1,TMA00318,False,False,False,none
ecbcfohh-1,TMA00318,False,False,False,none
ecbedala-1,TMA00318,False,False,False,none
ecbeljkh-1,TMA00318,False,False,False,none
ecbgfjek-1,TMA00318,False,False,False,none
ecbhigfa-1,TMA00318,False,False,False,none
eccifjjm-1,TMA00318,False,False,False,none
eccjjdfi-1,TMA00318,False,False,False,none
eccmjepf-1,TMA00318,False,False,False,none
ecdamben-1,TMA00318,False,False,False,none
ecddldhk-1,TMA00318,False,False,False,none
ecdgllfi-1,TMA00318,False,False,False,none
ecdiekdp-1,TMA00318,False,False,False,none
ecdjloll-1,TMA00318,False,False,False,none
ecefckjf-1,TMA00318,False,False,False,none
ecefkona-1,TMA00318,False,False,False,none
ecehpmgf-1,TMA00318,False,False,False,none
ecejndeo-1,TMA00318,False,False,False,none
ecekbelg-1,TMA00318,False,False,False,none
ecfhhcbk-1,TMA00318,False,False,False,none
ecfjdnie-1,TMA00318,False,False,False,none
ecgfcpfj-1,TMA00318,False,False,False,none
ecggpfom-1,TMA00318,False,False,False,none
ecgjjkbn-1,TMA00318,False,False,False,none
ecgpjhgc-1,TMA00318,False,False,False,none
echfolfg-1,TMA00318,False,False,False,none
echgekkg-1,TMA00318,False,False,False,none
echhbnjn-1,TMA00318,False,False,False,none
echilpck-1,TMA00318,False,False,False,none
echnfbgd-1,TMA00318,False,False,False,none
echpgpek-1,TMA00318,False,False,False,none
echpilag-1,TMA00318,False,False,False,none
ecibglca-1,TMA00318,False,False,False,none
ecihpkbi-1,TMA00318,False,False,False,none
ecimdmla-1,TMA00318,False,False,False,none
ecioagei-1,TMA00318,False,False,False,none
ecjcgicf-1,TMA00318,False,False,False,none
ecjdpjce-1,TMA00318,False,False,False,none
ecjejfdj-1,TMA00318,False,False,False,none
ecjfpmij-1,TMA00318,False,False,False,none
ecjkehan-1,TMA00318,False,False,False,none
eckblfdm-1,TMA00318,False,False,False,none
eckmcmmp-1,TMA00318,False,False,False,none
ecknifek-1,TMA00318,False,False,False,none
ecleggmn-1,TMA00318,False,False,False,none
eclejjno-1,TMA00318,False,False,False,none
eclogcan-1,TMA00318,False,False,False,none
ecmipgjm-1,TMA00318,False,False,False,none
ecnbfndo-1,TMA00318,False,False,False,none
ecngfjcl-1,TMA00318,False,False,False,none
ecnjbeep-1,TMA00318,False,False,False,none
ecnjkpjk-1,TMA00318,False,False,False,none
ecnkladd-1,TMA00318,False,False,False,none
ecnobeho-1,TMA00318,False,False,False,none
ecnodhcb-1,TMA00318,False,False,False,none
ecnommjj-1,TMA00318,False,False,False,none
ecodgema-1,TMA00318,False,False,False,none
ecofkpip-1,TMA00318,False,False,False,none
ecogenck-1,TMA00318,False,False,False,none
ecoingnp-1,TMA00318,False,False,False,none
ecoleepa-1,TMA00318,False,False,False,none
ecoojpfm-1,TMA00318,False,False,False,none
ecpbbpfo-1,TMA00318,False,False,False,none
ecpiekcb-1,TMA00318,False,False,False,none
ecpoafim-1,TMA00318,False,False,False,none
edacbfcp-1,TMA00318,False,False,False,none
edahdbbe-1,TMA00318,False,False,False,none
edamggoc-1,TMA00318,False,False,False,none
edbinold-1,TMA00318,False,False,False,none
edbjlnhj-1,TMA00318,False,False,False,none
edbodjkp-1,TMA00318,False,False,False,none
edcaokcb-1,TMA00318,False,False,False,none
edcoiaio-1,TMA00318,False,False,False,none
edcopdji-1,TMA00318,False,False,False,none
edcpfgbm-1,TMA00318,False,False,False,none
edcpmdhg-1,TMA00318,False,False,False,none
eddanhij-1,TMA00318,False,False,False,none
eddgbdfa-1,TMA00318,False,False,False,none
eddidecf-1,TMA00318,False,False,False,none
edfknpii-1,TMA00318,False,False,False,none
edhbkcco-1,TMA00318,False,False,False,none
edhempop-1,TMA00318,False,False,False,none
edhldjka-1,TMA00318,False,False,False,none
edhmmgan-1,TMA00318,False,False,False,none
edhnchpi-1,TMA00318,False,False,False,none
edhpknkf-1,TMA00318,False,False,False,none
edicockk-1,TMA00318,False,False,False,none
edielcaa-1,TMA00318,False,False,False,none
edikdklb-1,TMA00318,False,False,False,none
edjanehj-1,TMA00318,False,False,False,none
edjbniaf-1,TMA00318,False,False,False,none
edjgppnn-1,TMA00318,False,False,False,none
edjhhoce-1,TMA00318,False,False,False,none
edjiaopm-1,TMA00318,False,False,False,none
edjkflcm-1,TMA00318,False,False,False,none
edjoadfe-1,TMA00318,False,False,False,none
edjognoe-1,TMA00318,False,False,False,none
edkanfcb-1,TMA00318,False,False,False,none
edkbkhkm-1,TMA00318,False,False,False,none
edkdcjip-1,TMA00318,False,False,False,none
edkdibho-1,TMA00318,False,False,False,none
edkffpol-1,TMA00318,False,False,False,none
edkgdkdp-1,TMA00318,False,False,False,none
edkichjm-1,TMA00318,False,False,False,none
edknlmnf-1,TMA00318,False,False,False,none
edknmmek-1,TMA00318,False,False,False,none
edknndeo-1,TMA00318,False,False,False,none
edlamkhk-1,TMA00318,False,False,False,none
edlappkd-1,TMA00318,False,False,False,none
edlbfbdi-1,TMA00318,False,False,False,none
edlkgpae-1,TMA00318,False,False,False,none
edlmjfgg-1,TMA00318,False,False,False,none
edlndgao-1,TMA00318,False,False,False,none
edlpipme-1,TMA00318,False,False,False,none
edmedmcd-1,TMA00318,False,False,False,none
edmehmlo-1,TMA00318,False,False,False,none
edmheepm-1,TMA00318,False,False,False,none
edmhjfoi-1,TMA00318,False,False,False,none
edmjamhh-1,TMA00318,False,False,False,none
edmjfgkf-1,TMA00318,False,False,False,none
edmohing-1,TMA00318,False,False,False,none
edngomof-1,TMA00318,False,False,False,none
ednpikda-1,TMA00318,False,False,False,none
ednpnncl-1,TMA00318,False,False,False,none
edodakhf-1,TMA00318,False,False,False,none
edoddhim-1,TMA00318,False,False,False,none
eebnbllj-1,TMA00318,False,False,False,none
eebpmbgp-1,TMA00318,False,False,False,none
eecmekek-1,TMA00318,False,False,False,none
eecpcfig-1,TMA00318,False,False,False,none
eeddmljc-1,TMA00318,False,False,False,none
eedonhpn-1,TMA00318,False,False,False,none
eekcfonp-1,TMA00318,False,False,False,none
eepokokn-1,TMA00318,False,False,False,none
efachaie-1,TMA00318,False,False,False,none
efdmnjaa-1,TMA00318,False,False,False,none
efffjgpe-1,TMA00318,False,False,False,none
effoblon-1,TMA00318,False,False,False,none
efgjican-1,TMA00318,False,False,False,none
efheobjn-1,TMA00318,False,False,False,none
efhhddof-1,TMA00318,False,False,False,none
efhhdnei-1,TMA00318,False,False,False,none
efhihmmm-1,TMA00318,False,False,False,none
efilffil-1,TMA00318,False,False,False,none
efilmlod-1,TMA00318,False,False,False,none
efjicpde-1,TMA00318,False,False,False,none
efjpifkd-1,TMA00318,False,False,False,none
efkbkfbf-1,TMA00318,False,False,False,none
efkehbim-1,TMA00318,False,False,False,none
efligidi-1,TMA00318,False,False,False,none
efmaklnh-1,TMA00318,False,False,False,none
efmgjnpd-1,TMA00318,False,False,False,none
efmkkoha-1,TMA00318,False,False,False,none
efnnccdc-1,TMA00318,False,False,False,none
efnnobcf-1,TMA00318,False,False,False,none
efnomnfc-1,TMA00318,False,False,False,none
efoamkpb-1,TMA00318,False,False,False,none
efpccpdm-1,TMA00318,False,False,False,none
efplkofl-1,TMA00318,False,False,False,none
efpoibob-1,TMA00318,False,False,False,none
egamcgpk-1,TMA00318,False,False,False,none
egaoanlg-1,TMA00318,False,False,False,none
egbjkmoa-1,TMA00318,False,False,False,none
egenpdjd-1,TMA00318,False,False,False,none
egeokmck-1,TMA00318,False,False,False,none
egfecoaj-1,TMA00318,False,False,False,none
egffbkje-1,TMA00318,False,False,False,none
egildill-1,TMA00318,False,False,False,none
egjbgcjm-1,TMA00318,False,False,False,none
egkbbkfn-1,TMA00318,False,False,False,none
egkbnkji-1,TMA00318,False,False,False,none
egkfiiil-1,TMA00318,False,False,False,none
egkhpael-1,TMA00318,False,False,False,none
egkjipbk-1,TMA00318,False,False,False,none
eglkockg-1,TMA00318,False,False,False,none
egmbegld-1,TMA00318,False,False,False,none
egmffioo-1,TMA00318,False,False,False,none
egmmdlha-1,TMA00318,False,False,False,none
egmmnedh-1,TMA00318,False,False,False,none
egmokgld-1,TMA00318,False,False,False,none
egmonmgb-1,TMA00318,False,False,False,none
egnbkinl-1,TMA00318,False,False,False,none
egnfhmlo-1,TMA00318,False,False,False,none
egngeehk-1,TMA00318,False,False,False,none
egnkelkg-1,TMA00318,False,False,False,none
egnkndjc-1,TMA00318,False,False,False,none
egnmaabd-1,TMA00318,False,False,False,none
egnmljhh-1,TMA00318,False,False,False,none
egnnjigm-1,TMA00318,False,False,False,none
egobniao-1,TMA00318,False,False,False,none
egoedffc-1,TMA00318,False,False,False,none
egofgogd-1,TMA00318,False,False,False,none
egognnmd-1,TMA00318,False,False,False,none
egpceppe-1,TMA00318,False,False,False,none
egpckedo-1,TMA00318,False,False,False,none
egpfljfn-1,TMA00318,False,False,False,none
egpimjom-1,TMA00318,False,False,False,none
ehabmcfo-1,TMA00318,False,False,False,none
ehafggoi-1,TMA00318,False,False,False,none
ehafofnn-1,TMA00318,False,False,False,none
ehagnocg-1,TMA00318,False,False,False,none
ehakficb-1,TMA00318,False,False,False,none
ehaojebn-1,TMA00318,False,False,False,none
ehapdfmc-1,TMA00318,False,False,False,none
ehbhakmc-1,TMA00318,False,False,False,none
ehbhmgpd-1,TMA00318,False,False,False,none
ehbkemlc-1,TMA00318,False,False,False,none
ehdakiha-1,TMA00318,False,False,False,none
ehdilhlo-1,TMA00318,False,False,False,none
ehdinjda-1,TMA00318,False,False,False,none
ehdkmipl-1,TMA00318,False,False,False,none
ehdlflmg-1,TMA00318,False,False,False,none
ehdmcnjj-1,TMA00318,False,False,False,none
ehdpdemo-1,TMA00318,False,False,False,none
ehehbgfp-1,TMA00318,False,False,False,none
eheibkfj-1,TMA00318,False,False,False,none
ehejchnf-1,TMA00318,False,False,False,none
ehepggif-1,TMA00318,False,False,False,none
ehfdeegb-1,TMA00318,False,False,False,none
ehfkinal-1,TMA00318,False,False,False,none
ehfnfjle-1,TMA00318,False,False,False,none
ehgagbig-1,TMA00318,False,False,False,none
ehgdhpbm-1,TMA00318,False,False,False,none
ehgiaecm-1,TMA00318,False,True,False,dTomato_Seq2_hi
ehgjlkkk-1,TMA00318,False,False,False,none
ehgjogaj-1,TMA00318,False,False,False,none
ehgkcncf-1,TMA00318,False,False,False,none
ehgkoocd-1,TMA00318,False,False,False,none
ehgopeje-1,TMA00318,False,False,False,none
ehgpglhe-1,TMA00318,False,False,False,none
ehhkcdjc-1,TMA00318,False,False,False,none
ehiceloo-1,TMA00318,False,False,False,none
ehifldim-1,TMA00318,False,False,False,none
ehiihpjm-1,TMA00318,False,False,False,none
ehilblhm-1,TMA00318,False,False,False,none
ehjdlabj-1,TMA00318,False,False,False,none
ehjgejed-1,TMA00318,False,False,False,none
ehjlibho-1,TMA00318,False,False,False,none
ehjmbjel-1,TMA00318,False,False,False,none
ehjmincl-1,TMA00318,False,False,False,none
ehjpflpf-1,TMA00318,False,False,False,none
ehkbkidk-1,TMA00318,False,False,False,none
ehkicmha-1,TMA00318,False,False,False,none
ehkmhgpc-1,TMA00318,False,False,False,none
ehlanjdj-1,TMA00318,False,False,False,none
ehlhflbn-1,TMA00318,False,False,False,none
ehlieimg-1,TMA00318,False,False,False,none
ehmdonae-1,TMA00318,False,False,False,none
ehmlhbda-1,TMA00318,False,False,False,none
ehnbhcka-1,TMA00318,False,False,False,none
ehnbjmcm-1,TMA00318,False,False,False,none
ehndlcpj-1,TMA00318,False,False,False,none
ehnfgofd-1,TMA00318,False,False,False,none
ehnflpej-1,TMA00318,False,False,False,none
ehodhifi-1,TMA00318,False,False,False,none
ehoeeoee-1,TMA00318,False,False,False,none
ehogdmjg-1,TMA00318,False,False,False,none
eholegib-1,TMA00318,False,False,False,none
ehoofomj-1,TMA00318,False,False,False,none
ehpblbco-1,TMA00318,False,False,False,none
ehpcdlgp-1,TMA00318,False,False,False,none
ehpgbafb-1,TMA00318,False,False,False,none
ehphfoob-1,TMA00318,False,False,False,none
ehpngnmj-1,TMA00318,False,False,False,none
ehppignj-1,TMA00318,False,False,False,none
eiaahaie-1,TMA00318,False,False,False,none
eiabcblp-1,TMA00318,False,False,False,none
eiakblni-1,TMA00318,False,False,False,none
eiakfahb-1,TMA00318,False,False,False,none
eiaoagho-1,TMA00318,False,False,False,none
eibhkfac-1,TMA00318,False,False,False,none
eibpnbkp-1,TMA00318,False,False,False,none
eiccopbd-1,TMA00318,False,False,False,none
eicdhjkn-1,TMA00318,False,False,False,none
eicdhlof-1,TMA00318,False,False,False,none
eicdlain-1,TMA00318,False,False,False,none
eiceagbl-1,TMA00318,False,False,False,none
eicobjok-1,TMA00318,False,False,False,none
eicofakh-1,TMA00318,False,False,False,none
eidaegbp-1,TMA00318,False,False,False,none
eiddnjai-1,TMA00318,False,False,False,none
eideamln-1,TMA00318,False,False,False,none
eidgmbca-1,TMA00318,False,False,False,none
eidhodbf-1,TMA00318,False,False,False,none
eieadooo-1,TMA00318,False,False,False,none
eiegmalf-1,TMA00318,False,False,False,none
eieldihg-1,TMA00318,False,False,False,none
eienhplm-1,TMA00318,False,False,False,none
eifacnna-1,TMA00318,False,False,False,none
eifcbkpp-1,TMA00318,False,False,False,none
eifhdcgb-1,TMA00318,False,False,False,none
eigbbmkf-1,TMA00318,False,False,False,none
eigcooob-1,TMA00318,False,False,False,none
eigmahgb-1,TMA00318,False,False,False,none
eigmbkfa-1,TMA00318,False,False,False,none
eigoijeh-1,TMA00318,False,False,False,none
eihbcbjg-1,TMA00318,False,False,False,none
eihiacmo-1,TMA00318,False,False,False,none
eihnbgfl-1,TMA00318,False,False,False,none
eihpakkj-1,TMA00318,False,False,False,none
eiidcpfb-1,TMA00318,False,False,False,none
eiielncg-1,TMA00318,False,False,False,none
eiiikhim-1,TMA00318,False,False,False,none
eiipbahc-1,TMA00318,False,False,False,none
eijfcoae-1,TMA00318,False,False,False,none
eijfcodm-1,TMA00318,False,False,False,none
eijjgcie-1,TMA00318,False,False,False,none
eijkedik-1,TMA00318,False,False,False,none
eikebajc-1,TMA00318,False,False,False,none
eilgpokj-1,TMA00318,False,False,False,none
eilmdoia-1,TMA00318,False,False,False,none
eimadkdn-1,TMA00318,False,False,False,none
eimcibil-1,TMA00318,False,False,False,none
eimgpeic-1,TMA00318,False,False,False,none
eimhhihm-1,TMA00318,False,False,False,none
eimifolb-1,TMA00318,False,False,False,none
eimmfjnf-1,TMA00318,False,False,False,none
einambpj-1,TMA00318,False,False,False,none
eiobbfjg-1,TMA00318,False,False,False,none
eiobggjf-1,TMA00318,False,False,False,none
eiodaeoj-1,TMA00318,False,False,False,none
eiohlknh-1,TMA00318,False,False,False,none
eiojlekl-1,TMA00318,False,False,False,none
eioldhan-1,TMA00318,False,False,False,none
eipadepn-1,TMA00318,False,False,False,none
eipailnp-1,TMA00318,False,False,False,none
eipgolcn-1,TMA00318,False,False,False,none
eiphcmbm-1,TMA00318,False,False,False,none
eipkanom-1,TMA00318,False,False,False,none
eipmggga-1,TMA00318,False,False,False,none
ejabjlhc-1,TMA00318,False,False,False,none
ejadkpgf-1,TMA00318,False,False,False,none
ejagfdfo-1,TMA00318,False,False,False,none
ejaiohbi-1,TMA00318,False,False,False,none
ejamboee-1,TMA00318,False,False,False,none
ejbaihel-1,TMA00318,False,False,False,none
ejbghbee-1,TMA00318,False,False,False,none
ejbhbcmh-1,TMA00318,False,False,False,none
ejbplcin-1,TMA00318,False,False,False,none
ejcakjkn-1,TMA00318,False,False,False,none
ejcapdoc-1,TMA00318,False,False,False,none
ejccompe-1,TMA00318,False,False,False,none
ejchllph-1,TMA00318,False,False,False,none
ejcjfdgc-1,TMA00318,False,False,False,none
ejdebnmo-1,TMA00318,False,False,False,none
ejdecpoa-1,TMA00318,False,False,False,none
ejdofkgg-1,TMA00318,False,False,False,none
ejekjjjj-1,TMA00318,False,False,False,none
ejfganhl-1,TMA00318,False,False,False,none
ejfnfcfd-1,TMA00318,False,False,False,none
ejgagfem-1,TMA00318,False,False,False,none
ejgbemaa-1,TMA00318,False,False,False,none
ejgccmlk-1,TMA00318,False,False,False,none
ejghkkop-1,TMA00318,False,False,False,none
ejgoebnb-1,TMA00318,False,False,False,none
ejgomkeb-1,TMA00318,False,False,False,none
ejgpeikl-1,TMA00318,False,False,False,none
ejgpgbfm-1,TMA00318,False,False,False,none
ejidlaej-1,TMA00318,False,False,False,none
ejiefbpp-1,TMA00318,False,False,False,none
ejiejgmh-1,TMA00318,False,False,False,none
ejifibip-1,TMA00318,False,False,False,none
ejigmgif-1,TMA00318,False,False,False,none
ejigohln-1,TMA00318,False,False,False,none
ejikabcm-1,TMA00318,False,False,False,none
ejipeeac-1,TMA00318,False,False,False,none
ejjamcen-1,TMA00318,False,False,False,none
ejjcmmff-1,TMA00318,False,False,False,none
ejjfbeng-1,TMA00318,False,False,False,none
ejjfihlj-1,TMA00318,False,False,False,none
ejkdenbe-1,TMA00318,False,False,False,none
ejkdphjc-1,TMA00318,False,False,False,none
ejkejefe-1,TMA00318,False,False,False,none
ejkkphce-1,TMA00318,False,False,False,none
ejkmhmlh-1,TMA00318,False,False,False,none
ejlbopoh-1,TMA00318,False,False,False,none
ejldngbb-1,TMA00318,False,False,False,none
ejlfjjeg-1,TMA00318,False,False,False,none
ejlicepa-1,TMA00318,False,False,False,none
ejlnieak-1,TMA00318,False,False,False,none
ejlnkcen-1,TMA00318,False,False,False,none
ejmdpbie-1,TMA00318,False,False,False,none
ejmgjphk-1,TMA00318,False,False,False,none
ejmjgagh-1,TMA00318,False,False,False,none
ejmjkcap-1,TMA00318,False,False,False,none
ejmpkpjp-1,TMA00318,False,True,False,dTomato_Seq2_hi
ejnckcfl-1,TMA00318,False,False,False,none
ejnjpbkk-1,TMA00318,False,False,False,none
ejnkhfgh-1,TMA00318,False,False,False,none
ejnmojcj-1,TMA00318,False,False,False,none
ejnodbmd-1,TMA00318,False,False,False,none
ejnpadmk-1,TMA00318,False,False,False,none
ejofemjj-1,TMA00318,False,False,False,none
ejohgonc-1,TMA00318,False,False,False,none
ejokgmhj-1,TMA00318,False,False,False,none
ejonnppg-1,TMA00318,False,False,False,none
ejoppnpl-1,TMA00318,False,False,False,none
ejpijcjn-1,TMA00318,False,False,False,none
ejpppgfl-1,TMA00318,False,False,False,none
ejpppkgp-1,TMA00318,False,False,False,none
ekaajinn-1,TMA00318,False,False,False,none
ekagkfli-1,TMA00318,False,False,False,none
ekajppkn-1,TMA00318,False,False,False,none
ekamjkkh-1,TMA00318,False,False,False,none
ekbckcef-1,TMA00318,False,False,False,none
ekbjbomo-1,TMA00318,False,False,False,none
ekccjedk-1,TMA00318,False,False,False,none
ekcecogc-1,TMA00318,False,False,False,none
ekcehgap-1,TMA00318,False,False,False,none
ekcffhgp-1,TMA00318,False,False,False,none
ekchhdad-1,TMA00318,False,False,False,none
ekcmddjk-1,TMA00318,False,False,False,none
ekcndhfc-1,TMA00318,False,False,False,none
ekcpfalm-1,TMA00318,False,False,False,none
ekcpidga-1,TMA00318,False,False,False,none
ekdiiflf-1,TMA00318,False,False,False,none
ekdkacnm-1,TMA00318,False,False,False,none
ekehmjbf-1,TMA00318,False,False,False,none
ekeknkoe-1,TMA00318,False,False,False,none
ekemlfan-1,TMA00318,False,False,False,none
ekendlkk-1,TMA00318,False,False,False,none
ekeomdab-1,TMA00318,False,False,False,none
ekfbcgfg-1,TMA00318,False,False,False,none
ekffmpmp-1,TMA00318,False,False,False,none
ekfkgolk-1,TMA00318,False,False,False,none
ekfpppce-1,TMA00318,False,False,False,none
ekgfoejb-1,TMA00318,False,False,False,none
ekgganjn-1,TMA00318,False,False,False,none
ekgjcnpl-1,TMA00318,False,False,False,none
ekgkdlhc-1,TMA00318,False,False,False,none
ekgmfefm-1,TMA00318,False,False,False,none
ekgnodmk-1,TMA00318,False,False,False,none
ekgnpgig-1,TMA00318,False,False,False,none
ekgpdnen-1,TMA00318,False,False,False,none
ekhcclnd-1,TMA00318,False,False,False,none
ekhcpfam-1,TMA00318,False,False,False,none
ekhkgcco-1,TMA00318,False,False,False,none
ekhlpdnm-1,TMA00318,False,False,False,none
ekhncopg-1,TMA00318,False,False,False,none
ekiacche-1,TMA00318,False,False,False,none
ekicccff-1,TMA00318,False,False,False,none
ekigcgmg-1,TMA00318,False,False,False,none
ekiggajf-1,TMA00318,False,False,False,none
ekimomil-1,TMA00318,False,False,False,none
ekiokohc-1,TMA00318,False,False,False,none
ekjdojoj-1,TMA00318,False,False,False,none
ekjkblkd-1,TMA00318,False,False,False,none
ekjnccpi-1,TMA00318,False,False,False,none
ekjppimp-1,TMA00318,False,False,False,none
ekkagljm-1,TMA00318,False,False,False,none
ekkbenma-1,TMA00318,False,False,False,none
ekldhnod-1,TMA00318,False,False,False,none
ekleeoac-1,TMA00318,False,False,False,none
eklhanml-1,TMA00318,False,False,False,none
eklinhcc-1,TMA00318,False,False,False,none
eklpophl-1,TMA00318,False,False,False,none
ekmafgpk-1,TMA00318,False,False,False,none
ekmeclca-1,TMA00318,False,False,False,none
ekmhaaho-1,TMA00318,False,False,False,none
ekmmaebo-1,TMA00318,False,False,False,none
eknecpbe-1,TMA00318,False,False,False,none
eknjdnpe-1,TMA00318,False,False,False,none
eknkpeho-1,TMA00318,False,False,False,none
eknnngbg-1,TMA00318,False,False,False,none
eknpbmep-1,TMA00318,False,False,False,none
ekobeppn-1,TMA00318,False,False,False,none
ekocpkoj-1,TMA00318,False,False,False,none
ekodonid-1,TMA00318,False,False,False,none
ekoeohlf-1,TMA00318,False,False,False,none
ekomhhmj-1,TMA00318,False,False,False,none
ekomogma-1,TMA00318,False,False,False,none
ekoofjgm-1,TMA00318,False,False,False,none
ekpfbpgd-1,TMA00318,False,False,False,none
ekpgkkfn-1,TMA00318,False,False,False,none
ekphajkm-1,TMA00318,False,False,False,none
ekphlhcp-1,TMA00318,False,False,False,none
ekpkglhm-1,TMA00318,False,False,False,none
ekpkjolm-1,TMA00318,False,False,False,none
ekpldbca-1,TMA00318,False,False,False,none
ekpmaabo-1,TMA00318,False,False,False,none
elaapdgl-1,TMA00318,False,False,False,none
elabpppb-1,TMA00318,False,False,False,none
elagffpm-1,TMA00318,False,False,False,none
elaianbd-1,TMA00318,False,False,False,none
elailjii-1,TMA00318,False,False,False,none
elakohop-1,TMA00318,False,False,False,none
elallaho-1,TMA00318,False,False,False,none
elamcboj-1,TMA00318,False,False,False,none
elamdocd-1,TMA00318,False,False,False,none
elaooego-1,TMA00318,False,False,False,none
elbecpgm-1,TMA00318,False,False,False,none
elbfchhk-1,TMA00318,False,False,False,none
elbfidae-1,TMA00318,False,False,False,none
elbidhjp-1,TMA00318,False,False,False,none
elbnapba-1,TMA00318,False,False,False,none
elbncpnp-1,TMA00318,False,False,False,none
elboadpe-1,TMA00318,False,False,False,none
elcdbaal-1,TMA00318,False,False,False,none
elcgcmad-1,TMA00318,False,False,False,none
elcgflpc-1,TMA00318,False,False,False,none
elckkhjo-1,TMA00318,False,False,False,none
elckmpbe-1,TMA00318,False,False,False,none
eldaodkh-1,TMA00318,False,False,False,none
eldjhpem-1,TMA00318,False,False,False,none
eldkeeja-1,TMA00318,False,False,False,none
eldlfiii-1,TMA00318,False,False,False,none
eldpgbpk-1,TMA00318,False,False,False,none
elebmimf-1,TMA00318,False,False,False,none
eleedlmg-1,TMA00318,False,False,False,none
eleeeill-1,TMA00318,False,False,False,none
eleicpgc-1,TMA00318,False,False,False,none
elejjhhg-1,TMA00318,False,False,False,none
elejjmfg-1,TMA00318,False,False,False,none
elemclke-1,TMA00318,False,False,False,none
elepbibd-1,TMA00318,False,False,False,none
elfbipdp-1,TMA00318,False,False,False,none
elgggidi-1,TMA00318,False,False,False,none
elhgoonn-1,TMA00318,False,False,False,none
elhhnmhm-1,TMA00318,False,False,False,none
elhjmpjf-1,TMA00318,False,False,False,none
elhkgfea-1,TMA00318,False,False,False,none
elicplfo-1,TMA00318,False,False,False,none
elidhkne-1,TMA00318,False,False,False,none
elidjkck-1,TMA00318,False,False,False,none
elifacok-1,TMA00318,False,False,False,none
elifhkap-1,TMA00318,False,False,False,none
eliimjff-1,TMA00318,False,False,False,none
eljcnhng-1,TMA00318,False,False,False,none
eljdljdd-1,TMA00318,False,False,False,none
eljfaijh-1,TMA00318,False,False,False,none
eljoebpc-1,TMA00318,False,False,False,none
elkajmbm-1,TMA00318,False,False,False,none
elkakeap-1,TMA00318,False,False,False,none
elkhlnab-1,TMA00318,False,False,False,none
elkjgckc-1,TMA00318,False,False,False,none
ellleegm-1,TMA00318,False,False,False,none
elllgjph-1,TMA00318,False,False,False,none
ellncnih-1,TMA00318,False,False,False,none
ellpkhol-1,TMA00318,False,False,False,none
elmbleog-1,TMA00318,False,False,False,none
elmcaaed-1,TMA00318,False,False,False,none
elmdabef-1,TMA00318,False,False,False,none
elmliojk-1,TMA00318,False,False,False,none
elmomnjc-1,TMA00318,False,False,False,none
elnbnldf-1,TMA00318,False,False,False,none
elndlgme-1,TMA00318,False,False,False,none
elnfplke-1,TMA00318,False,False,False,none
elnnillk-1,TMA00318,False,False,False,none
elnpfmbk-1,TMA00318,False,False,False,none
elocjoab-1,TMA00318,False,False,False,none
eloejmad-1,TMA00318,False,False,False,none
eloghgjd-1,TMA00318,False,False,False,none
eloibafb-1,TMA00318,False,False,False,none
elojcgaa-1,TMA00318,False,False,False,none
elongcfo-1,TMA00318,False,False,False,none
elpbmeoo-1,TMA00318,False,False,False,none
elpfebbb-1,TMA00318,False,False,False,none
elpjdenc-1,TMA00318,False,False,False,none
elpljaab-1,TMA00318,False,False,False,none
elpnkaak-1,TMA00318,False,False,False,none
emaccndf-1,TMA00318,False,False,False,none
emacplel-1,TMA00318,False,False,False,none
emajnamc-1,TMA00318,False,False,False,none
emajoeck-1,TMA00318,False,False,False,none
emaldenh-1,TMA00318,False,False,False,none
emamidob-1,TMA00318,False,False,False,none
emanbgnm-1,TMA00318,False,False,False,none
emanjckp-1,TMA00318,False,False,False,none
embajadf-1,TMA00318,False,False,False,none
embalhae-1,TMA00318,False,False,False,none
embbceca-1,TMA00318,False,False,False,none
embfaphl-1,TMA00318,False,False,False,none
embfdhfm-1,TMA00318,False,False,False,none
embfnfmf-1,TMA00318,False,False,False,none
embhneoh-1,TMA00318,False,False,False,none
embjcdop-1,TMA00318,False,False,False,none
embnekpc-1,TMA00318,False,False,False,none
embonbni-1,TMA00318,False,False,False,none
emckmeme-1,TMA00318,False,False,False,none
emclflhn-1,TMA00318,False,False,False,none
emcodeca-1,TMA00318,False,False,False,none
emdcjhmc-1,TMA00318,False,False,False,none
emdeeijd-1,TMA00318,False,False,False,none
emdhfpdk-1,TMA00318,False,False,False,none
emdndiab-1,TMA00318,False,False,False,none
emeaikgc-1,TMA00318,False,False,False,none
emebjodg-1,TMA00318,False,False,False,none
emfejijl-1,TMA00318,False,False,False,none
emfikmbl-1,TMA00318,False,False,False,none
emflhdkl-1,TMA00318,False,False,False,none
emfmjihj-1,TMA00318,False,False,False,none
emgadjfl-1,TMA00318,False,False,False,none
emgboobf-1,TMA00318,False,False,False,none
emgcabbo-1,TMA00318,False,False,False,none
emgheeol-1,TMA00318,False,False,False,none
emgmmfje-1,TMA00318,False,False,False,none
emgpoiok-1,TMA00318,False,False,False,none
emhahaeg-1,TMA00318,False,False,False,none
emhbcmcf-1,TMA00318,False,False,False,none
emhengnf-1,TMA00318,False,False,False,none
emhfccjn-1,TMA00318,False,False,False,none
emhladlf-1,TMA00318,False,False,False,none
emhnabfc-1,TMA00318,False,False,False,none
emidmbba-1,TMA00318,False,False,False,none
emiialai-1,TMA00318,False,False,False,none
emiichdn-1,TMA00318,False,False,False,none
emikefkg-1,TMA00318,False,False,False,none
emikmfhk-1,TMA00318,False,False,False,none
emipmaif-1,TMA00318,False,False,False,none
emjcfepi-1,TMA00318,False,False,False,none
emjcjgef-1,TMA00318,False,False,False,none
emjlkkph-1,TMA00318,False,False,False,none
emjphilj-1,TMA00318,False,False,False,none
emkdgjlc-1,TMA00318,False,False,False,none
emkgfpek-1,TMA00318,False,False,False,none
emkkipag-1,TMA00318,False,False,False,none
emkpcnpg-1,TMA00318,False,False,False,none
emllmcfk-1,TMA00318,False,False,False,none
emmcachg-1,TMA00318,False,False,False,none
emmfgngj-1,TMA00318,False,False,False,none
emmiglci-1,TMA00318,False,False,False,none
emnblhpm-1,TMA00318,False,False,False,none
emndenge-1,TMA00318,False,False,False,none
emnpdagg-1,TMA00318,False,False,False,none
emojeppb-1,TMA00318,False,False,False,none
emphabhn-1,TMA00318,False,False,False,none
empkomjk-1,TMA00318,False,False,False,none
empocndp-1,TMA00318,False,False,False,none
emppnbco-1,TMA00318,False,False,False,none
enaajmgg-1,TMA00318,False,False,False,none
enadockm-1,TMA00318,False,False,False,none
enahkcll-1,TMA00318,False,False,False,none
enaighje-1,TMA00318,False,False,False,none
enalpaeo-1,TMA00318,False,False,False,none
enamdmcp-1,TMA00318,False,False,False,none
enamlnij-1,TMA00318,False,False,False,none
enanefgm-1,TMA00318,False,False,False,none
enbgihdl-1,TMA00318,False,False,False,none
enbibdjn-1,TMA00318,False,False,False,none
enbinhnb-1,TMA00318,False,False,False,none
encceepn-1,TMA00318,False,False,False,none
enccmofd-1,TMA00318,False,False,False,none
encdlfcg-1,TMA00318,False,False,False,none
encecnkf-1,TMA00318,False,False,False,none
encfocep-1,TMA00318,False,False,False,none
endcaefn-1,TMA00318,False,False,False,none
endcameh-1,TMA00318,False,False,False,none
endggnjh-1,TMA00318,False,False,False,none
endgicma-1,TMA00318,False,False,False,none
eneabcpj-1,TMA00318,False,False,False,none
enefamgj-1,TMA00318,False,False,False,none
enfcfgdf-1,TMA00318,False,False,False,none
enffmceg-1,TMA00318,False,False,False,none
engekfab-1,TMA00318,False,False,False,none
enghbeie-1,TMA00318,False,False,False,none
enginpai-1,TMA00318,False,False,False,none
engjndik-1,TMA00318,False,False,False,none
engmgckh-1,TMA00318,False,False,False,none
engogfno-1,TMA00318,False,False,False,none
enhihdjb-1,TMA00318,False,False,False,none
enhkofaf-1,TMA00318,False,False,False,none
enhncdnc-1,TMA00318,False,False,False,none
enhoplcl-1,TMA00318,False,False,False,none
enicihoc-1,TMA00318,False,False,False,none
enidkgbm-1,TMA00318,False,True,False,dTomato_Seq2_hi
enifklid-1,TMA00318,False,True,False,dTomato_Seq2_hi
enigdndi-1,TMA00318,False,False,False,none
enijjnno-1,TMA00318,False,False,False,none
enincpol-1,TMA00318,False,False,False,none
eninjjed-1,TMA00318,False,False,False,none
enjaeded-1,TMA00318,False,False,False,none
enjcgbef-1,TMA00318,False,False,False,none
enjdmoao-1,TMA00318,False,False,False,none
enjokmlm-1,TMA00318,False,False,False,none
enkakdml-1,TMA00318,False,False,False,none
enkbjfke-1,TMA00318,False,False,False,none
enkbodlh-1,TMA00318,False,False,False,none
enkeeccn-1,TMA00318,False,False,False,none
enkfdepn-1,TMA00318,False,False,False,none
enkfnemf-1,TMA00318,False,False,False,none
enkgkhkf-1,TMA00318,False,False,False,none
enkkglca-1,TMA00318,False,False,False,none
enkoooih-1,TMA00318,False,False,False,none
enkpefkj-1,TMA00318,False,False,False,none
enldcded-1,TMA00318,False,False,False,none
enlefgdf-1,TMA00318,False,False,False,none
enlgfohh-1,TMA00318,False,False,False,none
enlgomjn-1,TMA00318,False,False,False,none
enlkcplp-1,TMA00318,False,False,False,none
enllaalc-1,TMA00318,False,False,False,none
enlnhnpg-1,TMA00318,False,False,False,none
enlpjecb-1,TMA00318,False,False,False,none
enmcjeig-1,TMA00318,False,False,False,none
enmcoene-1,TMA00318,False,False,False,none
enmggibe-1,TMA00318,False,False,False,none
enmkgaoa-1,TMA00318,False,False,False,none
enmnpnki-1,TMA00318,False,False,False,none
enmomdef-1,TMA00318,False,False,False,none
enmpoamo-1,TMA00318,False,False,False,none
ennfdeag-1,TMA00318,False,False,False,none
ennhhmca-1,TMA00318,False,False,False,none
ennjjjdg-1,TMA00318,False,False,False,none
ennkbgbd-1,TMA00318,False,False,False,none
ennohfia-1,TMA00318,False,False,False,none
enodfhgl-1,TMA00318,False,False,False,none
enoegipk-1,TMA00318,False,False,False,none
enokeonp-1,TMA00318,False,False,False,none
enonfhem-1,TMA00318,False,False,False,none
enoploef-1,TMA00318,False,False,False,none
enpahfbn-1,TMA00318,False,False,False,none
enpbbaoa-1,TMA00318,False,False,False,none
enpbfmgp-1,TMA00318,False,False,False,none
enpbnbmm-1,TMA00318,False,False,False,none
enpjmchi-1,TMA00318,False,False,False,none
enpmemab-1,TMA00318,False,False,False,none
enpmgfgb-1,TMA00318,False,False,False,none
enpmjomj-1,TMA00318,False,False,False,none
enppkeeb-1,TMA00318,False,False,False,none
eoaaegmf-1,TMA00318,False,False,False,none
eoacdgcc-1,TMA00318,False,False,False,none
eoadmlfp-1,TMA00318,False,False,False,none
eoafflmj-1,TMA00318,False,False,False,none
eoafkgnm-1,TMA00318,False,False,False,none
eoaflhfg-1,TMA00318,False,False,False,none
eoamnjdc-1,TMA00318,False,False,False,none
eoanbkcl-1,TMA00318,False,False,False,none
eobaeoka-1,TMA00318,False,False,False,none
eoballka-1,TMA00318,False,False,False,none
eobceopp-1,TMA00318,False,False,False,none
eobdcidl-1,TMA00318,False,False,False,none
eobkppif-1,TMA00318,False,False,False,none
eobpmghn-1,TMA00318,False,False,False,none
eocdkcpf-1,TMA00318,False,False,False,none
eocedpnc-1,TMA00318,False,False,False,none
eocpedfj-1,TMA00318,False,False,False,none
eodaifim-1,TMA00318,False,False,False,none
eodfahlk-1,TMA00318,False,False,False,none
eodfkooe-1,TMA00318,False,False,False,none
eodhmokl-1,TMA00318,False,False,False,none
eoeejkke-1,TMA00318,False,False,False,none
eoegobko-1,TMA00318,False,False,False,none
eoeidoba-1,TMA00318,False,False,False,none
eoekpmkj-1,TMA00318,False,False,False,none
eoemhggl-1,TMA00318,False,False,False,none
eoempfin-1,TMA00318,False,False,False,none
eoffamih-1,TMA00318,False,False,False,none
eoffcfkc-1,TMA00318,False,False,False,none
eofihaai-1,TMA00318,False,False,False,none
eofkjeog-1,TMA00318,False,False,False,none
eofnpdah-1,TMA00318,False,False,False,none
eofoobef-1,TMA00318,False,False,False,none
eogahhkg-1,TMA00318,False,False,False,none
eogdlbal-1,TMA00318,False,False,False,none
eogdoeif-1,TMA00318,False,False,False,none
eoghnklc-1,TMA00318,False,False,False,none
eogjegod-1,TMA00318,False,False,False,none
eogjgljo-1,TMA00318,False,False,False,none
eogjlaje-1,TMA00318,False,False,False,none
eohedohk-1,TMA00318,False,False,False,none
eohelhga-1,TMA00318,False,False,False,none
eohjhbhj-1,TMA00318,False,False,False,none
eohmicao-1,TMA00318,False,False,False,none
eohoghpd-1,TMA00318,False,False,False,none
eohplboc-1,TMA00318,False,False,False,none
eoicjdih-1,TMA00318,False,False,False,none
eoiklfig-1,TMA00318,False,False,False,none
eoimhhcd-1,TMA00318,False,False,False,none
eoipfmcj-1,TMA00318,False,False,False,none
eojajood-1,TMA00318,False,False,False,none
eojglipc-1,TMA00318,False,False,False,none
eojlgaod-1,TMA00318,False,False,False,none
eojnhfjl-1,TMA00318,False,False,False,none
eojnpnfe-1,TMA00318,False,False,False,none
eojoaeim-1,TMA00318,False,False,False,none
eokflfmk-1,TMA00318,False,False,False,none
eokgogjn-1,TMA00318,False,False,False,none
eokhcdpd-1,TMA00318,False,False,False,none
eokjcojo-1,TMA00318,False,False,False,none
eokmgaak-1,TMA00318,False,False,False,none
eokmmalg-1,TMA00318,False,False,False,none
eokonihh-1,TMA00318,False,False,False,none
eoldcngl-1,TMA00318,False,True,False,dTomato_Seq2_hi
eoldjfii-1,TMA00318,False,False,False,none
eolffogg-1,TMA00318,False,False,False,none
eolfgakn-1,TMA00318,False,False,False,none
eollhmpo-1,TMA00318,False,False,False,none
eolncgoc-1,TMA00318,False,False,False,none
eomabcgo-1,TMA00318,False,False,False,none
eomeaccl-1,TMA00318,False,False,False,none
eomgmfhb-1,TMA00318,False,False,False,none
eomhaelg-1,TMA00318,False,False,False,none
eomkbgec-1,TMA00318,False,False,False,none
eomlbbhg-1,TMA00318,False,False,False,none
eonbjjdi-1,TMA00318,False,False,False,none
eoncfkaj-1,TMA00318,False,False,False,none
eonffhic-1,TMA00318,False,False,False,none
eongiaan-1,TMA00318,False,False,False,none
eonhojic-1,TMA00318,False,False,False,none
eonhpibo-1,TMA00318,False,False,False,none
eonkclfm-1,TMA00318,False,False,False,none
eonkkibo-1,TMA00318,False,False,False,none
eoonddmh-1,TMA00318,False,False,False,none
eoonmbap-1,TMA00318,False,False,False,none
eoonplea-1,TMA00318,False,False,False,none
eopgphip-1,TMA00318,False,False,False,none
eophljmk-1,TMA00318,False,False,False,none
eopkicmi-1,TMA00318,False,False,False,none
eopmgghc-1,TMA00318,False,False,False,none
epaanpim-1,TMA00318,False,False,False,none
epafjhnm-1,TMA00318,False,False,False,none
epafpcjj-1,TMA00318,False,False,False,none
epagcejo-1,TMA00318,False,False,False,none
epajbcnn-1,TMA00318,False,False,False,none
epajoall-1,TMA00318,False,False,False,none
epanfpka-1,TMA00318,False,False,False,none
epbmagdi-1,TMA00318,False,False,False,none
epccbjce-1,TMA00318,False,False,False,none
epcdkpln-1,TMA00318,False,False,False,none
epcdlcjc-1,TMA00318,False,False,False,none
epcfonmb-1,TMA00318,False,False,False,none
epciaige-1,TMA00318,False,False,False,none
epcojclf-1,TMA00318,False,False,False,none
epdbidoi-1,TMA00318,False,False,False,none
epdboepk-1,TMA00318,False,False,False,none
epdehdfj-1,TMA00318,False,False,False,none
epdejnao-1,TMA00318,False,False,False,none
epdeofle-1,TMA00318,False,False,False,none
epdgfmoi-1,TMA00318,False,False,False,none
epdicaod-1,TMA00318,False,False,False,none
epdimlfi-1,TMA00318,False,False,False,none
epdlnipp-1,TMA00318,False,False,False,none
epecaobb-1,TMA00318,False,False,False,none
epedihel-1,TMA00318,False,False,False,none
epeehmnb-1,TMA00318,False,False,False,none
epegadnj-1,TMA00318,False,False,False,none
epegmahc-1,TMA00318,False,False,False,none
epeplaph-1,TMA00318,False,False,False,none
epepnjnl-1,TMA00318,False,False,False,none
epfaacbd-1,TMA00318,False,False,False,none
epfbbnoh-1,TMA00318,False,False,False,none
epfeadei-1,TMA00318,False,False,False,none
epffcedh-1,TMA00318,False,False,False,none
epfhhhnn-1,TMA00318,False,False,False,none
epfillhm-1,TMA00318,False,False,False,none
epfjcone-1,TMA00318,False,False,False,none
epfkolaf-1,TMA00318,False,False,False,none
epfnpkdb-1,TMA00318,False,False,False,none
epfoebmh-1,TMA00318,False,False,False,none
epgafjkl-1,TMA00318,False,False,False,none
epgmekmj-1,TMA00318,False,False,False,none
epgokmod-1,TMA00318,False,False,False,none
ephbadbm-1,TMA00318,False,False,False,none
ephbkkkf-1,TMA00318,False,False,False,none
ephbnlgj-1,TMA00318,False,False,False,none
ephdkbco-1,TMA00318,False,False,False,none
ephfiepa-1,TMA00318,False,False,False,none
ephlkkgg-1,TMA00318,False,False,False,none
ephlppgf-1,TMA00318,False,False,False,none
epicdffe-1,TMA00318,False,False,False,none
epigapnb-1,TMA00318,False,False,False,none
epigifod-1,TMA00318,False,False,False,none
epiipkhf-1,TMA00318,False,False,False,none
epilaejg-1,TMA00318,False,False,False,none
epimbbia-1,TMA00318,False,False,False,none
epinlaee-1,TMA00318,False,False,False,none
epinnbgc-1,TMA00318,False,False,False,none
epipnjnf-1,TMA00318,False,False,False,none
epjdacih-1,TMA00318,False,False,False,none
epjhhjem-1,TMA00318,False,False,False,none
epjleoil-1,TMA00318,False,False,False,none
epjmaohd-1,TMA00318,False,False,False,none
epjmpjdp-1,TMA00318,False,False,False,none
epjoamjn-1,TMA00318,False,False,False,none
epjocibc-1,TMA00318,False,False,False,none
epjodnel-1,TMA00318,False,False,False,none
epjolcad-1,TMA00318,False,False,False,none
epjpdpgi-1,TMA00318,False,False,False,none
epkabpca-1,TMA00318,False,False,False,none
epkgagjp-1,TMA00318,False,False,False,none
epkhhfhp-1,TMA00318,False,False,False,none
epkifepo-1,TMA00318,False,False,False,none
eplcfofk-1,TMA00318,False,False,False,none
epljemkh-1,TMA00318,False,False,False,none
epljfahk-1,TMA00318,False,False,False,none
eplpcmej-1,TMA00318,False,False,False,none
eplpkaol-1,TMA00318,False,False,False,none
epmdlnjc-1,TMA00318,False,False,False,none
epmhniih-1,TMA00318,False,False,False,none
epmibcfh-1,TMA00318,False,False,False,none
epmichkp-1,TMA00318,False,False,False,none
epmiplkk-1,TMA00318,False,False,False,none
epmjdgbb-1,TMA00318,False,False,False,none
epmnpopp-1,TMA00318,False,False,False,none
epnalnlp-1,TMA00318,False,False,False,none
epnbijmi-1,TMA00318,False,False,False,none
epncjmka-1,TMA00318,False,False,False,none
epnffmgc-1,TMA00318,False,False,False,none
epnkiihd-1,TMA00318,False,False,False,none
epnljafl-1,TMA00318,False,False,False,none
epnlnhcm-1,TMA00318,False,False,False,none
epnlpaad-1,TMA00318,False,False,False,none
epnnndaf-1,TMA00318,False,False,False,none
epnoankk-1,TMA00318,False,False,False,none
epocfboo-1,TMA00318,False,False,False,none
epoeohgp-1,TMA00318,False,False,False,none
epofheaa-1,TMA00318,False,False,False,none
epohnajj-1,TMA00318,False,False,False,none
epoieaho-1,TMA00318,False,False,False,none
epokpldp-1,TMA00318,False,False,False,none
epomljci-1,TMA00318,False,False,False,none
epomoflg-1,TMA00318,False,False,False,none
epopaifj-1,TMA00318,False,False,False,none
eppcangb-1,TMA00318,False,False,False,none
eppgmoho-1,TMA00318,False,False,False,none
epplmmbk-1,TMA00318,False,False,False,none
eppncldf-1,TMA00318,False,False,False,none
eppooadf-1,TMA00318,False,False,False,none
faaciahc-1,TMA00318,False,False,False,none
faacjibp-1,TMA00318,False,False,False,none
faafejae-1,TMA00318,False,False,False,none
faahkipl-1,TMA00318,False,False,False,none
faajlehn-1,TMA00318,False,False,False,none
faaknbja-1,TMA00318,False,False,False,none
fabafncg-1,TMA00318,False,False,False,none
fabdecoi-1,TMA00318,False,False,False,none
fabidkhl-1,TMA00318,False,False,False,none
fabijpef-1,TMA00318,False,False,False,none
fabnfjde-1,TMA00318,False,False,False,none
fabphfae-1,TMA00318,False,False,False,none
facakelg-1,TMA00318,False,False,False,none
fadbjdda-1,TMA00318,False,False,False,none
fadkcmjo-1,TMA00318,False,False,False,none
fadnblpd-1,TMA00318,False,False,False,none
faeajdkc-1,TMA00318,False,False,False,none
fafcomcb-1,TMA00318,False,False,False,none
fafejeca-1,TMA00318,False,False,False,none
fagaejjn-1,TMA00318,False,False,False,none
faglbile-1,TMA00318,False,False,False,none
fagmkcpb-1,TMA00318,False,False,False,none
fagobhgn-1,TMA00318,False,False,False,none
fagpjgdn-1,TMA00318,False,False,False,none
fahbeonc-1,TMA00318,False,False,False,none
fahelgpg-1,TMA00318,False,False,False,none
fahgehff-1,TMA00318,False,False,False,none
fahifaib-1,TMA00318,False,False,False,none
fahkocoh-1,TMA00318,False,False,False,none
faichbmp-1,TMA00318,False,False,False,none
faihepci-1,TMA00318,False,False,False,none
faihiidj-1,TMA00318,False,False,False,none
faiiffdn-1,TMA00318,False,False,False,none
faiiobpp-1,TMA00318,False,False,False,none
faipoihi-1,TMA00318,False,False,False,none
fajbcioj-1,TMA00318,False,False,False,none
fajdcpdb-1,TMA00318,False,False,False,none
fajhfjmc-1,TMA00318,False,False,False,none
fajjobkb-1,TMA00318,False,False,False,none
fajkldpp-1,TMA00318,False,False,False,none
fakbjcgm-1,TMA00318,False,False,False,none
fakbpihp-1,TMA00318,False,False,False,none
fakflndd-1,TMA00318,False,False,False,none
fakgghji-1,TMA00318,False,False,False,none
fakhbnko-1,TMA00318,False,False,False,none
fakknkke-1,TMA00318,False,False,False,none
fakoembm-1,TMA00318,False,False,False,none
fakokghe-1,TMA00318,False,False,False,none
falbbkmj-1,TMA00318,False,False,False,none
falengak-1,TMA00318,False,False,False,none
falgplnf-1,TMA00318,False,False,False,none
fallcpok-1,TMA00318,False,False,False,none
famcamhc-1,TMA00318,False,False,False,none
famdighf-1,TMA00318,False,False,False,none
famldcon-1,TMA00318,False,False,False,none
famnmmeo-1,TMA00318,False,False,False,none
famobejg-1,TMA00318,False,False,False,none
fanaedgn-1,TMA00318,False,False,False,none
fanaiehe-1,TMA00318,False,False,False,none
fanajmhn-1,TMA00318,False,False,False,none
fanaokbl-1,TMA00318,False,False,False,none
fanbnfnj-1,TMA00318,False,False,False,none
fandklml-1,TMA00318,False,False,False,none
fanjjajk-1,TMA00318,False,False,False,none
fannockl-1,TMA00318,False,False,False,none
fanoncnh-1,TMA00318,False,False,False,none
faoceikh-1,TMA00318,False,False,False,none
faodiogd-1,TMA00318,False,False,False,none
faokhcfl-1,TMA00318,False,False,False,none
faoniape-1,TMA00318,False,False,False,none
fapknhjd-1,TMA00318,False,False,False,none
faplgpne-1,TMA00318,False,False,False,none
faplmnei-1,TMA00318,False,False,False,none
faplnncf-1,TMA00318,False,False,False,none
fapmpfbl-1,TMA00318,False,False,False,none
fapoofip-1,TMA00318,False,False,False,none
fappdkgi-1,TMA00318,False,False,False,none
fbckcfgl-1,TMA00318,False,False,False,none
fbdbocdh-1,TMA00318,False,False,False,none
fbdbpcgg-1,TMA00318,False,False,False,none
fbdebink-1,TMA00318,False,False,False,none
fbdngmli-1,TMA00318,False,False,False,none
fbdohmin-1,TMA00318,False,False,False,none
fbedoedj-1,TMA00318,False,False,False,none
fbehlkno-1,TMA00318,False,False,False,none
fbeiocmm-1,TMA00318,False,False,False,none
fbfngldo-1,TMA00318,False,False,False,none
fbfnlmdi-1,TMA00318,False,False,False,none
fbfobfbl-1,TMA00318,False,False,False,none
fbgdbnhi-1,TMA00318,False,False,False,none
fbgkpeog-1,TMA00318,False,False,False,none
fbgpihkn-1,TMA00318,False,False,False,none
fbhdbkmj-1,TMA00318,False,False,False,none
fbhgnhfj-1,TMA00318,False,False,False,none
fbhjbnlk-1,TMA00318,False,False,False,none
fbhjdkhf-1,TMA00318,False,False,False,none
fbhkabfi-1,TMA00318,False,False,False,none
fbhpccfd-1,TMA00318,False,False,False,none
fbiccpbi-1,TMA00318,False,False,False,none
fbigkemo-1,TMA00318,False,False,False,none
fbikkgji-1,TMA00318,False,False,False,none
fbimmmdf-1,TMA00318,False,False,False,none
fbjciiph-1,TMA00318,False,False,False,none
fbkokpbg-1,TMA00318,False,False,False,none
fbljhbdi-1,TMA00318,False,False,False,none
fbmeppbf-1,TMA00318,False,False,False,none
fbnljkoj-1,TMA00318,False,False,False,none
fbnmanlf-1,TMA00318,False,False,False,none
fbnofobd-1,TMA00318,False,False,False,none
fboaglli-1,TMA00318,False,False,False,none
fbohlmfj-1,TMA00318,False,False,False,none
fboiiddi-1,TMA00318,False,False,False,none
fbooijgc-1,TMA00318,False,False,False,none
fbpeopdc-1,TMA00318,False,False,False,none
fbplkncc-1,TMA00318,False,False,False,none
fcaiendh-1,TMA00318,False,False,False,none
fcbcmiag-1,TMA00318,False,False,False,none
fcbdchgf-1,TMA00318,False,False,False,none
fcbjbkha-1,TMA00318,False,False,False,none
fcblejbb-1,TMA00318,False,False,False,none
fcbmgclj-1,TMA00318,False,False,False,none
fccejpnh-1,TMA00318,False,False,False,none
fccfjiao-1,TMA00318,False,False,False,none
fccijank-1,TMA00318,False,False,False,none
fcckojhp-1,TMA00318,False,False,False,none
fcdciaeh-1,TMA00318,False,False,False,none
fcddanoo-1,TMA00318,False,False,False,none
fcdkpkdi-1,TMA00318,False,False,False,none
fcdlmlli-1,TMA00318,False,False,False,none
fcegdddk-1,TMA00318,False,False,False,none
fcejjonn-1,TMA00318,False,False,False,none
fcgiccab-1,TMA00318,False,False,False,none
fcgmdbce-1,TMA00318,False,False,False,none
fchbhkdl-1,TMA00318,False,False,False,none
fchcggci-1,TMA00318,False,False,False,none
fchdlnnd-1,TMA00318,False,False,False,none
fchelhdi-1,TMA00318,False,False,False,none
fchpcgjb-1,TMA00318,False,False,False,none
fciakken-1,TMA00318,False,False,False,none
fcicolel-1,TMA00318,False,False,False,none
fcidhcpi-1,TMA00318,False,False,False,none
fcjbondo-1,TMA00318,False,False,False,none
fcjbpjag-1,TMA00318,False,False,False,none
fcjcmfdl-1,TMA00318,False,False,False,none
fcjdneki-1,TMA00318,False,False,False,none
fcjgppob-1,TMA00318,False,False,False,none
fcjnfaoi-1,TMA00318,False,False,False,none
fcjoalee-1,TMA00318,False,False,False,none
fcjocifn-1,TMA00318,False,False,False,none
fcjpioag-1,TMA00318,False,False,False,none
fckeflfh-1,TMA00318,False,False,False,none
fcknmnji-1,TMA00318,False,False,False,none
fckpgnnl-1,TMA00318,False,False,False,none
fckpmnfg-1,TMA00318,False,False,False,none
fclanecp-1,TMA00318,False,False,False,none
fclcbmao-1,TMA00318,False,False,False,none
fclepcpp-1,TMA00318,False,False,False,none
fclgcphj-1,TMA00318,False,False,False,none
fcmbpepp-1,TMA00318,False,False,False,none
fcmcoabk-1,TMA00318,False,False,False,none
fcmddlpc-1,TMA00318,False,False,False,none
fcmdfhdi-1,TMA00318,False,False,False,none
fcmhfjaa-1,TMA00318,False,False,False,none
fcmhmldm-1,TMA00318,False,False,False,none
fcmiiikh-1,TMA00318,False,False,False,none
fcmmiame-1,TMA00318,False,False,False,none
fcmojdfm-1,TMA00318,False,False,False,none
fcnbljec-1,TMA00318,False,False,False,none
fcnddgpk-1,TMA00318,False,False,False,none
fcneocdm-1,TMA00318,False,False,False,none
fcngbepo-1,TMA00318,False,False,False,none
fcnopiil-1,TMA00318,False,False,False,none
fcogoeeb-1,TMA00318,False,False,False,none
fcokcgie-1,TMA00318,False,False,False,none
fconpcla-1,TMA00318,False,False,False,none
fcookobj-1,TMA00318,False,False,False,none
fcpanncp-1,TMA00318,False,False,False,none
fcpchhbl-1,TMA00318,False,False,False,none
fcpghchb-1,TMA00318,False,False,False,none
fcpjjagf-1,TMA00318,False,False,False,none
fcpkfleg-1,TMA00318,False,False,False,none
fdabeefo-1,TMA00318,False,False,False,none
fdadcdpa-1,TMA00318,False,False,False,none
fdagljkn-1,TMA00318,False,False,False,none
fdaiklll-1,TMA00318,False,False,False,none
fdanlbnh-1,TMA00318,False,False,False,none
fdbaoapd-1,TMA00318,False,False,False,none
fdbbmpkp-1,TMA00318,False,False,False,none
fdbdnjbl-1,TMA00318,False,False,False,none
fdbeiomf-1,TMA00318,False,False,False,none
fdbjfppp-1,TMA00318,False,False,False,none
fdbjkldb-1,TMA00318,False,False,False,none
fdbpaijj-1,TMA00318,False,False,False,none
fdcbmogb-1,TMA00318,False,False,False,none
fdceoldj-1,TMA00318,False,False,False,none
fdcgakdm-1,TMA00318,False,False,False,none
fdcinfkf-1,TMA00318,False,False,False,none
fdcmikfj-1,TMA00318,False,False,False,none
fddbfngl-1,TMA00318,False,False,False,none
fddeelnc-1,TMA00318,False,False,False,none
fddllcei-1,TMA00318,False,False,False,none
fdebdepk-1,TMA00318,False,False,False,none
fdebfpfm-1,TMA00318,False,False,False,none
fdebkdfn-1,TMA00318,False,False,False,none
fdeekclo-1,TMA00318,False,False,False,none
fdfpjchi-1,TMA00318,False,False,False,none
fdfpkjgb-1,TMA00318,False,False,False,none
fdgcgbbe-1,TMA00318,False,False,False,none
fdgfagmg-1,TMA00318,False,False,False,none
fdglehlj-1,TMA00318,False,False,False,none
fdhgkikf-1,TMA00318,False,False,False,none
fdhigilb-1,TMA00318,False,False,False,none
fdhlefjo-1,TMA00318,False,False,False,none
fdiapjlb-1,TMA00318,False,False,False,none
fdjdeead-1,TMA00318,False,False,False,none
fdjfcdjh-1,TMA00318,False,False,False,none
fdjflold-1,TMA00318,False,False,False,none
fdjfomhm-1,TMA00318,False,False,False,none
fdjkhmoo-1,TMA00318,False,False,False,none
fdjlalam-1,TMA00318,False,False,False,none
fdjmmmlm-1,TMA00318,False,False,False,none
fdkapmie-1,TMA00318,False,False,False,none
fdkcdnig-1,TMA00318,False,False,False,none
fdkhadme-1,TMA00318,False,False,False,none
fdkkdhbj-1,TMA00318,False,False,False,none
fdkldkgd-1,TMA00318,False,False,False,none
fdkmmdig-1,TMA00318,False,False,False,none
fdlgggkp-1,TMA00318,False,False,False,none
fdlggpdg-1,TMA00318,False,False,False,none
fdmfekah-1,TMA00318,False,False,False,none
fdmnjdhk-1,TMA00318,False,False,False,none
fdnhfjfa-1,TMA00318,False,False,False,none
fdppcgjd-1,TMA00318,False,False,False,none
feaejdgo-1,TMA00318,False,False,False,none
feajmcnp-1,TMA00318,False,False,False,none
fealpook-1,TMA00318,False,False,False,none
feamddjo-1,TMA00318,False,False,False,none
feamdfde-1,TMA00318,False,False,False,none
feancocl-1,TMA00318,False,False,False,none
feaponja-1,TMA00318,False,False,False,none
febbkfkm-1,TMA00318,False,False,False,none
febdpfec-1,TMA00318,False,False,False,none
febhbpha-1,TMA00318,False,False,False,none
febljohj-1,TMA00318,False,False,False,none
febnmpfa-1,TMA00318,False,False,False,none
fecadgac-1,TMA00318,False,False,False,none
fecafema-1,TMA00318,False,False,False,none
fecciknb-1,TMA00318,False,False,False,none
fecdcoek-1,TMA00318,False,False,False,none
fecefoic-1,TMA00318,False,False,False,none
fecfpand-1,TMA00318,False,False,False,none
fecibdpn-1,TMA00318,False,False,False,none
fecjidbj-1,TMA00318,False,False,False,none
fecnnkif-1,TMA00318,False,False,False,none
fecpalhb-1,TMA00318,False,False,False,none
fecpkhoo-1,TMA00318,False,False,False,none
fedaicpi-1,TMA00318,False,False,False,none
fedbhglf-1,TMA00318,False,False,False,none
feddgejp-1,TMA00318,False,False,False,none
fedkhgfp-1,TMA00318,False,False,False,none
feeabgld-1,TMA00318,False,False,False,none
feeagodf-1,TMA00318,False,False,False,none
feecdkjj-1,TMA00318,False,False,False,none
feeinicg-1,TMA00318,False,False,False,none
feejpkac-1,TMA00318,False,False,False,none
feenfpcd-1,TMA00318,False,False,False,none
feepopjm-1,TMA00318,False,False,False,none
fefbblja-1,TMA00318,False,False,False,none
fefbmckh-1,TMA00318,False,False,False,none
fefefhdb-1,TMA00318,False,False,False,none
fefkhhoe-1,TMA00318,False,False,False,none
feflgiel-1,TMA00318,False,False,False,none
feflkaeb-1,TMA00318,False,False,False,none
fegcfcpb-1,TMA00318,False,False,False,none
fegdaabg-1,TMA00318,False,False,False,none
feglbned-1,TMA00318,False,False,False,none
feglfiaj-1,TMA00318,False,False,False,none
fehophhf-1,TMA00318,False,False,False,none
feibfgoe-1,TMA00318,False,False,False,none
feieojbe-1,TMA00318,False,False,False,none
feifffji-1,TMA00318,False,False,False,none
feiggoii-1,TMA00318,False,False,False,none
feimngki-1,TMA00318,False,False,False,none
fejalgbp-1,TMA00318,False,False,False,none
fejcddlb-1,TMA00318,False,False,False,none
fejconhe-1,TMA00318,False,False,False,none
fejdpgej-1,TMA00318,False,False,False,none
fejejhmn-1,TMA00318,False,False,False,none
fejemjgb-1,TMA00318,False,False,False,none
fejfmlba-1,TMA00318,False,False,False,none
fejodoch-1,TMA00318,False,False,False,none
fekefcan-1,TMA00318,False,False,False,none
fekemhhe-1,TMA00318,False,False,False,none
fekfbeon-1,TMA00318,False,False,False,none
fekfjalh-1,TMA00318,False,False,False,none
fekfofhg-1,TMA00318,False,False,False,none
fekgjoek-1,TMA00318,False,False,False,none
fekjmbpp-1,TMA00318,False,False,False,none
fekkjkke-1,TMA00318,False,False,False,none
feklaokk-1,TMA00318,False,False,False,none
felenemi-1,TMA00318,False,False,False,none
feleopif-1,TMA00318,False,False,False,none
felhjklg-1,TMA00318,False,False,False,none
felinakj-1,TMA00318,False,False,False,none
femamajh-1,TMA00318,False,False,False,none
femcjjgb-1,TMA00318,False,False,False,none
femdbpbh-1,TMA00318,False,False,False,none
femjjhmn-1,TMA00318,False,False,False,none
femnbjle-1,TMA00318,False,False,False,none
feneboci-1,TMA00318,False,False,False,none
fenekjcl-1,TMA00318,False,False,False,none
fenkdgnf-1,TMA00318,False,False,False,none
feofmjml-1,TMA00318,False,False,False,none
feogihfj-1,TMA00318,False,False,False,none
feonfoen-1,TMA00318,False,False,False,none
fepbmmpf-1,TMA00318,False,False,False,none
fepefcoe-1,TMA00318,False,False,False,none
fepfgmpg-1,TMA00318,False,False,False,none
fepfnijg-1,TMA00318,False,False,False,none
fepgbnaj-1,TMA00318,False,False,False,none
fepgkkpc-1,TMA00318,False,False,False,none
fepkhajp-1,TMA00318,False,False,False,none
fepphfeg-1,TMA00318,False,False,False,none
ffajgdom-1,TMA00318,False,False,False,none
ffaolcjf-1,TMA00318,False,False,False,none
ffapgbpe-1,TMA00318,False,False,False,none
ffbebgak-1,TMA00318,False,False,False,none
ffbknfbj-1,TMA00318,False,False,False,none
ffblkepn-1,TMA00318,False,False,False,none
ffbpdlhk-1,TMA00318,False,False,False,none
ffcakhap-1,TMA00318,False,False,False,none
ffchkmea-1,TMA00318,False,False,False,none
ffcipndb-1,TMA00318,False,False,False,none
ffcjhaco-1,TMA00318,False,False,False,none
ffcjopfe-1,TMA00318,False,False,False,none
ffcklgin-1,TMA00318,False,False,False,none
ffcocfjl-1,TMA00318,False,False,False,none
ffdclpce-1,TMA00318,False,False,False,none
ffdfoenp-1,TMA00318,False,False,False,none
ffdhncjf-1,TMA00318,False,False,False,none
ffdjpknm-1,TMA00318,False,False,False,none
ffdlalec-1,TMA00318,False,False,False,none
ffdnflmm-1,TMA00318,False,False,False,none
ffecgdjf-1,TMA00318,False,False,False,none
ffeciepp-1,TMA00318,False,False,False,none
ffefooja-1,TMA00318,False,False,False,none
ffegaaga-1,TMA00318,False,False,False,none
ffenapgd-1,TMA00318,False,False,False,none
fffamafm-1,TMA00318,False,False,False,none
fffbeoig-1,TMA00318,False,False,False,none
fffhfpgm-1,TMA00318,False,False,False,none
fffnhifg-1,TMA00318,False,False,False,none
fffpldnh-1,TMA00318,False,False,False,none
ffgadbdm-1,TMA00318,False,False,False,none
ffgciabj-1,TMA00318,False,False,False,none
ffgcilnn-1,TMA00318,False,False,False,none
ffgfnega-1,TMA00318,False,False,False,none
ffghdcan-1,TMA00318,False,False,False,none
ffgjgpdg-1,TMA00318,False,False,False,none
ffgpigfi-1,TMA00318,False,False,False,none
ffhgibdm-1,TMA00318,False,False,False,none
ffhldajh-1,TMA00318,False,False,False,none
ffhlnhjh-1,TMA00318,False,False,False,none
ffhmcdkh-1,TMA00318,False,False,False,none
ffhnclfh-1,TMA00318,False,False,False,none
ffidmeph-1,TMA00318,False,False,False,none
ffidohco-1,TMA00318,False,False,False,none
ffieddbg-1,TMA00318,False,False,False,none
ffieheeo-1,TMA00318,False,False,False,none
ffiigmmj-1,TMA00318,False,False,False,none
ffimijol-1,TMA00318,False,False,False,none
ffimoakb-1,TMA00318,False,False,False,none
ffingfhn-1,TMA00318,False,False,False,none
ffipilaj-1,TMA00318,False,False,False,none
ffjcpgla-1,TMA00318,False,False,False,none
ffjedgdb-1,TMA00318,False,False,False,none
ffjifpdd-1,TMA00318,False,False,False,none
ffjocllh-1,TMA00318,False,False,False,none
ffkcccgh-1,TMA00318,False,False,False,none
ffkdllbd-1,TMA00318,False,False,False,none
ffkgkipg-1,TMA00318,False,False,False,none
ffkhngcj-1,TMA00318,False,False,False,none
ffkielcf-1,TMA00318,False,False,False,none
ffkkohka-1,TMA00318,False,False,False,none
ffkojiph-1,TMA00318,False,False,False,none
ffkopaha-1,TMA00318,False,False,False,none
ffleljkm-1,TMA00318,False,False,False,none
fflkdmom-1,TMA00318,False,False,False,none
fflkiooo-1,TMA00318,False,False,False,none
fflknpji-1,TMA00318,False,False,False,none
fflolclh-1,TMA00318,False,False,False,none
fflomino-1,TMA00318,False,False,False,none
ffmghekk-1,TMA00318,False,False,False,none
ffmidipn-1,TMA00318,False,False,False,none
ffmklchk-1,TMA00318,False,False,False,none
ffmmepjn-1,TMA00318,False,False,False,none
ffneofhm-1,TMA00318,False,False,False,none
ffngoigc-1,TMA00318,False,False,False,none
ffnimlcg-1,TMA00318,False,False,False,none
ffnjilee-1,TMA00318,False,False,False,none
ffnkecpe-1,TMA00318,False,False,False,none
ffnninpk-1,TMA00318,False,False,False,none
ffobehne-1,TMA00318,False,False,False,none
ffobiaic-1,TMA00318,False,False,False,none
ffoffndk-1,TMA00318,False,False,False,none
fgaedepi-1,TMA00318,False,False,False,none
fgahkbop-1,TMA00318,False,False,False,none
fgaikack-1,TMA00318,False,False,False,none
fgbcpkhi-1,TMA00318,False,False,False,none
fgbemmko-1,TMA00318,False,False,False,none
fgblfggn-1,TMA00318,False,False,False,none
fgblhmhc-1,TMA00318,False,False,False,none
fgbnnkpj-1,TMA00318,False,False,False,none
fgbpflic-1,TMA00318,False,False,False,none
fgcdloic-1,TMA00318,False,False,False,none
fgceanhp-1,TMA00318,False,False,False,none
fgcegalm-1,TMA00318,False,False,False,none
fgcgjogh-1,TMA00318,False,False,False,none
fgckpnib-1,TMA00318,False,False,False,none
fgcmacmg-1,TMA00318,False,False,False,none
fgcndkjg-1,TMA00318,False,False,False,none
fgcppcii-1,TMA00318,False,False,False,none
fgdalbck-1,TMA00318,False,False,False,none
fgdcgbdd-1,TMA00318,False,False,False,none
fgdglfhh-1,TMA00318,False,False,False,none
fgdnopka-1,TMA00318,False,False,False,none
fgdpjlme-1,TMA00318,False,False,False,none
fgeaplib-1,TMA00318,False,False,False,none
fgedbjdi-1,TMA00318,False,False,False,none
fgefdeaa-1,TMA00318,False,False,False,none
fgefieml-1,TMA00318,False,False,False,none
fgehgpgj-1,TMA00318,False,False,False,none
fgelcdkn-1,TMA00318,False,False,False,none
fgenbhag-1,TMA00318,False,False,False,none
fgfbelfa-1,TMA00318,False,False,False,none
fgfeigij-1,TMA00318,False,False,False,none
fgflflcm-1,TMA00318,False,False,False,none
fgfmcabd-1,TMA00318,False,False,False,none
fgfoleed-1,TMA00318,False,False,False,none
fggkacld-1,TMA00318,False,False,False,none
fghdiobc-1,TMA00318,False,False,False,none
fghgmlbl-1,TMA00318,False,False,False,none
fghknmoi-1,TMA00318,False,False,False,none
fgjndobj-1,TMA00318,False,False,False,none
fgjnmfgk-1,TMA00318,False,False,False,none
fgjnofed-1,TMA00318,False,False,False,none
fgkbhgfd-1,TMA00318,False,False,False,none
fgkckpim-1,TMA00318,False,False,False,none
fgkffick-1,TMA00318,False,False,False,none
fglamifn-1,TMA00318,False,False,False,none
fglfpjfd-1,TMA00318,False,False,False,none
fgljpffo-1,TMA00318,False,False,False,none
fgloeacn-1,TMA00318,False,False,False,none
fgmcbjmj-1,TMA00318,False,False,False,none
fgmjnmbc-1,TMA00318,False,False,False,none
fgmklpob-1,TMA00318,False,False,False,none
fgmlkein-1,TMA00318,False,False,False,none
fgmlleng-1,TMA00318,False,False,False,none
fgmoafnm-1,TMA00318,False,False,False,none
fgmpfipo-1,TMA00318,False,False,False,none
fgnblcoh-1,TMA00318,False,False,False,none
fgneincf-1,TMA00318,False,False,False,none
fgnfbfek-1,TMA00318,False,False,False,none
fgngemid-1,TMA00318,False,False,False,none
fgnhfehp-1,TMA00318,False,False,False,none
fgnhohlg-1,TMA00318,False,False,False,none
fgnioadf-1,TMA00318,False,False,False,none
fgnjhpem-1,TMA00318,False,False,False,none
fgnkkbnc-1,TMA00318,False,False,False,none
fgnleega-1,TMA00318,False,False,False,none
fgnliafk-1,TMA00318,False,False,False,none
fgnlobmc-1,TMA00318,False,False,False,none
fgnmkmnn-1,TMA00318,False,False,False,none
fgnpjmec-1,TMA00318,False,False,False,none
fgoccjan-1,TMA00318,False,False,False,none
fgogcaid-1,TMA00318,False,False,False,none
fgoibppi-1,TMA00318,False,False,False,none
fgoiihbh-1,TMA00318,False,False,False,none
fgoiloil-1,TMA00318,False,False,False,none
fgolaahl-1,TMA00318,False,False,False,none
fgongnid-1,TMA00318,False,False,False,none
fgophmnc-1,TMA00318,False,False,False,none
fgpacill-1,TMA00318,False,False,False,none
fgpdbnkd-1,TMA00318,False,False,False,none
fgpeelkd-1,TMA00318,False,False,False,none
fgpfgcid-1,TMA00318,False,False,False,none
fgpgcpom-1,TMA00318,False,False,False,none
fgpkoodb-1,TMA00318,False,False,False,none
fhabbhhk-1,TMA00318,False,False,False,none
fhakicpc-1,TMA00318,False,False,False,none
fhaplfgi-1,TMA00318,False,False,False,none
fhbgbbnd-1,TMA00318,False,False,False,none
fhblfalm-1,TMA00318,False,False,False,none
fhboiiik-1,TMA00318,False,False,False,none
fhbppbcc-1,TMA00318,False,False,False,none
fhccjpme-1,TMA00318,False,False,False,none
fhcdjppm-1,TMA00318,False,False,False,none
fhchpili-1,TMA00318,False,False,False,none
fhcikgmd-1,TMA00318,False,False,False,none
fhclbina-1,TMA00318,False,False,False,none
fhcmikjd-1,TMA00318,False,False,False,none
fhdhkdnc-1,TMA00318,False,False,False,none
fhdjopgp-1,TMA00318,False,False,False,none
fhdjpjig-1,TMA00318,False,False,False,none
fhdkagec-1,TMA00318,False,False,False,none
fhdoafll-1,TMA00318,False,False,False,none
fhdoglpn-1,TMA00318,False,False,False,none
fheabhkb-1,TMA00318,False,False,False,none
fhecacni-1,TMA00318,False,False,False,none
fhedloco-1,TMA00318,False,False,False,none
fhemdone-1,TMA00318,False,False,False,none
fhenngkb-1,TMA00318,False,False,False,none
fhfamkeo-1,TMA00318,False,False,False,none
fhfgkoia-1,TMA00318,False,False,False,none
fhflfgcd-1,TMA00318,False,False,False,none
fhgfagif-1,TMA00318,False,False,False,none
fhgfpofk-1,TMA00318,False,False,False,none
fhginkki-1,TMA00318,False,False,False,none
fhgmhjnk-1,TMA00318,False,False,False,none
fhhaidba-1,TMA00318,False,False,False,none
fhhipaeo-1,TMA00318,False,False,False,none
fhhkfihf-1,TMA00318,False,False,False,none
fhhlkcnh-1,TMA00318,False,False,False,none
fhhoikog-1,TMA00318,False,False,False,none
fhhokdce-1,TMA00318,False,False,False,none
fhhokgfa-1,TMA00318,False,False,False,none
fhiallge-1,TMA00318,False,False,False,none
fhicepad-1,TMA00318,False,False,False,none
fhiciabc-1,TMA00318,False,False,False,none
fhidflea-1,TMA00318,False,False,False,none
fhidhjon-1,TMA00318,False,False,False,none
fhijijog-1,TMA00318,False,False,False,none
fhikgegn-1,TMA00318,False,False,False,none
fhjbpidj-1,TMA00318,False,False,False,none
fhjjapeg-1,TMA00318,False,False,False,none
fhjkgfcc-1,TMA00318,False,False,False,none
fhjlihpj-1,TMA00318,False,False,False,none
fhjpfpkh-1,TMA00318,False,False,False,none
fhkegfdh-1,TMA00318,False,False,False,none
fhkgehcd-1,TMA00318,False,False,False,none
fhklgfgp-1,TMA00318,False,False,False,none
fhkndpjo-1,TMA00318,False,False,False,none
fhlabanh-1,TMA00318,False,False,False,none
fhlepjom-1,TMA00318,False,False,False,none
fhlihdld-1,TMA00318,False,False,False,none
fhljnefj-1,TMA00318,False,False,False,none
fhllcbab-1,TMA00318,False,False,False,none
fhlmbkjc-1,TMA00318,False,False,False,none
fhmcmpep-1,TMA00318,False,False,False,none
fhmjjbjp-1,TMA00318,False,False,False,none
fhmpihhf-1,TMA00318,False,False,False,none
fhnbmnfm-1,TMA00318,False,False,False,none
fhnepggo-1,TMA00318,False,False,False,none
fhnglppd-1,TMA00318,False,False,False,none
fhnkhegh-1,TMA00318,False,False,False,none
fhobekdg-1,TMA00318,False,False,False,none
fhoidjbd-1,TMA00318,False,False,False,none
fhoiolgo-1,TMA00318,False,False,False,none
fhojfbgd-1,TMA00318,False,False,False,none
fhooddca-1,TMA00318,False,False,False,none
fhpbpbpe-1,TMA00318,False,False,False,none
fhpfepme-1,TMA00318,False,False,False,none
fhpjpima-1,TMA00318,False,False,False,none
fhpkapfn-1,TMA00318,False,False,False,none
fiabkbjl-1,TMA00318,False,False,False,none
fiaccpib-1,TMA00318,False,False,False,none
fialcenh-1,TMA00318,False,False,False,none
fibjghfb-1,TMA00318,False,False,False,none
ficdfdcp-1,TMA00318,False,False,False,none
ficgiife-1,TMA00318,False,False,False,none
ficifhba-1,TMA00318,False,False,False,none
ficolimd-1,TMA00318,False,False,False,none
fidfpmek-1,TMA00318,False,False,False,none
fidhimal-1,TMA00318,False,False,False,none
fidhlhcl-1,TMA00318,False,False,False,none
fidldlho-1,TMA00318,False,False,False,none
fidmgpeh-1,TMA00318,False,False,False,none
fidokkmo-1,TMA00318,False,False,False,none
fieblbke-1,TMA00318,False,False,False,none
fiejgeig-1,TMA00318,False,False,False,none
fiejihcl-1,TMA00318,False,False,False,none
fiepomjc-1,TMA00318,False,False,False,none
fifbeghj-1,TMA00318,False,False,False,none
fifdkflc-1,TMA00318,False,False,False,none
fifkknao-1,TMA00318,False,False,False,none
fifmkdmb-1,TMA00318,False,False,False,none
fifocgdi-1,TMA00318,False,False,False,none
figfmgdb-1,TMA00318,False,False,False,none
figihpkg-1,TMA00318,False,False,False,none
figmjpid-1,TMA00318,False,False,False,none
figpgapc-1,TMA00318,False,False,False,none
fihaflmo-1,TMA00318,False,False,False,none
fihamion-1,TMA00318,False,False,False,none
fihiapdh-1,TMA00318,False,False,False,none
fihlmmmd-1,TMA00318,False,False,False,none
fihmnjag-1,TMA00318,False,False,False,none
fihncgkh-1,TMA00318,False,False,False,none
fihnnmda-1,TMA00318,False,False,False,none
fiibdged-1,TMA00318,False,False,False,none
fiibeikd-1,TMA00318,False,False,False,none
fiidjipm-1,TMA00318,False,False,False,none
fiieeged-1,TMA00318,False,False,False,none
fiiggpel-1,TMA00318,False,False,False,none
fiijfogp-1,TMA00318,False,False,False,none
fiikdelb-1,TMA00318,False,False,False,none
fijckcgk-1,TMA00318,False,False,False,none
fijehccg-1,TMA00318,False,False,False,none
fijfhclo-1,TMA00318,False,False,False,none
fijgcooa-1,TMA00318,False,False,False,none
fijihmlb-1,TMA00318,False,False,False,none
fijikknp-1,TMA00318,False,False,False,none
fijioefc-1,TMA00318,False,False,False,none
fijipohj-1,TMA00318,False,False,False,none
fijomboi-1,TMA00318,False,False,False,none
fikgnkbm-1,TMA00318,False,False,False,none
fikinfaa-1,TMA00318,False,False,False,none
fiklckih-1,TMA00318,False,False,False,none
fikpdmab-1,TMA00318,False,False,False,none
filbllki-1,TMA00318,False,False,False,none
filebdap-1,TMA00318,False,False,False,none
fillfmcn-1,TMA00318,False,False,False,none
filomemc-1,TMA00318,False,False,False,none
fimchejg-1,TMA00318,False,False,False,none
fimcjdjn-1,TMA00318,False,False,False,none
fimeeool-1,TMA00318,False,False,False,none
fimgceoo-1,TMA00318,False,False,False,none
fimghjlh-1,TMA00318,False,False,False,none
fimofjoe-1,TMA00318,False,False,False,none
finaedfl-1,TMA00318,False,False,False,none
fingdldo-1,TMA00318,False,False,False,none
finggooj-1,TMA00318,False,False,False,none
finhnapk-1,TMA00318,False,False,False,none
finimpbo-1,TMA00318,False,False,False,none
finnooif-1,TMA00318,False,False,False,none
fioaonka-1,TMA00318,False,False,False,none
fiobeikh-1,TMA00318,False,False,False,none
fiocangd-1,TMA00318,False,False,False,none
fiocbafd-1,TMA00318,False,False,False,none
fiogaiek-1,TMA00318,False,False,False,none
fiopmhhp-1,TMA00318,False,False,False,none
fipfnhcm-1,TMA00318,False,False,False,none
fipimmdc-1,TMA00318,False,False,False,none
fiplempm-1,TMA00318,False,False,False,none
fjafigbb-1,TMA00318,False,False,False,none
fjafjinm-1,TMA00318,False,False,False,none
fjagkicm-1,TMA00318,False,False,False,none
fjaooied-1,TMA00318,False,False,False,none
fjbblplb-1,TMA00318,False,False,False,none
fjbbndjm-1,TMA00318,False,False,False,none
fjbdllld-1,TMA00318,False,False,False,none
fjbidflb-1,TMA00318,False,False,False,none
fjbkejof-1,TMA00318,False,False,False,none
fjbocbcp-1,TMA00318,False,False,False,none
fjcfeild-1,TMA00318,False,False,False,none
fjcgbiab-1,TMA00318,False,False,False,none
fjcgdknn-1,TMA00318,False,False,False,none
fjcgfeia-1,TMA00318,False,False,False,none
fjcjfgag-1,TMA00318,False,False,False,none
fjdalpga-1,TMA00318,False,False,False,none
fjdkmkdh-1,TMA00318,False,False,False,none
fjdnfkde-1,TMA00318,False,False,False,none
fjdpmfnn-1,TMA00318,False,False,False,none
fjdpphdb-1,TMA00318,False,False,False,none
fjeaooch-1,TMA00318,False,False,False,none
fjecohem-1,TMA00318,False,False,False,none
fjeneacc-1,TMA00318,False,False,False,none
fjfhccoe-1,TMA00318,False,False,False,none
fjgfaghg-1,TMA00318,False,False,False,none
fjgimoen-1,TMA00318,False,False,False,none
fjgnfhcl-1,TMA00318,False,False,False,none
fjgoiece-1,TMA00318,False,False,False,none
fjhaconi-1,TMA00318,False,False,False,none
fjheallk-1,TMA00318,False,False,False,none
fjhepjia-1,TMA00318,False,False,False,none
fjhgbnkn-1,TMA00318,False,False,False,none
fjhglimk-1,TMA00318,False,False,False,none
fjhhiamo-1,TMA00318,False,False,False,none
fjhkpmaf-1,TMA00318,False,False,False,none
fjibebep-1,TMA00318,False,False,False,none
fjiccpfj-1,TMA00318,False,False,False,none
fjieaihb-1,TMA00318,False,False,False,none
fjifnigb-1,TMA00318,False,False,False,none
fjigdhhm-1,TMA00318,False,False,False,none
fjihgkbm-1,TMA00318,False,False,False,none
fjiicbjk-1,TMA00318,False,False,False,none
fjimbmhl-1,TMA00318,False,False,False,none
fjjacgom-1,TMA00318,False,False,False,none
fjjkbppi-1,TMA00318,False,False,False,none
fjjmgdep-1,TMA00318,False,False,False,none
fjjpfmmd-1,TMA00318,False,False,False,none
fjkdpfdo-1,TMA00318,False,False,False,none
fjkehkmd-1,TMA00318,False,False,False,none
fjkfbokc-1,TMA00318,False,False,False,none
fjkibecb-1,TMA00318,False,False,False,none
fjkjlhef-1,TMA00318,False,False,False,none
fjkoebhe-1,TMA00318,False,False,False,none
fjlciekl-1,TMA00318,False,False,False,none
fjlgpiag-1,TMA00318,False,False,False,none
fjlindck-1,TMA00318,False,False,False,none
fjllkdbf-1,TMA00318,False,False,False,none
fjmafocp-1,TMA00318,False,False,False,none
fjmekclk-1,TMA00318,False,False,False,none
fjmfmhpd-1,TMA00318,False,False,False,none
fjmijddb-1,TMA00318,False,False,False,none
fjmppmjd-1,TMA00318,False,False,False,none
fjnefpin-1,TMA00318,False,False,False,none
fjnfbaop-1,TMA00318,False,False,False,none
fjngcggd-1,TMA00318,False,False,False,none
fjnhagoh-1,TMA00318,False,False,False,none
fjnifbpm-1,TMA00318,False,False,False,none
fjobnccb-1,TMA00318,False,False,False,none
fjodfjkh-1,TMA00318,False,False,False,none
fjogamgo-1,TMA00318,False,False,False,none
fjogkcmg-1,TMA00318,False,False,False,none
fjogkfob-1,TMA00318,False,False,False,none
fjoiefae-1,TMA00318,False,False,False,none
fjokllgi-1,TMA00318,False,False,False,none
fjomnlda-1,TMA00318,False,False,False,none
fjonlnjo-1,TMA00318,False,False,False,none
fjpbgfli-1,TMA00318,False,False,False,none
fjpeiadj-1,TMA00318,False,False,False,none
fjphanjp-1,TMA00318,False,False,False,none
fjpkbmal-1,TMA00318,False,False,False,none
fjpkiipf-1,TMA00318,False,False,False,none
fkacoeop-1,TMA00318,False,False,False,none
fkadnkik-1,TMA00318,False,False,False,none
fkaemeab-1,TMA00318,False,False,False,none
fkagojpl-1,TMA00318,False,False,False,none
fkambdam-1,TMA00318,False,False,False,none
fkapgkho-1,TMA00318,False,False,False,none
fkbfehbm-1,TMA00318,False,False,False,none
fkbgibib-1,TMA00318,False,False,False,none
fkbkdelk-1,TMA00318,False,False,False,none
fkbladnh-1,TMA00318,False,False,False,none
fkbmcphp-1,TMA00318,False,False,False,none
fkbpbina-1,TMA00318,False,False,False,none
fkbpkkbo-1,TMA00318,False,False,False,none
fkcchcjf-1,TMA00318,False,False,False,none
fkcdgmlp-1,TMA00318,False,False,False,none
fkchndlp-1,TMA00318,False,False,False,none
fkckkjmc-1,TMA00318,False,False,False,none
fkclamhl-1,TMA00318,False,False,False,none
fkdbodlg-1,TMA00318,False,False,False,none
fkdgnodg-1,TMA00318,False,False,False,none
fkdiejli-1,TMA00318,False,False,False,none
fkdkoahk-1,TMA00318,False,False,False,none
fkeagpmh-1,TMA00318,False,False,False,none
fkebnkkj-1,TMA00318,False,False,False,none
fkedlaik-1,TMA00318,False,False,False,none
fkefcmed-1,TMA00318,False,False,False,none
fkegefli-1,TMA00318,False,False,False,none
fkeggoap-1,TMA00318,False,False,False,none
fkejbako-1,TMA00318,False,False,False,none
fkfphphe-1,TMA00318,False,False,False,none
fkgbdibf-1,TMA00318,False,False,False,none
fkgipahn-1,TMA00318,False,False,False,none
fkgmhkek-1,TMA00318,False,False,False,none
fkgnmmib-1,TMA00318,False,False,False,none
fkhcelob-1,TMA00318,False,False,False,none
fkhehgaj-1,TMA00318,False,False,False,none
fkhfeohk-1,TMA00318,False,False,False,none
fkhklbbn-1,TMA00318,False,False,False,none
fkiahbok-1,TMA00318,False,False,False,none
fkickaij-1,TMA00318,False,False,False,none
fkiggdkb-1,TMA00318,False,False,False,none
fkiokeob-1,TMA00318,False,False,False,none
fkjfhalh-1,TMA00318,False,False,False,none
fkkeaehe-1,TMA00318,False,False,False,none
fkkgmohi-1,TMA00318,False,False,False,none
fkkkohno-1,TMA00318,False,False,False,none
fkldcbjh-1,TMA00318,False,False,False,none
fkmpblkd-1,TMA00318,False,False,False,none
fknljjfg-1,TMA00318,False,False,False,none
fknlkoea-1,TMA00318,False,False,False,none
fknnaabf-1,TMA00318,False,False,False,none
fkofhbcd-1,TMA00318,False,False,False,none
fkohmole-1,TMA00318,False,False,False,none
fkoibbfm-1,TMA00318,False,False,False,none
fkoklflp-1,TMA00318,False,False,False,none
fkpdmkef-1,TMA00318,False,False,False,none
fkpebelm-1,TMA00318,False,False,False,none
fkpeefga-1,TMA00318,False,False,False,none
fkpihlko-1,TMA00318,False,False,False,none
fkplemcl-1,TMA00318,False,False,False,none
flaabelf-1,TMA00318,False,False,False,none
flabjhnh-1,TMA00318,False,False,False,none
flakelmk-1,TMA00318,False,False,False,none
flaljpcf-1,TMA00318,False,False,False,none
flalolcj-1,TMA00318,False,False,False,none
flaoench-1,TMA00318,False,False,False,none
flbaghpo-1,TMA00318,False,False,False,none
flbcjiff-1,TMA00318,False,False,False,none
flbdgngj-1,TMA00318,False,False,False,none
flbfglkd-1,TMA00318,False,False,False,none
flbkidcn-1,TMA00318,False,False,False,none
flbljmoa-1,TMA00318,False,False,False,none
flbmbhca-1,TMA00318,False,False,False,none
flbmdagk-1,TMA00318,False,False,False,none
flbnngih-1,TMA00318,False,False,False,none
flcbmeoa-1,TMA00318,False,False,False,none
flccccen-1,TMA00318,False,False,False,none
flcdfnbc-1,TMA00318,False,False,False,none
flchpjha-1,TMA00318,False,False,False,none
flcijcpn-1,TMA00318,False,False,False,none
flcjcpme-1,TMA00318,False,False,False,none
flcjflml-1,TMA00318,False,False,False,none
flcjpgcl-1,TMA00318,False,False,False,none
flclciip-1,TMA00318,False,False,False,none
flcnillm-1,TMA00318,False,False,False,none
flcofnpi-1,TMA00318,False,False,False,none
fldboflp-1,TMA00318,False,False,False,none
fldcfbgm-1,TMA00318,False,False,False,none
fldheofa-1,TMA00318,False,False,False,none
fldobgmc-1,TMA00318,False,False,False,none
fldpihdp-1,TMA00318,False,False,False,none
fleabnfd-1,TMA00318,False,False,False,none
flebcfkg-1,TMA00318,False,False,False,none
flecpcpp-1,TMA00318,False,False,False,none
flefpgma-1,TMA00318,False,False,False,none
fleinndl-1,TMA00318,False,False,False,none
flenopod-1,TMA00318,False,False,False,none
fleppjgb-1,TMA00318,False,False,False,none
flffokib-1,TMA00318,False,False,False,none
flfgmbdk-1,TMA00318,False,False,False,none
flfihaaf-1,TMA00318,False,False,False,none
flfijgda-1,TMA00318,False,False,False,none
flfjpffc-1,TMA00318,False,False,False,none
flfkdcpd-1,TMA00318,False,False,False,none
flfondkm-1,TMA00318,False,False,False,none
flfpkjog-1,TMA00318,False,False,False,none
flgbppei-1,TMA00318,False,False,False,none
flgdbcgg-1,TMA00318,False,False,False,none
flgffipn-1,TMA00318,False,False,False,none
flglbelo-1,TMA00318,False,False,False,none
flglpedk-1,TMA00318,False,False,False,none
flgnabpn-1,TMA00318,False,False,False,none
flhgmfmh-1,TMA00318,False,False,False,none
flhkbpof-1,TMA00318,False,False,False,none
flhmddpa-1,TMA00318,False,False,False,none
flhnfgco-1,TMA00318,False,False,False,none
flikgjhc-1,TMA00318,False,False,False,none
flildofj-1,TMA00318,False,False,False,none
flinbhgj-1,TMA00318,False,False,False,none
flipifap-1,TMA00318,False,False,False,none
fljcbode-1,TMA00318,False,False,False,none
fljlhhac-1,TMA00318,False,False,False,none
flkcmjbm-1,TMA00318,False,False,False,none
flkdbape-1,TMA00318,False,False,False,none
flkgipgl-1,TMA00318,False,False,False,none
flklhkle-1,TMA00318,False,False,False,none
flkmfjfe-1,TMA00318,False,False,False,none
flkmgpii-1,TMA00318,False,False,False,none
flknnhlb-1,TMA00318,False,False,False,none
flkpjnjp-1,TMA00318,False,False,False,none
fllfdhmb-1,TMA00318,False,False,False,none
flliaiai-1,TMA00318,False,False,False,none
flllepfh-1,TMA00318,False,False,False,none
flllmnpm-1,TMA00318,False,False,False,none
fllnhlib-1,TMA00318,False,False,False,none
flmcaapc-1,TMA00318,False,False,False,none
flmebkdn-1,TMA00318,False,False,False,none
flmjpkij-1,TMA00318,False,False,False,none
flmojbna-1,TMA00318,False,False,False,none
flmpaehl-1,TMA00318,False,False,False,none
flmpcelo-1,TMA00318,False,False,False,none
flmpdkeb-1,TMA00318,False,False,False,none
flmppgci-1,TMA00318,False,False,False,none
flnfagem-1,TMA00318,False,False,False,none
flnfgalh-1,TMA00318,False,False,False,none
flnfieji-1,TMA00318,False,False,False,none
flnhefmo-1,TMA00318,False,False,False,none
flobhala-1,TMA00318,False,False,False,none
flocneba-1,TMA00318,False,False,False,none
flohpgbo-1,TMA00318,False,False,False,none
flojkelg-1,TMA00318,False,False,False,none
flojnfdf-1,TMA00318,False,False,False,none
flonmjdb-1,TMA00318,False,False,False,none
flpifjci-1,TMA00318,False,False,False,none
flplcopk-1,TMA00318,False,False,False,none
fmabddla-1,TMA00318,False,False,False,none
fmbcjjek-1,TMA00318,False,False,False,none
fmbmmgob-1,TMA00318,False,False,False,none
fmbofnhh-1,TMA00318,False,False,False,none
fmbpmabo-1,TMA00318,False,False,False,none
fmcehckl-1,TMA00318,False,False,False,none
fmcehnkb-1,TMA00318,False,False,False,none
fmcinfad-1,TMA00318,False,False,False,none
fmckhefh-1,TMA00318,False,False,False,none
fmclpgpd-1,TMA00318,False,False,False,none
fmcoifjm-1,TMA00318,False,False,False,none
fmdddmam-1,TMA00318,False,False,False,none
fmdjhedh-1,TMA00318,False,False,False,none
fmdjnhhd-1,TMA00318,False,False,False,none
fmdkkkke-1,TMA00318,False,False,False,none
fmdnmmga-1,TMA00318,False,False,False,none
fmdpbcgm-1,TMA00318,False,False,False,none
fmehbfjj-1,TMA00318,False,False,False,none
fmejdfba-1,TMA00318,False,False,False,none
fmenhjcd-1,TMA00318,False,False,False,none
fmenimnk-1,TMA00318,False,False,False,none
fmenloja-1,TMA00318,False,False,False,none
fmeoongl-1,TMA00318,False,False,False,none
fmfcllan-1,TMA00318,False,False,False,none
fmfeebom-1,TMA00318,False,False,False,none
fmfgkkdk-1,TMA00318,False,False,False,none
fmfkiedb-1,TMA00318,False,False,False,none
fmfmfphm-1,TMA00318,False,False,False,none
fmfoagoa-1,TMA00318,False,False,False,none
fmfodmaf-1,TMA00318,False,False,False,none
fmgbjopl-1,TMA00318,False,False,False,none
fmgdmedh-1,TMA00318,False,False,False,none
fmgjdidf-1,TMA00318,False,False,False,none
fmglblkn-1,TMA00318,False,False,False,none
fmgndcci-1,TMA00318,False,False,False,none
fmhafiin-1,TMA00318,False,False,False,none
fmhilmba-1,TMA00318,False,False,False,none
fmhkjbje-1,TMA00318,False,False,False,none
fmhmecdc-1,TMA00318,False,False,False,none
fmhmiill-1,TMA00318,False,False,False,none
fmhofbcg-1,TMA00318,False,False,False,none
fmhpgjpk-1,TMA00318,False,False,False,none
fmifedni-1,TMA00318,False,False,False,none
fmiffipk-1,TMA00318,False,False,False,none
fmihhnlk-1,TMA00318,False,False,False,none
fminoodi-1,TMA00318,False,False,False,none
fmjbnmha-1,TMA00318,False,False,False,none
fmjechfh-1,TMA00318,False,False,False,none
fmjeclig-1,TMA00318,False,False,False,none
fmjhicbl-1,TMA00318,False,False,False,none
fmjhpbcl-1,TMA00318,False,False,False,none
fmjjjejg-1,TMA00318,False,False,False,none
fmjkfkme-1,TMA00318,False,False,False,none
fmjlaaho-1,TMA00318,False,False,False,none
fmjmmlkg-1,TMA00318,False,False,False,none
fmjngpji-1,TMA00318,False,False,False,none
fmjnllao-1,TMA00318,False,False,False,none
fmkahnbn-1,TMA00318,False,False,False,none
fmkbicbn-1,TMA00318,False,False,False,none
fmkenmdi-1,TMA00318,False,False,False,none
fmkfjpnk-1,TMA00318,False,False,False,none
fmkfmbae-1,TMA00318,False,False,False,none
fmkgdncm-1,TMA00318,False,False,False,none
fmkimibf-1,TMA00318,False,False,False,none
fmkljkag-1,TMA00318,False,False,False,none
fmklmmbl-1,TMA00318,False,False,False,none
fmlgcdgo-1,TMA00318,False,False,False,none
fmlgojej-1,TMA00318,False,False,False,none
fmljjppd-1,TMA00318,False,False,False,none
fmmbcjgn-1,TMA00318,False,False,False,none
fmmdlacb-1,TMA00318,False,False,False,none
fmmkhpoo-1,TMA00318,False,False,False,none
fmmkonjn-1,TMA00318,False,False,False,none
fmnbabpi-1,TMA00318,False,False,False,none
fmngpdaj-1,TMA00318,False,False,False,none
fmnjjgah-1,TMA00318,False,False,False,none
fmnjkboa-1,TMA00318,False,False,False,none
fmnpohjl-1,TMA00318,False,False,False,none
fmobdfml-1,TMA00318,False,False,False,none
fmogecph-1,TMA00318,False,False,False,none
fmokoegf-1,TMA00318,False,False,False,none
fmoogffd-1,TMA00318,False,False,False,none
fmoonmjm-1,TMA00318,False,False,False,none
fmopmdoi-1,TMA00318,False,False,False,none
fmpagnjp-1,TMA00318,False,False,False,none
fmpakkeg-1,TMA00318,False,False,False,none
fmpbddef-1,TMA00318,False,False,False,none
fmpbjolh-1,TMA00318,False,False,False,none
fmpicogi-1,TMA00318,False,False,False,none
fnaiciie-1,TMA00318,False,False,False,none
fnalfcij-1,TMA00318,False,False,False,none
fnamaobm-1,TMA00318,False,False,False,none
fnanding-1,TMA00318,False,False,False,none
fnanjfgk-1,TMA00318,False,False,False,none
fnbbpidb-1,TMA00318,False,False,False,none
fnbddjlj-1,TMA00318,False,False,False,none
fnbemfbi-1,TMA00318,False,False,False,none
fncaaccb-1,TMA00318,False,False,False,none
fncmdaae-1,TMA00318,False,False,False,none
fncnjmad-1,TMA00318,False,False,False,none
fncolene-1,TMA00318,False,False,False,none
fndcljcf-1,TMA00318,False,False,False,none
fndkpkhm-1,TMA00318,False,False,False,none
fneeiigf-1,TMA00318,False,False,False,none
fnehdoeh-1,TMA00318,False,False,False,none
fnehhjep-1,TMA00318,False,False,False,none
fnejkbdh-1,TMA00318,False,False,False,none
fnekalhf-1,TMA00318,False,False,False,none
fnelefgo-1,TMA00318,False,False,False,none
fnfdeogk-1,TMA00318,False,False,False,none
fnfebmjm-1,TMA00318,False,False,False,none
fnfjdieb-1,TMA00318,False,False,False,none
fnfnbjec-1,TMA00318,False,False,False,none
fngaeidb-1,TMA00318,False,False,False,none
fngdikeo-1,TMA00318,False,False,False,none
fnggmbdh-1,TMA00318,False,False,False,none
fnglhhdh-1,TMA00318,False,False,False,none
fngnoeim-1,TMA00318,False,False,False,none
fnhandgm-1,TMA00318,False,False,False,none
fnhhgijj-1,TMA00318,False,False,False,none
fnibmmcj-1,TMA00318,False,False,False,none
fnidmlgm-1,TMA00318,False,False,False,none
fnihjlph-1,TMA00318,False,False,False,none
fninmdoi-1,TMA00318,False,False,False,none
fnjnenff-1,TMA00318,False,False,False,none
fnkjpdgj-1,TMA00318,False,False,False,none
fnldclbj-1,TMA00318,False,False,False,none
fnlfaehn-1,TMA00318,False,False,False,none
fnlidihj-1,TMA00318,False,False,False,none
fnljiffh-1,TMA00318,False,False,False,none
fnmddinb-1,TMA00318,False,False,False,none
fnmingja-1,TMA00318,False,False,False,none
fnmkdled-1,TMA00318,False,False,False,none
fnmlggjh-1,TMA00318,False,False,False,none
fnnbaada-1,TMA00318,False,False,False,none
fnncgfmp-1,TMA00318,False,False,False,none
fnncojoo-1,TMA00318,False,False,False,none
fnndcemg-1,TMA00318,False,False,False,none
fnnefkig-1,TMA00318,False,False,False,none
fnnephpf-1,TMA00318,False,False,False,none
fnngfdcp-1,TMA00318,False,False,False,none
fnnmlicl-1,TMA00318,False,False,False,none
fnnmnbbn-1,TMA00318,False,False,False,none
fnochdpf-1,TMA00318,False,False,False,none
fnocoplc-1,TMA00318,False,False,False,none
fnodhejn-1,TMA00318,False,False,False,none
fnogpign-1,TMA00318,False,False,False,none
fnonbmad-1,TMA00318,False,False,False,none
fnpdjgbk-1,TMA00318,False,False,False,none
fnpibgih-1,TMA00318,False,False,False,none
fnplcdcg-1,TMA00318,False,False,False,none
fnplknmo-1,TMA00318,False,False,False,none
foaahoen-1,TMA00318,False,False,False,none
foadfnoh-1,TMA00318,False,False,False,none
foadmnpc-1,TMA00318,False,False,False,none
foadogjj-1,TMA00318,False,False,False,none
foaemppm-1,TMA00318,False,False,False,none
foafecca-1,TMA00318,False,False,False,none
foaldobl-1,TMA00318,False,False,False,none
foapegpc-1,TMA00318,False,False,False,none
fobbegmi-1,TMA00318,False,False,False,none
fobcikan-1,TMA00318,False,False,False,none
fobeenni-1,TMA00318,False,False,False,none
fobgbjpc-1,TMA00318,False,False,False,none
fobgijdb-1,TMA00318,False,False,False,none
fobmcaic-1,TMA00318,False,False,False,none
foboclhk-1,TMA00318,False,False,False,none
focbpfhl-1,TMA00318,False,False,False,none
focddjkj-1,TMA00318,False,False,False,none
focejhae-1,TMA00318,False,False,False,none
focglidb-1,TMA00318,False,False,False,none
focheogd-1,TMA00318,False,False,False,none
fochofkl-1,TMA00318,False,False,False,none
focibain-1,TMA00318,False,False,False,none
focikdba-1,TMA00318,False,False,False,none
fodekpob-1,TMA00318,False,False,False,none
fodfcefb-1,TMA00318,False,False,False,none
fodioipb-1,TMA00318,False,False,False,none
foeeflfg-1,TMA00318,False,False,False,none
foeljeik-1,TMA00318,False,False,False,none
foencegd-1,TMA00318,False,False,False,none
fofgcleh-1,TMA00318,False,False,False,none
fofnidbi-1,TMA00318,False,False,False,none
fofpckjn-1,TMA00318,False,False,False,none
fogelkoh-1,TMA00318,False,False,False,none
fogoiipd-1,TMA00318,False,False,False,none
fogpajdc-1,TMA00318,False,False,False,none
fohbaoic-1,TMA00318,False,False,False,none
fohfchma-1,TMA00318,False,False,False,none
fohgalpn-1,TMA00318,False,False,False,none
fohgoeij-1,TMA00318,False,False,False,none
fohhdmce-1,TMA00318,False,False,False,none
fohmoijo-1,TMA00318,False,False,False,none
foidibjf-1,TMA00318,False,False,False,none
foidoiph-1,TMA00318,False,False,False,none
foigneme-1,TMA00318,False,False,False,none
foihgdei-1,TMA00318,False,False,False,none
foijcegj-1,TMA00318,False,False,False,none
foijhmgm-1,TMA00318,False,False,False,none
foijhogh-1,TMA00318,False,False,False,none
foiklpkp-1,TMA00318,False,False,False,none
fojagpac-1,TMA00318,False,False,False,none
fojelpee-1,TMA00318,False,False,False,none
fojjfdgc-1,TMA00318,False,False,False,none
fojjflhk-1,TMA00318,True,True,True,EGFP_dTomato_dual_hi
fojlbdhi-1,TMA00318,False,False,False,none
fokibppk-1,TMA00318,False,False,False,none
fokjpjhe-1,TMA00318,False,False,False,none
fondfbob-1,TMA00318,False,False,False,none
fonnhglc-1,TMA00318,False,False,False,none
fonnjhpd-1,TMA00318,False,False,False,none
fookngpm-1,TMA00318,False,False,False,none
foopnjjo-1,TMA00318,False,False,False,none
fopbjcif-1,TMA00318,False,False,False,none
fopdlkkh-1,TMA00318,False,False,False,none
fopfoacc-1,TMA00318,False,False,False,none
fopmibgk-1,TMA00318,False,False,False,none
foppehpj-1,TMA00318,False,False,False,none
fpbbmpgj-1,TMA00318,False,False,False,none
fpgjidml-1,TMA00318,False,False,False,none
fpglcffi-1,TMA00318,False,False,False,none
fphaclml-1,TMA00318,False,False,False,none
fphdpife-1,TMA00318,False,False,False,none
fphhgjhk-1,TMA00318,False,False,False,none
fphlkamk-1,TMA00318,False,False,False,none
fpicifgk-1,TMA00318,False,False,False,none
fpicjjga-1,TMA00318,False,False,False,none
fpickgcc-1,TMA00318,False,False,False,none
fpidlmde-1,TMA00318,False,False,False,none
fpiegjpa-1,TMA00318,False,False,False,none
fpiglhij-1,TMA00318,False,False,False,none
fpikbmej-1,TMA00318,False,False,False,none
fpjamnmf-1,TMA00318,False,False,False,none
fpjcjkin-1,TMA00318,False,False,False,none
fpjgafmf-1,TMA00318,False,False,False,none
fpjgcmbl-1,TMA00318,False,False,False,none
fpjinkpp-1,TMA00318,False,False,False,none
fpjjmofd-1,TMA00318,False,False,False,none
fpjpbbjl-1,TMA00318,False,False,False,none
fpkdhemc-1,TMA00318,False,False,False,none
fpkkhbkj-1,TMA00318,False,False,False,none
fplfgokf-1,TMA00318,False,False,False,none
fplkmahc-1,TMA00318,False,False,False,none
fplmcbfn-1,TMA00318,False,False,False,none
fplnchib-1,TMA00318,False,False,False,none
fpmaeoaf-1,TMA00318,False,False,False,none
fpmchcba-1,TMA00318,False,False,False,none
fpmgkdkp-1,TMA00318,False,False,False,none
fpmhojaf-1,TMA00318,False,False,False,none
fpmicbkg-1,TMA00318,False,False,False,none
fpmljama-1,TMA00318,False,False,False,none
fpmnompf-1,TMA00318,False,False,False,none
fpndkcdb-1,TMA00318,False,False,False,none
fpnljnan-1,TMA00318,False,False,False,none
fpnpeifm-1,TMA00318,False,False,False,none
fpoapcaa-1,TMA00318,False,False,False,none
fpobhdpi-1,TMA00318,False,False,False,none
fpoefhim-1,TMA00318,False,False,False,none
fpofimgo-1,TMA00318,False,False,False,none
fpoiambn-1,TMA00318,False,False,False,none
fpoippeo-1,TMA00318,False,False,False,none
fpojbonl-1,TMA00318,False,False,False,none
fponhihh-1,TMA00318,False,False,False,none
fpoojbck-1,TMA00318,False,False,False,none
fppaiokc-1,TMA00318,False,False,False,none
fppdcigl-1,TMA00318,False,False,False,none
fppigdgb-1,TMA00318,False,False,False,none
fppjihio-1,TMA00318,False,False,False,none
fppmilgk-1,TMA00318,False,False,False,none
fppmnjfb-1,TMA00318,False,False,False,none
fpppdpha-1,TMA00318,False,False,False,none
gaabdedi-1,TMA00318,False,False,False,none
gaacipog-1,TMA00318,False,False,False,none
gaainjfj-1,TMA00318,False,False,False,none
gaandjaa-1,TMA00318,False,False,False,none
gaaocdga-1,TMA00318,False,False,False,none
gaapanmj-1,TMA00318,False,False,False,none
gabepdnd-1,TMA00318,False,False,False,none
gabfbnoc-1,TMA00318,False,False,False,none
gabfnncc-1,TMA00318,False,False,False,none
gabilobf-1,TMA00318,False,False,False,none
gabjedcl-1,TMA00318,False,False,False,none
gablmmne-1,TMA00318,False,False,False,none
gaboniec-1,TMA00318,False,False,False,none
gacdjcof-1,TMA00318,False,False,False,none
gacgkhcg-1,TMA00318,False,False,False,none
gacgmpaj-1,TMA00318,False,False,False,none
gachjdao-1,TMA00318,False,False,False,none
gacidpgd-1,TMA00318,False,False,False,none
gacmoopm-1,TMA00318,False,False,False,none
gadadkgf-1,TMA00318,False,False,False,none
gadbldhp-1,TMA00318,False,False,False,none
gadeaome-1,TMA00318,False,False,False,none
gadgacmc-1,TMA00318,False,False,False,none
gadgpedo-1,TMA00318,False,False,False,none
gadljmck-1,TMA00318,False,False,False,none
gadpieoe-1,TMA00318,False,False,False,none
gaechomm-1,TMA00318,False,False,False,none
gaedajon-1,TMA00318,False,False,False,none
gaeekcbh-1,TMA00318,False,False,False,none
gaelhceh-1,TMA00318,False,False,False,none
gafcohfm-1,TMA00318,False,False,False,none
gaflmkpa-1,TMA00318,False,False,False,none
gafmbpkk-1,TMA00318,False,False,False,none
gafndpaj-1,TMA00318,False,False,False,none
gagangmf-1,TMA00318,False,False,False,none
gagbahco-1,TMA00318,False,False,False,none
gagcahem-1,TMA00318,False,False,False,none
gagdbfic-1,TMA00318,False,False,False,none
gaggaela-1,TMA00318,False,False,False,none
gagigjik-1,TMA00318,False,False,False,none
gagmnklm-1,TMA00318,False,False,False,none
gahfblhf-1,TMA00318,False,False,False,none
gahlnmmh-1,TMA00318,False,False,False,none
gaidbcjo-1,TMA00318,False,False,False,none
gaigaded-1,TMA00318,False,False,False,none
gaikmpng-1,TMA00318,False,False,False,none
gailfhge-1,TMA00318,False,False,False,none
gailoamj-1,TMA00318,False,False,False,none
gaimdhch-1,TMA00318,False,False,False,none
gaiminee-1,TMA00318,False,False,False,none
gajgloag-1,TMA00318,False,False,False,none
gajldand-1,TMA00318,False,False,False,none
gajlplca-1,TMA00318,False,False,False,none
gajmacfh-1,TMA00318,False,False,False,none
gajnijoj-1,TMA00318,False,False,False,none
gajnnhpn-1,TMA00318,False,False,False,none
gakbaegf-1,TMA00318,False,False,False,none
gakkjcij-1,TMA00318,False,False,False,none
galbbaip-1,TMA00318,False,False,False,none
galdnopf-1,TMA00318,False,False,False,none
galkebhe-1,TMA00318,False,False,False,none
galmcdjm-1,TMA00318,False,False,False,none
galngjcm-1,TMA00318,False,False,False,none
galniikh-1,TMA00318,False,False,False,none
galpmajf-1,TMA00318,False,False,False,none
gamcanfj-1,TMA00318,False,False,False,none
gamdobgm-1,TMA00318,False,False,False,none
gameenje-1,TMA00318,False,False,False,none
gamfgaba-1,TMA00318,False,False,False,none
gamgopdg-1,TMA00318,False,False,False,none
gamjefao-1,TMA00318,False,False,False,none
gangjone-1,TMA00318,False,False,False,none
gankgdpo-1,TMA00318,False,False,False,none
ganolbcl-1,TMA00318,False,False,False,none
gaoaonhh-1,TMA00318,False,False,False,none
gaohkpof-1,TMA00318,False,False,False,none
gaokglll-1,TMA00318,False,False,False,none
gapechic-1,TMA00318,False,False,False,none
gapfafkf-1,TMA00318,False,False,False,none
gaphedbi-1,TMA00318,False,False,False,none
gapjpgbd-1,TMA00318,False,False,False,none
gapkjpdg-1,TMA00318,False,False,False,none
gapmodcm-1,TMA00318,False,False,False,none
gapnjadi-1,TMA00318,False,False,False,none
gbakaejl-1,TMA00318,False,False,False,none
gbakanle-1,TMA00318,False,False,False,none
gbbbbeig-1,TMA00318,False,False,False,none
gbbbfpeb-1,TMA00318,False,False,False,none
gbbcnbpp-1,TMA00318,False,False,False,none
gbbcncbn-1,TMA00318,False,False,False,none
gbbdcpkn-1,TMA00318,False,False,False,none
gbbfpkhn-1,TMA00318,False,False,False,none
gbbknbea-1,TMA00318,False,False,False,none
gbblkcgf-1,TMA00318,False,False,False,none
gbbmoban-1,TMA00318,False,False,False,none
gbbnilgl-1,TMA00318,False,False,False,none
gbbofbcn-1,TMA00318,False,False,False,none
gbcamdmj-1,TMA00318,False,False,False,none
gbcdlinh-1,TMA00318,False,False,False,none
gbcgkjfm-1,TMA00318,False,False,False,none
gbdkejok-1,TMA00318,False,False,False,none
gbdnhjjd-1,TMA00318,False,False,False,none
gbecbdhn-1,TMA00318,False,False,False,none
gbedkahc-1,TMA00318,False,False,False,none
gbfcffap-1,TMA00318,False,False,False,none
gbfehjgf-1,TMA00318,False,False,False,none
gbfejimb-1,TMA00318,False,False,False,none
gbfhfddh-1,TMA00318,False,False,False,none
gbfjpfgi-1,TMA00318,False,False,False,none
gbfkhlcm-1,TMA00318,False,False,False,none
gbfnnbfl-1,TMA00318,False,False,False,none
gbgagdch-1,TMA00318,False,False,False,none
gbgfjeab-1,TMA00318,False,False,False,none
gbglloam-1,TMA00318,False,False,False,none
gbhcgcel-1,TMA00318,False,False,False,none
gbhdhdmh-1,TMA00318,False,False,False,none
gbhhidic-1,TMA00318,False,False,False,none
gbhmnkah-1,TMA00318,False,False,False,none
gbhpkogl-1,TMA00318,False,False,False,none
gbhpnhen-1,TMA00318,False,False,False,none
gbicbhnp-1,TMA00318,False,False,False,none
gbifjcdc-1,TMA00318,False,False,False,none
gbijjmap-1,TMA00318,False,False,False,none
gbinidaa-1,TMA00318,False,False,False,none
gbjbdidm-1,TMA00318,False,False,False,none
gbjfnjdg-1,TMA00318,False,False,False,none
gbjggbno-1,TMA00318,False,False,False,none
gbjpdnip-1,TMA00318,False,False,False,none
gbkleeah-1,TMA00318,False,False,False,none
gbkpgiea-1,TMA00318,False,False,False,none
gblcglmn-1,TMA00318,False,False,False,none
gbliekia-1,TMA00318,False,False,False,none
gblmcnfn-1,TMA00318,False,False,False,none
gblppifa-1,TMA00318,False,False,False,none
gbmbolbj-1,TMA00318,False,False,False,none
gbmcbmjg-1,TMA00318,False,False,False,none
gbmflmbe-1,TMA00318,False,False,False,none
gbmjgoca-1,TMA00318,False,False,False,none
gbmpnalk-1,TMA00318,False,False,False,none
gbnaaimi-1,TMA00318,False,False,False,none
gbndepcp-1,TMA00318,False,False,False,none
gbnedbdb-1,TMA00318,False,False,False,none
gbnfddpl-1,TMA00318,False,False,False,none
gbnfkgoo-1,TMA00318,False,False,False,none
gbnhnknf-1,TMA00318,False,False,False,none
gbnlpnco-1,TMA00318,False,False,False,none
gbnpiilp-1,TMA00318,False,False,False,none
gbodknlh-1,TMA00318,False,False,False,none
gbohpbbm-1,TMA00318,False,False,False,none
gbonchmg-1,TMA00318,False,False,False,none
gbonfjgd-1,TMA00318,False,False,False,none
gbopnnhk-1,TMA00318,False,False,False,none
gbpelfcf-1,TMA00318,False,False,False,none
gbpfdlhi-1,TMA00318,False,False,False,none
gbplnmoc-1,TMA00318,False,False,False,none
gcaakpcf-1,TMA00318,False,False,False,none
gcabnjda-1,TMA00318,False,False,False,none
gcadeann-1,TMA00318,False,False,False,none
gcadpbhb-1,TMA00318,False,False,False,none
gcapmiia-1,TMA00318,False,False,False,none
gcbbnjlo-1,TMA00318,False,False,False,none
gcbnlbom-1,TMA00318,False,False,False,none
gccachfn-1,TMA00318,False,False,False,none
gccfpbjf-1,TMA00318,False,False,False,none
gccmkjcg-1,TMA00318,False,False,False,none
gccojdon-1,TMA00318,False,False,False,none
gcdaimeb-1,TMA00318,False,False,False,none
gcdchhim-1,TMA00318,False,False,False,none
gcedlbhh-1,TMA00318,False,False,False,none
gcefgoij-1,TMA00318,False,False,False,none
gcfaaigm-1,TMA00318,False,False,False,none
gcfeikgm-1,TMA00318,False,False,False,none
gcfhicni-1,TMA00318,False,False,False,none
gcfhkakn-1,TMA00318,False,False,False,none
gcgcablo-1,TMA00318,False,False,False,none
gcgdijla-1,TMA00318,False,False,False,none
gcgdnmdd-1,TMA00318,False,False,False,none
gcgmiknd-1,TMA00318,False,False,False,none
gcgodffh-1,TMA00318,False,False,False,none
gchbfllk-1,TMA00318,False,False,False,none
gchcijdi-1,TMA00318,False,False,False,none
gchclgjn-1,TMA00318,False,False,False,none
gchcmmjh-1,TMA00318,False,False,False,none
gchffmhj-1,TMA00318,False,False,False,none
gchgkmef-1,TMA00318,False,False,False,none
gchmnplh-1,TMA00318,False,False,False,none
gchpboga-1,TMA00318,False,False,False,none
gcibnapg-1,TMA00318,False,False,False,none
gciijpbc-1,TMA00318,False,False,False,none
gcjeeclj-1,TMA00318,False,False,False,none
gcjemhbo-1,TMA00318,False,False,False,none
gcjfjkhg-1,TMA00318,False,False,False,none
gcjhmnfc-1,TMA00318,False,False,False,none
gcjkhpha-1,TMA00318,False,False,False,none
gcjlijmk-1,TMA00318,False,False,False,none
gckbnpgj-1,TMA00318,False,False,False,none
gckeleni-1,TMA00318,False,False,False,none
gckifhci-1,TMA00318,False,False,False,none
gckmcoeo-1,TMA00318,False,False,False,none
gckpcbin-1,TMA00318,False,False,False,none
gcldcpno-1,TMA00318,False,False,False,none
gcleflfj-1,TMA00318,False,False,False,none
gcljdpnd-1,TMA00318,False,False,False,none
gclkljbk-1,TMA00318,False,False,False,none
gclpjiii-1,TMA00318,False,False,False,none
gclppbho-1,TMA00318,False,False,False,none
gcmaidko-1,TMA00318,False,False,False,none
gcmffoad-1,TMA00318,False,False,False,none
gcmkkmcp-1,TMA00318,False,False,False,none
gcmlhnfn-1,TMA00318,False,False,False,none
gcnalkmn-1,TMA00318,False,False,False,none
gcnaoaep-1,TMA00318,False,False,False,none
gcnbanca-1,TMA00318,False,False,False,none
gcnbjfaa-1,TMA00318,False,False,False,none
gcncephd-1,TMA00318,False,False,False,none
gcnnbgnd-1,TMA00318,False,False,False,none
gcnnmekp-1,TMA00318,False,False,False,none
gcnnobgo-1,TMA00318,False,False,False,none
gcolohdc-1,TMA00318,False,False,False,none
gcopgihk-1,TMA00318,False,False,False,none
gdagkakf-1,TMA00318,False,False,False,none
gdagpmbo-1,TMA00318,False,False,False,none
gdahdecc-1,TMA00318,False,False,False,none
gdbipfdc-1,TMA00318,False,False,False,none
gdbpjpfg-1,TMA00318,False,False,False,none
gdcdlidm-1,TMA00318,False,False,False,none
gdchebbe-1,TMA00318,False,False,False,none
gdcilpdl-1,TMA00318,False,False,False,none
gdcnkpco-1,TMA00318,False,False,False,none
gddfimkn-1,TMA00318,False,False,False,none
gddkigie-1,TMA00318,False,False,False,none
gddndggd-1,TMA00318,False,False,False,none
gddnpgkm-1,TMA00318,False,False,False,none
gdeaimjg-1,TMA00318,False,False,False,none
gdegklpc-1,TMA00318,False,False,False,none
gdegocpf-1,TMA00318,False,False,False,none
gdelekoo-1,TMA00318,False,False,False,none
gdemocdg-1,TMA00318,False,False,False,none
gdfcdpkj-1,TMA00318,False,False,False,none
gdfopndf-1,TMA00318,False,False,False,none
gdggkfbn-1,TMA00318,False,False,False,none
gdgilidi-1,TMA00318,False,False,False,none
gdgmbflk-1,TMA00318,False,False,False,none
gdgokpan-1,TMA00318,False,False,False,none
gdhahoie-1,TMA00318,False,False,False,none
gdhcncag-1,TMA00318,False,False,False,none
gdhekfol-1,TMA00318,False,False,False,none
gdhjgang-1,TMA00318,False,False,False,none
gdhkjkim-1,TMA00318,False,False,False,none
gdhkopma-1,TMA00318,False,False,False,none
gdhloaek-1,TMA00318,False,False,False,none
gdhmcbnb-1,TMA00318,False,False,False,none
gdhmmgmc-1,TMA00318,False,False,False,none
gdhnedla-1,TMA00318,False,False,False,none
gdigmfdj-1,TMA00318,False,False,False,none
gdiiklbh-1,TMA00318,False,False,False,none
gdikkgab-1,TMA00318,False,False,False,none
gdjaejgl-1,TMA00318,False,False,False,none
gdjcplfp-1,TMA00318,False,False,False,none
gdjfapfg-1,TMA00318,False,False,False,none
gdjmpfad-1,TMA00318,False,False,False,none
gdjpeilg-1,TMA00318,False,False,False,none
gdkblboo-1,TMA00318,False,False,False,none
gdkciiki-1,TMA00318,False,False,False,none
gdkdelap-1,TMA00318,False,False,False,none
gdkhhffe-1,TMA00318,False,False,False,none
gdkkcddk-1,TMA00318,False,False,False,none
gdkkhcch-1,TMA00318,False,False,False,none
gdlcoolb-1,TMA00318,False,False,False,none
gdldjndl-1,TMA00318,False,False,False,none
gdlgflhd-1,TMA00318,False,False,False,none
gdllbfhg-1,TMA00318,False,False,False,none
gdlpcjhi-1,TMA00318,False,False,False,none
gdmfembc-1,TMA00318,False,False,False,none
gdmfloop-1,TMA00318,False,False,False,none
gdmfmgeo-1,TMA00318,False,False,False,none
gdmifoeg-1,TMA00318,False,False,False,none
gdmljojc-1,TMA00318,False,False,False,none
gdmngaei-1,TMA00318,False,False,False,none
gdmpaela-1,TMA00318,False,False,False,none
gdodojbg-1,TMA00318,False,False,False,none
gdogffei-1,TMA00318,False,False,False,none
gdoopdci-1,TMA00318,False,False,False,none
gdopinig-1,TMA00318,False,False,False,none
gdpcdjee-1,TMA00318,False,False,False,none
gdpdclhj-1,TMA00318,False,False,False,none
gdpjokhm-1,TMA00318,False,False,False,none
gdpmnfmj-1,TMA00318,False,False,False,none
gdppbppi-1,TMA00318,False,False,False,none
gdppeack-1,TMA00318,False,False,False,none
gdppjkee-1,TMA00318,False,False,False,none
geaadghm-1,TMA00318,False,False,False,none
geaffhcc-1,TMA00318,False,False,False,none
geafhfkc-1,TMA00318,False,False,False,none
gealpigl-1,TMA00318,False,False,False,none
gebbedkk-1,TMA00318,False,False,False,none
gebhpbfb-1,TMA00318,False,False,False,none
gebjfkgp-1,TMA00318,False,False,False,none
gebngfhf-1,TMA00318,False,False,False,none
gebobdgi-1,TMA00318,False,False,False,none
gecacilc-1,TMA00318,False,False,False,none
geccklla-1,TMA00318,False,False,False,none
gechbhoj-1,TMA00318,False,False,False,none
gedbffoh-1,TMA00318,False,False,False,none
geddkbah-1,TMA00318,False,False,False,none
gedhjgbp-1,TMA00318,False,False,False,none
gedingeb-1,TMA00318,False,False,False,none
geecidfe-1,TMA00318,False,False,False,none
geecnmhe-1,TMA00318,False,False,False,none
geedndai-1,TMA00318,False,False,False,none
geeldoom-1,TMA00318,False,False,False,none
geeljlni-1,TMA00318,False,False,False,none
geeofeih-1,TMA00318,False,False,False,none
geepoogg-1,TMA00318,False,False,False,none
gefaccih-1,TMA00318,False,False,False,none
gefccfem-1,TMA00318,False,False,False,none
geffloig-1,TMA00318,False,False,False,none
gefhkiie-1,TMA00318,False,False,False,none
gefiokea-1,TMA00318,False,False,False,none
geflhelh-1,TMA00318,False,False,False,none
gefnhafi-1,TMA00318,False,False,False,none
gegbgiod-1,TMA00318,False,False,False,none
gegeaomg-1,TMA00318,False,False,False,none
gegjdfih-1,TMA00318,False,False,False,none
gegkhmag-1,TMA00318,False,False,False,none
gegmdijo-1,TMA00318,False,False,False,none
gegmhjin-1,TMA00318,False,False,False,none
gegnihnh-1,TMA00318,False,False,False,none
gegpaajc-1,TMA00318,False,False,False,none
gehbanab-1,TMA00318,False,False,False,none
gehgaccd-1,TMA00318,False,False,False,none
gehhljpd-1,TMA00318,False,False,False,none
gehioljl-1,TMA00318,False,False,False,none
gehkkehc-1,TMA00318,False,False,False,none
gehklnak-1,TMA00318,False,False,False,none
gehlenop-1,TMA00318,False,False,False,none
geicaenn-1,TMA00318,False,False,False,none
geicfdee-1,TMA00318,False,False,False,none
geiepceb-1,TMA00318,False,False,False,none
geifdibi-1,TMA00318,False,False,False,none
geihbphd-1,TMA00318,False,False,False,none
geihdecf-1,TMA00318,False,False,False,none
geildoic-1,TMA00318,False,False,False,none
geingbih-1,TMA00318,False,False,False,none
geipajhe-1,TMA00318,False,False,False,none
geipifoi-1,TMA00318,False,False,False,none
gekgfddk-1,TMA00318,False,False,False,none
geknoffo-1,TMA00318,False,False,False,none
geljmpgk-1,TMA00318,False,False,False,none
gelmaldc-1,TMA00318,False,False,False,none
gelpkiik-1,TMA00318,False,False,False,none
gemcocmm-1,TMA00318,False,False,False,none
gemfmpgl-1,TMA00318,False,False,False,none
gemgkefo-1,TMA00318,False,False,False,none
gemhldne-1,TMA00318,False,False,False,none
gemiehmd-1,TMA00318,False,False,False,none
gemjhpli-1,TMA00318,False,False,False,none
gemladln-1,TMA00318,False,False,False,none
gemmjcpl-1,TMA00318,False,False,False,none
genagcif-1,TMA00318,False,False,False,none
gendmhlc-1,TMA00318,False,False,False,none
gengcfce-1,TMA00318,False,False,False,none
genmoied-1,TMA00318,False,False,False,none
gennfhnd-1,TMA00318,False,False,False,none
geodiokj-1,TMA00318,False,False,False,none
geofkbkm-1,TMA00318,False,False,False,none
geohjgfi-1,TMA00318,False,False,False,none
geoijamn-1,TMA00318,False,False,False,none
geoklooh-1,TMA00318,False,False,False,none
geolecll-1,TMA00318,False,False,False,none
gepfobma-1,TMA00318,False,False,False,none
gepmalle-1,TMA00318,False,False,False,none
gepmghae-1,TMA00318,False,False,False,none
geppfaih-1,TMA00318,False,False,False,none
gfaaoefe-1,TMA00318,False,False,False,none
gfadbhoh-1,TMA00318,False,False,False,none
gfahelab-1,TMA00318,False,False,False,none
gfaikacf-1,TMA00318,False,False,False,none
gfapokli-1,TMA00318,False,False,False,none
gfbbepbh-1,TMA00318,False,False,False,none
gfbfigba-1,TMA00318,False,False,False,none
gfbgblml-1,TMA00318,False,False,False,none
gfbjjgnp-1,TMA00318,False,False,False,none
gfbmldnf-1,TMA00318,False,False,False,none
gfcbanil-1,TMA00318,False,False,False,none
gfcegnec-1,TMA00318,False,False,False,none
gfcgihhh-1,TMA00318,False,False,False,none
gfcgjban-1,TMA00318,False,False,False,none
gfchjgcn-1,TMA00318,False,False,False,none
gfckdaof-1,TMA00318,False,False,False,none
gfcpgfad-1,TMA00318,False,False,False,none
gfdaodaf-1,TMA00318,False,False,False,none
gfdcjpkf-1,TMA00318,False,False,False,none
gfdfgngn-1,TMA00318,False,False,False,none
gfdgggno-1,TMA00318,False,False,False,none
gfdicbdb-1,TMA00318,False,False,False,none
gfefgkai-1,TMA00318,False,False,False,none
gfephklf-1,TMA00318,False,False,False,none
gfepolkf-1,TMA00318,False,False,False,none
gffdedcm-1,TMA00318,False,False,False,none
gffdjcik-1,TMA00318,False,False,False,none
gffdofhk-1,TMA00318,False,False,False,none
gfffnihe-1,TMA00318,False,False,False,none
gfflclhd-1,TMA00318,False,False,False,none
gffmbcfj-1,TMA00318,False,False,False,none
gffmjeki-1,TMA00318,False,False,False,none
gffoldif-1,TMA00318,False,False,False,none
gfgcfnge-1,TMA00318,False,False,False,none
gfgijdle-1,TMA00318,False,False,False,none
gfgopghj-1,TMA00318,False,False,False,none
gfgpimdc-1,TMA00318,False,False,False,none
gfhbnbdb-1,TMA00318,False,False,False,none
gfhghego-1,TMA00318,False,False,False,none
gfhgllgj-1,TMA00318,False,False,False,none
gfhiljbh-1,TMA00318,False,False,False,none
gfhinklb-1,TMA00318,False,False,False,none
gfhjlpak-1,TMA00318,False,False,False,none
gfhkgfib-1,TMA00318,False,False,False,none
gfhlaogn-1,TMA00318,False,False,False,none
gfhldmgf-1,TMA00318,False,False,False,none
gfiahojf-1,TMA00318,False,False,False,none
gficaeik-1,TMA00318,False,False,False,none
gfieecpd-1,TMA00318,False,False,False,none
gfieibdm-1,TMA00318,False,False,False,none
gfihmnko-1,TMA00318,False,False,False,none
gfikmedo-1,TMA00318,False,False,False,none
gfimbmfk-1,TMA00318,False,False,False,none
gfinglaf-1,TMA00318,False,False,False,none
gfjacikf-1,TMA00318,False,False,False,none
gfjbcekd-1,TMA00318,False,False,False,none
gfjbenja-1,TMA00318,False,False,False,none
gfjeejng-1,TMA00318,False,False,False,none
gfjhbkgb-1,TMA00318,False,False,False,none
gfjigdej-1,TMA00318,False,False,False,none
gfjlohop-1,TMA00318,False,False,False,none
gfjminam-1,TMA00318,False,False,False,none
gfjnipak-1,TMA00318,False,False,False,none
gfjopcda-1,TMA00318,False,False,False,none
gfkcfnkp-1,TMA00318,False,False,False,none
gfkdpcln-1,TMA00318,False,False,False,none
gfkfndij-1,TMA00318,False,False,False,none
gfkmdnfa-1,TMA00318,False,False,False,none
gflcmjgb-1,TMA00318,False,False,False,none
gflhbenp-1,TMA00318,False,False,False,none
gflhcmkp-1,TMA00318,False,False,False,none
gfljjceh-1,TMA00318,False,False,False,none
gfljpgee-1,TMA00318,False,False,False,none
gfloeadg-1,TMA00318,False,False,False,none
gflpinbl-1,TMA00318,False,False,False,none
gfmdaapa-1,TMA00318,False,False,False,none
gfmdcamp-1,TMA00318,False,False,False,none
gfmojpbm-1,TMA00318,False,False,False,none
gfmppmcm-1,TMA00318,False,False,False,none
gfnpcmba-1,TMA00318,False,False,False,none
gfoahkfj-1,TMA00318,False,False,False,none
gfoajbdd-1,TMA00318,False,False,False,none
gfoccfad-1,TMA00318,False,False,False,none
gfohcbgg-1,TMA00318,False,False,False,none
gfojcign-1,TMA00318,False,False,False,none
gfoknjch-1,TMA00318,False,False,False,none
gfomldmd-1,TMA00318,False,False,False,none
gfpbgjae-1,TMA00318,False,False,False,none
gfpboafh-1,TMA00318,False,False,False,none
gfpcedip-1,TMA00318,False,False,False,none
gfphfnlb-1,TMA00318,False,False,False,none
gfpkhbid-1,TMA00318,False,False,False,none
gfpmnbef-1,TMA00318,False,False,False,none
gfpmpidd-1,TMA00318,False,False,False,none
ggacdmle-1,TMA00318,False,False,False,none
ggacolil-1,TMA00318,False,False,False,none
ggahknoo-1,TMA00318,False,False,False,none
ggahodmg-1,TMA00318,False,False,False,none
ggambmjo-1,TMA00318,False,False,False,none
ggbgapaa-1,TMA00318,False,False,False,none
ggbjammc-1,TMA00318,False,False,False,none
ggblnbnm-1,TMA00318,False,False,False,none
ggcaapjp-1,TMA00318,False,False,False,none
ggcjholo-1,TMA00318,False,False,False,none
ggcjklpg-1,TMA00318,False,False,False,none
ggckkhkm-1,TMA00318,False,False,False,none
ggdfeeec-1,TMA00318,False,False,False,none
ggdmoibk-1,TMA00318,False,False,False,none
ggebbokk-1,TMA00318,False,False,False,none
ggebfodc-1,TMA00318,False,False,False,none
ggfhhahj-1,TMA00318,False,False,False,none
ggflgkgb-1,TMA00318,False,False,False,none
ggflkoki-1,TMA00318,False,False,False,none
ggghmalj-1,TMA00318,False,False,False,none
gghdkanb-1,TMA00318,False,False,False,none
gghmmdbb-1,TMA00318,False,False,False,none
ggidhemd-1,TMA00318,False,False,False,none
ggilakdc-1,TMA00318,False,False,False,none
ggjaedoi-1,TMA00318,False,False,False,none
ggjecjck-1,TMA00318,False,False,False,none
ggjehlpd-1,TMA00318,False,False,False,none
ggjffijk-1,TMA00318,False,False,False,none
ggjhcafm-1,TMA00318,False,False,False,none
ggjjanni-1,TMA00318,False,False,False,none
ggjmkipo-1,TMA00318,False,False,False,none
ggjnbnjj-1,TMA00318,False,False,False,none
ggjobocn-1,TMA00318,False,False,False,none
ggjpidef-1,TMA00318,False,False,False,none
ggkcgpjl-1,TMA00318,False,False,False,none
ggkebkia-1,TMA00318,False,False,False,none
ggkegkod-1,TMA00318,False,False,False,none
ggkgncll-1,TMA00318,False,False,False,none
ggkkpcmi-1,TMA00318,False,False,False,none
ggkmcdca-1,TMA00318,False,False,False,none
ggkmiepf-1,TMA00318,False,False,False,none
ggkolcbm-1,TMA00318,False,False,False,none
gglagjdi-1,TMA00318,False,False,False,none
gglejldc-1,TMA00318,False,False,False,none
ggleldpk-1,TMA00318,False,False,False,none
gglfaabb-1,TMA00318,False,False,False,none
gglfkodf-1,TMA00318,False,False,False,none
gglibnej-1,TMA00318,False,False,False,none
gglinbap-1,TMA00318,False,False,False,none
ggljaaob-1,TMA00318,False,False,False,none
gglkemhg-1,TMA00318,False,False,False,none
ggmbdjmh-1,TMA00318,False,False,False,none
ggmclemd-1,TMA00318,False,False,False,none
ggmdmmnk-1,TMA00318,False,False,False,none
ggmfmhio-1,TMA00318,False,False,False,none
ggmlpnij-1,TMA00318,False,False,False,none
ggmpofdg-1,TMA00318,False,False,False,none
ggnblglg-1,TMA00318,False,False,False,none
ggnhpjfi-1,TMA00318,False,False,False,none
ggnpgcae-1,TMA00318,False,False,False,none
ggoebapn-1,TMA00318,False,False,False,none
ggoedbpb-1,TMA00318,False,False,False,none
ggohflli-1,TMA00318,False,False,False,none
ggpboofp-1,TMA00318,False,False,False,none
ggpkkooh-1,TMA00318,False,False,False,none
ggpmakkd-1,TMA00318,False,False,False,none
ghacollk-1,TMA00318,False,False,False,none
ghaejjio-1,TMA00318,False,False,False,none
ghaflaga-1,TMA00318,False,False,False,none
ghagmjgh-1,TMA00318,False,False,False,none
ghajbdnd-1,TMA00318,False,False,False,none
ghakablg-1,TMA00318,False,False,False,none
ghanopek-1,TMA00318,False,False,False,none
ghaojngo-1,TMA00318,False,False,False,none
ghbcmhoe-1,TMA00318,False,False,False,none
ghbddokf-1,TMA00318,False,False,False,none
ghbfkooh-1,TMA00318,False,False,False,none
ghbhakmg-1,TMA00318,False,False,False,none
ghbkdlob-1,TMA00318,False,False,False,none
ghbmclki-1,TMA00318,False,False,False,none
ghbmefgj-1,TMA00318,False,False,False,none
ghbmjlpk-1,TMA00318,False,False,False,none
ghbmmeek-1,TMA00318,False,False,False,none
ghbodmld-1,TMA00318,False,False,False,none
ghcafkdn-1,TMA00318,False,False,False,none
ghcajofb-1,TMA00318,False,False,False,none
ghcbjlhh-1,TMA00318,False,False,False,none
ghcegmjd-1,TMA00318,False,False,False,none
ghcgbhjo-1,TMA00318,False,False,False,none
ghcgcigh-1,TMA00318,False,False,False,none
ghcgeaah-1,TMA00318,False,False,False,none
ghchhlfl-1,TMA00318,False,False,False,none
ghcjdjdc-1,TMA00318,False,False,False,none
ghckebho-1,TMA00318,False,False,False,none
ghclffmn-1,TMA00318,False,False,False,none
ghcmjgad-1,TMA00318,False,False,False,none
ghdibgde-1,TMA00318,False,False,False,none
ghdiigec-1,TMA00318,False,False,False,none
ghdlhgjg-1,TMA00318,False,False,False,none
gheadpgo-1,TMA00318,False,False,False,none
ghebcbpe-1,TMA00318,False,False,False,none
ghekpkdb-1,TMA00318,False,False,False,none
ghepjcab-1,TMA00318,False,False,False,none
ghfkbedn-1,TMA00318,False,False,False,none
ghfpiaka-1,TMA00318,False,False,False,none
ghgoepdb-1,TMA00318,False,False,False,none
ghheabdo-1,TMA00318,False,False,False,none
ghhjnidh-1,TMA00318,False,False,False,none
ghhjpgog-1,TMA00318,False,False,False,none
ghhkecpe-1,TMA00318,False,False,False,none
ghhmnipe-1,TMA00318,False,False,False,none
ghhpilkf-1,TMA00318,False,False,False,none
ghiaeffb-1,TMA00318,False,False,False,none
ghicgapd-1,TMA00318,False,False,False,none
ghipolem-1,TMA00318,False,False,False,none
ghjeegjm-1,TMA00318,False,False,False,none
ghjjaboo-1,TMA00318,False,False,False,none
ghjkpbho-1,TMA00318,False,False,False,none
ghjlklhb-1,TMA00318,False,False,False,none
ghjnjhfm-1,TMA00318,False,False,False,none
ghjphngh-1,TMA00318,False,False,False,none
ghkegbmo-1,TMA00318,False,False,False,none
ghkfhcmj-1,TMA00318,False,False,False,none
ghkhipab-1,TMA00318,False,False,False,none
ghkjnbha-1,TMA00318,False,False,False,none
ghkpnhhg-1,TMA00318,False,False,False,none
ghlabigh-1,TMA00318,False,False,False,none
ghlaplmb-1,TMA00318,False,False,False,none
ghlclpli-1,TMA00318,False,False,False,none
ghlgmhim-1,TMA00318,False,False,False,none
ghlmhhcg-1,TMA00318,False,False,False,none
ghlmoocd-1,TMA00318,False,False,False,none
ghmapfco-1,TMA00318,False,False,False,none
ghmfgdol-1,TMA00318,False,False,False,none
ghmikcld-1,TMA00318,False,False,False,none
ghnaemek-1,TMA00318,False,False,False,none
ghncfjgd-1,TMA00318,False,False,False,none
ghnjjckj-1,TMA00318,False,False,False,none
ghnkgdik-1,TMA00318,False,False,False,none
ghnlbfhi-1,TMA00318,False,False,False,none
ghocdgge-1,TMA00318,False,False,False,none
ghoceccn-1,TMA00318,False,False,False,none
ghodlofh-1,TMA00318,False,False,False,none
ghoecija-1,TMA00318,False,False,False,none
ghoegmda-1,TMA00318,False,False,False,none
ghohbmgk-1,TMA00318,False,False,False,none
ghokpchc-1,TMA00318,False,False,False,none
ghomojfl-1,TMA00318,False,False,False,none
ghpbnbmf-1,TMA00318,False,False,False,none
ghpckjpi-1,TMA00318,False,False,False,none
ghpdenig-1,TMA00318,False,False,False,none
ghpglfge-1,TMA00318,False,False,False,none
ghphcpjk-1,TMA00318,False,False,False,none
ghpmepho-1,TMA00318,False,False,False,none
giabgnif-1,TMA00318,False,False,False,none
giackppo-1,TMA00318,False,False,False,none
giafdkhf-1,TMA00318,False,False,False,none
giagdooj-1,TMA00318,False,False,False,none
giahkccg-1,TMA00318,False,False,False,none
gialbobo-1,TMA00318,False,False,False,none
gialcjfg-1,TMA00318,False,False,False,none
gialndck-1,TMA00318,False,False,False,none
giapdbjp-1,TMA00318,False,False,False,none
giapdgmh-1,TMA00318,False,False,False,none
giapheca-1,TMA00318,False,False,False,none
gibcpkmb-1,TMA00318,False,False,False,none
gibeacgn-1,TMA00318,False,False,False,none
gibebell-1,TMA00318,False,False,False,none
gibejjle-1,TMA00318,False,False,False,none
gibfdgfn-1,TMA00318,False,False,False,none
gibkkbah-1,TMA00318,False,False,False,none
giblnilm-1,TMA00318,False,False,False,none
gibnbjim-1,TMA00318,False,False,False,none
giccgkeb-1,TMA00318,False,False,False,none
giccmhkj-1,TMA00318,False,False,False,none
gicdpach-1,TMA00318,False,False,False,none
gicdpkaf-1,TMA00318,False,False,False,none
gicepbjo-1,TMA00318,False,False,False,none
gichccbc-1,TMA00318,False,False,False,none
gicnbind-1,TMA00318,False,False,False,none
gicookoi-1,TMA00318,False,False,False,none
gidbijpm-1,TMA00318,False,False,False,none
gidblmom-1,TMA00318,False,False,False,none
gidebbkp-1,TMA00318,False,False,False,none
gideoaai-1,TMA00318,False,False,False,none
gidjiifp-1,TMA00318,False,False,False,none
gidpieif-1,TMA00318,False,False,False,none
giefdimc-1,TMA00318,False,False,False,none
giemmfjh-1,TMA00318,False,False,False,none
giendjfk-1,TMA00318,False,False,False,none
gifbjodo-1,TMA00318,False,False,False,none
gifkkmid-1,TMA00318,False,False,False,none
giflekpd-1,TMA00318,False,False,False,none
giflpgem-1,TMA00318,False,False,False,none
gifooiag-1,TMA00318,False,False,False,none
gifpnedp-1,TMA00318,False,False,False,none
gigeipbj-1,TMA00318,False,False,False,none
gigfcbmj-1,TMA00318,False,False,False,none
gigilegi-1,TMA00318,False,False,False,none
gigkdmga-1,TMA00318,False,False,False,none
gigofldn-1,TMA00318,False,False,False,none
gihdblff-1,TMA00318,False,False,False,none
gihogeam-1,TMA00318,False,False,False,none
giibdcpg-1,TMA00318,False,False,False,none
giienkhm-1,TMA00318,False,False,False,none
giieplbp-1,TMA00318,False,False,False,none
giiimbni-1,TMA00318,False,False,False,none
giiofcml-1,TMA00318,False,False,False,none
gijfgjeh-1,TMA00318,False,False,False,none
gijgbolo-1,TMA00318,False,False,False,none
gijiaomj-1,TMA00318,False,False,False,none
gijjhepn-1,TMA00318,False,False,False,none
gijleihc-1,TMA00318,False,False,False,none
gijoolbb-1,TMA00318,False,False,False,none
gikeajem-1,TMA00318,False,False,False,none
gikehcgk-1,TMA00318,False,False,False,none
gikffido-1,TMA00318,False,False,False,none
gikhdipg-1,TMA00318,False,False,False,none
gikhhbjb-1,TMA00318,False,False,False,none
gikkogfo-1,TMA00318,False,False,False,none
gikmhjea-1,TMA00318,False,False,False,none
gilanndh-1,TMA00318,False,False,False,none
gilbdkca-1,TMA00318,False,False,False,none
gilbjfen-1,TMA00318,False,False,False,none
gilcplfj-1,TMA00318,False,False,False,none
gilecgic-1,TMA00318,False,False,False,none
gimadoel-1,TMA00318,False,False,False,none
gimcncep-1,TMA00318,False,False,False,none
gimldcal-1,TMA00318,False,False,False,none
ginakgog-1,TMA00318,False,False,False,none
ginfonjj-1,TMA00318,False,False,False,none
ginicnnl-1,TMA00318,False,False,False,none
ginjnnjp-1,TMA00318,False,False,False,none
ginkpgol-1,TMA00318,False,False,False,none
ginlpgib-1,TMA00318,False,False,False,none
ginnpeio-1,TMA00318,False,False,False,none
gioeence-1,TMA00318,False,False,False,none
gioepeml-1,TMA00318,False,False,False,none
giojcojb-1,TMA00318,False,False,False,none
giojihip-1,TMA00318,False,False,False,none
giokdgba-1,TMA00318,False,False,False,none
gionplof-1,TMA00318,False,False,False,none
gipcpnfh-1,TMA00318,False,False,False,none
gipffflp-1,TMA00318,False,False,False,none
gipjjogi-1,TMA00318,False,False,False,none
gipkkmcg-1,TMA00318,False,False,False,none
giplpghb-1,TMA00318,False,False,False,none
gipnehmb-1,TMA00318,False,False,False,none
gipoalmn-1,TMA00318,False,False,False,none
gjabljnd-1,TMA00318,False,False,False,none
gjacgeic-1,TMA00318,False,False,False,none
gjaooeha-1,TMA00318,False,False,False,none
gjbabpnp-1,TMA00318,False,False,False,none
gjbgmjok-1,TMA00318,False,False,False,none
gjcbikic-1,TMA00318,False,False,False,none
gjcjlhjo-1,TMA00318,False,False,False,none
gjcnpaip-1,TMA00318,False,False,False,none
gjcpcgin-1,TMA00318,False,False,False,none
gjcpopho-1,TMA00318,False,False,False,none
gjddogne-1,TMA00318,False,False,False,none
gjdhidic-1,TMA00318,False,False,False,none
gjegmgab-1,TMA00318,False,False,False,none
gjegngeh-1,TMA00318,False,False,False,none
gjejdaga-1,TMA00318,False,False,False,none
gjendogb-1,TMA00318,False,False,False,none
gjepeben-1,TMA00318,False,False,False,none
gjepjhhm-1,TMA00318,False,False,False,none
gjfdileh-1,TMA00318,False,False,False,none
gjfhiapm-1,TMA00318,False,False,False,none
gjfjlmnd-1,TMA00318,False,False,False,none
gjfoglbd-1,TMA00318,False,False,False,none
gjgcdnnj-1,TMA00318,False,False,False,none
gjgfelia-1,TMA00318,False,False,False,none
gjgipcea-1,TMA00318,False,False,False,none
gjgmlggg-1,TMA00318,False,False,False,none
gjgnaapk-1,TMA00318,False,False,False,none
gjhamgfg-1,TMA00318,False,False,False,none
gjhbdmdp-1,TMA00318,False,False,False,none
gjhgjnel-1,TMA00318,False,False,False,none
gjhlabom-1,TMA00318,False,False,False,none
gjhlaihp-1,TMA00318,False,False,False,none
gjhnpnld-1,TMA00318,False,False,False,none
gjhpafel-1,TMA00318,False,False,False,none
gjibgdga-1,TMA00318,False,False,False,none
gjidjeed-1,TMA00318,False,False,False,none
gjieabnf-1,TMA00318,False,False,False,none
gjiemnne-1,TMA00318,False,False,False,none
gjifohld-1,TMA00318,False,False,False,none
gjikheek-1,TMA00318,False,False,False,none
gjikjmml-1,TMA00318,False,False,False,none
gjjapkof-1,TMA00318,False,False,False,none
gjjcbkdp-1,TMA00318,False,False,False,none
gjjdbckc-1,TMA00318,False,False,False,none
gjjfpack-1,TMA00318,False,False,False,none
gjjidego-1,TMA00318,False,False,False,none
gjjjmann-1,TMA00318,False,False,False,none
gjjldbee-1,TMA00318,False,False,False,none
gjjndkio-1,TMA00318,False,False,False,none
gjjoopik-1,TMA00318,False,False,False,none
gjkamidp-1,TMA00318,False,False,False,none
gjkkapdh-1,TMA00318,False,False,False,none
gjkkfjjk-1,TMA00318,False,False,False,none
gjkkhili-1,TMA00318,False,False,False,none
gjlkibij-1,TMA00318,False,False,False,none
gjlohpmb-1,TMA00318,False,False,False,none
gjlpjcpi-1,TMA00318,False,False,False,none
gjmeangb-1,TMA00318,False,False,False,none
gjmepccd-1,TMA00318,False,False,False,none
gjmjehnd-1,TMA00318,False,False,False,none
gjmnapje-1,TMA00318,False,False,False,none
gjnakngd-1,TMA00318,False,False,False,none
gjndjilf-1,TMA00318,False,False,False,none
gjninifp-1,TMA00318,False,False,False,none
gjodgmge-1,TMA00318,False,False,False,none
gjofnapc-1,TMA00318,False,False,False,none
gjogjnje-1,TMA00318,False,False,False,none
gjoglcjn-1,TMA00318,False,False,False,none
gjognege-1,TMA00318,False,False,False,none
gjoidecl-1,TMA00318,False,False,False,none
gjojmkol-1,TMA00318,False,False,False,none
gjoklkei-1,TMA00318,False,False,False,none
gjonjgbd-1,TMA00318,False,False,False,none
gjpbefdn-1,TMA00318,False,False,False,none
gjpbekdl-1,TMA00318,False,False,False,none
gjpcecpo-1,TMA00318,False,False,False,none
gjpcmknp-1,TMA00318,False,False,False,none
gjpioknj-1,TMA00318,False,False,False,none
gjpkghhe-1,TMA00318,False,False,False,none
gjplhooi-1,TMA00318,False,False,False,none
gjppnofn-1,TMA00318,False,False,False,none
gkailheh-1,TMA00318,False,False,False,none
gkammlph-1,TMA00318,False,False,False,none
gkanackd-1,TMA00318,False,False,False,none
gkaoippl-1,TMA00318,False,False,False,none
gkapdhap-1,TMA00318,False,False,False,none
gkbbpeig-1,TMA00318,False,False,False,none
gkbhcelj-1,TMA00318,False,False,False,none
gkbkpjcn-1,TMA00318,False,False,False,none
gkbmknef-1,TMA00318,False,False,False,none
gkbpfbbk-1,TMA00318,False,False,False,none
gkceeolh-1,TMA00318,False,False,False,none
gkcjblcp-1,TMA00318,False,False,False,none
gkclbkhi-1,TMA00318,False,False,False,none
gkcldpjc-1,TMA00318,False,False,False,none
gkcmikkc-1,TMA00318,False,False,False,none
gkcmjmgc-1,TMA00318,False,False,False,none
gkcmlehi-1,TMA00318,False,False,False,none
gkcpbgad-1,TMA00318,False,False,False,none
gkdbkppa-1,TMA00318,False,False,False,none
gkdbnlld-1,TMA00318,False,False,False,none
gkdcjaan-1,TMA00318,False,False,False,none
gkdcpnai-1,TMA00318,False,False,False,none
gkdeeaap-1,TMA00318,False,False,False,none
gkdfhiea-1,TMA00318,False,False,False,none
gkdjepco-1,TMA00318,False,False,False,none
gkdklcbl-1,TMA00318,False,False,False,none
gkdlhhgf-1,TMA00318,False,False,False,none
gkdngech-1,TMA00318,False,False,False,none
gkdnpcjc-1,TMA00318,False,False,False,none
gkdogion-1,TMA00318,False,False,False,none
gkdoikjk-1,TMA00318,False,False,False,none
gkdpjocc-1,TMA00318,False,False,False,none
gkdppfkh-1,TMA00318,False,False,False,none
gkefpgom-1,TMA00318,False,False,False,none
gkeljgkn-1,TMA00318,False,False,False,none
gkendenp-1,TMA00318,False,False,False,none
gkenflah-1,TMA00318,False,False,False,none
gkfbeidh-1,TMA00318,False,False,False,none
gkgbddpc-1,TMA00318,False,False,False,none
gkgcdmpf-1,TMA00318,False,False,False,none
gkggfldi-1,TMA00318,False,False,False,none
gkghanim-1,TMA00318,False,False,False,none
gkgmjkae-1,TMA00318,False,False,False,none
gkgokcli-1,TMA00318,False,False,False,none
gkgpkgef-1,TMA00318,False,False,False,none
gkhfbiob-1,TMA00318,False,False,False,none
gkhhaoga-1,TMA00318,False,False,False,none
gkhncfnl-1,TMA00318,False,False,False,none
gkibbokp-1,TMA00318,False,False,False,none
gkiccogm-1,TMA00318,False,False,False,none
gkigemdi-1,TMA00318,False,False,False,none
gkimdeee-1,TMA00318,False,False,False,none
gkjalnll-1,TMA00318,False,False,False,none
gkjddkci-1,TMA00318,False,False,False,none
gkjgcooh-1,TMA00318,False,False,False,none
gkjihcbj-1,TMA00318,False,False,False,none
gkjkoaki-1,TMA00318,False,False,False,none
gkjlfeea-1,TMA00318,False,False,False,none
gkjmnjgb-1,TMA00318,False,False,False,none
gkjpegka-1,TMA00318,False,False,False,none
gkkdlppg-1,TMA00318,False,False,False,none
gkkilnkh-1,TMA00318,False,False,False,none
gkknlapa-1,TMA00318,False,False,False,none
gklejifp-1,TMA00318,False,False,False,none
gklndmol-1,TMA00318,False,False,False,none
gklplhig-1,TMA00318,False,False,False,none
gkmdcbfd-1,TMA00318,False,False,False,none
gkmdfnnp-1,TMA00318,False,False,False,none
gkmfjekc-1,TMA00318,False,False,False,none
gkmpckop-1,TMA00318,False,False,False,none
gknalgfk-1,TMA00318,False,False,False,none
gknbgdbp-1,TMA00318,False,False,False,none
gknedehn-1,TMA00318,False,False,False,none
gknfpmik-1,TMA00318,False,False,False,none
gknhjoai-1,TMA00318,False,False,False,none
gknimmne-1,TMA00318,False,False,False,none
gknjkppn-1,TMA00318,False,False,False,none
gknjpgmm-1,TMA00318,False,False,False,none
gknkepac-1,TMA00318,False,False,False,none
gknojpeh-1,TMA00318,False,False,False,none
gknooeho-1,TMA00318,False,False,False,none
gkodefni-1,TMA00318,False,False,False,none
gkofmaen-1,TMA00318,False,False,False,none
gkolabkd-1,TMA00318,False,False,False,none
gkonmjmb-1,TMA00318,False,False,False,none
gkopomoc-1,TMA00318,False,False,False,none
gkpamign-1,TMA00318,False,False,False,none
gkpchnim-1,TMA00318,False,False,False,none
gkpcolcg-1,TMA00318,False,False,False,none
gkpebefd-1,TMA00318,False,False,False,none
gkpfimok-1,TMA00318,False,False,False,none
gkpkflgd-1,TMA00318,False,False,False,none
gkpljpbm-1,TMA00318,False,False,False,none
gkpococp-1,TMA00318,False,False,False,none
gkpphomk-1,TMA00318,False,False,False,none
gladnfbk-1,TMA00318,False,False,False,none
glafchfc-1,TMA00318,False,False,False,none
glagnhbf-1,TMA00318,False,False,False,none
glanjffn-1,TMA00318,False,False,False,none
glbdkncj-1,TMA00318,False,False,False,none
glbiiegc-1,TMA00318,False,False,False,none
glbjjcdg-1,TMA00318,False,False,False,none
glbkppmn-1,TMA00318,False,False,False,none
glblflgj-1,TMA00318,False,False,False,none
glcechni-1,TMA00318,False,False,False,none
glcehgkb-1,TMA00318,False,False,False,none
glcgffnl-1,TMA00318,False,False,False,none
glckhphe-1,TMA00318,False,False,False,none
glcodglg-1,TMA00318,False,False,False,none
glcommoc-1,TMA00318,False,False,False,none
glcpohmh-1,TMA00318,False,False,False,none
gldafhhn-1,TMA00318,False,False,False,none
gldbakdj-1,TMA00318,False,False,False,none
gldegmmj-1,TMA00318,False,False,False,none
gldhjjmb-1,TMA00318,False,False,False,none
gldkdaln-1,TMA00318,False,False,False,none
gldkecho-1,TMA00318,False,False,False,none
gldnehoo-1,TMA00318,False,False,False,none
glecanbm-1,TMA00318,False,False,False,none
glendkao-1,TMA00318,False,False,False,none
glenjham-1,TMA00318,False,False,False,none
glfamjal-1,TMA00318,False,False,False,none
glfiddmi-1,TMA00318,False,False,False,none
glgceodp-1,TMA00318,False,False,False,none
glgfcick-1,TMA00318,False,False,False,none
glgfjcjb-1,TMA00318,False,False,False,none
glgmjiee-1,TMA00318,False,False,False,none
glgnmfah-1,TMA00318,False,False,False,none
glgopgph-1,TMA00318,False,False,False,none
glgpdggl-1,TMA00318,False,False,False,none
glhbcefn-1,TMA00318,False,False,False,none
glhbkaja-1,TMA00318,False,False,False,none
glhckcbf-1,TMA00318,False,False,False,none
glhibela-1,TMA00318,False,False,False,none
glhlkohm-1,TMA00318,False,False,False,none
glhlldgd-1,TMA00318,False,False,False,none
glhndldj-1,TMA00318,False,False,False,none
gliahbpj-1,TMA00318,False,False,False,none
glibodka-1,TMA00318,False,False,False,none
glidifim-1,TMA00318,False,False,False,none
glihjcjl-1,TMA00318,False,False,False,none
gliiedee-1,TMA00318,False,False,False,none
glikckga-1,TMA00318,False,False,False,none
glimkfff-1,TMA00318,False,False,False,none
gljaaech-1,TMA00318,False,False,False,none
gljdgohi-1,TMA00318,False,False,False,none
gljkdcma-1,TMA00318,False,False,False,none
gljkhgnp-1,TMA00318,False,False,False,none
gljlheaj-1,TMA00318,False,False,False,none
gljnenbm-1,TMA00318,False,False,False,none
gljoeena-1,TMA00318,False,False,False,none
glkakini-1,TMA00318,False,False,False,none
glkbcmbp-1,TMA00318,False,False,False,none
glkgbgcc-1,TMA00318,False,False,False,none
glkgmfie-1,TMA00318,False,False,False,none
glkgnlla-1,TMA00318,False,False,False,none
glkhacog-1,TMA00318,False,False,False,none
glkhjilg-1,TMA00318,False,False,False,none
glkppmda-1,TMA00318,False,False,False,none
gllcilkg-1,TMA00318,False,False,False,none
gllhnicg-1,TMA00318,False,False,False,none
glliijph-1,TMA00318,False,False,False,none
glljejdg-1,TMA00318,False,False,False,none
glllgdid-1,TMA00318,False,False,False,none
glmdkgal-1,TMA00318,False,False,False,none
glmgendk-1,TMA00318,False,False,False,none
glmggfac-1,TMA00318,False,False,False,none
glmkjodb-1,TMA00318,False,False,False,none
glmnmehi-1,TMA00318,False,False,False,none
glnddmoe-1,TMA00318,False,False,False,none
glnfapnb-1,TMA00318,False,False,False,none
glnfhdca-1,TMA00318,False,False,False,none
glngfkda-1,TMA00318,False,False,False,none
glngohoa-1,TMA00318,False,False,False,none
glnmlefd-1,TMA00318,False,False,False,none
glnojckj-1,TMA00318,False,False,False,none
gloclclh-1,TMA00318,False,False,False,none
gloebjkc-1,TMA00318,False,False,False,none
gloedfng-1,TMA00318,False,False,False,none
glofafpi-1,TMA00318,False,False,False,none
gloildbd-1,TMA00318,False,False,False,none
gloklkkc-1,TMA00318,False,False,False,none
glokmlbm-1,TMA00318,False,False,False,none
glooljfg-1,TMA00318,False,False,False,none
glpakedp-1,TMA00318,False,False,False,none
glpbojhj-1,TMA00318,False,False,False,none
glpckfpg-1,TMA00318,False,False,False,none
glpmbmfb-1,TMA00318,False,False,False,none
glpnjhln-1,TMA00318,False,False,False,none
gmafocje-1,TMA00318,False,False,False,none
gmaiacic-1,TMA00318,False,False,False,none
gmaiakei-1,TMA00318,False,False,False,none
gmaiicha-1,TMA00318,False,False,False,none
gmaohnlo-1,TMA00318,False,False,False,none
gmbabcgp-1,TMA00318,False,False,False,none
gmbalelb-1,TMA00318,False,False,False,none
gmbiiidi-1,TMA00318,False,False,False,none
gmcaaiag-1,TMA00318,False,False,False,none
gmcbbldp-1,TMA00318,False,False,False,none
gmcbmang-1,TMA00318,False,False,False,none
gmceepgl-1,TMA00318,False,False,False,none
gmcgbjkh-1,TMA00318,False,False,False,none
gmchncbe-1,TMA00318,False,False,False,none
gmclhmmn-1,TMA00318,False,False,False,none
gmcmmcpl-1,TMA00318,False,False,False,none
gmcpgpii-1,TMA00318,False,False,False,none
gmcpogkm-1,TMA00318,False,False,False,none
gmdckjgp-1,TMA00318,False,False,False,none
gmddbned-1,TMA00318,False,False,False,none
gmdicfmg-1,TMA00318,False,False,False,none
gmdipdah-1,TMA00318,False,False,False,none
gmdndmfe-1,TMA00318,False,False,False,none
gmeaefpk-1,TMA00318,False,False,False,none
gmeemlpn-1,TMA00318,False,False,False,none
gmehjhkm-1,TMA00318,False,False,False,none
gmekbjge-1,TMA00318,False,False,False,none
gmemkkmm-1,TMA00318,False,False,False,none
gmemmjlb-1,TMA00318,False,False,False,none
gmeoemin-1,TMA00318,False,False,False,none
gmfdchcg-1,TMA00318,False,False,False,none
gmffofdd-1,TMA00318,False,False,False,none
gmfgdbcn-1,TMA00318,False,False,False,none
gmfmojmm-1,TMA00318,False,False,False,none
gmfoeapj-1,TMA00318,False,False,False,none
gmggldjf-1,TMA00318,False,False,False,none
gmgjdnog-1,TMA00318,False,False,False,none
gmgkhoif-1,TMA00318,False,False,False,none
gmgpfgke-1,TMA00318,False,False,False,none
gmhbhnjf-1,TMA00318,False,False,False,none
gmhilell-1,TMA00318,False,False,False,none
gmhjkkan-1,TMA00318,False,False,False,none
gmhkpoil-1,TMA00318,False,False,False,none
gmhpdiod-1,TMA00318,False,False,False,none
gmhpojlo-1,TMA00318,False,False,False,none
gmianane-1,TMA00318,False,False,False,none
gmiekpfk-1,TMA00318,False,False,False,none
gmigjaic-1,TMA00318,False,False,False,none
gmillcfj-1,TMA00318,False,False,False,none
gmincocc-1,TMA00318,False,False,False,none
gmjblcfo-1,TMA00318,False,False,False,none
gmjemggh-1,TMA00318,False,False,False,none
gmjfoljn-1,TMA00318,False,False,False,none
gmjglkga-1,TMA00318,False,False,False,none
gmjjmfcm-1,TMA00318,False,False,False,none
gmjlmdmj-1,TMA00318,False,False,False,none
gmjmbmio-1,TMA00318,False,False,False,none
gmkpedhd-1,TMA00318,False,False,False,none
gmkpmhnj-1,TMA00318,False,False,False,none
gmlbgooi-1,TMA00318,False,False,False,none
gmlbkndc-1,TMA00318,False,False,False,none
gmleccho-1,TMA00318,False,False,False,none
gmmajkoi-1,TMA00318,False,False,False,none
gmmcpije-1,TMA00318,False,False,False,none
gmmemhee-1,TMA00318,False,False,False,none
gmmfbkfp-1,TMA00318,False,False,False,none
gmmhofbo-1,TMA00318,False,False,False,none
gmmndemf-1,TMA00318,False,False,False,none
gmncajbj-1,TMA00318,False,False,False,none
gmndhgfp-1,TMA00318,False,False,False,none
gmnlaohj-1,TMA00318,False,False,False,none
gmnmfami-1,TMA00318,False,False,False,none
gmnpjbjb-1,TMA00318,False,False,False,none
gmnplghi-1,TMA00318,False,False,False,none
gmobggfg-1,TMA00318,False,False,False,none
gmodnaan-1,TMA00318,False,False,False,none
gmpbmfmn-1,TMA00318,False,False,False,none
gmpcdclf-1,TMA00318,False,False,False,none
gmpcfgie-1,TMA00318,False,False,False,none
gmphgobm-1,TMA00318,False,False,False,none
gmppdclc-1,TMA00318,False,False,False,none
gnadgmjm-1,TMA00318,False,False,False,none
gnahnobg-1,TMA00318,False,False,False,none
gnakdjio-1,TMA00318,False,False,False,none
gnaobohh-1,TMA00318,False,False,False,none
gnaojlbf-1,TMA00318,False,False,False,none
gnbaggmo-1,TMA00318,False,False,False,none
gnbcjhml-1,TMA00318,False,False,False,none
gnbenpdm-1,TMA00318,False,False,False,none
gnbpbmdb-1,TMA00318,False,False,False,none
gnbpcpbn-1,TMA00318,False,False,False,none
gncgaeci-1,TMA00318,False,False,False,none
gncgpbin-1,TMA00318,False,False,False,none
gncjikem-1,TMA00318,False,False,False,none
gncnaehb-1,TMA00318,False,False,False,none
gncnpbmc-1,TMA00318,False,False,False,none
gndcmdag-1,TMA00318,False,False,False,none
gndeceaa-1,TMA00318,False,False,False,none
gndfkpeg-1,TMA00318,False,False,False,none
gndikhbh-1,TMA00318,False,False,False,none
gndlimbc-1,TMA00318,False,False,False,none
gnecodkc-1,TMA00318,False,False,False,none
gnehkkan-1,TMA00318,False,False,False,none
gnelhcgm-1,TMA00318,False,False,False,none
gnfecgnl-1,TMA00318,False,False,False,none
gnfhecea-1,TMA00318,False,False,False,none
gnfjjnki-1,TMA00318,False,False,False,none
gnfjkpif-1,TMA00318,False,False,False,none
gnflkgae-1,TMA00318,False,False,False,none
gngdikpj-1,TMA00318,False,False,False,none
gngfhibh-1,TMA00318,False,False,False,none
gngfhohc-1,TMA00318,False,False,False,none
gnglfbkf-1,TMA00318,False,False,False,none
gngnimbe-1,TMA00318,False,False,False,none
gngomfeo-1,TMA00318,False,False,False,none
gnhchjal-1,TMA00318,False,False,False,none
gnhfmgmn-1,TMA00318,False,False,False,none
gnhmibgh-1,TMA00318,False,False,False,none
gnhnpain-1,TMA00318,False,False,False,none
gnibhkel-1,TMA00318,False,False,False,none
gnifphim-1,TMA00318,False,False,False,none
gnigcnhe-1,TMA00318,False,False,False,none
gniimjhi-1,TMA00318,False,False,False,none
gnikaphi-1,TMA00318,False,False,False,none
gniphdag-1,TMA00318,False,False,False,none
gnjcbdfe-1,TMA00318,False,False,False,none
gnjcbgpp-1,TMA00318,False,False,False,none
gnjnalhk-1,TMA00318,False,False,False,none
gnjppnba-1,TMA00318,False,False,False,none
gnkddpee-1,TMA00318,False,False,False,none
gnkegpnn-1,TMA00318,False,False,False,none
gnkiiglg-1,TMA00318,False,False,False,none
gnkmgbng-1,TMA00318,False,False,False,none
gnkmndog-1,TMA00318,False,False,False,none
gnknfdjl-1,TMA00318,False,False,False,none
gnlajenh-1,TMA00318,False,False,False,none
gnlcaihf-1,TMA00318,False,False,False,none
gnlghggc-1,TMA00318,False,False,False,none
gnlklhkh-1,TMA00318,False,False,False,none
gnlpofde-1,TMA00318,False,False,False,none
gnmaehbo-1,TMA00318,False,False,False,none
gnmddnhk-1,TMA00318,False,False,False,none
gnmenldp-1,TMA00318,False,False,False,none
gnmjjcic-1,TMA00318,False,False,False,none
gnmkpkhj-1,TMA00318,False,False,False,none
gnneoalj-1,TMA00318,False,False,False,none
gnnipghj-1,TMA00318,False,False,False,none
gnnjkpml-1,TMA00318,False,False,False,none
gnnlcalg-1,TMA00318,False,False,False,none
gnnlcjin-1,TMA00318,False,False,False,none
gnnmpibl-1,TMA00318,False,False,False,none
gnnobmkk-1,TMA00318,False,False,False,none
gnnpkjle-1,TMA00318,False,False,False,none
gnobfejp-1,TMA00318,False,False,False,none
gnoijemk-1,TMA00318,False,False,False,none
gnokmcnj-1,TMA00318,False,False,False,none
gnomdmbo-1,TMA00318,False,False,False,none
gnomifpa-1,TMA00318,False,False,False,none
gnonkeap-1,TMA00318,False,False,False,none
gnpbgbao-1,TMA00318,False,False,False,none
gnpebkhe-1,TMA00318,False,False,False,none
gnpfcaap-1,TMA00318,False,False,False,none
gnphecla-1,TMA00318,False,False,False,none
gnpilifi-1,TMA00318,False,False,False,none
gnpmomnh-1,TMA00318,False,False,False,none
gnpncbmp-1,TMA00318,False,False,False,none
gnpnconi-1,TMA00318,False,False,False,none
gnpndojg-1,TMA00318,False,False,False,none
gnpolfdp-1,TMA00318,False,False,False,none
goacigda-1,TMA00318,False,False,False,none
goaggbeg-1,TMA00318,False,False,False,none
goaijhfc-1,TMA00318,False,False,False,none
goaimhfj-1,TMA00318,False,False,False,none
goakijbd-1,TMA00318,False,False,False,none
gobkdlfk-1,TMA00318,False,False,False,none
gobnammb-1,TMA00318,False,False,False,none
gobncnph-1,TMA00318,False,False,False,none
gocbhici-1,TMA00318,False,False,False,none
gocbjmin-1,TMA00318,False,False,False,none
goceabmf-1,TMA00318,False,False,False,none
gocekpnb-1,TMA00318,False,False,False,none
gocgagoc-1,TMA00318,False,False,False,none
gocgangc-1,TMA00318,False,False,False,none
gockcehm-1,TMA00318,False,False,False,none
godonjhe-1,TMA00318,False,False,False,none
goeailfn-1,TMA00318,False,False,False,none
goemgmen-1,TMA00318,False,False,False,none
goenimnb-1,TMA00318,False,False,False,none
goenppfe-1,TMA00318,False,False,False,none
goepeloj-1,TMA00318,False,False,False,none
gofaddil-1,TMA00318,False,False,False,none
gofaiofo-1,TMA00318,False,False,False,none
gofhodjp-1,TMA00318,False,False,False,none
goficbne-1,TMA00318,False,False,False,none
gofifnbg-1,TMA00318,False,False,False,none
gofihedm-1,TMA00318,False,False,False,none
gofindhe-1,TMA00318,False,False,False,none
gofljoin-1,TMA00318,False,False,False,none
gofmoomf-1,TMA00318,False,False,False,none
gofokbii-1,TMA00318,False,False,False,none
gogeijbn-1,TMA00318,False,False,False,none
goggdpfk-1,TMA00318,False,False,False,none
goghcmpl-1,TMA00318,False,False,False,none
gogkfkim-1,TMA00318,False,False,False,none
gogkpmbo-1,TMA00318,False,False,False,none
gogmolmm-1,TMA00318,False,False,False,none
gogphpmb-1,TMA00318,False,False,False,none
gogpondm-1,TMA00318,False,False,False,none
gogppgga-1,TMA00318,False,False,False,none
gohaajkb-1,TMA00318,False,False,False,none
gohcgjic-1,TMA00318,False,False,False,none
gohejjjg-1,TMA00318,False,False,False,none
gohigloa-1,TMA00318,False,False,False,none
gohjmmkn-1,TMA00318,False,False,False,none
gohjofbh-1,TMA00318,False,False,False,none
gohkipmj-1,TMA00318,False,False,False,none
gohlcaof-1,TMA00318,False,False,False,none
goiandie-1,TMA00318,False,False,False,none
goibfkhj-1,TMA00318,False,False,False,none
goichcmi-1,TMA00318,False,False,False,none
goidmlgi-1,TMA00318,False,False,False,none
goigeall-1,TMA00318,False,False,False,none
goihhkeh-1,TMA00318,False,False,False,none
goihikaa-1,TMA00318,False,False,False,none
gojbgdll-1,TMA00318,False,False,False,none
gojcldkf-1,TMA00318,False,False,False,none
gojnfhkh-1,TMA00318,False,False,False,none
gokafgei-1,TMA00318,False,False,False,none
gokdjimj-1,TMA00318,False,False,False,none
gokegnek-1,TMA00318,False,False,False,none
gokfbjnd-1,TMA00318,False,False,False,none
gokhookl-1,TMA00318,False,False,False,none
goklbfdg-1,TMA00318,False,False,False,none
gokljjoo-1,TMA00318,False,False,False,none
gokmmlib-1,TMA00318,False,False,False,none
golaokno-1,TMA00318,False,False,False,none
golblfbf-1,TMA00318,False,False,False,none
golcpphe-1,TMA00318,False,False,False,none
goldpjfj-1,TMA00318,False,False,False,none
goljoook-1,TMA00318,False,False,False,none
golkgnkn-1,TMA00318,False,False,False,none
gomdkpbg-1,TMA00318,False,False,False,none
gomgagin-1,TMA00318,False,False,False,none
gomkfaig-1,TMA00318,False,False,False,none
gomkleol-1,TMA00318,False,False,False,none
gomlgemc-1,TMA00318,False,False,False,none
gomnbmbk-1,TMA00318,False,False,False,none
gonffnbn-1,TMA00318,False,False,False,none
gonlbaeg-1,TMA00318,False,False,False,none
gonpighh-1,TMA00318,False,False,False,none
gooaagnb-1,TMA00318,False,False,False,none
gooapdob-1,TMA00318,False,False,False,none
goocjdde-1,TMA00318,False,False,False,none
goohelkc-1,TMA00318,False,False,False,none
goojnkif-1,TMA00318,False,False,False,none
gooknjkg-1,TMA00318,False,False,False,none
goomfjnm-1,TMA00318,False,False,False,none
goonlnbf-1,TMA00318,False,False,False,none
goonopho-1,TMA00318,False,False,False,none
gooohlmb-1,TMA00318,False,False,False,none
gopblikh-1,TMA00318,False,False,False,none
gopfdpce-1,TMA00318,False,False,False,none
gopfolff-1,TMA00318,False,False,False,none
gopfpgek-1,TMA00318,False,False,False,none
gophgjea-1,TMA00318,False,False,False,none
gopmljjp-1,TMA00318,False,False,False,none
goppjmgi-1,TMA00318,False,False,False,none
gpaenjim-1,TMA00318,False,False,False,none
gpagpfhe-1,TMA00318,False,False,False,none
gpalieap-1,TMA00318,False,False,False,none
gpalknpk-1,TMA00318,False,False,False,none
gpamamka-1,TMA00318,False,False,False,none
gpaodhde-1,TMA00318,False,False,False,none
gpapmafi-1,TMA00318,False,False,False,none
gpbeoiec-1,TMA00318,False,False,False,none
gpbeoomc-1,TMA00318,False,False,False,none
gpbhnjdc-1,TMA00318,False,False,False,none
gpblcbpc-1,TMA00318,False,False,False,none
gpboamgm-1,TMA00318,False,False,False,none
gpbopcal-1,TMA00318,False,False,False,none
gpccghao-1,TMA00318,False,False,False,none
gpceccmn-1,TMA00318,False,False,False,none
gpcekjlp-1,TMA00318,False,False,False,none
gpchhmjj-1,TMA00318,False,False,False,none
gpcjihen-1,TMA00318,False,False,False,none
gpcnjggd-1,TMA00318,False,False,False,none
gpdafnne-1,TMA00318,False,False,False,none
gpdbbljk-1,TMA00318,False,False,False,none
gpdbjgnm-1,TMA00318,False,False,False,none
gpdcbnea-1,TMA00318,False,False,False,none
gpdglopd-1,TMA00318,False,False,False,none
gpdodcdl-1,TMA00318,False,False,False,none
gpdoeneh-1,TMA00318,False,False,False,none
gpdombfo-1,TMA00318,False,False,False,none
gpeblfgm-1,TMA00318,False,False,False,none
gpeboogp-1,TMA00318,False,False,False,none
gpedakfc-1,TMA00318,False,False,False,none
gpehafjo-1,TMA00318,False,False,False,none
gpekigie-1,TMA00318,False,False,False,none
gpemfcnb-1,TMA00318,False,False,False,none
gpendlda-1,TMA00318,False,False,False,none
gpeoahcl-1,TMA00318,False,False,False,none
gpeompko-1,TMA00318,False,False,False,none
gpfaklae-1,TMA00318,False,False,False,none
gpfmdlgd-1,TMA00318,False,False,False,none
gpgadhgc-1,TMA00318,False,False,False,none
gpgbaofa-1,TMA00318,False,False,False,none
gpgcmmkj-1,TMA00318,False,False,False,none
gpgfjicd-1,TMA00318,False,False,False,none
gpgjnnmb-1,TMA00318,False,False,False,none
gpgmaife-1,TMA00318,False,False,False,none
gpgmhjgl-1,TMA00318,False,False,False,none
gpgobcbl-1,TMA00318,False,False,False,none
gpgojofl-1,TMA00318,False,False,False,none
gphedfpg-1,TMA00318,False,False,False,none
gphmnokl-1,TMA00318,False,False,False,none
gphokjlp-1,TMA00318,False,False,False,none
gphpaeck-1,TMA00318,False,False,False,none
gphplmjj-1,TMA00318,False,False,False,none
gpiafpkd-1,TMA00318,False,False,False,none
gpidhfle-1,TMA00318,False,False,False,none
gpjaicok-1,TMA00318,False,False,False,none
gpjgihng-1,TMA00318,False,False,False,none
gpjhaada-1,TMA00318,False,False,False,none
gpjhimfp-1,TMA00318,False,False,False,none
gpjjpbje-1,TMA00318,False,False,False,none
gpkabhpd-1,TMA00318,False,False,False,none
gpkdcgbe-1,TMA00318,False,False,False,none
gpkdedee-1,TMA00318,False,False,False,none
gpkgejjh-1,TMA00318,False,False,False,none
gpkkfbjm-1,TMA00318,False,False,False,none
gpkkohoo-1,TMA00318,False,False,False,none
gpkmimif-1,TMA00318,False,False,False,none
gpknlpmp-1,TMA00318,False,False,False,none
gpkoahap-1,TMA00318,False,False,False,none
gpkoeodk-1,TMA00318,False,False,False,none
gpkomnmi-1,TMA00318,False,False,False,none
gpkoopcg-1,TMA00318,False,False,False,none
gpliidjd-1,TMA00318,False,False,False,none
gplldgih-1,TMA00318,False,False,False,none
gpllhajh-1,TMA00318,False,False,False,none
gplllplb-1,TMA00318,False,False,False,none
gpmacilo-1,TMA00318,False,False,False,none
gpmieffn-1,TMA00318,False,False,False,none
gpmkafod-1,TMA00318,False,False,False,none
gpnbjdei-1,TMA00318,False,False,False,none
gpndolgm-1,TMA00318,False,False,False,none
gpnhbbdf-1,TMA00318,False,False,False,none
gpniilme-1,TMA00318,False,False,False,none
gpnjfmfm-1,TMA00318,False,False,False,none
gpnkmacm-1,TMA00318,False,False,False,none
gpnmfmkh-1,TMA00318,False,False,False,none
gpnnipkn-1,TMA00318,False,False,False,none
gpodfibp-1,TMA00318,False,False,False,none
gpohfllh-1,TMA00318,False,False,False,none
gpoiilgn-1,TMA00318,False,False,False,none
gpoijolb-1,TMA00318,False,False,False,none
gpolhgdp-1,TMA00318,False,False,False,none
gpolokda-1,TMA00318,False,False,False,none
gpompcai-1,TMA00318,False,False,False,none
gponchjm-1,TMA00318,False,False,False,none
gponfnjj-1,TMA00318,False,False,False,none
gponpaeb-1,TMA00318,False,False,False,none
gpopleej-1,TMA00318,False,False,False,none
gppaggph-1,TMA00318,False,False,False,none
gppbgoeb-1,TMA00318,False,False,False,none
gppbjcok-1,TMA00318,False,False,False,none
gppcfnng-1,TMA00318,False,False,False,none
gppfaoeo-1,TMA00318,False,False,False,none
gppfkkah-1,TMA00318,False,False,False,none
gppgcnhk-1,TMA00318,False,False,False,none
gppgcpdi-1,TMA00318,False,False,False,none
gppkfhac-1,TMA00318,False,False,False,none
gppkpmna-1,TMA00318,False,False,False,none
gpplocji-1,TMA00318,False,False,False,none
gppmeicp-1,TMA00318,False,False,False,none
gppnefkk-1,TMA00318,False,False,False,none
haaanflc-1,TMA00318,False,False,False,none
haaemgpp-1,TMA00318,False,False,False,none
haahkjpd-1,TMA00318,False,False,False,none
haajegem-1,TMA00318,False,False,False,none
haalglne-1,TMA00318,False,False,False,none
habagamp-1,TMA00318,False,False,False,none
habceabc-1,TMA00318,False,False,False,none
habcnlnm-1,TMA00318,False,False,False,none
habhelkb-1,TMA00318,False,False,False,none
habhhnkj-1,TMA00318,False,False,False,none
habjcaee-1,TMA00318,False,False,False,none
habjpbdb-1,TMA00318,False,False,False,none
habkmalf-1,TMA00318,False,False,False,none
habnhfjn-1,TMA00318,False,False,False,none
hacpcado-1,TMA00318,False,False,False,none
hacpfgli-1,TMA00318,False,False,False,none
haddhmfo-1,TMA00318,False,False,False,none
hadebfno-1,TMA00318,False,False,False,none
hadhbgpi-1,TMA00318,False,False,False,none
hadkinef-1,TMA00318,False,False,False,none
hadkiobe-1,TMA00318,False,False,False,none
hadljlem-1,TMA00318,False,False,False,none
hadoacgc-1,TMA00318,False,False,False,none
hadocmde-1,TMA00318,False,False,False,none
haecmmko-1,TMA00318,False,False,False,none
haedjjcn-1,TMA00318,False,False,False,none
haeefgfd-1,TMA00318,False,False,False,none
haegkpeo-1,TMA00318,False,False,False,none
haenkclb-1,TMA00318,False,False,False,none
haepojlh-1,TMA00318,False,False,False,none
hafailhn-1,TMA00318,False,False,False,none
hafajmap-1,TMA00318,False,False,False,none
hafbhjac-1,TMA00318,False,False,False,none
hafdfmnb-1,TMA00318,False,False,False,none
hafekpnb-1,TMA00318,False,False,False,none
hafghmll-1,TMA00318,False,False,False,none
hafhkhji-1,TMA00318,False,False,False,none
haficneg-1,TMA00318,False,False,False,none
hafihggn-1,TMA00318,False,False,False,none
hafkglmg-1,TMA00318,False,False,False,none
hafkkcbg-1,TMA00318,False,False,False,none
hafncioe-1,TMA00318,False,False,False,none
hagcakbp-1,TMA00318,False,False,False,none
hagjegbc-1,TMA00318,False,False,False,none
haglgbca-1,TMA00318,False,False,False,none
hagljnic-1,TMA00318,False,False,False,none
hagmcffo-1,TMA00318,False,False,False,none
hagmhmog-1,TMA00318,False,False,False,none
hagmmihh-1,TMA00318,False,False,False,none
hagnlbkc-1,TMA00318,False,False,False,none
hagnpghj-1,TMA00318,False,False,False,none
hahacgeg-1,TMA00318,False,False,False,none
hahdilpf-1,TMA00318,False,False,False,none
hahdoeck-1,TMA00318,False,False,False,none
hahfdnge-1,TMA00318,False,False,False,none
hahfiabc-1,TMA00318,False,False,False,none
hahifekh-1,TMA00318,False,False,False,none
hahilgnm-1,TMA00318,False,False,False,none
hahlmikm-1,TMA00318,False,False,False,none
hahmfjdn-1,TMA00318,False,False,False,none
haiaggca-1,TMA00318,False,False,False,none
haideppn-1,TMA00318,False,False,False,none
haieppdb-1,TMA00318,False,False,False,none
haigbhpl-1,TMA00318,False,False,False,none
haiidfik-1,TMA00318,False,False,False,none
haijoibl-1,TMA00318,False,False,False,none
haimhemf-1,TMA00318,False,False,False,none
haiphpmp-1,TMA00318,False,False,False,none
hajaobdh-1,TMA00318,False,False,False,none
hajehdfe-1,TMA00318,False,False,False,none
hajfgeka-1,TMA00318,False,False,False,none
hajhbjhg-1,TMA00318,False,False,False,none
hajinill-1,TMA00318,False,False,False,none
hajnigdk-1,TMA00318,False,False,False,none
hakddanh-1,TMA00318,False,False,False,none
hakemicf-1,TMA00318,False,False,False,none
hakjedjk-1,TMA00318,False,False,False,none
hakmjhhf-1,TMA00318,False,False,False,none
hakoileh-1,TMA00318,False,False,False,none
halalgpj-1,TMA00318,False,False,False,none
halgkapk-1,TMA00318,False,False,False,none
halkephd-1,TMA00318,False,False,False,none
hallkcam-1,TMA00318,False,False,False,none
halppnjc-1,TMA00318,False,False,False,none
hamcljho-1,TMA00318,False,False,False,none
hamdcihk-1,TMA00318,False,False,False,none
hamefnmg-1,TMA00318,False,False,False,none
hameinnm-1,TMA00318,False,False,False,none
hamijggp-1,TMA00318,False,False,False,none
hamobjgk-1,TMA00318,False,False,False,none
haneemag-1,TMA00318,False,False,False,none
hangccnm-1,TMA00318,False,False,False,none
hanjeahd-1,TMA00318,False,False,False,none
hankndab-1,TMA00318,False,False,False,none
hanmobaf-1,TMA00318,False,False,False,none
hannnnok-1,TMA00318,False,False,False,none
haofnabf-1,TMA00318,False,False,False,none
haohipga-1,TMA00318,False,False,False,none
haohoknk-1,TMA00318,False,False,False,none
haoifgjj-1,TMA00318,False,False,False,none
haojomie-1,TMA00318,False,False,False,none
haolckkh-1,TMA00318,False,False,False,none
haondcbh-1,TMA00318,False,False,False,none
hapbeefd-1,TMA00318,False,False,False,none
hapengbi-1,TMA00318,False,False,False,none
hapfaapi-1,TMA00318,False,False,False,none
hapgdjfe-1,TMA00318,False,False,False,none
hapgmgbi-1,TMA00318,False,False,False,none
hapmgofb-1,TMA00318,False,False,False,none
hapnppfi-1,TMA00318,False,False,False,none
happabbe-1,TMA00318,False,False,False,none
happpggg-1,TMA00318,False,False,False,none
hbabaido-1,TMA00318,False,False,False,none
hbabdadh-1,TMA00318,False,False,False,none
hbadjmea-1,TMA00318,False,False,False,none
hbaelaep-1,TMA00318,False,False,False,none
hbaflooo-1,TMA00318,False,False,False,none
hbakmiaf-1,TMA00318,False,False,False,none
hbappojp-1,TMA00318,False,False,False,none
hbbaclod-1,TMA00318,False,False,False,none
hbbccjbn-1,TMA00318,False,False,False,none
hbbejidm-1,TMA00318,False,False,False,none
hbbghodc-1,TMA00318,False,False,False,none
hbbhjgnp-1,TMA00318,False,False,False,none
hbbldkmb-1,TMA00318,False,False,False,none
hbbofnnd-1,TMA00318,False,False,False,none
hbbopcog-1,TMA00318,False,False,False,none
hbcbcajb-1,TMA00318,False,False,False,none
hbccgpii-1,TMA00318,False,False,False,none
hbcdbhpf-1,TMA00318,False,False,False,none
hbchdeoj-1,TMA00318,False,False,False,none
hbchkmfo-1,TMA00318,False,False,False,none
hbchpfdi-1,TMA00318,False,False,False,none
hbcifhgm-1,TMA00318,False,False,False,none
hbcigkkd-1,TMA00318,False,False,False,none
hbcmchgp-1,TMA00318,False,False,False,none
hbcockpo-1,TMA00318,False,False,False,none
hbdcjmlc-1,TMA00318,False,False,False,none
hbddldoc-1,TMA00318,False,False,False,none
hbdhgnfd-1,TMA00318,False,False,False,none
hbdjgnip-1,TMA00318,False,False,False,none
hbdkfjkh-1,TMA00318,False,False,False,none
hbdknokk-1,TMA00318,False,False,False,none
hbdogknf-1,TMA00318,False,False,False,none
hbebjihi-1,TMA00318,False,False,False,none
hbediahi-1,TMA00318,False,False,False,none
hbegbdcj-1,TMA00318,False,False,False,none
hbejhieg-1,TMA00318,False,False,False,none
hbejjkef-1,TMA00318,False,False,False,none
hbekldpg-1,TMA00318,False,False,False,none
hbfapmmm-1,TMA00318,False,False,False,none
hbfbnjlp-1,TMA00318,False,False,False,none
hbfdkemm-1,TMA00318,False,False,False,none
hbfediod-1,TMA00318,False,False,False,none
hbfeegpc-1,TMA00318,False,False,False,none
hbfgnjmg-1,TMA00318,False,False,False,none
hbficakm-1,TMA00318,False,False,False,none
hbfkbfkm-1,TMA00318,False,False,False,none
hbfninal-1,TMA00318,False,False,False,none
hbfpknem-1,TMA00318,False,False,False,none
hbgajkif-1,TMA00318,False,False,False,none
hbgcjjlc-1,TMA00318,False,False,False,none
hbggempb-1,TMA00318,False,False,False,none
hbgjdiib-1,TMA00318,False,False,False,none
hbgkjbij-1,TMA00318,False,False,False,none
hbgnjijo-1,TMA00318,False,False,False,none
hbgpmpnc-1,TMA00318,False,False,False,none
hbhhlphg-1,TMA00318,False,False,False,none
hbhjofpm-1,TMA00318,False,False,False,none
hbhldjic-1,TMA00318,False,False,False,none
hbhljdfg-1,TMA00318,False,False,False,none
hbhnmhcl-1,TMA00318,False,False,False,none
hbhpfopb-1,TMA00318,False,False,False,none
hbhphnpe-1,TMA00318,False,False,False,none
hbidafio-1,TMA00318,False,False,False,none
hbihknnh-1,TMA00318,False,False,False,none
hbikombn-1,TMA00318,False,False,False,none
hbinfbnd-1,TMA00318,False,False,False,none
hbinjhlf-1,TMA00318,False,False,False,none
hbjaidga-1,TMA00318,False,False,False,none
hbjelada-1,TMA00318,False,False,False,none
hbjelhad-1,TMA00318,False,False,False,none
hbjgkiae-1,TMA00318,False,False,False,none
hbjoeoji-1,TMA00318,False,False,False,none
hbkalnbl-1,TMA00318,False,False,False,none
hbkapojb-1,TMA00318,False,False,False,none
hbkdokjf-1,TMA00318,False,False,False,none
hbkelfbl-1,TMA00318,False,False,False,none
hbkfldae-1,TMA00318,False,False,False,none
hbkjgnhm-1,TMA00318,False,False,False,none
hbkkpjlk-1,TMA00318,False,False,False,none
hblccbho-1,TMA00318,False,False,False,none
hblfcfon-1,TMA00318,False,False,False,none
hblfjlih-1,TMA00318,False,False,False,none
hbllfilk-1,TMA00318,False,False,False,none
hblpmbmn-1,TMA00318,False,False,False,none
hbmbpope-1,TMA00318,False,False,False,none
hbmchjmm-1,TMA00318,False,False,False,none
hbmeidkg-1,TMA00318,False,False,False,none
hbmhnklb-1,TMA00318,False,False,False,none
hbmnicdn-1,TMA00318,False,False,False,none
hbndobck-1,TMA00318,False,False,False,none
hbnjeoak-1,TMA00318,False,False,False,none
hbnkadkj-1,TMA00318,False,False,False,none
hbojpdec-1,TMA00318,False,False,False,none
hbolenkf-1,TMA00318,False,False,False,none
hbonpbbm-1,TMA00318,False,False,False,none
hbpadnnn-1,TMA00318,False,False,False,none
hbpdfffd-1,TMA00318,False,False,False,none
hbphnbop-1,TMA00318,False,False,False,none
hbpklonk-1,TMA00318,False,False,False,none
hbpmhflp-1,TMA00318,False,False,False,none
hbpooihb-1,TMA00318,False,False,False,none
hcablkea-1,TMA00318,False,False,False,none
hcadegfh-1,TMA00318,False,False,False,none
hcahpcbe-1,TMA00318,False,False,False,none
hcapfgpf-1,TMA00318,False,False,False,none
hcbcccca-1,TMA00318,False,False,False,none
hcbdbedl-1,TMA00318,False,False,False,none
hcbdionm-1,TMA00318,False,False,False,none
hcbehpjd-1,TMA00318,False,False,False,none
hcbmnmof-1,TMA00318,False,False,False,none
hccbdpdg-1,TMA00318,False,False,False,none
hcchhfje-1,TMA00318,False,False,False,none
hcchjjdh-1,TMA00318,False,False,False,none
hcckfidh-1,TMA00318,False,False,False,none
hccnamlk-1,TMA00318,False,False,False,none
hcdbdedf-1,TMA00318,False,False,False,none
hcdeeoee-1,TMA00318,False,False,False,none
hceakida-1,TMA00318,False,False,False,none
hcebbnjb-1,TMA00318,False,False,False,none
hcedpmho-1,TMA00318,False,False,False,none
hcegdpgi-1,TMA00318,False,False,False,none
hceheobf-1,TMA00318,False,False,False,none
hcelhlmp-1,TMA00318,False,False,False,none
hcffepfn-1,TMA00318,False,False,False,none
hcfjmahf-1,TMA00318,False,False,False,none
hcfnfaik-1,TMA00318,False,False,False,none
hcfofagi-1,TMA00318,False,False,False,none
hcfoljbm-1,TMA00318,False,False,False,none
hcgahanc-1,TMA00318,False,False,False,none
hcgbaahn-1,TMA00318,False,False,False,none
hcgchmji-1,TMA00318,False,False,False,none
hcgdlhoj-1,TMA00318,False,False,False,none
hcgobobf-1,TMA00318,False,False,False,none
hchdeldf-1,TMA00318,False,False,False,none
hchgmdoa-1,TMA00318,False,False,False,none
hchhkidj-1,TMA00318,False,False,False,none
hchlcbof-1,TMA00318,False,False,False,none
hcidhpne-1,TMA00318,False,False,False,none
hciedchl-1,TMA00318,False,False,False,none
hcifcmmo-1,TMA00318,False,False,False,none
hcjaamej-1,TMA00318,False,False,False,none
hcjafdog-1,TMA00318,False,False,False,none
hcjbknhg-1,TMA00318,False,False,False,none
hcjcacmf-1,TMA00318,False,False,False,none
hcjjgoao-1,TMA00318,False,False,False,none
hcjnjngh-1,TMA00318,False,False,False,none
hckbbpol-1,TMA00318,False,False,False,none
hckdgplp-1,TMA00318,False,False,False,none
hckdjjob-1,TMA00318,False,False,False,none
hckggjkk-1,TMA00318,False,False,False,none
hckgodkm-1,TMA00318,False,False,False,none
hckjjhac-1,TMA00318,False,False,False,none
hckmedfi-1,TMA00318,False,False,False,none
hckmnlii-1,TMA00318,False,False,False,none
hcldbgdo-1,TMA00318,False,False,False,none
hclfjlni-1,TMA00318,False,False,False,none
hcljahog-1,TMA00318,False,False,False,none
hclljcjp-1,TMA00318,False,False,False,none
hclpinmn-1,TMA00318,False,False,False,none
hcmccddo-1,TMA00318,False,False,False,none
hcmdjjhp-1,TMA00318,False,False,False,none
hcmgmkoa-1,TMA00318,False,False,False,none
hcmgnajb-1,TMA00318,False,False,False,none
hcmhgefl-1,TMA00318,False,False,False,none
hcmhogme-1,TMA00318,False,False,False,none
hcmjlbnf-1,TMA00318,False,False,False,none
hcngcpof-1,TMA00318,False,False,False,none
hcnjebao-1,TMA00318,False,False,False,none
hcnkbkhe-1,TMA00318,False,False,False,none
hconpoed-1,TMA00318,False,False,False,none
hcphiohn-1,TMA00318,False,False,False,none
hdabnobn-1,TMA00318,False,False,False,none
hdagdjha-1,TMA00318,False,False,False,none
hdalfdkd-1,TMA00318,False,False,False,none
hdbcjlok-1,TMA00318,False,False,False,none
hdbdbgdf-1,TMA00318,False,False,False,none
hdbgfbho-1,TMA00318,False,False,False,none
hdbimhde-1,TMA00318,False,False,False,none
hdbimlih-1,TMA00318,False,False,False,none
hdbjafga-1,TMA00318,False,False,False,none
hdblnone-1,TMA00318,False,False,False,none
hdbmpphm-1,TMA00318,False,False,False,none
hdcelgbf-1,TMA00318,False,False,False,none
hdcfmcoi-1,TMA00318,False,False,False,none
hddekajl-1,TMA00318,False,False,False,none
hddiploj-1,TMA00318,False,False,False,none
hddkkpje-1,TMA00318,False,False,False,none
hddmfajh-1,TMA00318,False,False,False,none
hddngjoe-1,TMA00318,False,False,False,none
hdechhoj-1,TMA00318,False,False,False,none
hdegjaec-1,TMA00318,False,False,False,none
hdegjhaf-1,TMA00318,False,False,False,none
hdeipjjo-1,TMA00318,False,False,False,none
hdfapali-1,TMA00318,False,False,False,none
hdfejpdc-1,TMA00318,False,False,False,none
hdffaejh-1,TMA00318,False,False,False,none
hdfflohj-1,TMA00318,False,False,False,none
hdfhllaa-1,TMA00318,False,False,False,none
hdfkilpf-1,TMA00318,False,False,False,none
hdfkmghl-1,TMA00318,False,False,False,none
hdflfijg-1,TMA00318,False,False,False,none
hdfnmpjo-1,TMA00318,False,False,False,none
hdgballl-1,TMA00318,False,False,False,none
hdgbggdp-1,TMA00318,False,False,False,none
hdggknph-1,TMA00318,False,False,False,none
hdggnahk-1,TMA00318,False,False,False,none
hdggpfha-1,TMA00318,False,False,False,none
hdghmmph-1,TMA00318,False,False,False,none
hdhbaole-1,TMA00318,False,False,False,none
hdhodghn-1,TMA00318,False,False,False,none
hdiblgho-1,TMA00318,False,False,False,none
hdickhmn-1,TMA00318,False,False,False,none
hdiebhlb-1,TMA00318,False,False,False,none
hdiicfff-1,TMA00318,False,False,False,none
hdiigcpb-1,TMA00318,False,False,False,none
hdikgcnd-1,TMA00318,False,False,False,none
hdioafki-1,TMA00318,False,False,False,none
hdjcmoio-1,TMA00318,False,False,False,none
hdjlmijk-1,TMA00318,False,False,False,none
hdjmfedf-1,TMA00318,False,False,False,none
hdkaijci-1,TMA00318,False,False,False,none
hdkhangm-1,TMA00318,False,False,False,none
hdkkiopm-1,TMA00318,False,False,False,none
hdkljcgp-1,TMA00318,False,False,False,none
hdkljhkh-1,TMA00318,False,False,False,none
hdlbgdap-1,TMA00318,False,False,False,none
hdlblldl-1,TMA00318,False,False,False,none
hdlcndng-1,TMA00318,False,False,False,none
hdlkkfpm-1,TMA00318,False,False,False,none
hdmdkmhg-1,TMA00318,False,False,False,none
hdmfocmh-1,TMA00318,False,False,False,none
hdmhecek-1,TMA00318,False,False,False,none
hdmhlepm-1,TMA00318,False,False,False,none
hdmimlcj-1,TMA00318,False,False,False,none
hdndbehh-1,TMA00318,False,False,False,none
hdnddjbo-1,TMA00318,False,False,False,none
hdnkgpoj-1,TMA00318,False,False,False,none
hdnkmefi-1,TMA00318,False,False,False,none
hdoadnom-1,TMA00318,False,False,False,none
hdobfipm-1,TMA00318,False,False,False,none
hdobphic-1,TMA00318,False,False,False,none
hdodllje-1,TMA00318,False,False,False,none
hdojnnkf-1,TMA00318,False,False,False,none
hdpljiga-1,TMA00318,False,False,False,none
hdpnhfoe-1,TMA00318,False,False,False,none
heabkbnf-1,TMA00318,False,False,False,none
heafeffk-1,TMA00318,False,False,False,none
heaoomdg-1,TMA00318,False,False,False,none
hebbkfja-1,TMA00318,False,False,False,none
hebbpode-1,TMA00318,False,False,False,none
hebdedgp-1,TMA00318,False,False,False,none
hebhebpe-1,TMA00318,False,False,False,none
hebkfabm-1,TMA00318,False,False,False,none
hebnglak-1,TMA00318,False,False,False,none
hecakehn-1,TMA00318,False,False,False,none
hecbiicc-1,TMA00318,False,False,False,none
hecebhlg-1,TMA00318,False,False,False,none
hecegdeh-1,TMA00318,False,False,False,none
hecgjimk-1,TMA00318,False,False,False,none
hecgpdjd-1,TMA00318,False,False,False,none
hecjfddn-1,TMA00318,False,False,False,none
heclhjlp-1,TMA00318,False,False,False,none
hecmfkog-1,TMA00318,False,False,False,none
hecomkbo-1,TMA00318,False,False,False,none
hecomkdf-1,TMA00318,False,False,False,none
hedalpap-1,TMA00318,False,False,False,none
hedhpijh-1,TMA00318,False,False,False,none
hedllojp-1,TMA00318,False,False,False,none
hedonjia-1,TMA00318,False,False,False,none
heeeeomc-1,TMA00318,False,False,False,none
heefpmml-1,TMA00318,False,False,False,none
heejdaog-1,TMA00318,False,False,False,none
heemjmap-1,TMA00318,False,False,False,none
heffemob-1,TMA00318,False,False,False,none
hefjibej-1,TMA00318,False,False,False,none
hefmakho-1,TMA00318,False,False,False,none
hefnnmaj-1,TMA00318,False,False,False,none
hegdlhpm-1,TMA00318,False,False,False,none
heggeoeg-1,TMA00318,False,False,False,none
hegmhbkj-1,TMA00318,False,False,False,none
hehecnll-1,TMA00318,False,False,False,none
hehfacdm-1,TMA00318,False,False,False,none
hehhkidl-1,TMA00318,False,False,False,none
hejdgaci-1,TMA00318,False,False,False,none
hejjbbfp-1,TMA00318,False,False,False,none
hekjedag-1,TMA00318,False,False,False,none
heloigol-1,TMA00318,False,False,False,none
hemakimb-1,TMA00318,False,False,False,none
hembbcdc-1,TMA00318,False,False,False,none
hemikeeb-1,TMA00318,False,False,False,none
hemldjol-1,TMA00318,False,False,False,none
hengndbi-1,TMA00318,False,False,False,none
henkjdhd-1,TMA00318,False,False,False,none
henmbikk-1,TMA00318,False,False,False,none
henojojd-1,TMA00318,False,False,False,none
heoclbhg-1,TMA00318,False,False,False,none
heoicjcj-1,TMA00318,False,False,False,none
heonnodg-1,TMA00318,False,False,False,none
hepddkam-1,TMA00318,False,False,False,none
hepdimjd-1,TMA00318,False,False,False,none
hepkdojk-1,TMA00318,False,False,False,none
hepllije-1,TMA00318,False,False,False,none
hfajdbfn-1,TMA00318,False,False,False,none
hfbbgnhh-1,TMA00318,False,False,False,none
hfcaigoj-1,TMA00318,False,False,False,none
hfcapgje-1,TMA00318,False,False,False,none
hfcddecm-1,TMA00318,False,False,False,none
hfcdinmm-1,TMA00318,False,False,False,none
hfcmgihp-1,TMA00318,False,False,False,none
hfddcfei-1,TMA00318,False,False,False,none
hfdkbfdp-1,TMA00318,False,False,False,none
hfdlkmca-1,TMA00318,False,False,False,none
hfdngdil-1,TMA00318,False,False,False,none
hfegemkj-1,TMA00318,False,False,False,none
hfehebcg-1,TMA00318,False,False,False,none
hfepehgi-1,TMA00318,False,False,False,none
hffaleof-1,TMA00318,False,False,False,none
hfffcpaa-1,TMA00318,False,False,False,none
hffgpbcb-1,TMA00318,False,False,False,none
hffjjebe-1,TMA00318,False,False,False,none
hfflidoo-1,TMA00318,False,False,False,none
hfgablgd-1,TMA00318,False,False,False,none
hfgbgmgh-1,TMA00318,False,False,False,none
hfgbpakh-1,TMA00318,False,False,False,none
hfghaeep-1,TMA00318,False,False,False,none
hfhfcfeo-1,TMA00318,False,False,False,none
hfhhmmme-1,TMA00318,False,False,False,none
hfhjidjj-1,TMA00318,False,False,False,none
hfhjihag-1,TMA00318,False,False,False,none
hfhkcebd-1,TMA00318,False,False,False,none
hfhmddeb-1,TMA00318,False,False,False,none
hfhoeonl-1,TMA00318,False,False,False,none
hficcnnj-1,TMA00318,False,False,False,none
hfifggig-1,TMA00318,False,False,False,none
hfigflcj-1,TMA00318,False,False,False,none
hfikmbbg-1,TMA00318,False,False,False,none
hfjhdjii-1,TMA00318,False,False,False,none
hfjidajn-1,TMA00318,False,False,False,none
hfjjimek-1,TMA00318,False,False,False,none
hfkeopfo-1,TMA00318,False,False,False,none
hfkiebip-1,TMA00318,False,False,False,none
hfkjdmmj-1,TMA00318,False,False,False,none
hfkkekea-1,TMA00318,False,False,False,none
hfkkmijo-1,TMA00318,False,False,False,none
hflafiak-1,TMA00318,False,False,False,none
hflaggci-1,TMA00318,False,False,False,none
hflehgni-1,TMA00318,False,False,False,none
hflgmhoj-1,TMA00318,False,False,False,none
hflhcpei-1,TMA00318,False,False,False,none
hfljmpjm-1,TMA00318,False,False,False,none
hfmejooi-1,TMA00318,False,False,False,none
hfmhdcme-1,TMA00318,False,False,False,none
hfmkpapi-1,TMA00318,False,False,False,none
hfnelojm-1,TMA00318,False,False,False,none
hfnlpeih-1,TMA00318,False,False,False,none
hfnmeofn-1,TMA00318,False,False,False,none
hfnodjdo-1,TMA00318,False,False,False,none
hfobjpjh-1,TMA00318,False,False,False,none
hfobpdlj-1,TMA00318,False,False,False,none
hfoceonm-1,TMA00318,False,False,False,none
hfocfieg-1,TMA00318,False,False,False,none
hfoddifk-1,TMA00318,False,False,False,none
hfodopgi-1,TMA00318,False,False,False,none
hfomfell-1,TMA00318,False,False,False,none
hfoplnok-1,TMA00318,False,False,False,none
hfpejjln-1,TMA00318,False,False,False,none
hfpmjoei-1,TMA00318,False,False,False,none
hfpoejko-1,TMA00318,False,False,False,none
hgabnken-1,TMA00318,False,False,False,none
hgadipkk-1,TMA00318,False,False,False,none
hgafnmjb-1,TMA00318,False,False,False,none
hgagkfld-1,TMA00318,False,False,False,none
hgakkiok-1,TMA00318,False,False,False,none
hgancekg-1,TMA00318,False,False,False,none
hgapcgkj-1,TMA00318,False,False,False,none
hgbanfoc-1,TMA00318,False,False,False,none
hgbhflmn-1,TMA00318,False,False,False,none
hgblnafk-1,TMA00318,False,False,False,none
hgbmejcp-1,TMA00318,False,False,False,none
hgboeako-1,TMA00318,False,False,False,none
hgboegnc-1,TMA00318,False,False,False,none
hgcaefhm-1,TMA00318,False,False,False,none
hgcahpoc-1,TMA00318,False,False,False,none
hgccbgih-1,TMA00318,False,False,False,none
hgcccckd-1,TMA00318,False,False,False,none
hgcgjbbi-1,TMA00318,False,False,False,none
hgcnfigg-1,TMA00318,False,False,False,none
hgdbccfa-1,TMA00318,False,False,False,none
hgddikim-1,TMA00318,False,False,False,none
hgdgkiog-1,TMA00318,False,False,False,none
hgdmphdo-1,TMA00318,False,False,False,none
hgdobame-1,TMA00318,False,False,False,none
hgdodego-1,TMA00318,False,False,False,none
hgedkaea-1,TMA00318,False,False,False,none
hgefjblo-1,TMA00318,False,False,False,none
hgeidihc-1,TMA00318,False,False,False,none
hgeogoen-1,TMA00318,False,False,False,none
hgfgkcio-1,TMA00318,False,False,False,none
hgfhboki-1,TMA00318,False,False,False,none
hgfldhae-1,TMA00318,False,False,False,none
hgghaida-1,TMA00318,False,False,False,none
hggimeil-1,TMA00318,False,False,False,none
hggkdblm-1,TMA00318,False,False,False,none
hggmhaml-1,TMA00318,False,False,False,none
hggndpgg-1,TMA00318,False,False,False,none
hghiaiim-1,TMA00318,False,False,False,none
hghjjihd-1,TMA00318,False,False,False,none
hghjodcd-1,TMA00318,False,False,False,none
hgigcjno-1,TMA00318,False,False,False,none
hgigeajb-1,TMA00318,False,False,False,none
hgiiecon-1,TMA00318,False,False,False,none
hgiijofp-1,TMA00318,False,False,False,none
hgjcinan-1,TMA00318,False,False,False,none
hgjcnhjo-1,TMA00318,False,False,False,none
hgjdmdlo-1,TMA00318,False,False,False,none
hgjebbog-1,TMA00318,False,False,False,none
hgjflloj-1,TMA00318,False,False,False,none
hgjhhahp-1,TMA00318,False,False,False,none
hgjiojca-1,TMA00318,False,False,False,none
hgjknfbp-1,TMA00318,False,False,False,none
hgjmablh-1,TMA00318,False,False,False,none
hgjogpcp-1,TMA00318,False,False,False,none
hgkibljk-1,TMA00318,False,False,False,none
hgkinbal-1,TMA00318,False,False,False,none
hgkodjlg-1,TMA00318,False,False,False,none
hglfcbpf-1,TMA00318,False,False,False,none
hgljidfo-1,TMA00318,False,False,False,none
hgmjnghc-1,TMA00318,False,False,False,none
hgmlilci-1,TMA00318,False,False,False,none
hgmmcjog-1,TMA00318,False,False,False,none
hgnbcdek-1,TMA00318,False,False,False,none
hgnbclcn-1,TMA00318,False,False,False,none
hgnjjdpo-1,TMA00318,False,False,False,none
hgnkacao-1,TMA00318,False,False,False,none
hgnkcjdc-1,TMA00318,False,False,False,none
hgnpilnp-1,TMA00318,False,False,False,none
hgocjdch-1,TMA00318,False,False,False,none
hgoehmbm-1,TMA00318,False,False,False,none
hgoffnmd-1,TMA00318,False,False,False,none
hgoipfpe-1,TMA00318,False,False,False,none
hgomlmhd-1,TMA00318,False,False,False,none
hgomoemc-1,TMA00318,False,False,False,none
hgpdabki-1,TMA00318,False,False,False,none
hgplkhid-1,TMA00318,False,False,False,none
hgploodc-1,TMA00318,False,False,False,none
hgpodhdc-1,TMA00318,False,False,False,none
hhaakdel-1,TMA00318,False,False,False,none
hhabbfcb-1,TMA00318,False,False,False,none
hhacbhkf-1,TMA00318,False,False,False,none
hhaggfik-1,TMA00318,False,False,False,none
hhakjkll-1,TMA00318,False,False,False,none
hhaogjpd-1,TMA00318,False,False,False,none
hhbabifp-1,TMA00318,False,False,False,none
hhbakkmg-1,TMA00318,False,False,False,none
hhbhgmpp-1,TMA00318,False,False,False,none
hhbidnmk-1,TMA00318,False,False,False,none
hhbijhnn-1,TMA00318,False,False,False,none
hhbjnnpo-1,TMA00318,False,False,False,none
hhbkhjna-1,TMA00318,False,False,False,none
hhbpcfao-1,TMA00318,False,False,False,none
hhcboegc-1,TMA00318,False,False,False,none
hhcdcmec-1,TMA00318,False,False,False,none
hhcdhhha-1,TMA00318,False,False,False,none
hhchaale-1,TMA00318,False,False,False,none
hhchmado-1,TMA00318,False,False,False,none
hhckhlll-1,TMA00318,False,False,False,none
hhclefah-1,TMA00318,False,False,False,none
hhclnhhb-1,TMA00318,False,False,False,none
hhcmbhkc-1,TMA00318,False,False,False,none
hhdadmnb-1,TMA00318,False,False,False,none
hhdbdnog-1,TMA00318,False,False,False,none
hhddapgn-1,TMA00318,False,False,False,none
hhdekhpb-1,TMA00318,False,False,False,none
hhdfcfcf-1,TMA00318,False,False,False,none
hhdnacfi-1,TMA00318,False,False,False,none
hheagjck-1,TMA00318,False,False,False,none
hhefmooa-1,TMA00318,False,False,False,none
hhefomkp-1,TMA00318,False,False,False,none
hhehclmd-1,TMA00318,False,False,False,none
hheikdih-1,TMA00318,False,False,False,none
hhelbpjf-1,TMA00318,False,False,False,none
hhemckjo-1,TMA00318,False,False,False,none
hhfhnnmd-1,TMA00318,False,False,False,none
hhfieiak-1,TMA00318,False,False,False,none
hhfifafa-1,TMA00318,False,False,False,none
hhfmlenm-1,TMA00318,False,False,False,none
hhfnchbg-1,TMA00318,False,False,False,none
hhgbakin-1,TMA00318,False,False,False,none
hhgceaef-1,TMA00318,False,False,False,none
hhgckfhm-1,TMA00318,False,False,False,none
hhgdpebg-1,TMA00318,False,False,False,none
hhglbimd-1,TMA00318,False,False,False,none
hhgmeaod-1,TMA00318,False,False,False,none
hhgolkck-1,TMA00318,False,False,False,none
hhhccgfp-1,TMA00318,False,False,False,none
hhhhkacf-1,TMA00318,False,False,False,none
hhhimfhh-1,TMA00318,False,False,False,none
hhhinpck-1,TMA00318,False,False,False,none
hhicngbf-1,TMA00318,False,False,False,none
hhihbeig-1,TMA00318,False,False,False,none
hhijlkeg-1,TMA00318,False,False,False,none
hhjfmfno-1,TMA00318,False,False,False,none
hhjgghhe-1,TMA00318,False,False,False,none
hhjgmeaj-1,TMA00318,False,False,False,none
hhjhefkn-1,TMA00318,False,False,False,none
hhjhfmic-1,TMA00318,False,False,False,none
hhjjpope-1,TMA00318,False,False,False,none
hhjkhlah-1,TMA00318,False,False,False,none
hhjndfga-1,TMA00318,False,False,False,none
hhjpdpio-1,TMA00318,False,False,False,none
hhjpleoj-1,TMA00318,False,False,False,none
hhjplnfa-1,TMA00318,False,False,False,none
hhkbhcno-1,TMA00318,False,False,False,none
hhkbicgm-1,TMA00318,False,False,False,none
hhkcncdc-1,TMA00318,False,False,False,none
hhkehhkj-1,TMA00318,False,False,False,none
hhkejajg-1,TMA00318,False,False,False,none
hhkgkbgc-1,TMA00318,False,False,False,none
hhklikln-1,TMA00318,False,False,False,none
hhknabdd-1,TMA00318,False,False,False,none
hhkoclpo-1,TMA00318,False,False,False,none
hhkpkccg-1,TMA00318,False,False,False,none
hhleancc-1,TMA00318,False,False,False,none
hhljpdei-1,TMA00318,False,False,False,none
hhlkfoak-1,TMA00318,False,False,False,none
hhlmmppd-1,TMA00318,False,False,False,none
hhlmooai-1,TMA00318,False,False,False,none
hhlpeemo-1,TMA00318,False,False,False,none
hhmaggog-1,TMA00318,False,False,False,none
hhmapaob-1,TMA00318,False,False,False,none
hhmdhefh-1,TMA00318,False,False,False,none
hhnabjig-1,TMA00318,False,False,False,none
hhncdejc-1,TMA00318,False,False,False,none
hhncknco-1,TMA00318,False,False,False,none
hhnnpjbm-1,TMA00318,False,False,False,none
hhobolcl-1,TMA00318,False,False,False,none
hhockilm-1,TMA00318,False,False,False,none
hhoihdmj-1,TMA00318,False,False,False,none
hholjeof-1,TMA00318,False,False,False,none
hhpadckl-1,TMA00318,False,False,False,none
hhpbdcfd-1,TMA00318,False,False,False,none
hhpbggan-1,TMA00318,False,False,False,none
hhphakaj-1,TMA00318,False,False,False,none
hhphmain-1,TMA00318,False,False,False,none
hhpnibjl-1,TMA00318,False,False,False,none
hiafcgmn-1,TMA00318,False,False,False,none
hiakgmpp-1,TMA00318,False,False,False,none
hiakmdpi-1,TMA00318,False,False,False,none
hiakmofc-1,TMA00318,False,False,False,none
hiamgebi-1,TMA00318,False,False,False,none
hiaooogg-1,TMA00318,False,False,False,none
hibfbphp-1,TMA00318,False,False,False,none
hibfknff-1,TMA00318,False,False,False,none
hibjpoph-1,TMA00318,False,False,False,none
hibkbajf-1,TMA00318,False,False,False,none
hibkdgnn-1,TMA00318,False,False,False,none
hibldong-1,TMA00318,False,False,False,none
hibndckn-1,TMA00318,False,False,False,none
hibnekpb-1,TMA00318,False,False,False,none
hibnhldm-1,TMA00318,False,False,False,none
hiboahpj-1,TMA00318,False,False,False,none
hicbhogl-1,TMA00318,False,False,False,none
hiccdpml-1,TMA00318,False,False,False,none
hiccmoij-1,TMA00318,False,False,False,none
hicdigeo-1,TMA00318,False,False,False,none
hiciaehd-1,TMA00318,False,False,False,none
hicnnhpd-1,TMA00318,False,False,False,none
hidagpbo-1,TMA00318,False,False,False,none
hidclgjd-1,TMA00318,False,False,False,none
hidecpbg-1,TMA00318,False,False,False,none
hidfkfpb-1,TMA00318,False,False,False,none
hidkgmlk-1,TMA00318,False,False,False,none
hidknank-1,TMA00318,False,False,False,none
hidlagld-1,TMA00318,False,False,False,none
hidoecbf-1,TMA00318,False,False,False,none
hidppflk-1,TMA00318,False,False,False,none
hieblccn-1,TMA00318,False,False,False,none
hieeciij-1,TMA00318,False,False,False,none
hieidnfn-1,TMA00318,False,False,False,none
hifdifef-1,TMA00318,False,False,False,none
hifgjika-1,TMA00318,False,False,False,none
hifmjmkc-1,TMA00318,False,False,False,none
higckmmj-1,TMA00318,False,False,False,none
higdcbeb-1,TMA00318,False,False,False,none
higdfngp-1,TMA00318,False,False,False,none
higfjjem-1,TMA00318,False,False,False,none
higggcme-1,TMA00318,False,False,False,none
higggjcg-1,TMA00318,False,False,False,none
higkoceo-1,TMA00318,False,False,False,none
higmlmoa-1,TMA00318,False,False,False,none
hignkkjb-1,TMA00318,False,False,False,none
higpgoli-1,TMA00318,False,False,False,none
hihancfc-1,TMA00318,False,False,False,none
hihhoobg-1,TMA00318,False,False,False,none
hihibgnf-1,TMA00318,False,False,False,none
hihkepeh-1,TMA00318,False,False,False,none
hihomgcf-1,TMA00318,False,False,False,none
hiiaandk-1,TMA00318,False,False,False,none
hiiakgon-1,TMA00318,False,False,False,none
hiibgpgg-1,TMA00318,False,False,False,none
hiiednhl-1,TMA00318,False,False,False,none
hiiempcb-1,TMA00318,False,False,False,none
hiihgnda-1,TMA00318,False,False,False,none
hiiifjek-1,TMA00318,False,False,False,none
hiiloefa-1,TMA00318,False,False,False,none
hijdoebh-1,TMA00318,False,False,False,none
hijhdjka-1,TMA00318,False,False,False,none
hijnfmmg-1,TMA00318,False,False,False,none
hijodamg-1,TMA00318,False,False,False,none
hijoedfk-1,TMA00318,False,False,False,none
hijoknla-1,TMA00318,False,False,False,none
hikbkefi-1,TMA00318,False,False,False,none
hikcjmfe-1,TMA00318,False,False,False,none
hikhgkeb-1,TMA00318,False,False,False,none
hikkfcjk-1,TMA00318,False,False,False,none
hikllace-1,TMA00318,False,False,False,none
hikmllln-1,TMA00318,False,False,False,none
hiknajab-1,TMA00318,False,False,False,none
hilaaipm-1,TMA00318,False,False,False,none
hilbjmej-1,TMA00318,False,False,False,none
hildnflg-1,TMA00318,False,False,False,none
hilehfok-1,TMA00318,False,False,False,none
hilepomb-1,TMA00318,False,False,False,none
hilhppdd-1,TMA00318,False,False,False,none
hilmcgha-1,TMA00318,False,False,False,none
hilmfcgo-1,TMA00318,False,False,False,none
hilnjkfi-1,TMA00318,False,False,False,none
himadjcf-1,TMA00318,False,False,False,none
himahpij-1,TMA00318,False,False,False,none
himfejna-1,TMA00318,False,False,False,none
himlikmo-1,TMA00318,False,False,False,none
himlocbm-1,TMA00318,False,False,False,none
hinaojbg-1,TMA00318,False,False,False,none
hindfcnk-1,TMA00318,False,False,False,none
hingnlib-1,TMA00318,False,False,False,none
hinnhkop-1,TMA00318,False,False,False,none
hiodjjna-1,TMA00318,False,False,False,none
hioiidkp-1,TMA00318,False,False,False,none
hioojbib-1,TMA00318,False,False,False,none
hipbcpdo-1,TMA00318,False,False,False,none
hipjeoia-1,TMA00318,False,False,False,none
hipoagpn-1,TMA00318,False,False,False,none
hippdjee-1,TMA00318,False,False,False,none
hjaddndh-1,TMA00318,False,False,False,none
hjaenooc-1,TMA00318,False,False,False,none
hjahnfma-1,TMA00318,False,False,False,none
hjajimpj-1,TMA00318,False,False,False,none
hjbdfcle-1,TMA00318,False,False,False,none
hjbfagjd-1,TMA00318,False,False,False,none
hjbioklb-1,TMA00318,False,False,False,none
hjbnnkca-1,TMA00318,False,False,False,none
hjchkcem-1,TMA00318,False,False,False,none
hjcmbilb-1,TMA00318,False,False,False,none
hjcnkchf-1,TMA00318,False,False,False,none
hjdajmdm-1,TMA00318,False,False,False,none
hjdlpjie-1,TMA00318,False,False,False,none
hjdngnpp-1,TMA00318,False,False,False,none
hjdoiehh-1,TMA00318,False,False,False,none
hjdpncjh-1,TMA00318,False,False,False,none
hjeahnhp-1,TMA00318,False,False,False,none
hjecnkoa-1,TMA00318,False,False,False,none
hjedecad-1,TMA00318,False,False,False,none
hjejifga-1,TMA00318,False,False,False,none
hjejkpfg-1,TMA00318,False,False,False,none
hjejlmio-1,TMA00318,False,False,False,none
hjembbom-1,TMA00318,False,False,False,none
hjemnddm-1,TMA00318,False,False,False,none
hjfccpib-1,TMA00318,False,False,False,none
hjfecfde-1,TMA00318,False,False,False,none
hjfenehi-1,TMA00318,False,False,False,none
hjfenmeh-1,TMA00318,False,False,False,none
hjfhhobh-1,TMA00318,False,False,False,none
hjfijige-1,TMA00318,False,False,False,none
hjganhkf-1,TMA00318,False,False,False,none
hjgapeii-1,TMA00318,False,False,False,none
hjglibli-1,TMA00318,False,False,False,none
hjgolncp-1,TMA00318,False,False,False,none
hjgoocpo-1,TMA00318,False,False,False,none
hjhccdip-1,TMA00318,False,False,False,none
hjhibldh-1,TMA00318,False,False,False,none
hjhjhdfn-1,TMA00318,False,False,False,none
hjhjkmeb-1,TMA00318,False,False,False,none
hjhkamah-1,TMA00318,False,False,False,none
hjhkkalf-1,TMA00318,False,False,False,none
hjhloimb-1,TMA00318,False,False,False,none
hjhphdlm-1,TMA00318,False,False,False,none
hjibbenk-1,TMA00318,False,False,False,none
hjicjace-1,TMA00318,False,False,False,none
hjicmand-1,TMA00318,False,False,False,none
hjihnibj-1,TMA00318,False,False,False,none
hjiijnmm-1,TMA00318,False,False,False,none
hjijmgkc-1,TMA00318,False,False,False,none
hjikkppa-1,TMA00318,False,False,False,none
hjilnohh-1,TMA00318,False,False,False,none
hjinmndc-1,TMA00318,False,False,False,none
hjiobjkj-1,TMA00318,False,False,False,none
hjipgbcd-1,TMA00318,False,False,False,none
hjjbhjdi-1,TMA00318,False,False,False,none
hjjcplpg-1,TMA00318,False,False,False,none
hjjdeigc-1,TMA00318,False,False,False,none
hjkfibpe-1,TMA00318,False,False,False,none
hjkgabim-1,TMA00318,False,False,False,none
hjkkgebh-1,TMA00318,False,False,False,none
hjlibggm-1,TMA00318,False,False,False,none
hjljemel-1,TMA00318,False,False,False,none
hjllepac-1,TMA00318,False,False,False,none
hjlmfolc-1,TMA00318,False,False,False,none
hjmbjggd-1,TMA00318,False,False,False,none
hjmbkimg-1,TMA00318,False,False,False,none
hjmdknad-1,TMA00318,False,False,False,none
hjnboikb-1,TMA00318,False,False,False,none
hjnepfii-1,TMA00318,False,False,False,none
hjnmlche-1,TMA00318,False,False,False,none
hjnmnjbg-1,TMA00318,False,False,False,none
hjoaagnk-1,TMA00318,False,False,False,none
hjogikgo-1,TMA00318,False,False,False,none
hjomecfb-1,TMA00318,False,False,False,none
hjonpame-1,TMA00318,False,False,False,none
hjpaibkk-1,TMA00318,False,False,False,none
hjpchgbk-1,TMA00318,False,False,False,none
hjpcpifm-1,TMA00318,False,False,False,none
hjphpiaa-1,TMA00318,False,False,False,none
hjpibdjn-1,TMA00318,False,False,False,none
hjpikkno-1,TMA00318,False,False,False,none
hjpiocpl-1,TMA00318,False,False,False,none
hjpjelmg-1,TMA00318,False,False,False,none
hjplkblp-1,TMA00318,False,False,False,none
hjpmdkoi-1,TMA00318,False,False,False,none
hjpnelec-1,TMA00318,False,False,False,none
hjpobead-1,TMA00318,False,False,False,none
hjpoploi-1,TMA00318,False,False,False,none
hkadmjpd-1,TMA00318,False,False,False,none
hkadniok-1,TMA00318,False,False,False,none
hkagmgfa-1,TMA00318,False,False,False,none
hkaiiicd-1,TMA00318,False,False,False,none
hkalilmn-1,TMA00318,False,False,False,none
hkbfkhnk-1,TMA00318,False,False,False,none
hkbjojjf-1,TMA00318,False,False,False,none
hkbkgpll-1,TMA00318,False,False,False,none
hkblghop-1,TMA00318,False,False,False,none
hkbmoemp-1,TMA00318,False,False,False,none
hkcgebej-1,TMA00318,False,False,False,none
hkchhjcc-1,TMA00318,False,False,False,none
hkclajlp-1,TMA00318,False,False,False,none
hkdapeib-1,TMA00318,False,False,False,none
hkdbeide-1,TMA00318,False,False,False,none
hkdbmgmm-1,TMA00318,False,False,False,none
hkdfgdhk-1,TMA00318,False,False,False,none
hkdfokhf-1,TMA00318,False,False,False,none
hkdngcei-1,TMA00318,False,False,False,none
hkdoegho-1,TMA00318,False,False,False,none
hkedhced-1,TMA00318,False,False,False,none
hkeedhfk-1,TMA00318,False,False,False,none
hkefejdj-1,TMA00318,False,False,False,none
hkeghbdf-1,TMA00318,False,False,False,none
hkemkndm-1,TMA00318,False,False,False,none
hkempljl-1,TMA00318,False,False,False,none
hkfalega-1,TMA00318,False,False,False,none
hkfappdj-1,TMA00318,False,False,False,none
hkfeaini-1,TMA00318,False,False,False,none
hkfekaab-1,TMA00318,False,False,False,none
hkffhcjh-1,TMA00318,False,False,False,none
hkfhhlbo-1,TMA00318,False,False,False,none
hkfiheng-1,TMA00318,False,False,False,none
hkfinlkm-1,TMA00318,False,False,False,none
hkfjpcgo-1,TMA00318,False,False,False,none
hkfohiif-1,TMA00318,False,False,False,none
hkfombll-1,TMA00318,False,False,False,none
hkgamngc-1,TMA00318,False,False,False,none
hkgbhgia-1,TMA00318,False,False,False,none
hkgcmgep-1,TMA00318,False,False,False,none
hkgjhjhf-1,TMA00318,False,False,False,none
hkgnckic-1,TMA00318,False,False,False,none
hkgomfeo-1,TMA00318,False,False,False,none
hkgphccb-1,TMA00318,False,False,False,none
hkhdgpnk-1,TMA00318,False,False,False,none
hkhflblc-1,TMA00318,False,False,False,none
hkhflikk-1,TMA00318,False,False,False,none
hkhnfhnl-1,TMA00318,False,False,False,none
hkhoiacn-1,TMA00318,False,False,False,none
hkicdlfa-1,TMA00318,False,False,False,none
hkiilked-1,TMA00318,False,False,False,none
hkiipapb-1,TMA00318,False,False,False,none
hkijgafe-1,TMA00318,False,False,False,none
hkinklal-1,TMA00318,False,False,False,none
hkioanif-1,TMA00318,False,False,False,none
hkioldpe-1,TMA00318,False,False,False,none
hkiphnjh-1,TMA00318,False,False,False,none
hkjbekhc-1,TMA00318,False,False,False,none
hkjdikpf-1,TMA00318,False,False,False,none
hkjedaoe-1,TMA00318,False,False,False,none
hkjglcmg-1,TMA00318,False,False,False,none
hkjhcdhf-1,TMA00318,False,False,False,none
hkjmnnkl-1,TMA00318,False,False,False,none
hkkbocef-1,TMA00318,False,False,False,none
hkkccpma-1,TMA00318,False,False,False,none
hkkcempp-1,TMA00318,False,False,False,none
hkkepkpp-1,TMA00318,False,False,False,none
hkkgepeb-1,TMA00318,False,False,False,none
hkkjpblm-1,TMA00318,False,False,False,none
hkkkidho-1,TMA00318,False,False,False,none
hkkloiag-1,TMA00318,False,False,False,none
hkkoemhk-1,TMA00318,False,False,False,none
hkladbaf-1,TMA00318,False,False,False,none
hklbdoef-1,TMA00318,False,False,False,none
hklcanfm-1,TMA00318,False,False,False,none
hklcfpab-1,TMA00318,False,False,False,none
hklgbhad-1,TMA00318,False,False,False,none
hklphdko-1,TMA00318,False,False,False,none
hkmfmkbh-1,TMA00318,False,False,False,none
hkmhlagi-1,TMA00318,False,False,False,none
hkmljdkg-1,TMA00318,False,False,False,none
hkmojloj-1,TMA00318,False,False,False,none
hknallhd-1,TMA00318,False,False,False,none
hknfcknp-1,TMA00318,False,False,False,none
hknkghpf-1,TMA00318,False,False,False,none
hknkifbd-1,TMA00318,False,False,False,none
hkoanjcm-1,TMA00318,False,False,False,none
hkoeelld-1,TMA00318,False,False,False,none
hkofjcgo-1,TMA00318,False,False,False,none
hkojigga-1,TMA00318,False,False,False,none
hkpejiap-1,TMA00318,False,False,False,none
hkpglpal-1,TMA00318,False,False,False,none
hkphplke-1,TMA00318,False,False,False,none
hkpianjn-1,TMA00318,False,False,False,none
hlaggabp-1,TMA00318,False,False,False,none
hlagkjba-1,TMA00318,False,False,False,none
hlankgjb-1,TMA00318,False,False,False,none
hlapimdk-1,TMA00318,False,False,False,none
hlbgncld-1,TMA00318,False,False,False,none
hlbhoihm-1,TMA00318,False,False,False,none
hlbibgal-1,TMA00318,False,False,False,none
hlbnomma-1,TMA00318,False,False,False,none
hlbonapl-1,TMA00318,False,False,False,none
hlcbjgnk-1,TMA00318,False,False,False,none
hlcbjidf-1,TMA00318,False,False,False,none
hlcbnnmo-1,TMA00318,False,False,False,none
hlcfkbkb-1,TMA00318,False,False,False,none
hlcmapia-1,TMA00318,False,False,False,none
hlcoejgh-1,TMA00318,False,False,False,none
hlcpmjdo-1,TMA00318,False,False,False,none
hlcpnipj-1,TMA00318,False,False,False,none
hldakiga-1,TMA00318,False,False,False,none
hldbjjip-1,TMA00318,False,False,False,none
hldcdehh-1,TMA00318,False,False,False,none
hldejbam-1,TMA00318,False,False,False,none
hldfklkj-1,TMA00318,False,False,False,none
hldgbllg-1,TMA00318,False,False,False,none
hldglnne-1,TMA00318,False,False,False,none
hldkciij-1,TMA00318,False,False,False,none
hldocmna-1,TMA00318,False,False,False,none
hldpbhjh-1,TMA00318,False,False,False,none
hldpehah-1,TMA00318,False,False,False,none
hldpgiai-1,TMA00318,False,False,False,none
hlechmop-1,TMA00318,False,False,False,none
hleidkgf-1,TMA00318,False,False,False,none
hleigook-1,TMA00318,False,False,False,none
hlejdgbl-1,TMA00318,False,False,False,none
hlemkphp-1,TMA00318,False,False,False,none
hleoaffo-1,TMA00318,False,False,False,none
hlfaaeeo-1,TMA00318,False,False,False,none
hlfdgado-1,TMA00318,False,False,False,none
hlfpccjb-1,TMA00318,False,False,False,none
hlggenek-1,TMA00318,False,False,False,none
hlgginho-1,TMA00318,False,False,False,none
hlggjdbk-1,TMA00318,False,False,False,none
hlggjglb-1,TMA00318,False,False,False,none
hlghcgmg-1,TMA00318,False,False,False,none
hlgmpcfj-1,TMA00318,False,False,False,none
hlgnojbp-1,TMA00318,False,False,False,none
hlgpglfn-1,TMA00318,False,False,False,none
hlhelpcb-1,TMA00318,False,False,False,none
hlhgdbon-1,TMA00318,False,False,False,none
hlhjbnde-1,TMA00318,False,False,False,none
hlhjiffo-1,TMA00318,False,False,False,none
hlhjkldd-1,TMA00318,False,False,False,none
hliajmec-1,TMA00318,False,False,False,none
hlidppem-1,TMA00318,False,False,False,none
hliekemk-1,TMA00318,False,False,False,none
hlikeajc-1,TMA00318,False,False,False,none
hlikpiei-1,TMA00318,False,False,False,none
hlinjmjl-1,TMA00318,False,False,False,none
hljfodpk-1,TMA00318,False,False,False,none
hljgaiad-1,TMA00318,False,False,False,none
hljjeioh-1,TMA00318,False,False,False,none
hljkbhnl-1,TMA00318,False,False,False,none
hljokjkn-1,TMA00318,False,False,False,none
hlkagenf-1,TMA00318,False,False,False,none
hlkdolib-1,TMA00318,False,False,False,none
hlkejocn-1,TMA00318,False,False,False,none
hlkgoghh-1,TMA00318,False,False,False,none
hlkheehi-1,TMA00318,False,False,False,none
hlkndhco-1,TMA00318,False,False,False,none
hlknhfho-1,TMA00318,False,False,False,none
hllafeaa-1,TMA00318,False,False,False,none
hllahokn-1,TMA00318,False,False,False,none
hllbchch-1,TMA00318,False,False,False,none
hlldmdpd-1,TMA00318,False,False,False,none
hllhegma-1,TMA00318,False,False,False,none
hllidmlc-1,TMA00318,False,False,False,none
hlllgohe-1,TMA00318,False,False,False,none
hllnkbph-1,TMA00318,False,False,False,none
hlmdibob-1,TMA00318,False,False,False,none
hlmggdni-1,TMA00318,False,False,False,none
hlmhlllm-1,TMA00318,False,False,False,none
hlmiclob-1,TMA00318,False,False,False,none
hlmiiehi-1,TMA00318,False,False,False,none
hlmjinjb-1,TMA00318,False,False,False,none
hlmnaoll-1,TMA00318,False,False,False,none
hlmnemfb-1,TMA00318,False,False,False,none
hlmnpnim-1,TMA00318,False,False,False,none
hlmopell-1,TMA00318,False,False,False,none
hlnbalni-1,TMA00318,False,False,False,none
hlnclohd-1,TMA00318,False,False,False,none
hlnenhlj-1,TMA00318,False,False,False,none
hlnmhhjp-1,TMA00318,False,False,False,none
hlnonjgp-1,TMA00318,False,False,False,none
hlobhmbk-1,TMA00318,False,False,False,none
hlogngke-1,TMA00318,False,False,False,none
hlomdhik-1,TMA00318,False,False,False,none
hlomeggc-1,TMA00318,False,False,False,none
hlomnohd-1,TMA00318,False,False,False,none
hlonpjlg-1,TMA00318,False,False,False,none
hlpjibhh-1,TMA00318,False,False,False,none
hlpnmija-1,TMA00318,False,False,False,none
hmabppge-1,TMA00318,False,False,False,none
hmagcifo-1,TMA00318,False,False,False,none
hmajnkec-1,TMA00318,False,False,False,none
hmalmgcj-1,TMA00318,False,False,False,none
hmbaiopo-1,TMA00318,False,False,False,none
hmbdjfkl-1,TMA00318,False,False,False,none
hmbgchoj-1,TMA00318,False,False,False,none
hmbiihij-1,TMA00318,False,False,False,none
hmbppldg-1,TMA00318,False,False,False,none
hmcghodb-1,TMA00318,False,False,False,none
hmcgpjji-1,TMA00318,False,False,False,none
hmciafma-1,TMA00318,False,False,False,none
hmcjhdck-1,TMA00318,False,False,False,none
hmcomfkp-1,TMA00318,False,False,False,none
hmcpbemm-1,TMA00318,False,False,False,none
hmdabnka-1,TMA00318,False,False,False,none
hmdgbicj-1,TMA00318,False,False,False,none
hmdibaen-1,TMA00318,False,False,False,none
hmdicmif-1,TMA00318,False,False,False,none
hmdlebcb-1,TMA00318,False,False,False,none
hmdndmii-1,TMA00318,False,False,False,none
hmedahna-1,TMA00318,False,False,False,none
hmedijkg-1,TMA00318,False,False,False,none
hmeglcpo-1,TMA00318,False,False,False,none
hmejnjfb-1,TMA00318,False,False,False,none
hmelioba-1,TMA00318,False,False,False,none
hmepbdcl-1,TMA00318,False,False,False,none
hmfaikdp-1,TMA00318,False,False,False,none
hmfdlnpl-1,TMA00318,False,False,False,none
hmfkpogp-1,TMA00318,False,False,False,none
hmfpaeoe-1,TMA00318,False,False,False,none
hmgeegcg-1,TMA00318,False,False,False,none
hmghjdbj-1,TMA00318,False,False,False,none
hmglgiff-1,TMA00318,False,False,False,none
hmgmmoke-1,TMA00318,False,False,False,none
hmgoehlg-1,TMA00318,False,False,False,none
hmheklno-1,TMA00318,False,False,False,none
hmhihgmc-1,TMA00318,False,False,False,none
hmibhknd-1,TMA00318,False,False,False,none
hmickdce-1,TMA00318,False,False,False,none
hmigchoh-1,TMA00318,False,False,False,none
hmikcccd-1,TMA00318,False,False,False,none
hmiljmca-1,TMA00318,False,False,False,none
hmimfpii-1,TMA00318,False,False,False,none
hmipoamf-1,TMA00318,False,False,False,none
hmjaencl-1,TMA00318,False,False,False,none
hmjeakkn-1,TMA00318,False,False,False,none
hmjefhnc-1,TMA00318,False,False,False,none
hmjfbial-1,TMA00318,False,False,False,none
hmjhinpg-1,TMA00318,False,False,False,none
hmjjlijh-1,TMA00318,False,False,False,none
hmjpdfmf-1,TMA00318,False,False,False,none
hmkcfopb-1,TMA00318,False,False,False,none
hmkgnegf-1,TMA00318,False,False,False,none
hmkioiop-1,TMA00318,False,False,False,none
hmkiojnl-1,TMA00318,False,False,False,none
hmkmokpd-1,TMA00318,False,False,False,none
hmlakaic-1,TMA00318,False,False,False,none
hmlnoini-1,TMA00318,False,False,False,none
hmlofkoi-1,TMA00318,False,False,False,none
hmmadffa-1,TMA00318,False,False,False,none
hmmdojcg-1,TMA00318,False,False,False,none
hmminalp-1,TMA00318,False,False,False,none
hmmkimel-1,TMA00318,False,False,False,none
hmmkkjfp-1,TMA00318,False,False,False,none
hmnapfmn-1,TMA00318,False,False,False,none
hmnbacac-1,TMA00318,False,False,False,none
hmngolgp-1,TMA00318,False,False,False,none
hmnlkcle-1,TMA00318,False,False,False,none
hmnmjboh-1,TMA00318,False,False,False,none
hmobdepl-1,TMA00318,False,False,False,none
hmokmcba-1,TMA00318,False,False,False,none
hmomcbeh-1,TMA00318,False,False,False,none
hmomkceg-1,TMA00318,False,False,False,none
hmpebojo-1,TMA00318,False,False,False,none
hmpfckan-1,TMA00318,False,False,False,none
hmphbibg-1,TMA00318,False,False,False,none
hmpkkmej-1,TMA00318,False,False,False,none
hmplpbcl-1,TMA00318,False,False,False,none
hmpneobp-1,TMA00318,False,False,False,none
hmpnjdel-1,TMA00318,False,False,False,none
hmponnpb-1,TMA00318,False,False,False,none
hnacdhin-1,TMA00318,False,False,False,none
hnagjald-1,TMA00318,False,False,False,none
hnakmhba-1,TMA00318,False,False,False,none
hnbeomkl-1,TMA00318,False,False,False,none
hnbffnko-1,TMA00318,False,False,False,none
hnbiihmm-1,TMA00318,False,False,False,none
hncbkjjo-1,TMA00318,False,False,False,none
hncebpcn-1,TMA00318,False,False,False,none
hncpdehe-1,TMA00318,False,False,False,none
hndbbfie-1,TMA00318,False,False,False,none
hndbmgii-1,TMA00318,False,False,False,none
hndcfbff-1,TMA00318,False,False,False,none
hndflkpp-1,TMA00318,False,False,False,none
hndhcnad-1,TMA00318,False,False,False,none
hndkcflk-1,TMA00318,False,False,False,none
hndlfbom-1,TMA00318,False,False,False,none
hnebkefo-1,TMA00318,False,False,False,none
hnebomgc-1,TMA00318,False,False,False,none
hnegoham-1,TMA00318,False,False,False,none
hneiklnb-1,TMA00318,False,False,False,none
hnejegld-1,TMA00318,False,False,False,none
hnekanef-1,TMA00318,False,False,False,none
hnekpajg-1,TMA00318,False,False,False,none
hnelgeoi-1,TMA00318,False,False,False,none
hneppmhi-1,TMA00318,False,False,False,none
hnfbapeb-1,TMA00318,False,False,False,none
hnfcbmje-1,TMA00318,False,False,False,none
hnfghdmi-1,TMA00318,False,False,False,none
hnggojnp-1,TMA00318,False,False,False,none
hnglbjok-1,TMA00318,False,False,False,none
hngmiedo-1,TMA00318,False,False,False,none
hnhgjhbl-1,TMA00318,False,False,False,none
hnhjlfip-1,TMA00318,False,False,False,none
hniameoa-1,TMA00318,False,False,False,none
hnidahml-1,TMA00318,False,False,False,none
hnjbnfge-1,TMA00318,False,False,False,none
hnjdfjei-1,TMA00318,False,False,False,none
hnjebdhh-1,TMA00318,False,False,False,none
hnjgeloo-1,TMA00318,False,False,False,none
hnjmkmoa-1,TMA00318,False,False,False,none
hnjpegli-1,TMA00318,False,False,False,none
hnkampdi-1,TMA00318,False,False,False,none
hnkcbckk-1,TMA00318,False,False,False,none
hnkcnbjp-1,TMA00318,False,False,False,none
hnkddcpn-1,TMA00318,False,False,False,none
hnkfaacp-1,TMA00318,False,False,False,none
hnkfoggl-1,TMA00318,False,False,False,none
hnlcpigh-1,TMA00318,False,False,False,none
hnldimfm-1,TMA00318,False,False,False,none
hnldnmch-1,TMA00318,False,False,False,none
hnljbicf-1,TMA00318,False,False,False,none
hnlloaij-1,TMA00318,False,False,False,none
hnlnojcg-1,TMA00318,False,False,False,none
hnlpcakp-1,TMA00318,False,False,False,none
hnlpjkoo-1,TMA00318,False,False,False,none
hnmfpgin-1,TMA00318,False,False,False,none
hnmmjlke-1,TMA00318,False,False,False,none
hnnanhoc-1,TMA00318,False,False,False,none
hnncfkph-1,TMA00318,False,False,False,none
hnngahlk-1,TMA00318,False,False,False,none
hnnnnjae-1,TMA00318,False,False,False,none
hnoabgfj-1,TMA00318,False,False,False,none
hnobacgj-1,TMA00318,False,False,False,none
hnoefebd-1,TMA00318,False,False,False,none
hnofpbha-1,TMA00318,False,False,False,none
hnogdnfe-1,TMA00318,False,False,False,none
hnokibij-1,TMA00318,False,False,False,none
hnpagcec-1,TMA00318,False,False,False,none
hnpeehoi-1,TMA00318,False,False,False,none
hnpfdmeg-1,TMA00318,False,False,False,none
hnpoailh-1,TMA00318,False,False,False,none
hnppbncj-1,TMA00318,False,False,False,none
hoaoklig-1,TMA00318,False,False,False,none
hoapdgbd-1,TMA00318,False,False,False,none
hobajpie-1,TMA00318,False,False,False,none
hobldipp-1,TMA00318,False,False,False,none
hobnpdll-1,TMA00318,False,False,False,none
hoccdjga-1,TMA00318,False,False,False,none
hockcfmd-1,TMA00318,False,False,False,none
hoclcbkn-1,TMA00318,False,False,False,none
hocmikii-1,TMA00318,False,False,False,none
hocnkkhk-1,TMA00318,False,False,False,none
hodiflac-1,TMA00318,False,False,False,none
hodjbkpn-1,TMA00318,False,False,False,none
hoebkheg-1,TMA00318,False,False,False,none
hoedbmjh-1,TMA00318,False,False,False,none
hoegffec-1,TMA00318,False,False,False,none
hoehhdmg-1,TMA00318,False,False,False,none
hoeokfbd-1,TMA00318,False,False,False,none
hofbmnlm-1,TMA00318,False,False,False,none
hofldlbp-1,TMA00318,False,False,False,none
hoflmpkm-1,TMA00318,False,False,False,none
hogbjahb-1,TMA00318,False,False,False,none
hoghoehj-1,TMA00318,False,False,False,none
hohdfkic-1,TMA00318,False,False,False,none
hohdppdo-1,TMA00318,False,False,False,none
hohjohip-1,TMA00318,False,False,False,none
hohnppbi-1,TMA00318,False,False,False,none
hohopfhe-1,TMA00318,False,False,False,none
hoidpdgn-1,TMA00318,False,False,False,none
hoignbbi-1,TMA00318,False,False,False,none
hoimolib-1,TMA00318,False,False,False,none
hoindjoc-1,TMA00318,False,False,False,none
hojafdil-1,TMA00318,False,False,False,none
hojbaagf-1,TMA00318,False,False,False,none
hojfcejk-1,TMA00318,False,False,False,none
hojgbmek-1,TMA00318,False,False,False,none
hojhfklb-1,TMA00318,False,False,False,none
hojjllje-1,TMA00318,False,False,False,none
hojlpeid-1,TMA00318,False,False,False,none
hojmpibo-1,TMA00318,False,False,False,none
hojpogij-1,TMA00318,False,False,False,none
hokaemci-1,TMA00318,False,False,False,none
hokbcokm-1,TMA00318,False,False,False,none
hokbfhnl-1,TMA00318,False,False,False,none
hokfhdic-1,TMA00318,False,False,False,none
hokiinpk-1,TMA00318,False,False,False,none
hokmnkph-1,TMA00318,False,False,False,none
holahgim-1,TMA00318,False,False,False,none
holcolia-1,TMA00318,False,False,False,none
holedhno-1,TMA00318,False,False,False,none
holifbfk-1,TMA00318,False,False,False,none
holkpjlm-1,TMA00318,False,False,False,none
homnbfgi-1,TMA00318,False,False,False,none
honchjkf-1,TMA00318,False,False,False,none
hondjbel-1,TMA00318,False,False,False,none
honfhanf-1,TMA00318,False,False,False,none
honicinn-1,TMA00318,False,False,False,none
honlmfgp-1,TMA00318,False,False,False,none
hoodmekk-1,TMA00318,False,False,False,none
hoodpick-1,TMA00318,False,False,False,none
hoofcffh-1,TMA00318,False,False,False,none
hoohmppe-1,TMA00318,False,False,False,none
hooiecol-1,TMA00318,False,False,False,none
hookigcm-1,TMA00318,False,False,False,none
hoomhbdc-1,TMA00318,False,False,False,none
hopendho-1,TMA00318,False,False,False,none
hopflecg-1,TMA00318,False,False,False,none
hopgmhap-1,TMA00318,False,False,False,none
hophnkma-1,TMA00318,False,False,False,none
hopjidlf-1,TMA00318,False,False,False,none
hopkpelk-1,TMA00318,False,False,False,none
hopldlbh-1,TMA00318,False,False,False,none
hpabigca-1,TMA00318,False,False,False,none
hpafcndb-1,TMA00318,False,False,False,none
hpbldjio-1,TMA00318,False,False,False,none
hpccbcoi-1,TMA00318,False,False,False,none
hpcnibcc-1,TMA00318,False,False,False,none
hpdgcmml-1,TMA00318,False,False,False,none
hpdgjejm-1,TMA00318,False,False,False,none
hpdkahak-1,TMA00318,False,False,False,none
hpdlglek-1,TMA00318,False,False,False,none
hpdpihhc-1,TMA00318,False,False,False,none
hpecghod-1,TMA00318,False,False,False,none
hpelangb-1,TMA00318,False,False,False,none
hpgpcibl-1,TMA00318,False,False,False,none
hphgfaao-1,TMA00318,False,False,False,none
hphpfbhp-1,TMA00318,False,False,False,none
hpijomam-1,TMA00318,False,False,False,none
hpjcgdfn-1,TMA00318,False,False,False,none
hpjdijfp-1,TMA00318,False,False,False,none
hpjedahh-1,TMA00318,False,False,False,none
hpjkloae-1,TMA00318,False,False,False,none
hpkhihfc-1,TMA00318,False,False,False,none
hpkkknfn-1,TMA00318,False,False,False,none
hpkmabno-1,TMA00318,False,False,False,none
hpkmfkfg-1,TMA00318,False,False,False,none
hpkodmbh-1,TMA00318,False,False,False,none
hpkoompl-1,TMA00318,False,False,False,none
hplbehnp-1,TMA00318,False,False,False,none
hplcaneb-1,TMA00318,False,False,False,none
hpldoepd-1,TMA00318,False,False,False,none
hpledllj-1,TMA00318,False,False,False,none
hplhggle-1,TMA00318,False,False,False,none
hplidnng-1,TMA00318,False,False,False,none
hplikoki-1,TMA00318,False,False,False,none
hpljpjfk-1,TMA00318,False,False,False,none
hpllhack-1,TMA00318,False,False,False,none
hplmfoog-1,TMA00318,False,False,False,none
hplnjhoo-1,TMA00318,False,False,False,none
hploannf-1,TMA00318,False,False,False,none
hplodfhh-1,TMA00318,False,False,False,none
hpmhgkcd-1,TMA00318,False,False,False,none
hpmojkom-1,TMA00318,False,False,False,none
hpnbnnje-1,TMA00318,False,False,False,none
hpnddmop-1,TMA00318,False,False,False,none
hpnefmcp-1,TMA00318,False,False,False,none
hpnhgpmj-1,TMA00318,False,False,False,none
hpnkggmo-1,TMA00318,False,False,False,none
hpnnjccn-1,TMA00318,False,False,False,none
hpnnmjhm-1,TMA00318,False,False,False,none
hpoaemhn-1,TMA00318,False,False,False,none
hpoeplpm-1,TMA00318,False,False,False,none
hpogpfml-1,TMA00318,False,False,False,none
hpokenji-1,TMA00318,False,False,False,none
hpooaofe-1,TMA00318,False,False,False,none
hppaiadl-1,TMA00318,False,False,False,none
hppbobka-1,TMA00318,False,False,False,none
hppcjifi-1,TMA00318,False,False,False,none
hppifkcn-1,TMA00318,False,False,False,none
hppmknlh-1,TMA00318,False,False,False,none
hpppcggc-1,TMA00318,False,False,False,none
iaafkjab-1,TMA00318,False,False,False,none
iaagocol-1,TMA00318,False,False,False,none
iabfiido-1,TMA00318,False,False,False,none
iabfphfh-1,TMA00318,False,False,False,none
iabjohdg-1,TMA00318,False,False,False,none
iacgmfaa-1,TMA00318,False,False,False,none
iachjoeo-1,TMA00318,False,False,False,none
iacodckl-1,TMA00318,False,False,False,none
iacoigen-1,TMA00318,False,False,False,none
iacpgidb-1,TMA00318,False,False,False,none
iacphknb-1,TMA00318,False,False,False,none
iadaoddp-1,TMA00318,False,False,False,none
iadcgglh-1,TMA00318,False,False,False,none
iadhggcb-1,TMA00318,False,False,False,none
iadjpjfi-1,TMA00318,False,False,False,none
iaejbbif-1,TMA00318,False,False,False,none
iaflodcg-1,TMA00318,False,False,False,none
iaipbedc-1,TMA00318,False,False,False,none
iajjhjjl-1,TMA00318,False,False,False,none
iajmknbp-1,TMA00318,False,False,False,none
iajndola-1,TMA00318,False,False,False,none
iajoggoa-1,TMA00318,False,False,False,none
iakaaffj-1,TMA00318,False,False,False,none
iakeakie-1,TMA00318,False,False,False,none
ialljbmn-1,TMA00318,False,False,False,none
iamnghci-1,TMA00318,False,False,False,none
ianekonf-1,TMA00318,False,False,False,none
ianidohd-1,TMA00318,False,False,False,none
ianjdjea-1,TMA00318,False,False,False,none
iankjeen-1,TMA00318,False,False,False,none
iannjofm-1,TMA00318,False,False,False,none
iaobifak-1,TMA00318,False,False,False,none
iaockhgl-1,TMA00318,False,False,False,none
iaokbpbf-1,TMA00318,False,False,False,none
iaolgele-1,TMA00318,False,False,False,none
ibafmeng-1,TMA00318,False,False,False,none
ibagclbi-1,TMA00318,False,False,False,none
ibamfjfa-1,TMA00318,False,False,False,none
ibaobjmf-1,TMA00318,False,False,False,none
ibbgebbc-1,TMA00318,False,False,False,none
ibbjjjcb-1,TMA00318,False,False,False,none
ibbmfboh-1,TMA00318,False,False,False,none
ibbnjhig-1,TMA00318,False,False,False,none
ibbnlnal-1,TMA00318,False,False,False,none
ibceglmd-1,TMA00318,False,False,False,none
ibcmnaai-1,TMA00318,False,False,False,none
ibdhbeah-1,TMA00318,False,False,False,none
ibdkghnj-1,TMA00318,False,False,False,none
ibdlppif-1,TMA00318,False,False,False,none
ibdneebg-1,TMA00318,False,False,False,none
ibdnhkih-1,TMA00318,False,False,False,none
ibekjjli-1,TMA00318,False,False,False,none
ibeknimp-1,TMA00318,False,False,False,none
ibenjmoa-1,TMA00318,False,False,False,none
ibfcpnko-1,TMA00318,False,False,False,none
ibfdcgho-1,TMA00318,False,False,False,none
ibfdgdcg-1,TMA00318,False,False,False,none
ibfffclo-1,TMA00318,False,False,False,none
ibfgeaoe-1,TMA00318,False,False,False,none
ibfjhbcm-1,TMA00318,False,False,False,none
ibfomgko-1,TMA00318,False,False,False,none
ibfoobkh-1,TMA00318,False,False,False,none
ibfpegfp-1,TMA00318,False,False,False,none
ibgbllpg-1,TMA00318,False,False,False,none
ibgfipjc-1,TMA00318,False,False,False,none
ibglpgoc-1,TMA00318,False,False,False,none
ibhfhdeo-1,TMA00318,False,False,False,none
ibigcdpl-1,TMA00318,False,False,False,none
ibikcclj-1,TMA00318,False,False,False,none
ibjaoife-1,TMA00318,False,False,False,none
ibjggmia-1,TMA00318,False,False,False,none
ibjhigei-1,TMA00318,False,False,False,none
ibkdocld-1,TMA00318,False,False,False,none
ibkjlmfi-1,TMA00318,False,False,False,none
ibkljapn-1,TMA00318,False,False,False,none
ibleapmm-1,TMA00318,False,False,False,none
iblggnml-1,TMA00318,False,False,False,none
iblinljh-1,TMA00318,False,False,False,none
iblkbehb-1,TMA00318,False,False,False,none
ibllalea-1,TMA00318,False,False,False,none
iblnphjk-1,TMA00318,False,False,False,none
ibmbnlbj-1,TMA00318,False,False,False,none
ibmdhifp-1,TMA00318,False,False,False,none
ibmdpepg-1,TMA00318,False,False,False,none
ibmiilkj-1,TMA00318,False,False,False,none
ibmmoolf-1,TMA00318,False,False,False,none
ibnclgbe-1,TMA00318,False,False,False,none
ibnmlgfd-1,TMA00318,False,False,False,none
iboapbpi-1,TMA00318,False,False,False,none
iboglgem-1,TMA00318,False,False,False,none
ibojhnfm-1,TMA00318,False,False,False,none
ibpengfp-1,TMA00318,False,False,False,none
ibpiknai-1,TMA00318,False,False,False,none
ibpjbgbb-1,TMA00318,False,False,False,none
ibpkgdok-1,TMA00318,False,False,False,none
icaeppbl-1,TMA00318,False,False,False,none
icaflcga-1,TMA00318,False,False,False,none
icagdffc-1,TMA00318,False,False,False,none
icahfcme-1,TMA00318,False,False,False,none
icaiaell-1,TMA00318,False,False,False,none
icaiklal-1,TMA00318,False,False,False,none
icaknpgm-1,TMA00318,False,False,False,none
icaojnne-1,TMA00318,False,False,False,none
icbckoep-1,TMA00318,False,False,False,none
icbekpnb-1,TMA00318,False,False,False,none
icbgonnc-1,TMA00318,False,False,False,none
icbidknc-1,TMA00318,False,False,False,none
icbjbpdc-1,TMA00318,False,False,False,none
iccljjke-1,TMA00318,False,False,False,none
icdkpdpa-1,TMA00318,False,False,False,none
icdnalle-1,TMA00318,False,False,False,none
icdogado-1,TMA00318,False,False,False,none
icengcde-1,TMA00318,False,False,False,none
icfbbjha-1,TMA00318,False,False,False,none
icfdgjai-1,TMA00318,False,False,False,none
icfdnibi-1,TMA00318,False,False,False,none
icgabplj-1,TMA00318,False,False,False,none
icgadljg-1,TMA00318,False,False,False,none
icgaoide-1,TMA00318,False,False,False,none
icgbifpg-1,TMA00318,False,False,False,none
icghpmpo-1,TMA00318,False,False,False,none
icglifld-1,TMA00318,False,False,False,none
icgndboc-1,TMA00318,False,False,False,none
ichbpndk-1,TMA00318,False,False,False,none
ichdhbde-1,TMA00318,False,False,False,none
ichgbpoo-1,TMA00318,False,False,False,none
ichgccgo-1,TMA00318,False,False,False,none
ichjmpic-1,TMA00318,False,False,False,none
ichkpdcn-1,TMA00318,False,False,False,none
ichmllgg-1,TMA00318,False,False,False,none
ichnndip-1,TMA00318,False,False,False,none
icibblbl-1,TMA00318,False,False,False,none
icicdjlp-1,TMA00318,False,False,False,none
iciejejh-1,TMA00318,False,False,False,none
icihgafm-1,TMA00318,False,False,False,none
icijpfdp-1,TMA00318,False,False,False,none
icilcoek-1,TMA00318,False,False,False,none
icjcoiie-1,TMA00318,False,False,False,none
icjdppei-1,TMA00318,False,False,False,none
icjhnaol-1,TMA00318,False,False,False,none
icjhnepb-1,TMA00318,False,False,False,none
icjjkojn-1,TMA00318,False,False,False,none
icjnfcdo-1,TMA00318,False,False,False,none
ickagmpp-1,TMA00318,False,False,False,none
ickbnnae-1,TMA00318,False,False,False,none
ickbnnfj-1,TMA00318,False,False,False,none
ickegnpa-1,TMA00318,False,False,False,none
ickgdcmn-1,TMA00318,False,False,False,none
ickmigna-1,TMA00318,False,False,False,none
icknihgb-1,TMA00318,False,False,False,none
ickodgck-1,TMA00318,False,False,False,none
iclmeaok-1,TMA00318,False,False,False,none
icmcnkjd-1,TMA00318,False,False,False,none
icmflpni-1,TMA00318,False,False,False,none
icmgbhhg-1,TMA00318,False,False,False,none
icmihlfd-1,TMA00318,False,False,False,none
icmkplab-1,TMA00318,False,False,False,none
icmldhcd-1,TMA00318,False,False,False,none
icmlipam-1,TMA00318,False,False,False,none
icmmaiii-1,TMA00318,False,False,False,none
icmoomob-1,TMA00318,False,False,False,none
icmpaelj-1,TMA00318,False,False,False,none
icmpffgb-1,TMA00318,False,False,False,none
icnlfpbm-1,TMA00318,False,False,False,none
icnlhngn-1,TMA00318,False,False,False,none
icnmamnd-1,TMA00318,False,False,False,none
icnnelfk-1,TMA00318,False,False,False,none
icnnikfj-1,TMA00318,False,False,False,none
icnodnfn-1,TMA00318,False,False,False,none
icochbbg-1,TMA00318,False,False,False,none
icocpijf-1,TMA00318,False,False,False,none
icofegjb-1,TMA00318,False,False,False,none
icokbegp-1,TMA00318,False,False,False,none
icokodlo-1,TMA00318,False,False,False,none
icomebok-1,TMA00318,False,False,False,none
iconmljj-1,TMA00318,False,False,False,none
iconpgla-1,TMA00318,False,False,False,none
icpbcjad-1,TMA00318,False,False,False,none
icpendld-1,TMA00318,False,False,False,none
icpjdibb-1,TMA00318,False,False,False,none
icpkgmpf-1,TMA00318,False,False,False,none
idadpojp-1,TMA00318,False,False,False,none
idaecdho-1,TMA00318,False,False,False,none
idaonkal-1,TMA00318,False,False,False,none
idapmfei-1,TMA00318,False,False,False,none
idbccjmb-1,TMA00318,False,False,False,none
idbfljoc-1,TMA00318,False,False,False,none
idcbnkkc-1,TMA00318,False,False,False,none
idcicljd-1,TMA00318,False,False,False,none
idcmoamj-1,TMA00318,False,False,False,none
idcophkg-1,TMA00318,False,False,False,none
iddccikn-1,TMA00318,False,False,False,none
idddoaja-1,TMA00318,False,False,False,none
iddhgbhl-1,TMA00318,False,False,False,none
iddiecbe-1,TMA00318,False,False,False,none
iddjbepl-1,TMA00318,False,False,False,none
iddkdbcd-1,TMA00318,False,False,False,none
iddpakpi-1,TMA00318,False,False,False,none
idealfin-1,TMA00318,False,False,False,none
idedmbhb-1,TMA00318,False,False,False,none
idegbmcb-1,TMA00318,False,False,False,none
idfekaod-1,TMA00318,False,False,False,none
idfghlgd-1,TMA00318,False,False,False,none
idfjejea-1,TMA00318,False,False,False,none
idfmikok-1,TMA00318,False,False,False,none
idgadofn-1,TMA00318,False,False,False,none
idgcdndn-1,TMA00318,False,False,False,none
idggkkkl-1,TMA00318,False,False,False,none
idgibnfd-1,TMA00318,False,False,False,none
idglbmnd-1,TMA00318,False,False,False,none
idgllnck-1,TMA00318,False,False,False,none
idgnmame-1,TMA00318,False,False,False,none
idgoegla-1,TMA00318,False,False,False,none
idgokbel-1,TMA00318,False,False,False,none
idgpblep-1,TMA00318,False,False,False,none
idgpgclm-1,TMA00318,False,False,False,none
idgpgpdf-1,TMA00318,False,False,False,none
idheaaaf-1,TMA00318,False,False,False,none
idhhmfjc-1,TMA00318,False,False,False,none
idiejbdl-1,TMA00318,False,False,False,none
idinmdhh-1,TMA00318,False,False,False,none
idjebhkf-1,TMA00318,False,False,False,none
idjijhim-1,TMA00318,False,False,False,none
idjioaik-1,TMA00318,False,False,False,none
idjmkebd-1,TMA00318,False,False,False,none
idjmpdio-1,TMA00318,False,False,False,none
idkalbdd-1,TMA00318,False,False,False,none
idkfkjgi-1,TMA00318,False,False,False,none
idkhhklo-1,TMA00318,False,False,False,none
idkhkejp-1,TMA00318,False,False,False,none
idkikmae-1,TMA00318,False,False,False,none
idknjpfn-1,TMA00318,False,False,False,none
idlaecpj-1,TMA00318,False,False,False,none
idlambmg-1,TMA00318,False,False,False,none
idlcoopl-1,TMA00318,False,False,False,none
idmjefjg-1,TMA00318,False,False,False,none
idmojncb-1,TMA00318,False,False,False,none
idmpgflg-1,TMA00318,False,False,False,none
idmpingg-1,TMA00318,False,False,False,none
idnhedll-1,TMA00318,False,False,False,none
idnjhhic-1,TMA00318,False,False,False,none
idnkonib-1,TMA00318,False,False,False,none
idnohaek-1,TMA00318,False,False,False,none
idobfano-1,TMA00318,False,False,False,none
idogiajn-1,TMA00318,False,False,False,none
idoimlab-1,TMA00318,False,False,False,none
idondlhe-1,TMA00318,False,False,False,none
idonobic-1,TMA00318,False,False,False,none
idpakgma-1,TMA00318,False,False,False,none
idpanipl-1,TMA00318,False,False,False,none
idpdpkod-1,TMA00318,False,False,False,none
idpgockc-1,TMA00318,False,False,False,none
idpheekh-1,TMA00318,False,False,False,none
idpkeoce-1,TMA00318,False,False,False,none
idpkkaba-1,TMA00318,False,False,False,none
idpmakdd-1,TMA00318,False,False,False,none
idpmekmg-1,TMA00318,False,False,False,none
idpmpdaj-1,TMA00318,False,False,False,none
ieacgdjh-1,TMA00318,False,False,False,none
ieaenbji-1,TMA00318,False,False,False,none
ieahnhdl-1,TMA00318,False,False,False,none
iebalkcn-1,TMA00318,False,False,False,none
iebjieof-1,TMA00318,False,False,False,none
iebjoiei-1,TMA00318,False,False,False,none
iebmgkee-1,TMA00318,False,False,False,none
iebopjpp-1,TMA00318,False,False,False,none
iecendoi-1,TMA00318,False,False,False,none
ieclknjg-1,TMA00318,False,False,False,none
iecnoiko-1,TMA00318,False,False,False,none
iedaehnj-1,TMA00318,False,False,False,none
iedcblha-1,TMA00318,False,False,False,none
iedcmbah-1,TMA00318,False,False,False,none
iedmgfen-1,TMA00318,False,False,False,none
iedmoobc-1,TMA00318,False,False,False,none
iedofpmp-1,TMA00318,False,False,False,none
ieebplkd-1,TMA00318,False,False,False,none
ieefplbm-1,TMA00318,False,False,False,none
ieejjbpi-1,TMA00318,False,False,False,none
ieekfnna-1,TMA00318,False,False,False,none
iefcpbmk-1,TMA00318,False,False,False,none
iefgdlon-1,TMA00318,False,False,False,none
iefghoof-1,TMA00318,False,False,False,none
iefiaobk-1,TMA00318,False,False,False,none
iefmiecj-1,TMA00318,False,False,False,none
iefpabem-1,TMA00318,False,False,False,none
iegfkdic-1,TMA00318,False,False,False,none
ieghcigi-1,TMA00318,False,False,False,none
iegomcgm-1,TMA00318,False,False,False,none
iegplile-1,TMA00318,False,False,False,none
iehggpdh-1,TMA00318,False,False,False,none
iehlhnen-1,TMA00318,False,False,False,none
iehnjpen-1,TMA00318,False,False,False,none
ieiaabif-1,TMA00318,False,False,False,none
ieilhnek-1,TMA00318,False,False,False,none
iejcldjd-1,TMA00318,False,False,False,none
iejhdkjn-1,TMA00318,False,False,False,none
iejjemcb-1,TMA00318,False,False,False,none
iejnmjhj-1,TMA00318,False,False,False,none
iekcdbfo-1,TMA00318,False,False,False,none
iekcjkkp-1,TMA00318,False,False,False,none
iekekafj-1,TMA00318,False,False,False,none
iekfpibk-1,TMA00318,False,False,False,none
iekkjhin-1,TMA00318,False,False,False,none
ielaaofh-1,TMA00318,False,False,False,none
ielaphoh-1,TMA00318,False,False,False,none
ieldkhhh-1,TMA00318,False,False,False,none
ielemogl-1,TMA00318,False,False,False,none
ielfhapn-1,TMA00318,False,False,False,none
ielhiene-1,TMA00318,False,False,False,none
ielidbpo-1,TMA00318,False,False,False,none
ielplcjc-1,TMA00318,False,False,False,none
iemagfga-1,TMA00318,False,False,False,none
iemilbdi-1,TMA00318,False,False,False,none
iemjgpli-1,TMA00318,False,False,False,none
iemjlnlm-1,TMA00318,False,False,False,none
ienbpbon-1,TMA00318,False,False,False,none
iencpcco-1,TMA00318,False,False,False,none
ienijhkl-1,TMA00318,False,False,False,none
iennfhnk-1,TMA00318,False,False,False,none
ienohomk-1,TMA00318,False,False,False,none
ienpdhnh-1,TMA00318,False,False,False,none
ieoafomh-1,TMA00318,False,False,False,none
ieocdgbn-1,TMA00318,False,False,False,none
ieocflbk-1,TMA00318,False,False,False,none
ieocklcn-1,TMA00318,False,False,False,none
ieoclphl-1,TMA00318,False,False,False,none
ieoecnik-1,TMA00318,False,False,False,none
ieofdbdd-1,TMA00318,False,False,False,none
ieofepji-1,TMA00318,False,False,False,none
ieogjhef-1,TMA00318,False,False,False,none
ieoicoho-1,TMA00318,False,False,False,none
ieoigjjn-1,TMA00318,False,False,False,none
iephkhpo-1,TMA00318,False,False,False,none
iephoemh-1,TMA00318,False,False,False,none
iepkaaoi-1,TMA00318,False,False,False,none
iepmekoc-1,TMA00318,False,False,False,none
iepndomc-1,TMA00318,False,False,False,none
ieppbokh-1,TMA00318,False,False,False,none
iepppbbm-1,TMA00318,False,False,False,none
ifaeobnc-1,TMA00318,False,False,False,none
ifajglgn-1,TMA00318,False,False,False,none
ifannnaf-1,TMA00318,False,False,False,none
ifbabilb-1,TMA00318,False,False,False,none
ifbcdcnb-1,TMA00318,False,False,False,none
ifbmflmk-1,TMA00318,False,False,False,none
ifcafhod-1,TMA00318,False,False,False,none
ifcbbbgd-1,TMA00318,False,False,False,none
ifchkfbi-1,TMA00318,False,False,False,none
ifcnlajd-1,TMA00318,False,False,False,none
ifcpijla-1,TMA00318,False,False,False,none
ifddjcdh-1,TMA00318,False,False,False,none
ifddphfg-1,TMA00318,False,False,False,none
ifdfmine-1,TMA00318,False,False,False,none
ifdkkabm-1,TMA00318,False,False,False,none
ifdkppid-1,TMA00318,False,False,False,none
ifdlhkfd-1,TMA00318,False,False,False,none
ifdmhcai-1,TMA00318,False,False,False,none
ifdmpdmp-1,TMA00318,False,False,False,none
ifdngelb-1,TMA00318,False,False,False,none
ifeaaedo-1,TMA00318,False,False,False,none
ifeenddp-1,TMA00318,False,False,False,none
ifeobcdk-1,TMA00318,False,False,False,none
iffgeego-1,TMA00318,False,False,False,none
iffjaccn-1,TMA00318,False,False,False,none
ifgckile-1,TMA00318,False,False,False,none
ifggklkk-1,TMA00318,False,False,False,none
ifgkchje-1,TMA00318,False,False,False,none
ifgpmfem-1,TMA00318,False,False,False,none
ifhecomb-1,TMA00318,False,False,False,none
ifhkaknf-1,TMA00318,False,False,False,none
ifiadbgb-1,TMA00318,False,False,False,none
ificabma-1,TMA00318,False,False,False,none
ifiddeom-1,TMA00318,False,False,False,none
ifieflnc-1,TMA00318,False,False,False,none
ifioohdb-1,TMA00318,False,False,False,none
ifjhhcbk-1,TMA00318,False,False,False,none
ifjjlenc-1,TMA00318,False,False,False,none
ifjndafc-1,TMA00318,False,False,False,none
ifjnllak-1,TMA00318,False,False,False,none
ifjogkkn-1,TMA00318,False,False,False,none
ifjpgdpb-1,TMA00318,False,False,False,none
ifkaedhl-1,TMA00318,False,False,False,none
ifkdbnfg-1,TMA00318,False,False,False,none
ifkmhpkm-1,TMA00318,False,False,False,none
ifkmijfd-1,TMA00318,False,False,False,none
ifkmobkg-1,TMA00318,False,False,False,none
ifkpoepf-1,TMA00318,False,False,False,none
ifldhilc-1,TMA00318,False,False,False,none
iflffdka-1,TMA00318,False,False,False,none
iflfkjjg-1,TMA00318,False,False,False,none
iflingdi-1,TMA00318,False,False,False,none
iflknbek-1,TMA00318,False,False,False,none
ifllnmmj-1,TMA00318,False,False,False,none
ifmdlclg-1,TMA00318,False,False,False,none
ifndhoaf-1,TMA00318,False,False,False,none
ifngacln-1,TMA00318,False,False,False,none
ifnnkoph-1,TMA00318,False,False,False,none
ifnohepj-1,TMA00318,False,False,False,none
ifonoleo-1,TMA00318,False,False,False,none
ifpeinlf-1,TMA00318,False,False,False,none
ifpmiipe-1,TMA00318,False,False,False,none
ifpoahig-1,TMA00318,False,False,False,none
igaaabbj-1,TMA00318,False,False,False,none
igabnclj-1,TMA00318,False,False,False,none
igacnafe-1,TMA00318,False,False,False,none
igadhpfi-1,TMA00318,False,False,False,none
igafajnh-1,TMA00318,False,False,False,none
igallijn-1,TMA00318,False,False,False,none
iganppkf-1,TMA00318,False,False,False,none
igbmnjfd-1,TMA00318,False,False,False,none
igceopea-1,TMA00318,False,False,False,none
igcgnbaj-1,TMA00318,False,False,False,none
igcipibl-1,TMA00318,False,False,False,none
igcipnod-1,TMA00318,False,False,False,none
igcnkpkk-1,TMA00318,False,False,False,none
igcohghj-1,TMA00318,False,False,False,none
igcpjhcf-1,TMA00318,False,False,False,none
igcpnkik-1,TMA00318,False,False,False,none
igdamlbd-1,TMA00318,False,False,False,none
igdfoblg-1,TMA00318,False,False,False,none
igdgemlf-1,TMA00318,False,False,False,none
igdggbpp-1,TMA00318,False,False,False,none
igdginbl-1,TMA00318,False,False,False,none
igdgjnmj-1,TMA00318,False,False,False,none
igdkckjp-1,TMA00318,False,False,False,none
igdkmige-1,TMA00318,False,False,False,none
igejjicc-1,TMA00318,False,False,False,none
igekioki-1,TMA00318,False,False,False,none
igemjclm-1,TMA00318,False,False,False,none
igepphlc-1,TMA00318,False,False,False,none
igfagofl-1,TMA00318,False,False,False,none
igfebggj-1,TMA00318,False,False,False,none
igfiaodo-1,TMA00318,False,False,False,none
igfinaeg-1,TMA00318,False,False,False,none
igfjnfgk-1,TMA00318,False,False,False,none
igfpfchp-1,TMA00318,False,False,False,none
iggbailb-1,TMA00318,False,False,False,none
iggbbgeh-1,TMA00318,False,False,False,none
iggfjdbn-1,TMA00318,False,False,False,none
iggmopma-1,TMA00318,False,False,False,none
iggnlkjo-1,TMA00318,False,False,False,none
ighkdbem-1,TMA00318,False,False,False,none
ighlbklk-1,TMA00318,False,False,False,none
ighojafb-1,TMA00318,False,False,False,none
ighoofkm-1,TMA00318,False,False,False,none
ighpngpl-1,TMA00318,False,False,False,none
igicoldf-1,TMA00318,False,False,False,none
igijdghc-1,TMA00318,False,False,False,none
igildebn-1,TMA00318,False,False,False,none
igjcmigd-1,TMA00318,False,False,False,none
igjdbckk-1,TMA00318,False,False,False,none
igjnaoki-1,TMA00318,False,False,False,none
igkehidp-1,TMA00318,False,False,False,none
igkemook-1,TMA00318,False,False,False,none
igkepcbg-1,TMA00318,False,False,False,none
igkhbibn-1,TMA00318,False,False,False,none
igkjemcg-1,TMA00318,False,False,False,none
igkjgmeb-1,TMA00318,False,False,False,none
igklbimi-1,TMA00318,False,False,False,none
igkmebib-1,TMA00318,False,False,False,none
iglannio-1,TMA00318,False,False,False,none
iglbhjmp-1,TMA00318,False,False,False,none
iglceihl-1,TMA00318,False,False,False,none
iglmilha-1,TMA00318,False,False,False,none
iglmjidd-1,TMA00318,False,False,False,none
igmglomp-1,TMA00318,False,False,False,none
igmllodn-1,TMA00318,False,False,False,none
igmmdcbn-1,TMA00318,False,False,False,none
igmmnecb-1,TMA00318,False,False,False,none
igmofoah-1,TMA00318,False,False,False,none
ignblobe-1,TMA00318,False,False,False,none
ignlmaod-1,TMA00318,False,False,False,none
igoomfhf-1,TMA00318,False,False,False,none
igpdjipe-1,TMA00318,False,False,False,none
igpfhlap-1,TMA00318,False,False,False,none
igpfkjfn-1,TMA00318,False,False,False,none
igpkhial-1,TMA00318,False,False,False,none
ihaafphi-1,TMA00318,False,False,False,none
ihaccpoa-1,TMA00318,False,False,False,none
ihaiblfd-1,TMA00318,False,False,False,none
ihaikkgl-1,TMA00318,False,False,False,none
ihakpide-1,TMA00318,False,False,False,none
ihamaiek-1,TMA00318,False,False,False,none
ihamoplc-1,TMA00318,False,False,False,none
ihaneaoc-1,TMA00318,False,False,False,none
ihaolcop-1,TMA00318,False,False,False,none
ihbdhkhd-1,TMA00318,False,False,False,none
ihbfmojn-1,TMA00318,False,False,False,none
ihbgidpd-1,TMA00318,False,False,False,none
ihbijgfp-1,TMA00318,False,False,False,none
ihblnhab-1,TMA00318,False,False,False,none
ihbmmpja-1,TMA00318,False,False,False,none
ihcbgcmd-1,TMA00318,False,False,False,none
ihceblaa-1,TMA00318,False,False,False,none
ihcggjhc-1,TMA00318,False,False,False,none
ihciofjb-1,TMA00318,False,False,False,none
ihckmdpf-1,TMA00318,False,False,False,none
ihcpljhk-1,TMA00318,False,False,False,none
ihdfoplc-1,TMA00318,False,False,False,none
iheccmfe-1,TMA00318,False,False,False,none
ihegiklg-1,TMA00318,False,False,False,none
iheibjeo-1,TMA00318,False,False,False,none
ihfakleh-1,TMA00318,False,False,False,none
ihfdadim-1,TMA00318,False,False,False,none
ihfemflm-1,TMA00318,False,False,False,none
ihfkfnjb-1,TMA00318,False,False,False,none
ihfoapjl-1,TMA00318,False,False,False,none
ihgihghg-1,TMA00318,False,False,False,none
ihgiilbj-1,TMA00318,False,False,False,none
ihglobfo-1,TMA00318,False,False,False,none
ihgmajdl-1,TMA00318,False,False,False,none
ihhaohhj-1,TMA00318,False,False,False,none
ihhbaofa-1,TMA00318,False,False,False,none
ihicaefa-1,TMA00318,False,False,False,none
ihieejka-1,TMA00318,False,False,False,none
ihikmnno-1,TMA00318,False,False,False,none
ihikollg-1,TMA00318,False,False,False,none
ihinknpd-1,TMA00318,False,False,False,none
ihjbhbkn-1,TMA00318,False,False,False,none
ihjefeeg-1,TMA00318,False,False,False,none
ihjpoodh-1,TMA00318,False,False,False,none
ihkabmmm-1,TMA00318,False,False,False,none
ihkecjoh-1,TMA00318,False,False,False,none
ihkmndoi-1,TMA00318,False,False,False,none
ihlfbonf-1,TMA00318,False,False,False,none
ihmckhoc-1,TMA00318,False,False,False,none
ihmmikak-1,TMA00318,False,False,False,none
ihnamihh-1,TMA00318,False,False,False,none
ihpkoiac-1,TMA00318,False,False,False,none
iiabdenp-1,TMA00318,False,False,False,none
iiacepma-1,TMA00318,False,False,False,none
iiaeadpo-1,TMA00318,False,False,False,none
iiaeoiai-1,TMA00318,False,False,False,none
iiaibbgo-1,TMA00318,False,False,False,none
iialaaod-1,TMA00318,False,False,False,none
iibecbpm-1,TMA00318,False,False,False,none
iibgpboo-1,TMA00318,False,False,False,none
iibigpdh-1,TMA00318,False,False,False,none
iibihopj-1,TMA00318,False,False,False,none
iibkjkcl-1,TMA00318,False,False,False,none
iibmnolf-1,TMA00318,False,False,False,none
iibnkalm-1,TMA00318,False,False,False,none
iibpclog-1,TMA00318,False,False,False,none
iicejbgh-1,TMA00318,False,False,False,none
iiciiadg-1,TMA00318,False,False,False,none
iidcpnge-1,TMA00318,False,False,False,none
iidfnkne-1,TMA00318,False,False,False,none
iidimjej-1,TMA00318,False,False,False,none
iidjlmmo-1,TMA00318,False,False,False,none
iidpgeee-1,TMA00318,False,False,False,none
iieichbm-1,TMA00318,False,False,False,none
iifccgob-1,TMA00318,False,False,False,none
iigfcmij-1,TMA00318,False,False,False,none
iiihppbo-1,TMA00318,False,False,False,none
iijlneoo-1,TMA00318,False,False,False,none
iikdhbgi-1,TMA00318,False,False,False,none
iikidige-1,TMA00318,False,False,False,none
iindbnhb-1,TMA00318,False,False,False,none
iinfbkke-1,TMA00318,False,False,False,none
iinihnjk-1,TMA00318,False,False,False,none
iiocnpld-1,TMA00318,False,False,False,none
iioeonck-1,TMA00318,False,False,False,none
iiphjjbg-1,TMA00318,False,False,False,none
ijachpic-1,TMA00318,False,False,False,none
ijadambe-1,TMA00318,False,False,False,none
ijadehhe-1,TMA00318,False,False,False,none
ijbbcegj-1,TMA00318,False,False,False,none
ijbddomj-1,TMA00318,False,False,False,none
ijbdhdgo-1,TMA00318,False,False,False,none
ijbfapjo-1,TMA00318,False,False,False,none
ijbgaban-1,TMA00318,False,False,False,none
ijbgiiaa-1,TMA00318,False,False,False,none
ijbinjpd-1,TMA00318,False,False,False,none
ijbkoanf-1,TMA00318,False,False,False,none
ijboembm-1,TMA00318,False,False,False,none
ijbpahni-1,TMA00318,False,False,False,none
ijdeemdj-1,TMA00318,False,False,False,none
ijdelgcj-1,TMA00318,False,False,False,none
ijdnmkmp-1,TMA00318,False,False,False,none
ijdpghpf-1,TMA00318,False,False,False,none
ijejigep-1,TMA00318,False,False,False,none
ijelelnm-1,TMA00318,False,False,False,none
ijempmff-1,TMA00318,False,False,False,none
ijepolki-1,TMA00318,False,False,False,none
ijgfckno-1,TMA00318,False,False,False,none
ijgogadl-1,TMA00318,False,False,False,none
ijhimfpm-1,TMA00318,False,False,False,none
ijhoieii-1,TMA00318,False,False,False,none
ijigajan-1,TMA00318,False,False,False,none
ijikdeom-1,TMA00318,False,False,False,none
ijinaenp-1,TMA00318,False,False,False,none
ijjcblnj-1,TMA00318,False,False,False,none
ijjdgcap-1,TMA00318,False,False,False,none
ijjedfho-1,TMA00318,False,False,False,none
ijjkfhgo-1,TMA00318,False,False,False,none
ijkgjldh-1,TMA00318,False,False,False,none
ijkmjijp-1,TMA00318,False,False,False,none
ijlclpbd-1,TMA00318,False,False,False,none
ijlibehl-1,TMA00318,False,False,False,none
ijljpcaf-1,TMA00318,False,False,False,none
ijllfgig-1,TMA00318,False,False,False,none
ijmepoop-1,TMA00318,False,False,False,none
ijmjiici-1,TMA00318,False,False,False,none
ijnphini-1,TMA00318,False,False,False,none
ijoclpob-1,TMA00318,False,False,False,none
ijoeoopg-1,TMA00318,False,False,False,none
ijogmmnj-1,TMA00318,False,False,False,none
ijohjghc-1,TMA00318,False,False,False,none
ijpekkmg-1,TMA00318,False,False,False,none
ijpggacl-1,TMA00318,False,False,False,none
ijphgkjj-1,TMA00318,False,False,False,none
ikacaijc-1,TMA00318,False,False,False,none
ikackejl-1,TMA00318,False,False,False,none
ikadomlj-1,TMA00318,False,False,False,none
ikaepled-1,TMA00318,False,False,False,none
ikamgjcj-1,TMA00318,False,False,False,none
ikbaghpj-1,TMA00318,False,False,False,none
ikbbbjda-1,TMA00318,False,False,False,none
ikbfcmmg-1,TMA00318,False,False,False,none
ikbnnfgc-1,TMA00318,False,False,False,none
ikbopdem-1,TMA00318,False,False,False,none
ikbpgbgj-1,TMA00318,False,False,False,none
ikbphcjd-1,TMA00318,False,False,False,none
ikcfhhhk-1,TMA00318,False,False,False,none
ikchdhnd-1,TMA00318,False,False,False,none
ikcijbig-1,TMA00318,False,False,False,none
ikckdpla-1,TMA00318,False,False,False,none
ikclmgjb-1,TMA00318,False,False,False,none
ikdcdgom-1,TMA00318,False,False,False,none
ikdeoigf-1,TMA00318,False,False,False,none
ikdfogfd-1,TMA00318,False,False,False,none
ikdgcfdn-1,TMA00318,False,False,False,none
ikdjicmc-1,TMA00318,False,False,False,none
ikdlddkf-1,TMA00318,False,False,False,none
ikdldjgd-1,TMA00318,False,False,False,none
ikdmokjl-1,TMA00318,False,False,False,none
ikeahklb-1,TMA00318,False,False,False,none
ikebhjkp-1,TMA00318,False,False,False,none
ikegodel-1,TMA00318,False,False,False,none
ikepddom-1,TMA00318,False,False,False,none
ikepnphk-1,TMA00318,False,False,False,none
ikfinani-1,TMA00318,False,False,False,none
ikfnplbf-1,TMA00318,False,False,False,none
ikgbebeg-1,TMA00318,False,False,False,none
ikgdahgb-1,TMA00318,False,False,False,none
ikgmlffm-1,TMA00318,False,False,False,none
ikgnhmgp-1,TMA00318,False,False,False,none
ikgpaepm-1,TMA00318,False,False,False,none
ikgphdhe-1,TMA00318,False,False,False,none
ikhamgma-1,TMA00318,False,False,False,none
ikhcdmhi-1,TMA00318,False,False,False,none
ikhiddbl-1,TMA00318,False,False,False,none
ikicacbb-1,TMA00318,False,False,False,none
ikigbmhb-1,TMA00318,False,False,False,none
ikijildj-1,TMA00318,False,False,False,none
ikikbgdm-1,TMA00318,False,False,False,none
ikilhcbj-1,TMA00318,False,False,False,none
ikjemhaf-1,TMA00318,False,False,False,none
ikjfidgi-1,TMA00318,False,False,False,none
ikjjjmmn-1,TMA00318,False,False,False,none
ikkdnmop-1,TMA00318,False,False,False,none
ikkhhcji-1,TMA00318,False,False,False,none
ikkkmjpp-1,TMA00318,False,False,False,none
iklcfmfl-1,TMA00318,False,False,False,none
iklddjgm-1,TMA00318,False,False,False,none
ikldkehk-1,TMA00318,False,False,False,none
ikleniog-1,TMA00318,False,False,False,none
iklhfneg-1,TMA00318,False,False,False,none
ikmleoel-1,TMA00318,False,False,False,none
ikmodjga-1,TMA00318,False,False,False,none
ikpjanek-1,TMA00318,False,False,False,none
ilaacpgl-1,TMA00318,False,False,False,none
ilacfkih-1,TMA00318,False,False,False,none
ilaginda-1,TMA00318,False,False,False,none
ilajlnfj-1,TMA00318,False,False,False,none
ilajnjoh-1,TMA00318,False,False,False,none
ilapklic-1,TMA00318,False,False,False,none
ilbcjbkh-1,TMA00318,False,False,False,none
ilbhippj-1,TMA00318,False,False,False,none
ilbhlgpp-1,TMA00318,False,False,False,none
ilbienmf-1,TMA00318,False,False,False,none
ilbpdkdg-1,TMA00318,False,False,False,none
ilcbakfn-1,TMA00318,False,False,False,none
ilcbpgfd-1,TMA00318,False,False,False,none
ilcffgbk-1,TMA00318,False,False,False,none
ilcfoaib-1,TMA00318,False,False,False,none
ilchbbmi-1,TMA00318,False,False,False,none
ilcjieal-1,TMA00318,False,False,False,none
ilckleof-1,TMA00318,False,False,False,none
ilcnffbl-1,TMA00318,False,False,False,none
ildcpkoj-1,TMA00318,False,False,False,none
ildfdngm-1,TMA00318,False,False,False,none
ildjnhlo-1,TMA00318,False,False,False,none
ildmkmdn-1,TMA00318,False,False,False,none
ileackpa-1,TMA00318,False,False,False,none
iledncjf-1,TMA00318,False,False,False,none
ilemikgd-1,TMA00318,False,False,False,none
ilfainjo-1,TMA00318,False,False,False,none
ilfhobga-1,TMA00318,False,False,False,none
ilfjppmj-1,TMA00318,False,False,False,none
ilgeafoc-1,TMA00318,False,False,False,none
ilgmecfl-1,TMA00318,False,False,False,none
ilgnlbck-1,TMA00318,False,False,False,none
ilgodkgl-1,TMA00318,False,False,False,none
ilhbfepd-1,TMA00318,False,False,False,none
ilhebkcl-1,TMA00318,False,False,False,none
ilhfcmjp-1,TMA00318,True,False,False,EGFP_Seq1_hi
ilhfnfao-1,TMA00318,False,False,False,none
ilhlfpek-1,TMA00318,False,False,False,none
ilhnfpci-1,TMA00318,False,False,False,none
ilihnkba-1,TMA00318,False,False,False,none
ilijcdhg-1,TMA00318,False,False,False,none
ilinbcfo-1,TMA00318,False,False,False,none
ilioacfg-1,TMA00318,False,False,False,none
iljecdbc-1,TMA00318,False,False,False,none
iljfkibc-1,TMA00318,False,False,False,none
iljimanj-1,TMA00318,False,False,False,none
iljjiakh-1,TMA00318,False,False,False,none
iljjpfbm-1,TMA00318,False,False,False,none
ilkelhka-1,TMA00318,False,False,False,none
ilkfdkji-1,TMA00318,False,False,False,none
ilkgmcok-1,TMA00318,False,False,False,none
ilkiipck-1,TMA00318,False,False,False,none
ilkldfkf-1,TMA00318,False,False,False,none
ilmaenla-1,TMA00318,False,False,False,none
ilmccjnj-1,TMA00318,False,False,False,none
ilmfkomd-1,TMA00318,False,False,False,none
ilmgfopm-1,TMA00318,False,False,False,none
ilmhfcgi-1,TMA00318,False,False,False,none
ilmidgnd-1,TMA00318,False,False,False,none
ilmiilnj-1,TMA00318,False,False,False,none
ilmilfpk-1,TMA00318,False,False,False,none
ilmjlmnh-1,TMA00318,False,False,False,none
ilmkkojd-1,TMA00318,False,False,False,none
ilmlpkoo-1,TMA00318,False,False,False,none
ilmmblnb-1,TMA00318,False,False,False,none
ilmngmhn-1,TMA00318,False,False,False,none
ilmpbjic-1,TMA00318,False,False,False,none
ilnhgphf-1,TMA00318,False,False,False,none
ilnjmchm-1,TMA00318,False,False,False,none
ilnkogan-1,TMA00318,False,False,False,none
ilnlpgkg-1,TMA00318,False,False,False,none
ilnmageo-1,TMA00318,False,False,False,none
ilobhfga-1,TMA00318,False,False,False,none
ilodipef-1,TMA00318,False,False,False,none
ilofefdg-1,TMA00318,False,False,False,none
ilofmpjc-1,TMA00318,False,False,False,none
ilohfgmg-1,TMA00318,False,False,False,none
ilomonbf-1,TMA00318,False,False,False,none
ilpehlmm-1,TMA00318,False,False,False,none
ilpeoiln-1,TMA00318,False,False,False,none
ilpieepc-1,TMA00318,False,False,False,none
ilpkddpk-1,TMA00318,False,False,False,none
ilpopkim-1,TMA00318,False,False,False,none
imaaepnf-1,TMA00318,False,False,False,none
imadhiig-1,TMA00318,False,False,False,none
imanmdpf-1,TMA00318,False,False,False,none
imbappeh-1,TMA00318,False,False,False,none
imbbigii-1,TMA00318,False,False,False,none
imbgfpad-1,TMA00318,False,False,False,none
imbiigok-1,TMA00318,False,False,False,none
imbjeedc-1,TMA00318,False,False,False,none
imbnkbcd-1,TMA00318,False,False,False,none
imcdpack-1,TMA00318,False,False,False,none
imcfjnng-1,TMA00318,False,False,False,none
imchapch-1,TMA00318,False,False,False,none
imcifkhm-1,TMA00318,False,False,False,none
imclacoi-1,TMA00318,False,False,False,none
imcllbmk-1,TMA00318,False,False,False,none
imcmapgl-1,TMA00318,False,False,False,none
imcnnebg-1,TMA00318,False,False,False,none
imcpoedg-1,TMA00318,False,False,False,none
imdchmgm-1,TMA00318,False,False,False,none
imddacbe-1,TMA00318,False,False,False,none
imdehcon-1,TMA00318,False,False,False,none
imdlklfd-1,TMA00318,False,False,False,none
imdmcoea-1,TMA00318,False,False,False,none
imdpfmch-1,TMA00318,False,False,False,none
imeacjaf-1,TMA00318,False,False,False,none
imejbflk-1,TMA00318,False,False,False,none
imelkllj-1,TMA00318,False,False,False,none
imelmnbp-1,TMA00318,False,False,False,none
imemgdgk-1,TMA00318,False,False,False,none
imenegaa-1,TMA00318,False,False,False,none
imennmbc-1,TMA00318,False,False,False,none
imepdcmo-1,TMA00318,False,False,False,none
imffcejg-1,TMA00318,False,False,False,none
imfhbeih-1,TMA00318,False,False,False,none
imfjmedf-1,TMA00318,False,False,False,none
imfodhbi-1,TMA00318,False,False,False,none
imfonojm-1,TMA00318,False,False,False,none
imgjlenj-1,TMA00318,False,False,False,none
imgkfpfo-1,TMA00318,False,False,False,none
imgmobhe-1,TMA00318,False,False,False,none
imhcpnac-1,TMA00318,False,False,False,none
imhjhnbp-1,TMA00318,False,False,False,none
imhnnioh-1,TMA00318,False,False,False,none
imhpkpei-1,TMA00318,False,False,False,none
imiemfgd-1,TMA00318,False,False,False,none
imihlaho-1,TMA00318,False,False,False,none
imiklieg-1,TMA00318,False,False,False,none
imioghdl-1,TMA00318,False,False,False,none
imipfpdn-1,TMA00318,True,False,False,EGFP_Seq1_hi
imjaolca-1,TMA00318,False,False,False,none
imjbojgl-1,TMA00318,False,False,False,none
imjdnbfm-1,TMA00318,False,False,False,none
imjgdend-1,TMA00318,False,False,False,none
imjgjigk-1,TMA00318,False,False,False,none
imjhkbhg-1,TMA00318,False,False,False,none
imjiaoae-1,TMA00318,False,False,False,none
imjinhha-1,TMA00318,False,False,False,none
imjmkbdf-1,TMA00318,False,False,False,none
imjphcce-1,TMA00318,False,False,False,none
imkdghfa-1,TMA00318,False,False,False,none
imkfbhjd-1,TMA00318,False,False,False,none
imkhkajf-1,TMA00318,False,False,False,none
imkjgdnk-1,TMA00318,False,False,False,none
imknbmhd-1,TMA00318,False,False,False,none
imlcbagd-1,TMA00318,False,False,False,none
imlebfdc-1,TMA00318,False,False,False,none
imlhclae-1,TMA00318,False,False,False,none
imlkiajl-1,TMA00318,False,False,False,none
imlpafmj-1,TMA00318,False,False,False,none
imlpdpen-1,TMA00318,False,False,False,none
immceaea-1,TMA00318,False,False,False,none
immcohdh-1,TMA00318,False,False,False,none
immifmcj-1,TMA00318,False,False,False,none
immjhadh-1,TMA00318,False,False,False,none
immlbnfc-1,TMA00318,False,False,False,none
immmdfli-1,TMA00318,False,False,False,none
imnakmjk-1,TMA00318,False,False,False,none
imnbcnnj-1,TMA00318,False,False,False,none
imndedki-1,TMA00318,False,False,False,none
imngpoik-1,TMA00318,False,False,False,none
imnickpm-1,TMA00318,False,False,False,none
imniepah-1,TMA00318,False,False,False,none
imniikig-1,TMA00318,False,False,False,none
imnnobcp-1,TMA00318,False,False,False,none
imnnpnna-1,TMA00318,False,False,False,none
imnobmpm-1,TMA00318,False,False,False,none
imnpcdkp-1,TMA00318,False,False,False,none
imnpjifp-1,TMA00318,False,False,False,none
imofjpij-1,TMA00318,False,False,False,none
imoggaln-1,TMA00318,False,False,False,none
imognghc-1,TMA00318,False,False,False,none
imolhoif-1,TMA00318,False,False,False,none
impabaoe-1,TMA00318,False,False,False,none
impanbdp-1,TMA00318,False,False,False,none
impblljo-1,TMA00318,False,False,False,none
impdedcn-1,TMA00318,False,False,False,none
impijhjg-1,TMA00318,False,False,False,none
implnjea-1,TMA00318,False,False,False,none
imppamij-1,TMA00318,False,False,False,none
inaeepap-1,TMA00318,False,False,False,none
inafdjol-1,TMA00318,False,False,False,none
inahghnn-1,TMA00318,False,False,False,none
inaippin-1,TMA00318,False,False,False,none
inakpfgf-1,TMA00318,False,False,False,none
inaolnom-1,TMA00318,False,False,False,none
inbcbeca-1,TMA00318,False,False,False,none
inbedepf-1,TMA00318,False,False,False,none
inbgmbml-1,TMA00318,False,False,False,none
inbmjkef-1,TMA00318,False,False,False,none
inbofjgd-1,TMA00318,False,False,False,none
incbocbj-1,TMA00318,False,False,False,none
inccjacb-1,TMA00318,False,False,False,none
incngaoh-1,TMA00318,False,False,False,none
incoeghm-1,TMA00318,False,False,False,none
indajhge-1,TMA00318,False,False,False,none
indbkama-1,TMA00318,False,False,False,none
indclkii-1,TMA00318,False,False,False,none
indkoepc-1,TMA00318,False,False,False,none
indnfmlg-1,TMA00318,False,False,False,none
indnjcfo-1,TMA00318,False,False,False,none
indnnllm-1,TMA00318,False,False,False,none
indnnmgn-1,TMA00318,False,False,False,none
inecpaap-1,TMA00318,False,False,False,none
inedebeb-1,TMA00318,False,False,False,none
ineeikbo-1,TMA00318,False,False,False,none
inejdmai-1,TMA00318,False,False,False,none
inemgcfl-1,TMA00318,False,False,False,none
inemomnl-1,TMA00318,False,False,False,none
inenfhco-1,TMA00318,False,False,False,none
infchijf-1,TMA00318,False,False,False,none
infdjend-1,TMA00318,False,False,False,none
inffmkfm-1,TMA00318,False,False,False,none
infjbpaj-1,TMA00318,False,False,False,none
infjhbhc-1,TMA00318,False,False,False,none
infokbep-1,TMA00318,False,False,False,none
ingadkph-1,TMA00318,False,False,False,none
ingchegj-1,TMA00318,False,False,False,none
ingkccod-1,TMA00318,False,False,False,none
ingpakhc-1,TMA00318,False,False,False,none
ingpcegn-1,TMA00318,False,False,False,none
inhdppef-1,TMA00318,False,False,False,none
inhhgpkb-1,TMA00318,False,False,False,none
inhpdecg-1,TMA00318,False,False,False,none
inidlcoe-1,TMA00318,False,False,False,none
inidnjcb-1,TMA00318,False,False,False,none
iniejkae-1,TMA00318,False,False,False,none
iniephlg-1,TMA00318,False,False,False,none
inifakhk-1,TMA00318,False,False,False,none
inihljdd-1,TMA00318,False,False,False,none
inipkeml-1,TMA00318,False,False,False,none
inipkklf-1,TMA00318,False,False,False,none
injaohjm-1,TMA00318,False,False,False,none
injepddo-1,TMA00318,False,False,False,none
injfaafa-1,TMA00318,False,False,False,none
injhpmjl-1,TMA00318,False,False,False,none
injojjjg-1,TMA00318,False,False,False,none
injpdhhg-1,TMA00318,False,False,False,none
inkimehc-1,TMA00318,False,False,False,none
inkkfffg-1,TMA00318,False,False,False,none
inklglod-1,TMA00318,False,False,False,none
inladode-1,TMA00318,False,False,False,none
inlcimdh-1,TMA00318,False,False,False,none
inlkmodo-1,TMA00318,False,False,False,none
inlmppoa-1,TMA00318,False,False,False,none
inmbdfkm-1,TMA00318,False,False,False,none
inmcjjmi-1,TMA00318,False,False,False,none
inmelbad-1,TMA00318,False,False,False,none
inmfpplg-1,TMA00318,False,False,False,none
inmjpfjd-1,TMA00318,False,False,False,none
inmnfkni-1,TMA00318,False,False,False,none
innadjnp-1,TMA00318,False,False,False,none
innakffc-1,TMA00318,False,False,False,none
inndmnea-1,TMA00318,False,False,False,none
innighph-1,TMA00318,False,False,False,none
innjnhda-1,TMA00318,False,False,False,none
innljeng-1,TMA00318,False,False,False,none
inobghff-1,TMA00318,False,False,False,none
inocakhb-1,TMA00318,False,False,False,none
inocdpnl-1,TMA00318,False,False,False,none
inofboon-1,TMA00318,False,False,False,none
inooknpe-1,TMA00318,False,False,False,none
inphpann-1,TMA00318,False,False,False,none
inpkibnc-1,TMA00318,False,False,False,none
ioadcihj-1,TMA00318,False,False,False,none
ioaghjek-1,TMA00318,False,False,False,none
ioaifkcl-1,TMA00318,False,False,False,none
ioaijkgl-1,TMA00318,False,False,False,none
ioaklceh-1,TMA00318,False,False,False,none
ioallcli-1,TMA00318,False,False,False,none
ioamjikm-1,TMA00318,False,False,False,none
ioannmkm-1,TMA00318,False,False,False,none
ioaoiolp-1,TMA00318,False,False,False,none
iobbldbb-1,TMA00318,False,False,False,none
iobfjecd-1,TMA00318,False,False,False,none
iobhkpkl-1,TMA00318,False,False,False,none
iobigage-1,TMA00318,False,False,False,none
iocboflo-1,TMA00318,False,False,False,none
ioclmlfc-1,TMA00318,False,False,False,none
iocmhdlf-1,TMA00318,False,False,False,none
iodajjia-1,TMA00318,False,False,False,none
iodfgfap-1,TMA00318,False,False,False,none
iodfiamp-1,TMA00318,False,False,False,none
iodfikdj-1,TMA00318,False,False,False,none
iodnkckm-1,TMA00318,False,False,False,none
ioebombb-1,TMA00318,False,False,False,none
ioefpdcn-1,TMA00318,False,False,False,none
ioehdkip-1,TMA00318,False,False,False,none
ioehkjcl-1,TMA00318,False,False,False,none
ioeipbbm-1,TMA00318,False,False,False,none
ioekibea-1,TMA00318,False,False,False,none
iofabnld-1,TMA00318,False,False,False,none
iofffndh-1,TMA00318,False,False,False,none
iofmnkke-1,TMA00318,False,False,False,none
iogacpko-1,TMA00318,False,False,False,none
iogbmceb-1,TMA00318,False,False,False,none
iogciegh-1,TMA00318,False,False,False,none
iogdeeod-1,TMA00318,False,False,False,none
iogdfpci-1,TMA00318,False,False,False,none
iogdkdpn-1,TMA00318,False,False,False,none
iogkkhim-1,TMA00318,False,False,False,none
ioglongn-1,TMA00318,False,False,False,none
iogmnjhl-1,TMA00318,False,False,False,none
iogpocgo-1,TMA00318,False,False,False,none
iohaopff-1,TMA00318,False,False,False,none
iohglage-1,TMA00318,False,False,False,none
iohgmflk-1,TMA00318,False,False,False,none
iohioene-1,TMA00318,False,False,False,none
ioibjhmc-1,TMA00318,False,False,False,none
ioifaamh-1,TMA00318,False,False,False,none
ioihmdlf-1,TMA00318,False,False,False,none
ioijkobc-1,TMA00318,False,False,False,none
ioikglje-1,TMA00318,False,False,False,none
ioinfobn-1,TMA00318,False,False,False,none
ioipbddl-1,TMA00318,False,False,False,none
iojfplan-1,TMA00318,False,False,False,none
iojgfdib-1,TMA00318,False,False,False,none
iojjbggl-1,TMA00318,False,False,False,none
iokfcmbc-1,TMA00318,False,False,False,none
iokifgcb-1,TMA00318,False,False,False,none
iokihnid-1,TMA00318,False,False,False,none
iokmhbii-1,TMA00318,False,False,False,none
ioknplcn-1,TMA00318,False,False,False,none
iokokdga-1,TMA00318,False,False,False,none
iokoplmb-1,TMA00318,False,False,False,none
iolbbmoj-1,TMA00318,False,False,False,none
iolcefgi-1,TMA00318,False,False,False,none
ioldhdkk-1,TMA00318,False,False,False,none
iolknoeg-1,TMA00318,False,False,False,none
iolokdnn-1,TMA00318,False,False,False,none
iolpkgjd-1,TMA00318,False,False,False,none
iombopgf-1,TMA00318,False,False,False,none
iomfjalh-1,TMA00318,False,False,False,none
iomkecgp-1,TMA00318,False,False,False,none
ionajlhl-1,TMA00318,False,False,False,none
iondcadn-1,TMA00318,False,False,False,none
ionfdnjo-1,TMA00318,False,False,False,none
iongkahe-1,TMA00318,False,False,False,none
ionjkjac-1,TMA00318,False,False,False,none
ionljkfb-1,TMA00318,False,False,False,none
iooehnmi-1,TMA00318,False,False,False,none
ioogmhda-1,TMA00318,False,False,False,none
iooklobp-1,TMA00318,False,False,False,none
ioolagnc-1,TMA00318,False,False,False,none
ioonmdpl-1,TMA00318,False,False,False,none
ioopidaj-1,TMA00318,False,False,False,none
iopajojk-1,TMA00318,False,False,False,none
iopcngnf-1,TMA00318,False,False,False,none
iopeipop-1,TMA00318,False,False,False,none
iopemioc-1,TMA00318,False,False,False,none
iopifjnd-1,TMA00318,False,False,False,none
ipabfcaf-1,TMA00318,False,False,False,none
ipabmfpn-1,TMA00318,False,False,False,none
ipafdlpm-1,TMA00318,False,False,False,none
ipajhndk-1,TMA00318,False,False,False,none
ipalnejk-1,TMA00318,False,False,False,none
ipbblemh-1,TMA00318,False,False,False,none
ipbicobg-1,TMA00318,False,False,False,none
ipbidnpi-1,TMA00318,False,False,False,none
ipbioccf-1,TMA00318,False,False,False,none
ipblmcbl-1,TMA00318,False,False,False,none
ipbnlepn-1,TMA00318,False,False,False,none
ipbpcpje-1,TMA00318,False,False,False,none
ipcdgmjp-1,TMA00318,False,False,False,none
ipchmncn-1,TMA00318,False,False,False,none
ipckoilg-1,TMA00318,False,False,False,none
ipcmiepc-1,TMA00318,False,False,False,none
ipdemkjd-1,TMA00318,False,False,False,none
ipdghpll-1,TMA00318,False,False,False,none
ipdhkpac-1,TMA00318,False,False,False,none
ipdndilp-1,TMA00318,False,False,False,none
ipebadfd-1,TMA00318,False,False,False,none
ipednbpi-1,TMA00318,False,False,False,none
ipeegkmj-1,TMA00318,False,False,False,none
ipeglnen-1,TMA00318,False,False,False,none
ipeoaiah-1,TMA00318,False,False,False,none
ipfcddjd-1,TMA00318,False,False,False,none
ipfnemak-1,TMA00318,False,False,False,none
ipgbjifa-1,TMA00318,False,False,False,none
ipgoojip-1,TMA00318,False,False,False,none
iphbagjp-1,TMA00318,False,False,False,none
iphdmlkm-1,TMA00318,False,False,False,none
iphgolah-1,TMA00318,False,False,False,none
iphpfkkd-1,TMA00318,False,False,False,none
ipinngab-1,TMA00318,False,False,False,none
ipjchbpa-1,TMA00318,False,False,False,none
ipjeejjn-1,TMA00318,False,False,False,none
ipjggnbl-1,TMA00318,False,False,False,none
ipjihknk-1,TMA00318,False,False,False,none
ipjjfaab-1,TMA00318,False,False,False,none
ipjlpoml-1,TMA00318,False,False,False,none
ipjmkmlp-1,TMA00318,False,False,False,none
ipjohahm-1,TMA00318,False,False,False,none
ipjonpfi-1,TMA00318,False,False,False,none
ipkcbeog-1,TMA00318,False,False,False,none
ipkddjak-1,TMA00318,False,False,False,none
ipkebebo-1,TMA00318,False,False,False,none
ipkfgddg-1,TMA00318,False,False,False,none
ipkijllm-1,TMA00318,False,False,False,none
ipkjmglj-1,TMA00318,False,False,False,none
ipkoknna-1,TMA00318,False,False,False,none
iplabhcb-1,TMA00318,False,False,False,none
iplhinaj-1,TMA00318,False,False,False,none
iplkciak-1,TMA00318,False,False,False,none
iplpfhbe-1,TMA00318,False,False,False,none
iplpmhfp-1,TMA00318,False,False,False,none
iplppmlm-1,TMA00318,False,False,False,none
ipmbdhed-1,TMA00318,False,False,False,none
ipmbofkj-1,TMA00318,False,False,False,none
ipmeeehn-1,TMA00318,False,False,False,none
ipmfialn-1,TMA00318,False,False,False,none
ipmgkabb-1,TMA00318,False,False,False,none
ipmmbbgp-1,TMA00318,False,False,False,none
ipnigfed-1,TMA00318,False,False,False,none
ipnkocfn-1,TMA00318,False,False,False,none
ipnofiil-1,TMA00318,False,False,False,none
ipnojdcd-1,TMA00318,False,False,False,none
ipocokpa-1,TMA00318,False,False,False,none
ipojfmee-1,TMA00318,False,False,False,none
ipojiclj-1,TMA00318,False,False,False,none
ipoohfac-1,TMA00318,False,False,False,none
ippehele-1,TMA00318,False,False,False,none
ippejllj-1,TMA00318,False,False,False,none
ippilian-1,TMA00318,False,False,False,none
ippimhif-1,TMA00318,False,False,False,none
ippimoia-1,TMA00318,False,False,False,none
ippliddc-1,TMA00318,False,False,False,none
ippmgikl-1,TMA00318,False,False,False,none
ipponcln-1,TMA00318,False,False,False,none
jaaboige-1,TMA00318,False,False,False,none
jaamjkil-1,TMA00318,False,False,False,none
jabfccoo-1,TMA00318,False,False,False,none
jabiamag-1,TMA00318,False,False,False,none
jabiliog-1,TMA00318,False,False,False,none
jabjmmne-1,TMA00318,False,False,False,none
jabnnpak-1,TMA00318,False,False,False,none
jacbgbcl-1,TMA00318,False,False,False,none
jacgckjf-1,TMA00318,False,False,False,none
jackgdna-1,TMA00318,False,False,False,none
jadajgkn-1,TMA00318,False,False,False,none
jadbjapo-1,TMA00318,False,False,False,none
jadhahmp-1,TMA00318,False,False,False,none
jadhpagn-1,TMA00318,False,False,False,none
jadpliab-1,TMA00318,False,False,False,none
jadppaie-1,TMA00318,False,False,False,none
jafciifb-1,TMA00318,False,False,False,none
jafdjlcl-1,TMA00318,False,False,False,none
jaffhlph-1,TMA00318,False,False,False,none
jafgbgmg-1,TMA00318,False,False,False,none
jafjbmaf-1,TMA00318,False,False,False,none
jafkmnad-1,TMA00318,False,False,False,none
jafmhgjn-1,TMA00318,False,False,False,none
jafneeec-1,TMA00318,False,False,False,none
jafogmka-1,TMA00318,False,False,False,none
jafonhaa-1,TMA00318,False,False,False,none
jagdfelj-1,TMA00318,False,False,False,none
jagfioog-1,TMA00318,False,False,False,none
jaglfoff-1,TMA00318,False,False,False,none
jagpdgil-1,TMA00318,False,False,False,none
jahadmli-1,TMA00318,False,False,False,none
jahdamdb-1,TMA00318,False,False,False,none
jahigfdc-1,TMA00318,False,False,False,none
jahjplen-1,TMA00318,False,False,False,none
jahlkkce-1,TMA00318,False,False,False,none
jahnkebe-1,TMA00318,False,False,False,none
jaifhlnp-1,TMA00318,False,False,False,none
jaihaiah-1,TMA00318,False,False,False,none
jaiidkip-1,TMA00318,False,False,False,none
jajepbkp-1,TMA00318,False,False,False,none
jajfmdbb-1,TMA00318,False,False,False,none
jakaefal-1,TMA00318,False,False,False,none
jakphinh-1,TMA00318,False,False,False,none
jalaplei-1,TMA00318,False,False,False,none
jalindpg-1,TMA00318,False,False,False,none
jalnkemi-1,TMA00318,False,False,False,none
jalongoa-1,TMA00318,False,False,False,none
jamhclhi-1,TMA00318,False,False,False,none
jamiffbj-1,TMA00318,False,False,False,none
jamijffc-1,TMA00318,False,False,False,none
jamiobeg-1,TMA00318,False,False,False,none
jamngcji-1,TMA00318,False,False,False,none
jandhneh-1,TMA00318,False,False,False,none
janihgfg-1,TMA00318,False,False,False,none
jannifko-1,TMA00318,False,False,False,none
jannjdof-1,TMA00318,False,False,False,none
janpmfhp-1,TMA00318,False,False,False,none
jaoabahd-1,TMA00318,False,False,False,none
jaoadckg-1,TMA00318,False,False,False,none
jaoagpbj-1,TMA00318,False,False,False,none
jaochhpf-1,TMA00318,False,False,False,none
jaocnebb-1,TMA00318,False,False,False,none
jaofdcii-1,TMA00318,False,False,False,none
jaojapni-1,TMA00318,False,False,False,none
jaojonoh-1,TMA00318,False,False,False,none
jaomglmo-1,TMA00318,False,False,False,none
japcgcml-1,TMA00318,False,False,False,none
japeagma-1,TMA00318,False,False,False,none
japjeidj-1,TMA00318,False,False,False,none
japodgda-1,TMA00318,False,False,False,none
jbadbhnk-1,TMA00318,False,False,False,none
jbaimkof-1,TMA00318,False,False,False,none
jbamhbij-1,TMA00318,False,False,False,none
jbbbkbco-1,TMA00318,False,False,False,none
jbbegein-1,TMA00318,False,False,False,none
jbbffgna-1,TMA00318,False,False,False,none
jbcbgokd-1,TMA00318,False,False,False,none
jbccahpb-1,TMA00318,False,False,False,none
jbcemgli-1,TMA00318,False,False,False,none
jbcppajg-1,TMA00318,False,False,False,none
jbdfejja-1,TMA00318,False,False,False,none
jbdfffmg-1,TMA00318,False,False,False,none
jbdfnpmj-1,TMA00318,False,False,False,none
jbdgbfkh-1,TMA00318,False,False,False,none
jbdihdhc-1,TMA00318,False,False,False,none
jbdpdepj-1,TMA00318,False,False,False,none
jbeaigae-1,TMA00318,False,False,False,none
jbedcacg-1,TMA00318,False,False,False,none
jbeekkbp-1,TMA00318,False,False,False,none
jbefgphg-1,TMA00318,False,False,False,none
jbefopnf-1,TMA00318,False,False,False,none
jbeiened-1,TMA00318,False,False,False,none
jbejombf-1,TMA00318,False,False,False,none
jbemifbl-1,TMA00318,False,False,False,none
jbfaoflb-1,TMA00318,False,False,False,none
jbfcllon-1,TMA00318,False,False,False,none
jbfehlpe-1,TMA00318,False,False,False,none
jbfgphkf-1,TMA00318,False,False,False,none
jbfklifd-1,TMA00318,False,False,False,none
jbfndgbi-1,TMA00318,False,False,False,none
jbfpcjhb-1,TMA00318,False,False,False,none
jbgbcjba-1,TMA00318,False,False,False,none
jbgcabpo-1,TMA00318,False,False,False,none
jbgdhbop-1,TMA00318,False,False,False,none
jbgeggfn-1,TMA00318,False,False,False,none
jbgibehb-1,TMA00318,False,False,False,none
jbgjafmn-1,TMA00318,False,False,False,none
jbgkaipm-1,TMA00318,False,False,False,none
jbgoacnf-1,TMA00318,False,False,False,none
jbhboogn-1,TMA00318,False,False,False,none
jbhkdleh-1,TMA00318,False,False,False,none
jbhlcjaj-1,TMA00318,False,False,False,none
jbhmhmgj-1,TMA00318,False,False,False,none
jbianphp-1,TMA00318,False,False,False,none
jbifjolg-1,TMA00318,False,False,False,none
jbigdbbn-1,TMA00318,False,False,False,none
jbijpdbf-1,TMA00318,False,False,False,none
jbilfjal-1,TMA00318,False,False,False,none
jbimcnjo-1,TMA00318,False,False,False,none
jbiohchn-1,TMA00318,False,False,False,none
jbipdbbp-1,TMA00318,False,False,False,none
jbjgcckp-1,TMA00318,False,False,False,none
jbjgfndf-1,TMA00318,False,False,False,none
jbjklbko-1,TMA00318,False,False,False,none
jbkdjodm-1,TMA00318,False,False,False,none
jbkdmkhe-1,TMA00318,False,False,False,none
jbkgdgcb-1,TMA00318,False,False,False,none
jbkmheod-1,TMA00318,False,False,False,none
jbkobofb-1,TMA00318,False,False,False,none
jblhkhne-1,TMA00318,False,False,False,none
jblidfan-1,TMA00318,False,False,False,none
jblihjio-1,TMA00318,False,False,False,none
jblkcafo-1,TMA00318,False,False,False,none
jblodflh-1,TMA00318,False,False,False,none
jbmmoepo-1,TMA00318,False,False,False,none
jbnaaacd-1,TMA00318,False,False,False,none
jbnaohga-1,TMA00318,False,False,False,none
jbnfnine-1,TMA00318,False,False,False,none
jbngplfp-1,TMA00318,False,False,False,none
jbnhmgif-1,TMA00318,False,False,False,none
jbnjbjfm-1,TMA00318,False,False,False,none
jbnmliah-1,TMA00318,False,False,False,none
jbnplnek-1,TMA00318,False,False,False,none
jbnpoljd-1,TMA00318,False,False,False,none
jboabelf-1,TMA00318,False,False,False,none
jboahmif-1,TMA00318,False,False,False,none
jbobfbme-1,TMA00318,False,False,False,none
jbofnobi-1,TMA00318,False,False,False,none
jbohdbkg-1,TMA00318,False,False,False,none
jboignpa-1,TMA00318,False,False,False,none
jbokalgo-1,TMA00318,False,False,False,none
jbomnfpi-1,TMA00318,False,False,False,none
jbpafeke-1,TMA00318,False,False,False,none
jbpanfoc-1,TMA00318,False,False,False,none
jbpdhgbi-1,TMA00318,False,False,False,none
jbpebhfl-1,TMA00318,False,False,False,none
jbpepldm-1,TMA00318,False,False,False,none
jbpileoa-1,TMA00318,False,False,False,none
jbpnjlak-1,TMA00318,False,False,False,none
jcaaaalg-1,TMA00318,False,False,False,none
jcaacjdm-1,TMA00318,False,False,False,none
jcaajbdo-1,TMA00318,False,False,False,none
jcaampfi-1,TMA00318,False,False,False,none
jcacfcid-1,TMA00318,False,False,False,none
jcaeflmi-1,TMA00318,False,False,False,none
jcagpijg-1,TMA00318,True,False,False,EGFP_Seq1_hi
jcaijkmf-1,TMA00318,False,False,False,none
jcalchcp-1,TMA00318,False,False,False,none
jcamfndd-1,TMA00318,False,False,False,none
jcamnhcp-1,TMA00318,False,False,False,none
jcapcaod-1,TMA00318,False,False,False,none
jcbefacf-1,TMA00318,False,False,False,none
jcbgblkb-1,TMA00318,False,False,False,none
jcbnbgkp-1,TMA00318,False,False,False,none
jccffidf-1,TMA00318,False,False,False,none
jccidlen-1,TMA00318,False,False,False,none
jccjjfli-1,TMA00318,False,False,False,none
jcdajabf-1,TMA00318,False,False,False,none
jcdclcpo-1,TMA00318,False,False,False,none
jcdilcln-1,TMA00318,False,False,False,none
jcdkniih-1,TMA00318,False,False,False,none
jcdpfoel-1,TMA00318,False,False,False,none
jcdpijho-1,TMA00318,False,False,False,none
jcedfibh-1,TMA00318,False,False,False,none
jcedgpjj-1,TMA00318,False,False,False,none
jceehbof-1,TMA00318,False,False,False,none
jceenamg-1,TMA00318,False,False,False,none
jcefmhep-1,TMA00318,False,False,False,none
jcepcikm-1,TMA00318,False,False,False,none
jcepmckm-1,TMA00318,False,False,False,none
jcfbfgdg-1,TMA00318,False,False,False,none
jcfkpmie-1,TMA00318,False,False,False,none
jcflaobf-1,TMA00318,False,False,False,none
jcgdpknb-1,TMA00318,False,False,False,none
jcgfhnhg-1,TMA00318,False,False,False,none
jcghnmmn-1,TMA00318,False,False,False,none
jcgikjgf-1,TMA00318,False,False,False,none
jcgkfpfi-1,TMA00318,False,False,False,none
jcgmmjkg-1,TMA00318,False,False,False,none
jcgppafj-1,TMA00318,False,False,False,none
jcibpgbn-1,TMA00318,False,False,False,none
jcicifla-1,TMA00318,False,False,False,none
jciegonh-1,TMA00318,False,False,False,none
jcjddnla-1,TMA00318,False,False,False,none
jcjdkfcj-1,TMA00318,False,False,False,none
jcjglioa-1,TMA00318,False,False,False,none
jcjhfeig-1,TMA00318,False,False,False,none
jcjockoo-1,TMA00318,False,False,False,none
jckbloob-1,TMA00318,False,False,False,none
jckcnboi-1,TMA00318,False,False,False,none
jckefnph-1,TMA00318,False,False,False,none
jckfppbg-1,TMA00318,False,False,False,none
jckhkfmg-1,TMA00318,False,False,False,none
jckjpbkl-1,TMA00318,False,False,False,none
jckkinnk-1,TMA00318,True,False,False,EGFP_Seq1_hi
jckpfbjd-1,TMA00318,False,False,False,none
jclaamil-1,TMA00318,False,False,False,none
jclbaado-1,TMA00318,False,False,False,none
jclbfgof-1,TMA00318,False,False,False,none
jclpebgh-1,TMA00318,False,False,False,none
jclpolla-1,TMA00318,False,False,False,none
jclppdng-1,TMA00318,False,False,False,none
jcmbchhg-1,TMA00318,False,False,False,none
jcmfegle-1,TMA00318,False,False,False,none
jcmgigea-1,TMA00318,False,False,False,none
jcmjkadj-1,TMA00318,False,False,False,none
jcmoekjk-1,TMA00318,False,False,False,none
jcnalobi-1,TMA00318,False,False,False,none
jcnhphkl-1,TMA00318,False,False,False,none
jcniloho-1,TMA00318,False,False,False,none
jcnnkmfc-1,TMA00318,False,False,False,none
jcobceee-1,TMA00318,False,False,False,none
jcoeclcn-1,TMA00318,False,False,False,none
jcolemda-1,TMA00318,False,False,False,none
jcoooohj-1,TMA00318,False,False,False,none
jcopackp-1,TMA00318,False,False,False,none
jcpdfcip-1,TMA00318,False,False,False,none
jcpeelbj-1,TMA00318,False,False,False,none
jcpliiig-1,TMA00318,False,False,False,none
jcpnnokm-1,TMA00318,False,False,False,none
jcppiibe-1,TMA00318,False,False,False,none
jdaafdhl-1,TMA00318,False,False,False,none
jdacfoda-1,TMA00318,False,False,False,none
jdadchmn-1,TMA00318,False,False,False,none
jdadmhhk-1,TMA00318,False,False,False,none
jdafoomm-1,TMA00318,False,False,False,none
jdahepbb-1,TMA00318,False,False,False,none
jdaiabmb-1,TMA00318,False,False,False,none
jdaihhik-1,TMA00318,False,False,False,none
jdakggib-1,TMA00318,False,False,False,none
jdakocca-1,TMA00318,False,False,False,none
jdamimkd-1,TMA00318,False,False,False,none
jdbandki-1,TMA00318,False,False,False,none
jdbdeieg-1,TMA00318,False,False,False,none
jdbomeja-1,TMA00318,False,False,False,none
jdbpbnll-1,TMA00318,False,False,False,none
jdcafdbc-1,TMA00318,False,False,False,none
jdcebmac-1,TMA00318,False,False,False,none
jdchebjj-1,TMA00318,False,False,False,none
jdcmafai-1,TMA00318,False,False,False,none
jdcmpnic-1,TMA00318,False,False,False,none
jdcnnija-1,TMA00318,False,False,False,none
jdconllf-1,TMA00318,False,False,False,none
jddbjfeh-1,TMA00318,False,False,False,none
jdddgeba-1,TMA00318,False,False,False,none
jddfnocl-1,TMA00318,False,False,False,none
jddlapjj-1,TMA00318,False,False,False,none
jddoecek-1,TMA00318,False,False,False,none
jdebibme-1,TMA00318,False,False,False,none
jdefagbd-1,TMA00318,False,False,False,none
jdefgejp-1,TMA00318,False,False,False,none
jdehejnc-1,TMA00318,False,False,False,none
jdemcohm-1,TMA00318,False,False,False,none
jdenjoph-1,TMA00318,False,False,False,none
jdfbecjj-1,TMA00318,False,False,False,none
jdfbkbbb-1,TMA00318,False,False,False,none
jdfidddp-1,TMA00318,False,False,False,none
jdfknhml-1,TMA00318,False,False,False,none
jdflcdll-1,TMA00318,False,False,False,none
jdfmdlch-1,TMA00318,False,False,False,none
jdgkioed-1,TMA00318,False,False,False,none
jdgmfbpb-1,TMA00318,False,False,False,none
jdgmiapi-1,TMA00318,False,False,False,none
jdgpgcbc-1,TMA00318,False,False,False,none
jdhabkoe-1,TMA00318,False,False,False,none
jdheofno-1,TMA00318,False,False,False,none
jdhgndci-1,TMA00318,False,False,False,none
jdhhmpgc-1,TMA00318,False,False,False,none
jdhmiecb-1,TMA00318,False,False,False,none
jdidclol-1,TMA00318,False,False,False,none
jdijfeig-1,TMA00318,False,False,False,none
jdimjhno-1,TMA00318,False,False,False,none
jdimlkap-1,TMA00318,False,False,False,none
jdiodobj-1,TMA00318,False,False,False,none
jdjkoida-1,TMA00318,False,False,False,none
jdjodaaj-1,TMA00318,False,False,False,none
jdkaeina-1,TMA00318,False,False,False,none
jdkaoghf-1,TMA00318,False,False,False,none
jdkbbaik-1,TMA00318,False,False,False,none
jdkdlpla-1,TMA00318,False,False,False,none
jdkmcndo-1,TMA00318,False,False,False,none
jdkpdagc-1,TMA00318,False,False,False,none
jdlcmgbm-1,TMA00318,False,False,False,none
jdlcomkb-1,TMA00318,False,False,False,none
jdleokpa-1,TMA00318,False,False,False,none
jdlfagcm-1,TMA00318,False,False,False,none
jdlginda-1,TMA00318,False,False,False,none
jdlhpebc-1,TMA00318,False,False,False,none
jdljijmc-1,TMA00318,False,False,False,none
jdlkbikp-1,TMA00318,False,False,False,none
jdlkmmap-1,TMA00318,False,False,False,none
jdlncplc-1,TMA00318,False,False,False,none
jdmcdjgi-1,TMA00318,False,False,False,none
jdmhgpec-1,TMA00318,False,False,False,none
jdmkfhhp-1,TMA00318,False,False,False,none
jdmklddf-1,TMA00318,False,False,False,none
jdmlnmad-1,TMA00318,False,False,False,none
jdndianp-1,TMA00318,False,False,False,none
jdneckic-1,TMA00318,False,False,False,none
jdneimfc-1,TMA00318,False,False,False,none
jdnikfkl-1,TMA00318,False,False,False,none
jdnmmlof-1,TMA00318,False,False,False,none
jdnpgede-1,TMA00318,False,False,False,none
jdobpjbi-1,TMA00318,False,False,False,none
jdockffm-1,TMA00318,False,False,False,none
jdodbomk-1,TMA00318,False,False,False,none
jdoogepl-1,TMA00318,False,False,False,none
jdoojopk-1,TMA00318,False,False,False,none
jdopkaib-1,TMA00318,False,False,False,none
jdpblkgp-1,TMA00318,False,False,False,none
jdpchnfo-1,TMA00318,False,False,False,none
jdpecpom-1,TMA00318,False,False,False,none
jdpgelff-1,TMA00318,False,False,False,none
jdpkmfkg-1,TMA00318,False,False,False,none
jdplbcfp-1,TMA00318,False,False,False,none
jdppdjoa-1,TMA00318,False,False,False,none
jeaamhpl-1,TMA00318,False,False,False,none
jeaaphap-1,TMA00318,False,False,False,none
jeadnoic-1,TMA00318,False,False,False,none
jeaeghll-1,TMA00318,False,False,False,none
jeafpglk-1,TMA00318,False,False,False,none
jeahkoop-1,TMA00318,False,False,False,none
jealmfej-1,TMA00318,False,False,False,none
jeambjig-1,TMA00318,False,False,False,none
jebalnhh-1,TMA00318,False,False,False,none
jebdpblf-1,TMA00318,False,False,False,none
jebfpmje-1,TMA00318,False,False,False,none
jebkckfa-1,TMA00318,False,False,False,none
jebliken-1,TMA00318,False,False,False,none
jebmhlhc-1,TMA00318,False,False,False,none
jebpghlo-1,TMA00318,False,False,False,none
jecamjcj-1,TMA00318,False,False,False,none
jececnfg-1,TMA00318,False,False,False,none
jecianpo-1,TMA00318,False,False,False,none
jeckhdfl-1,TMA00318,False,False,False,none
jeckjnin-1,TMA00318,False,False,False,none
jedcoapf-1,TMA00318,False,False,False,none
jedebjpf-1,TMA00318,False,False,False,none
jedklmjl-1,TMA00318,False,False,False,none
jedmlnmp-1,TMA00318,False,False,False,none
jedpgbna-1,TMA00318,False,False,False,none
jedpmmhn-1,TMA00318,False,False,False,none
jeeccgik-1,TMA00318,False,False,False,none
jeecoocl-1,TMA00318,False,False,False,none
jeegmedl-1,TMA00318,False,False,False,none
jeelibkm-1,TMA00318,False,False,False,none
jeemfpcd-1,TMA00318,False,False,False,none
jeepmlab-1,TMA00318,False,False,False,none
jeepnbpl-1,TMA00318,False,False,False,none
jefjncea-1,TMA00318,False,False,False,none
jeflbbkg-1,TMA00318,False,False,False,none
jefmenfd-1,TMA00318,False,False,False,none
jefpaida-1,TMA00318,False,False,False,none
jegffamc-1,TMA00318,False,False,False,none
jegkjmgm-1,TMA00318,False,False,False,none
jegopobf-1,TMA00318,False,False,False,none
jehbegjh-1,TMA00318,False,False,False,none
jehcheed-1,TMA00318,False,False,False,none
jehokdkl-1,TMA00318,False,False,False,none
jehomckk-1,TMA00318,False,False,False,none
jeicckhf-1,TMA00318,False,False,False,none
jeifjock-1,TMA00318,False,False,False,none
jeijfipf-1,TMA00318,False,False,False,none
jeikccll-1,TMA00318,False,False,False,none
jeinjjlp-1,TMA00318,False,False,False,none
jeiopcne-1,TMA00318,False,False,False,none
jeipacla-1,TMA00318,False,False,False,none
jeipmpph-1,TMA00318,False,False,False,none
jeippfmc-1,TMA00318,False,False,False,none
jejcakjf-1,TMA00318,False,False,False,none
jejddlnn-1,TMA00318,False,False,False,none
jejedpbl-1,TMA00318,False,False,False,none
jejhhjkp-1,TMA00318,False,False,False,none
jejkmhkd-1,TMA00318,False,False,False,none
jejmghkn-1,TMA00318,False,False,False,none
jejodala-1,TMA00318,False,False,False,none
jekaegid-1,TMA00318,False,False,False,none
jekeledp-1,TMA00318,False,False,False,none
jekhefjl-1,TMA00318,False,False,False,none
jekhnddi-1,TMA00318,False,False,False,none
jekiiakb-1,TMA00318,False,False,False,none
jeknoajb-1,TMA00318,False,False,False,none
jekogpcf-1,TMA00318,False,False,False,none
jekpdahn-1,TMA00318,False,False,False,none
jelcjfbi-1,TMA00318,False,False,False,none
jelglbli-1,TMA00318,False,False,False,none
jelhbgcf-1,TMA00318,False,False,False,none
jelpggde-1,TMA00318,False,False,False,none
jemaddkh-1,TMA00318,False,False,False,none
jemilcmc-1,TMA00318,False,False,False,none
jemjfmoh-1,TMA00318,False,False,False,none
jemkfajf-1,TMA00318,False,False,False,none
jemlpmcb-1,TMA00318,False,False,False,none
jemmpplp-1,TMA00318,False,False,False,none
jenajmjm-1,TMA00318,False,False,False,none
jenecbpn-1,TMA00318,False,False,False,none
jenegljn-1,TMA00318,False,False,False,none
jenfgcjk-1,TMA00318,False,False,False,none
jenhgcde-1,TMA00318,False,False,False,none
jenljhbm-1,TMA00318,False,False,False,none
jeodndfl-1,TMA00318,False,False,False,none
jeoediji-1,TMA00318,False,False,False,none
jeoiknhf-1,TMA00318,False,False,False,none
jeojaceb-1,TMA00318,False,False,False,none
jeokpopk-1,TMA00318,False,False,False,none
jeonfhom-1,TMA00318,False,False,False,none
jeonpihe-1,TMA00318,False,False,False,none
jepeenmn-1,TMA00318,False,False,False,none
jephdibf-1,TMA00318,False,False,False,none
jephinme-1,TMA00318,False,False,False,none
jfaaemea-1,TMA00318,False,False,False,none
jfaccido-1,TMA00318,False,False,False,none
jfapjcbk-1,TMA00318,False,False,False,none
jfbabkll-1,TMA00318,False,False,False,none
jfbefnkj-1,TMA00318,False,False,False,none
jfbeidjn-1,TMA00318,False,False,False,none
jfbfdflf-1,TMA00318,False,False,False,none
jfbmfhgn-1,TMA00318,False,False,False,none
jfbpfcbh-1,TMA00318,False,False,False,none
jfcdejfi-1,TMA00318,False,False,False,none
jfcdnppm-1,TMA00318,False,False,False,none
jfcfapaj-1,TMA00318,False,False,False,none
jfchbmim-1,TMA00318,False,False,False,none
jfclidmp-1,TMA00318,False,False,False,none
jfdbgead-1,TMA00318,False,False,False,none
jfdchmgk-1,TMA00318,False,False,False,none
jfdhmnkd-1,TMA00318,False,False,False,none
jfdihpgm-1,TMA00318,False,False,False,none
jfdikmbo-1,TMA00318,False,False,False,none
jfdjfill-1,TMA00318,False,False,False,none
jfdllpeb-1,TMA00318,False,False,False,none
jfdneebk-1,TMA00318,False,False,False,none
jfdocjnk-1,TMA00318,False,False,False,none
jfebofln-1,TMA00318,False,False,False,none
jfedpghh-1,TMA00318,False,False,False,none
jfehollg-1,TMA00318,False,False,False,none
jfellicc-1,TMA00318,False,False,False,none
jfemijme-1,TMA00318,False,False,False,none
jfeonbpm-1,TMA00318,False,False,False,none
jffddkcb-1,TMA00318,False,False,False,none
jffepdbk-1,TMA00318,False,False,False,none
jfffhogo-1,TMA00318,False,False,False,none
jfffjakd-1,TMA00318,False,False,False,none
jffgcjao-1,TMA00318,False,False,False,none
jffomeed-1,TMA00318,False,False,False,none
jfgbmoid-1,TMA00318,False,False,False,none
jfgccecm-1,TMA00318,False,False,False,none
jfgkmkog-1,TMA00318,False,False,False,none
jfgnabie-1,TMA00318,False,False,False,none
jfgnakpf-1,TMA00318,False,False,False,none
jfgolnnc-1,TMA00318,False,False,False,none
jfhdgipo-1,TMA00318,False,False,False,none
jfhehhig-1,TMA00318,False,False,False,none
jfhfpiaf-1,TMA00318,False,False,False,none
jfhicaol-1,TMA00318,False,False,False,none
jfhjeepg-1,TMA00318,False,False,False,none
jfiamabj-1,TMA00318,False,False,False,none
jfiphpcl-1,TMA00318,False,False,False,none
jfjbbejj-1,TMA00318,False,False,False,none
jfjlgfkk-1,TMA00318,False,False,False,none
jfjloinb-1,TMA00318,False,False,False,none
jfjphkdg-1,TMA00318,False,False,False,none
jfkbmane-1,TMA00318,False,False,False,none
jfkchadc-1,TMA00318,False,False,False,none
jfkdodga-1,TMA00318,False,False,False,none
jfkgkoap-1,TMA00318,False,False,False,none
jfkhgppe-1,TMA00318,False,False,False,none
jfkjalmk-1,TMA00318,False,False,False,none
jfkjckcm-1,TMA00318,False,False,False,none
jfknlgjh-1,TMA00318,False,False,False,none
jfkpkbll-1,TMA00318,False,False,False,none
jflbjbjm-1,TMA00318,False,False,False,none
jfldmmdf-1,TMA00318,False,False,False,none
jfljcpkp-1,TMA00318,False,False,False,none
jflnfiac-1,TMA00318,False,False,False,none
jfmbcfnl-1,TMA00318,False,False,False,none
jfmcacmd-1,TMA00318,False,False,False,none
jfmhlmkc-1,TMA00318,False,False,False,none
jfmjmhbn-1,TMA00318,False,False,False,none
jfmjoflk-1,TMA00318,False,False,False,none
jfmllgdb-1,TMA00318,False,False,False,none
jfmlonpg-1,TMA00318,False,False,False,none
jfmpekeh-1,TMA00318,False,False,False,none
jfmpfclh-1,TMA00318,False,False,False,none
jfncajnh-1,TMA00318,False,False,False,none
jfndcjpg-1,TMA00318,False,False,False,none
jfnfdnld-1,TMA00318,False,False,False,none
jfnjiaoi-1,TMA00318,False,False,False,none
jfnlocoh-1,TMA00318,False,False,False,none
jfoajomf-1,TMA00318,False,False,False,none
jfockmmg-1,TMA00318,False,False,False,none
jfoclcop-1,TMA00318,False,False,False,none
jfodhdcl-1,TMA00318,False,False,False,none
jfofimna-1,TMA00318,False,False,False,none
jfogcpbh-1,TMA00318,False,False,False,none
jfoinnef-1,TMA00318,False,False,False,none
jfokcjao-1,TMA00318,False,False,False,none
jfolpkei-1,TMA00318,False,False,False,none
jfpfihdd-1,TMA00318,False,False,False,none
jfphfbgi-1,TMA00318,False,False,False,none
jfpkebpl-1,TMA00318,False,False,False,none
jfpkhgfh-1,TMA00318,False,False,False,none
jfpnfpeg-1,TMA00318,False,False,False,none
jgadjlkf-1,TMA00318,False,False,False,none
jgafpojk-1,TMA00318,False,False,False,none
jgaoiedb-1,TMA00318,False,False,False,none
jgbcphmm-1,TMA00318,False,False,False,none
jgbfjlno-1,TMA00318,False,False,False,none
jgbfpcpk-1,TMA00318,False,False,False,none
jgbgbijf-1,TMA00318,False,False,False,none
jgbjneji-1,TMA00318,False,False,False,none
jgblchhd-1,TMA00318,False,False,False,none
jgbmgjcj-1,TMA00318,False,False,False,none
jgcajoom-1,TMA00318,False,False,False,none
jgcconof-1,TMA00318,False,False,False,none
jgcdapfe-1,TMA00318,False,False,False,none
jgcdokek-1,TMA00318,False,False,False,none
jgcgiklh-1,TMA00318,False,False,False,none
jgclkkhh-1,TMA00318,False,False,False,none
jgdbbedl-1,TMA00318,False,False,False,none
jgdbfgee-1,TMA00318,False,False,False,none
jgdbppdk-1,TMA00318,False,False,False,none
jgdcidic-1,TMA00318,False,False,False,none
jgdmdfho-1,TMA00318,False,False,False,none
jgdnmenj-1,TMA00318,False,False,False,none
jgedijjp-1,TMA00318,False,False,False,none
jgegiklm-1,TMA00318,False,False,False,none
jgekgjff-1,TMA00318,False,False,False,none
jgemfjdf-1,TMA00318,False,False,False,none
jgfeanon-1,TMA00318,False,False,False,none
jgfefigl-1,TMA00318,False,False,False,none
jgfgkham-1,TMA00318,False,False,False,none
jgfhmlag-1,TMA00318,False,False,False,none
jgfkhoof-1,TMA00318,False,False,False,none
jgflmfbc-1,TMA00318,False,False,False,none
jgfogfpa-1,TMA00318,False,False,False,none
jgganhfm-1,TMA00318,False,False,False,none
jggdkphe-1,TMA00318,False,False,False,none
jggemfph-1,TMA00318,False,False,False,none
jggfaoha-1,TMA00318,False,False,False,none
jggfopne-1,TMA00318,False,False,False,none
jggidpon-1,TMA00318,False,False,False,none
jgglajcm-1,TMA00318,False,False,False,none
jggmlcgp-1,TMA00318,False,False,False,none
jghbigkp-1,TMA00318,False,False,False,none
jghbnfej-1,TMA00318,False,False,False,none
jghicdgb-1,TMA00318,False,False,False,none
jghneopa-1,TMA00318,False,False,False,none
jghpjhhi-1,TMA00318,False,False,False,none
jgiacejj-1,TMA00318,False,False,False,none
jgihfjbc-1,TMA00318,False,False,False,none
jgiioacg-1,TMA00318,False,False,False,none
jgkfciio-1,TMA00318,False,False,False,none
jglaliif-1,TMA00318,False,False,False,none
jglcinch-1,TMA00318,False,False,False,none
jglfkhpf-1,TMA00318,False,False,False,none
jglfnhea-1,TMA00318,False,False,False,none
jglhclnj-1,TMA00318,False,False,False,none
jgljkagj-1,TMA00318,False,False,False,none
jglmcako-1,TMA00318,False,False,False,none
jgloljod-1,TMA00318,False,False,False,none
jgmbocgd-1,TMA00318,False,False,False,none
jgmhmmgg-1,TMA00318,False,False,False,none
jgmiljlb-1,TMA00318,False,False,False,none
jgmlaikf-1,TMA00318,False,False,False,none
jgmmkcih-1,TMA00318,False,False,False,none
jgnbgnoa-1,TMA00318,False,False,False,none
jgndaend-1,TMA00318,False,False,False,none
jgnfiepj-1,TMA00318,False,False,False,none
jgnmbbfk-1,TMA00318,False,False,False,none
jgnmljen-1,TMA00318,False,False,False,none
jgnmpmjb-1,TMA00318,False,False,False,none
jgnnegng-1,TMA00318,False,False,False,none
jgohmgka-1,TMA00318,False,False,False,none
jgpafflf-1,TMA00318,False,False,False,none
jgpalfeo-1,TMA00318,False,False,False,none
jgpcplhh-1,TMA00318,False,False,False,none
jgpgidlk-1,TMA00318,False,False,False,none
jgpiehmj-1,TMA00318,False,False,False,none
jgpmhpcn-1,TMA00318,False,False,False,none
jgpmkjdh-1,TMA00318,False,False,False,none
jgpnemmd-1,TMA00318,False,False,False,none
jhabhdbe-1,TMA00318,False,False,False,none
jhacoifa-1,TMA00318,False,False,False,none
jhagjngc-1,TMA00318,False,False,False,none
jhaihmgk-1,TMA00318,False,False,False,none
jhbaplje-1,TMA00318,False,False,False,none
jhbdeoap-1,TMA00318,False,False,False,none
jhbgmeno-1,TMA00318,False,False,False,none
jhblhmki-1,TMA00318,False,False,False,none
jhcdgbme-1,TMA00318,False,False,False,none
jhcicaea-1,TMA00318,False,False,False,none
jhcidodj-1,TMA00318,False,False,False,none
jhcijpno-1,TMA00318,False,False,False,none
jhcjdapf-1,TMA00318,False,False,False,none
jhdalhjl-1,TMA00318,False,False,False,none
jhdaodgc-1,TMA00318,False,False,False,none
jhdhnfmh-1,TMA00318,False,False,False,none
jhdkpbgf-1,TMA00318,False,False,False,none
jhemljpe-1,TMA00318,False,False,False,none
jhenpikf-1,TMA00318,False,False,False,none
jhepjjai-1,TMA00318,False,False,False,none
jhfflpof-1,TMA00318,False,False,False,none
jhfldbjl-1,TMA00318,False,False,False,none
jhfmgmpg-1,TMA00318,False,False,False,none
jhfooclf-1,TMA00318,False,False,False,none
jhgcnmjj-1,TMA00318,False,False,False,none
jhggdgke-1,TMA00318,False,False,False,none
jhgjgjel-1,TMA00318,False,False,False,none
jhgjgonl-1,TMA00318,False,False,False,none
jhgjhfpf-1,TMA00318,False,False,False,none
jhgmjknl-1,TMA00318,False,False,False,none
jhhdjbdj-1,TMA00318,False,False,False,none
jhhlpimc-1,TMA00318,False,False,False,none
jhhpflih-1,TMA00318,False,False,False,none
jhibeagb-1,TMA00318,False,False,False,none
jhidilfn-1,TMA00318,False,False,False,none
jhiebfjc-1,TMA00318,False,False,False,none
jhifjaoa-1,TMA00318,False,False,False,none
jhiihfhg-1,TMA00318,False,False,False,none
jhiohbmp-1,TMA00318,False,False,False,none
jhiokpdh-1,TMA00318,False,False,False,none
jhjbliom-1,TMA00318,False,False,False,none
jhjbpinf-1,TMA00318,False,False,False,none
jhjejang-1,TMA00318,False,False,False,none
jhjhdpeo-1,TMA00318,False,False,False,none
jhjhnjea-1,TMA00318,False,False,False,none
jhkgdbeb-1,TMA00318,False,False,False,none
jhklnpae-1,TMA00318,False,False,False,none
jhkmgiid-1,TMA00318,False,False,False,none
jhknkcei-1,TMA00318,False,False,False,none
jhkpdcgd-1,TMA00318,False,False,False,none
jhlanpim-1,TMA00318,False,False,False,none
jhlfhdhc-1,TMA00318,False,False,False,none
jhlgaimm-1,TMA00318,False,False,False,none
jhlpibjj-1,TMA00318,False,False,False,none
jhmbobhg-1,TMA00318,False,False,False,none
jhmcjifn-1,TMA00318,False,False,False,none
jhmeoogf-1,TMA00318,False,False,False,none
jhmfefbc-1,TMA00318,False,False,False,none
jhmgfnnf-1,TMA00318,False,False,False,none
jhmhkpih-1,TMA00318,False,False,False,none
jhmknean-1,TMA00318,False,False,False,none
jhmmbgin-1,TMA00318,False,False,False,none
jhnaipap-1,TMA00318,False,False,False,none
jhncdfep-1,TMA00318,False,False,False,none
jhnilohf-1,TMA00318,False,False,False,none
jhnjbcep-1,TMA00318,False,False,False,none
jhnkbkck-1,TMA00318,False,False,False,none
jhnkpecm-1,TMA00318,False,False,False,none
jhnkphbl-1,TMA00318,False,False,False,none
jhnlgnaj-1,TMA00318,False,False,False,none
jhnpigcg-1,TMA00318,False,False,False,none
jhocacap-1,TMA00318,False,False,False,none
jhofoajj-1,TMA00318,False,False,False,none
jhogakbc-1,TMA00318,False,False,False,none
jhogegnc-1,TMA00318,False,False,False,none
jhopdadi-1,TMA00318,False,False,False,none
jhpajdle-1,TMA00318,False,False,False,none
jhpmolmi-1,TMA00318,False,False,False,none
jhpojmll-1,TMA00318,False,False,False,none
jhppggok-1,TMA00318,False,False,False,none
jiabjdec-1,TMA00318,False,False,False,none
jiackfjp-1,TMA00318,False,False,False,none
jiackhpa-1,TMA00318,False,False,False,none
jiaeklnl-1,TMA00318,False,False,False,none
jiafnnem-1,TMA00318,False,False,False,none
jiajobck-1,TMA00318,False,False,False,none
jiakemlp-1,TMA00318,False,False,False,none
jiamikeo-1,TMA00318,False,False,False,none
jiamkdhp-1,TMA00318,False,False,False,none
jiaookog-1,TMA00318,False,False,False,none
jiapgpbm-1,TMA00318,False,False,False,none
jibhajhp-1,TMA00318,False,False,False,none
jibhfbga-1,TMA00318,False,False,False,none
jibmcnbl-1,TMA00318,False,False,False,none
jicaahji-1,TMA00318,False,False,False,none
jicakepi-1,TMA00318,False,False,False,none
jicdgapm-1,TMA00318,False,False,False,none
jicibipl-1,TMA00318,False,False,False,none
jicnmckj-1,TMA00318,False,False,False,none
jidbddio-1,TMA00318,False,False,False,none
jidcjlmc-1,TMA00318,False,False,False,none
jidliokg-1,TMA00318,False,False,False,none
jidmmipa-1,TMA00318,False,False,False,none
jidngaec-1,TMA00318,False,False,False,none
jieinhll-1,TMA00318,False,False,False,none
jielbkah-1,TMA00318,False,False,False,none
jielchjk-1,TMA00318,False,False,False,none
jiemlbjb-1,TMA00318,False,False,False,none
jieommbb-1,TMA00318,False,False,False,none
jifchgnc-1,TMA00318,False,False,False,none
jifdaeip-1,TMA00318,False,False,False,none
jifhdpdo-1,TMA00318,False,False,False,none
jifhgcbo-1,TMA00318,False,False,False,none
jifhklbk-1,TMA00318,False,False,False,none
jifikana-1,TMA00318,False,False,False,none
jifpmdbm-1,TMA00318,False,False,False,none
jigahkmc-1,TMA00318,False,False,False,none
jigcebml-1,TMA00318,False,False,False,none
jigfenhh-1,TMA00318,False,False,False,none
jighmeaf-1,TMA00318,False,False,False,none
jigiedjc-1,TMA00318,False,False,False,none
jigkidlm-1,TMA00318,False,False,False,none
jigphnnk-1,TMA00318,False,False,False,none
jihbejhj-1,TMA00318,False,False,False,none
jihcllae-1,TMA00318,False,False,False,none
jihiebgh-1,TMA00318,False,False,False,none
jihkipmd-1,TMA00318,False,False,False,none
jihmccin-1,TMA00318,False,False,False,none
jihnpgdp-1,TMA00318,False,False,False,none
jiiddkoa-1,TMA00318,False,False,False,none
jiidhclo-1,TMA00318,False,False,False,none
jiidkmbb-1,TMA00318,False,False,False,none
jiiiogbe-1,TMA00318,False,False,False,none
jiijppib-1,TMA00318,False,False,False,none
jiincaha-1,TMA00318,False,False,False,none
jiiogeko-1,TMA00318,False,False,False,none
jiipaheb-1,TMA00318,False,False,False,none
jijdggfn-1,TMA00318,False,False,False,none
jijkhlpd-1,TMA00318,False,False,False,none
jijkphgc-1,TMA00318,False,False,False,none
jijpoaea-1,TMA00318,False,False,False,none
jikbfbml-1,TMA00318,False,False,False,none
jikbffmj-1,TMA00318,False,False,False,none
jikbhcnp-1,TMA00318,False,False,False,none
jikbhkek-1,TMA00318,False,False,False,none
jikegjam-1,TMA00318,False,False,False,none
jikfjbfk-1,TMA00318,False,False,False,none
jikhhjfh-1,TMA00318,False,False,False,none
jikiaaoj-1,TMA00318,False,False,False,none
jikmibci-1,TMA00318,False,False,False,none
jilcdmdj-1,TMA00318,False,False,False,none
jilcfhpo-1,TMA00318,False,False,False,none
jilcilie-1,TMA00318,False,False,False,none
jilhmmif-1,TMA00318,False,False,False,none
jilpcicf-1,TMA00318,False,False,False,none
jimenlba-1,TMA00318,False,False,False,none
jimgbpcm-1,TMA00318,False,False,False,none
jimgmell-1,TMA00318,False,False,False,none
jimigbnm-1,TMA00318,False,False,False,none
jimjogik-1,TMA00318,False,False,False,none
jimkedgd-1,TMA00318,False,False,False,none
jinegcbk-1,TMA00318,False,False,False,none
jinehnih-1,TMA00318,False,False,False,none
jinghcko-1,TMA00318,False,False,False,none
jinogfpa-1,TMA00318,False,False,False,none
jinpmdbi-1,TMA00318,False,False,False,none
jioacajl-1,TMA00318,False,False,False,none
jioajfjo-1,TMA00318,False,False,False,none
jiobhejc-1,TMA00318,False,False,False,none
jiocalfk-1,TMA00318,False,False,False,none
jiocbbbb-1,TMA00318,False,False,False,none
jiofodki-1,TMA00318,False,False,False,none
jionejnd-1,TMA00318,False,False,False,none
jiplachd-1,TMA00318,False,False,False,none
jipnfbgh-1,TMA00318,False,False,False,none
jipohhjh-1,TMA00318,False,False,False,none
jjafjgfb-1,TMA00318,False,False,False,none
jjblfohg-1,TMA00318,False,False,False,none
jjcdddlf-1,TMA00318,False,False,False,none
jjdfajda-1,TMA00318,False,False,False,none
jjdhibfj-1,TMA00318,False,False,False,none
jjdihidb-1,TMA00318,False,False,False,none
jjeeeaib-1,TMA00318,False,False,False,none
jjeiblln-1,TMA00318,False,False,False,none
jjekmkhi-1,TMA00318,False,False,False,none
jjeppnmb-1,TMA00318,False,False,False,none
jjfchhnj-1,TMA00318,False,False,False,none
jjffgpcp-1,TMA00318,False,False,False,none
jjfjhgbl-1,TMA00318,False,False,False,none
jjfpceeo-1,TMA00318,False,False,False,none
jjgfhebn-1,TMA00318,False,False,False,none
jjgkhebb-1,TMA00318,False,False,False,none
jjgmipak-1,TMA00318,False,False,False,none
jjgnlidn-1,TMA00318,False,False,False,none
jjgocpmp-1,TMA00318,False,False,False,none
jjhdcmjo-1,TMA00318,False,False,False,none
jjhenfkc-1,TMA00318,False,False,False,none
jjhledco-1,TMA00318,False,False,False,none
jjhlgmfp-1,TMA00318,False,False,False,none
jjhlhfnk-1,TMA00318,False,False,False,none
jjialamm-1,TMA00318,False,False,False,none
jjiehlno-1,TMA00318,False,False,False,none
jjjbmgnm-1,TMA00318,False,False,False,none
jjjegdfa-1,TMA00318,False,False,False,none
jjjghado-1,TMA00318,False,False,False,none
jjjlaabf-1,TMA00318,False,False,False,none
jjjogdcm-1,TMA00318,False,False,False,none
jjjpfhlh-1,TMA00318,False,False,False,none
jjkaojae-1,TMA00318,False,False,False,none
jjkcjmag-1,TMA00318,False,False,False,none
jjkipkhi-1,TMA00318,False,False,False,none
jjkjehda-1,TMA00318,False,False,False,none
jjkkhmga-1,TMA00318,False,False,False,none
jjkklljh-1,TMA00318,False,False,False,none
jjklcolp-1,TMA00318,False,False,False,none
jjknpoec-1,TMA00318,False,False,False,none
jjlbbkpi-1,TMA00318,False,False,False,none
jjlboaih-1,TMA00318,False,False,False,none
jjlckakm-1,TMA00318,False,False,False,none
jjlfaojn-1,TMA00318,False,False,False,none
jjlfgohc-1,TMA00318,False,False,False,none
jjllagcg-1,TMA00318,False,False,False,none
jjlpnjno-1,TMA00318,False,False,False,none
jjmbhdoe-1,TMA00318,False,False,False,none
jjmedlpm-1,TMA00318,False,False,False,none
jjmglikh-1,TMA00318,False,False,False,none
jjmpekco-1,TMA00318,False,False,False,none
jjnejnfp-1,TMA00318,False,False,False,none
jjngbjog-1,TMA00318,False,False,False,none
jjnkhdki-1,TMA00318,False,False,False,none
jjnmlpno-1,TMA00318,False,False,False,none
jjocnooo-1,TMA00318,False,False,False,none
jjocopcl-1,TMA00318,False,False,False,none
jjogcfgk-1,TMA00318,False,False,False,none
jjohecjc-1,TMA00318,False,False,False,none
jjohmioa-1,TMA00318,False,False,False,none
jjoicmai-1,TMA00318,False,False,False,none
jjonnafl-1,TMA00318,False,False,False,none
jjoonjdc-1,TMA00318,False,False,False,none
jjopgpne-1,TMA00318,False,False,False,none
jjpeicac-1,TMA00318,False,False,False,none
jjpinfjd-1,TMA00318,False,False,False,none
jjpjkpja-1,TMA00318,False,False,False,none
jjpndjlb-1,TMA00318,False,False,False,none
jjpoeldl-1,TMA00318,False,False,False,none
jjppanjl-1,TMA00318,False,False,False,none
jjppobpi-1,TMA00318,False,False,False,none
jkaadjio-1,TMA00318,False,False,False,none
jkahlcop-1,TMA00318,False,False,False,none
jkbacfop-1,TMA00318,False,False,False,none
jkbkehkp-1,TMA00318,False,False,False,none
jkbnbjmg-1,TMA00318,False,False,False,none
jkbnblgo-1,TMA00318,False,False,False,none
jkbpghad-1,TMA00318,False,False,False,none
jkbplfcc-1,TMA00318,False,False,False,none
jkcaemni-1,TMA00318,False,False,False,none
jkdcdeno-1,TMA00318,False,False,False,none
jkdcdnbl-1,TMA00318,False,False,False,none
jkddkmlo-1,TMA00318,False,False,False,none
jkdhbnjj-1,TMA00318,False,False,False,none
jkdkinbn-1,TMA00318,False,False,False,none
jkdofogl-1,TMA00318,False,False,False,none
jkefmbbb-1,TMA00318,False,False,False,none
jkeklccj-1,TMA00318,False,False,False,none
jkfdmlch-1,TMA00318,False,False,False,none
jkfefeoe-1,TMA00318,False,False,False,none
jkfkgbca-1,TMA00318,False,False,False,none
jkfkjbbj-1,TMA00318,False,False,False,none
jkfmjdje-1,TMA00318,False,False,False,none
jkgjebia-1,TMA00318,False,False,False,none
jkgkdand-1,TMA00318,False,False,False,none
jkgknfio-1,TMA00318,False,False,False,none
jkgmgmfn-1,TMA00318,False,False,False,none
jkgnjeic-1,TMA00318,False,False,False,none
jkhehofn-1,TMA00318,False,False,False,none
jkhemmgi-1,TMA00318,False,False,False,none
jkhgacke-1,TMA00318,False,False,False,none
jkhjfjjj-1,TMA00318,False,False,False,none
jkhobegj-1,TMA00318,False,False,False,none
jkicgipd-1,TMA00318,False,False,False,none
jkiilmgc-1,TMA00318,False,False,False,none
jkilalkp-1,TMA00318,False,False,False,none
jkilfhih-1,TMA00318,False,False,False,none
jkioobei-1,TMA00318,False,False,False,none
jkjabcld-1,TMA00318,False,False,False,none
jkjdjicd-1,TMA00318,False,False,False,none
jkjhgdch-1,TMA00318,False,False,False,none
jkjhphpg-1,TMA00318,False,False,False,none
jkjnpcmc-1,TMA00318,False,False,False,none
jkjofahn-1,TMA00318,False,False,False,none
jkkdjedf-1,TMA00318,False,False,False,none
jkkgifak-1,TMA00318,False,False,False,none
jkkimimn-1,TMA00318,False,False,False,none
jkkkhnil-1,TMA00318,False,False,False,none
jkklfnoc-1,TMA00318,False,False,False,none
jkkncehe-1,TMA00318,False,False,False,none
jkkpdmei-1,TMA00318,False,False,False,none
jklfmggc-1,TMA00318,False,False,False,none
jklhfnhg-1,TMA00318,False,False,False,none
jklijoac-1,TMA00318,False,False,False,none
jkljepce-1,TMA00318,False,False,False,none
jkllpljk-1,TMA00318,False,False,False,none
jkmaglbh-1,TMA00318,False,False,False,none
jkmcajag-1,TMA00318,False,False,False,none
jkmdnijc-1,TMA00318,False,False,False,none
jkmhmdjk-1,TMA00318,False,False,False,none
jkmiahlh-1,TMA00318,False,False,False,none
jkmkndak-1,TMA00318,False,False,False,none
jkmmphlj-1,TMA00318,False,False,False,none
jknadbgm-1,TMA00318,False,False,False,none
jkndmjpj-1,TMA00318,False,False,False,none
jknfjege-1,TMA00318,False,False,False,none
jknlniln-1,TMA00318,False,False,False,none
jknloghk-1,TMA00318,False,False,False,none
jknnogcd-1,TMA00318,False,False,False,none
jknojpdh-1,TMA00318,False,False,False,none
jkoabajk-1,TMA00318,False,False,False,none
jkoahekj-1,TMA00318,False,False,False,none
jkodpjjo-1,TMA00318,False,False,False,none
jkogkaim-1,TMA00318,False,False,False,none
jkoiijke-1,TMA00318,False,False,False,none
jkopffmb-1,TMA00318,False,False,False,none
jkpbllll-1,TMA00318,False,False,False,none
jkpdhdgf-1,TMA00318,False,False,False,none
jkpfpdke-1,TMA00318,False,False,False,none
jkpieoha-1,TMA00318,False,False,False,none
jkpoagei-1,TMA00318,False,False,False,none
jlacefkb-1,TMA00318,False,False,False,none
jlagofgf-1,TMA00318,False,False,False,none
jlahfpln-1,TMA00318,False,False,False,none
jlajbkpd-1,TMA00318,False,False,False,none
jlallblf-1,TMA00318,False,False,False,none
jlalpefg-1,TMA00318,False,False,False,none
jlamifcd-1,TMA00318,False,False,False,none
jlbbjpoe-1,TMA00318,False,False,False,none
jlbenpbb-1,TMA00318,False,False,False,none
jlbflmlh-1,TMA00318,False,False,False,none
jlbfpnjd-1,TMA00318,False,False,False,none
jlbgemni-1,TMA00318,False,False,False,none
jlbjgneh-1,TMA00318,False,False,False,none
jlboeljl-1,TMA00318,False,False,False,none
jlcafbol-1,TMA00318,False,False,False,none
jlcbmgcp-1,TMA00318,False,False,False,none
jlcdlamb-1,TMA00318,False,False,False,none
jlcibdbh-1,TMA00318,False,False,False,none
jlcjpgai-1,TMA00318,False,False,False,none
jlclcehe-1,TMA00318,False,False,False,none
jlcmjfko-1,TMA00318,False,False,False,none
jlconbnd-1,TMA00318,False,False,False,none
jldbnmfn-1,TMA00318,False,False,False,none
jldfdlho-1,TMA00318,False,False,False,none
jldhcomc-1,TMA00318,False,False,False,none
jldmagnl-1,TMA00318,False,False,False,none
jldnpckj-1,TMA00318,False,False,False,none
jleggdja-1,TMA00318,False,False,False,none
jlejjgjl-1,TMA00318,False,False,False,none
jleoipoi-1,TMA00318,False,False,False,none
jleojjlj-1,TMA00318,False,False,False,none
jlfnjldd-1,TMA00318,False,False,False,none
jlidgcid-1,TMA00318,False,False,False,none
jlieaena-1,TMA00318,False,False,False,none
jlihbgmp-1,TMA00318,False,False,False,none
jlihgaed-1,TMA00318,False,False,False,none
jliilide-1,TMA00318,False,False,False,none
jlijgkfj-1,TMA00318,False,False,False,none
jlikfbol-1,TMA00318,False,False,False,none
jlinjeof-1,TMA00318,False,False,False,none
jlioonib-1,TMA00318,False,False,False,none
jljaejcj-1,TMA00318,False,False,False,none
jljafikp-1,TMA00318,False,False,False,none
jljcjbhd-1,TMA00318,False,False,False,none
jljdofkh-1,TMA00318,False,False,False,none
jljfbcnk-1,TMA00318,False,False,False,none
jljhaopj-1,TMA00318,False,False,False,none
jljkmike-1,TMA00318,False,False,False,none
jljpmeho-1,TMA00318,False,False,False,none
jlkffcbh-1,TMA00318,False,False,False,none
jlkhfoha-1,TMA00318,False,False,False,none
jlkmfeom-1,TMA00318,False,False,False,none
jlknhank-1,TMA00318,False,False,False,none
jlknknom-1,TMA00318,False,False,False,none
jlknohfg-1,TMA00318,False,False,False,none
jllmdllk-1,TMA00318,False,False,False,none
jlmckalf-1,TMA00318,False,False,False,none
jlmcnboi-1,TMA00318,False,False,False,none
jlmkipfa-1,TMA00318,False,False,False,none
jlndinmn-1,TMA00318,False,False,False,none
jlnfadfg-1,TMA00318,False,False,False,none
jlnfmccf-1,TMA00318,False,False,False,none
jlnkeegl-1,TMA00318,False,False,False,none
jlnlpbbh-1,TMA00318,False,False,False,none
jlnmicnj-1,TMA00318,False,False,False,none
jlolgnjf-1,TMA00318,False,False,False,none
jlolmbep-1,TMA00318,False,False,False,none
jloochba-1,TMA00318,False,False,False,none
jlpcaala-1,TMA00318,False,False,False,none
jlpedgli-1,TMA00318,False,False,False,none
jlpfflhk-1,TMA00318,False,False,False,none
jlpgfcjk-1,TMA00318,False,False,False,none
jlpkgdho-1,TMA00318,False,False,False,none
jlpncofc-1,TMA00318,False,False,False,none
jlpobhcj-1,TMA00318,False,False,False,none
jlpphond-1,TMA00318,False,False,False,none
jmaaccic-1,TMA00318,False,False,False,none
jmaaolnc-1,TMA00318,False,False,False,none
jmacbkci-1,TMA00318,False,False,False,none
jmajcegg-1,TMA00318,False,False,False,none
jmbbblgp-1,TMA00318,False,False,False,none
jmbdhdcg-1,TMA00318,False,False,False,none
jmdepbla-1,TMA00318,False,False,False,none
jmdlkged-1,TMA00318,False,False,False,none
jmdmehol-1,TMA00318,False,False,False,none
jmdoekfl-1,TMA00318,False,False,False,none
jmehglge-1,TMA00318,False,False,False,none
jmehokoj-1,TMA00318,False,False,False,none
jmejepnf-1,TMA00318,False,False,False,none
jmfbolme-1,TMA00318,False,False,False,none
jmfemhgp-1,TMA00318,False,False,False,none
jmfjpedc-1,TMA00318,False,False,False,none
jmfkkgjb-1,TMA00318,False,False,False,none
jmgomkng-1,TMA00318,False,False,False,none
jmhbofjm-1,TMA00318,False,False,False,none
jmhdgjac-1,TMA00318,False,False,False,none
jmhfhdek-1,TMA00318,False,False,False,none
jmhgnoac-1,TMA00318,False,False,False,none
jmhljped-1,TMA00318,False,False,False,none
jmilbkee-1,TMA00318,False,False,False,none
jmioiahg-1,TMA00318,False,False,False,none
jmjennli-1,TMA00318,False,False,False,none
jmjhedfe-1,TMA00318,False,False,False,none
jmjmkdjd-1,TMA00318,False,False,False,none
jmjpckin-1,TMA00318,False,False,False,none
jmjpgpje-1,TMA00318,False,False,False,none
jmkejdni-1,TMA00318,False,False,False,none
jmknlejb-1,TMA00318,False,False,False,none
jmkpgjdc-1,TMA00318,False,False,False,none
jmlahipp-1,TMA00318,False,False,False,none
jmlikjcc-1,TMA00318,False,False,False,none
jmmcpbfj-1,TMA00318,False,False,False,none
jmmdline-1,TMA00318,False,False,False,none
jmmijcnj-1,TMA00318,False,False,False,none
jmobpgcd-1,TMA00318,False,False,False,none
jmogfhdd-1,TMA00318,False,False,False,none
jmohfgmh-1,TMA00318,False,False,False,none
jmpfomdl-1,TMA00318,False,False,False,none
jnajdgnd-1,TMA00318,False,False,False,none
jncafadj-1,TMA00318,False,False,False,none
jncdkooe-1,TMA00318,False,False,False,none
jndnefje-1,TMA00318,False,False,False,none
jnegjlha-1,TMA00318,False,False,False,none
jneibjog-1,TMA00318,False,False,False,none
jnekpnca-1,TMA00318,False,False,False,none
jnemdbca-1,TMA00318,False,False,False,none
jnemdndl-1,TMA00318,False,False,False,none
jnemldmf-1,TMA00318,False,False,False,none
jnemlncd-1,TMA00318,False,False,False,none
jneonpcj-1,TMA00318,False,False,False,none
jnfalmih-1,TMA00318,False,False,False,none
jnfoijab-1,TMA00318,False,False,False,none
jnghkflg-1,TMA00318,False,False,False,none
jngnhgkb-1,TMA00318,False,False,False,none
jnhcbamp-1,TMA00318,False,False,False,none
jnhigbpk-1,TMA00318,False,False,False,none
jnhkcblh-1,TMA00318,False,False,False,none
jnhndoln-1,TMA00318,False,False,False,none
jnhpknaj-1,TMA00318,False,False,False,none
jniacefa-1,TMA00318,False,False,False,none
jniahold-1,TMA00318,False,False,False,none
jnienaep-1,TMA00318,False,False,False,none
jnifbpkf-1,TMA00318,False,False,False,none
jnifhbjn-1,TMA00318,False,False,False,none
jniflkjc-1,TMA00318,False,False,False,none
jnigejjd-1,TMA00318,False,False,False,none
jniplfjj-1,TMA00318,False,False,False,none
jnjbnkeh-1,TMA00318,False,False,False,none
jnjdlaaa-1,TMA00318,False,False,False,none
jnjekdgn-1,TMA00318,False,False,False,none
jnjgekoj-1,TMA00318,False,False,False,none
jnjnhefa-1,TMA00318,False,False,False,none
jnjoolmf-1,TMA00318,False,False,False,none
jnjoopef-1,TMA00318,False,False,False,none
jnkcanhh-1,TMA00318,False,False,False,none
jnkiheji-1,TMA00318,False,False,False,none
jnlbfhig-1,TMA00318,False,False,False,none
jnlfcghg-1,TMA00318,False,False,False,none
jnlgegkl-1,TMA00318,False,False,False,none
jnlheppn-1,TMA00318,False,False,False,none
jnljmfcd-1,TMA00318,False,False,False,none
jnlnfdoc-1,TMA00318,False,False,False,none
jnlpadke-1,TMA00318,False,False,False,none
jnmaeilb-1,TMA00318,False,False,False,none
jnmcpljb-1,TMA00318,False,False,False,none
jnmfgamk-1,TMA00318,False,False,False,none
jnmgafeg-1,TMA00318,False,False,False,none
jnmgpafe-1,TMA00318,False,False,False,none
jnmmfmad-1,TMA00318,False,False,False,none
jnnciljj-1,TMA00318,False,False,False,none
jnndonii-1,TMA00318,False,False,False,none
jnnelakk-1,TMA00318,False,False,False,none
jnniloag-1,TMA00318,False,False,False,none
jnobeepa-1,TMA00318,False,False,False,none
jnobfjpa-1,TMA00318,False,False,False,none
jnobliko-1,TMA00318,False,False,False,none
jnojoklk-1,TMA00318,False,False,False,none
jnpfhlcl-1,TMA00318,False,False,False,none
jnploilc-1,TMA00318,False,False,False,none
jnppclff-1,TMA00318,False,False,False,none
joaackio-1,TMA00318,False,False,False,none
joabcjim-1,TMA00318,False,False,False,none
joakcaap-1,TMA00318,False,False,False,none
joaklalo-1,TMA00318,False,False,False,none
jobcmbnb-1,TMA00318,False,False,False,none
jobebkdh-1,TMA00318,False,False,False,none
jobjdcjp-1,TMA00318,False,False,False,none
jobndckl-1,TMA00318,False,False,False,none
jobophef-1,TMA00318,False,False,False,none
jobpcpfo-1,TMA00318,False,False,False,none
jocafcdc-1,TMA00318,False,False,False,none
joccekbb-1,TMA00318,False,False,False,none
jockmdjk-1,TMA00318,False,False,False,none
jocmeemn-1,TMA00318,False,False,False,none
jodcmamf-1,TMA00318,False,False,False,none
jodiigen-1,TMA00318,False,False,False,none
jodpijjj-1,TMA00318,False,False,False,none
joeacfgi-1,TMA00318,False,False,False,none
joedbmic-1,TMA00318,False,False,False,none
joeeibmm-1,TMA00318,False,False,False,none
joefffcm-1,TMA00318,False,False,False,none
joehlhpf-1,TMA00318,False,False,False,none
joejllif-1,TMA00318,False,False,False,none
joemghgj-1,TMA00318,False,False,False,none
joeoooak-1,TMA00318,False,False,False,none
jofghibd-1,TMA00318,False,False,False,none
jofhodng-1,TMA00318,False,False,False,none
jogfdodk-1,TMA00318,False,False,False,none
joghabok-1,TMA00318,False,False,False,none
jogjkaeg-1,TMA00318,False,False,False,none
jogjmnda-1,TMA00318,False,False,False,none
joglnmem-1,TMA00318,False,False,False,none
johdcalm-1,TMA00318,False,False,False,none
johkdpnj-1,TMA00318,False,False,False,none
johocpdi-1,TMA00318,False,False,False,none
johofago-1,TMA00318,False,False,False,none
johpkfda-1,TMA00318,False,False,False,none
joibgmnk-1,TMA00318,False,False,False,none
joicdjia-1,TMA00318,False,False,False,none
joicnkdc-1,TMA00318,False,False,False,none
joihbmda-1,TMA00318,False,False,False,none
joilcagn-1,TMA00318,False,False,False,none
joipdamo-1,TMA00318,False,False,False,none
jojcoboi-1,TMA00318,False,False,False,none
jojecgjk-1,TMA00318,False,False,False,none
jojeehpa-1,TMA00318,False,False,False,none
jokaagch-1,TMA00318,False,False,False,none
jokagopl-1,TMA00318,False,False,False,none
jokffbgj-1,TMA00318,False,False,False,none
jokifpig-1,TMA00318,False,False,False,none
joklgfom-1,TMA00318,False,False,False,none
joldgdnh-1,TMA00318,False,False,False,none
jolhkjja-1,TMA00318,False,False,False,none
joliciaf-1,TMA00318,False,False,False,none
jollegpd-1,TMA00318,False,False,False,none
jolnihhk-1,TMA00318,False,False,False,none
jolodkjo-1,TMA00318,False,False,False,none
jomceikp-1,TMA00318,False,False,False,none
jomminde-1,TMA00318,False,False,False,none
jonafgmc-1,TMA00318,False,False,False,none
jonelhle-1,TMA00318,False,False,False,none
jongbmag-1,TMA00318,False,False,False,none
jongeejc-1,TMA00318,False,False,False,none
jonhdmng-1,TMA00318,False,False,False,none
jonjoigc-1,TMA00318,False,False,False,none
jonmjnoj-1,TMA00318,False,False,False,none
jonobiaa-1,TMA00318,False,False,False,none
jooaempo-1,TMA00318,False,False,False,none
joogdccn-1,TMA00318,False,False,False,none
jooghnpm-1,TMA00318,False,False,False,none
jooibfbl-1,TMA00318,False,False,False,none
jooippnl-1,TMA00318,False,False,False,none
joonplmb-1,TMA00318,False,False,False,none
joopimfh-1,TMA00318,False,False,False,none
jopdadbl-1,TMA00318,False,False,False,none
jopelcmn-1,TMA00318,False,False,False,none
jopenmgl-1,TMA00318,False,False,False,none
jopgnajj-1,TMA00318,False,False,False,none
jopkpgen-1,TMA00318,False,False,False,none
jopnhepo-1,TMA00318,False,False,False,none
joppcajj-1,TMA00318,False,False,False,none
jpaeoohc-1,TMA00318,False,False,False,none
jpahplfi-1,TMA00318,False,False,False,none
jpalabnj-1,TMA00318,False,False,False,none
jpaloeoo-1,TMA00318,False,False,False,none
jpancfpa-1,TMA00318,False,False,False,none
jpapdcfi-1,TMA00318,False,False,False,none
jpbddgid-1,TMA00318,False,False,False,none
jpbdmhia-1,TMA00318,False,False,False,none
jpbeicki-1,TMA00318,False,False,False,none
jpbjhnpa-1,TMA00318,False,False,False,none
jpbpbhpj-1,TMA00318,False,False,False,none
jpccbpgc-1,TMA00318,False,False,False,none
jpccdcll-1,TMA00318,False,False,False,none
jpcjocki-1,TMA00318,False,False,False,none
jpckeapa-1,TMA00318,False,False,False,none
jpcmikgm-1,TMA00318,False,False,False,none
jpcogekb-1,TMA00318,False,False,False,none
jpdajapn-1,TMA00318,False,False,False,none
jpdcpabj-1,TMA00318,False,False,False,none
jpdfbcaa-1,TMA00318,False,False,False,none
jpdgkhij-1,TMA00318,False,False,False,none
jpdlccnh-1,TMA00318,False,False,False,none
jpebkfea-1,TMA00318,False,False,False,none
jpegldfp-1,TMA00318,False,False,False,none
jpemdanp-1,TMA00318,False,False,False,none
jpepkjin-1,TMA00318,False,False,False,none
jpfgmabg-1,TMA00318,False,False,False,none
jpfkocnf-1,TMA00318,False,False,False,none
jpfmkono-1,TMA00318,False,False,False,none
jpgcjiim-1,TMA00318,False,False,False,none
jpgdfkpn-1,TMA00318,False,False,False,none
jpgdhffj-1,TMA00318,False,False,False,none
jpgfjobb-1,TMA00318,False,False,False,none
jpghheki-1,TMA00318,False,False,False,none
jpgkgmif-1,TMA00318,False,False,False,none
jpgkjlli-1,TMA00318,False,False,False,none
jpgknanh-1,TMA00318,False,False,False,none
jpgpaenb-1,TMA00318,False,False,False,none
jpgpkkaj-1,TMA00318,False,False,False,none
jphapamc-1,TMA00318,False,False,False,none
jphcmlkg-1,TMA00318,False,False,False,none
jphdkheg-1,TMA00318,False,False,False,none
jphfimll-1,TMA00318,False,False,False,none
jphibnjm-1,TMA00318,False,False,False,none
jphkifhm-1,TMA00318,False,False,False,none
jphkmomm-1,TMA00318,False,False,False,none
jpibomlj-1,TMA00318,False,False,False,none
jpifgpge-1,TMA00318,False,False,False,none
jpigdelh-1,TMA00318,False,False,False,none
jpigifma-1,TMA00318,False,False,False,none
jpiikpab-1,TMA00318,False,False,False,none
jpikhbaa-1,TMA00318,False,False,False,none
jpjcnpcn-1,TMA00318,False,False,False,none
jpjdkhll-1,TMA00318,False,False,False,none
jpjenaga-1,TMA00318,False,False,False,none
jpjihpek-1,TMA00318,False,False,False,none
jpjilaea-1,TMA00318,False,False,False,none
jpjinlbi-1,TMA00318,False,False,False,none
jpjipijg-1,TMA00318,False,False,False,none
jpjlgbmj-1,TMA00318,False,False,False,none
jpjnmllh-1,TMA00318,False,False,False,none
jpjojcld-1,TMA00318,False,False,False,none
jpkaccdc-1,TMA00318,False,False,False,none
jpkegpfm-1,TMA00318,False,False,False,none
jpkogleb-1,TMA00318,False,False,False,none
jplabhop-1,TMA00318,False,False,False,none
jplahepo-1,TMA00318,False,False,False,none
jplhbhfk-1,TMA00318,False,False,False,none
jplhmbio-1,TMA00318,False,False,False,none
jplicjeg-1,TMA00318,False,False,False,none
jpljnccn-1,TMA00318,False,False,False,none
jplkciog-1,TMA00318,False,False,False,none
jplkoagh-1,TMA00318,False,False,False,none
jplopcil-1,TMA00318,False,False,False,none
jpmdbmbd-1,TMA00318,False,False,False,none
jpmegnfe-1,TMA00318,False,False,False,none
jpmfmclk-1,TMA00318,False,False,False,none
jpmmlocf-1,TMA00318,False,False,False,none
jpmnojdn-1,TMA00318,False,False,False,none
jpnaonik-1,TMA00318,False,False,False,none
jpnbagnk-1,TMA00318,False,False,False,none
jpngajpm-1,TMA00318,False,False,False,none
jpnhgcep-1,TMA00318,False,False,False,none
jpnicdok-1,TMA00318,False,False,False,none
jpnjnpje-1,TMA00318,False,False,False,none
jpnlblfg-1,TMA00318,False,False,False,none
jpnppdmd-1,TMA00318,False,False,False,none
jpoegfka-1,TMA00318,False,False,False,none
jpoelgfl-1,TMA00318,False,False,False,none
jpofnhcn-1,TMA00318,False,False,False,none
jpoiokdh-1,TMA00318,False,False,False,none
jpoiopbd-1,TMA00318,False,False,False,none
jpojcmgi-1,TMA00318,False,False,False,none
jpojeifo-1,TMA00318,False,False,False,none
jpojklbp-1,TMA00318,False,False,False,none
jpojpgce-1,TMA00318,False,False,False,none
jpokalko-1,TMA00318,False,False,False,none
jpomclma-1,TMA00318,False,False,False,none
jpopdgnm-1,TMA00318,False,False,False,none
jppgfpbj-1,TMA00318,False,False,False,none
kaaejcco-1,TMA00318,False,False,False,none
kaanngan-1,TMA00318,False,False,False,none
kaapiopj-1,TMA00318,False,False,False,none
kadjeafe-1,TMA00318,False,False,False,none
kaeelhii-1,TMA00318,False,False,False,none
kaegcgig-1,TMA00318,False,False,False,none
kaegcmcd-1,TMA00318,False,False,False,none
kaffleeb-1,TMA00318,False,False,False,none
kafifeml-1,TMA00318,False,False,False,none
kafjealf-1,TMA00318,False,False,False,none
kafmcbaf-1,TMA00318,False,False,False,none
kafpkbig-1,TMA00318,False,False,False,none
kageccoh-1,TMA00318,False,False,False,none
kagldlje-1,TMA00318,False,False,False,none
kahakpko-1,TMA00318,False,False,False,none
kahgbhkn-1,TMA00318,False,False,False,none
kahojigf-1,TMA00318,False,False,False,none
kahomoli-1,TMA00318,False,False,False,none
kahpcinp-1,TMA00318,False,False,False,none
kahppfbb-1,TMA00318,False,False,False,none
kaiedpnb-1,TMA00318,False,False,False,none
kaifkdkf-1,TMA00318,False,False,False,none
kaigijfk-1,TMA00318,False,False,False,none
kaigmdhl-1,TMA00318,False,False,False,none
kaiibjfl-1,TMA00318,False,False,False,none
kaiiblih-1,TMA00318,False,False,False,none
kaijmjdd-1,TMA00318,False,False,False,none
kaimghhd-1,TMA00318,False,False,False,none
kaiollll-1,TMA00318,False,False,False,none
kajbglnn-1,TMA00318,False,False,False,none
kajblbih-1,TMA00318,False,False,False,none
kajephdo-1,TMA00318,False,False,False,none
kajlgjlf-1,TMA00318,False,False,False,none
kakbihkn-1,TMA00318,False,False,False,none
kakgddbh-1,TMA00318,False,False,False,none
kakigiaa-1,TMA00318,False,False,False,none
kakkllbe-1,TMA00318,False,False,False,none
kalahagl-1,TMA00318,False,False,False,none
kaldjabm-1,TMA00318,False,False,False,none
kalhjgej-1,TMA00318,False,False,False,none
kaljaobm-1,TMA00318,False,False,False,none
kalkffcf-1,TMA00318,False,False,False,none
kalpljfg-1,TMA00318,False,False,False,none
kamcbogo-1,TMA00318,False,False,False,none
kamcjjco-1,TMA00318,False,False,False,none
kamejljg-1,TMA00318,False,False,False,none
kamfjakh-1,TMA00318,False,False,False,none
kamkeffb-1,TMA00318,False,False,False,none
kamkmcac-1,TMA00318,False,False,False,none
kancijpl-1,TMA00318,False,False,False,none
kanlnnlf-1,TMA00318,False,False,False,none
kaoaledi-1,TMA00318,False,False,False,none
kaobafgo-1,TMA00318,False,False,False,none
kaofgcom-1,TMA00318,False,False,False,none
kaofmoop-1,TMA00318,False,False,False,none
kaoglobb-1,TMA00318,False,False,False,none
kaopkkdc-1,TMA00318,False,False,False,none
kapapfjl-1,TMA00318,False,False,False,none
kapcdoaa-1,TMA00318,False,False,False,none
kapfhmmm-1,TMA00318,False,False,False,none
kapgcnpm-1,TMA00318,False,False,False,none
kaphdhdh-1,TMA00318,False,False,False,none
kaphlmpb-1,TMA00318,False,False,False,none
kapiolpp-1,TMA00318,False,False,False,none
kapjendb-1,TMA00318,False,False,False,none
kaplfgjk-1,TMA00318,False,False,False,none
kappfdel-1,TMA00318,False,False,False,none
kbaaplkm-1,TMA00318,False,False,False,none
kbaclndi-1,TMA00318,False,False,False,none
kbakdfno-1,TMA00318,False,False,False,none
kbakibod-1,TMA00318,False,False,False,none
kbambjll-1,TMA00318,False,False,False,none
kbbadfle-1,TMA00318,False,False,False,none
kbbcbmha-1,TMA00318,False,False,False,none
kbbdadel-1,TMA00318,False,False,False,none
kbbeknmd-1,TMA00318,False,False,False,none
kbbjblif-1,TMA00318,False,False,False,none
kbbjopoa-1,TMA00318,False,False,False,none
kbbocdid-1,TMA00318,False,False,False,none
kbbohhgg-1,TMA00318,False,False,False,none
kbbolkli-1,TMA00318,False,False,False,none
kbcbpmfd-1,TMA00318,False,False,False,none
kbcciieh-1,TMA00318,False,False,False,none
kbchimlh-1,TMA00318,False,False,False,none
kbchppfg-1,TMA00318,False,False,False,none
kbcimeld-1,TMA00318,False,False,False,none
kbcmenfb-1,TMA00318,False,False,False,none
kbdabick-1,TMA00318,False,False,False,none
kbdaofan-1,TMA00318,False,False,False,none
kbdfhcim-1,TMA00318,False,False,False,none
kbdjehdi-1,TMA00318,False,False,False,none
kbdpjgmi-1,TMA00318,False,False,False,none
kbecbcbl-1,TMA00318,False,False,False,none
kbeckmpm-1,TMA00318,False,False,False,none
kbedabmg-1,TMA00318,False,False,False,none
kbedgpdh-1,TMA00318,False,False,False,none
kbegimni-1,TMA00318,False,False,False,none
kbegpeco-1,TMA00318,False,False,False,none
kbeifikp-1,TMA00318,False,False,False,none
kbelngbn-1,TMA00318,False,False,False,none
kbenbphn-1,TMA00318,False,False,False,none
kbeofcgi-1,TMA00318,False,False,False,none
kbepejjo-1,TMA00318,False,False,False,none
kbfdchid-1,TMA00318,False,False,False,none
kbffmdhi-1,TMA00318,False,False,False,none
kbfhcamm-1,TMA00318,False,False,False,none
kbfilpok-1,TMA00318,False,False,False,none
kbgebbpn-1,TMA00318,False,False,False,none
kbghanop-1,TMA00318,False,False,False,none
kbgpcmji-1,TMA00318,False,False,False,none
kbhckfap-1,TMA00318,False,False,False,none
kbhfekfl-1,TMA00318,False,False,False,none
kbhkfako-1,TMA00318,False,False,False,none
kbialadg-1,TMA00318,False,False,False,none
kbiflboc-1,TMA00318,False,False,False,none
kbikhbck-1,TMA00318,False,False,False,none
kbimpbed-1,TMA00318,False,False,False,none
kbiplmao-1,TMA00318,False,False,False,none
kbjamelb-1,TMA00318,False,False,False,none
kbjcdioi-1,TMA00318,False,False,False,none
kbjgpfpl-1,TMA00318,False,False,False,none
kbjnjcdo-1,TMA00318,False,False,False,none
kbjoakib-1,TMA00318,False,False,False,none
kbkjelha-1,TMA00318,False,False,False,none
kbkjnfof-1,TMA00318,False,False,False,none
kbkmglon-1,TMA00318,False,False,False,none
kbkpgool-1,TMA00318,False,False,False,none
kbkpoemm-1,TMA00318,False,False,False,none
kblfbpgl-1,TMA00318,False,False,False,none
kblkddho-1,TMA00318,False,False,False,none
kblkelga-1,TMA00318,False,False,False,none
kbllbilf-1,TMA00318,False,False,False,none
kblofgkp-1,TMA00318,False,False,False,none
kblokdmc-1,TMA00318,False,False,False,none
kbmccacf-1,TMA00318,False,False,False,none
kbmdppjh-1,TMA00318,False,False,False,none
kbmhgkdi-1,TMA00318,False,False,False,none
kbmlhodo-1,TMA00318,False,False,False,none
kbmlpiho-1,TMA00318,False,False,False,none
kbmmekjj-1,TMA00318,False,False,False,none
kbmniinp-1,TMA00318,False,False,False,none
kbnjooip-1,TMA00318,False,False,False,none
kbnnfndf-1,TMA00318,False,False,False,none
kbnnnlnk-1,TMA00318,False,False,False,none
kbohlbad-1,TMA00318,False,False,False,none
kbohmdae-1,TMA00318,False,False,False,none
kboibnkn-1,TMA00318,False,False,False,none
kbokmljo-1,TMA00318,False,False,False,none
kbokogfj-1,TMA00318,False,False,False,none
kbombcpi-1,TMA00318,False,False,False,none
kbomjbjo-1,TMA00318,False,False,False,none
kbopepkm-1,TMA00318,False,False,False,none
kbpafdmh-1,TMA00318,False,False,False,none
kbpcabnb-1,TMA00318,False,False,False,none
kbpibnid-1,TMA00318,False,False,False,none
kbpjfhoa-1,TMA00318,False,False,False,none
kbpmpibc-1,TMA00318,False,False,False,none
kbpnffni-1,TMA00318,False,False,False,none
kbpnkaac-1,TMA00318,False,False,False,none
kcbcffgi-1,TMA00318,False,False,False,none
kcbepfpe-1,TMA00318,False,False,False,none
kcbfilei-1,TMA00318,False,False,False,none
kcbignci-1,TMA00318,False,False,False,none
kcbjodkk-1,TMA00318,False,False,False,none
kcbmpnbp-1,TMA00318,False,False,False,none
kcbndmbe-1,TMA00318,False,False,False,none
kcchacec-1,TMA00318,False,False,False,none
kccjnpoj-1,TMA00318,False,False,False,none
kccpbljl-1,TMA00318,False,False,False,none
kcdapkdb-1,TMA00318,False,False,False,none
kcdefjff-1,TMA00318,False,False,False,none
kcdfkhak-1,TMA00318,False,False,False,none
kcdjcfgp-1,TMA00318,False,False,False,none
kcdnkkoe-1,TMA00318,False,False,False,none
kceahmnm-1,TMA00318,False,False,False,none
kceajdgi-1,TMA00318,False,False,False,none
kcecooik-1,TMA00318,False,False,False,none
kcemcohn-1,TMA00318,False,False,False,none
kcendegn-1,TMA00318,False,False,False,none
kcfeomle-1,TMA00318,False,False,False,none
kcfhjeai-1,TMA00318,False,False,False,none
kcflffna-1,TMA00318,False,False,False,none
kcfmppnl-1,TMA00318,False,False,False,none
kcgbaaeb-1,TMA00318,False,False,False,none
kcgdomel-1,TMA00318,False,False,False,none
kciidapk-1,TMA00318,False,False,False,none
kciilhkh-1,TMA00318,False,False,False,none
kcinddaj-1,TMA00318,False,False,False,none
kciobenk-1,TMA00318,False,False,False,none
kcjaiiji-1,TMA00318,False,False,False,none
kcjaojme-1,TMA00318,False,False,False,none
kcjcppgg-1,TMA00318,False,False,False,none
kcjejgem-1,TMA00318,False,False,False,none
kcjjhdge-1,TMA00318,False,False,False,none
kcjjjnmo-1,TMA00318,False,False,False,none
kcjklcae-1,TMA00318,False,False,False,none
kckammla-1,TMA00318,False,False,False,none
kckiakmj-1,TMA00318,False,False,False,none
kckiicpb-1,TMA00318,False,False,False,none
kcklmfni-1,TMA00318,False,False,False,none
kckmlglf-1,TMA00318,False,False,False,none
kckocaip-1,TMA00318,False,False,False,none
kclcfjbm-1,TMA00318,False,False,False,none
kcldpppl-1,TMA00318,False,False,False,none
kclibohd-1,TMA00318,False,False,False,none
kclknpll-1,TMA00318,False,False,False,none
kclmdgel-1,TMA00318,False,False,False,none
kclmjgdb-1,TMA00318,False,False,False,none
kclnphin-1,TMA00318,False,False,False,none
kclofcfh-1,TMA00318,False,False,False,none
kclpcgdn-1,TMA00318,False,False,False,none
kcmdcobn-1,TMA00318,False,False,False,none
kcmdobcf-1,TMA00318,False,False,False,none
kcmdomlj-1,TMA00318,False,False,False,none
kcmplbad-1,TMA00318,False,False,False,none
kcnbfdld-1,TMA00318,False,False,False,none
kcnblpig-1,TMA00318,False,False,False,none
kcnehnlb-1,TMA00318,False,False,False,none
kcobgmlf-1,TMA00318,False,False,False,none
kcocjebk-1,TMA00318,False,False,False,none
kcodgnog-1,TMA00318,False,False,False,none
kcognkge-1,TMA00318,False,False,False,none
kcoheahk-1,TMA00318,False,False,False,none
kcohjbmk-1,TMA00318,False,False,False,none
kcolgadm-1,TMA00318,False,False,False,none
kcopcmhm-1,TMA00318,False,False,False,none
kcoplleb-1,TMA00318,False,False,False,none
kcpbegfp-1,TMA00318,False,False,False,none
kcpbnanm-1,TMA00318,False,False,False,none
kcphmlen-1,TMA00318,False,False,False,none
kcpiphhh-1,TMA00318,False,False,False,none
kcpjbmoh-1,TMA00318,False,False,False,none
kcpoioip-1,TMA00318,False,False,False,none
kdaacnil-1,TMA00318,False,False,False,none
kdaapfjn-1,TMA00318,False,False,False,none
kdacongk-1,TMA00318,False,False,False,none
kdafppjg-1,TMA00318,False,False,False,none
kdahojig-1,TMA00318,False,False,False,none
kdajnlie-1,TMA00318,False,False,False,none
kdaolkbl-1,TMA00318,False,False,False,none
kdbcloke-1,TMA00318,False,False,False,none
kdbdcbgl-1,TMA00318,False,False,False,none
kdbeklkn-1,TMA00318,False,False,False,none
kdbfobnj-1,TMA00318,False,False,False,none
kdbhkppk-1,TMA00318,False,False,False,none
kdbiocko-1,TMA00318,False,False,False,none
kdbmbjll-1,TMA00318,False,False,False,none
kdcimidc-1,TMA00318,False,False,False,none
kdcookhn-1,TMA00318,False,False,False,none
kdcpahlm-1,TMA00318,False,False,False,none
kddoicga-1,TMA00318,False,False,False,none
kddpnipg-1,TMA00318,False,False,False,none
kdecbgbo-1,TMA00318,False,False,False,none
kdegbekm-1,TMA00318,False,False,False,none
kdfffkbb-1,TMA00318,False,False,False,none
kdfmadjl-1,TMA00318,False,False,False,none
kdfofdpi-1,TMA00318,False,False,False,none
kdfppidm-1,TMA00318,False,False,False,none
kdgadjme-1,TMA00318,False,False,False,none
kdgaheli-1,TMA00318,False,False,False,none
kdghkinm-1,TMA00318,False,False,False,none
kdglekfo-1,TMA00318,False,False,False,none
kdhckfid-1,TMA00318,False,False,False,none
kdhfheki-1,TMA00318,False,False,False,none
kdhfnoae-1,TMA00318,False,False,False,none
kdhjailh-1,TMA00318,False,False,False,none
kdhjeame-1,TMA00318,False,False,False,none
kdhlfmcd-1,TMA00318,False,False,False,none
kdickhoo-1,TMA00318,False,False,False,none
kdigbpnl-1,TMA00318,False,False,False,none
kdighocd-1,TMA00318,False,False,False,none
kdiomkii-1,TMA00318,False,False,False,none
kdjkpkki-1,TMA00318,False,False,False,none
kdjohden-1,TMA00318,False,False,False,none
kdkankag-1,TMA00318,False,False,False,none
kdkijoaj-1,TMA00318,False,False,False,none
kdkjagei-1,TMA00318,False,False,False,none
kdkjlkmh-1,TMA00318,False,False,False,none
kdkklaem-1,TMA00318,False,False,False,none
kdkpcfpk-1,TMA00318,False,False,False,none
kdlbfehk-1,TMA00318,False,False,False,none
kdlgnnef-1,TMA00318,False,False,False,none
kdllhjdb-1,TMA00318,False,False,False,none
kdlmebac-1,TMA00318,False,False,False,none
kdmadlig-1,TMA00318,False,False,False,none
kdmbghno-1,TMA00318,False,False,False,none
kdmlaapn-1,TMA00318,False,False,False,none
kdnagapd-1,TMA00318,False,False,False,none
kdnamfip-1,TMA00318,False,False,False,none
kdnhiogf-1,TMA00318,False,False,False,none
kdnmcnoj-1,TMA00318,False,False,False,none
kdnojjhm-1,TMA00318,False,False,False,none
kdoelkih-1,TMA00318,False,False,False,none
kdolggpk-1,TMA00318,False,False,False,none
kdpbbejc-1,TMA00318,False,False,False,none
kdpdbgap-1,TMA00318,False,False,False,none
kdpedcep-1,TMA00318,False,False,False,none
kdpegjih-1,TMA00318,False,False,False,none
kdpibfeo-1,TMA00318,False,False,False,none
kdpilnal-1,TMA00318,False,False,False,none
kdpjjcoo-1,TMA00318,False,False,False,none
kdpkjimi-1,TMA00318,False,False,False,none
kdppgboh-1,TMA00318,False,False,False,none
keafhjgm-1,TMA00318,False,False,False,none
keaipiad-1,TMA00318,False,False,False,none
keajoloi-1,TMA00318,False,False,False,none
keandkoj-1,TMA00318,False,False,False,none
kebafclp-1,TMA00318,False,False,False,none
kebcphao-1,TMA00318,False,False,False,none
kebedocn-1,TMA00318,False,False,False,none
kebeemgg-1,TMA00318,False,False,False,none
kebicdma-1,TMA00318,False,False,False,none
kebigjgb-1,TMA00318,False,False,False,none
kebilegg-1,TMA00318,False,False,False,none
kebjfkpd-1,TMA00318,False,False,False,none
kebpbmac-1,TMA00318,False,False,False,none
kebpikpp-1,TMA00318,False,False,False,none
kecbjihe-1,TMA00318,False,False,False,none
kecplaob-1,TMA00318,False,False,False,none
keddfmke-1,TMA00318,False,False,False,none
kedfhcdg-1,TMA00318,False,False,False,none
kedfnfkj-1,TMA00318,False,False,False,none
kedgkknj-1,TMA00318,False,False,False,none
kedjkfmo-1,TMA00318,False,False,False,none
kedkmiph-1,TMA00318,False,False,False,none
kedmnekb-1,TMA00318,False,False,False,none
kedphlfl-1,TMA00318,False,False,False,none
keedpnlm-1,TMA00318,False,False,False,none
keeeibeb-1,TMA00318,False,False,False,none
keeepjmh-1,TMA00318,False,False,False,none
keeffkkh-1,TMA00318,False,False,False,none
keegigpg-1,TMA00318,False,False,False,none
keeklfok-1,TMA00318,False,False,False,none
kefndebn-1,TMA00318,False,False,False,none
kefppjgj-1,TMA00318,False,False,False,none
kehcmmge-1,TMA00318,False,False,False,none
kehiecbl-1,TMA00318,False,False,False,none
kehldkmd-1,TMA00318,False,False,False,none
kehpodgj-1,TMA00318,False,False,False,none
keiafmcf-1,TMA00318,False,False,False,none
keibagkd-1,TMA00318,False,False,False,none
keigbmcm-1,TMA00318,False,False,False,none
keikajno-1,TMA00318,False,False,False,none
keioigmj-1,TMA00318,False,False,False,none
keippnjg-1,TMA00318,False,False,False,none
kejalhjo-1,TMA00318,False,False,False,none
kejdfiba-1,TMA00318,False,False,False,none
kejefchl-1,TMA00318,False,False,False,none
kejiabin-1,TMA00318,False,False,False,none
kejiabnf-1,TMA00318,False,False,False,none
kejkkakc-1,TMA00318,False,False,False,none
kekbilmf-1,TMA00318,False,False,False,none
kekcgalb-1,TMA00318,False,False,False,none
kekfojbh-1,TMA00318,False,False,False,none
kekhipcm-1,TMA00318,False,False,False,none
kekijmdk-1,TMA00318,False,False,False,none
kekmonhg-1,TMA00318,False,False,False,none
keknjdfl-1,TMA00318,False,False,False,none
kelakheo-1,TMA00318,False,False,False,none
kelapdip-1,TMA00318,False,False,False,none
keldihol-1,TMA00318,False,False,False,none
kelfdeee-1,TMA00318,False,False,False,none
keljpolp-1,TMA00318,False,False,False,none
kelkmpfn-1,TMA00318,False,False,False,none
kellcfjp-1,TMA00318,False,False,False,none
kembpioe-1,TMA00318,False,False,False,none
kemcoodh-1,TMA00318,False,False,False,none
kemlkoch-1,TMA00318,False,False,False,none
kemloioe-1,TMA00318,False,False,False,none
kemnidcj-1,TMA00318,False,False,False,none
kemoeclg-1,TMA00318,False,False,False,none
kenafogn-1,TMA00318,False,False,False,none
kenakcef-1,TMA00318,False,False,False,none
kencdlic-1,TMA00318,False,False,False,none
kencmjmh-1,TMA00318,False,False,False,none
kendeaco-1,TMA00318,False,False,False,none
keobihkf-1,TMA00318,False,False,False,none
keocpgef-1,TMA00318,False,False,False,none
keofbhmd-1,TMA00318,False,False,False,none
keojeppd-1,TMA00318,False,False,False,none
keokdhkl-1,TMA00318,False,False,False,none
keonjnlj-1,TMA00318,False,False,False,none
kepjboaj-1,TMA00318,False,False,False,none
kepkplbg-1,TMA00318,False,False,False,none
kepmcjdn-1,TMA00318,False,False,False,none
kfabgaai-1,TMA00318,False,False,False,none
kfabkpfe-1,TMA00318,False,False,False,none
kfacajdc-1,TMA00318,False,False,False,none
kfacngji-1,TMA00318,False,False,False,none
kfafofej-1,TMA00318,False,False,False,none
kfahfdjb-1,TMA00318,False,False,False,none
kfaibcpa-1,TMA00318,False,False,False,none
kfbdppmh-1,TMA00318,False,False,False,none
kfbfnaje-1,TMA00318,False,False,False,none
kfbhofpc-1,TMA00318,False,False,False,none
kfbijple-1,TMA00318,False,False,False,none
kfbkaicd-1,TMA00318,False,False,False,none
kfboiphi-1,TMA00318,False,False,False,none
kfcipide-1,TMA00318,False,False,False,none
kfdajkon-1,TMA00318,False,False,False,none
kfdknann-1,TMA00318,False,False,False,none
kfdknfbi-1,TMA00318,False,False,False,none
kfdlhpan-1,TMA00318,False,False,False,none
kfdmokee-1,TMA00318,False,False,False,none
kfdocaig-1,TMA00318,False,False,False,none
kfeaheoh-1,TMA00318,False,False,False,none
kfeaiakl-1,TMA00318,False,False,False,none
kfeceend-1,TMA00318,False,False,False,none
kfednicn-1,TMA00318,False,False,False,none
kfefjpgd-1,TMA00318,False,False,False,none
kfejojnk-1,TMA00318,False,False,False,none
kfenojpd-1,TMA00318,False,False,False,none
kffcfkog-1,TMA00318,False,False,False,none
kffcmpff-1,TMA00318,False,False,False,none
kffenlil-1,TMA00318,False,False,False,none
kffhjbpe-1,TMA00318,False,False,False,none
kffofhpi-1,TMA00318,False,False,False,none
kfgdllln-1,TMA00318,False,False,False,none
kfghcfmd-1,TMA00318,False,False,False,none
kfgiofil-1,TMA00318,False,False,False,none
kfgjdlli-1,TMA00318,False,False,False,none
kfgkdmlh-1,TMA00318,False,False,False,none
kfgkmgee-1,TMA00318,False,False,False,none
kfgoponk-1,TMA00318,False,False,False,none
kfhakcck-1,TMA00318,False,False,False,none
kfhblgem-1,TMA00318,False,False,False,none
kfhcdplg-1,TMA00318,False,False,False,none
kfhfbgfe-1,TMA00318,False,False,False,none
kfhjbhia-1,TMA00318,False,False,False,none
kfhnfdik-1,TMA00318,False,False,False,none
kfidibpa-1,TMA00318,False,False,False,none
kfieccoh-1,TMA00318,False,False,False,none
kfiediki-1,TMA00318,False,False,False,none
kfiflpej-1,TMA00318,False,False,False,none
kfilafej-1,TMA00318,False,False,False,none
kfipcajg-1,TMA00318,False,False,False,none
kfjaojkm-1,TMA00318,False,False,False,none
kfjbfhkh-1,TMA00318,False,False,False,none
kfjblgkh-1,TMA00318,False,False,False,none
kfjfgdkl-1,TMA00318,False,False,False,none
kfjfipeh-1,TMA00318,False,False,False,none
kfjgjhpc-1,TMA00318,False,False,False,none
kfjklbfg-1,TMA00318,False,False,False,none
kfjlnmlj-1,TMA00318,False,False,False,none
kfjmlmbh-1,TMA00318,False,False,False,none
kfjmmgfi-1,TMA00318,False,False,False,none
kfjnknei-1,TMA00318,False,False,False,none
kfkbejjl-1,TMA00318,False,False,False,none
kfkbljbc-1,TMA00318,False,False,False,none
kfkchbai-1,TMA00318,False,False,False,none
kfkkkglo-1,TMA00318,False,False,False,none
kfklgjod-1,TMA00318,False,False,False,none
kfkmhifn-1,TMA00318,False,False,False,none
kflcdbcn-1,TMA00318,False,False,False,none
kflgdnbm-1,TMA00318,False,False,False,none
kflgeffc-1,TMA00318,False,False,False,none
kfljeokb-1,TMA00318,False,False,False,none
kflkklbk-1,TMA00318,False,False,False,none
kflllbgj-1,TMA00318,False,False,False,none
kfmbgdfp-1,TMA00318,False,False,False,none
kfmdgeco-1,TMA00318,False,False,False,none
kfmgejkl-1,TMA00318,False,False,False,none
kfmjeffa-1,TMA00318,False,False,False,none
kfmldnmb-1,TMA00318,False,False,False,none
kfmmlhil-1,TMA00318,False,False,False,none
kfmmnbjc-1,TMA00318,False,False,False,none
kfnecpob-1,TMA00318,False,False,False,none
kfngiebf-1,TMA00318,False,False,False,none
kfnilmfp-1,TMA00318,False,False,False,none
kfobffip-1,TMA00318,False,False,False,none
kfocpddm-1,TMA00318,False,False,False,none
kfoimkem-1,TMA00318,False,False,False,none
kfolighp-1,TMA00318,False,False,False,none
kfonnnhj-1,TMA00318,False,False,False,none
kfopgdbn-1,TMA00318,False,False,False,none
kfpbcnhf-1,TMA00318,False,False,False,none
kfpejacd-1,TMA00318,False,False,False,none
kfpfbelc-1,TMA00318,False,False,False,none
kfphkiah-1,TMA00318,False,False,False,none
kfpienpo-1,TMA00318,False,False,False,none
kfpjpplb-1,TMA00318,False,False,False,none
kfpkamle-1,TMA00318,False,False,False,none
kfpmbdof-1,TMA00318,False,False,False,none
kfpmjbji-1,TMA00318,False,False,False,none
kfppljfj-1,TMA00318,False,False,False,none
kfppmmlk-1,TMA00318,False,False,False,none
kgafnjdc-1,TMA00318,False,False,False,none
kgagmjpc-1,TMA00318,False,False,False,none
kgaknjnj-1,TMA00318,False,False,False,none
kgancgek-1,TMA00318,False,False,False,none
kgapcmkf-1,TMA00318,False,False,False,none
kgbbddfe-1,TMA00318,False,False,False,none
kgbdabnn-1,TMA00318,False,False,False,none
kgbeflgl-1,TMA00318,False,False,False,none
kgbhpbhd-1,TMA00318,False,False,False,none
kgbhpcmb-1,TMA00318,False,False,False,none
kgbiicjd-1,TMA00318,False,False,False,none
kgbjcgcg-1,TMA00318,False,False,False,none
kgblljgc-1,TMA00318,False,False,False,none
kgbmlbif-1,TMA00318,False,False,False,none
kgcaeijn-1,TMA00318,False,False,False,none
kgcclick-1,TMA00318,False,False,False,none
kgchlmlo-1,TMA00318,False,False,False,none
kgddamjo-1,TMA00318,False,False,False,none
kgddbjnh-1,TMA00318,False,False,False,none
kgdecmlj-1,TMA00318,False,False,False,none
kgdfanoo-1,TMA00318,False,False,False,none
kgdfblko-1,TMA00318,False,False,False,none
kgdgjpjn-1,TMA00318,False,False,False,none
kgdhhmhc-1,TMA00318,False,False,False,none
kgdnlkjo-1,TMA00318,False,False,False,none
kgdpdnon-1,TMA00318,False,False,False,none
kgedpgee-1,TMA00318,False,False,False,none
kgefojne-1,TMA00318,False,False,False,none
kgehpjlk-1,TMA00318,False,False,False,none
kgeilgkg-1,TMA00318,False,False,False,none
kgemafmb-1,TMA00318,False,False,False,none
kgffajjd-1,TMA00318,False,False,False,none
kgffknij-1,TMA00318,False,False,False,none
kggaekdk-1,TMA00318,False,False,False,none
kggdpcmk-1,TMA00318,False,False,False,none
kggecgdb-1,TMA00318,False,False,False,none
kggkbblm-1,TMA00318,False,False,False,none
kggkpgck-1,TMA00318,False,False,False,none
kggmeflp-1,TMA00318,False,False,False,none
kghaaomc-1,TMA00318,False,False,False,none
kghdomle-1,TMA00318,False,False,False,none
kghfiojh-1,TMA00318,False,False,False,none
kghpbpgj-1,TMA00318,False,False,False,none
kghpmcfj-1,TMA00318,False,False,False,none
kgicbmae-1,TMA00318,False,False,False,none
kgicljib-1,TMA00318,False,False,False,none
kgifhhnf-1,TMA00318,False,False,False,none
kgijfgmd-1,TMA00318,False,False,False,none
kgijghek-1,TMA00318,False,False,False,none
kgikflpc-1,TMA00318,False,False,False,none
kgimflmp-1,TMA00318,False,False,False,none
kginiika-1,TMA00318,False,False,False,none
kgjbifho-1,TMA00318,False,False,False,none
kgjjfell-1,TMA00318,False,False,False,none
kgjnnmca-1,TMA00318,False,False,False,none
kgkadbjo-1,TMA00318,False,False,False,none
kgkejpdn-1,TMA00318,False,False,False,none
kgkfjbkj-1,TMA00318,False,False,False,none
kgkgacgp-1,TMA00318,False,False,False,none
kgkggnof-1,TMA00318,False,False,False,none
kgkiogil-1,TMA00318,False,False,False,none
kgkleoop-1,TMA00318,False,False,False,none
kgkmhdbd-1,TMA00318,False,False,False,none
kgkpabla-1,TMA00318,False,False,False,none
kglajdcb-1,TMA00318,False,False,False,none
kglgcghn-1,TMA00318,False,False,False,none
kgllaiie-1,TMA00318,False,False,False,none
kglmaiho-1,TMA00318,False,False,False,none
kgmaobbi-1,TMA00318,False,False,False,none
kgmdnifg-1,TMA00318,False,False,False,none
kgmeflom-1,TMA00318,False,False,False,none
kgmkpggd-1,TMA00318,False,False,False,none
kgmmkgcb-1,TMA00318,False,False,False,none
kgnamela-1,TMA00318,False,False,False,none
kgnbbobm-1,TMA00318,False,False,False,none
kgnbmbmm-1,TMA00318,False,False,False,none
kgncpkgm-1,TMA00318,False,False,False,none
kgndiemo-1,TMA00318,False,False,False,none
kgngoicf-1,TMA00318,False,False,False,none
kgnhjkpp-1,TMA00318,False,False,False,none
kgnkbdme-1,TMA00318,False,False,False,none
kgnkmfaj-1,TMA00318,False,False,False,none
kgnkplfc-1,TMA00318,False,False,False,none
kgnldoaa-1,TMA00318,False,False,False,none
kgoaopnh-1,TMA00318,False,False,False,none
kgocicjd-1,TMA00318,False,False,False,none
kgodaeee-1,TMA00318,False,False,False,none
kgonnjhe-1,TMA00318,False,False,False,none
kgpbaidb-1,TMA00318,False,False,False,none
kgpbfbgk-1,TMA00318,False,False,False,none
kgpenlcp-1,TMA00318,False,False,False,none
kgpicehp-1,TMA00318,False,False,False,none
kgpmbgbl-1,TMA00318,False,False,False,none
khaajmoo-1,TMA00318,False,False,False,none
khaglfjd-1,TMA00318,False,False,False,none
khagngaa-1,TMA00318,False,False,False,none
khajgbnm-1,TMA00318,False,False,False,none
khampmof-1,TMA00318,False,False,False,none
khbfhjmf-1,TMA00318,False,False,False,none
khcknpfn-1,TMA00318,False,False,False,none
khdbnohg-1,TMA00318,False,False,False,none
khddeioo-1,TMA00318,False,False,False,none
khdfmdlp-1,TMA00318,False,False,False,none
kheamcjh-1,TMA00318,False,False,False,none
khecejjg-1,TMA00318,False,False,False,none
kheeklnd-1,TMA00318,False,False,False,none
khephbca-1,TMA00318,False,False,False,none
khfdjngf-1,TMA00318,False,False,False,none
khfdogcj-1,TMA00318,False,False,False,none
khfgejkn-1,TMA00318,False,False,False,none
khfncjib-1,TMA00318,False,False,False,none
khfnencj-1,TMA00318,False,False,False,none
khfngbig-1,TMA00318,False,False,False,none
khganngd-1,TMA00318,False,False,False,none
khgdjmcp-1,TMA00318,False,False,False,none
khgdlegm-1,TMA00318,False,False,False,none
khgdokoj-1,TMA00318,False,False,False,none
khgfnnoi-1,TMA00318,False,False,False,none
khhlbmae-1,TMA00318,False,False,False,none
khhnfcde-1,TMA00318,False,False,False,none
khialbkl-1,TMA00318,False,False,False,none
khibkcim-1,TMA00318,False,False,False,none
khiehkao-1,TMA00318,False,False,False,none
khigmafe-1,TMA00318,False,False,False,none
khihahjm-1,TMA00318,False,False,False,none
khiibolo-1,TMA00318,False,False,False,none
khiinied-1,TMA00318,False,False,False,none
khikankh-1,TMA00318,False,False,False,none
khipdcbj-1,TMA00318,False,False,False,none
khjcdjhe-1,TMA00318,False,False,False,none
khjdaoen-1,TMA00318,False,False,False,none
khjdffih-1,TMA00318,False,False,False,none
khjehlho-1,TMA00318,False,False,False,none
khjfmoho-1,TMA00318,False,False,False,none
khjhiidg-1,TMA00318,False,False,False,none
khjjnmfi-1,TMA00318,False,False,False,none
khjmblok-1,TMA00318,False,False,False,none
khjmpodc-1,TMA00318,False,False,False,none
khjpdeol-1,TMA00318,False,False,False,none
khjphbho-1,TMA00318,False,False,False,none
khkbngpa-1,TMA00318,False,False,False,none
khkcdbnl-1,TMA00318,False,False,False,none
khkcijon-1,TMA00318,False,False,False,none
khkgejmb-1,TMA00318,False,False,False,none
khkjakio-1,TMA00318,False,False,False,none
khkjiihh-1,TMA00318,False,False,False,none
khkjomoc-1,TMA00318,False,False,False,none
khkkaodh-1,TMA00318,False,False,False,none
khklbmcp-1,TMA00318,False,False,False,none
khklhhnj-1,TMA00318,False,False,False,none
khknpdok-1,TMA00318,False,False,False,none
khkpbhnl-1,TMA00318,False,False,False,none
khlaabkn-1,TMA00318,False,False,False,none
khleoiaf-1,TMA00318,False,False,False,none
khlkjiad-1,TMA00318,False,False,False,none
khlmmbkn-1,TMA00318,False,False,False,none
khlmpnal-1,TMA00318,False,False,False,none
khlnaikh-1,TMA00318,False,False,False,none
khmeklbn-1,TMA00318,False,False,False,none
khmfkcpg-1,TMA00318,False,False,False,none
khmnmlcf-1,TMA00318,False,False,False,none
khmppceb-1,TMA00318,False,False,False,none
khnclefl-1,TMA00318,False,False,False,none
khnekhlh-1,TMA00318,False,False,False,none
khnfggmf-1,TMA00318,False,False,False,none
khnmbdfg-1,TMA00318,False,False,False,none
khnolmoj-1,TMA00318,False,False,False,none
khnpailh-1,TMA00318,False,False,False,none
khofhdab-1,TMA00318,False,False,False,none
khoheabm-1,TMA00318,False,False,False,none
khokcaej-1,TMA00318,False,False,False,none
khokkmdm-1,TMA00318,False,False,False,none
kholjean-1,TMA00318,False,False,False,none
khonggjk-1,TMA00318,False,False,False,none
khpagnpl-1,TMA00318,False,False,False,none
khpfpnep-1,TMA00318,False,False,False,none
khpgajno-1,TMA00318,False,False,False,none
khphmmll-1,TMA00318,False,False,False,none
khphnhcc-1,TMA00318,False,False,False,none
khpkegcf-1,TMA00318,False,False,False,none
khpkpacc-1,TMA00318,False,False,False,none
khpljaal-1,TMA00318,False,False,False,none
kiabklmc-1,TMA00318,False,False,False,none
kiacmgdn-1,TMA00318,False,False,False,none
kiamahjl-1,TMA00318,False,False,False,none
kiamghbg-1,TMA00318,False,False,False,none
kiaonbni-1,TMA00318,False,False,False,none
kibaefmf-1,TMA00318,False,False,False,none
kibfgenj-1,TMA00318,False,False,False,none
kibfmjii-1,TMA00318,False,False,False,none
kibfpkph-1,TMA00318,False,False,False,none
kibgmkbg-1,TMA00318,False,False,False,none
kibgogne-1,TMA00318,False,False,False,none
kibidjkg-1,TMA00318,False,False,False,none
kibjdhng-1,TMA00318,False,False,False,none
kiblhjdg-1,TMA00318,False,False,False,none
kibmjhil-1,TMA00318,False,False,False,none
kicbbdmg-1,TMA00318,False,False,False,none
kicdakic-1,TMA00318,False,False,False,none
kicefkcp-1,TMA00318,False,False,False,none
kicfhkia-1,TMA00318,False,False,False,none
kicghpel-1,TMA00318,False,False,False,none
kickphjp-1,TMA00318,False,False,False,none
kiclccfd-1,TMA00318,False,False,False,none
kiclioca-1,TMA00318,False,False,False,none
kidbfihm-1,TMA00318,False,False,False,none
kidlhfcd-1,TMA00318,False,False,False,none
kidmlhbh-1,TMA00318,False,False,False,none
kidmnggk-1,TMA00318,False,False,False,none
kieicpof-1,TMA00318,False,False,False,none
kiejhcdg-1,TMA00318,False,False,False,none
kiekpane-1,TMA00318,False,False,False,none
kifaefco-1,TMA00318,False,False,False,none
kifecbci-1,TMA00318,False,False,False,none
kiffdaok-1,TMA00318,False,False,False,none
kifmmcfi-1,TMA00318,False,False,False,none
kifnbgnb-1,TMA00318,False,False,False,none
kifnkinl-1,TMA00318,False,False,False,none
kigdcgkn-1,TMA00318,False,False,False,none
kigiogkl-1,TMA00318,False,False,False,none
kigmfadf-1,TMA00318,False,False,False,none
kihbpfpf-1,TMA00318,False,False,False,none
kihcogmb-1,TMA00318,False,False,False,none
kihdecfg-1,TMA00318,False,False,False,none
kihgildo-1,TMA00318,False,False,False,none
kihhcpdb-1,TMA00318,False,False,False,none
kihhmfhc-1,TMA00318,False,False,False,none
kiilleca-1,TMA00318,False,False,False,none
kiimdjaf-1,TMA00318,False,False,False,none
kiimkaee-1,TMA00318,False,False,False,none
kiiobcci-1,TMA00318,False,False,False,none
kijkeblg-1,TMA00318,False,False,False,none
kijlkddi-1,TMA00318,False,False,False,none
kikddmad-1,TMA00318,False,False,False,none
kikefcoc-1,TMA00318,False,False,False,none
kikhdjel-1,TMA00318,False,False,False,none
kikhflfg-1,TMA00318,False,False,False,none
kikijami-1,TMA00318,False,False,False,none
kikkckkk-1,TMA00318,False,False,False,none
kikkhenf-1,TMA00318,False,False,False,none
kilcgjbm-1,TMA00318,False,False,False,none
kilfbnej-1,TMA00318,False,False,False,none
kilgommn-1,TMA00318,False,False,False,none
kiligfii-1,TMA00318,False,False,False,none
kiliojga-1,TMA00318,False,False,False,none
kilkoehd-1,TMA00318,False,False,False,none
kilmhemg-1,TMA00318,False,False,False,none
kilnijcn-1,TMA00318,False,False,False,none
kimbmojg-1,TMA00318,False,False,False,none
kimjkjod-1,TMA00318,False,False,False,none
kimkolma-1,TMA00318,False,False,False,none
kimldaod-1,TMA00318,False,False,False,none
kimlfigi-1,TMA00318,False,False,False,none
kinajnah-1,TMA00318,False,False,False,none
kingbppk-1,TMA00318,False,False,False,none
kinjnief-1,TMA00318,False,False,False,none
kinocjoc-1,TMA00318,False,False,False,none
kinogklb-1,TMA00318,False,False,False,none
kinohimd-1,TMA00318,False,False,False,none
kiobnlld-1,TMA00318,False,False,False,none
kiodacab-1,TMA00318,False,False,False,none
kiofcpbb-1,TMA00318,False,False,False,none
kiognajj-1,TMA00318,False,False,False,none
kiohnoch-1,TMA00318,False,False,False,none
kiolbmmj-1,TMA00318,False,False,False,none
kiolhajh-1,TMA00318,False,False,False,none
kionndhl-1,TMA00318,False,False,False,none
kiooaphk-1,TMA00318,False,False,False,none
kipainpn-1,TMA00318,False,False,False,none
kipdnehe-1,TMA00318,False,False,False,none
kipfmjmk-1,TMA00318,False,False,False,none
kiphgedc-1,TMA00318,False,False,False,none
kipholjm-1,TMA00318,False,False,False,none
kipodloe-1,TMA00318,False,False,False,none
kjacecbm-1,TMA00318,False,False,False,none
kjadiigi-1,TMA00318,False,False,False,none
kjafagfi-1,TMA00318,False,False,False,none
kjahhiof-1,TMA00318,False,False,False,none
kjalcdlp-1,TMA00318,False,False,False,none
kjamcien-1,TMA00318,False,False,False,none
kjbdclpn-1,TMA00318,False,False,False,none
kjbgihnk-1,TMA00318,False,False,False,none
kjbhcblh-1,TMA00318,False,False,False,none
kjbjodgh-1,TMA00318,False,False,False,none
kjcdmekg-1,TMA00318,False,False,False,none
kjcgfgff-1,TMA00318,False,False,False,none
kjchjpoa-1,TMA00318,False,False,False,none
kjchocpj-1,TMA00318,False,False,False,none
kjdcnimj-1,TMA00318,False,False,False,none
kjdleall-1,TMA00318,False,False,False,none
kjdllaep-1,TMA00318,False,False,False,none
kjdlmeag-1,TMA00318,False,False,False,none
kjdofhcg-1,TMA00318,False,False,False,none
kjdpgidf-1,TMA00318,False,False,False,none
kjeablkd-1,TMA00318,False,False,False,none
kjeajhaa-1,TMA00318,False,False,False,none
kjeboeeh-1,TMA00318,False,False,False,none
kjegjhfp-1,TMA00318,False,False,False,none
kjehnjcp-1,TMA00318,False,False,False,none
kjehobbj-1,TMA00318,False,False,False,none
kjejaapm-1,TMA00318,False,False,False,none
kjejoggd-1,TMA00318,False,False,False,none
kjekpomd-1,TMA00318,False,False,False,none
kjeogldi-1,TMA00318,False,False,False,none
kjepphen-1,TMA00318,False,False,False,none
kjfconlh-1,TMA00318,False,False,False,none
kjfffjnl-1,TMA00318,False,False,False,none
kjfgfgjf-1,TMA00318,False,False,False,none
kjfihmhn-1,TMA00318,False,False,False,none
kjfjdbmj-1,TMA00318,False,False,False,none
kjfkbaai-1,TMA00318,False,False,False,none
kjgcojif-1,TMA00318,False,False,False,none
kjglignf-1,TMA00318,False,False,False,none
kjgochjm-1,TMA00318,False,False,False,none
kjhafdjc-1,TMA00318,False,False,False,none
kjhckcgm-1,TMA00318,False,False,False,none
kjhhdldk-1,TMA00318,False,False,False,none
kjhjnjdc-1,TMA00318,False,False,False,none
kjhokjkl-1,TMA00318,False,False,False,none
kjihflnp-1,TMA00318,False,False,False,none
kjihlcmj-1,TMA00318,False,False,False,none
kjijneij-1,TMA00318,False,False,False,none
kjijodmc-1,TMA00318,False,False,False,none
kjimgmpp-1,TMA00318,False,False,False,none
kjipignn-1,TMA00318,False,False,False,none
kjjakjph-1,TMA00318,False,False,False,none
kjjjannj-1,TMA00318,False,False,False,none
kjjnhdje-1,TMA00318,False,False,False,none
kjjnlaco-1,TMA00318,False,False,False,none
kjkgepna-1,TMA00318,False,False,False,none
kjkhbidp-1,TMA00318,False,False,False,none
kjkheojc-1,TMA00318,False,False,False,none
kjlbaoah-1,TMA00318,False,False,False,none
kjlgphhg-1,TMA00318,False,False,False,none
kjlkccfj-1,TMA00318,False,False,False,none
kjlnhpcn-1,TMA00318,False,False,False,none
kjlpbpai-1,TMA00318,False,False,False,none
kjmadbcn-1,TMA00318,False,False,False,none
kjmanabj-1,TMA00318,False,False,False,none
kjmcagje-1,TMA00318,False,False,False,none
kjmfjklg-1,TMA00318,False,False,False,none
kjmmmffo-1,TMA00318,False,False,False,none
kjndafdd-1,TMA00318,False,False,False,none
kjnffenm-1,TMA00318,False,False,False,none
kjnfkjjf-1,TMA00318,False,False,False,none
kjnhidpc-1,TMA00318,False,False,False,none
kjnjlfcf-1,TMA00318,False,False,False,none
kjnldnjj-1,TMA00318,False,False,False,none
kjnmlkcd-1,TMA00318,False,False,False,none
kjnnidjd-1,TMA00318,False,False,False,none
kjnnihae-1,TMA00318,False,False,False,none
kjnpgbbo-1,TMA00318,False,False,False,none
kjnpkghe-1,TMA00318,False,False,False,none
kjoaledo-1,TMA00318,False,False,False,none
kjocpkdp-1,TMA00318,False,False,False,none
kjodnohk-1,TMA00318,False,False,False,none
kjojhcll-1,TMA00318,False,False,False,none
kjoogfph-1,TMA00318,False,False,False,none
kjooicgm-1,TMA00318,False,False,False,none
kjopjeof-1,TMA00318,False,False,False,none
kjpecchi-1,TMA00318,False,False,False,none
kjpejmlg-1,TMA00318,False,False,False,none
kjpghmcg-1,TMA00318,False,False,False,none
kkaajgmf-1,TMA00318,False,False,False,none
kkacpdma-1,TMA00318,False,False,False,none
kkadiacj-1,TMA00318,False,False,False,none
kkafbkbn-1,TMA00318,False,False,False,none
kkagkacb-1,TMA00318,False,False,False,none
kkalhnef-1,TMA00318,False,False,False,none
kkapfcgk-1,TMA00318,False,False,False,none
kkbacdgc-1,TMA00318,True,False,False,EGFP_Seq1_hi
kkbaeceb-1,TMA00318,False,False,False,none
kkbebphm-1,TMA00318,False,False,False,none
kkbelifm-1,TMA00318,False,False,False,none
kkbfkpol-1,TMA00318,False,False,False,none
kkbnncbb-1,TMA00318,False,False,False,none
kkbodmoj-1,TMA00318,False,False,False,none
kkcakfdj-1,TMA00318,False,False,False,none
kkcebghb-1,TMA00318,False,False,False,none
kkcnmnkm-1,TMA00318,False,False,False,none
kkdahbdg-1,TMA00318,False,False,False,none
kkdfhnak-1,TMA00318,False,False,False,none
kkdipbha-1,TMA00318,False,False,False,none
kkeakidg-1,TMA00318,False,False,False,none
kkedgdnm-1,TMA00318,False,False,False,none
kkefacbd-1,TMA00318,False,False,False,none
kkefdghm-1,TMA00318,False,False,False,none
kkenhhlh-1,TMA00318,False,False,False,none
kkfbfhfl-1,TMA00318,False,False,False,none
kkfdiafj-1,TMA00318,False,False,False,none
kkfdjnlf-1,TMA00318,False,False,False,none
kkffecnl-1,TMA00318,False,False,False,none
kkfhdonn-1,TMA00318,False,False,False,none
kkficagd-1,TMA00318,False,False,False,none
kkgafheh-1,TMA00318,False,False,False,none
kkgefgom-1,TMA00318,False,False,False,none
kkgndgej-1,TMA00318,False,False,False,none
kkgolgcl-1,TMA00318,False,False,False,none
kkgpbmii-1,TMA00318,False,False,False,none
kkhbkbij-1,TMA00318,False,False,False,none
kkhcnfjn-1,TMA00318,False,False,False,none
kkhgbcdc-1,TMA00318,False,False,False,none
kkhmgdea-1,TMA00318,False,False,False,none
kkhnplgn-1,TMA00318,False,False,False,none
kkhpoofc-1,TMA00318,False,False,False,none
kkidioha-1,TMA00318,False,False,False,none
kkidmjgo-1,TMA00318,False,False,False,none
kkiehlfp-1,TMA00318,False,False,False,none
kkiglhed-1,TMA00318,False,False,False,none
kkijloob-1,TMA00318,False,False,False,none
kkilhgob-1,TMA00318,False,False,False,none
kkimaogk-1,TMA00318,False,False,False,none
kkjahjim-1,TMA00318,False,False,False,none
kkjdkeag-1,TMA00318,False,False,False,none
kkjfeaph-1,TMA00318,False,False,False,none
kkjipejg-1,TMA00318,False,False,False,none
kkjkplnj-1,TMA00318,False,False,False,none
kkjladmj-1,TMA00318,False,False,False,none
kkjlbajg-1,TMA00318,False,False,False,none
kkjlolnl-1,TMA00318,False,False,False,none
kkkcnojc-1,TMA00318,False,False,False,none
kkkidbfj-1,TMA00318,False,False,False,none
kkklmeme-1,TMA00318,False,False,False,none
kkkpgpll-1,TMA00318,False,False,False,none
kkkppagb-1,TMA00318,False,False,False,none
kklamgbi-1,TMA00318,False,False,False,none
kklcjdgj-1,TMA00318,False,False,False,none
kklddgmm-1,TMA00318,False,False,False,none
kklhbgca-1,TMA00318,False,False,False,none
kklidcpf-1,TMA00318,False,False,False,none
kklihblc-1,TMA00318,False,False,False,none
kkljdejj-1,TMA00318,False,False,False,none
kkllemgp-1,TMA00318,False,False,False,none
kklmfpbk-1,TMA00318,False,False,False,none
kklnaegi-1,TMA00318,False,False,False,none
kklnonch-1,TMA00318,False,False,False,none
kklpfdnf-1,TMA00318,False,False,False,none
kkmjdkfd-1,TMA00318,False,False,False,none
kkmjlcip-1,TMA00318,False,False,False,none
kkmlpbch-1,TMA00318,False,False,False,none
kkmmmmod-1,TMA00318,False,False,False,none
kkncdgch-1,TMA00318,False,False,False,none
kkndiicg-1,TMA00318,False,False,False,none
kkndonhe-1,TMA00318,False,False,False,none
kkneicop-1,TMA00318,False,False,False,none
kknmoncp-1,TMA00318,False,False,False,none
kkoappgh-1,TMA00318,False,False,False,none
kkobkkpg-1,TMA00318,False,False,False,none
kkoinfik-1,TMA00318,False,False,False,none
kkojjcdc-1,TMA00318,False,False,False,none
kkokhddb-1,TMA00318,False,False,False,none
kkolaadl-1,TMA00318,False,False,False,none
kkoodgbd-1,TMA00318,False,False,False,none
kkoojklh-1,TMA00318,False,False,False,none
kkpdmfnh-1,TMA00318,False,False,False,none
kkppbcgh-1,TMA00318,False,False,False,none
klaffgji-1,TMA00318,False,False,False,none
klafibnk-1,TMA00318,False,False,False,none
klajcahf-1,TMA00318,False,False,False,none
klajpdec-1,TMA00318,False,False,False,none
klamdbbe-1,TMA00318,False,False,False,none
klamofjf-1,TMA00318,False,False,False,none
klbahjec-1,TMA00318,False,False,False,none
klbbgbbn-1,TMA00318,False,False,False,none
klbbkieg-1,TMA00318,False,False,False,none
klbjbjmn-1,TMA00318,False,False,False,none
klbkccgc-1,TMA00318,False,False,False,none
klbnbcpj-1,TMA00318,False,False,False,none
klbobake-1,TMA00318,False,False,False,none
klbpnmol-1,TMA00318,False,False,False,none
klcekjoh-1,TMA00318,False,False,False,none
klcncapd-1,TMA00318,False,False,False,none
klcncdng-1,TMA00318,False,False,False,none
kldbcchc-1,TMA00318,False,False,False,none
kldbhjcd-1,TMA00318,False,False,False,none
kldjgnbd-1,TMA00318,False,False,False,none
kldomgff-1,TMA00318,False,False,False,none
kleakboc-1,TMA00318,False,False,False,none
klebkgbi-1,TMA00318,False,False,False,none
kledcclb-1,TMA00318,False,False,False,none
klehnldg-1,TMA00318,False,False,False,none
kleicpkm-1,TMA00318,False,False,False,none
kleiihgn-1,TMA00318,False,False,False,none
kleimdab-1,TMA00318,False,False,False,none
klekahpl-1,TMA00318,False,False,False,none
kleopjgn-1,TMA00318,False,False,False,none
klfailba-1,TMA00318,False,False,False,none
klfapjok-1,TMA00318,False,False,False,none
klfekkml-1,TMA00318,False,False,False,none
klffoink-1,TMA00318,False,False,False,none
klfmepen-1,TMA00318,False,False,False,none
klfmfjjc-1,TMA00318,False,False,False,none
klfmigji-1,TMA00318,False,False,False,none
klfoflgn-1,TMA00318,False,False,False,none
klgblmao-1,TMA00318,False,False,False,none
klgcokmo-1,TMA00318,False,False,False,none
klgjomnk-1,TMA00318,False,False,False,none
klgknlfm-1,TMA00318,False,False,False,none
klgndcod-1,TMA00318,False,False,False,none
klgnicep-1,TMA00318,False,False,False,none
klhajfkp-1,TMA00318,False,False,False,none
klhddojh-1,TMA00318,False,False,False,none
klhdebhl-1,TMA00318,False,False,False,none
klhfcpfo-1,TMA00318,False,False,False,none
klhgbepa-1,TMA00318,False,False,False,none
klhiflpn-1,TMA00318,False,False,False,none
klhmpdjo-1,TMA00318,False,False,False,none
klhnhhko-1,TMA00318,False,False,False,none
klidebge-1,TMA00318,False,False,False,none
kliebfhg-1,TMA00318,False,False,False,none
klijclnf-1,TMA00318,False,False,False,none
klildach-1,TMA00318,False,False,False,none
klilobch-1,TMA00318,False,False,False,none
kliobnac-1,TMA00318,False,False,False,none
kljgdiof-1,TMA00318,False,False,False,none
kljhgclo-1,TMA00318,False,False,False,none
kljkbflf-1,TMA00318,False,False,False,none
kljojhoo-1,TMA00318,False,False,False,none
kljopmmo-1,TMA00318,False,False,False,none
kljpikfd-1,TMA00318,False,False,False,none
kljpnoln-1,TMA00318,False,False,False,none
klkefblb-1,TMA00318,False,False,False,none
klkpeapo-1,TMA00318,False,False,False,none
kllajjni-1,TMA00318,False,False,False,none
kllbibbb-1,TMA00318,False,False,False,none
kllcllcc-1,TMA00318,False,False,False,none
klldacdp-1,TMA00318,False,False,False,none
kllhdngf-1,TMA00318,False,False,False,none
kllimihj-1,TMA00318,False,False,False,none
kllljfpn-1,TMA00318,False,False,False,none
klmmikok-1,TMA00318,False,False,False,none
klmnlhga-1,TMA00318,False,False,False,none
klmoncaa-1,TMA00318,False,False,False,none
klnaimoe-1,TMA00318,False,False,False,none
klnghbkg-1,TMA00318,False,False,False,none
klnicnfl-1,TMA00318,False,False,False,none
klnnmjdf-1,TMA00318,False,False,False,none
klnobdfk-1,TMA00318,False,False,False,none
klnoilaf-1,TMA00318,False,False,False,none
kloakoda-1,TMA00318,False,False,False,none
klohagep-1,TMA00318,False,False,False,none
klojngmn-1,TMA00318,False,False,False,none
klopbcoh-1,TMA00318,False,False,False,none
klpdkbko-1,TMA00318,False,True,False,dTomato_Seq2_hi
klpffjhh-1,TMA00318,False,False,False,none
klpfkefg-1,TMA00318,False,False,False,none
klpicnop-1,TMA00318,False,False,False,none
klplhnii-1,TMA00318,False,False,False,none
klpmmokp-1,TMA00318,False,False,False,none
kmacpoak-1,TMA00318,False,False,False,none
kmaeaghb-1,TMA00318,False,False,False,none
kmafbffh-1,TMA00318,False,False,False,none
kmagkfbl-1,TMA00318,False,False,False,none
kmalnkof-1,TMA00318,False,False,False,none
kmbfmpaa-1,TMA00318,False,False,False,none
kmbojghl-1,TMA00318,False,False,False,none
kmbpclpg-1,TMA00318,False,False,False,none
kmcalhci-1,TMA00318,False,False,False,none
kmcbapjb-1,TMA00318,False,False,False,none
kmcjkkap-1,TMA00318,False,False,False,none
kmckbbfj-1,TMA00318,False,False,False,none
kmckinec-1,TMA00318,False,False,False,none
kmclgpod-1,TMA00318,False,False,False,none
kmcnkiap-1,TMA00318,False,False,False,none
kmcpblde-1,TMA00318,False,False,False,none
kmdcdmch-1,TMA00318,False,False,False,none
kmdcfidd-1,TMA00318,False,False,False,none
kmdcngad-1,TMA00318,False,False,False,none
kmddnepk-1,TMA00318,False,False,False,none
kmdjmbmn-1,TMA00318,False,False,False,none
kmdlkkgc-1,TMA00318,False,False,False,none
kmecmpfm-1,TMA00318,False,False,False,none
kmefpnei-1,TMA00318,False,False,False,none
kmehaloi-1,TMA00318,False,False,False,none
kmehegnn-1,TMA00318,False,False,False,none
kmekeemc-1,TMA00318,False,False,False,none
kmemmfcj-1,TMA00318,False,False,False,none
kmfdcfpe-1,TMA00318,False,False,False,none
kmfdgehj-1,TMA00318,False,False,False,none
kmfhjlne-1,TMA00318,False,False,False,none
kmfjffad-1,TMA00318,False,False,False,none
kmflcmjd-1,TMA00318,False,False,False,none
kmfnmhdk-1,TMA00318,False,False,False,none
kmfplfln-1,TMA00318,False,False,False,none
kmgdfcid-1,TMA00318,False,False,False,none
kmgdnhij-1,TMA00318,False,False,False,none
kmgeaeka-1,TMA00318,False,False,False,none
kmgfkgfn-1,TMA00318,False,False,False,none
kmglpmmj-1,TMA00318,False,False,False,none
kmhghhdm-1,TMA00318,False,False,False,none
kmhhnnmg-1,TMA00318,False,False,False,none
kmhmegjn-1,TMA00318,False,False,False,none
kmhobbjn-1,TMA00318,False,False,False,none
kmhpblel-1,TMA00318,False,False,False,none
kmhpnknb-1,TMA00318,False,False,False,none
kmibafae-1,TMA00318,False,False,False,none
kmifapae-1,TMA00318,False,False,False,none
kmiiceda-1,TMA00318,False,False,False,none
kmijlbal-1,TMA00318,False,False,False,none
kmiolbne-1,TMA00318,False,False,False,none
kmjabghn-1,TMA00318,False,False,False,none
kmjbioeo-1,TMA00318,False,False,False,none
kmjegode-1,TMA00318,False,False,False,none
kmjfdfbh-1,TMA00318,False,False,False,none
kmjfkicb-1,TMA00318,False,False,False,none
kmjgkcao-1,TMA00318,False,False,False,none
kmjgmona-1,TMA00318,False,False,False,none
kmjifkfo-1,TMA00318,False,False,False,none
kmjpjjnj-1,TMA00318,False,False,False,none
kmkbejmi-1,TMA00318,False,False,False,none
kmkcaikg-1,TMA00318,False,False,False,none
kmkccfah-1,TMA00318,False,False,False,none
kmkceajb-1,TMA00318,False,False,False,none
kmkenplb-1,TMA00318,False,False,False,none
kmkgdaga-1,TMA00318,False,False,False,none
kmknpkjl-1,TMA00318,False,False,False,none
kmkodcnm-1,TMA00318,False,False,False,none
kmkohbob-1,TMA00318,False,False,False,none
kmkohmko-1,TMA00318,False,False,False,none
kmkppjng-1,TMA00318,False,False,False,none
kmlbfjjp-1,TMA00318,False,False,False,none
kmleeokd-1,TMA00318,False,False,False,none
kmlleaoo-1,TMA00318,False,False,False,none
kmllpcec-1,TMA00318,False,False,False,none
kmlmegmp-1,TMA00318,False,False,False,none
kmlmimdj-1,TMA00318,False,True,False,dTomato_Seq2_hi
kmlndbmk-1,TMA00318,False,False,False,none
kmmegkjj-1,TMA00318,False,False,False,none
kmmgjmeh-1,TMA00318,False,False,False,none
kmmjckek-1,TMA00318,False,False,False,none
kmmnhecb-1,TMA00318,False,False,False,none
kmnbcajl-1,TMA00318,False,False,False,none
kmnkicpi-1,TMA00318,False,False,False,none
kmnmebkl-1,TMA00318,False,False,False,none
kmnoklho-1,TMA00318,False,False,False,none
kmoaciaf-1,TMA00318,False,False,False,none
kmocbdad-1,TMA00318,False,False,False,none
kmogpblh-1,TMA00318,False,False,False,none
kmojeelo-1,TMA00318,False,False,False,none
kmokngeo-1,TMA00318,False,False,False,none
kmpanbed-1,TMA00318,False,False,False,none
kmpdmpfb-1,TMA00318,False,False,False,none
kmpgjkgl-1,TMA00318,False,False,False,none
kmphpaid-1,TMA00318,False,False,False,none
kmpkjhkc-1,TMA00318,False,False,False,none
kmplhaej-1,TMA00318,False,False,False,none
kmpnjieb-1,TMA00318,False,False,False,none
kmpogidi-1,TMA00318,False,False,False,none
kmppmhdj-1,TMA00318,False,False,False,none
knadjmhe-1,TMA00318,False,False,False,none
knaenlgi-1,TMA00318,False,False,False,none
knafmcdm-1,TMA00318,False,False,False,none
knahpacd-1,TMA00318,False,False,False,none
knamjgpk-1,TMA00318,False,False,False,none
knbailjb-1,TMA00318,False,False,False,none
knbdiain-1,TMA00318,False,False,False,none
knbeaklk-1,TMA00318,False,False,False,none
knbgdiol-1,TMA00318,False,False,False,none
knbgfoak-1,TMA00318,False,False,False,none
knbgifhh-1,TMA00318,False,False,False,none
knbgnoin-1,TMA00318,False,False,False,none
knbjkhgb-1,TMA00318,False,False,False,none
knbjolnj-1,TMA00318,False,False,False,none
knbknnff-1,TMA00318,False,False,False,none
knblkhfo-1,TMA00318,False,False,False,none
knbnahag-1,TMA00318,False,False,False,none
knbolbjn-1,TMA00318,False,False,False,none
knbpgeki-1,TMA00318,False,False,False,none
knccckem-1,TMA00318,False,False,False,none
kncfnban-1,TMA00318,False,False,False,none
knchehei-1,TMA00318,False,False,False,none
knckgjmi-1,TMA00318,False,False,False,none
kndcbbel-1,TMA00318,False,False,False,none
knddomjm-1,TMA00318,False,False,False,none
kndfgdel-1,TMA00318,False,False,False,none
kndglhll-1,TMA00318,False,False,False,none
kndkglmg-1,TMA00318,False,False,False,none
kndmgaca-1,TMA00318,False,False,False,none
kndpilig-1,TMA00318,False,False,False,none
kneahadn-1,TMA00318,False,False,False,none
knefhmka-1,TMA00318,False,False,False,none
knejhgjd-1,TMA00318,False,False,False,none
knekeeda-1,TMA00318,False,False,False,none
kneldkli-1,TMA00318,False,False,False,none
knfakgjk-1,TMA00318,False,False,False,none
knfblnmg-1,TMA00318,False,False,False,none
knfdfjli-1,TMA00318,False,False,False,none
knfigbib-1,TMA00318,False,False,False,none
knfikico-1,TMA00318,False,False,False,none
knfikkde-1,TMA00318,False,False,False,none
knfjjkjl-1,TMA00318,False,False,False,none
kngjaidf-1,TMA00318,False,False,False,none
knhaaahf-1,TMA00318,False,False,False,none
knhjiegp-1,TMA00318,False,False,False,none
knhoahnm-1,TMA00318,False,False,False,none
knifebba-1,TMA00318,False,False,False,none
knigfeoe-1,TMA00318,False,False,False,none
knijolah-1,TMA00318,False,False,False,none
knjbccpb-1,TMA00318,False,False,False,none
knjemefl-1,TMA00318,False,False,False,none
knjilape-1,TMA00318,False,False,False,none
knkagedc-1,TMA00318,False,False,False,none
knkcbmec-1,TMA00318,False,False,False,none
knkcnekp-1,TMA00318,False,False,False,none
knkkfdee-1,TMA00318,False,False,False,none
knkljadp-1,TMA00318,False,False,False,none
knlalfkd-1,TMA00318,False,False,False,none
knlkoknf-1,TMA00318,False,False,False,none
knmaacbg-1,TMA00318,False,False,False,none
knmkdkkp-1,TMA00318,False,False,False,none
knmliaij-1,TMA00318,False,False,False,none
knnafbjo-1,TMA00318,False,False,False,none
knnbncni-1,TMA00318,False,False,False,none
knnbphdh-1,TMA00318,False,False,False,none
knnfmlle-1,TMA00318,False,False,False,none
knngfhhe-1,TMA00318,False,False,False,none
knnjbppk-1,TMA00318,False,False,False,none
knodcnlc-1,TMA00318,False,False,False,none
knoknoha-1,TMA00318,False,False,False,none
knoodgep-1,TMA00318,False,False,False,none
knopbgke-1,TMA00318,False,False,False,none
knpcnipg-1,TMA00318,False,False,False,none
knpgnefi-1,TMA00318,False,False,False,none
knpjcijj-1,TMA00318,False,False,False,none
knpmkbek-1,TMA00318,False,False,False,none
knpoegej-1,TMA00318,False,False,False,none
knppgjpf-1,TMA00318,False,False,False,none
knppioea-1,TMA00318,False,False,False,none
koaeaodd-1,TMA00318,False,False,False,none
koajiodc-1,TMA00318,False,False,False,none
koajpdkf-1,TMA00318,False,False,False,none
koaobnih-1,TMA00318,False,False,False,none
kobcbjpp-1,TMA00318,False,False,False,none
kobcjoan-1,TMA00318,False,False,False,none
kobecegl-1,TMA00318,False,False,False,none
kobfadol-1,TMA00318,False,False,False,none
kobfbgcd-1,TMA00318,False,False,False,none
kobjccmh-1,TMA00318,False,False,False,none
kobladnj-1,TMA00318,False,False,False,none
kobncelp-1,TMA00318,False,False,False,none
kocbghmk-1,TMA00318,False,False,False,none
kocgpkeb-1,TMA00318,False,False,False,none
kocnciom-1,TMA00318,False,False,False,none
kocoeecm-1,TMA00318,False,False,False,none
kodgkepd-1,TMA00318,False,False,False,none
kodnmaad-1,TMA00318,False,False,False,none
koeaadpa-1,TMA00318,False,False,False,none
koedmnhj-1,TMA00318,False,False,False,none
koefgalh-1,TMA00318,False,False,False,none
koeoapob-1,TMA00318,False,False,False,none
koepbfeh-1,TMA00318,False,False,False,none
koepiino-1,TMA00318,False,False,False,none
kofaiahd-1,TMA00318,False,False,False,none
kofelkhm-1,TMA00318,False,False,False,none
kofgcfdp-1,TMA00318,False,False,False,none
kofjfhnb-1,TMA00318,False,False,False,none
kofmegci-1,TMA00318,False,False,False,none
kofnfelc-1,TMA00318,False,False,False,none
kogbgdab-1,TMA00318,False,False,False,none
kogcbhee-1,TMA00318,False,False,False,none
kogcppic-1,TMA00318,False,False,False,none
kogehpla-1,TMA00318,False,False,False,none
koggkhfd-1,TMA00318,False,False,False,none
kogkdlli-1,TMA00318,False,False,False,none
kogpdjip-1,TMA00318,False,False,False,none
kogpkjik-1,TMA00318,False,True,False,dTomato_Seq2_hi
kohaimpj-1,TMA00318,False,False,False,none
kohfkfho-1,TMA00318,False,False,False,none
kohhnfkp-1,TMA00318,False,False,False,none
kohiigij-1,TMA00318,False,False,False,none
kohjbgno-1,TMA00318,False,False,False,none
koiedilc-1,TMA00318,False,False,False,none
koiffpca-1,TMA00318,False,False,False,none
koigmcjj-1,TMA00318,False,False,False,none
koimpbim-1,TMA00318,False,False,False,none
kojeampf-1,TMA00318,False,False,False,none
kojolefb-1,TMA00318,False,False,False,none
kokahjbk-1,TMA00318,False,False,False,none
kokdlhfd-1,TMA00318,False,False,False,none
kokimhkj-1,TMA00318,False,False,False,none
kokkdcpk-1,TMA00318,False,False,False,none
koklmofh-1,TMA00318,False,False,False,none
koklnnca-1,TMA00318,False,False,False,none
kokopleb-1,TMA00318,False,False,False,none
kolbmggm-1,TMA00318,False,False,False,none
kolbnoij-1,TMA00318,False,False,False,none
kolbpkbl-1,TMA00318,False,False,False,none
kolhjhfk-1,TMA00318,False,False,False,none
kombblcn-1,TMA00318,False,False,False,none
komcbipi-1,TMA00318,False,False,False,none
komcenfl-1,TMA00318,False,False,False,none
komekkke-1,TMA00318,False,False,False,none
komfcldh-1,TMA00318,False,False,False,none
komkkjnn-1,TMA00318,False,False,False,none
kommiblc-1,TMA00318,False,False,False,none
komonmha-1,TMA00318,False,False,False,none
koneefdc-1,TMA00318,False,False,False,none
konhaiok-1,TMA00318,False,False,False,none
konhphpo-1,TMA00318,False,False,False,none
konjmldo-1,TMA00318,False,False,False,none
konkdeig-1,TMA00318,False,False,False,none
konkdfkc-1,TMA00318,False,False,False,none
konlemhj-1,TMA00318,False,False,False,none
konndpca-1,TMA00318,False,False,False,none
koocpgak-1,TMA00318,False,False,False,none
koogieif-1,TMA00318,False,False,False,none
kookndhd-1,TMA00318,False,False,False,none
koopggii-1,TMA00318,False,False,False,none
kopbfbad-1,TMA00318,False,False,False,none
kopdbgbb-1,TMA00318,False,False,False,none
kopdepom-1,TMA00318,False,False,False,none
kopeafge-1,TMA00318,False,False,False,none
kopgnngl-1,TMA00318,False,False,False,none
kopijheg-1,TMA00318,False,False,False,none
koppkned-1,TMA00318,False,False,False,none
kpacicpi-1,TMA00318,False,False,False,none
kpaenjpp-1,TMA00318,False,False,False,none
kpajhcjc-1,TMA00318,False,False,False,none
kpakmfod-1,TMA00318,False,False,False,none
kpbdmafd-1,TMA00318,False,False,False,none
kpbgknab-1,TMA00318,False,False,False,none
kpbjbjac-1,TMA00318,False,False,False,none
kpbmhbfl-1,TMA00318,False,False,False,none
kpcabnpd-1,TMA00318,False,False,False,none
kpccoofe-1,TMA00318,False,False,False,none
kpcdmbhd-1,TMA00318,False,False,False,none
kpceccem-1,TMA00318,False,False,False,none
kpcijmcd-1,TMA00318,False,False,False,none
kpcjgmfp-1,TMA00318,False,False,False,none
kpcjihkf-1,TMA00318,False,False,False,none
kpdblcja-1,TMA00318,False,False,False,none
kpdiglcd-1,TMA00318,False,False,False,none
kpdnaklf-1,TMA00318,False,False,False,none
kpefnoek-1,TMA00318,False,False,False,none
kpeilcpi-1,TMA00318,False,False,False,none
kpejmlhm-1,TMA00318,False,False,False,none
kpemnokk-1,TMA00318,False,False,False,none
kpenenpg-1,TMA00318,False,False,False,none
kpgcmfjk-1,TMA00318,False,False,False,none
kpgmbcak-1,TMA00318,False,False,False,none
kpgmjmec-1,TMA00318,False,False,False,none
kphjaeff-1,TMA00318,False,False,False,none
kpjpccia-1,TMA00318,False,False,False,none
kpkdejcb-1,TMA00318,False,False,False,none
kpkdfkcd-1,TMA00318,False,False,False,none
kpkgjiaj-1,TMA00318,False,False,False,none
kpkhelcf-1,TMA00318,False,False,False,none
kpkiakbb-1,TMA00318,False,False,False,none
kpkldmgg-1,TMA00318,False,False,False,none
kplgolmn-1,TMA00318,False,False,False,none
kpmgihmc-1,TMA00318,False,False,False,none
kpmpbphc-1,TMA00318,False,False,False,none
kpnepbop-1,TMA00318,False,False,False,none
kpnkjgpk-1,TMA00318,False,False,False,none
kpnlkhoi-1,TMA00318,False,False,False,none
kpnpgglj-1,TMA00318,False,False,False,none
kpoaibbh-1,TMA00318,False,False,False,none
kpoenboa-1,TMA00318,False,False,False,none
kpohloha-1,TMA00318,False,False,False,none
kpoicjkg-1,TMA00318,False,False,False,none
kpoionnm-1,TMA00318,False,False,False,none
kpokhnkc-1,TMA00318,False,False,False,none
kppdpnfg-1,TMA00318,False,False,False,none
labnmhbh-1,TMA00318,False,False,False,none
lacgmock-1,TMA00318,False,False,False,none
laeakgdk-1,TMA00318,False,False,False,none
lafgghan-1,TMA00318,False,False,False,none
lagdldac-1,TMA00318,False,False,False,none
lagldhke-1,TMA00318,False,False,False,none
lagodpgf-1,TMA00318,False,False,False,none
lagpccen-1,TMA00318,False,False,False,none
lahdopci-1,TMA00318,False,False,False,none
laianlcm-1,TMA00318,False,False,False,none
laiconbl-1,TMA00318,False,False,False,none
lailjhhi-1,TMA00318,False,False,False,none
lakkocob-1,TMA00318,False,False,False,none
lalbmmim-1,TMA00318,False,False,False,none
lalcbogo-1,TMA00318,False,False,False,none
lalgifbf-1,TMA00318,False,False,False,none
lanbmdfc-1,TMA00318,False,False,False,none
langmcoj-1,TMA00318,False,False,False,none
lanhabcm-1,TMA00318,False,False,False,none
lankhiid-1,TMA00318,False,False,False,none
lanmbkpc-1,TMA00318,False,False,False,none
laoakamb-1,TMA00318,False,False,False,none
laolgdin-1,TMA00318,False,False,False,none
laomfjcc-1,TMA00318,False,False,False,none
laonpdpp-1,TMA00318,False,False,False,none
laopjjia-1,TMA00318,False,False,False,none
lapcnehd-1,TMA00318,False,False,False,none
lapgpkab-1,TMA00318,False,False,False,none
lbabiagf-1,TMA00318,False,False,False,none
lbadablm-1,TMA00318,False,False,False,none
lbahclek-1,TMA00318,False,False,False,none
lbahkgin-1,TMA00318,False,False,False,none
lbajdnbf-1,TMA00318,False,False,False,none
lbbepnjf-1,TMA00318,False,False,False,none
lbbjohpc-1,TMA00318,False,False,False,none
lbcflell-1,TMA00318,False,False,False,none
lbchlcjo-1,TMA00318,False,False,False,none
lbcilcpc-1,TMA00318,False,False,False,none
lbdjeoam-1,TMA00318,False,False,False,none
lbdkcogp-1,TMA00318,False,False,False,none
lbdojllo-1,TMA00318,False,False,False,none
lbeenfen-1,TMA00318,False,False,False,none
lbemigbm-1,TMA00318,False,False,False,none
lbfbjoni-1,TMA00318,False,False,False,none
lbfcefgl-1,TMA00318,False,False,False,none
lbfmnojg-1,TMA00318,False,False,False,none
lbgenclb-1,TMA00318,False,False,False,none
lbgengnm-1,TMA00318,False,False,False,none
lbgfoncd-1,TMA00318,False,False,False,none
lbgheipa-1,TMA00318,False,False,False,none
lbglnben-1,TMA00318,False,False,False,none
lbhbgcgk-1,TMA00318,False,False,False,none
lbhclkho-1,TMA00318,False,False,False,none
lbheagei-1,TMA00318,False,False,False,none
lbimhkio-1,TMA00318,False,False,False,none
lbjaacgc-1,TMA00318,False,False,False,none
lbkbfimh-1,TMA00318,False,False,False,none
lbkdpbcm-1,TMA00318,False,False,False,none
lbkidnof-1,TMA00318,False,False,False,none
lblbbgmi-1,TMA00318,False,False,False,none
lbljmokj-1,TMA00318,False,False,False,none
lbljopih-1,TMA00318,False,False,False,none
lbllmgeg-1,TMA00318,False,False,False,none
lblmfgfn-1,TMA00318,False,False,False,none
lblnimnk-1,TMA00318,False,False,False,none
lblppmfa-1,TMA00318,False,False,False,none
lbmdeplp-1,TMA00318,False,False,False,none
lbmhbfop-1,TMA00318,False,False,False,none
lbmldgme-1,TMA00318,False,False,False,none
lbmndnpo-1,TMA00318,False,False,False,none
lbmodfai-1,TMA00318,False,False,False,none
lbnhljge-1,TMA00318,False,False,False,none
lbnnbfcl-1,TMA00318,False,False,False,none
lbobhmml-1,TMA00318,False,False,False,none
lbobkkpi-1,TMA00318,False,False,False,none
lbofjdcj-1,TMA00318,False,False,False,none
lbofkacc-1,TMA00318,False,False,False,none
lbofnmdl-1,TMA00318,False,False,False,none
lbogcanp-1,TMA00318,False,False,False,none
lbogkfmp-1,TMA00318,False,False,False,none
lbogpgpp-1,TMA00318,False,False,False,none
lbokakaf-1,TMA00318,False,False,False,none
lbokmfel-1,TMA00318,False,False,False,none
lboldhdl-1,TMA00318,False,False,False,none
lbooaanh-1,TMA00318,False,False,False,none
lbpdhjga-1,TMA00318,False,False,False,none
lbpllckp-1,TMA00318,False,False,False,none
lbpmbflc-1,TMA00318,False,False,False,none
lbpmhioo-1,TMA00318,False,False,False,none
lbpnbcpa-1,TMA00318,False,False,False,none
lbpnbjcf-1,TMA00318,False,False,False,none
lbppkepn-1,TMA00318,False,False,False,none
lcaaleln-1,TMA00318,False,False,False,none
lcabjclp-1,TMA00318,False,False,False,none
lcaiphoc-1,TMA00318,False,False,False,none
lcajlkgg-1,TMA00318,False,False,False,none
lcammgda-1,TMA00318,False,False,False,none
lcaohdek-1,TMA00318,False,False,False,none
lcapbngo-1,TMA00318,False,False,False,none
lcbabdhm-1,TMA00318,False,False,False,none
lcbbdmen-1,TMA00318,False,False,False,none
lcbjcdgf-1,TMA00318,False,False,False,none
lcbjmgic-1,TMA00318,False,False,False,none
lcbpgcnm-1,TMA00318,False,False,False,none
lcddmjfp-1,TMA00318,False,False,False,none
lcdlfkof-1,TMA00318,False,False,False,none
lcdlnjnf-1,TMA00318,False,False,False,none
lcihidok-1,TMA00318,False,False,False,none
lcikbnan-1,TMA00318,False,False,False,none
lcipjnoe-1,TMA00318,False,False,False,none
lcjehkfk-1,TMA00318,False,False,False,none
lcjmokej-1,TMA00318,False,False,False,none
lcjpjgnf-1,TMA00318,False,False,False,none
lckjhdmi-1,TMA00318,False,False,False,none
lclnjegd-1,TMA00318,False,False,False,none
lclofpmn-1,TMA00318,False,False,False,none
lclpghol-1,TMA00318,False,False,False,none
lcmchcjg-1,TMA00318,False,False,False,none
lcmnljef-1,TMA00318,False,False,False,none
lcnacgbg-1,TMA00318,False,False,False,none
lcnhpdme-1,TMA00318,False,False,False,none
lcodndmh-1,TMA00318,False,False,False,none
lcojfppl-1,TMA00318,False,False,False,none
lcojhgbj-1,TMA00318,False,False,False,none
lcojpcan-1,TMA00318,False,False,False,none
lcoloiea-1,TMA00318,False,False,False,none
lcomjiha-1,TMA00318,False,False,False,none
lcpakdci-1,TMA00318,False,False,False,none
lcphomhi-1,TMA00318,False,False,False,none
lcpjlndf-1,TMA00318,False,False,False,none
lcpkeolm-1,TMA00318,False,False,False,none
ldaaijjj-1,TMA00318,False,False,False,none
ldagipac-1,TMA00318,False,False,False,none
ldahcohf-1,TMA00318,False,False,False,none
ldajbffo-1,TMA00318,False,False,False,none
ldaklmai-1,TMA00318,False,False,False,none
ldankboe-1,TMA00318,False,False,False,none
ldanlcno-1,TMA00318,False,False,False,none
ldanongg-1,TMA00318,False,False,False,none
ldaonhja-1,TMA00318,False,False,False,none
ldbafcjf-1,TMA00318,False,False,False,none
ldbfglfd-1,TMA00318,False,False,False,none
ldbfhhnb-1,TMA00318,False,False,False,none
ldbhhkml-1,TMA00318,False,False,False,none
ldbhpabl-1,TMA00318,False,False,False,none
ldcoanna-1,TMA00318,False,False,False,none
ldcohfnn-1,TMA00318,False,False,False,none
ldcpjebp-1,TMA00318,False,False,False,none
lddcejlg-1,TMA00318,False,False,False,none
lddhieah-1,TMA00318,False,False,False,none
lddhllmd-1,TMA00318,False,False,False,none
lddihefn-1,TMA00318,False,False,False,none
lddjlfpn-1,TMA00318,False,False,False,none
lddmgpao-1,TMA00318,False,False,False,none
lddnhiii-1,TMA00318,False,False,False,none
ldeaaeni-1,TMA00318,False,False,False,none
ldeahadd-1,TMA00318,False,False,False,none
ldeailpc-1,TMA00318,False,False,False,none
ldebehbl-1,TMA00318,False,False,False,none
ldefgmjn-1,TMA00318,False,False,False,none
ldegehha-1,TMA00318,False,False,False,none
ldehdkbi-1,TMA00318,False,False,False,none
ldeieefl-1,TMA00318,False,False,False,none
ldejjoph-1,TMA00318,False,False,False,none
ldekgoel-1,TMA00318,False,False,False,none
ldelphhl-1,TMA00318,False,False,False,none
ldendlan-1,TMA00318,False,False,False,none
ldfabjoo-1,TMA00318,False,False,False,none
ldfcgnih-1,TMA00318,False,False,False,none
ldffdhog-1,TMA00318,False,False,False,none
ldgffjkl-1,TMA00318,False,False,False,none
ldghnkfj-1,TMA00318,False,False,False,none
ldghodka-1,TMA00318,False,False,False,none
ldgnlijm-1,TMA00318,False,False,False,none
ldhgkici-1,TMA00318,False,False,False,none
ldhidbhl-1,TMA00318,False,False,False,none
ldhifbpc-1,TMA00318,False,False,False,none
ldhmngdd-1,TMA00318,False,False,False,none
ldhndlpd-1,TMA00318,False,False,False,none
ldibjcfi-1,TMA00318,False,False,False,none
ldigmhdg-1,TMA00318,False,False,False,none
ldiilbji-1,TMA00318,False,False,False,none
ldijlmha-1,TMA00318,False,False,False,none
ldjcdkga-1,TMA00318,False,False,False,none
ldjdgddl-1,TMA00318,False,False,False,none
ldjhblii-1,TMA00318,False,False,False,none
ldjlhjjb-1,TMA00318,False,False,False,none
ldkbcmej-1,TMA00318,False,False,False,none
ldkebpke-1,TMA00318,False,False,False,none
ldkjiiko-1,TMA00318,False,False,False,none
ldklfakf-1,TMA00318,False,False,False,none
ldlakdhk-1,TMA00318,False,False,False,none
ldlbeioi-1,TMA00318,False,False,False,none
ldlbpllg-1,TMA00318,False,False,False,none
ldlcdnck-1,TMA00318,False,False,False,none
ldliiaea-1,TMA00318,False,False,False,none
ldlkiidd-1,TMA00318,False,False,False,none
ldmbeaig-1,TMA00318,False,False,False,none
ldmfindd-1,TMA00318,False,False,False,none
ldmjpjjo-1,TMA00318,False,False,False,none
ldmmfeap-1,TMA00318,False,False,False,none
ldmofhbf-1,TMA00318,False,False,False,none
ldnejdjg-1,TMA00318,False,False,False,none
ldneknim-1,TMA00318,False,False,False,none
ldnfcgfm-1,TMA00318,False,False,False,none
ldnggigl-1,TMA00318,False,False,False,none
ldobffcl-1,TMA00318,False,False,False,none
ldocikpj-1,TMA00318,False,False,False,none
ldodbkik-1,TMA00318,False,False,False,none
ldodflcg-1,TMA00318,False,False,False,none
ldoepopl-1,TMA00318,False,False,False,none
ldofejph-1,TMA00318,False,False,False,none
ldomebjn-1,TMA00318,False,False,False,none
ldomjiga-1,TMA00318,False,False,False,none
ldpbbajd-1,TMA00318,False,False,False,none
ldpbgmje-1,TMA00318,False,False,False,none
ldpflehb-1,TMA00318,False,False,False,none
ldpgclbj-1,TMA00318,False,False,False,none
ldpiemlo-1,TMA00318,False,False,False,none
ldpjlnmj-1,TMA00318,False,False,False,none
ldpkdaia-1,TMA00318,False,False,False,none
ldpmance-1,TMA00318,False,False,False,none
leafcneo-1,TMA00318,False,False,False,none
leafmple-1,TMA00318,False,False,False,none
leahhgob-1,TMA00318,False,False,False,none
leailodj-1,TMA00318,False,False,False,none
leakejfi-1,TMA00318,False,False,False,none
leamamen-1,TMA00318,False,False,False,none
leamonoe-1,TMA00318,False,False,False,none
leaomkim-1,TMA00318,False,False,False,none
lebaoadb-1,TMA00318,False,False,False,none
lebbfolo-1,TMA00318,False,False,False,none
lebbmppo-1,TMA00318,False,False,False,none
lebcpgjm-1,TMA00318,False,False,False,none
lebfjepp-1,TMA00318,False,False,False,none
lebhafld-1,TMA00318,False,False,False,none
lebhppoh-1,TMA00318,False,False,False,none
lebiolhm-1,TMA00318,False,False,False,none
lebjjecm-1,TMA00318,False,False,False,none
lebponni-1,TMA00318,False,False,False,none
lecglljd-1,TMA00318,False,False,False,none
lecgninp-1,TMA00318,False,False,False,none
lechmick-1,TMA00318,False,False,False,none
ledcaajn-1,TMA00318,False,False,False,none
ledcbfjb-1,TMA00318,False,False,False,none
ledeefkj-1,TMA00318,False,False,False,none
ledhkfgp-1,TMA00318,False,False,False,none
ledinhpn-1,TMA00318,False,False,False,none
ledklppd-1,TMA00318,False,False,False,none
ledmbjbj-1,TMA00318,False,False,False,none
lednbmga-1,TMA00318,False,False,False,none
leebaoji-1,TMA00318,False,False,False,none
leecmjdl-1,TMA00318,False,False,False,none
leeeipdo-1,TMA00318,False,False,False,none
leefheni-1,TMA00318,False,False,False,none
leegagmg-1,TMA00318,False,False,False,none
leemccdh-1,TMA00318,False,False,False,none
leempnaf-1,TMA00318,False,False,False,none
leeojiab-1,TMA00318,False,False,False,none
leepbmaa-1,TMA00318,False,False,False,none
leepifll-1,TMA00318,False,False,False,none
leepjeeh-1,TMA00318,False,False,False,none
lefjcoap-1,TMA00318,False,False,False,none
lefokhig-1,TMA00318,False,False,False,none
legaogjd-1,TMA00318,False,False,False,none
legbgcnn-1,TMA00318,False,False,False,none
legdecmb-1,TMA00318,False,False,False,none
legdljmf-1,TMA00318,False,False,False,none
leghmgcf-1,TMA00318,False,False,False,none
legjgpdo-1,TMA00318,False,False,False,none
leglghgj-1,TMA00318,False,False,False,none
legmmapb-1,TMA00318,False,False,False,none
legppcee-1,TMA00318,False,False,False,none
lehadpif-1,TMA00318,False,False,False,none
leheknge-1,TMA00318,False,False,False,none
lehffomj-1,TMA00318,False,False,False,none
lehglmkk-1,TMA00318,False,False,False,none
lehklmah-1,TMA00318,False,False,False,none
lehodckg-1,TMA00318,False,False,False,none
lehojgno-1,TMA00318,False,False,False,none
lehppbpo-1,TMA00318,False,False,False,none
leiaemhk-1,TMA00318,False,False,False,none
leichgnd-1,TMA00318,False,False,False,none
leigfaio-1,TMA00318,False,False,False,none
leihpohh-1,TMA00318,False,False,False,none
leiklbke-1,TMA00318,False,False,False,none
leilhndo-1,TMA00318,False,False,False,none
leinfnda-1,TMA00318,False,False,False,none
lejcgohe-1,TMA00318,False,False,False,none
lejfhnjo-1,TMA00318,False,False,False,none
lejicfdo-1,TMA00318,False,False,False,none
lejjoffo-1,TMA00318,False,False,False,none
lejmhdda-1,TMA00318,False,False,False,none
lejmmeog-1,TMA00318,False,False,False,none
lekbbaaa-1,TMA00318,False,False,False,none
lekdgpbk-1,TMA00318,False,False,False,none
lekfimhh-1,TMA00318,False,False,False,none
lekkccci-1,TMA00318,False,False,False,none
leklpngj-1,TMA00318,False,False,False,none
lekpabog-1,TMA00318,False,False,False,none
lelalbgg-1,TMA00318,False,False,False,none
lelbdlep-1,TMA00318,False,False,False,none
lelcpncm-1,TMA00318,False,False,False,none
lelhblph-1,TMA00318,False,False,False,none
lelokddm-1,TMA00318,False,False,False,none
lelppekl-1,TMA00318,False,False,False,none
lemdbihn-1,TMA00318,False,False,False,none
lemfinea-1,TMA00318,False,False,False,none
lemhghkm-1,TMA00318,False,False,False,none
lemjnnkl-1,TMA00318,False,False,False,none
lemkimnc-1,TMA00318,False,False,False,none
lemmbhic-1,TMA00318,False,False,False,none
lemmcilj-1,TMA00318,False,False,False,none
lenbgake-1,TMA00318,False,False,False,none
lencikbp-1,TMA00318,False,False,False,none
lenegepc-1,TMA00318,False,False,False,none
lengabnk-1,TMA00318,False,False,False,none
lenioael-1,TMA00318,False,False,False,none
lennnifo-1,TMA00318,False,False,False,none
leobhdfo-1,TMA00318,False,False,False,none
leodkakb-1,TMA00318,False,False,False,none
leodnkae-1,TMA00318,False,False,False,none
leoflail-1,TMA00318,False,False,False,none
leolifpj-1,TMA00318,False,False,False,none
leomljef-1,TMA00318,False,False,False,none
lepaefgj-1,TMA00318,False,False,False,none
lepblfgk-1,TMA00318,False,False,False,none
lepdohcc-1,TMA00318,False,False,False,none
lfaffdmi-1,TMA00318,False,False,False,none
lfanphpo-1,TMA00318,False,False,False,none
lfbbgdbh-1,TMA00318,False,False,False,none
lfbccfci-1,TMA00318,False,False,False,none
lfbfdoak-1,TMA00318,False,False,False,none
lfbjkohg-1,TMA00318,False,False,False,none
lfbkklge-1,TMA00318,False,False,False,none
lfblolnf-1,TMA00318,False,False,False,none
lfbnmneo-1,TMA00318,False,False,False,none
lfbnnebk-1,TMA00318,False,False,False,none
lfbpedna-1,TMA00318,False,False,False,none
lfbpniee-1,TMA00318,False,False,False,none
lfcbibla-1,TMA00318,False,False,False,none
lfckbbea-1,TMA00318,False,False,False,none
lfclfick-1,TMA00318,False,False,False,none
lfcoabee-1,TMA00318,False,False,False,none
lfcojfoh-1,TMA00318,False,False,False,none
lfdbahlk-1,TMA00318,False,False,False,none
lfdeafbd-1,TMA00318,False,False,False,none
lfdmbpil-1,TMA00318,False,False,False,none
lfebndhb-1,TMA00318,False,False,False,none
lfedndpc-1,TMA00318,False,False,False,none
lfefigfd-1,TMA00318,False,False,False,none
lfegeked-1,TMA00318,False,False,False,none
lfekcodb-1,TMA00318,False,False,False,none
lfephbig-1,TMA00318,False,False,False,none
lfepnppk-1,TMA00318,False,False,False,none
lffacnlp-1,TMA00318,False,False,False,none
lffaoacc-1,TMA00318,False,False,False,none
lffbiaip-1,TMA00318,False,False,False,none
lffbjngd-1,TMA00318,False,False,False,none
lffdcgoo-1,TMA00318,False,False,False,none
lffibpkb-1,TMA00318,False,False,False,none
lffmolke-1,TMA00318,False,False,False,none
lfgcmjdp-1,TMA00318,False,False,False,none
lfgdabfh-1,TMA00318,False,False,False,none
lfghjcdh-1,TMA00318,False,False,False,none
lfgkklob-1,TMA00318,False,False,False,none
lfgknfom-1,TMA00318,False,False,False,none
lfgonpnm-1,TMA00318,False,False,False,none
lfhcfnba-1,TMA00318,False,False,False,none
lfhdlnbj-1,TMA00318,False,False,False,none
lfhdokli-1,TMA00318,False,False,False,none
lfhfbfhh-1,TMA00318,False,False,False,none
lfhfhmdk-1,TMA00318,False,False,False,none
lfhhpnnc-1,TMA00318,False,False,False,none
lfhlmnca-1,TMA00318,False,False,False,none
lfhnhdpa-1,TMA00318,False,False,False,none
lfhpkdpp-1,TMA00318,False,False,False,none
lfiafbch-1,TMA00318,False,False,False,none
lficjphb-1,TMA00318,False,False,False,none
lfiednnb-1,TMA00318,False,False,False,none
lfihfplk-1,TMA00318,False,False,False,none
lfiojkfk-1,TMA00318,False,False,False,none
lfioogho-1,TMA00318,False,False,False,none
lfjablmi-1,TMA00318,False,False,False,none
lfjafdoh-1,TMA00318,False,False,False,none
lfjaihlg-1,TMA00318,False,False,False,none
lfjannhj-1,TMA00318,False,False,False,none
lfjaplca-1,TMA00318,False,False,False,none
lfjemaad-1,TMA00318,False,False,False,none
lfjlgcmo-1,TMA00318,False,False,False,none
lfkeaojo-1,TMA00318,False,False,False,none
lfkjioon-1,TMA00318,False,False,False,none
lfkmedjm-1,TMA00318,False,False,False,none
lfkophif-1,TMA00318,False,False,False,none
lflbhepk-1,TMA00318,False,False,False,none
lflnndca-1,TMA00318,False,False,False,none
lflpaiod-1,TMA00318,False,False,False,none
lflpogcf-1,TMA00318,False,False,False,none
lfmalmkp-1,TMA00318,False,False,False,none
lfmbkgjb-1,TMA00318,False,False,False,none
lfmeilik-1,TMA00318,False,False,False,none
lfmiijmg-1,TMA00318,False,False,False,none
lfmjaajd-1,TMA00318,False,False,False,none
lfmmbnoe-1,TMA00318,False,False,False,none
lfmmebkb-1,TMA00318,False,False,False,none
lfnbcjcd-1,TMA00318,False,False,False,none
lfnpojjl-1,TMA00318,False,False,False,none
lfoeipfj-1,TMA00318,False,False,False,none
lfofefmo-1,TMA00318,False,False,False,none
lfoiagfc-1,TMA00318,False,False,False,none
lfojjleg-1,TMA00318,False,False,False,none
lfokpnlk-1,TMA00318,False,False,False,none
lfolgeei-1,TMA00318,False,False,False,none
lfolmfpk-1,TMA00318,False,False,False,none
lfomchik-1,TMA00318,False,False,False,none
lfopfemf-1,TMA00318,False,False,False,none
lfpgcilj-1,TMA00318,False,False,False,none
lfpghcbk-1,TMA00318,False,False,False,none
lfpihkje-1,TMA00318,False,False,False,none
lfpjfack-1,TMA00318,False,False,False,none
lfpjhefd-1,TMA00318,False,False,False,none
lfpkenko-1,TMA00318,False,False,False,none
lfpnfmfn-1,TMA00318,False,False,False,none
lfpnihnm-1,TMA00318,False,False,False,none
lfpombmk-1,TMA00318,False,False,False,none
lgablpif-1,TMA00318,False,False,False,none
lgaddkko-1,TMA00318,False,False,False,none
lgafaooi-1,TMA00318,False,False,False,none
lgaibemp-1,TMA00318,False,False,False,none
lgakffkg-1,TMA00318,False,False,False,none
lgakgcoc-1,TMA00318,False,False,False,none
lgalijpj-1,TMA00318,False,False,False,none
lgallpkf-1,TMA00318,False,False,False,none
lgbdaian-1,TMA00318,False,False,False,none
lgbdogkp-1,TMA00318,False,False,False,none
lgbfghki-1,TMA00318,False,False,False,none
lgbigcne-1,TMA00318,False,False,False,none
lgbiongp-1,TMA00318,False,False,False,none
lgbjiplp-1,TMA00318,False,False,False,none
lgcggieo-1,TMA00318,False,False,False,none
lgckcijm-1,TMA00318,False,False,False,none
lgclgfdb-1,TMA00318,False,False,False,none
lgcpgjed-1,TMA00318,False,False,False,none
lgdbenbd-1,TMA00318,False,False,False,none
lgdcajge-1,TMA00318,False,False,False,none
lgddbcap-1,TMA00318,False,False,False,none
lgdggojd-1,TMA00318,False,False,False,none
lgdhjenp-1,TMA00318,False,False,False,none
lgdnmjlf-1,TMA00318,False,False,False,none
lgdpmjgk-1,TMA00318,False,False,False,none
lgebclhi-1,TMA00318,False,False,False,none
lgefgmlo-1,TMA00318,False,False,False,none
lgegdlaa-1,TMA00318,False,False,False,none
lgekapln-1,TMA00318,False,False,False,none
lgfaglaj-1,TMA00318,False,False,False,none
lgfapdjo-1,TMA00318,False,False,False,none
lgfcnghh-1,TMA00318,False,False,False,none
lgfdfigk-1,TMA00318,False,False,False,none
lgfelabp-1,TMA00318,False,False,False,none
lgfgbeoc-1,TMA00318,False,False,False,none
lgfnlopl-1,TMA00318,False,False,False,none
lgfogled-1,TMA00318,False,False,False,none
lgfolbke-1,TMA00318,False,False,False,none
lgfpncbn-1,TMA00318,False,False,False,none
lggfmcmc-1,TMA00318,False,False,False,none
lggjjine-1,TMA00318,False,False,False,none
lggjolib-1,TMA00318,False,False,False,none
lggkldma-1,TMA00318,False,False,False,none
lgglfhba-1,TMA00318,False,False,False,none
lgglnpjo-1,TMA00318,False,False,False,none
lggnanbe-1,TMA00318,False,False,False,none
lghaglng-1,TMA00318,False,False,False,none
lghciikd-1,TMA00318,False,False,False,none
lghddgfb-1,TMA00318,False,False,False,none
lgheleae-1,TMA00318,False,False,False,none
lghicdog-1,TMA00318,False,False,False,none
lghjjdmm-1,TMA00318,False,False,False,none
lghjndnb-1,TMA00318,False,False,False,none
lghkjjeo-1,TMA00318,False,False,False,none
lghlcaki-1,TMA00318,False,False,False,none
lghmmkpm-1,TMA00318,False,False,False,none
lgicfiod-1,TMA00318,False,False,False,none
lgidflpa-1,TMA00318,False,False,False,none
lgihbkcj-1,TMA00318,False,False,False,none
lgimapgc-1,TMA00318,False,False,False,none
lginpiin-1,TMA00318,False,False,False,none
lgjbjhie-1,TMA00318,False,False,False,none
lgjeddgo-1,TMA00318,False,False,False,none
lgjeeiep-1,TMA00318,False,False,False,none
lgjgmado-1,TMA00318,False,False,False,none
lgjifiif-1,TMA00318,False,False,False,none
lgjikkda-1,TMA00318,False,False,False,none
lgjldldl-1,TMA00318,False,False,False,none
lgkdeaek-1,TMA00318,False,False,False,none
lgkdoian-1,TMA00318,False,False,False,none
lgkhfncc-1,TMA00318,False,False,False,none
lgkhllpg-1,TMA00318,False,False,False,none
lglbghch-1,TMA00318,False,False,False,none
lglcicdn-1,TMA00318,False,False,False,none
lglgjjbi-1,TMA00318,False,False,False,none
lglhkbdn-1,TMA00318,False,False,False,none
lgljnjpl-1,TMA00318,False,False,False,none
lglkkahk-1,TMA00318,False,False,False,none
lglnhjii-1,TMA00318,False,False,False,none
lgmcdpik-1,TMA00318,False,False,False,none
lgmdahfd-1,TMA00318,False,False,False,none
lgmfmaoa-1,TMA00318,False,False,False,none
lgmkliff-1,TMA00318,False,False,False,none
lgmmghpj-1,TMA00318,False,False,False,none
lgnehgej-1,TMA00318,False,False,False,none
lgnjnamk-1,TMA00318,False,False,False,none
lgobpmjo-1,TMA00318,False,False,False,none
lgogfana-1,TMA00318,False,False,False,none
lgokonbd-1,TMA00318,False,False,False,none
lgopkkpf-1,TMA00318,False,False,False,none
lgopnobd-1,TMA00318,False,False,False,none
lgpcemdn-1,TMA00318,False,False,False,none
lgpchidl-1,TMA00318,False,False,False,none
lgpedbdo-1,TMA00318,False,False,False,none
lgpianan-1,TMA00318,False,False,False,none
lgpkojcb-1,TMA00318,False,False,False,none
lhadknhn-1,TMA00318,False,False,False,none
lhafmoch-1,TMA00318,False,False,False,none
lhaicnek-1,TMA00318,False,False,False,none
lhaiiijm-1,TMA00318,False,False,False,none
lhbjihen-1,TMA00318,False,False,False,none
lhbmbinp-1,TMA00318,False,False,False,none
lhbpofgp-1,TMA00318,False,False,False,none
lhcfjgih-1,TMA00318,False,False,False,none
lhchafgk-1,TMA00318,False,False,False,none
lhcionlf-1,TMA00318,False,False,False,none
lhcnjccm-1,TMA00318,False,False,False,none
lhdknhlm-1,TMA00318,False,False,False,none
lhdmmlfk-1,TMA00318,False,False,False,none
lhebiiho-1,TMA00318,False,False,False,none
lhecnbii-1,TMA00318,False,False,False,none
lhedaahh-1,TMA00318,False,False,False,none
lhekdefe-1,TMA00318,False,False,False,none
lhekgfna-1,TMA00318,False,False,False,none
lhepkedi-1,TMA00318,False,False,False,none
lhfhedei-1,TMA00318,False,False,False,none
lhfhijni-1,TMA00318,False,False,False,none
lhfnkfej-1,TMA00318,False,False,False,none
lhfogejd-1,TMA00318,False,False,False,none
lhgdpgnl-1,TMA00318,False,False,False,none
lhgenpcc-1,TMA00318,False,False,False,none
lhghacfh-1,TMA00318,False,False,False,none
lhghkgaf-1,TMA00318,False,False,False,none
lhgjdfin-1,TMA00318,False,False,False,none
lhhdcjmd-1,TMA00318,False,False,False,none
lhhejnpe-1,TMA00318,False,False,False,none
lhhfdokl-1,TMA00318,False,False,False,none
lhhkpedi-1,TMA00318,False,False,False,none
lhhmmblm-1,TMA00318,False,False,False,none
lhhomiaf-1,TMA00318,False,False,False,none
lhiehmco-1,TMA00318,False,False,False,none
lhijjfal-1,TMA00318,False,False,False,none
lhimomfk-1,TMA00318,False,False,False,none
lhipbgom-1,TMA00318,False,False,False,none
lhjaoiga-1,TMA00318,False,False,False,none
lhjfbhap-1,TMA00318,False,False,False,none
lhjfemdc-1,TMA00318,False,False,False,none
lhjkljpl-1,TMA00318,False,False,False,none
lhkbhfhm-1,TMA00318,False,False,False,none
lhkjahba-1,TMA00318,False,False,False,none
lhkkdecn-1,TMA00318,False,False,False,none
lhkpbbbb-1,TMA00318,False,False,False,none
lhleobag-1,TMA00318,False,False,False,none
lhlgkdep-1,TMA00318,False,False,False,none
lhlkfimc-1,TMA00318,False,False,False,none
lhmamjkp-1,TMA00318,False,False,False,none
lhmdnhof-1,TMA00318,False,False,False,none
lhmenmad-1,TMA00318,False,False,False,none
lhmfokmn-1,TMA00318,False,False,False,none
lhmlmmni-1,TMA00318,False,False,False,none
lhmppjhe-1,TMA00318,False,False,False,none
lhnalofi-1,TMA00318,False,False,False,none
lhndjcpf-1,TMA00318,False,False,False,none
lhneflho-1,TMA00318,False,False,False,none
lhngjgjg-1,TMA00318,False,False,False,none
lhnjbgnh-1,TMA00318,False,False,False,none
lhnphjjn-1,TMA00318,False,False,False,none
lhoigmjd-1,TMA00318,False,False,False,none
lholofme-1,TMA00318,False,False,False,none
lhonjdnd-1,TMA00318,False,False,False,none
lhoonlna-1,TMA00318,False,False,False,none
lhpbdija-1,TMA00318,False,False,False,none
lhpfplmm-1,TMA00318,False,False,False,none
lhpliipf-1,TMA00318,False,False,False,none
liaepefn-1,TMA00318,False,False,False,none
liagaeaj-1,TMA00318,False,False,False,none
liagehki-1,TMA00318,False,False,False,none
liaglkeg-1,TMA00318,False,False,False,none
liakggok-1,TMA00318,False,False,False,none
libdchih-1,TMA00318,False,False,False,none
libilbdd-1,TMA00318,False,False,False,none
libiohbm-1,TMA00318,False,False,False,none
libjhbmb-1,TMA00318,False,False,False,none
liblnnjh-1,TMA00318,False,False,False,none
libnlmkm-1,TMA00318,False,False,False,none
licehfkp-1,TMA00318,False,False,False,none
licfgafp-1,TMA00318,False,False,False,none
licghndg-1,TMA00318,False,False,False,none
liciefpf-1,TMA00318,False,False,False,none
licpgpfp-1,TMA00318,False,False,False,none
licppgef-1,TMA00318,False,False,False,none
lidcokji-1,TMA00318,False,False,False,none
liddehog-1,TMA00318,False,False,False,none
lieapeld-1,TMA00318,False,False,False,none
liedmcde-1,TMA00318,False,False,False,none
liehknij-1,TMA00318,False,False,False,none
liejokfm-1,TMA00318,False,False,False,none
liekojnb-1,TMA00318,False,False,False,none
lielmbie-1,TMA00318,False,False,False,none
lienlfik-1,TMA00318,False,False,False,none
lifddoan-1,TMA00318,False,False,False,none
lifkaegh-1,TMA00318,False,False,False,none
lifkjnoe-1,TMA00318,False,False,False,none
lifpeiif-1,TMA00318,False,False,False,none
ligbdfpe-1,TMA00318,False,False,False,none
ligceoak-1,TMA00318,False,False,False,none
ligdalod-1,TMA00318,False,False,False,none
ligfbaph-1,TMA00318,False,False,False,none
ligfhphe-1,TMA00318,False,False,False,none
lighejll-1,TMA00318,False,False,False,none
ligkammg-1,TMA00318,False,False,False,none
lihmbocc-1,TMA00318,False,False,False,none
lihmcnmg-1,TMA00318,False,False,False,none
lihobdeo-1,TMA00318,False,False,False,none
lihpacnn-1,TMA00318,False,False,False,none
lihplddd-1,TMA00318,False,False,False,none
liibcebc-1,TMA00318,False,False,False,none
liiekiom-1,TMA00318,False,False,False,none
liimknkb-1,TMA00318,False,False,False,none
liinobll-1,TMA00318,False,False,False,none
lijaphfl-1,TMA00318,False,False,False,none
lijdjdij-1,TMA00318,False,False,False,none
lijdodli-1,TMA00318,False,False,False,none
lijfallp-1,TMA00318,False,False,False,none
lijggfni-1,TMA00318,False,False,False,none
lijlcihd-1,TMA00318,False,False,False,none
lijoepff-1,TMA00318,False,False,False,none
likefmld-1,TMA00318,False,False,False,none
likhfkcd-1,TMA00318,False,False,False,none
liklmbnd-1,TMA00318,False,False,False,none
likmeohc-1,TMA00318,False,False,False,none
lilaabki-1,TMA00318,False,False,False,none
lilfbfhb-1,TMA00318,False,False,False,none
lilgmiia-1,TMA00318,False,False,False,none
lillhkfe-1,TMA00318,False,False,False,none
lilmhhan-1,TMA00318,False,False,False,none
limampkc-1,TMA00318,False,False,False,none
limdhhlm-1,TMA00318,False,False,False,none
limebpin-1,TMA00318,False,False,False,none
limgcacc-1,TMA00318,False,False,False,none
limglneh-1,TMA00318,False,False,False,none
limifljh-1,TMA00318,False,False,False,none
linbojlp-1,TMA00318,False,False,False,none
lineaffk-1,TMA00318,False,False,False,none
lingmbkc-1,TMA00318,False,False,False,none
liochbal-1,TMA00318,False,False,False,none
liokahkg-1,TMA00318,False,False,False,none
liokeleh-1,TMA00318,False,False,False,none
lionjkla-1,TMA00318,False,False,False,none
liooebob-1,TMA00318,False,False,False,none
lipbichk-1,TMA00318,False,False,False,none
lipbnpgg-1,TMA00318,False,False,False,none
lipccjnj-1,TMA00318,False,False,False,none
lipcolpk-1,TMA00318,False,False,False,none
lipekffl-1,TMA00318,False,False,False,none
lipfhcio-1,TMA00318,False,False,False,none
lipimfah-1,TMA00318,False,False,False,none
lipioeml-1,TMA00318,False,False,False,none
lipkaiee-1,TMA00318,False,False,False,none
lipkjhjh-1,TMA00318,False,False,False,none
lippdapj-1,TMA00318,False,False,False,none
ljaccadp-1,TMA00318,False,False,False,none
ljagpcan-1,TMA00318,False,False,False,none
ljahlmjl-1,TMA00318,False,False,False,none
ljajaapn-1,TMA00318,False,False,False,none
ljalabjo-1,TMA00318,False,False,False,none
ljalehfn-1,TMA00318,False,False,False,none
ljamhood-1,TMA00318,False,False,False,none
ljammnlp-1,TMA00318,False,False,False,none
ljamnapg-1,TMA00318,False,False,False,none
ljaoggib-1,TMA00318,False,False,False,none
ljaohenc-1,TMA00318,False,False,False,none
ljbbcmgk-1,TMA00318,False,False,False,none
ljbbombo-1,TMA00318,False,False,False,none
ljbdbgin-1,TMA00318,False,False,False,none
ljbeddbg-1,TMA00318,False,False,False,none
ljbhclld-1,TMA00318,False,False,False,none
ljblokhp-1,TMA00318,False,False,False,none
ljbpaepl-1,TMA00318,False,False,False,none
ljccbimm-1,TMA00318,False,False,False,none
ljcljlgc-1,TMA00318,False,False,False,none
ljcnhfcn-1,TMA00318,False,False,False,none
ljdaikge-1,TMA00318,False,False,False,none
ljdcdnoj-1,TMA00318,False,False,False,none
ljddfbgk-1,TMA00318,False,False,False,none
ljddinhh-1,TMA00318,False,False,False,none
ljdeaeai-1,TMA00318,False,False,False,none
ljdebgij-1,TMA00318,False,False,False,none
ljdgdhhk-1,TMA00318,False,False,False,none
ljdiccka-1,TMA00318,False,False,False,none
ljdkgmnm-1,TMA00318,False,False,False,none
ljdmicng-1,TMA00318,False,False,False,none
ljeenaob-1,TMA00318,False,False,False,none
ljegnnlp-1,TMA00318,False,False,False,none
ljgfcfdf-1,TMA00318,False,False,False,none
ljglfnia-1,TMA00318,False,False,False,none
ljhbmbbf-1,TMA00318,False,False,False,none
ljhegaoh-1,TMA00318,False,False,False,none
ljhgkdbd-1,TMA00318,False,False,False,none
ljhhheha-1,TMA00318,False,False,False,none
ljhkddll-1,TMA00318,False,False,False,none
ljhknndm-1,TMA00318,False,False,False,none
ljhmbgne-1,TMA00318,False,False,False,none
ljiclcnn-1,TMA00318,False,False,False,none
ljicmdac-1,TMA00318,False,False,False,none
ljijollm-1,TMA00318,False,False,False,none
ljijomhj-1,TMA00318,False,False,False,none
ljikcelm-1,TMA00318,False,False,False,none
ljimalck-1,TMA00318,False,False,False,none
ljimckpb-1,TMA00318,False,False,False,none
ljimflbd-1,TMA00318,False,False,False,none
ljioknhc-1,TMA00318,False,False,False,none
ljiphghm-1,TMA00318,False,False,False,none
ljjacmom-1,TMA00318,False,False,False,none
ljjbjedb-1,TMA00318,False,False,False,none
ljjilldn-1,TMA00318,False,False,False,none
ljjoiibj-1,TMA00318,False,False,False,none
ljkibhhi-1,TMA00318,False,False,False,none
ljkkbkpm-1,TMA00318,False,False,False,none
ljkkfmek-1,TMA00318,False,False,False,none
ljkkilie-1,TMA00318,False,False,False,none
ljldmeek-1,TMA00318,False,False,False,none
ljlfenlb-1,TMA00318,False,False,False,none
ljlfonpa-1,TMA00318,False,False,False,none
ljlocbnf-1,TMA00318,False,False,False,none
ljmdpijp-1,TMA00318,False,False,False,none
ljmlabpe-1,TMA00318,False,False,False,none
ljncgnkf-1,TMA00318,False,False,False,none
ljnfapgk-1,TMA00318,False,False,False,none
ljnnemoj-1,TMA00318,False,False,False,none
ljoakpnm-1,TMA00318,False,False,False,none
ljodlkmc-1,TMA00318,False,False,False,none
ljohmlog-1,TMA00318,False,False,False,none
ljojdnjm-1,TMA00318,False,False,False,none
ljojphaj-1,TMA00318,False,False,False,none
ljopfefj-1,TMA00318,False,False,False,none
ljpcgeph-1,TMA00318,False,False,False,none
ljpdiffe-1,TMA00318,False,False,False,none
ljpfohli-1,TMA00318,False,False,False,none
ljpklpkd-1,TMA00318,False,False,False,none
ljpnilod-1,TMA00318,False,False,False,none
ljpojala-1,TMA00318,False,False,False,none
lkaehfcc-1,TMA00318,False,False,False,none
lkafkcdl-1,TMA00318,False,False,False,none
lkaimffm-1,TMA00318,False,False,False,none
lkbbfena-1,TMA00318,False,False,False,none
lkbgohon-1,TMA00318,False,False,False,none
lkbifimj-1,TMA00318,False,False,False,none
lkblehkn-1,TMA00318,False,False,False,none
lkcfglgi-1,TMA00318,False,False,False,none
lkcgamhh-1,TMA00318,False,False,False,none
lkcgklgb-1,TMA00318,False,False,False,none
lkcjkjna-1,TMA00318,False,False,False,none
lkcplaih-1,TMA00318,False,False,False,none
lkcppagh-1,TMA00318,False,False,False,none
lkdfolbc-1,TMA00318,False,False,False,none
lkdhljki-1,TMA00318,False,False,False,none
lkdmhcpl-1,TMA00318,False,False,False,none
lkdnmibi-1,TMA00318,False,False,False,none
lkegpakd-1,TMA00318,False,False,False,none
lkeinode-1,TMA00318,False,False,False,none
lkemgidc-1,TMA00318,False,False,False,none
lkempnde-1,TMA00318,False,False,False,none
lkfbamdj-1,TMA00318,False,False,False,none
lkfhfcko-1,TMA00318,False,False,False,none
lkfkhgjj-1,TMA00318,False,False,False,none
lkfoeabl-1,TMA00318,False,False,False,none
lkfppefd-1,TMA00318,False,False,False,none
lkgampfo-1,TMA00318,False,False,False,none
lkgdeipc-1,TMA00318,False,False,False,none
lkgijkam-1,TMA00318,False,False,False,none
lkhdbjfa-1,TMA00318,False,False,False,none
lkhdcomp-1,TMA00318,False,False,False,none
lkhfdkkl-1,TMA00318,False,False,False,none
lkhgoaih-1,TMA00318,False,False,False,none
lkhiedbg-1,TMA00318,False,False,False,none
lkhjmbfn-1,TMA00318,False,False,False,none
lkhmmnij-1,TMA00318,False,False,False,none
lkhmpmlf-1,TMA00318,False,False,False,none
lkiamgmg-1,TMA00318,False,False,False,none
lkiekjfd-1,TMA00318,False,False,False,none
lkifjgnl-1,TMA00318,False,False,False,none
lkigjfgj-1,TMA00318,False,False,False,none
lkijmkbb-1,TMA00318,False,False,False,none
lkjamnbn-1,TMA00318,False,False,False,none
lkjjgdkd-1,TMA00318,False,False,False,none
lkjloigb-1,TMA00318,False,False,False,none
lkkcgaah-1,TMA00318,False,False,False,none
lkkdnlng-1,TMA00318,False,False,False,none
lkkebhgb-1,TMA00318,False,False,False,none
lkkeclmn-1,TMA00318,False,False,False,none
lkkepncb-1,TMA00318,False,False,False,none
lkkfhhef-1,TMA00318,False,False,False,none
lklaepbc-1,TMA00318,False,False,False,none
lklahhii-1,TMA00318,False,False,False,none
lklemibp-1,TMA00318,False,False,False,none
lklphgam-1,TMA00318,False,False,False,none
lkmbehlp-1,TMA00318,False,False,False,none
lkmceneo-1,TMA00318,False,False,False,none
lkmlkgne-1,TMA00318,False,False,False,none
lkmmangp-1,TMA00318,False,False,False,none
lkmmcinl-1,TMA00318,False,False,False,none
lkmmgehe-1,TMA00318,False,False,False,none
lkmpfgkc-1,TMA00318,False,False,False,none
lknakjga-1,TMA00318,False,False,False,none
lknfjkkh-1,TMA00318,False,False,False,none
lknfmgee-1,TMA00318,False,False,False,none
lknnaalf-1,TMA00318,False,False,False,none
lkodilpm-1,TMA00318,False,False,False,none
lkoicldd-1,TMA00318,False,False,False,none
lkoiglnp-1,TMA00318,False,False,False,none
lkojmdko-1,TMA00318,False,False,False,none
llabmjcg-1,TMA00318,False,False,False,none
llaljipi-1,TMA00318,False,False,False,none
llalnnbg-1,TMA00318,False,False,False,none
llaohglk-1,TMA00318,False,False,False,none
llcckogg-1,TMA00318,False,False,False,none
llchiopf-1,TMA00318,False,False,False,none
llcikpbl-1,TMA00318,False,False,False,none
llcingfm-1,TMA00318,False,False,False,none
lldgommh-1,TMA00318,False,False,False,none
lleanhfc-1,TMA00318,False,False,False,none
llecajjd-1,TMA00318,False,False,False,none
llecjpfa-1,TMA00318,False,False,False,none
llekccih-1,TMA00318,False,False,False,none
llepekea-1,TMA00318,False,False,False,none
llfagdej-1,TMA00318,False,False,False,none
llfmfnea-1,TMA00318,False,False,False,none
llfpdgdg-1,TMA00318,False,False,False,none
llgbldml-1,TMA00318,False,False,False,none
llgddpnk-1,TMA00318,False,False,False,none
llgfmeeh-1,TMA00318,False,False,False,none
llglefkf-1,TMA00318,False,False,False,none
llgmglco-1,TMA00318,False,False,False,none
llgminio-1,TMA00318,False,False,False,none
llgnlikj-1,TMA00318,False,False,False,none
llgoppfk-1,TMA00318,False,False,False,none
llhbejnk-1,TMA00318,False,False,False,none
llhdanfa-1,TMA00318,False,False,False,none
llhebfpc-1,TMA00318,False,False,False,none
llhncmmc-1,TMA00318,False,False,False,none
llhodnae-1,TMA00318,False,False,False,none
llhpfjpf-1,TMA00318,False,False,False,none
llhpkecf-1,TMA00318,False,False,False,none
llibdjdc-1,TMA00318,False,False,False,none
lligkaog-1,TMA00318,False,False,False,none
llikcpoj-1,TMA00318,False,False,False,none
llilofhb-1,TMA00318,False,False,False,none
lliplgbf-1,TMA00318,False,False,False,none
lljaljdc-1,TMA00318,False,False,False,none
lljapohi-1,TMA00318,False,False,False,none
lljballk-1,TMA00318,False,False,False,none
lljicooc-1,TMA00318,False,False,False,none
lljkojal-1,TMA00318,False,False,False,none
lljlefil-1,TMA00318,False,False,False,none
lljmfmln-1,TMA00318,False,False,False,none
lljnggfn-1,TMA00318,False,False,False,none
lljnjakf-1,TMA00318,False,False,False,none
lljoggei-1,TMA00318,False,False,False,none
lljpiidc-1,TMA00318,False,False,False,none
llkcfaen-1,TMA00318,False,False,False,none
llkpoodf-1,TMA00318,False,False,False,none
lllaedjn-1,TMA00318,False,False,False,none
lllcoajj-1,TMA00318,False,False,False,none
lllolibg-1,TMA00318,False,False,False,none
llmaglmn-1,TMA00318,False,False,False,none
llmbdadi-1,TMA00318,False,False,False,none
llmcghgn-1,TMA00318,False,False,False,none
llmcgmdl-1,TMA00318,False,False,False,none
llmddboc-1,TMA00318,False,False,False,none
llmecjan-1,TMA00318,False,False,False,none
llmoibhc-1,TMA00318,False,False,False,none
llndindk-1,TMA00318,False,False,False,none
llnggmip-1,TMA00318,False,False,False,none
llnhecpg-1,TMA00318,False,False,False,none
llnlahok-1,TMA00318,False,False,False,none
llocdfjj-1,TMA00318,False,False,False,none
llolgkjm-1,TMA00318,False,False,False,none
llpbfhbd-1,TMA00318,False,False,False,none
llpbgmdj-1,TMA00318,False,False,False,none
llpbhcpp-1,TMA00318,False,False,False,none
llpblgce-1,TMA00318,False,False,False,none
llpcgidl-1,TMA00318,False,False,False,none
llplfokc-1,TMA00318,False,False,False,none
llpncefg-1,TMA00318,False,False,False,none
llpnedcl-1,TMA00318,False,False,False,none
llpoijcj-1,TMA00318,False,False,False,none
llpppghn-1,TMA00318,False,False,False,none
lmaabaed-1,TMA00318,False,False,False,none
lmaamife-1,TMA00318,False,False,False,none
lmacijem-1,TMA00318,False,False,False,none
lmadcakk-1,TMA00318,False,False,False,none
lmajigjj-1,TMA00318,False,False,False,none
lmbbonpk-1,TMA00318,False,False,False,none
lmbhkgpf-1,TMA00318,False,False,False,none
lmbmkjmi-1,TMA00318,False,False,False,none
lmbnfndp-1,TMA00318,False,False,False,none
lmbnldci-1,TMA00318,False,False,False,none
lmbpjhln-1,TMA00318,False,False,False,none
lmcacglp-1,TMA00318,False,False,False,none
lmcbohmh-1,TMA00318,False,False,False,none
lmccdecg-1,TMA00318,False,False,False,none
lmcdddbm-1,TMA00318,False,False,False,none
lmcglmnd-1,TMA00318,False,False,False,none
lmchlafb-1,TMA00318,False,False,False,none
lmcmjpof-1,TMA00318,False,False,False,none
lmdbiibj-1,TMA00318,False,False,False,none
lmdjdgio-1,TMA00318,False,False,False,none
lmdmkckp-1,TMA00318,False,False,False,none
lmdmkcmb-1,TMA00318,False,False,False,none
lmecjkkj-1,TMA00318,False,False,False,none
lmeingfo-1,TMA00318,False,False,False,none
lmfbiihl-1,TMA00318,False,False,False,none
lmfcgmei-1,TMA00318,False,False,False,none
lmfipmgk-1,TMA00318,False,False,False,none
lmfjjnnk-1,TMA00318,False,False,False,none
lmfkhkeb-1,TMA00318,False,False,False,none
lmflbibf-1,TMA00318,False,False,False,none
lmfmhfjn-1,TMA00318,False,False,False,none
lmgaiiph-1,TMA00318,False,False,False,none
lmgdabep-1,TMA00318,False,False,False,none
lmginlno-1,TMA00318,False,False,False,none
lmgkfbij-1,TMA00318,False,False,False,none
lmgkhfbg-1,TMA00318,False,False,False,none
lmglamkp-1,TMA00318,False,False,False,none
lmglfheo-1,TMA00318,False,False,False,none
lmgneldk-1,TMA00318,False,False,False,none
lmhfmecn-1,TMA00318,False,False,False,none
lmibigpk-1,TMA00318,False,False,False,none
lmibneca-1,TMA00318,False,False,False,none
lmiehohb-1,TMA00318,False,False,False,none
lmiinkdp-1,TMA00318,False,False,False,none
lmilhbmi-1,TMA00318,False,False,False,none
lmipiemc-1,TMA00318,False,False,False,none
lmjaeoba-1,TMA00318,False,False,False,none
lmjeekhn-1,TMA00318,False,False,False,none
lmjkkofb-1,TMA00318,False,False,False,none
lmjnicoh-1,TMA00318,False,False,False,none
lmkgjaol-1,TMA00318,False,False,False,none
lmknndpj-1,TMA00318,False,False,False,none
lmljofcp-1,TMA00318,False,False,False,none
lmlkmbpl-1,TMA00318,False,False,False,none
lmlnocij-1,TMA00318,False,False,False,none
lmloolcj-1,TMA00318,False,False,False,none
lmlpbene-1,TMA00318,False,False,False,none
lmmdfmbn-1,TMA00318,False,False,False,none
lmmfahea-1,TMA00318,False,False,False,none
lmmlihmk-1,TMA00318,False,False,False,none
lmmofgok-1,TMA00318,False,False,False,none
lmnennji-1,TMA00318,False,False,False,none
lmnfegpl-1,TMA00318,False,False,False,none
lmnfiihm-1,TMA00318,False,False,False,none
lmnggjlo-1,TMA00318,False,False,False,none
lmnhdjlj-1,TMA00318,False,False,False,none
lmnhioio-1,TMA00318,False,False,False,none
lmnkeboc-1,TMA00318,False,False,False,none
lmnogofp-1,TMA00318,False,False,False,none
lmnplalo-1,TMA00318,False,False,False,none
lmoallah-1,TMA00318,False,False,False,none
lmobjged-1,TMA00318,False,False,False,none
lmofffca-1,TMA00318,False,False,False,none
lmogaaam-1,TMA00318,False,False,False,none
lmohlhja-1,TMA00318,False,False,False,none
lmohpcbk-1,TMA00318,False,False,False,none
lmoipfok-1,TMA00318,False,False,False,none
lmpbfoel-1,TMA00318,False,False,False,none
lmpbpgfd-1,TMA00318,False,False,False,none
lmpcfopb-1,TMA00318,False,False,False,none
lmpdfcfa-1,TMA00318,False,False,False,none
lmpdnfph-1,TMA00318,False,False,False,none
lmpigfcd-1,TMA00318,False,False,False,none
lmpkeonp-1,TMA00318,False,False,False,none
lmpkhkgh-1,TMA00318,False,False,False,none
lmpmggjl-1,TMA00318,False,False,False,none
lmpninoi-1,TMA00318,False,False,False,none
lmpnogio-1,TMA00318,False,False,False,none
lnailagl-1,TMA00318,False,False,False,none
lnajbhpd-1,TMA00318,False,False,False,none
lnbeljlm-1,TMA00318,False,False,False,none
lnbeogaj-1,TMA00318,False,False,False,none
lnbjhdcb-1,TMA00318,False,False,False,none
lnbldbjo-1,TMA00318,False,False,False,none
lnbopnop-1,TMA00318,False,False,False,none
lncaabhj-1,TMA00318,False,False,False,none
lncafaep-1,TMA00318,False,False,False,none
lnceldkm-1,TMA00318,False,False,False,none
lnckfbek-1,TMA00318,False,False,False,none
lnckipdd-1,TMA00318,False,False,False,none
lnclnfhp-1,TMA00318,False,False,False,none
lncmhnmb-1,TMA00318,False,False,False,none
lncmhogo-1,TMA00318,False,False,False,none
lndbfpnj-1,TMA00318,False,False,False,none
lndenjoo-1,TMA00318,False,False,False,none
lndhonmp-1,TMA00318,False,False,False,none
lndibedl-1,TMA00318,False,False,False,none
lndigikd-1,TMA00318,False,False,False,none
lndjmbgb-1,TMA00318,False,False,False,none
lndkgled-1,TMA00318,False,False,False,none
lndmbnoc-1,TMA00318,False,False,False,none
lndmkfpf-1,TMA00318,False,False,False,none
lndnfano-1,TMA00318,False,False,False,none
lneabbif-1,TMA00318,False,False,False,none
lneedcli-1,TMA00318,False,False,False,none
lneepkna-1,TMA00318,False,False,False,none
lneiojkf-1,TMA00318,False,False,False,none
lneioppj-1,TMA00318,False,False,False,none
lnejhjfo-1,TMA00318,False,False,False,none
lnelbmej-1,TMA00318,False,False,False,none
lnfhaboj-1,TMA00318,False,False,False,none
lnfhgkii-1,TMA00318,False,False,False,none
lnfhigie-1,TMA00318,False,False,False,none
lnfhninj-1,TMA00318,False,False,False,none
lnfighgj-1,TMA00318,False,False,False,none
lnfmbnba-1,TMA00318,False,False,False,none
lnghpaoa-1,TMA00318,False,False,False,none
lngikihp-1,TMA00318,False,False,False,none
lngiojjm-1,TMA00318,False,False,False,none
lngjfjgl-1,TMA00318,False,False,False,none
lngjmgke-1,TMA00318,False,False,False,none
lngpcbin-1,TMA00318,False,False,False,none
lnhcoofa-1,TMA00318,False,False,False,none
lnhdandp-1,TMA00318,False,False,False,none
lnhipfaa-1,TMA00318,False,False,False,none
lnhkcmha-1,TMA00318,False,False,False,none
lnhkkbpg-1,TMA00318,False,False,False,none
lnhmgidh-1,TMA00318,False,False,False,none
lnhoalfg-1,TMA00318,False,False,False,none
lnibjkdd-1,TMA00318,False,False,False,none
lnicbhkb-1,TMA00318,False,False,False,none
lnidaaig-1,TMA00318,False,False,False,none
lnidajhd-1,TMA00318,False,False,False,none
lnihdkdp-1,TMA00318,False,False,False,none
lnihkofc-1,TMA00318,False,False,False,none
lnikjekf-1,TMA00318,False,False,False,none
lnjainle-1,TMA00318,False,False,False,none
lnjclcja-1,TMA00318,False,False,False,none
lnjelgla-1,TMA00318,False,False,False,none
lnjemfpj-1,TMA00318,False,False,False,none
lnjgnfog-1,TMA00318,False,False,False,none
lnjjanjn-1,TMA00318,False,False,False,none
lnjjnfne-1,TMA00318,False,False,False,none
lnjkhabh-1,TMA00318,False,False,False,none
lnjnhofm-1,TMA00318,False,False,False,none
lnjpjmck-1,TMA00318,False,False,False,none
lnkcmpkp-1,TMA00318,False,False,False,none
lnkklmbj-1,TMA00318,False,False,False,none
lnklfnjl-1,TMA00318,False,False,False,none
lnklgdhc-1,TMA00318,False,False,False,none
lnkppcch-1,TMA00318,False,False,False,none
lnlaefjp-1,TMA00318,False,False,False,none
lnlcilbh-1,TMA00318,False,False,False,none
lnldaoao-1,TMA00318,False,False,False,none
lnldnccl-1,TMA00318,False,False,False,none
lnleliff-1,TMA00318,False,False,False,none
lnlikcbp-1,TMA00318,False,False,False,none
lnlljiip-1,TMA00318,False,False,False,none
lnmahbem-1,TMA00318,False,False,False,none
lnmdieoj-1,TMA00318,False,False,False,none
lnmenbfj-1,TMA00318,False,False,False,none
lnmigejh-1,TMA00318,False,False,False,none
lnmmeehn-1,TMA00318,False,False,False,none
lnmogenj-1,TMA00318,False,False,False,none
lnneelam-1,TMA00318,False,False,False,none
lnnejmhb-1,TMA00318,False,True,False,dTomato_Seq2_hi
lnngedch-1,TMA00318,False,False,False,none
lnnlgimi-1,TMA00318,False,False,False,none
lnnmdhnd-1,TMA00318,False,False,False,none
lnochabf-1,TMA00318,False,False,False,none
lnocphib-1,TMA00318,False,False,False,none
lnoelbpl-1,TMA00318,False,False,False,none
lnoelhii-1,TMA00318,False,False,False,none
lnoionbg-1,TMA00318,False,False,False,none
lnonfgfc-1,TMA00318,False,False,False,none
lnoolmbe-1,TMA00318,False,False,False,none
lnpdppoh-1,TMA00318,False,False,False,none
lnpecmnf-1,TMA00318,False,False,False,none
lnpjckdn-1,TMA00318,False,False,False,none
lnpjmebk-1,TMA00318,False,False,False,none
lnpknobn-1,TMA00318,False,False,False,none
lnplheph-1,TMA00318,False,False,False,none
lnplhjjg-1,TMA00318,False,False,False,none
lnpnodeh-1,TMA00318,False,False,False,none
lnpohdkf-1,TMA00318,False,False,False,none
loafkcpm-1,TMA00318,False,False,False,none
loafnkal-1,TMA00318,False,False,False,none
loaiaoia-1,TMA00318,False,False,False,none
loajpejp-1,TMA00318,False,False,False,none
loalagmk-1,TMA00318,False,False,False,none
loanfegk-1,TMA00318,False,False,False,none
lobcjjhc-1,TMA00318,False,False,False,none
lobdjogh-1,TMA00318,False,False,False,none
lobhlafg-1,TMA00318,False,False,False,none
lobhlnah-1,TMA00318,False,False,False,none
lobhoemo-1,TMA00318,False,False,False,none
lobiieof-1,TMA00318,False,False,False,none
lobimnnl-1,TMA00318,False,False,False,none
lobinfmg-1,TMA00318,False,False,False,none
lobjpanh-1,TMA00318,False,False,False,none
locfmbaf-1,TMA00318,False,False,False,none
locgcpbc-1,TMA00318,False,False,False,none
lockklph-1,TMA00318,False,False,False,none
loclejja-1,TMA00318,False,False,False,none
locmenlp-1,TMA00318,False,False,False,none
locmkjcn-1,TMA00318,False,False,False,none
locoalif-1,TMA00318,False,False,False,none
locodind-1,TMA00318,False,False,False,none
lodcjfgf-1,TMA00318,False,False,False,none
lodnkaco-1,TMA00318,False,False,False,none
loebdgfc-1,TMA00318,False,False,False,none
loecdcnc-1,TMA00318,False,False,False,none
loedglal-1,TMA00318,False,False,False,none
loedijfa-1,TMA00318,False,False,False,none
loedmbkb-1,TMA00318,False,False,False,none
loejamln-1,TMA00318,False,False,False,none
loemccpi-1,TMA00318,False,False,False,none
loempdhp-1,TMA00318,False,False,False,none
lofaincc-1,TMA00318,False,False,False,none
lofajkfd-1,TMA00318,False,False,False,none
lofambae-1,TMA00318,False,False,False,none
lofdbmpj-1,TMA00318,False,False,False,none
lofdeflc-1,TMA00318,False,False,False,none
lofeflgl-1,TMA00318,False,False,False,none
lofjlcld-1,TMA00318,False,False,False,none
loflphoc-1,TMA00318,False,False,False,none
logheifd-1,TMA00318,False,False,False,none
logmijmm-1,TMA00318,False,False,False,none
logohpdg-1,TMA00318,False,False,False,none
lohakcmd-1,TMA00318,False,False,False,none
lohhcgnh-1,TMA00318,False,False,False,none
lohhlhoi-1,TMA00318,False,False,False,none
lohhnomc-1,TMA00318,False,False,False,none
lohjicjh-1,TMA00318,False,False,False,none
lohkgkdb-1,TMA00318,False,False,False,none
lohlhhll-1,TMA00318,False,False,False,none
lohoogif-1,TMA00318,False,False,False,none
loiafhfh-1,TMA00318,False,False,False,none
loiiaheh-1,TMA00318,False,False,False,none
loikpagf-1,TMA00318,False,False,False,none
loilcppl-1,TMA00318,False,False,False,none
loimhihj-1,TMA00318,False,False,False,none
lojacapd-1,TMA00318,False,False,False,none
lojdoeoa-1,TMA00318,False,False,False,none
lojfcbce-1,TMA00318,False,False,False,none
lokcamip-1,TMA00318,False,False,False,none
lokendno-1,TMA00318,False,False,False,none
lokepocf-1,TMA00318,False,False,False,none
lokoopni-1,TMA00318,False,False,False,none
lolbjagd-1,TMA00318,False,False,False,none
lolfaool-1,TMA00318,False,False,False,none
lollafgc-1,TMA00318,False,False,False,none
lomfahbb-1,TMA00318,False,False,False,none
lomfiiom-1,TMA00318,False,False,False,none
lommekfc-1,TMA00318,False,False,False,none
lomnejge-1,TMA00318,False,False,False,none
lonbjgea-1,TMA00318,False,False,False,none
londllll-1,TMA00318,True,False,False,EGFP_Seq1_hi
lonfoipp-1,TMA00318,False,False,False,none
lonlgnlo-1,TMA00318,False,False,False,none
lonopade-1,TMA00318,False,False,False,none
lonpclen-1,TMA00318,False,False,False,none
loofiigc-1,TMA00318,False,False,False,none
loogcimb-1,TMA00318,False,False,False,none
lookifle-1,TMA00318,False,False,False,none
lopcigbd-1,TMA00318,False,False,False,none
lopdkfef-1,TMA00318,False,False,False,none
lopincic-1,TMA00318,False,False,False,none
lopkhlpe-1,TMA00318,False,False,False,none
lopkklkj-1,TMA00318,False,False,False,none
lopoicoo-1,TMA00318,False,False,False,none
loponemf-1,TMA00318,False,False,False,none
lpabkceb-1,TMA00318,False,False,False,none
lpabnhpa-1,TMA00318,False,False,False,none
lpaihkff-1,TMA00318,False,False,False,none
lpakmahj-1,TMA00318,False,False,False,none
lpalcmpp-1,TMA00318,False,False,False,none
lpalnoci-1,TMA00318,False,False,False,none
lpapiook-1,TMA00318,False,False,False,none
lpbhddjm-1,TMA00318,False,False,False,none
lpbhmico-1,TMA00318,False,False,False,none
lpbiocid-1,TMA00318,False,False,False,none
lpbjjgic-1,TMA00318,False,False,False,none
lpbmghce-1,TMA00318,False,False,False,none
lpbncdgc-1,TMA00318,False,False,False,none
lpcbholj-1,TMA00318,False,False,False,none
lpcceamd-1,TMA00318,False,False,False,none
lpcfdlfl-1,TMA00318,False,False,False,none
lpcfgcem-1,TMA00318,False,False,False,none
lpcfpibm-1,TMA00318,False,False,False,none
lpcieace-1,TMA00318,False,False,False,none
lpcljped-1,TMA00318,False,False,False,none
lpdbockg-1,TMA00318,False,False,False,none
lpdckceg-1,TMA00318,False,False,False,none
lpdglicd-1,TMA00318,False,False,False,none
lpdhcege-1,TMA00318,False,False,False,none
lpdjghda-1,TMA00318,False,False,False,none
lpdlmgbk-1,TMA00318,False,False,False,none
lpeafhkk-1,TMA00318,False,False,False,none
lpedhpla-1,TMA00318,False,False,False,none
lpefgdic-1,TMA00318,False,False,False,none
lpelfcnf-1,TMA00318,False,False,False,none
lpellhfp-1,TMA00318,False,False,False,none
lpendbkh-1,TMA00318,False,False,False,none
lpeodphm-1,TMA00318,False,False,False,none
lpepfpem-1,TMA00318,False,False,False,none
lpfanijm-1,TMA00318,False,False,False,none
lpfdodlj-1,TMA00318,False,False,False,none
lpfgldhn-1,TMA00318,False,False,False,none
lpfhcmpn-1,TMA00318,False,False,False,none
lpfjapac-1,TMA00318,False,False,False,none
lpfjelcb-1,TMA00318,False,False,False,none
lpfknaaa-1,TMA00318,False,False,False,none
lpgcgnli-1,TMA00318,False,False,False,none
lpgijgjb-1,TMA00318,False,False,False,none
lpgjpknd-1,TMA00318,False,False,False,none
lpgolfnh-1,TMA00318,False,False,False,none
lphabnci-1,TMA00318,False,False,False,none
lphcdlmm-1,TMA00318,False,False,False,none
lphklmaj-1,TMA00318,False,False,False,none
lphkojic-1,TMA00318,False,False,False,none
lphnaiie-1,TMA00318,False,False,False,none
lphpphlb-1,TMA00318,False,False,False,none
lpidpjol-1,TMA00318,False,False,False,none
lpikflek-1,TMA00318,False,False,False,none
lpilfana-1,TMA00318,False,False,False,none
lpiloenp-1,TMA00318,False,False,False,none
lpjbojmg-1,TMA00318,False,False,False,none
lpjdfhgf-1,TMA00318,False,False,False,none
lpjdppoi-1,TMA00318,False,False,False,none
lpjedaaf-1,TMA00318,False,False,False,none
lpjfmpfb-1,TMA00318,False,False,False,none
lpjnngnn-1,TMA00318,False,False,False,none
lpkannan-1,TMA00318,False,False,False,none
lpkdihod-1,TMA00318,False,False,False,none
lpkhmnpe-1,TMA00318,False,False,False,none
lpkkflpd-1,TMA00318,False,False,False,none
lpkmjmkd-1,TMA00318,False,False,False,none
lpknohhk-1,TMA00318,False,False,False,none
lpkocbnm-1,TMA00318,False,False,False,none
lpkofhoc-1,TMA00318,False,False,False,none
lpldjhnd-1,TMA00318,False,False,False,none
lplgchgl-1,TMA00318,False,False,False,none
lplggfjh-1,TMA00318,False,False,False,none
lplgmnlf-1,TMA00318,False,False,False,none
lplinale-1,TMA00318,False,False,False,none
lpljafhe-1,TMA00318,False,False,False,none
lpljmiag-1,TMA00318,False,False,False,none
lpllkfah-1,TMA00318,False,False,False,none
lpmdcgnd-1,TMA00318,False,False,False,none
lpmifbcj-1,TMA00318,False,False,False,none
lpmmapab-1,TMA00318,False,False,False,none
lpnmffdn-1,TMA00318,False,False,False,none
lpnogbjk-1,TMA00318,False,False,False,none
lpnojooa-1,TMA00318,False,False,False,none
lpnphepp-1,TMA00318,False,False,False,none
lpojekle-1,TMA00318,False,False,False,none
lpolflkb-1,TMA00318,False,False,False,none
lppghigb-1,TMA00318,False,False,False,none
lpphlbah-1,TMA00318,False,False,False,none
lppikpmp-1,TMA00318,False,False,False,none
maabklbh-1,TMA00318,False,False,False,none
maacbkdp-1,TMA00318,False,False,False,none
maanbcaf-1,TMA00318,False,False,False,none
maapghek-1,TMA00318,False,False,False,none
mabfcgof-1,TMA00318,False,False,False,none
mabjeegc-1,TMA00318,False,False,False,none
mabnhjdm-1,TMA00318,False,False,False,none
mabomiph-1,TMA00318,False,False,False,none
macanncf-1,TMA00318,False,False,False,none
maciobim-1,TMA00318,False,False,False,none
macjjnei-1,TMA00318,False,False,False,none
maclblko-1,TMA00318,False,False,False,none
maclhoen-1,TMA00318,False,False,False,none
macmgpam-1,TMA00318,False,False,False,none
macpllcp-1,TMA00318,False,False,False,none
madbgfjc-1,TMA00318,False,False,False,none
madblbla-1,TMA00318,False,False,False,none
madcpkpl-1,TMA00318,False,False,False,none
madecjoa-1,TMA00318,False,False,False,none
madkdmog-1,TMA00318,False,False,False,none
madkenmd-1,TMA00318,False,False,False,none
mafjkhfb-1,TMA00318,False,False,False,none
mafpgejj-1,TMA00318,False,False,False,none
magcocih-1,TMA00318,False,False,False,none
magehdlc-1,TMA00318,False,False,False,none
magkaffp-1,TMA00318,False,False,False,none
magknnjk-1,TMA00318,False,False,False,none
maglkjbn-1,TMA00318,False,False,False,none
magllogj-1,TMA00318,False,False,False,none
mahebanb-1,TMA00318,False,False,False,none
mahehhgc-1,TMA00318,False,False,False,none
mahkdahm-1,TMA00318,False,False,False,none
mahmdpnj-1,TMA00318,False,False,False,none
maibplpl-1,TMA00318,False,False,False,none
maickhkb-1,TMA00318,False,False,False,none
maiehejb-1,TMA00318,False,False,False,none
maihmkoc-1,TMA00318,False,False,False,none
maiielkj-1,TMA00318,False,False,False,none
maikbnch-1,TMA00318,False,False,False,none
maionojn-1,TMA00318,False,False,False,none
majndphp-1,TMA00318,False,False,False,none
makbccoo-1,TMA00318,False,False,False,none
makkcefk-1,TMA00318,False,False,False,none
makkdgpi-1,TMA00318,False,False,False,none
makkeemd-1,TMA00318,False,False,False,none
makmbggc-1,TMA00318,False,False,False,none
makmogmc-1,TMA00318,False,False,False,none
makoghjb-1,TMA00318,False,False,False,none
makppmpo-1,TMA00318,False,False,False,none
malclcfp-1,TMA00318,False,False,False,none
malhodap-1,TMA00318,False,False,False,none
maljleik-1,TMA00318,False,False,False,none
mallfbdo-1,TMA00318,False,False,False,none
mamcefbe-1,TMA00318,False,False,False,none
mamcmmjb-1,TMA00318,False,False,False,none
mamdmipn-1,TMA00318,False,False,False,none
mamehohh-1,TMA00318,False,False,False,none
maminpee-1,TMA00318,False,False,False,none
mamomghg-1,TMA00318,False,False,False,none
manecnee-1,TMA00318,False,False,False,none
manlgngo-1,TMA00318,False,False,False,none
maocmdgi-1,TMA00318,False,False,False,none
maodjpng-1,TMA00318,False,False,False,none
maoepfob-1,TMA00318,False,False,False,none
maohddgi-1,TMA00318,False,False,False,none
maoioojn-1,TMA00318,False,False,False,none
maomlmnb-1,TMA00318,False,False,False,none
maondjfp-1,TMA00318,False,False,False,none
maoplndi-1,TMA00318,False,False,False,none
mapeceof-1,TMA00318,False,False,False,none
mapfbkbc-1,TMA00318,False,False,False,none
mbahffem-1,TMA00318,False,False,False,none
mbaidaip-1,TMA00318,False,False,False,none
mbailckp-1,TMA00318,False,False,False,none
mbalpmfi-1,TMA00318,False,False,False,none
mbangfnh-1,TMA00318,False,False,False,none
mbanmefe-1,TMA00318,False,False,False,none
mbaohjlk-1,TMA00318,False,False,False,none
mbbagcec-1,TMA00318,False,False,False,none
mbbcdfml-1,TMA00318,False,False,False,none
mbcfdjmg-1,TMA00318,False,False,False,none
mbchbikn-1,TMA00318,False,False,False,none
mbckepgd-1,TMA00318,False,False,False,none
mbclogmc-1,TMA00318,False,False,False,none
mbcmgfoh-1,TMA00318,False,False,False,none
mbcolcme-1,TMA00318,False,False,False,none
mbdcoace-1,TMA00318,False,False,False,none
mbdjbedb-1,TMA00318,False,False,False,none
mbdlbjfe-1,TMA00318,False,False,False,none
mbdnjmfo-1,TMA00318,False,False,False,none
mbeafahj-1,TMA00318,False,False,False,none
mbeapgkj-1,TMA00318,False,False,False,none
mbebbeam-1,TMA00318,False,False,False,none
mbehbmcg-1,TMA00318,False,False,False,none
mbehhgnd-1,TMA00318,False,False,False,none
mbehohki-1,TMA00318,False,False,False,none
mbeiloob-1,TMA00318,False,False,False,none
mbenmcel-1,TMA00318,False,False,False,none
mbfbeneg-1,TMA00318,False,False,False,none
mbfbnjbp-1,TMA00318,False,False,False,none
mbfdicgj-1,TMA00318,False,False,False,none
mbfhgphk-1,TMA00318,False,False,False,none
mbggjpek-1,TMA00318,False,False,False,none
mbghdpjp-1,TMA00318,False,False,False,none
mbgkbnen-1,TMA00318,False,False,False,none
mbgleofd-1,TMA00318,False,False,False,none
mbgndofg-1,TMA00318,False,False,False,none
mbhaplbg-1,TMA00318,False,False,False,none
mbhbopcg-1,TMA00318,False,False,False,none
mbhhdnmm-1,TMA00318,False,False,False,none
mbhhoalk-1,TMA00318,False,False,False,none
mbhhoknh-1,TMA00318,False,False,False,none
mbhigpce-1,TMA00318,False,False,False,none
mbhjimal-1,TMA00318,False,False,False,none
mbhkgnfa-1,TMA00318,False,False,False,none
mbhndimk-1,TMA00318,False,False,False,none
mbhngmac-1,TMA00318,False,False,False,none
mbigcoff-1,TMA00318,False,False,False,none
mbiiadhe-1,TMA00318,False,False,False,none
mbijpnjg-1,TMA00318,False,False,False,none
mbinanom-1,TMA00318,False,False,False,none
mbjblcnl-1,TMA00318,False,False,False,none
mbjdjpne-1,TMA00318,False,False,False,none
mbjlepcm-1,TMA00318,False,False,False,none
mbjlodge-1,TMA00318,False,False,False,none
mbjolmeh-1,TMA00318,False,False,False,none
mbkebdoo-1,TMA00318,False,False,False,none
mbkednic-1,TMA00318,False,False,False,none
mbkiidjb-1,TMA00318,False,False,False,none
mbkkmhbi-1,TMA00318,False,False,False,none
mbkmpeak-1,TMA00318,False,False,False,none
mbknhnni-1,TMA00318,False,False,False,none
mblfdaae-1,TMA00318,False,False,False,none
mblgmaii-1,TMA00318,False,False,False,none
mblheiaj-1,TMA00318,False,False,False,none
mbmimmkp-1,TMA00318,False,False,False,none
mbmlaahl-1,TMA00318,False,False,False,none
mbmmhdam-1,TMA00318,False,False,False,none
mbnbmlod-1,TMA00318,False,False,False,none
mbndhkdl-1,TMA00318,False,False,False,none
mbndpmjh-1,TMA00318,False,False,False,none
mbniaoof-1,TMA00318,False,False,False,none
mbnjbpbm-1,TMA00318,False,False,False,none
mboagief-1,TMA00318,False,False,False,none
mboagnej-1,TMA00318,False,False,False,none
mbobjhkb-1,TMA00318,False,False,False,none
mbofakae-1,TMA00318,False,False,False,none
mbohieok-1,TMA00318,False,False,False,none
mbomdlmk-1,TMA00318,False,False,False,none
mbonkacd-1,TMA00318,False,False,False,none
mbpcmnje-1,TMA00318,False,False,False,none
mbpebihd-1,TMA00318,False,False,False,none
mbpndbba-1,TMA00318,False,False,False,none
mbpogani-1,TMA00318,False,False,False,none
mcaagdhl-1,TMA00318,False,False,False,none
mcaeiapc-1,TMA00318,False,False,False,none
mcafcbeh-1,TMA00318,False,False,False,none
mcafjeog-1,TMA00318,False,False,False,none
mcaholjf-1,TMA00318,False,False,False,none
mcajahkg-1,TMA00318,False,False,False,none
mcajmngk-1,TMA00318,False,False,False,none
mcalcoal-1,TMA00318,False,False,False,none
mcalepnd-1,TMA00318,False,False,False,none
mcaokikg-1,TMA00318,False,False,False,none
mcbeebim-1,TMA00318,False,False,False,none
mcbehajn-1,TMA00318,False,False,False,none
mcbfmcjd-1,TMA00318,False,False,False,none
mcbhiace-1,TMA00318,False,False,False,none
mcblanag-1,TMA00318,False,False,False,none
mcbmdlne-1,TMA00318,False,False,False,none
mcbneblp-1,TMA00318,False,False,False,none
mcbpcmdd-1,TMA00318,False,False,False,none
mccaadki-1,TMA00318,False,False,False,none
mccciioi-1,TMA00318,False,False,False,none
mccldeeo-1,TMA00318,False,False,False,none
mccmggge-1,TMA00318,False,False,False,none
mccmoihf-1,TMA00318,False,False,False,none
mccnknko-1,TMA00318,False,False,False,none
mccodnbc-1,TMA00318,False,False,False,none
mccpkaac-1,TMA00318,False,False,False,none
mcdinhek-1,TMA00318,False,False,False,none
mcdjglld-1,TMA00318,False,False,False,none
mcdjhddd-1,TMA00318,False,False,False,none
mcdkkmlc-1,TMA00318,False,False,False,none
mcebdlio-1,TMA00318,False,False,False,none
mcecplmm-1,TMA00318,False,False,False,none
mcegdghl-1,TMA00318,False,False,False,none
mcehhboi-1,TMA00318,False,False,False,none
mceklaha-1,TMA00318,False,False,False,none
mcepjdfa-1,TMA00318,False,False,False,none
mcepjnpd-1,TMA00318,False,False,False,none
mcfdgegl-1,TMA00318,False,False,False,none
mcfgnmba-1,TMA00318,False,False,False,none
mcfhagdi-1,TMA00318,False,False,False,none
mcfibofh-1,TMA00318,False,False,False,none
mcfinpkf-1,TMA00318,False,False,False,none
mcfklbee-1,TMA00318,False,False,False,none
mcfklcim-1,TMA00318,False,False,False,none
mcfplcnk-1,TMA00318,False,False,False,none
mcfpoakp-1,TMA00318,False,False,False,none
mcgegcln-1,TMA00318,False,False,False,none
mcghjhna-1,TMA00318,False,False,False,none
mcgkdlop-1,TMA00318,False,False,False,none
mcgkgnda-1,TMA00318,False,False,False,none
mcgmjnee-1,TMA00318,False,False,False,none
mcgnaicl-1,TMA00318,False,False,False,none
mcgnolfb-1,TMA00318,False,False,False,none
mcihcodf-1,TMA00318,False,False,False,none
mcjahfkb-1,TMA00318,False,False,False,none
mcjnmmch-1,TMA00318,False,False,False,none
mckidngf-1,TMA00318,False,False,False,none
mckinech-1,TMA00318,False,False,False,none
mcmenkdk-1,TMA00318,False,False,False,none
mcmhmenl-1,TMA00318,False,False,False,none
mcmjadke-1,TMA00318,False,False,False,none
mcmkdbde-1,TMA00318,False,False,False,none
mcohgehj-1,TMA00318,False,False,False,none
mcpiinie-1,TMA00318,False,False,False,none
mcpmmioo-1,TMA00318,False,False,False,none
mdabnfel-1,TMA00318,False,False,False,none
mdadajbi-1,TMA00318,False,False,False,none
mdagoeci-1,TMA00318,False,False,False,none
mdbbjkop-1,TMA00318,False,False,False,none
mdbkjadg-1,TMA00318,False,False,False,none
mdcopjgb-1,TMA00318,False,False,False,none
mdddcofc-1,TMA00318,False,False,False,none
mddfbkhh-1,TMA00318,False,False,False,none
mddhbdoo-1,TMA00318,False,False,False,none
mdfbecec-1,TMA00318,False,False,False,none
mdfhdgbb-1,TMA00318,False,False,False,none
mdhcdkfn-1,TMA00318,False,False,False,none
mdhlmgdm-1,TMA00318,False,False,False,none
mdibnjlp-1,TMA00318,False,False,False,none
mdidacap-1,TMA00318,False,False,False,none
mdielkhm-1,TMA00318,False,False,False,none
mdikahdf-1,TMA00318,False,False,False,none
mdimfcgo-1,TMA00318,False,False,False,none
mdinipmm-1,TMA00318,False,False,False,none
mdjaecai-1,TMA00318,False,False,False,none
mdjanhbe-1,TMA00318,False,False,False,none
mdjcdenk-1,TMA00318,False,False,False,none
mdjgebpi-1,TMA00318,False,False,False,none
mdjipnio-1,TMA00318,False,False,False,none
mdjjfbmj-1,TMA00318,False,False,False,none
mdjjhnmc-1,TMA00318,False,False,False,none
mdjlhjmp-1,TMA00318,False,False,False,none
mdjpnmdd-1,TMA00318,False,False,False,none
mdkapnia-1,TMA00318,False,False,False,none
mdkclani-1,TMA00318,False,False,False,none
mdkkdmni-1,TMA00318,False,False,False,none
mdkkjkkf-1,TMA00318,False,False,False,none
mdklkpmg-1,TMA00318,False,False,False,none
mdkofodh-1,TMA00318,False,False,False,none
mdkogflg-1,TMA00318,False,False,False,none
mdkolkgn-1,TMA00318,False,False,False,none
mdldlkml-1,TMA00318,False,False,False,none
mdlecigj-1,TMA00318,False,False,False,none
mdljbgok-1,TMA00318,False,False,False,none
mdlkjefg-1,TMA00318,False,False,False,none
mdlkldkg-1,TMA00318,False,False,False,none
mdllpjib-1,TMA00318,False,False,False,none
mdmckdea-1,TMA00318,False,False,False,none
mdmdhebm-1,TMA00318,False,False,False,none
mdmefdao-1,TMA00318,False,False,False,none
mdmelpem-1,TMA00318,False,False,False,none
mdmohmei-1,TMA00318,False,False,False,none
mdnaodga-1,TMA00318,False,False,False,none
mdnccibh-1,TMA00318,False,False,False,none
mdnfpaoo-1,TMA00318,False,False,False,none
mdngihig-1,TMA00318,False,False,False,none
mdnlhkfe-1,TMA00318,False,False,False,none
mdnmlpjg-1,TMA00318,False,False,False,none
mdnnagbh-1,TMA00318,False,False,False,none
mdocbhha-1,TMA00318,False,False,False,none
mdocebfn-1,TMA00318,False,False,False,none
mdodggja-1,TMA00318,False,False,False,none
mdoggnca-1,TMA00318,False,False,False,none
mdokhmmo-1,TMA00318,False,False,False,none
mdolkglp-1,TMA00318,False,False,False,none
mdpefepc-1,TMA00318,False,False,False,none
mdpfgdce-1,TMA00318,False,False,False,none
mdpjjdca-1,TMA00318,False,False,False,none
mdpnfcfo-1,TMA00318,False,False,False,none
mdpofgeb-1,TMA00318,False,False,False,none
meachgla-1,TMA00318,False,False,False,none
meaehopo-1,TMA00318,False,False,False,none
meampeae-1,TMA00318,False,False,False,none
meapngmd-1,TMA00318,False,False,False,none
mebangjp-1,TMA00318,False,False,False,none
mebdpbdj-1,TMA00318,False,False,False,none
mebeginm-1,TMA00318,False,False,False,none
mebficml-1,TMA00318,False,False,False,none
mebgfeoo-1,TMA00318,False,False,False,none
mebhgncl-1,TMA00318,False,False,False,none
mebidhao-1,TMA00318,False,False,False,none
mebkdacn-1,TMA00318,False,False,False,none
mebkkjid-1,TMA00318,False,False,False,none
meblgkbo-1,TMA00318,False,False,False,none
mebmjnge-1,TMA00318,False,False,False,none
mebnliie-1,TMA00318,False,False,False,none
mecdpeml-1,TMA00318,False,False,False,none
mecegada-1,TMA00318,False,False,False,none
mecjmiff-1,TMA00318,False,False,False,none
mecndpnh-1,TMA00318,False,False,False,none
meddjlia-1,TMA00318,False,False,False,none
medgepgg-1,TMA00318,False,False,False,none
medhjbll-1,TMA00318,False,False,False,none
meebijpg-1,TMA00318,False,False,False,none
meecpelh-1,TMA00318,False,False,False,none
meeimlla-1,TMA00318,False,False,False,none
meejkbce-1,TMA00318,False,False,False,none
meejohof-1,TMA00318,False,False,False,none
meekiopm-1,TMA00318,False,False,False,none
meemdjaa-1,TMA00318,False,False,False,none
meenegoo-1,TMA00318,False,False,False,none
meeolcai-1,TMA00318,False,False,False,none
meeplnak-1,TMA00318,False,False,False,none
meeppdop-1,TMA00318,False,False,False,none
mefeblde-1,TMA00318,False,False,False,none
mefhnjec-1,TMA00318,False,False,False,none
mefndkah-1,TMA00318,False,False,False,none
mefobfaa-1,TMA00318,False,False,False,none
megbplnh-1,TMA00318,False,False,False,none
megcbmjb-1,TMA00318,False,False,False,none
megdpbep-1,TMA00318,False,False,False,none
megncgmc-1,TMA00318,False,False,False,none
mehdhhen-1,TMA00318,False,False,False,none
mehhcppa-1,TMA00318,False,False,False,none
mehiabao-1,TMA00318,False,False,False,none
mehkopgd-1,TMA00318,False,False,False,none
mehlmefk-1,TMA00318,False,False,False,none
mehmchim-1,TMA00318,False,False,False,none
mehpanjh-1,TMA00318,False,False,False,none
mehpmnob-1,TMA00318,False,False,False,none
meiiboke-1,TMA00318,False,False,False,none
meikmpip-1,TMA00318,False,False,False,none
meilbeik-1,TMA00318,False,False,False,none
meindgok-1,TMA00318,False,False,False,none
meinehjk-1,TMA00318,False,False,False,none
meinpjbl-1,TMA00318,False,False,False,none
mejbmajm-1,TMA00318,False,False,False,none
mejfafcd-1,TMA00318,False,False,False,none
mejffmab-1,TMA00318,False,False,False,none
mejfoebp-1,TMA00318,False,False,False,none
mejlejbc-1,TMA00318,False,False,False,none
mejlgolg-1,TMA00318,False,False,False,none
mekcjijh-1,TMA00318,False,False,False,none
mekijkjb-1,TMA00318,False,False,False,none
mekmlljg-1,TMA00318,False,False,False,none
meknlleg-1,TMA00318,False,False,False,none
meknmlac-1,TMA00318,False,False,False,none
melbkhha-1,TMA00318,False,False,False,none
melbobbc-1,TMA00318,False,False,False,none
meldhkgg-1,TMA00318,False,False,False,none
melmdabj-1,TMA00318,False,False,False,none
melnadop-1,TMA00318,False,False,False,none
melndfig-1,TMA00318,False,False,False,none
memapeba-1,TMA00318,False,False,False,none
memcehmc-1,TMA00318,False,False,False,none
memdicib-1,TMA00318,False,False,False,none
memdmdfc-1,TMA00318,False,False,False,none
memfinop-1,TMA00318,False,False,False,none
memhopdl-1,TMA00318,False,False,False,none
memhpkhl-1,TMA00318,False,False,False,none
meminloh-1,TMA00318,False,False,False,none
memjnkok-1,TMA00318,False,False,False,none
memjoahh-1,TMA00318,False,False,False,none
memnagbo-1,TMA00318,False,False,False,none
menaekph-1,TMA00318,False,False,False,none
mendoipe-1,TMA00318,False,False,False,none
menibfaa-1,TMA00318,False,False,False,none
menmejnf-1,TMA00318,False,False,False,none
mennjgnj-1,TMA00318,False,False,False,none
menodilo-1,TMA00318,False,False,False,none
meoailah-1,TMA00318,False,False,False,none
meohaale-1,TMA00318,False,False,False,none
meokbepk-1,TMA00318,False,False,False,none
meonaeia-1,TMA00318,False,False,False,none
meoohedm-1,TMA00318,False,False,False,none
meoookeb-1,TMA00318,False,False,False,none
mepdpgcg-1,TMA00318,False,False,False,none
mephloif-1,TMA00318,False,False,False,none
mepnogib-1,TMA00318,False,False,False,none
mfafhpdh-1,TMA00318,False,False,False,none
mfapddmd-1,TMA00318,False,False,False,none
mfbecedk-1,TMA00318,False,False,False,none
mfbffjeg-1,TMA00318,False,False,False,none
mfbflgjm-1,TMA00318,False,False,False,none
mfbhghcf-1,TMA00318,False,False,False,none
mfbnkkbi-1,TMA00318,False,False,False,none
mfcaedpi-1,TMA00318,False,False,False,none
mfcalgij-1,TMA00318,False,False,False,none
mfcgojce-1,TMA00318,False,False,False,none
mfcjdnnk-1,TMA00318,False,False,False,none
mfdefddk-1,TMA00318,False,False,False,none
mfdimepi-1,TMA00318,False,False,False,none
mfdkbbkh-1,TMA00318,False,False,False,none
mfdmkbie-1,TMA00318,False,False,False,none
mfdpjjic-1,TMA00318,False,False,False,none
mfeagbdi-1,TMA00318,False,False,False,none
mfecofnd-1,TMA00318,False,False,False,none
mfecoldh-1,TMA00318,False,False,False,none
mfejbeeg-1,TMA00318,False,False,False,none
mfeneljn-1,TMA00318,False,False,False,none
mfeodiln-1,TMA00318,False,False,False,none
mfeookof-1,TMA00318,False,False,False,none
mfffimpi-1,TMA00318,False,False,False,none
mfficddk-1,TMA00318,False,False,False,none
mfflloag-1,TMA00318,False,False,False,none
mffoofig-1,TMA00318,False,False,False,none
mffpbcid-1,TMA00318,False,False,False,none
mfgcophp-1,TMA00318,False,False,False,none
mfggcnag-1,TMA00318,False,False,False,none
mfhcgjgk-1,TMA00318,False,False,False,none
mfhcobcg-1,TMA00318,False,False,False,none
mfhkogkh-1,TMA00318,False,False,False,none
mfhldodf-1,TMA00318,False,False,False,none
mfhlfobc-1,TMA00318,False,False,False,none
mfhmbjgm-1,TMA00318,False,False,False,none
mfhnjgec-1,TMA00318,False,False,False,none
mfhophig-1,TMA00318,False,False,False,none
mfhppcej-1,TMA00318,False,False,False,none
mfiaikbg-1,TMA00318,False,False,False,none
mfiemblc-1,TMA00318,False,False,False,none
mfieoeon-1,TMA00318,False,False,False,none
mfifgfie-1,TMA00318,False,False,False,none
mfifjnaj-1,TMA00318,False,False,False,none
mfimncln-1,TMA00318,False,False,False,none
mfiooffj-1,TMA00318,False,False,False,none
mfjibjfa-1,TMA00318,False,False,False,none
mfjigpek-1,TMA00318,False,False,False,none
mfkbgjfa-1,TMA00318,False,False,False,none
mfkdkibj-1,TMA00318,False,False,False,none
mfkjgjmg-1,TMA00318,False,False,False,none
mfklcpga-1,TMA00318,False,False,False,none
mfldddma-1,TMA00318,False,False,False,none
mflibhlj-1,TMA00318,False,False,False,none
mflkfdlm-1,TMA00318,False,False,False,none
mflknjpc-1,TMA00318,False,False,False,none
mflnnbcj-1,TMA00318,False,False,False,none
mfmckimn-1,TMA00318,False,False,False,none
mfmeholj-1,TMA00318,False,False,False,none
mfmendim-1,TMA00318,False,False,False,none
mfmfacak-1,TMA00318,False,False,False,none
mfmgoifp-1,TMA00318,False,False,False,none
mfmlanpi-1,TMA00318,False,False,False,none
mfmlnhon-1,TMA00318,False,False,False,none
mfmmalkc-1,TMA00318,False,False,False,none
mfmmeajj-1,TMA00318,False,False,False,none
mfnbnhjh-1,TMA00318,False,False,False,none
mfniabib-1,TMA00318,False,False,False,none
mfnmphkl-1,TMA00318,False,False,False,none
mfnnofbf-1,TMA00318,False,False,False,none
mfoepgmc-1,TMA00318,False,False,False,none
mfolpopp-1,TMA00318,False,False,False,none
mfondgha-1,TMA00318,False,False,False,none
mfpbcdon-1,TMA00318,False,False,False,none
mfpejbnd-1,TMA00318,False,False,False,none
mfpgoapj-1,TMA00318,False,False,False,none
mfpikldo-1,TMA00318,False,False,False,none
mfpmajbo-1,TMA00318,False,False,False,none
mfpommpm-1,TMA00318,False,False,False,none
mgaemjoa-1,TMA00318,False,False,False,none
mgafjecp-1,TMA00318,False,False,False,none
mgahlgmg-1,TMA00318,False,False,False,none
mganhpin-1,TMA00318,False,False,False,none
mgapgohi-1,TMA00318,False,False,False,none
mgbakaji-1,TMA00318,False,False,False,none
mgbcoghh-1,TMA00318,False,False,False,none
mgbflihi-1,TMA00318,False,False,False,none
mgbgmmei-1,TMA00318,False,False,False,none
mgbhkkcj-1,TMA00318,False,False,False,none
mgbodnhn-1,TMA00318,False,False,False,none
mgcbmpfe-1,TMA00318,False,False,False,none
mgcikiml-1,TMA00318,False,False,False,none
mgcjpbjl-1,TMA00318,False,False,False,none
mgdafcln-1,TMA00318,False,False,False,none
mgdebceg-1,TMA00318,False,False,False,none
mgdehogh-1,TMA00318,False,False,False,none
mgdgghpb-1,TMA00318,False,False,False,none
mgdjbljp-1,TMA00318,False,False,False,none
mgdkjajh-1,TMA00318,False,False,False,none
mgebmbon-1,TMA00318,False,False,False,none
mgecjkgn-1,TMA00318,False,False,False,none
mgefmhip-1,TMA00318,False,False,False,none
mgelciik-1,TMA00318,False,False,False,none
mgemamif-1,TMA00318,False,False,False,none
mgenaamj-1,TMA00318,False,False,False,none
mgffejgn-1,TMA00318,False,False,False,none
mgfgffjb-1,TMA00318,False,False,False,none
mgfimaid-1,TMA00318,False,False,False,none
mgfmhpnk-1,TMA00318,False,False,False,none
mgfmncgd-1,TMA00318,False,False,False,none
mgfpicnp-1,TMA00318,False,False,False,none
mggbepdj-1,TMA00318,False,False,False,none
mggdnngl-1,TMA00318,False,False,False,none
mgghbllp-1,TMA00318,False,False,False,none
mghakfca-1,TMA00318,False,False,False,none
mghbgcbp-1,TMA00318,False,False,False,none
mghelgmb-1,TMA00318,False,False,False,none
mghipcmg-1,TMA00318,False,False,False,none
mghjcimo-1,TMA00318,False,False,False,none
mghkpeel-1,TMA00318,False,False,False,none
mghnbibj-1,TMA00318,False,False,False,none
mghppacn-1,TMA00318,False,False,False,none
mgiapden-1,TMA00318,False,False,False,none
mgiedeko-1,TMA00318,False,False,False,none
mgihiigj-1,TMA00318,False,False,False,none
mgiikemd-1,TMA00318,False,False,False,none
mgioiebm-1,TMA00318,False,False,False,none
mgjagdge-1,TMA00318,False,False,False,none
mgjdefoi-1,TMA00318,False,False,False,none
mgjdhmnl-1,TMA00318,False,False,False,none
mgjhilnj-1,TMA00318,False,False,False,none
mgjjanog-1,TMA00318,False,False,False,none
mgjklieg-1,TMA00318,False,False,False,none
mgkbldmc-1,TMA00318,False,False,False,none
mgkdbodo-1,TMA00318,False,False,False,none
mgkfdfgk-1,TMA00318,False,False,False,none
mglanmgh-1,TMA00318,False,False,False,none
mglcbdlo-1,TMA00318,False,False,False,none
mglepggf-1,TMA00318,False,False,False,none
mglfnegm-1,TMA00318,False,False,False,none
mglgkimg-1,TMA00318,False,False,False,none
mglhccpb-1,TMA00318,False,False,False,none
mgljblnl-1,TMA00318,False,False,False,none
mglmmndf-1,TMA00318,False,False,False,none
mglnphid-1,TMA00318,False,False,False,none
mgmdomlc-1,TMA00318,False,False,False,none
mgmedmia-1,TMA00318,False,False,False,none
mgmenebc-1,TMA00318,False,False,False,none
mgmjbdmi-1,TMA00318,False,False,False,none
mgmkanpo-1,TMA00318,False,False,False,none
mgmlgjpd-1,TMA00318,False,False,False,none
mgmmfcol-1,TMA00318,False,False,False,none
mgmpgmea-1,TMA00318,False,False,False,none
mgnagpcp-1,TMA00318,False,False,False,none
mgnbinpf-1,TMA00318,False,False,False,none
mgnioldk-1,TMA00318,False,False,False,none
mgnkhnap-1,TMA00318,False,False,False,none
mgnmjheh-1,TMA00318,False,False,False,none
mgnokolg-1,TMA00318,False,False,False,none
mgoabkdp-1,TMA00318,False,False,False,none
mgobeaap-1,TMA00318,False,False,False,none
mgofbcbd-1,TMA00318,False,False,False,none
mgpbakob-1,TMA00318,False,False,False,none
mgpbbgkk-1,TMA00318,False,False,False,none
mgpdapkl-1,TMA00318,False,False,False,none
mgpdmhml-1,TMA00318,False,False,False,none
mgpgenjk-1,TMA00318,False,False,False,none
mgpnefcm-1,TMA00318,False,False,False,none
mgpoiiic-1,TMA00318,False,False,False,none
mgpokbff-1,TMA00318,False,False,False,none
mhahfbop-1,TMA00318,False,False,False,none
mhaiboea-1,TMA00318,False,False,False,none
mhaknlae-1,TMA00318,False,False,False,none
mhalonof-1,TMA00318,False,False,False,none
mhamdfja-1,TMA00318,False,False,False,none
mhapfkmk-1,TMA00318,False,False,False,none
mhaphbna-1,TMA00318,False,False,False,none
mhbckmma-1,TMA00318,False,False,False,none
mhbighbc-1,TMA00318,False,False,False,none
mhbimjbj-1,TMA00318,False,False,False,none
mhbmhmde-1,TMA00318,False,False,False,none
mhbpkgip-1,TMA00318,False,False,False,none
mhchckan-1,TMA00318,False,False,False,none
mhcipbgh-1,TMA00318,False,False,False,none
mhdaalcg-1,TMA00318,False,False,False,none
mhdajhoa-1,TMA00318,False,False,False,none
mhdcnbnk-1,TMA00318,False,False,False,none
mhdiknic-1,TMA00318,False,False,False,none
mhdjpiip-1,TMA00318,False,False,False,none
mhdkbbmi-1,TMA00318,False,False,False,none
mhdmdnbj-1,TMA00318,False,False,False,none
mhdpdbpe-1,TMA00318,False,False,False,none
mhedbpie-1,TMA00318,False,False,False,none
mhedkgdj-1,TMA00318,False,False,False,none
mheggkek-1,TMA00318,False,False,False,none
mhejdhmi-1,TMA00318,False,False,False,none
mhekkgmn-1,TMA00318,False,False,False,none
mhfaanob-1,TMA00318,False,False,False,none
mhfcbpoh-1,TMA00318,False,False,False,none
mhfdfgod-1,TMA00318,False,False,False,none
mhffihgk-1,TMA00318,False,False,False,none
mhfhancp-1,TMA00318,False,False,False,none
mhfniedo-1,TMA00318,False,False,False,none
mhgafjmc-1,TMA00318,False,False,False,none
mhgjcona-1,TMA00318,False,False,False,none
mhgldloh-1,TMA00318,False,False,False,none
mhgmccge-1,TMA00318,False,False,False,none
mhgncfoa-1,TMA00318,False,False,False,none
mhgopnmd-1,TMA00318,False,False,False,none
mhhddioe-1,TMA00318,False,False,False,none
mhhgbfod-1,TMA00318,False,False,False,none
mhhhdelb-1,TMA00318,False,False,False,none
mhhipdhm-1,TMA00318,False,False,False,none
mhhkeebj-1,TMA00318,False,False,False,none
mhhojpaj-1,TMA00318,False,False,False,none
mhicgnem-1,TMA00318,False,False,False,none
mhicohgp-1,TMA00318,False,False,False,none
mhiibedm-1,TMA00318,False,False,False,none
mhillbgf-1,TMA00318,False,False,False,none
mhjaffeg-1,TMA00318,False,False,False,none
mhjbbobk-1,TMA00318,False,False,False,none
mhjlkake-1,TMA00318,False,False,False,none
mhjoofke-1,TMA00318,False,False,False,none
mhkankii-1,TMA00318,False,False,False,none
mhkbpfid-1,TMA00318,False,False,False,none
mhkdogik-1,TMA00318,False,False,False,none
mhkgcfkl-1,TMA00318,False,False,False,none
mhkhjepn-1,TMA00318,False,False,False,none
mhkidaab-1,TMA00318,False,False,False,none
mhlabanf-1,TMA00318,False,False,False,none
mhleglek-1,TMA00318,False,False,False,none
mhlldknf-1,TMA00318,False,False,False,none
mhlmpdel-1,TMA00318,False,False,False,none
mhlnlhbc-1,TMA00318,False,False,False,none
mhmakade-1,TMA00318,False,False,False,none
mhmefjai-1,TMA00318,False,False,False,none
mhmhcgff-1,TMA00318,False,False,False,none
mhmibcfj-1,TMA00318,False,False,False,none
mhmnglml-1,TMA00318,False,False,False,none
mhmoiieb-1,TMA00318,False,False,False,none
mhndkhbo-1,TMA00318,False,False,False,none
mhnehcek-1,TMA00318,False,False,False,none
mhnfafpa-1,TMA00318,False,False,False,none
mhnfmafh-1,TMA00318,False,False,False,none
mhninagc-1,TMA00318,False,False,False,none
mhnjhlag-1,TMA00318,False,False,False,none
mhnkmegk-1,TMA00318,False,False,False,none
mhpbakhk-1,TMA00318,False,False,False,none
mhpbggnp-1,TMA00318,False,False,False,none
mhpckpfm-1,TMA00318,False,False,False,none
mhpeaogj-1,TMA00318,False,False,False,none
mhpgadah-1,TMA00318,False,False,False,none
mhpheafc-1,TMA00318,False,False,False,none
mhpibaca-1,TMA00318,False,False,False,none
mhplkbpm-1,TMA00318,False,False,False,none
miajgpac-1,TMA00318,False,False,False,none
mibaalgc-1,TMA00318,False,False,False,none
mibabelj-1,TMA00318,False,False,False,none
mibamoag-1,TMA00318,False,False,False,none
mibcmneo-1,TMA00318,False,False,False,none
mibeffcf-1,TMA00318,False,False,False,none
mibfmjif-1,TMA00318,False,False,False,none
mibhfbnc-1,TMA00318,False,False,False,none
mibjhgac-1,TMA00318,False,False,False,none
mibkcaab-1,TMA00318,False,False,False,none
mibodfid-1,TMA00318,False,False,False,none
mibolale-1,TMA00318,False,False,False,none
micldjag-1,TMA00318,False,False,False,none
micnfdha-1,TMA00318,False,False,False,none
midemjka-1,TMA00318,False,False,False,none
midfdpki-1,TMA00318,False,False,False,none
midglmcc-1,TMA00318,False,False,False,none
mididndj-1,TMA00318,False,False,False,none
midjoglg-1,TMA00318,False,False,False,none
midmilfh-1,TMA00318,False,False,False,none
midnjjdi-1,TMA00318,False,False,False,none
miebfnjk-1,TMA00318,False,False,False,none
miedgkmj-1,TMA00318,False,False,False,none
mieeanpf-1,TMA00318,False,False,False,none
mieegdmo-1,TMA00318,False,False,False,none
miegjkkg-1,TMA00318,False,False,False,none
miemilhe-1,TMA00318,False,False,False,none
miemppcd-1,TMA00318,False,False,False,none
mienccig-1,TMA00318,False,False,False,none
mifbkelo-1,TMA00318,False,False,False,none
mifdcheb-1,TMA00318,False,False,False,none
mifeggma-1,TMA00318,False,False,False,none
mifmhmcn-1,TMA00318,False,False,False,none
mifpcjdk-1,TMA00318,False,False,False,none
migadnko-1,TMA00318,False,False,False,none
migfmhcd-1,TMA00318,False,False,False,none
miglnbed-1,TMA00318,False,False,False,none
migobfdg-1,TMA00318,False,False,False,none
mihabmie-1,TMA00318,False,False,False,none
mihbehad-1,TMA00318,False,False,False,none
mihgjefd-1,TMA00318,False,False,False,none
mihmfaad-1,TMA00318,False,False,False,none
miiebfpo-1,TMA00318,False,False,False,none
miighinc-1,TMA00318,False,False,False,none
miijpcln-1,TMA00318,False,False,False,none
miikjicg-1,TMA00318,False,False,False,none
miikjpcm-1,TMA00318,False,False,False,none
miingcep-1,TMA00318,False,False,False,none
mijacdpa-1,TMA00318,False,False,False,none
mijaiebp-1,TMA00318,False,False,False,none
mijbfamm-1,TMA00318,False,False,False,none
mijbknaf-1,TMA00318,False,False,False,none
mijikjhl-1,TMA00318,False,False,False,none
mijjjpnl-1,TMA00318,False,False,False,none
mijmkbil-1,TMA00318,False,False,False,none
mikjhpln-1,TMA00318,False,False,False,none
mileojbd-1,TMA00318,False,False,False,none
milhbphh-1,TMA00318,False,False,False,none
milimngd-1,TMA00318,False,False,False,none
milipjoa-1,TMA00318,False,False,False,none
miljkmne-1,TMA00318,False,False,False,none
milnjflc-1,TMA00318,False,False,False,none
milpihke-1,TMA00318,False,False,False,none
milpjilo-1,TMA00318,False,False,False,none
mimdmemk-1,TMA00318,False,False,False,none
mimebjdd-1,TMA00318,False,False,False,none
mimenlje-1,TMA00318,False,False,False,none
mimhmjfo-1,TMA00318,False,False,False,none
mimnindh-1,TMA00318,False,False,False,none
mimoebea-1,TMA00318,False,False,False,none
minadkge-1,TMA00318,False,False,False,none
minecalk-1,TMA00318,False,False,False,none
minhiapj-1,TMA00318,False,False,False,none
miniknml-1,TMA00318,False,False,False,none
minjenla-1,TMA00318,False,False,False,none
miochaom-1,TMA00318,False,False,False,none
mioclehf-1,TMA00318,False,False,False,none
miodbdmm-1,TMA00318,False,False,False,none
miofhpib-1,TMA00318,False,False,False,none
mioimndf-1,TMA00318,False,False,False,none
miojjjaa-1,TMA00318,False,False,False,none
miokhejm-1,TMA00318,False,False,False,none
miollbgd-1,TMA00318,False,False,False,none
miomcgcf-1,TMA00318,False,False,False,none
mionlhio-1,TMA00318,False,False,False,none
mipaeknl-1,TMA00318,False,False,False,none
mipaohdf-1,TMA00318,False,False,False,none
mipegaoc-1,TMA00318,False,False,False,none
mipgpfbp-1,TMA00318,False,False,False,none
miphadal-1,TMA00318,False,False,False,none
mipojool-1,TMA00318,False,False,False,none
mipoohoh-1,TMA00318,False,False,False,none
mjackbdi-1,TMA00318,False,False,False,none
mjaefgao-1,TMA00318,False,False,False,none
mjaehnoo-1,TMA00318,False,False,False,none
mjaeinnd-1,TMA00318,False,False,False,none
mjagfaek-1,TMA00318,False,False,False,none
mjahlbmk-1,TMA00318,False,False,False,none
mjalgbjl-1,TMA00318,False,False,False,none
mjaoefhn-1,TMA00318,False,False,False,none
mjbebklk-1,TMA00318,False,False,False,none
mjbgmdka-1,TMA00318,False,False,False,none
mjbhpfbd-1,TMA00318,False,False,False,none
mjbkdcoo-1,TMA00318,False,False,False,none
mjbnlklj-1,TMA00318,False,False,False,none
mjbnnpij-1,TMA00318,False,False,False,none
mjbodnkj-1,TMA00318,False,False,False,none
mjcbdbin-1,TMA00318,False,False,False,none
mjcmignk-1,TMA00318,False,False,False,none
mjcmmjga-1,TMA00318,False,False,False,none
mjcomlna-1,TMA00318,False,False,False,none
mjdccome-1,TMA00318,False,False,False,none
mjdcjndl-1,TMA00318,False,False,False,none
mjdfanph-1,TMA00318,False,False,False,none
mjdgikbh-1,TMA00318,False,False,False,none
mjechplf-1,TMA00318,False,False,False,none
mjecimll-1,TMA00318,False,False,False,none
mjfknpof-1,TMA00318,False,False,False,none
mjflbbfi-1,TMA00318,False,False,False,none
mjgakgon-1,TMA00318,False,False,False,none
mjggoeaf-1,TMA00318,False,False,False,none
mjgihjdm-1,TMA00318,False,False,False,none
mjgognop-1,TMA00318,False,False,False,none
mjhmfpij-1,TMA00318,False,False,False,none
mjidebkb-1,TMA00318,False,False,False,none
mjiipkck-1,TMA00318,False,False,False,none
mjikflld-1,TMA00318,False,False,False,none
mjjadmnh-1,TMA00318,False,False,False,none
mjjbanpl-1,TMA00318,False,False,False,none
mjjdnefa-1,TMA00318,False,False,False,none
mjjfhceg-1,TMA00318,False,False,False,none
mjjpghpa-1,TMA00318,False,False,False,none
mjkglggk-1,TMA00318,False,False,False,none
mjkidadh-1,TMA00318,False,False,False,none
mjkmmbih-1,TMA00318,False,False,False,none
mjlamepe-1,TMA00318,False,False,False,none
mjlbdaco-1,TMA00318,False,False,False,none
mjlckioi-1,TMA00318,False,False,False,none
mjlkpkkd-1,TMA00318,False,False,False,none
mjmclagf-1,TMA00318,False,False,False,none
mjmcpppl-1,TMA00318,False,False,False,none
mjmjfhfk-1,TMA00318,False,False,False,none
mjmlllod-1,TMA00318,False,False,False,none
mjmoeeoh-1,TMA00318,False,False,False,none
mjmpbhom-1,TMA00318,False,False,False,none
mjnemimi-1,TMA00318,False,False,False,none
mjnogjdg-1,TMA00318,False,False,False,none
mjoaecmi-1,TMA00318,False,False,False,none
mjodcnap-1,TMA00318,False,False,False,none
mjofildh-1,TMA00318,False,False,False,none
mjohknnm-1,TMA00318,False,False,False,none
mjomaadn-1,TMA00318,False,False,False,none
mjommemg-1,TMA00318,False,False,False,none
mjoognbc-1,TMA00318,False,False,False,none
mjopabde-1,TMA00318,False,False,False,none
mjpcpcif-1,TMA00318,False,False,False,none
mjpddjcc-1,TMA00318,False,False,False,none
mjpjaeni-1,TMA00318,False,False,False,none
mjpjobfo-1,TMA00318,False,False,False,none
mjpkobmj-1,TMA00318,False,False,False,none
mjpkocfk-1,TMA00318,False,False,False,none
mjpojlig-1,TMA00318,False,False,False,none
mkabecld-1,TMA00318,False,False,False,none
mkagelkn-1,TMA00318,False,False,False,none
mkakadgf-1,TMA00318,False,False,False,none
mkaniamf-1,TMA00318,False,False,False,none
mkbddiil-1,TMA00318,False,False,False,none
mkbegoho-1,TMA00318,False,False,False,none
mkbehlhn-1,TMA00318,False,False,False,none
mkbildin-1,TMA00318,False,False,False,none
mkbmnlgl-1,TMA00318,False,False,False,none
mkbnmhmc-1,TMA00318,False,False,False,none
mkbolckh-1,TMA00318,False,False,False,none
mkbookhj-1,TMA00318,False,False,False,none
mkbpknmn-1,TMA00318,False,False,False,none
mkchjfjn-1,TMA00318,False,False,False,none
mkcljijj-1,TMA00318,False,False,False,none
mkcpdiod-1,TMA00318,False,False,False,none
mkdafplc-1,TMA00318,False,False,False,none
mkddnali-1,TMA00318,False,False,False,none
mkdidooh-1,TMA00318,False,False,False,none
mkdmdcdg-1,TMA00318,False,False,False,none
mkefkoan-1,TMA00318,False,False,False,none
mkegbngo-1,TMA00318,False,False,False,none
mkehliep-1,TMA00318,False,False,False,none
mkejbbgd-1,TMA00318,False,False,False,none
mkekgbpa-1,TMA00318,False,False,False,none
mkepnlmb-1,TMA00318,False,False,False,none
mkfbfbci-1,TMA00318,False,False,False,none
mkfdlkfb-1,TMA00318,False,False,False,none
mkfflmbc-1,TMA00318,False,False,False,none
mkffmmal-1,TMA00318,False,False,False,none
mkfgbpec-1,TMA00318,False,False,False,none
mkfgpmdh-1,TMA00318,False,False,False,none
mkfmnkpn-1,TMA00318,False,False,False,none
mkfokonb-1,TMA00318,False,False,False,none
mkgcddac-1,TMA00318,False,False,False,none
mkgfmhgm-1,TMA00318,False,False,False,none
mkgnioee-1,TMA00318,False,False,False,none
mkimcdcc-1,TMA00318,False,False,False,none
mkjbglna-1,TMA00318,False,False,False,none
mkjfainl-1,TMA00318,False,False,False,none
mkjkeedg-1,TMA00318,False,False,False,none
mkjnekhd-1,TMA00318,False,False,False,none
mkmadkcg-1,TMA00318,False,False,False,none
mkmcflfh-1,TMA00318,False,False,False,none
mkmojndn-1,TMA00318,False,False,False,none
mknemmei-1,TMA00318,False,False,False,none
mknhphej-1,TMA00318,False,False,False,none
mknjpbof-1,TMA00318,False,False,False,none
mknjpoin-1,TMA00318,False,False,False,none
mknnjdff-1,TMA00318,False,False,False,none
mkoighde-1,TMA00318,False,False,False,none
mkoipmgo-1,TMA00318,False,False,False,none
mkoongjb-1,TMA00318,False,False,False,none
mkpaphen-1,TMA00318,False,False,False,none
mkpdekhm-1,TMA00318,False,False,False,none
mkpjpahc-1,TMA00318,False,False,False,none
mkpncgpl-1,TMA00318,False,False,False,none
mkpocilk-1,TMA00318,False,False,False,none
mlabhapc-1,TMA00318,False,False,False,none
mlafbjmm-1,TMA00318,False,False,False,none
mlagpbhm-1,TMA00318,False,False,False,none
mlajjmil-1,TMA00318,False,False,False,none
mlakigbm-1,TMA00318,False,False,False,none
mlbhfenf-1,TMA00318,False,False,False,none
mlbidnna-1,TMA00318,False,False,False,none
mlbjndan-1,TMA00318,False,False,False,none
mlbobndk-1,TMA00318,False,False,False,none
mlbofabo-1,TMA00318,False,False,False,none
mlboigep-1,TMA00318,False,False,False,none
mlcadnoo-1,TMA00318,False,False,False,none
mlcobcei-1,TMA00318,False,False,False,none
mldaeebf-1,TMA00318,False,False,False,none
mldhdcnl-1,TMA00318,False,False,False,none
mldkekic-1,TMA00318,False,False,False,none
mlebepck-1,TMA00318,False,False,False,none
mlejcbng-1,TMA00318,False,False,False,none
mlfbjekc-1,TMA00318,False,False,False,none
mlfnfkbo-1,TMA00318,False,False,False,none
mlgklkgj-1,TMA00318,False,False,False,none
mlgmfbfl-1,TMA00318,False,False,False,none
mlgmndib-1,TMA00318,False,False,False,none
mlgmnldh-1,TMA00318,False,False,False,none
mlgmpkkf-1,TMA00318,False,False,False,none
mlgnpdeh-1,TMA00318,False,False,False,none
mlgpjlan-1,TMA00318,False,False,False,none
mlhapldp-1,TMA00318,False,False,False,none
mlhcojfl-1,TMA00318,False,False,False,none
mlhegfna-1,TMA00318,False,False,False,none
mlhenjhh-1,TMA00318,False,False,False,none
mlhiopno-1,TMA00318,False,False,False,none
mlhkhemo-1,TMA00318,False,False,False,none
mlhmbkga-1,TMA00318,False,False,False,none
mlhnkinn-1,TMA00318,False,False,False,none
mlidedan-1,TMA00318,False,False,False,none
mligaopd-1,TMA00318,False,False,False,none
mlihaadn-1,TMA00318,False,False,False,none
mlijlbfd-1,TMA00318,False,False,False,none
mlimlogf-1,TMA00318,False,False,False,none
mlinijpa-1,TMA00318,False,False,False,none
mlipejbb-1,TMA00318,False,False,False,none
mliplekd-1,TMA00318,False,False,False,none
mljahhlm-1,TMA00318,False,False,False,none
mljbknnd-1,TMA00318,False,False,False,none
mljfpcnn-1,TMA00318,False,False,False,none
mljlckdj-1,TMA00318,False,False,False,none
mljlmilk-1,TMA00318,False,False,False,none
mljpckfg-1,TMA00318,False,False,False,none
mljphkde-1,TMA00318,False,False,False,none
mlkgeaie-1,TMA00318,False,False,False,none
mlkghfla-1,TMA00318,False,False,False,none
mlkmfphe-1,TMA00318,False,False,False,none
mlkpiboi-1,TMA00318,False,False,False,none
mllakkil-1,TMA00318,False,False,False,none
mllbanfe-1,TMA00318,False,False,False,none
mllbhfel-1,TMA00318,False,False,False,none
mllbjlah-1,TMA00318,False,False,False,none
mllccdac-1,TMA00318,False,False,False,none
mllchcbn-1,TMA00318,False,False,False,none
mllkcdhi-1,TMA00318,False,False,False,none
mllpmcjb-1,TMA00318,False,False,False,none
mlmjcmjo-1,TMA00318,False,False,False,none
mlmlbdfj-1,TMA00318,False,False,False,none
mlochnpj-1,TMA00318,False,False,False,none
mlpbfajo-1,TMA00318,False,False,False,none
mlpgnkjl-1,TMA00318,False,False,False,none
mlpkbohk-1,TMA00318,False,False,False,none
mlpncinp-1,TMA00318,False,False,False,none
mlpoeplh-1,TMA00318,False,False,False,none
mlppihia-1,TMA00318,False,False,False,none
mmadmpll-1,TMA00318,False,False,False,none
mmamacfi-1,TMA00318,False,False,False,none
mmanmkof-1,TMA00318,False,False,False,none
mmbcbccn-1,TMA00318,False,False,False,none
mmbhkbnb-1,TMA00318,False,False,False,none
mmbongen-1,TMA00318,False,False,False,none
mmcbjaan-1,TMA00318,False,False,False,none
mmcganfa-1,TMA00318,False,False,False,none
mmchkehk-1,TMA00318,False,False,False,none
mmcjogop-1,TMA00318,False,False,False,none
mmcobihh-1,TMA00318,False,False,False,none
mmdpmecp-1,TMA00318,False,False,False,none
mmealobl-1,TMA00318,False,False,False,none
mmefafja-1,TMA00318,False,False,False,none
mmgamocg-1,TMA00318,False,False,False,none
mmhfmfhl-1,TMA00318,False,False,False,none
mmhigebn-1,TMA00318,False,False,False,none
mmhjdkbf-1,TMA00318,False,False,False,none
mmhncadc-1,TMA00318,False,False,False,none
mmhpinpg-1,TMA00318,False,False,False,none
mmimkamk-1,TMA00318,False,False,False,none
mmjalfen-1,TMA00318,False,False,False,none
mmjgkkam-1,TMA00318,False,False,False,none
mmjicgfi-1,TMA00318,False,False,False,none
mmjmafbd-1,TMA00318,False,False,False,none
mmjopjbi-1,TMA00318,False,False,False,none
mmkbgmaf-1,TMA00318,False,False,False,none
mmkoepmf-1,TMA00318,False,False,False,none
mmlgbpcd-1,TMA00318,False,False,False,none
mmlkgeck-1,TMA00318,False,False,False,none
mmlmehmj-1,TMA00318,False,False,False,none
mmloncba-1,TMA00318,False,False,False,none
mmlpejdc-1,TMA00318,False,False,False,none
mmlppkhd-1,TMA00318,False,False,False,none
mmmdeibi-1,TMA00318,False,False,False,none
mmmgehaj-1,TMA00318,False,False,False,none
mmmhadfi-1,TMA00318,False,False,False,none
mmmpekad-1,TMA00318,False,False,False,none
mmmpkfng-1,TMA00318,False,False,False,none
mmnckmeb-1,TMA00318,False,False,False,none
mmnhbgoe-1,TMA00318,False,False,False,none
mmnildhg-1,TMA00318,False,False,False,none
mmnimkpk-1,TMA00318,False,False,False,none
mmnmmbfb-1,TMA00318,False,False,False,none
mmnpeepk-1,TMA00318,False,False,False,none
mmoajcog-1,TMA00318,False,False,False,none
mmobkedp-1,TMA00318,False,False,False,none
mmoembac-1,TMA00318,False,False,False,none
mmojbohk-1,TMA00318,False,False,False,none
mmojjkdk-1,TMA00318,False,False,False,none
mmolmcob-1,TMA00318,False,False,False,none
mmomliog-1,TMA00318,False,False,False,none
mmoolloi-1,TMA00318,False,False,False,none
mmopneko-1,TMA00318,False,False,False,none
mmpbkamc-1,TMA00318,False,False,False,none
mmpgkkjp-1,TMA00318,False,False,False,none
mmpiknnb-1,TMA00318,False,False,False,none
mmplmldk-1,TMA00318,False,False,False,none
mnaccopl-1,TMA00318,False,False,False,none
mnajijeh-1,TMA00318,False,False,False,none
mnajopkc-1,TMA00318,False,False,False,none
mnalcioo-1,TMA00318,False,False,False,none
mnaoimcl-1,TMA00318,False,False,False,none
mnbboofn-1,TMA00318,False,False,False,none
mnbdpcla-1,TMA00318,False,False,False,none
mnbiplka-1,TMA00318,False,False,False,none
mnbmpife-1,TMA00318,False,False,False,none
mnbpafbm-1,TMA00318,False,False,False,none
mncoggnh-1,TMA00318,False,False,False,none
mndccihe-1,TMA00318,False,False,False,none
mndffhni-1,TMA00318,False,False,False,none
mndimeni-1,TMA00318,False,False,False,none
mndjjdao-1,TMA00318,False,False,False,none
mndkeaca-1,TMA00318,False,False,False,none
mndmelme-1,TMA00318,False,False,False,none
mneapgoo-1,TMA00318,False,False,False,none
mnebepfe-1,TMA00318,False,False,False,none
mnefchgi-1,TMA00318,False,False,False,none
mnfekhkc-1,TMA00318,False,False,False,none
mngkilfc-1,TMA00318,False,False,False,none
mngoiclj-1,TMA00318,False,False,False,none
mnibojel-1,TMA00318,False,False,False,none
mnifhima-1,TMA00318,False,False,False,none
mniibkgh-1,TMA00318,False,False,False,none
mnkdnjhf-1,TMA00318,False,False,False,none
mnkepphe-1,TMA00318,False,False,False,none
mnkgfcib-1,TMA00318,False,False,False,none
mnkhfjhm-1,TMA00318,False,False,False,none
mnklckap-1,TMA00318,False,False,False,none
mnlabako-1,TMA00318,False,False,False,none
mnlbcbpk-1,TMA00318,False,False,False,none
mnlbpfke-1,TMA00318,False,False,False,none
mnlfionj-1,TMA00318,False,False,False,none
mnljdceo-1,TMA00318,False,False,False,none
mnljfhgc-1,TMA00318,False,False,False,none
mnlpmnko-1,TMA00318,False,False,False,none
mnmcflcg-1,TMA00318,False,False,False,none
mnmcjiah-1,TMA00318,False,False,False,none
mnmhfaoc-1,TMA00318,False,False,False,none
mnmleejc-1,TMA00318,False,False,False,none
mnmopckl-1,TMA00318,False,False,False,none
mnmpmilh-1,TMA00318,False,False,False,none
mnnbomnc-1,TMA00318,False,False,False,none
mnndeagf-1,TMA00318,False,False,False,none
mnnkiaha-1,TMA00318,False,False,False,none
mnpafhoa-1,TMA00318,False,False,False,none
mnpgjbmn-1,TMA00318,False,False,False,none
mnpgkolf-1,TMA00318,False,False,False,none
mnpgmjhm-1,TMA00318,False,False,False,none
mnphcadc-1,TMA00318,False,False,False,none
mnpicghe-1,TMA00318,False,False,False,none
mnpilcek-1,TMA00318,False,False,False,none
mnpinihk-1,TMA00318,False,False,False,none
mnplmjnd-1,TMA00318,False,False,False,none
mnpmhioh-1,TMA00318,False,False,False,none
moabekik-1,TMA00318,False,False,False,none
moacmpdg-1,TMA00318,False,False,False,none
moaegkda-1,TMA00318,False,False,False,none
moapiakp-1,TMA00318,False,False,False,none
mobabmja-1,TMA00318,False,False,False,none
mobebfef-1,TMA00318,False,False,False,none
mobfjcap-1,TMA00318,False,False,False,none
mobhdcme-1,TMA00318,False,False,False,none
mobjabgf-1,TMA00318,False,False,False,none
mobjllbp-1,TMA00318,False,False,False,none
moccnjja-1,TMA00318,False,False,False,none
moceggao-1,TMA00318,False,False,False,none
mockdedd-1,TMA00318,False,False,False,none
mocklcol-1,TMA00318,False,False,False,none
mocnddlk-1,TMA00318,False,False,False,none
modacjmi-1,TMA00318,False,False,False,none
modddhhd-1,TMA00318,False,False,False,none
moddkdpg-1,TMA00318,False,False,False,none
modooejd-1,TMA00318,False,False,False,none
moeakbmf-1,TMA00318,False,False,False,none
moebkpnk-1,TMA00318,False,False,False,none
moegmnph-1,TMA00318,False,False,False,none
moeijfja-1,TMA00318,False,False,False,none
moejalli-1,TMA00318,False,False,False,none
moekdaie-1,TMA00318,False,False,False,none
mofgkicc-1,TMA00318,False,False,False,none
mofibiea-1,TMA00318,False,False,False,none
mofjecej-1,TMA00318,False,False,False,none
mofmcfhn-1,TMA00318,False,False,False,none
mofnmggj-1,TMA00318,False,False,False,none
mogbehbe-1,TMA00318,False,False,False,none
mogfmlnp-1,TMA00318,False,False,False,none
mohagjfh-1,TMA00318,False,False,False,none
mohbdlbo-1,TMA00318,False,False,False,none
moicakkb-1,TMA00318,False,False,False,none
moiefomj-1,TMA00318,False,False,False,none
moigehac-1,TMA00318,False,False,False,none
moigfdha-1,TMA00318,False,False,False,none
moiikgok-1,TMA00318,False,False,False,none
moijgmhf-1,TMA00318,False,False,False,none
moikcfim-1,TMA00318,False,False,False,none
moipmcda-1,TMA00318,False,False,False,none
mojabphm-1,TMA00318,False,False,False,none
mojbmlim-1,TMA00318,False,False,False,none
mojmhpfn-1,TMA00318,False,False,False,none
mojoponb-1,TMA00318,False,False,False,none
mokcenpp-1,TMA00318,False,False,False,none
molajlgp-1,TMA00318,False,False,False,none
molpidol-1,TMA00318,False,False,False,none
momeaand-1,TMA00318,False,False,False,none
momenlop-1,TMA00318,False,False,False,none
momhhcpe-1,TMA00318,False,False,False,none
momjndmk-1,TMA00318,False,False,False,none
momldmme-1,TMA00318,False,False,False,none
momnnbob-1,TMA00318,False,False,False,none
momnpgdc-1,TMA00318,False,False,False,none
moncimlp-1,TMA00318,False,False,False,none
monicale-1,TMA00318,False,False,False,none
monneiph-1,TMA00318,False,False,False,none
monpekhk-1,TMA00318,False,False,False,none
moobciep-1,TMA00318,False,False,False,none
moodppma-1,TMA00318,False,False,False,none
mooefmbc-1,TMA00318,False,False,False,none
moojeigm-1,TMA00318,False,False,False,none
mookkohl-1,TMA00318,False,False,False,none
mooogdpc-1,TMA00318,False,False,False,none
mopefdbc-1,TMA00318,False,False,False,none
mopgkhbc-1,TMA00318,False,False,False,none
mophoaoi-1,TMA00318,False,False,False,none
mopnbpdk-1,TMA00318,False,False,False,none
mpaggkld-1,TMA00318,False,False,False,none
mpahkcbk-1,TMA00318,False,False,False,none
mpanokae-1,TMA00318,False,False,False,none
mpaopgcj-1,TMA00318,False,False,False,none
mpbkhgoi-1,TMA00318,False,False,False,none
mpbkjaap-1,TMA00318,False,False,False,none
mpbkjlgi-1,TMA00318,False,False,False,none
mpbndcpj-1,TMA00318,False,False,False,none
mpccbenn-1,TMA00318,False,False,False,none
mpcdpbep-1,TMA00318,False,False,False,none
mpcecdfp-1,TMA00318,False,False,False,none
mpceknio-1,TMA00318,False,False,False,none
mpcfjplh-1,TMA00318,False,False,False,none
mpcjcgdf-1,TMA00318,False,False,False,none
mpcjdogn-1,TMA00318,False,False,False,none
mpcpoelg-1,TMA00318,False,False,False,none
mpdahhjf-1,TMA00318,False,False,False,none
mpdiobkc-1,TMA00318,False,False,False,none
mpdpccaf-1,TMA00318,False,False,False,none
mpdphafe-1,TMA00318,False,False,False,none
mpeajgeb-1,TMA00318,False,False,False,none
mpealfef-1,TMA00318,False,False,False,none
mpebodkh-1,TMA00318,False,False,False,none
mpedebib-1,TMA00318,False,False,False,none
mpedgeia-1,TMA00318,False,False,False,none
mpeelaop-1,TMA00318,False,False,False,none
mpeendcc-1,TMA00318,False,False,False,none
mpeggkbi-1,TMA00318,False,False,False,none
mpelcgho-1,TMA00318,False,False,False,none
mpelooef-1,TMA00318,False,False,False,none
mpfaacea-1,TMA00318,False,False,False,none
mpfbeoio-1,TMA00318,False,False,False,none
mpffbedo-1,TMA00318,False,False,False,none
mpfpahhl-1,TMA00318,False,False,False,none
mpgdflip-1,TMA00318,False,False,False,none
mpgdjpef-1,TMA00318,False,False,False,none
mpgedjlc-1,TMA00318,False,False,False,none
mpghlddk-1,TMA00318,False,False,False,none
mpgiipoc-1,TMA00318,False,False,False,none
mpgkahim-1,TMA00318,False,False,False,none
mpgnljgl-1,TMA00318,False,False,False,none
mphdegap-1,TMA00318,False,False,False,none
mphhdcpp-1,TMA00318,False,False,False,none
mphjdkja-1,TMA00318,False,False,False,none
mpiifndj-1,TMA00318,False,False,False,none
mpijcmih-1,TMA00318,False,False,False,none
mpimihae-1,TMA00318,False,False,False,none
mpjacekj-1,TMA00318,False,False,False,none
mpjfogba-1,TMA00318,False,False,False,none
mpjnbaje-1,TMA00318,False,False,False,none
mpkamhda-1,TMA00318,False,False,False,none
mpkgbbmk-1,TMA00318,False,False,False,none
mpkjmgfj-1,TMA00318,False,False,False,none
mpklaodk-1,TMA00318,False,False,False,none
mpkmionl-1,TMA00318,False,False,False,none
mplfcdon-1,TMA00318,False,False,False,none
mplfojhl-1,TMA00318,False,False,False,none
mpllebkl-1,TMA00318,False,False,False,none
mplpleki-1,TMA00318,False,False,False,none
mpmjpppm-1,TMA00318,False,False,False,none
mpnooiee-1,TMA00318,False,False,False,none
mppoablm-1,TMA00318,False,False,False,none
naaafnkm-1,TMA00318,False,False,False,none
naabcceo-1,TMA00318,False,False,False,none
naacnggl-1,TMA00318,False,False,False,none
naaddpml-1,TMA00318,False,False,False,none
naaogihp-1,TMA00318,False,False,False,none
naapopde-1,TMA00318,False,False,False,none
nabdgpof-1,TMA00318,False,False,False,none
nabfndac-1,TMA00318,False,False,False,none
nabhgcnd-1,TMA00318,False,False,False,none
nablmgan-1,TMA00318,False,False,False,none
nacbjmfa-1,TMA00318,False,False,False,none
nacjokgm-1,TMA00318,False,False,False,none
nacllmmp-1,TMA00318,False,False,False,none
nacmoebe-1,TMA00318,False,False,False,none
nacpbigl-1,TMA00318,False,False,False,none
nacpoaec-1,TMA00318,False,False,False,none
nadjdkbi-1,TMA00318,False,False,False,none
nadkkgfg-1,TMA00318,False,False,False,none
naedpcel-1,TMA00318,False,False,False,none
naeipejk-1,TMA00318,False,False,False,none
naemdnok-1,TMA00318,False,False,False,none
nafeehnh-1,TMA00318,False,False,False,none
nagchbml-1,TMA00318,False,False,False,none
naglcgan-1,TMA00318,False,False,False,none
nagmbbhk-1,TMA00318,False,False,False,none
nagphgfh-1,TMA00318,False,False,False,none
nahbdofn-1,TMA00318,False,False,False,none
nahblcdg-1,TMA00318,False,False,False,none
naheldhn-1,TMA00318,False,False,False,none
nahfchhm-1,TMA00318,False,False,False,none
nahgdmpk-1,TMA00318,False,False,False,none
nahgicak-1,TMA00318,False,False,False,none
nahieakl-1,TMA00318,False,False,False,none
nahpcafl-1,TMA00318,False,False,False,none
naicmnai-1,TMA00318,False,False,False,none
naiebmnm-1,TMA00318,False,False,False,none
naiggalc-1,TMA00318,False,False,False,none
naihjfdd-1,TMA00318,False,False,False,none
naijhnjk-1,TMA00318,False,False,False,none
nailckcg-1,TMA00318,False,False,False,none
naimobhk-1,TMA00318,False,False,False,none
naipjmlk-1,TMA00318,False,False,False,none
najdgmmg-1,TMA00318,False,False,False,none
najegbod-1,TMA00318,False,False,False,none
najfcing-1,TMA00318,False,False,False,none
najiemgh-1,TMA00318,False,False,False,none
najlbkno-1,TMA00318,False,False,False,none
najndchm-1,TMA00318,False,False,False,none
najnehab-1,TMA00318,False,False,False,none
najoaenl-1,TMA00318,False,False,False,none
najpnnac-1,TMA00318,False,False,False,none
nalaekhl-1,TMA00318,False,False,False,none
nalbjiic-1,TMA00318,False,False,False,none
nalbkfdc-1,TMA00318,False,False,False,none
naldcpck-1,TMA00318,False,False,False,none
nalihjjc-1,TMA00318,False,False,False,none
nalkjhlb-1,TMA00318,False,False,False,none
nalmhkek-1,TMA00318,False,False,False,none
nammogbg-1,TMA00318,False,False,False,none
namobfde-1,TMA00318,False,False,False,none
nampanmp-1,TMA00318,False,False,False,none
nanamena-1,TMA00318,False,False,False,none
nanddgom-1,TMA00318,False,False,False,none
nangehdh-1,TMA00318,False,False,False,none
nanhicck-1,TMA00318,False,False,False,none
nankholl-1,TMA00318,False,False,False,none
nanlglca-1,TMA00318,False,False,False,none
nanlhmho-1,TMA00318,False,False,False,none
naodapgm-1,TMA00318,False,False,False,none
naoiogin-1,TMA00318,False,False,False,none
naojmgcf-1,TMA00318,False,False,False,none
naonoaip-1,TMA00318,False,False,False,none
napgiagg-1,TMA00318,False,False,False,none
napklcge-1,TMA00318,False,False,False,none
nbahaill-1,TMA00318,False,False,False,none
nbaloaoe-1,TMA00318,False,False,False,none
nbapdhge-1,TMA00318,False,False,False,none
nbaplhgd-1,TMA00318,False,False,False,none
nbapogob-1,TMA00318,False,False,False,none
nbapojdo-1,TMA00318,False,False,False,none
nbbchecp-1,TMA00318,False,False,False,none
nbbdmekc-1,TMA00318,False,False,False,none
nbbgfigb-1,TMA00318,False,False,False,none
nbbmnkgn-1,TMA00318,False,False,False,none
nbcagngh-1,TMA00318,False,False,False,none
nbcdndbe-1,TMA00318,False,False,False,none
nbcmdnak-1,TMA00318,False,False,False,none
nbdckfpa-1,TMA00318,False,False,False,none
nbdgjdfn-1,TMA00318,False,False,False,none
nbebbnii-1,TMA00318,False,False,False,none
nbebhokc-1,TMA00318,False,False,False,none
nbeejeeo-1,TMA00318,False,False,False,none
nbefodpj-1,TMA00318,False,False,False,none
nbemnnpb-1,TMA00318,False,False,False,none
nbffgjao-1,TMA00318,False,False,False,none
nbfgglml-1,TMA00318,False,False,False,none
nbfhhgbh-1,TMA00318,False,False,False,none
nbfkohko-1,TMA00318,False,False,False,none
nbgabclh-1,TMA00318,False,False,False,none
nbgcenep-1,TMA00318,False,False,False,none
nbhihpcp-1,TMA00318,False,False,False,none
nbhkbhmo-1,TMA00318,False,False,False,none
nbhlopic-1,TMA00318,False,False,False,none
nbicdmic-1,TMA00318,False,False,False,none
nbjmlihp-1,TMA00318,False,False,False,none
nbkpbpkd-1,TMA00318,False,False,False,none
nbmnlmam-1,TMA00318,False,False,False,none
nbncnpif-1,TMA00318,False,False,False,none
nbobajdi-1,TMA00318,False,False,False,none
nboefnbi-1,TMA00318,False,False,False,none
nboidmcd-1,TMA00318,False,False,False,none
nboljobo-1,TMA00318,False,False,False,none
nbomgjif-1,TMA00318,False,False,False,none
nbpfghoo-1,TMA00318,False,False,False,none
nbpijcjf-1,TMA00318,False,False,False,none
nbpjmalf-1,TMA00318,False,False,False,none
nbpkjjlj-1,TMA00318,False,False,False,none
nbpljape-1,TMA00318,False,False,False,none
ncapajih-1,TMA00318,False,False,False,none
ncbdlkog-1,TMA00318,False,False,False,none
ncbenjoi-1,TMA00318,False,False,False,none
ncblmbkc-1,TMA00318,False,False,False,none
ncbmafpa-1,TMA00318,False,False,False,none
nccaipfg-1,TMA00318,False,False,False,none
ncccimlm-1,TMA00318,False,False,False,none
nccdaaoj-1,TMA00318,False,False,False,none
nccgoppe-1,TMA00318,False,False,False,none
ncckjeln-1,TMA00318,False,False,False,none
ncdaknoe-1,TMA00318,False,False,False,none
ncdedhjg-1,TMA00318,False,False,False,none
ncdfafhj-1,TMA00318,False,False,False,none
ncdmpcla-1,TMA00318,False,False,False,none
ncdnfimg-1,TMA00318,False,False,False,none
ncdppajc-1,TMA00318,False,False,False,none
nceammhc-1,TMA00318,False,False,False,none
nceicgei-1,TMA00318,False,False,False,none
ncepcaek-1,TMA00318,False,False,False,none
ncffeljd-1,TMA00318,False,False,False,none
ncfipkmo-1,TMA00318,False,False,False,none
ncgcebkm-1,TMA00318,False,False,False,none
ncgllggm-1,TMA00318,False,False,False,none
nchdoinj-1,TMA00318,False,False,False,none
ncihaoof-1,TMA00318,False,False,False,none
nciiobbe-1,TMA00318,False,False,False,none
nckoglhb-1,TMA00318,False,False,False,none
nclclgfo-1,TMA00318,False,False,False,none
nclfijdb-1,TMA00318,False,False,False,none
ncmbdoab-1,TMA00318,False,False,False,none
ncmbfoen-1,TMA00318,False,False,False,none
ncmhbgjl-1,TMA00318,False,False,False,none
ncmkmlfh-1,TMA00318,False,False,False,none
ncmmlhfk-1,TMA00318,False,False,False,none
ncmmlmaa-1,TMA00318,False,False,False,none
ncmocjdj-1,TMA00318,False,False,False,none
ncnamgpc-1,TMA00318,False,False,False,none
ncncmcik-1,TMA00318,False,False,False,none
ncnfmfha-1,TMA00318,False,False,False,none
ncngccip-1,TMA00318,False,False,False,none
ncnhlngj-1,TMA00318,False,False,False,none
ncnhngca-1,TMA00318,False,False,False,none
ncnlejje-1,TMA00318,False,False,False,none
ncobndcc-1,TMA00318,False,False,False,none
ncoglkoi-1,TMA00318,False,False,False,none
ncohkaea-1,TMA00318,False,False,False,none
ncoigljh-1,TMA00318,False,False,False,none
ncolcccg-1,TMA00318,False,False,False,none
nconnkpc-1,TMA00318,False,False,False,none
ncpbofgi-1,TMA00318,False,False,False,none
ncpbonjp-1,TMA00318,False,False,False,none
ncpcafjj-1,TMA00318,False,False,False,none
ncpcncdn-1,TMA00318,False,False,False,none
ncphhpgh-1,TMA00318,False,False,False,none
ncpkmnmp-1,TMA00318,False,False,False,none
ncpmcckl-1,TMA00318,False,False,False,none
ndadllki-1,TMA00318,False,False,False,none
ndaefebm-1,TMA00318,False,False,False,none
ndamffgl-1,TMA00318,False,False,False,none
ndapmmgj-1,TMA00318,False,False,False,none
ndbhhkmo-1,TMA00318,False,False,False,none
ndbodegf-1,TMA00318,False,False,False,none
ndcbdfcj-1,TMA00318,False,False,False,none
ndcfgnbl-1,TMA00318,False,False,False,none
ndcfkfnb-1,TMA00318,False,False,False,none
ndcjlboe-1,TMA00318,False,False,False,none
ndcllepo-1,TMA00318,False,False,False,none
ndclodjc-1,TMA00318,False,False,False,none
ndcpmgpn-1,TMA00318,False,False,False,none
nddaeceg-1,TMA00318,False,False,False,none
nddephgh-1,TMA00318,False,False,False,none
nddhlmcg-1,TMA00318,False,False,False,none
nddihemj-1,TMA00318,False,False,False,none
nddmdaje-1,TMA00318,False,False,False,none
nddonoan-1,TMA00318,False,False,False,none
ndehpgjh-1,TMA00318,False,False,False,none
ndeinaeh-1,TMA00318,False,False,False,none
ndejgllk-1,TMA00318,False,False,False,none
ndekkbji-1,TMA00318,False,False,False,none
ndfdidbi-1,TMA00318,False,False,False,none
ndfedllj-1,TMA00318,False,False,False,none
ndfhgdpa-1,TMA00318,False,False,False,none
ndfmcdkf-1,TMA00318,False,False,False,none
ndfmmhio-1,TMA00318,False,False,False,none
ndfonghh-1,TMA00318,False,False,False,none
ndfplhjp-1,TMA00318,False,False,False,none
ndgbfgia-1,TMA00318,False,False,False,none
ndgckaim-1,TMA00318,False,False,False,none
ndgdfdjp-1,TMA00318,False,False,False,none
ndgeebjd-1,TMA00318,False,False,False,none
ndgejmfg-1,TMA00318,False,False,False,none
ndgibfdm-1,TMA00318,False,False,False,none
ndhmldck-1,TMA00318,False,False,False,none
ndielbph-1,TMA00318,False,False,False,none
ndigjfhc-1,TMA00318,False,False,False,none
ndiioiao-1,TMA00318,False,False,False,none
ndionecb-1,TMA00318,False,False,False,none
ndjboddg-1,TMA00318,False,False,False,none
ndjhoajm-1,TMA00318,False,False,False,none
ndjiddhf-1,TMA00318,False,False,False,none
ndjigbbl-1,TMA00318,False,False,False,none
ndjimpeg-1,TMA00318,False,False,False,none
ndkalobp-1,TMA00318,False,False,False,none
ndkbabbp-1,TMA00318,False,False,False,none
ndkcinhf-1,TMA00318,False,False,False,none
ndkejccg-1,TMA00318,False,False,False,none
ndkmcbhc-1,TMA00318,False,False,False,none
ndknodie-1,TMA00318,False,False,False,none
ndknpipk-1,TMA00318,False,False,False,none
ndkpaljh-1,TMA00318,False,False,False,none
ndlacpgg-1,TMA00318,False,False,False,none
ndldopin-1,TMA00318,False,False,False,none
ndlhninn-1,TMA00318,False,False,False,none
ndljgkic-1,TMA00318,False,False,False,none
ndlmgnfk-1,TMA00318,False,False,False,none
ndlneddi-1,TMA00318,False,False,False,none
ndmdikkb-1,TMA00318,False,False,False,none
ndmlojjg-1,TMA00318,False,False,False,none
ndnbgekb-1,TMA00318,False,False,False,none
ndnchabl-1,TMA00318,False,False,False,none
ndnciogh-1,TMA00318,False,False,False,none
ndncjomk-1,TMA00318,False,False,False,none
ndngbplk-1,TMA00318,False,False,False,none
ndockple-1,TMA00318,False,False,False,none
ndodhngl-1,TMA00318,False,False,False,none
ndonmegd-1,TMA00318,False,False,False,none
ndoojcif-1,TMA00318,False,False,False,none
ndpalboa-1,TMA00318,False,False,False,none
ndppmaaa-1,TMA00318,False,False,False,none
neaoieac-1,TMA00318,False,False,False,none
nebaoehp-1,TMA00318,False,False,False,none
nebiagmp-1,TMA00318,False,False,False,none
necchiem-1,TMA00318,False,False,False,none
nechmmok-1,TMA00318,False,False,False,none
neckehbe-1,TMA00318,False,False,False,none
necncngc-1,TMA00318,False,False,False,none
necpjdco-1,TMA00318,False,False,False,none
nedckced-1,TMA00318,False,False,False,none
neddiafa-1,TMA00318,False,False,False,none
nedfalag-1,TMA00318,False,False,False,none
nedgfgca-1,TMA00318,False,False,False,none
neecfkph-1,TMA00318,False,False,False,none
neeeblfp-1,TMA00318,False,False,False,none
neehdome-1,TMA00318,False,False,False,none
neekdnna-1,TMA00318,False,False,False,none
neelmopb-1,TMA00318,False,False,False,none
nefdddmc-1,TMA00318,False,False,False,none
nefjhgdf-1,TMA00318,False,False,False,none
nefkdfcn-1,TMA00318,False,False,False,none
nefllipf-1,TMA00318,False,False,False,none
nefppcof-1,TMA00318,False,False,False,none
negaehnc-1,TMA00318,False,False,False,none
negcdafp-1,TMA00318,False,False,False,none
negcdcgg-1,TMA00318,False,False,False,none
neglcphc-1,TMA00318,False,False,False,none
negolcon-1,TMA00318,False,False,False,none
nehcbpfg-1,TMA00318,False,False,False,none
nehfhcpe-1,TMA00318,False,False,False,none
nehjpnnb-1,TMA00318,False,False,False,none
nehljphi-1,TMA00318,False,False,False,none
nehofldi-1,TMA00318,False,False,False,none
nehpjnfb-1,TMA00318,False,False,False,none
neibkaoe-1,TMA00318,False,False,False,none
neicjabh-1,TMA00318,False,False,False,none
neieaelm-1,TMA00318,False,False,False,none
neiifohh-1,TMA00318,False,False,False,none
neikljmi-1,TMA00318,False,False,False,none
neilabap-1,TMA00318,False,False,False,none
neildlgl-1,TMA00318,False,False,False,none
nejfecgp-1,TMA00318,False,False,False,none
nejieihf-1,TMA00318,False,False,False,none
nejodgnp-1,TMA00318,False,False,False,none
nekciijc-1,TMA00318,False,False,False,none
nekkdpeh-1,TMA00318,False,False,False,none
nelhnajo-1,TMA00318,False,False,False,none
nemnlbef-1,TMA00318,False,False,False,none
nenaagag-1,TMA00318,False,False,False,none
nenfocoi-1,TMA00318,False,False,False,none
nenieaih-1,TMA00318,False,False,False,none
nenpifig-1,TMA00318,False,False,False,none
neoekeng-1,TMA00318,False,False,False,none
neogcdbm-1,TMA00318,False,False,False,none
neoinelh-1,TMA00318,False,False,False,none
neopclob-1,TMA00318,False,False,False,none
nepceade-1,TMA00318,False,False,False,none
nepcjbcg-1,TMA00318,False,False,False,none
nepedkjg-1,TMA00318,False,False,False,none
nepiieap-1,TMA00318,False,False,False,none
nepjbcoe-1,TMA00318,False,False,False,none
nfaagakd-1,TMA00318,False,False,False,none
nfanpfmg-1,TMA00318,False,False,False,none
nfanppci-1,TMA00318,False,False,False,none
nfbalgeh-1,TMA00318,False,False,False,none
nfbehjdd-1,TMA00318,False,False,False,none
nfblgiom-1,TMA00318,False,False,False,none
nfbpbfma-1,TMA00318,False,False,False,none
nfcdhbjb-1,TMA00318,False,False,False,none
nfcdpdjl-1,TMA00318,False,False,False,none
nfchmmih-1,TMA00318,False,False,False,none
nfdfldoc-1,TMA00318,False,False,False,none
nfdicheh-1,TMA00318,False,False,False,none
nfdjafhh-1,TMA00318,False,False,False,none
nfdkjcek-1,TMA00318,False,False,False,none
nfebedam-1,TMA00318,False,False,False,none
nfejgejn-1,TMA00318,False,False,False,none
nfejjopb-1,TMA00318,False,False,False,none
nffefkgg-1,TMA00318,False,False,False,none
nfggnldd-1,TMA00318,False,False,False,none
nfhpcbmk-1,TMA00318,False,False,False,none
nfiaanmh-1,TMA00318,False,False,False,none
nfjdfeel-1,TMA00318,False,False,False,none
nfmppmfm-1,TMA00318,False,False,False,none
nfoelkcc-1,TMA00318,False,False,False,none
nfokfmcd-1,TMA00318,False,False,False,none
nfpfegdd-1,TMA00318,False,False,False,none
nfpfjeoa-1,TMA00318,False,False,False,none
nfpibmhg-1,TMA00318,False,False,False,none
nfpidobd-1,TMA00318,False,False,False,none
nfpinkll-1,TMA00318,False,False,False,none
nfpjhcdk-1,TMA00318,False,False,False,none
nfppkehp-1,TMA00318,False,False,False,none
ngacdmdi-1,TMA00318,False,False,False,none
ngacnndm-1,TMA00318,False,False,False,none
ngaioeli-1,TMA00318,False,False,False,none
ngakddbk-1,TMA00318,False,False,False,none
ngambkaf-1,TMA00318,False,False,False,none
ngbgipjk-1,TMA00318,False,False,False,none
ngbmbocm-1,TMA00318,False,False,False,none
ngbnfafh-1,TMA00318,False,False,False,none
ngbochko-1,TMA00318,False,False,False,none
ngbpmdoj-1,TMA00318,False,False,False,none
ngcmplcn-1,TMA00318,False,False,False,none
ngcphhma-1,TMA00318,False,False,False,none
ngcppcpf-1,TMA00318,False,False,False,none
ngdeidme-1,TMA00318,False,False,False,none
ngdlhnnh-1,TMA00318,False,False,False,none
ngdnfaja-1,TMA00318,False,False,False,none
ngecgfnm-1,TMA00318,False,False,False,none
ngeciohk-1,TMA00318,False,False,False,none
ngehdkhd-1,TMA00318,False,False,False,none
ngehpphm-1,TMA00318,False,False,False,none
ngejjmbp-1,TMA00318,False,False,False,none
ngepmcei-1,TMA00318,False,False,False,none
ngfbjlnn-1,TMA00318,False,False,False,none
ngfdddjh-1,TMA00318,False,False,False,none
ngfeaebk-1,TMA00318,False,False,False,none
ngfkffjp-1,TMA00318,False,False,False,none
ngfmbemc-1,TMA00318,False,False,False,none
ngfnmpkj-1,TMA00318,False,False,False,none
nggaoedh-1,TMA00318,False,False,False,none
nggcjnnl-1,TMA00318,False,False,False,none
nggdjfbf-1,TMA00318,False,False,False,none
nggfbgoe-1,TMA00318,False,False,False,none
ngghemec-1,TMA00318,False,False,False,none
nggndhdn-1,TMA00318,False,False,False,none
nggoepeg-1,TMA00318,False,False,False,none
nghgddbb-1,TMA00318,False,False,False,none
nghhkdkk-1,TMA00318,False,False,False,none
nghkkcjf-1,TMA00318,False,False,False,none
nghncapc-1,TMA00318,False,False,False,none
ngidjflb-1,TMA00318,False,False,False,none
ngkffmfn-1,TMA00318,False,False,False,none
ngkfphna-1,TMA00318,False,False,False,none
ngnajngk-1,TMA00318,False,False,False,none
ngncjebi-1,TMA00318,False,False,False,none
ngnjklkn-1,TMA00318,False,False,False,none
ngoaaloi-1,TMA00318,False,False,False,none
ngohccnf-1,TMA00318,False,False,False,none
ngpcbmoh-1,TMA00318,False,False,False,none
ngpdgpog-1,TMA00318,False,False,False,none
nhbjjadb-1,TMA00318,False,False,False,none
nhgjklhm-1,TMA00318,False,False,False,none
nhgkocbg-1,TMA00318,False,False,False,none
nhgmiikg-1,TMA00318,False,False,False,none
nhhdigli-1,TMA00318,False,False,False,none
nhhhmmhp-1,TMA00318,False,False,False,none
nhieagde-1,TMA00318,False,False,False,none
nhiepfki-1,TMA00318,False,False,False,none
nhikabdl-1,TMA00318,False,False,False,none
nhilbilo-1,TMA00318,False,False,False,none
nhinookn-1,TMA00318,False,False,False,none
nhiomahg-1,TMA00318,False,False,False,none
nhjchhkj-1,TMA00318,False,False,False,none
nhjdjidi-1,TMA00318,False,False,False,none
nhjecped-1,TMA00318,False,False,False,none
nhjhnnmj-1,TMA00318,False,False,False,none
nhjifglp-1,TMA00318,False,False,False,none
nhjmegop-1,TMA00318,False,False,False,none
nhkdedgc-1,TMA00318,False,False,False,none
nhkjjofh-1,TMA00318,False,False,False,none
nhkkabhn-1,TMA00318,False,False,False,none
nhkndcfj-1,TMA00318,False,False,False,none
nhlcahld-1,TMA00318,False,False,False,none
nhlheifp-1,TMA00318,False,False,False,none
nhlnjpdc-1,TMA00318,False,False,False,none
nhmbpdbi-1,TMA00318,False,False,False,none
nhmecgcl-1,TMA00318,False,False,False,none
nhmffcko-1,TMA00318,False,False,False,none
nhmgjblc-1,TMA00318,False,False,False,none
nhnfdgpn-1,TMA00318,False,False,False,none
nhokjflj-1,TMA00318,False,False,False,none
nhommljb-1,TMA00318,False,False,False,none
nhomnadc-1,TMA00318,False,False,False,none
nhphkbjk-1,TMA00318,False,False,False,none
nhphpicd-1,TMA00318,False,False,False,none
nhponedf-1,TMA00318,False,False,False,none
niafljom-1,TMA00318,False,False,False,none
niampfig-1,TMA00318,False,False,False,none
niaoddpb-1,TMA00318,False,False,False,none
nibneaip-1,TMA00318,False,False,False,none
nibocpkb-1,TMA00318,False,False,False,none
nibpbagf-1,TMA00318,False,False,False,none
nicajdga-1,TMA00318,False,False,False,none
nicdgmfd-1,TMA00318,False,False,False,none
nicgpfih-1,TMA00318,False,False,False,none
nicidddp-1,TMA00318,False,False,False,none
nickidpk-1,TMA00318,False,False,False,none
nicnmmnl-1,TMA00318,False,False,False,none
nidjfldm-1,TMA00318,False,False,False,none
nidmafpg-1,TMA00318,False,False,False,none
nidogonp-1,TMA00318,False,False,False,none
niebieon-1,TMA00318,False,False,False,none
niecdmpn-1,TMA00318,False,False,False,none
niefpbnb-1,TMA00318,False,False,False,none
niegaofi-1,TMA00318,False,False,False,none
niekhjlb-1,TMA00318,False,False,False,none
niemkfkd-1,TMA00318,False,False,False,none
niepdodk-1,TMA00318,False,False,False,none
nifbabfi-1,TMA00318,False,False,False,none
nifednoj-1,TMA00318,False,False,False,none
nifglgfh-1,TMA00318,False,False,False,none
nifhaigm-1,TMA00318,False,False,False,none
nigpconf-1,TMA00318,False,False,False,none
nigpkdka-1,TMA00318,False,False,False,none
nihdoeog-1,TMA00318,False,False,False,none
nihemmhh-1,TMA00318,False,False,False,none
niibbkoo-1,TMA00318,False,False,False,none
niibplgn-1,TMA00318,False,False,False,none
niidbfal-1,TMA00318,False,False,False,none
nijmcnfn-1,TMA00318,False,False,False,none
nikgjbaf-1,TMA00318,False,False,False,none
nikpofol-1,TMA00318,False,False,False,none
nilgcpge-1,TMA00318,False,False,False,none
nimjjcpf-1,TMA00318,False,False,False,none
nindephg-1,TMA00318,False,False,False,none
nioahlel-1,TMA00318,False,False,False,none
nipjcjck-1,TMA00318,False,False,False,none
njaddifp-1,TMA00318,False,False,False,none
njaiclca-1,TMA00318,False,False,False,none
njaijogo-1,TMA00318,False,False,False,none
njcbjdkj-1,TMA00318,False,False,False,none
njgbljha-1,TMA00318,False,False,False,none
njllkboo-1,TMA00318,False,False,False,none
njojiabo-1,TMA00318,False,False,False,none
njokefnj-1,TMA00318,False,False,False,none
njolgfje-1,TMA00318,False,False,False,none
njolhfak-1,TMA00318,False,False,False,none
njoomhhp-1,TMA00318,False,False,False,none
njophcmp-1,TMA00318,False,False,False,none
nkbepikf-1,TMA00318,False,False,False,none
nkcnilld-1,TMA00318,False,False,False,none
nkejjhdn-1,TMA00318,False,False,False,none
nkepcfid-1,TMA00318,False,False,False,none
nkfajfff-1,TMA00318,False,False,False,none
nkfekblg-1,TMA00318,False,False,False,none
nkfgklcd-1,TMA00318,False,False,False,none
nkgefhfa-1,TMA00318,False,False,False,none
nkggkgdh-1,TMA00318,False,False,False,none
nkgokfko-1,TMA00318,False,False,False,none
nkhigiid-1,TMA00318,False,False,False,none
nkidbken-1,TMA00318,False,False,False,none
nkidlcdg-1,TMA00318,False,False,False,none
nkjigeli-1,TMA00318,False,False,False,none
nkjmokli-1,TMA00318,False,False,False,none
nkkaodfo-1,TMA00318,False,False,False,none
nkkolbde-1,TMA00318,False,False,False,none
nkkpgkmm-1,TMA00318,False,False,False,none
nklagfml-1,TMA00318,False,False,False,none
nklmnhdg-1,TMA00318,False,False,False,none
nklnhcji-1,TMA00318,False,False,False,none
nkmccgfb-1,TMA00318,False,False,False,none
nkmdgloo-1,TMA00318,False,False,False,none
nkmgaepo-1,TMA00318,False,False,False,none
nkmidbmg-1,TMA00318,False,False,False,none
nkogbkln-1,TMA00318,False,False,False,none
nkohlgfg-1,TMA00318,False,False,False,none
nkpjehfc-1,TMA00318,False,False,False,none
nkpllmei-1,TMA00318,False,False,False,none
nladnmoc-1,TMA00318,False,False,False,none
nlaifaep-1,TMA00318,False,False,False,none
nlaikfln-1,TMA00318,False,False,False,none
nlamhbli-1,TMA00318,False,False,False,none
nlanghfi-1,TMA00318,False,False,False,none
nlbjiahe-1,TMA00318,False,False,False,none
nlfolkok-1,TMA00318,False,False,False,none
nlggenid-1,TMA00318,False,False,False,none
nlgiihhb-1,TMA00318,False,False,False,none
nlgmcemc-1,TMA00318,False,False,False,none
nlhmgkgk-1,TMA00318,False,False,False,none
nlipmcch-1,TMA00318,False,False,False,none
nljdcedo-1,TMA00318,False,False,False,none
nljmpadg-1,TMA00318,False,False,False,none
nlkghkgd-1,TMA00318,False,False,False,none
nlknbfbh-1,TMA00318,False,False,False,none
nlkoifoe-1,TMA00318,False,False,False,none
nllhmaci-1,TMA00318,False,False,False,none
nlljabia-1,TMA00318,False,False,False,none
nlljeeao-1,TMA00318,False,False,False,none
nllmcedm-1,TMA00318,False,False,False,none
nllnahhp-1,TMA00318,False,False,False,none
nlmaihoh-1,TMA00318,False,False,False,none
nlndihlb-1,TMA00318,False,False,False,none
nlnmhkdd-1,TMA00318,False,False,False,none
nlofehnk-1,TMA00318,False,False,False,none
nlogjana-1,TMA00318,False,False,False,none
nlopffmj-1,TMA00318,False,False,False,none
nlpbalcl-1,TMA00318,False,False,False,none
nlpjdkha-1,TMA00318,False,False,False,none
nlpkpamm-1,TMA00318,False,False,False,none
nmafbkkl-1,TMA00318,False,False,False,none
nmbjjdkc-1,TMA00318,False,False,False,none
nmblljnc-1,TMA00318,False,False,False,none
nmcidbfl-1,TMA00318,False,False,False,none
nmcjljhi-1,TMA00318,False,False,False,none
nmcncjei-1,TMA00318,False,False,False,none
nmddcghh-1,TMA00318,False,False,False,none
nmdddkkm-1,TMA00318,False,False,False,none
nmddkoih-1,TMA00318,False,False,False,none
nmdfckko-1,TMA00318,False,False,False,none
nmedefeg-1,TMA00318,False,False,False,none
nmeeifgj-1,TMA00318,False,False,False,none
nmfafmil-1,TMA00318,False,False,False,none
nmfapibd-1,TMA00318,False,False,False,none
nmfbfmdd-1,TMA00318,False,False,False,none
nmfipkhj-1,TMA00318,False,False,False,none
nmfkilgf-1,TMA00318,False,False,False,none
nmfkljnj-1,TMA00318,False,False,False,none
nmgibpia-1,TMA00318,False,False,False,none
nmhedjbd-1,TMA00318,False,False,False,none
nmhgdhpp-1,TMA00318,False,False,False,none
nmhiodlk-1,TMA00318,False,False,False,none
nmhmogpn-1,TMA00318,False,False,False,none
nmhojdnb-1,TMA00318,False,False,False,none
nmiadigh-1,TMA00318,False,False,False,none
nmijinbo-1,TMA00318,False,False,False,none
nmimnoha-1,TMA00318,False,False,False,none
nmjceglp-1,TMA00318,False,False,False,none
nmjdjood-1,TMA00318,False,False,False,none
nmjfbcaf-1,TMA00318,False,False,False,none
nmjpiedm-1,TMA00318,False,False,False,none
nmkfpjej-1,TMA00318,False,False,False,none
nmlcbppo-1,TMA00318,False,False,False,none
nmlciief-1,TMA00318,False,False,False,none
nmlmainh-1,TMA00318,False,False,False,none
nmlmcigb-1,TMA00318,False,False,False,none
nmloennh-1,TMA00318,False,False,False,none
nmmdipgb-1,TMA00318,False,False,False,none
nmmdjean-1,TMA00318,False,False,False,none
nmmiidlg-1,TMA00318,False,False,False,none
nmnebemp-1,TMA00318,False,False,False,none
nnejmhao-1,TMA00318,False,False,False,none
nneonemi-1,TMA00318,False,False,False,none
nnghlmna-1,TMA00318,False,False,False,none
nnhkoijn-1,TMA00318,False,False,False,none
nnjcjean-1,TMA00318,False,False,False,none
nnjhodik-1,TMA00318,False,False,False,none
nnjomlch-1,TMA00318,False,False,False,none
nnkfagcb-1,TMA00318,False,False,False,none
nnlelmkb-1,TMA00318,False,False,False,none
nnlgbbog-1,TMA00318,False,False,False,none
nnlieagm-1,TMA00318,False,False,False,none
nnlipngl-1,TMA00318,False,False,False,none
nnlkdnae-1,TMA00318,False,False,False,none
nnllbhfc-1,TMA00318,False,False,False,none
nnlmnhkg-1,TMA00318,False,False,False,none
nnmmhohn-1,TMA00318,False,False,False,none
nnnadiif-1,TMA00318,False,False,False,none
nnnaedkh-1,TMA00318,False,False,False,none
nnnhdeen-1,TMA00318,False,False,False,none
nnnkffgl-1,TMA00318,False,False,False,none
nnodaccg-1,TMA00318,False,False,False,none
nnoldlme-1,TMA00318,False,False,False,none
nnpjmbne-1,TMA00318,False,False,False,none
nnplcadf-1,TMA00318,False,False,False,none
nnpmhhpk-1,TMA00318,False,False,False,none
noaabdji-1,TMA00318,False,False,False,none
noaenojg-1,TMA00318,False,False,False,none
noaeomlh-1,TMA00318,False,False,False,none
noakidkf-1,TMA00318,False,False,False,none
nobakfmc-1,TMA00318,False,False,False,none
nobfgmef-1,TMA00318,False,False,False,none
nobkegpf-1,TMA00318,False,False,False,none
nocahbhg-1,TMA00318,False,False,False,none
nocbhhoe-1,TMA00318,False,False,False,none
nocnjdip-1,TMA00318,False,False,False,none
nodhbeop-1,TMA00318,False,False,False,none
nodhgkkn-1,TMA00318,False,False,False,none
nodpbjip-1,TMA00318,False,False,False,none
nodpdppa-1,TMA00318,False,False,False,none
noedakic-1,TMA00318,False,False,False,none
noegmcda-1,TMA00318,False,False,False,none
noehnkoi-1,TMA00318,False,False,False,none
noelafbf-1,TMA00318,False,False,False,none
nofbdhfo-1,TMA00318,False,False,False,none
nofdedai-1,TMA00318,False,False,False,none
noffkkmh-1,TMA00318,False,False,False,none
nofgdeca-1,TMA00318,False,False,False,none
nofgfdjk-1,TMA00318,False,False,False,none
nogaokdc-1,TMA00318,False,False,False,none
nogjekgg-1,TMA00318,False,False,False,none
nognbobl-1,TMA00318,False,False,False,none
nohagckn-1,TMA00318,False,False,False,none
nohamgfj-1,TMA00318,False,False,False,none
nohbklhg-1,TMA00318,False,False,False,none
nohdgfdn-1,TMA00318,False,False,False,none
noheollg-1,TMA00318,False,False,False,none
nohgolnp-1,TMA00318,False,False,False,none
nohidlob-1,TMA00318,False,False,False,none
nohjfigc-1,TMA00318,False,False,False,none
noilihig-1,TMA00318,False,False,False,none
noimekhk-1,TMA00318,False,False,False,none
nojebkof-1,TMA00318,False,False,False,none
nojkfpij-1,TMA00318,False,False,False,none
nojnmmmm-1,TMA00318,False,False,False,none
nokekmha-1,TMA00318,False,False,False,none
nokimldl-1,TMA00318,False,False,False,none
nokjhkbm-1,TMA00318,False,False,False,none
noldbmen-1,TMA00318,False,False,False,none
nomjajhk-1,TMA00318,False,False,False,none
nomkpamn-1,TMA00318,False,False,False,none
nomooglh-1,TMA00318,False,False,False,none
nonbhgno-1,TMA00318,False,False,False,none
nonleakn-1,TMA00318,False,False,False,none
nonpgmkp-1,TMA00318,False,False,False,none
nonppjpk-1,TMA00318,False,False,False,none
noobpgpn-1,TMA00318,False,False,False,none
noocmnem-1,TMA00318,False,False,False,none
noodgpka-1,TMA00318,False,False,False,none
nooioogl-1,TMA00318,False,False,False,none
nookglpd-1,TMA00318,False,False,False,none
nopammel-1,TMA00318,False,False,False,none
nopbcind-1,TMA00318,False,False,False,none
nopednik-1,TMA00318,False,False,False,none
nopmphcc-1,TMA00318,False,False,False,none
noppnhlc-1,TMA00318,False,False,False,none
nopppgeb-1,TMA00318,False,False,False,none
npaaeipk-1,TMA00318,False,False,False,none
npakidjc-1,TMA00318,False,False,False,none
npbaacne-1,TMA00318,False,False,False,none
npbgagmp-1,TMA00318,False,False,False,none
npbgkgoh-1,TMA00318,False,False,False,none
npbhddfi-1,TMA00318,False,False,False,none
npbhjmmc-1,TMA00318,False,False,False,none
npbigbkl-1,TMA00318,False,False,False,none
npbkmmja-1,TMA00318,False,False,False,none
npcjmmhh-1,TMA00318,False,False,False,none
npckhbbp-1,TMA00318,False,False,False,none
npclfhlj-1,TMA00318,False,False,False,none
npddnkmb-1,TMA00318,False,False,False,none
npdfmehm-1,TMA00318,False,False,False,none
npdlmhmf-1,TMA00318,False,False,False,none
npdmnpbi-1,TMA00318,False,False,False,none
npdpcbah-1,TMA00318,False,False,False,none
npeajhlm-1,TMA00318,False,False,False,none
npeakhek-1,TMA00318,False,False,False,none
npedkjif-1,TMA00318,False,False,False,none
npejogdj-1,TMA00318,False,False,False,none
npelfdec-1,TMA00318,False,False,False,none
npfeoeai-1,TMA00318,False,False,False,none
npffaedl-1,TMA00318,False,False,False,none
npgenaal-1,TMA00318,False,False,False,none
npielljg-1,TMA00318,False,False,False,none
npiohopc-1,TMA00318,False,False,False,none
npjjmche-1,TMA00318,False,False,False,none
nplflfcg-1,TMA00318,False,False,False,none
nplfllga-1,TMA00318,False,False,False,none
nplknnia-1,TMA00318,False,False,False,none
npmnphdg-1,TMA00318,False,False,False,none
npnbaphb-1,TMA00318,False,False,False,none
npoemfci-1,TMA00318,False,False,False,none
oacnccba-1,TMA00318,False,False,False,none
oadlemfm-1,TMA00318,False,False,False,none
oadncjpp-1,TMA00318,False,False,False,none
oaenmial-1,TMA00318,False,False,False,none
oafhommd-1,TMA00318,False,False,False,none
oafpchin-1,TMA00318,False,False,False,none
oagdhmah-1,TMA00318,False,False,False,none
oagdjanj-1,TMA00318,False,False,False,none
oagpging-1,TMA00318,False,False,False,none
oahfbdao-1,TMA00318,False,False,False,none
oahfndpf-1,TMA00318,False,False,False,none
oahgefgb-1,TMA00318,False,False,False,none
oahjindl-1,TMA00318,False,False,False,none
oahkkkkf-1,TMA00318,False,False,False,none
oahlembi-1,TMA00318,False,False,False,none
oahmgndl-1,TMA00318,False,False,False,none
oahmooja-1,TMA00318,False,False,False,none
oaibmggj-1,TMA00318,False,False,False,none
oaiflddn-1,TMA00318,False,False,False,none
oaikbpcb-1,TMA00318,False,False,False,none
oajgbdpg-1,TMA00318,False,False,False,none
oalpfbcm-1,TMA00318,False,False,False,none
oandnhog-1,TMA00318,False,False,False,none
oaogljbl-1,TMA00318,False,False,False,none
oaojecll-1,TMA00318,False,False,False,none
oaomeffd-1,TMA00318,False,False,False,none
oapalkia-1,TMA00318,False,False,False,none
oapdmejb-1,TMA00318,False,False,False,none
oapdomld-1,TMA00318,False,False,False,none
oapidajj-1,TMA00318,False,False,False,none
obagicjb-1,TMA00318,False,False,False,none
obaifjan-1,TMA00318,False,False,False,none
obaikknd-1,TMA00318,False,False,False,none
obbajmig-1,TMA00318,False,False,False,none
obbejoid-1,TMA00318,False,False,False,none
obbenlff-1,TMA00318,False,False,False,none
obbglein-1,TMA00318,False,False,False,none
obbjgcad-1,TMA00318,False,False,False,none
obcblpfj-1,TMA00318,False,False,False,none
obcimfgd-1,TMA00318,False,False,False,none
obdcommm-1,TMA00318,False,False,False,none
obddfhhj-1,TMA00318,False,False,False,none
obdeanng-1,TMA00318,False,False,False,none
obdeiepn-1,TMA00318,False,False,False,none
obdepoda-1,TMA00318,False,False,False,none
obdlmnnb-1,TMA00318,False,False,False,none
obdppgei-1,TMA00318,False,False,False,none
obebmamp-1,TMA00318,False,False,False,none
obecegop-1,TMA00318,False,False,False,none
obegkece-1,TMA00318,False,False,False,none
obeonmpi-1,TMA00318,False,False,False,none
obfchici-1,TMA00318,False,False,False,none
obfhkghh-1,TMA00318,False,False,False,none
obfldocb-1,TMA00318,False,False,False,none
obgangah-1,TMA00318,False,False,False,none
obgcjbbh-1,TMA00318,False,False,False,none
obgddpef-1,TMA00318,False,False,False,none
obgdgdaf-1,TMA00318,False,False,False,none
obggmiag-1,TMA00318,False,False,False,none
obgloacl-1,TMA00318,False,False,False,none
obhbgpne-1,TMA00318,False,False,False,none
obhjhdgo-1,TMA00318,False,False,False,none
obhnlicb-1,TMA00318,False,False,False,none
obibdlco-1,TMA00318,False,False,False,none
obidabdc-1,TMA00318,False,False,False,none
obidbflc-1,TMA00318,False,False,False,none
obifjlke-1,TMA00318,False,False,False,none
obijimlg-1,TMA00318,False,False,False,none
objjmbnc-1,TMA00318,False,False,False,none
objnnoga-1,TMA00318,False,False,False,none
objockom-1,TMA00318,False,False,False,none
obkclgeb-1,TMA00318,False,False,False,none
obljfjmn-1,TMA00318,False,False,False,none
obmpehnn-1,TMA00318,False,False,False,none
obnbehid-1,TMA00318,False,False,False,none
obngojlp-1,TMA00318,False,False,False,none
ocadfcmh-1,TMA00318,False,False,False,none
ocadlafk-1,TMA00318,False,False,False,none
ocajgiij-1,TMA00318,False,False,False,none
ocakgmjd-1,TMA00318,False,False,False,none
ocapjicg-1,TMA00318,False,False,False,none
ocbmbhhi-1,TMA00318,False,False,False,none
ocbnhpbj-1,TMA00318,False,False,False,none
ocbohnig-1,TMA00318,False,False,False,none
occedeja-1,TMA00318,False,False,False,none
occfomba-1,TMA00318,False,False,False,none
occgafnd-1,TMA00318,False,False,False,none
occligjj-1,TMA00318,False,False,False,none
occmiplp-1,TMA00318,False,False,False,none
occmmfdh-1,TMA00318,False,False,False,none
ocdnohhb-1,TMA00318,False,False,False,none
oceofkpa-1,TMA00318,False,False,False,none
ocfbbpna-1,TMA00318,False,False,False,none
ocfpmgan-1,TMA00318,False,False,False,none
ocgfdnpi-1,TMA00318,False,False,False,none
ochdamob-1,TMA00318,False,False,False,none
ochedcff-1,TMA00318,False,False,False,none
ocheoamc-1,TMA00318,False,False,False,none
ochieanm-1,TMA00318,False,False,False,none
ochljcdk-1,TMA00318,False,False,False,none
ochmkeak-1,TMA00318,False,False,False,none
ochnmnmd-1,TMA00318,False,False,False,none
ochpmhbm-1,TMA00318,False,False,False,none
ociacmao-1,TMA00318,False,False,False,none
ocicflkg-1,TMA00318,False,False,False,none
ocickkpc-1,TMA00318,False,False,False,none
ociknnen-1,TMA00318,False,False,False,none
ocilgcea-1,TMA00318,False,False,False,none
ocioclio-1,TMA00318,False,False,False,none
ocjcpfmi-1,TMA00318,False,False,False,none
ocjknbnf-1,TMA00318,False,False,False,none
ocjmlibl-1,TMA00318,False,False,False,none
ockbdgmn-1,TMA00318,False,False,False,none
ockclcki-1,TMA00318,False,False,False,none
ockhhaff-1,TMA00318,False,False,False,none
ocklgjci-1,TMA00318,False,False,False,none
ocknokfi-1,TMA00318,False,False,False,none
ockpaloe-1,TMA00318,False,False,False,none
oclapmom-1,TMA00318,False,False,False,none
oclkdlpi-1,TMA00318,False,False,False,none
oclpkdcm-1,TMA00318,False,False,False,none
ocndbdom-1,TMA00318,False,False,False,none
ocnjcibj-1,TMA00318,False,False,False,none
ocnoalhf-1,TMA00318,False,False,False,none
ocnonnjf-1,TMA00318,False,False,False,none
ocnpjjgp-1,TMA00318,False,False,False,none
ocnplhoa-1,TMA00318,False,False,False,none
ocoaigkm-1,TMA00318,False,False,False,none
ocodaihl-1,TMA00318,False,False,False,none
ocoeamco-1,TMA00318,False,False,False,none
ocojfogb-1,TMA00318,False,False,False,none
ocokkdoi-1,TMA00318,False,False,False,none
ocpfbmin-1,TMA00318,False,False,False,none
ocpljiom-1,TMA00318,False,False,False,none
odaapljj-1,TMA00318,False,False,False,none
odagbpjd-1,TMA00318,False,False,False,none
odakghni-1,TMA00318,False,False,False,none
odbcfdmb-1,TMA00318,False,False,False,none
odbfnphd-1,TMA00318,False,False,False,none
odbndpfd-1,TMA00318,False,False,False,none
odbpfhff-1,TMA00318,False,False,False,none
odcnbhom-1,TMA00318,False,False,False,none
odeplgjp-1,TMA00318,False,False,False,none
odfghlnf-1,TMA00318,False,False,False,none
odfmafge-1,TMA00318,False,False,False,none
odienkdg-1,TMA00318,False,False,False,none
odkbacme-1,TMA00318,False,False,False,none
odlfcgaf-1,TMA00318,False,False,False,none
odlkagkd-1,TMA00318,False,False,False,none
odlnepol-1,TMA00318,False,False,False,none
odmfekaj-1,TMA00318,False,False,False,none
odmoakcd-1,TMA00318,False,False,False,none
odmphibe-1,TMA00318,False,False,False,none
odnghhoc-1,TMA00318,False,False,False,none
odoabjlb-1,TMA00318,False,False,False,none
odoapekm-1,TMA00318,False,False,False,none
odoccidj-1,TMA00318,False,False,False,none
ododphjj-1,TMA00318,False,False,False,none
odohpdpl-1,TMA00318,False,False,False,none
odolnfmd-1,TMA00318,False,False,False,none
odopcobp-1,TMA00318,False,False,False,none
odpblnhb-1,TMA00318,False,False,False,none
odpdipgp-1,TMA00318,False,False,False,none
odpjfhgk-1,TMA00318,False,False,False,none
odpjjmjm-1,TMA00318,False,False,False,none
odpogoba-1,TMA00318,False,False,False,none
oeaphcml-1,TMA00318,False,False,False,none
oeapneoa-1,TMA00318,False,False,False,none
oecjapkn-1,TMA00318,False,False,False,none
oecnhogo-1,TMA00318,False,False,False,none
oedcoank-1,TMA00318,False,False,False,none
oedcobbp-1,TMA00318,False,False,False,none
oedekndl-1,TMA00318,False,False,False,none
oedghfom-1,TMA00318,False,False,False,none
oedhpogn-1,TMA00318,False,False,False,none
oedigmka-1,TMA00318,False,False,False,none
oedinfdb-1,TMA00318,False,False,False,none
oeeabeie-1,TMA00318,False,False,False,none
oeeekldp-1,TMA00318,False,False,False,none
oeefnhke-1,TMA00318,False,False,False,none
oegfgagk-1,TMA00318,False,False,False,none
oehbahpc-1,TMA00318,False,False,False,none
oehbpone-1,TMA00318,False,False,False,none
oehkcbpo-1,TMA00318,False,False,False,none
oehkmjil-1,TMA00318,False,False,False,none
oehpblfl-1,TMA00318,False,False,False,none
oeiminhe-1,TMA00318,False,False,False,none
oeinbcbc-1,TMA00318,False,False,False,none
oejggemb-1,TMA00318,False,False,False,none
oejjjnee-1,TMA00318,False,False,False,none
oekepifa-1,TMA00318,False,False,False,none
oekhiblp-1,TMA00318,False,False,False,none
oekncnbg-1,TMA00318,False,False,False,none
oeknfgmp-1,TMA00318,False,False,False,none
oeknnikl-1,TMA00318,False,False,False,none
oekpnomp-1,TMA00318,False,False,False,none
oembfjhf-1,TMA00318,False,False,False,none
oemhodnd-1,TMA00318,False,False,False,none
oemlhedj-1,TMA00318,False,False,False,none
oenbagnb-1,TMA00318,False,False,False,none
oenfabka-1,TMA00318,False,False,False,none
oenfalhb-1,TMA00318,False,False,False,none
oenlakhl-1,TMA00318,False,False,False,none
oeolegag-1,TMA00318,False,False,False,none
oeookjck-1,TMA00318,False,False,False,none
ofaccgom-1,TMA00318,False,False,False,none
ofamihdk-1,TMA00318,False,False,False,none
ofaonbhf-1,TMA00318,False,False,False,none
ofbcgkaj-1,TMA00318,False,False,False,none
ofbeekbp-1,TMA00318,False,False,False,none
ofbndnao-1,TMA00318,False,False,False,none
ofcjimen-1,TMA00318,False,False,False,none
ofcjopap-1,TMA00318,False,False,False,none
ofcpmfdf-1,TMA00318,False,False,False,none
ofdddoej-1,TMA00318,False,False,False,none
ofdhibkc-1,TMA00318,False,False,False,none
ofdmpjam-1,TMA00318,False,False,False,none
ofdpblpe-1,TMA00318,False,False,False,none
ofdpohll-1,TMA00318,False,False,False,none
ofeaklnf-1,TMA00318,False,False,False,none
ofedldpi-1,TMA00318,False,False,False,none
ofemkdkm-1,TMA00318,False,False,False,none
offdlpkg-1,TMA00318,False,False,False,none
offikhef-1,TMA00318,False,False,False,none
offjmiim-1,TMA00318,False,False,False,none
ofhlmike-1,TMA00318,False,False,False,none
ofhocpnh-1,TMA00318,False,False,False,none
ofipmkeg-1,TMA00318,False,False,False,none
ofjdjlmn-1,TMA00318,False,False,False,none
ofjkmcmn-1,TMA00318,False,False,False,none
ofjoiado-1,TMA00318,False,False,False,none
ofkfbalg-1,TMA00318,False,False,False,none
ofkgkppj-1,TMA00318,False,False,False,none
ofkldiak-1,TMA00318,False,False,False,none
ofkpppmd-1,TMA00318,False,False,False,none
oflihiii-1,TMA00318,False,False,False,none
ofljjijc-1,TMA00318,False,False,False,none
oflopoah-1,TMA00318,False,False,False,none
ofmajpil-1,TMA00318,False,False,False,none
ofmkpmlb-1,TMA00318,False,False,False,none
ofpldoam-1,TMA00318,False,False,False,none
ogaaillb-1,TMA00318,False,False,False,none
ogaelmap-1,TMA00318,False,False,False,none
ogapkjag-1,TMA00318,False,False,False,none
ogbghhbm-1,TMA00318,False,False,False,none
oghenleb-1,TMA00318,False,False,False,none
oghgmklg-1,TMA00318,False,False,False,none
oghmeiih-1,TMA00318,False,False,False,none
ogikdmlo-1,TMA00318,False,False,False,none
ogipfiko-1,TMA00318,False,False,False,none
ogjjnmpg-1,TMA00318,False,False,False,none
ogjkjedi-1,TMA00318,False,False,False,none
ogjkmnik-1,TMA00318,False,False,False,none
ogmhcoan-1,TMA00318,False,False,False,none
ogmiadad-1,TMA00318,False,False,False,none
ogmojfin-1,TMA00318,False,False,False,none
ogndbhog-1,TMA00318,False,False,False,none
ognfjmim-1,TMA00318,False,False,False,none
ognipfkf-1,TMA00318,False,False,False,none
ognkcndp-1,TMA00318,False,False,False,none
ogokkmfh-1,TMA00318,False,False,False,none
ogonhhjm-1,TMA00318,False,False,False,none
ogpaamho-1,TMA00318,False,False,False,none
ogpbknfh-1,TMA00318,False,False,False,none
ogpiflnf-1,TMA00318,False,False,False,none
ogplcphf-1,TMA00318,False,False,False,none
ogpmgnnp-1,TMA00318,False,False,False,none
ohaomlnp-1,TMA00318,False,False,False,none
ohbgbmom-1,TMA00318,False,False,False,none
ohbihaca-1,TMA00318,False,False,False,none
ohdaddlb-1,TMA00318,False,False,False,none
ohdfoahf-1,TMA00318,False,False,False,none
ohdiilej-1,TMA00318,False,False,False,none
ohdlbpld-1,TMA00318,False,False,False,none
ohfacihe-1,TMA00318,False,False,False,none
ohfkcnld-1,TMA00318,False,False,False,none
ohighdlp-1,TMA00318,False,False,False,none
ohjfbalk-1,TMA00318,False,False,False,none
ohkmfhok-1,TMA00318,False,False,False,none
ohldnidb-1,TMA00318,False,False,False,none
ohlmpmjm-1,TMA00318,False,False,False,none
ohnijpfj-1,TMA00318,False,False,False,none
ohnoopil-1,TMA00318,False,False,False,none
ohoaolef-1,TMA00318,False,False,False,none
ohpapjop-1,TMA00318,False,False,False,none
ohpcengi-1,TMA00318,False,False,False,none
ohpmmdfm-1,TMA00318,False,False,False,none
oibnlndk-1,TMA00318,False,False,False,none
oiegehka-1,TMA00318,False,False,False,none
oieogcmg-1,TMA00318,False,False,False,none
oignifhh-1,TMA00318,False,False,False,none
oihkegje-1,TMA00318,False,False,False,none
oihphhja-1,TMA00318,False,False,False,none
oiimioaj-1,TMA00318,False,False,False,none
oijgphpa-1,TMA00318,False,False,False,none
oikeneln-1,TMA00318,False,False,False,none
oimadmbj-1,TMA00318,False,False,False,none
oimkipci-1,TMA00318,False,False,False,none
