cell_id,sample_id,EGFP_Seq1_hi,dTomato_Seq2_hi,EGFP_dTomato_dual_hi,group
aaabfmch-1,TMA00315,False,False,False,none
aaacccba-1,TMA00315,False,False,False,none
aaacmfei-1,TMA00315,False,False,False,none
aaagahco-1,TMA00315,False,False,False,none
aaaipead-1,TMA00315,False,False,False,none
aaanfabg-1,TMA00315,False,False,False,none
aabdbeob-1,TMA00315,False,False,False,none
aabeggdk-1,TMA00315,False,False,False,none
aabggfhl-1,TMA00315,False,False,False,none
aabhmmmo-1,TMA00315,False,False,False,none
aabhplhf-1,TMA00315,False,False,False,none
aabkdeld-1,TMA00315,False,False,False,none
aacbkfmc-1,TMA00315,False,False,False,none
aacegfin-1,TMA00315,False,False,False,none
aacekikc-1,TMA00315,False,False,False,none
aacfmage-1,TMA00315,False,False,False,none
aacibbgb-1,TMA00315,False,False,False,none
aacijcne-1,TMA00315,False,False,False,none
aacmfbin-1,TMA00315,False,False,False,none
aacniogf-1,TMA00315,False,False,False,none
aacpnkbp-1,TMA00315,False,False,False,none
aadeioam-1,TMA00315,False,False,False,none
aadhfiha-1,TMA00315,False,False,False,none
aadkggbl-1,TMA00315,False,False,False,none
aadlkjag-1,TMA00315,False,False,False,none
aadnkkak-1,TMA00315,False,False,False,none
aaeafaeg-1,TMA00315,False,False,False,none
aaemegop-1,TMA00315,False,False,False,none
aafcdejk-1,TMA00315,False,False,False,none
aaffgpen-1,TMA00315,False,False,False,none
aafhlngj-1,TMA00315,False,False,False,none
aafilkne-1,TMA00315,False,False,False,none
aafjfmjf-1,TMA00315,False,False,False,none
aaflofhp-1,TMA00315,False,False,False,none
aafoodgl-1,TMA00315,False,False,False,none
aagbddif-1,TMA00315,False,False,False,none
aaggakfc-1,TMA00315,False,False,False,none
aaggkphb-1,TMA00315,False,False,False,none
aaghblfb-1,TMA00315,False,False,False,none
aagipikf-1,TMA00315,False,False,False,none
aagkgljk-1,TMA00315,False,False,False,none
aaglcben-1,TMA00315,False,False,False,none
aagpnhdb-1,TMA00315,False,False,False,none
aahcfpnd-1,TMA00315,False,False,False,none
aahhcjmb-1,TMA00315,False,False,False,none
aahilneo-1,TMA00315,False,False,False,none
aahonaie-1,TMA00315,False,False,False,none
aahpglna-1,TMA00315,False,False,False,none
aaibhiea-1,TMA00315,False,False,False,none
aaieniem-1,TMA00315,False,False,False,none
aaikikhe-1,TMA00315,False,False,False,none
aaipbopc-1,TMA00315,False,False,False,none
aajaddbc-1,TMA00315,False,False,False,none
aajahcgm-1,TMA00315,False,False,False,none
aajaigep-1,TMA00315,False,False,False,none
aajbnfpk-1,TMA00315,False,False,False,none
aajfbjcj-1,TMA00315,False,False,False,none
aajgjcom-1,TMA00315,False,False,False,none
aajgkdce-1,TMA00315,False,False,False,none
aajhgncc-1,TMA00315,False,False,False,none
aajhjgka-1,TMA00315,False,False,False,none
aajmoieg-1,TMA00315,False,False,False,none
aakaljdo-1,TMA00315,False,False,False,none
aakaohhp-1,TMA00315,False,False,False,none
aakblimc-1,TMA00315,False,False,False,none
aakcfngd-1,TMA00315,False,False,False,none
aakdpjce-1,TMA00315,False,False,False,none
aakkmnke-1,TMA00315,False,False,False,none
aakmcbnp-1,TMA00315,False,False,False,none
aakmngan-1,TMA00315,False,False,False,none
aakpdgdi-1,TMA00315,False,False,False,none
aalfemdb-1,TMA00315,False,False,False,none
aalfkkce-1,TMA00315,False,False,False,none
aalgiiaj-1,TMA00315,False,False,False,none
aalihnll-1,TMA00315,False,False,False,none
aalldkne-1,TMA00315,False,False,False,none
aalpnnli-1,TMA00315,False,False,False,none
aamablfa-1,TMA00315,False,False,False,none
aamfknlk-1,TMA00315,False,False,False,none
aamhhnkh-1,TMA00315,False,False,False,none
aamkioca-1,TMA00315,False,False,False,none
aamnkdha-1,TMA00315,False,False,False,none
aancldpi-1,TMA00315,False,False,False,none
aanfclio-1,TMA00315,False,False,False,none
aanhhkkg-1,TMA00315,False,False,False,none
aankfolj-1,TMA00315,False,False,False,none
aanmdnpf-1,TMA00315,False,False,False,none
aanohmpa-1,TMA00315,False,False,False,none
aanokhcd-1,TMA00315,False,False,False,none
aaoabngi-1,TMA00315,False,False,False,none
aaocjbel-1,TMA00315,False,False,False,none
aaoebcgl-1,TMA00315,False,False,False,none
aaogckcn-1,TMA00315,False,False,False,none
aapiinfk-1,TMA00315,False,False,False,none
aapnijdo-1,TMA00315,False,False,False,none
aapojnce-1,TMA00315,False,False,False,none
ababbinf-1,TMA00315,False,False,False,none
abadhgkh-1,TMA00315,False,False,False,none
abafbpog-1,TMA00315,False,False,False,none
abajmlmd-1,TMA00315,False,False,False,none
abalkedn-1,TMA00315,False,False,False,none
abankgda-1,TMA00315,False,False,False,none
abapenac-1,TMA00315,False,False,False,none
abbillek-1,TMA00315,False,False,False,none
abceipbc-1,TMA00315,False,False,False,none
abcfkagh-1,TMA00315,False,False,False,none
abcjgdhh-1,TMA00315,False,False,False,none
abckcfld-1,TMA00315,False,False,False,none
abcocgmf-1,TMA00315,False,False,False,none
abdbfkfe-1,TMA00315,False,False,False,none
abdbhnhf-1,TMA00315,False,False,False,none
abdfiagg-1,TMA00315,False,False,False,none
abdgkcnk-1,TMA00315,False,False,False,none
abdhaopn-1,TMA00315,False,False,False,none
abdinpgk-1,TMA00315,False,False,False,none
abdklgnh-1,TMA00315,False,False,False,none
abdmocaf-1,TMA00315,False,False,False,none
abeckdlk-1,TMA00315,False,False,False,none
abedkdca-1,TMA00315,False,False,False,none
abeeblji-1,TMA00315,False,False,False,none
abeempeb-1,TMA00315,False,False,False,none
abfapgkd-1,TMA00315,False,False,False,none
abfjgadk-1,TMA00315,False,False,False,none
abfmblli-1,TMA00315,False,False,False,none
abfmefgd-1,TMA00315,False,False,False,none
abfpabih-1,TMA00315,False,False,False,none
abgcgkmk-1,TMA00315,False,False,False,none
abgcobln-1,TMA00315,False,False,False,none
abgcpmlh-1,TMA00315,False,False,False,none
abgffphd-1,TMA00315,False,False,False,none
abgkidlm-1,TMA00315,False,False,False,none
abgkmpao-1,TMA00315,False,False,False,none
abgohaib-1,TMA00315,False,False,False,none
abhankmn-1,TMA00315,False,False,False,none
abhdbppe-1,TMA00315,False,False,False,none
abhdgnln-1,TMA00315,False,False,False,none
abhigami-1,TMA00315,False,False,False,none
abhlkiad-1,TMA00315,False,False,False,none
abhmeecg-1,TMA00315,False,False,False,none
abiachim-1,TMA00315,False,False,False,none
abiammjp-1,TMA00315,False,False,False,none
abifndjh-1,TMA00315,False,False,False,none
abifolan-1,TMA00315,False,False,False,none
abighmoa-1,TMA00315,False,False,False,none
abiigiak-1,TMA00315,False,False,False,none
abjgfded-1,TMA00315,False,False,False,none
abjiglga-1,TMA00315,False,False,False,none
abjimnkd-1,TMA00315,False,False,False,none
abjjabob-1,TMA00315,False,False,False,none
abjjebci-1,TMA00315,False,False,False,none
abjjgpaf-1,TMA00315,False,False,False,none
abjjkgib-1,TMA00315,False,False,False,none
abjkhhef-1,TMA00315,False,False,False,none
abjncdgl-1,TMA00315,False,False,False,none
abjnjapp-1,TMA00315,False,False,False,none
abjnjhgp-1,TMA00315,False,False,False,none
abkbdgkg-1,TMA00315,False,False,False,none
abkefjcc-1,TMA00315,False,False,False,none
abkiimaa-1,TMA00315,False,False,False,none
abkknbdh-1,TMA00315,False,False,False,none
abkpaigp-1,TMA00315,False,False,False,none
ablcijoe-1,TMA00315,False,False,False,none
ablfjomf-1,TMA00315,False,False,False,none
ablfohpd-1,TMA00315,False,False,False,none
ablgbdfj-1,TMA00315,False,False,False,none
ablhdacb-1,TMA00315,False,False,False,none
ablkpknl-1,TMA00315,False,False,False,none
abmbnihc-1,TMA00315,False,False,False,none
abmdjbdo-1,TMA00315,False,False,False,none
abmknbab-1,TMA00315,False,False,False,none
abmlfnae-1,TMA00315,False,False,False,none
abmmkleh-1,TMA00315,False,False,False,none
abmpapki-1,TMA00315,False,False,False,none
abnfihkc-1,TMA00315,False,False,False,none
abnnjokk-1,TMA00315,False,False,False,none
abodlokk-1,TMA00315,False,False,False,none
aboflkki-1,TMA00315,False,False,False,none
aboibfoi-1,TMA00315,False,False,False,none
aboidbmj-1,TMA00315,False,False,False,none
aboinogf-1,TMA00315,False,False,False,none
abojncpb-1,TMA00315,False,False,False,none
abokmgdo-1,TMA00315,False,False,False,none
aboknogo-1,TMA00315,False,False,False,none
aboofpji-1,TMA00315,False,False,False,none
abpbghmh-1,TMA00315,False,False,False,none
abpcikcj-1,TMA00315,False,False,False,none
abphieaa-1,TMA00315,False,False,False,none
acaknbfa-1,TMA00315,False,False,False,none
acakonbi-1,TMA00315,False,False,False,none
acalcokl-1,TMA00315,False,False,False,none
acapfjlp-1,TMA00315,False,False,False,none
acbfghno-1,TMA00315,False,False,False,none
acbgppie-1,TMA00315,False,False,False,none
acbhgpih-1,TMA00315,False,False,False,none
acbinldn-1,TMA00315,False,False,False,none
acbkcblp-1,TMA00315,False,False,False,none
acbmekig-1,TMA00315,False,False,False,none
acbmhfao-1,TMA00315,False,False,False,none
acbngklf-1,TMA00315,False,False,False,none
acbplcma-1,TMA00315,False,False,False,none
accdkfme-1,TMA00315,False,False,False,none
accgndek-1,TMA00315,False,False,False,none
accmejgi-1,TMA00315,False,False,False,none
accmlggk-1,TMA00315,False,False,False,none
accocjmd-1,TMA00315,False,False,False,none
accpghdp-1,TMA00315,False,False,False,none
acdbgpna-1,TMA00315,False,False,False,none
acdefeao-1,TMA00315,False,False,False,none
acdeooof-1,TMA00315,False,False,False,none
acdfbgco-1,TMA00315,False,False,False,none
acdfiadj-1,TMA00315,False,False,False,none
acdgodki-1,TMA00315,False,False,False,none
acdkeljb-1,TMA00315,False,False,False,none
acedabbh-1,TMA00315,False,False,False,none
acedlbda-1,TMA00315,False,False,False,none
acegnbci-1,TMA00315,False,False,False,none
acehfloa-1,TMA00315,False,False,False,none
acekcmjp-1,TMA00315,False,False,False,none
acfdcglh-1,TMA00315,False,False,False,none
acfffahh-1,TMA00315,False,False,False,none
acfkadmi-1,TMA00315,False,False,False,none
acfkdehg-1,TMA00315,False,False,False,none
acfmhadm-1,TMA00315,False,False,False,none
acfmkpmj-1,TMA00315,False,False,False,none
acgannco-1,TMA00315,False,False,False,none
acgbmald-1,TMA00315,False,False,False,none
acgimhmm-1,TMA00315,False,False,False,none
acgldfkp-1,TMA00315,False,False,False,none
acglndmd-1,TMA00315,False,False,False,none
acgoffed-1,TMA00315,False,False,False,none
achefbgp-1,TMA00315,False,False,False,none
achfcbcc-1,TMA00315,False,False,False,none
achgglog-1,TMA00315,False,False,False,none
achhkbjm-1,TMA00315,False,False,False,none
achikchp-1,TMA00315,False,False,False,none
achiopgb-1,TMA00315,False,False,False,none
achncdmi-1,TMA00315,False,False,False,none
achnolbc-1,TMA00315,False,False,False,none
achojdke-1,TMA00315,False,False,False,none
aciafikk-1,TMA00315,False,False,False,none
acialdni-1,TMA00315,False,False,False,none
aciapdih-1,TMA00315,False,False,False,none
acidhfbn-1,TMA00315,False,False,False,none
acifdobl-1,TMA00315,False,False,False,none
acigmhcg-1,TMA00315,False,False,False,none
acikfibh-1,TMA00315,False,False,False,none
acilepja-1,TMA00315,False,False,False,none
acimdjen-1,TMA00315,False,False,False,none
acjhciac-1,TMA00315,False,False,False,none
acjhnemp-1,TMA00315,False,False,False,none
acjindph-1,TMA00315,False,False,False,none
acjkbifc-1,TMA00315,False,False,False,none
acjlagla-1,TMA00315,False,False,False,none
ackeiofj-1,TMA00315,False,False,False,none
ackifdkf-1,TMA00315,False,False,False,none
ackkeejp-1,TMA00315,False,False,False,none
acknjenb-1,TMA00315,False,False,False,none
aclefcnj-1,TMA00315,False,False,False,none
aclgfkep-1,TMA00315,False,False,False,none
aclmdcnc-1,TMA00315,False,False,False,none
acmcmmad-1,TMA00315,False,False,False,none
acmhalgn-1,TMA00315,False,False,False,none
acmhlobn-1,TMA00315,False,False,False,none
acmililm-1,TMA00315,False,False,False,none
acmiobmn-1,TMA00315,False,False,False,none
acmjifmh-1,TMA00315,False,False,False,none
acmlndkd-1,TMA00315,False,False,False,none
acmlphfm-1,TMA00315,False,False,False,none
acmnjacc-1,TMA00315,False,False,False,none
acmopjno-1,TMA00315,False,False,False,none
acnemmmo-1,TMA00315,False,False,False,none
acnhcadh-1,TMA00315,True,False,False,EGFP_Seq1_hi
acnipnon-1,TMA00315,False,False,False,none
acnjipmm-1,TMA00315,False,False,False,none
acnllecm-1,TMA00315,False,False,False,none
acnmjaeh-1,TMA00315,False,False,False,none
acnohphf-1,TMA00315,False,False,False,none
acofcdeb-1,TMA00315,False,False,False,none
acofplid-1,TMA00315,False,False,False,none
acpaenkn-1,TMA00315,False,False,False,none
acpgooam-1,TMA00315,False,False,False,none
acphcjog-1,TMA00315,False,False,False,none
acpipfdo-1,TMA00315,False,False,False,none
acpjeogf-1,TMA00315,False,False,False,none
acplejjn-1,TMA00315,False,False,False,none
acpmlloc-1,TMA00315,False,False,False,none
adaapcoi-1,TMA00315,False,False,False,none
adagnpha-1,TMA00315,False,False,False,none
adbapblp-1,TMA00315,False,False,False,none
adbebjhg-1,TMA00315,False,False,False,none
adbjhkip-1,TMA00315,False,False,False,none
adbmikbk-1,TMA00315,False,False,False,none
adbmlcbi-1,TMA00315,False,False,False,none
adbocopd-1,TMA00315,False,False,False,none
adcabmia-1,TMA00315,False,False,False,none
adcaglcm-1,TMA00315,False,False,False,none
adcbemnb-1,TMA00315,False,False,False,none
adcbiaab-1,TMA00315,False,False,False,none
adcfcgdh-1,TMA00315,False,False,False,none
adcgipjl-1,TMA00315,False,False,False,none
adchkink-1,TMA00315,False,False,False,none
adcobapc-1,TMA00315,False,False,False,none
addachcd-1,TMA00315,False,False,False,none
addpebed-1,TMA00315,False,False,False,none
adeaiofp-1,TMA00315,False,False,False,none
adednkki-1,TMA00315,False,False,False,none
adefmfab-1,TMA00315,False,False,False,none
adefogmg-1,TMA00315,False,False,False,none
adekaigp-1,TMA00315,False,False,False,none
adekjeef-1,TMA00315,False,False,False,none
adfcgbig-1,TMA00315,False,False,False,none
adfijkej-1,TMA00315,False,False,False,none
adfjikga-1,TMA00315,False,False,False,none
adflelhm-1,TMA00315,False,False,False,none
adfljaaa-1,TMA00315,False,False,False,none
adflpoeo-1,TMA00315,False,False,False,none
adflpokn-1,TMA00315,False,False,False,none
adfmhjdp-1,TMA00315,False,False,False,none
adgcigji-1,TMA00315,False,False,False,none
adgdnjci-1,TMA00315,False,False,False,none
adgeiahp-1,TMA00315,False,False,False,none
adgeoioh-1,TMA00315,False,False,False,none
adghnfmf-1,TMA00315,False,False,False,none
adglmcpj-1,TMA00315,False,False,False,none
adgnnaoa-1,TMA00315,False,False,False,none
adgollgg-1,TMA00315,False,False,False,none
adhamail-1,TMA00315,False,False,False,none
adhbdcoj-1,TMA00315,False,False,False,none
adhcpijb-1,TMA00315,False,False,False,none
adhjoikc-1,TMA00315,False,True,False,dTomato_Seq2_hi
adhleddk-1,TMA00315,False,False,False,none
adhnlpho-1,TMA00315,False,False,False,none
adhoeimj-1,TMA00315,False,False,False,none
adhpleck-1,TMA00315,False,False,False,none
adhpnamm-1,TMA00315,False,False,False,none
adiahacf-1,TMA00315,False,False,False,none
adidagdk-1,TMA00315,False,False,False,none
adidilab-1,TMA00315,False,False,False,none
adifcedl-1,TMA00315,False,False,False,none
adihifij-1,TMA00315,False,False,False,none
adijaffa-1,TMA00315,False,False,False,none
adjcpbbo-1,TMA00315,False,False,False,none
adjdacdn-1,TMA00315,False,False,False,none
adjdcncm-1,TMA00315,False,False,False,none
adjjmmch-1,TMA00315,False,False,False,none
adjkaicm-1,TMA00315,False,False,False,none
adjkeofm-1,TMA00315,False,False,False,none
adjmeccc-1,TMA00315,False,False,False,none
adkdbjfd-1,TMA00315,False,False,False,none
adkiemge-1,TMA00315,False,False,False,none
adklokcc-1,TMA00315,False,False,False,none
adkmkdaj-1,TMA00315,False,False,False,none
adkoehea-1,TMA00315,False,False,False,none
adkolmep-1,TMA00315,False,False,False,none
adlanahi-1,TMA00315,False,False,False,none
adlcfdpf-1,TMA00315,False,False,False,none
adlchkjp-1,TMA00315,False,False,False,none
admbbggb-1,TMA00315,False,False,False,none
admcbhdh-1,TMA00315,False,False,False,none
admfampa-1,TMA00315,False,False,False,none
admlpokl-1,TMA00315,False,False,False,none
admoifid-1,TMA00315,False,False,False,none
adnaancn-1,TMA00315,False,False,False,none
adnadncm-1,TMA00315,False,False,False,none
adnalljl-1,TMA00315,False,False,False,none
adncpbhp-1,TMA00315,False,False,False,none
adnejjad-1,TMA00315,False,False,False,none
adofajag-1,TMA00315,False,False,False,none
adpimmgm-1,TMA00315,False,False,False,none
adponhkc-1,TMA00315,False,False,False,none
aeaanfdf-1,TMA00315,False,False,False,none
aeaaonmh-1,TMA00315,False,False,False,none
aeabdkjm-1,TMA00315,False,False,False,none
aeadeile-1,TMA00315,False,False,False,none
aeafkjna-1,TMA00315,False,False,False,none
aeaghkkf-1,TMA00315,False,False,False,none
aeagicpb-1,TMA00315,False,False,False,none
aeagimlp-1,TMA00315,False,False,False,none
aeahombm-1,TMA00315,False,False,False,none
aealglgi-1,TMA00315,False,False,False,none
aeaopjmi-1,TMA00315,False,False,False,none
aebcfljp-1,TMA00315,False,False,False,none
aebfggif-1,TMA00315,False,False,False,none
aebgkfpo-1,TMA00315,False,False,False,none
aebjiaph-1,TMA00315,False,False,False,none
aeblnhjm-1,TMA00315,False,False,False,none
aecajocf-1,TMA00315,False,False,False,none
aeccgmie-1,TMA00315,False,False,False,none
aeccnhja-1,TMA00315,False,False,False,none
aecejeof-1,TMA00315,False,False,False,none
aecfpjkk-1,TMA00315,False,False,False,none
aecjkiha-1,TMA00315,False,False,False,none
aedblacc-1,TMA00315,False,False,False,none
aeddegni-1,TMA00315,False,False,False,none
aedhface-1,TMA00315,False,False,False,none
aedjkjfd-1,TMA00315,False,False,False,none
aedkfhcc-1,TMA00315,False,False,False,none
aedkmeoo-1,TMA00315,False,False,False,none
aeeakkje-1,TMA00315,False,False,False,none
aeegbdge-1,TMA00315,False,False,False,none
aeelfcmn-1,TMA00315,False,False,False,none
aeelfpdg-1,TMA00315,False,False,False,none
aeemplhf-1,TMA00315,False,False,False,none
aeeoelji-1,TMA00315,False,False,False,none
aeepjiom-1,TMA00315,False,False,False,none
aefggppf-1,TMA00315,False,False,False,none
aefhbhhh-1,TMA00315,False,False,False,none
aefhegno-1,TMA00315,False,False,False,none
aefhnidk-1,TMA00315,False,False,False,none
aefiabka-1,TMA00315,False,False,False,none
aegbpghm-1,TMA00315,False,False,False,none
aegdeelp-1,TMA00315,False,False,False,none
aegdfcap-1,TMA00315,False,False,False,none
aegfjcna-1,TMA00315,False,False,False,none
aegflbac-1,TMA00315,False,False,False,none
aegfpkda-1,TMA00315,False,False,False,none
aegkhdmi-1,TMA00315,False,False,False,none
aegkicck-1,TMA00315,False,True,False,dTomato_Seq2_hi
aegmkfbn-1,TMA00315,False,False,False,none
aegnolae-1,TMA00315,False,False,False,none
aehbcjij-1,TMA00315,False,False,False,none
aeheolhi-1,TMA00315,False,False,False,none
aehfebga-1,TMA00315,False,False,False,none
aehiaoha-1,TMA00315,False,False,False,none
aeiabcga-1,TMA00315,False,False,False,none
aeiapmam-1,TMA00315,False,False,False,none
aeibdgmb-1,TMA00315,False,False,False,none
aeibnfdg-1,TMA00315,False,False,False,none
aeiccabh-1,TMA00315,False,False,False,none
aeikdmfa-1,TMA00315,False,False,False,none
aeioefji-1,TMA00315,False,False,False,none
aeiphndb-1,TMA00315,False,False,False,none
aeipkklf-1,TMA00315,False,False,False,none
aejakoim-1,TMA00315,False,False,False,none
aejbnifg-1,TMA00315,False,False,False,none
aejegdkk-1,TMA00315,False,False,False,none
aejgpocm-1,TMA00315,False,False,False,none
aejjgmdm-1,TMA00315,False,False,False,none
aejmealf-1,TMA00315,False,False,False,none
aekaglcd-1,TMA00315,False,False,False,none
aekhmjip-1,TMA00315,False,True,False,dTomato_Seq2_hi
aekidico-1,TMA00315,False,False,False,none
aekjgihl-1,TMA00315,False,False,False,none
aekjgjlg-1,TMA00315,False,False,False,none
aekkocci-1,TMA00315,False,False,False,none
aekmggak-1,TMA00315,False,False,False,none
aeldbkgf-1,TMA00315,False,False,False,none
aeldcejh-1,TMA00315,False,False,False,none
aelegahg-1,TMA00315,False,False,False,none
aelfhkjg-1,TMA00315,False,False,False,none
aelfjimf-1,TMA00315,False,False,False,none
aelkpnab-1,TMA00315,False,False,False,none
aelligpc-1,TMA00315,False,False,False,none
aelmblgg-1,TMA00315,False,False,False,none
aembjleh-1,TMA00315,False,False,False,none
aemcdkbf-1,TMA00315,False,False,False,none
aemdaecm-1,TMA00315,False,False,False,none
aemebopn-1,TMA00315,False,False,False,none
aemjclae-1,TMA00315,False,False,False,none
aenaomkb-1,TMA00315,False,False,False,none
aendmapg-1,TMA00315,False,False,False,none
aendoknh-1,TMA00315,False,False,False,none
aeneadna-1,TMA00315,False,False,False,none
aengapgn-1,TMA00315,False,False,False,none
aengapjm-1,TMA00315,False,False,False,none
aenjgogg-1,TMA00315,False,False,False,none
aenlkjli-1,TMA00315,False,False,False,none
aenlkned-1,TMA00315,False,False,False,none
aenmafpm-1,TMA00315,False,False,False,none
aenmpljb-1,TMA00315,False,False,False,none
aeoaaclc-1,TMA00315,False,False,False,none
aeodicmb-1,TMA00315,False,False,False,none
aeodigoi-1,TMA00315,False,False,False,none
aeofbjib-1,TMA00315,False,False,False,none
aeohkhbo-1,TMA00315,False,False,False,none
aeomlhfh-1,TMA00315,False,False,False,none
aeommcib-1,TMA00315,False,False,False,none
aepceein-1,TMA00315,False,False,False,none
aepdndbi-1,TMA00315,False,False,False,none
aepjojip-1,TMA00315,False,False,False,none
aepkogmf-1,TMA00315,False,False,False,none
afaebegc-1,TMA00315,False,False,False,none
afaeimjc-1,TMA00315,False,False,False,none
afaglenc-1,TMA00315,False,False,False,none
afakfabl-1,TMA00315,False,False,False,none
afakfddm-1,TMA00315,False,False,False,none
afakibmo-1,TMA00315,False,False,False,none
afanijnk-1,TMA00315,False,False,False,none
afaobpcn-1,TMA00315,False,False,False,none
afbandcm-1,TMA00315,False,False,False,none
afbbckpc-1,TMA00315,False,False,False,none
afbdlflg-1,TMA00315,False,False,False,none
afbiamej-1,TMA00315,False,False,False,none
afbpgmnm-1,TMA00315,False,False,False,none
afbppjcm-1,TMA00315,False,False,False,none
afcfikoa-1,TMA00315,False,False,False,none
afchldgp-1,TMA00315,False,False,False,none
afckgfbe-1,TMA00315,False,False,False,none
afdihifm-1,TMA00315,False,False,False,none
afdkifch-1,TMA00315,False,False,False,none
afdnlmlk-1,TMA00315,False,False,False,none
afehbfeh-1,TMA00315,False,False,False,none
afekapip-1,TMA00315,False,False,False,none
afelebmi-1,TMA00315,False,False,False,none
affcknhp-1,TMA00315,False,False,False,none
afgeomfk-1,TMA00315,False,False,False,none
afglbgfm-1,TMA00315,False,False,False,none
afhbnddi-1,TMA00315,False,False,False,none
afhidgnc-1,TMA00315,False,False,False,none
afhjhipg-1,TMA00315,False,False,False,none
afhjhpbb-1,TMA00315,False,False,False,none
afhmpdfg-1,TMA00315,False,False,False,none
afhnkfco-1,TMA00315,False,False,False,none
afihlkhf-1,TMA00315,False,False,False,none
afijfnfm-1,TMA00315,False,False,False,none
afjakgip-1,TMA00315,False,False,False,none
afjbjene-1,TMA00315,False,False,False,none
afjdgahd-1,TMA00315,False,False,False,none
afjfonie-1,TMA00315,False,False,False,none
afjjflel-1,TMA00315,False,False,False,none
afjoopkb-1,TMA00315,False,False,False,none
afkgdmhe-1,TMA00315,False,False,False,none
afkpflih-1,TMA00315,False,False,False,none
aflfjnff-1,TMA00315,False,False,False,none
afljfpak-1,TMA00315,False,False,False,none
aflkmcol-1,TMA00315,False,False,False,none
aflladco-1,TMA00315,False,False,False,none
aflljmhg-1,TMA00315,False,False,False,none
aflmidgk-1,TMA00315,False,False,False,none
afmemmkp-1,TMA00315,False,False,False,none
afmgglgl-1,TMA00315,False,False,False,none
afmiihgp-1,TMA00315,False,False,False,none
afmkpaon-1,TMA00315,False,False,False,none
afmpkljb-1,TMA00315,False,False,False,none
afncfpmh-1,TMA00315,False,False,False,none
afndpiko-1,TMA00315,False,False,False,none
afnepgoc-1,TMA00315,False,False,False,none
afnfplmm-1,TMA00315,False,False,False,none
afnjafli-1,TMA00315,False,False,False,none
afnmemmo-1,TMA00315,False,False,False,none
afnohplo-1,TMA00315,False,False,False,none
afoaiiho-1,TMA00315,False,False,False,none
afoankhm-1,TMA00315,False,False,False,none
afodhafo-1,TMA00315,False,False,False,none
afoghoem-1,TMA00315,False,False,False,none
afohmneo-1,TMA00315,False,False,False,none
afoljhbh-1,TMA00315,False,False,False,none
afopdhkb-1,TMA00315,False,False,False,none
afpaekop-1,TMA00315,False,False,False,none
afpeiohl-1,TMA00315,False,False,False,none
afpldnkg-1,TMA00315,False,False,False,none
afpllodo-1,TMA00315,False,False,False,none
agaanlii-1,TMA00315,False,False,False,none
agaapkdg-1,TMA00315,False,False,False,none
agaifneh-1,TMA00315,False,False,False,none
agakboaj-1,TMA00315,False,False,False,none
agaocgog-1,TMA00315,False,False,False,none
agbbkejm-1,TMA00315,False,False,False,none
agbegiaf-1,TMA00315,False,False,False,none
agblgofb-1,TMA00315,False,False,False,none
agbpmigc-1,TMA00315,False,False,False,none
agckmfkf-1,TMA00315,False,False,False,none
agcmcplo-1,TMA00315,False,False,False,none
agdffjap-1,TMA00315,False,False,False,none
agdhpbcc-1,TMA00315,False,False,False,none
agdmfjce-1,TMA00315,False,False,False,none
agedafki-1,TMA00315,False,False,False,none
agedccag-1,TMA00315,False,False,False,none
agejdkpp-1,TMA00315,False,False,False,none
agffdkbj-1,TMA00315,False,False,False,none
agfpkceo-1,TMA00315,False,False,False,none
aggebonn-1,TMA00315,False,False,False,none
aggoecca-1,TMA00315,False,False,False,none
aghhelal-1,TMA00315,False,False,False,none
aghjjmjg-1,TMA00315,False,False,False,none
aghkajli-1,TMA00315,False,False,False,none
aghkbedk-1,TMA00315,False,False,False,none
aghpihod-1,TMA00315,False,False,False,none
agijckfc-1,TMA00315,False,False,False,none
agikfmab-1,TMA00315,False,False,False,none
agikpgpi-1,TMA00315,False,False,False,none
agilhgak-1,TMA00315,False,False,False,none
agjebfik-1,TMA00315,False,False,False,none
agjfakjc-1,TMA00315,False,False,False,none
agjfcidg-1,TMA00315,False,False,False,none
agjfiidp-1,TMA00315,False,False,False,none
agjgpakf-1,TMA00315,False,False,False,none
agjmiglk-1,TMA00315,False,False,False,none
agjpfcfa-1,TMA00315,False,False,False,none
agkcbdkk-1,TMA00315,False,False,False,none
agkfkgpd-1,TMA00315,False,False,False,none
agkflknn-1,TMA00315,False,False,False,none
agkglpja-1,TMA00315,False,False,False,none
agklhlpf-1,TMA00315,False,False,False,none
agkmbbfn-1,TMA00315,False,False,False,none
agknhfec-1,TMA00315,False,False,False,none
agknkmkn-1,TMA00315,False,False,False,none
aglbaaol-1,TMA00315,False,False,False,none
aglbfknb-1,TMA00315,False,False,False,none
aglblcda-1,TMA00315,False,False,False,none
agledoij-1,TMA00315,False,False,False,none
aglhploh-1,TMA00315,False,False,False,none
aglifjlp-1,TMA00315,False,False,False,none
aglnkiie-1,TMA00315,False,False,False,none
agloibab-1,TMA00315,False,False,False,none
aglpaflj-1,TMA00315,False,False,False,none
agmaacaj-1,TMA00315,False,False,False,none
agmbifnf-1,TMA00315,False,False,False,none
agmlhaof-1,TMA00315,False,False,False,none
agmnafdc-1,TMA00315,False,False,False,none
agmocmbh-1,TMA00315,False,False,False,none
agmopooh-1,TMA00315,False,False,False,none
agnacmmb-1,TMA00315,False,False,False,none
agnahcim-1,TMA00315,False,False,False,none
agnbbneg-1,TMA00315,False,False,False,none
agndcgkj-1,TMA00315,False,False,False,none
agngkdgm-1,TMA00315,False,False,False,none
agnoggfe-1,TMA00315,False,False,False,none
agnphjpa-1,TMA00315,False,False,False,none
agohfdon-1,TMA00315,False,False,False,none
agojcphb-1,TMA00315,False,False,False,none
agokeehi-1,TMA00315,False,False,False,none
agokekbg-1,TMA00315,False,False,False,none
agonbikg-1,TMA00315,False,False,False,none
agpbkbfg-1,TMA00315,False,False,False,none
agpeimdk-1,TMA00315,False,False,False,none
agphbhpb-1,TMA00315,False,False,False,none
agpjjnam-1,TMA00315,False,False,False,none
agplaaib-1,TMA00315,False,False,False,none
agplkgfm-1,TMA00315,False,False,False,none
agpnlpkj-1,TMA00315,False,False,False,none
ahaanopk-1,TMA00315,False,False,False,none
ahadcckn-1,TMA00315,False,False,False,none
ahadkppb-1,TMA00315,False,False,False,none
ahagnnad-1,TMA00315,False,False,False,none
ahahjgmi-1,TMA00315,False,False,False,none
ahakbnhp-1,TMA00315,False,False,False,none
ahakclhg-1,TMA00315,False,False,False,none
ahalgfjc-1,TMA00315,False,False,False,none
ahanbpdd-1,TMA00315,False,False,False,none
ahanhaga-1,TMA00315,False,False,False,none
ahapdbph-1,TMA00315,False,False,False,none
ahbaaafk-1,TMA00315,False,False,False,none
ahbaglai-1,TMA00315,False,False,False,none
ahbalicj-1,TMA00315,False,False,False,none
ahbcdffh-1,TMA00315,False,False,False,none
ahbgdmpb-1,TMA00315,False,False,False,none
ahbkdoee-1,TMA00315,True,False,False,EGFP_Seq1_hi
ahbljmmh-1,TMA00315,False,False,False,none
ahblmlcm-1,TMA00315,False,False,False,none
ahbmmbbo-1,TMA00315,False,False,False,none
ahbnpgof-1,TMA00315,False,False,False,none
ahcafoog-1,TMA00315,False,False,False,none
ahcakgcd-1,TMA00315,False,False,False,none
ahcfbpok-1,TMA00315,False,False,False,none
ahcffnde-1,TMA00315,False,False,False,none
ahcfiigb-1,TMA00315,False,False,False,none
ahcfopji-1,TMA00315,False,False,False,none
ahcnfnfp-1,TMA00315,False,False,False,none
ahdpgeih-1,TMA00315,False,False,False,none
aheabkbh-1,TMA00315,False,False,False,none
ahebcpad-1,TMA00315,False,False,False,none
aheednjk-1,TMA00315,False,False,False,none
aheegphi-1,TMA00315,False,False,False,none
ahefkkel-1,TMA00315,False,False,False,none
ahegedcd-1,TMA00315,False,False,False,none
ahehcppb-1,TMA00315,False,False,False,none
ahekcinc-1,TMA00315,False,False,False,none
ahelhpck-1,TMA00315,False,False,False,none
ahemfjlp-1,TMA00315,False,False,False,none
ahemlffj-1,TMA00315,False,False,False,none
ahfbonik-1,TMA00315,False,False,False,none
ahfchcia-1,TMA00315,False,False,False,none
ahfflief-1,TMA00315,False,False,False,none
ahfhmflc-1,TMA00315,False,False,False,none
ahflamim-1,TMA00315,False,False,False,none
ahibnaok-1,TMA00315,False,False,False,none
ahmllini-1,TMA00315,False,False,False,none
ahoobahf-1,TMA00315,False,False,False,none
ahpcdbnk-1,TMA00315,False,False,False,none
ahpgkdjc-1,TMA00315,False,False,False,none
ahpimdei-1,TMA00315,False,False,False,none
ahpkphcj-1,TMA00315,False,False,False,none
ahplfneh-1,TMA00315,False,False,False,none
ahpmahed-1,TMA00315,False,False,False,none
aiacealb-1,TMA00315,False,False,False,none
aiadfiam-1,TMA00315,False,False,False,none
aiaegnhj-1,TMA00315,False,False,False,none
aiahealh-1,TMA00315,False,False,False,none
aiaicdck-1,TMA00315,False,False,False,none
aiajeoin-1,TMA00315,False,False,False,none
aiampeeo-1,TMA00315,False,False,False,none
aianldgn-1,TMA00315,False,False,False,none
aibdmamm-1,TMA00315,False,False,False,none
aibfadff-1,TMA00315,False,False,False,none
aibieplj-1,TMA00315,False,False,False,none
aicepinl-1,TMA00315,False,False,False,none
aicimegh-1,TMA00315,False,False,False,none
aicinbdh-1,TMA00315,False,False,False,none
aidcflno-1,TMA00315,False,False,False,none
aiddonpe-1,TMA00315,False,False,False,none
aidfpmaj-1,TMA00315,False,False,False,none
aidhclnl-1,TMA00315,False,False,False,none
aidibnlc-1,TMA00315,False,False,False,none
aidihhee-1,TMA00315,False,False,False,none
aidmoaln-1,TMA00315,False,False,False,none
aidpmgbh-1,TMA00315,False,False,False,none
aidpodmb-1,TMA00315,False,False,False,none
aieddflj-1,TMA00315,False,False,False,none
aiefmbop-1,TMA00315,False,False,False,none
aiegojkh-1,TMA00315,False,False,False,none
aiegonfl-1,TMA00315,False,False,False,none
aielagkm-1,TMA00315,False,False,False,none
aifgodmo-1,TMA00315,False,False,False,none
aifobhgg-1,TMA00315,False,False,False,none
aifonpag-1,TMA00315,False,False,False,none
aifoocoi-1,TMA00315,False,False,False,none
aifpakec-1,TMA00315,False,False,False,none
aigkimfn-1,TMA00315,False,False,False,none
aiglpomk-1,TMA00315,False,False,False,none
aigmjlni-1,TMA00315,False,False,False,none
aihalfem-1,TMA00315,False,False,False,none
aihgihci-1,TMA00315,False,False,False,none
aihjelfa-1,TMA00315,False,False,False,none
aihjoapp-1,TMA00315,False,False,False,none
aihkepcc-1,TMA00315,False,False,False,none
aihlilnn-1,TMA00315,False,False,False,none
aihmfeko-1,TMA00315,False,False,False,none
aihoejmc-1,TMA00315,False,False,False,none
aihogmlg-1,TMA00315,False,False,False,none
aihpljbn-1,TMA00315,False,False,False,none
aiibdnjl-1,TMA00315,False,False,False,none
aiibekfi-1,TMA00315,False,False,False,none
aiibhdhl-1,TMA00315,False,False,False,none
aiigkpdd-1,TMA00315,False,False,False,none
aiijldoe-1,TMA00315,False,False,False,none
aiikejip-1,TMA00315,False,False,False,none
aiinnjag-1,TMA00315,False,False,False,none
aijdoglp-1,TMA00315,False,False,False,none
aijiccnd-1,TMA00315,False,False,False,none
aijkcbgo-1,TMA00315,False,False,False,none
aijlmpel-1,TMA00315,False,False,False,none
aijpdomi-1,TMA00315,False,False,False,none
aikalclm-1,TMA00315,False,False,False,none
aikbagho-1,TMA00315,False,False,False,none
aikcgbbe-1,TMA00315,False,False,False,none
aikelbpi-1,TMA00315,False,False,False,none
aikhieom-1,TMA00315,False,False,False,none
aikmpddm-1,TMA00315,False,False,False,none
aiknpmko-1,TMA00315,False,True,False,dTomato_Seq2_hi
ailaellf-1,TMA00315,False,False,False,none
ailgdpog-1,TMA00315,False,False,False,none
ailglkpg-1,TMA00315,False,False,False,none
aillgoaf-1,TMA00315,False,False,False,none
ailmalnj-1,TMA00315,False,False,False,none
ailoakfl-1,TMA00315,False,False,False,none
aimbmpnp-1,TMA00315,False,False,False,none
aimcagkb-1,TMA00315,False,False,False,none
aimjiedf-1,TMA00315,False,False,False,none
aimljpme-1,TMA00315,False,False,False,none
aincbgmg-1,TMA00315,False,False,False,none
aincnlkj-1,TMA00315,False,False,False,none
aiocpfge-1,TMA00315,False,False,False,none
aiofdmjd-1,TMA00315,False,False,False,none
aiogcbgi-1,TMA00315,False,False,False,none
aiogljdc-1,TMA00315,False,False,False,none
aiohfcll-1,TMA00315,False,False,False,none
aiohoejl-1,TMA00315,False,False,False,none
aioibgjb-1,TMA00315,False,False,False,none
aiojcifj-1,TMA00315,False,False,False,none
aionagdm-1,TMA00315,False,False,False,none
aipcgmok-1,TMA00315,False,False,False,none
aipejpcp-1,TMA00315,False,False,False,none
aipfcdeb-1,TMA00315,False,False,False,none
aiphpdpl-1,TMA00315,False,False,False,none
aipjdeln-1,TMA00315,False,False,False,none
aiplnego-1,TMA00315,False,False,False,none
aipnkgmb-1,TMA00315,False,False,False,none
aipnnlbg-1,TMA00315,False,False,False,none
aippcgkn-1,TMA00315,False,False,False,none
ajaadpmn-1,TMA00315,False,False,False,none
ajabakmi-1,TMA00315,False,False,False,none
ajacomlh-1,TMA00315,False,False,False,none
ajakinjn-1,TMA00315,False,False,False,none
ajalfmok-1,TMA00315,False,False,False,none
ajbabepm-1,TMA00315,False,False,False,none
ajbdfoob-1,TMA00315,False,False,False,none
ajbianhk-1,TMA00315,False,False,False,none
ajbjicjh-1,TMA00315,False,False,False,none
ajbndhhd-1,TMA00315,False,False,False,none
ajboidnc-1,TMA00315,False,False,False,none
ajbpgimh-1,TMA00315,False,False,False,none
ajcoijpk-1,TMA00315,False,False,False,none
ajdlhlhl-1,TMA00315,False,False,False,none
ajdnpjnp-1,TMA00315,False,False,False,none
ajdofbch-1,TMA00315,False,False,False,none
ajeaghag-1,TMA00315,False,False,False,none
ajecnfbg-1,TMA00315,False,False,False,none
ajefjdng-1,TMA00315,False,False,False,none
ajeiokpd-1,TMA00315,False,False,False,none
ajemmihe-1,TMA00315,False,False,False,none
ajennhaf-1,TMA00315,False,False,False,none
ajfbbiba-1,TMA00315,False,False,False,none
ajfbckgi-1,TMA00315,False,False,False,none
ajfcmchc-1,TMA00315,False,False,False,none
ajfdlfob-1,TMA00315,False,False,False,none
ajfiplna-1,TMA00315,False,False,False,none
ajfjnpfj-1,TMA00315,False,False,False,none
ajfncejh-1,TMA00315,False,False,False,none
ajgajped-1,TMA00315,False,False,False,none
ajgfkkic-1,TMA00315,False,False,False,none
ajgnfbke-1,TMA00315,False,False,False,none
ajgnjmeh-1,TMA00315,False,False,False,none
ajgofdik-1,TMA00315,False,False,False,none
ajgopipl-1,TMA00315,False,False,False,none
ajhdpglc-1,TMA00315,False,False,False,none
ajhihkil-1,TMA00315,False,False,False,none
ajhofoge-1,TMA00315,False,False,False,none
ajhpnbbb-1,TMA00315,False,False,False,none
ajiejnce-1,TMA00315,False,False,False,none
ajikpepm-1,TMA00315,False,False,False,none
ajipfdae-1,TMA00315,False,False,False,none
ajjekmfd-1,TMA00315,False,False,False,none
ajjpilbn-1,TMA00315,False,False,False,none
ajkakneo-1,TMA00315,False,False,False,none
ajkegeao-1,TMA00315,False,False,False,none
ajkehfpf-1,TMA00315,False,False,False,none
ajkmggch-1,TMA00315,False,False,False,none
ajkmjkmp-1,TMA00315,False,False,False,none
ajkmkjph-1,TMA00315,False,False,False,none
ajknpijo-1,TMA00315,False,False,False,none
ajkpbddo-1,TMA00315,False,False,False,none
ajlannlm-1,TMA00315,False,False,False,none
ajldhahm-1,TMA00315,False,False,False,none
ajlfljdf-1,TMA00315,False,False,False,none
ajlgannf-1,TMA00315,False,False,False,none
ajlndfbc-1,TMA00315,False,False,False,none
ajmccoao-1,TMA00315,False,False,False,none
ajmdaiko-1,TMA00315,False,False,False,none
ajmmeaea-1,TMA00315,False,False,False,none
ajmmkboi-1,TMA00315,False,False,False,none
ajnfjpaf-1,TMA00315,False,False,False,none
ajnigcfa-1,TMA00315,False,False,False,none
ajnjhbbj-1,TMA00315,False,False,False,none
ajoaminn-1,TMA00315,False,False,False,none
ajobnfdh-1,TMA00315,False,False,False,none
ajochklb-1,TMA00315,False,False,False,none
ajoglfej-1,TMA00315,False,False,False,none
ajokdlnk-1,TMA00315,False,False,False,none
ajolbeec-1,TMA00315,False,False,False,none
ajomffoo-1,TMA00315,False,False,False,none
ajompnnp-1,TMA00315,True,False,False,EGFP_Seq1_hi
ajopnnan-1,TMA00315,False,False,False,none
ajpdjfjk-1,TMA00315,False,False,False,none
ajpenhgh-1,TMA00315,False,False,False,none
ajpgjccd-1,TMA00315,False,False,False,none
ajpgnapl-1,TMA00315,False,False,False,none
ajpkdhpe-1,TMA00315,False,False,False,none
ajpmmpon-1,TMA00315,False,False,False,none
ajpodfbp-1,TMA00315,False,False,False,none
akacddhm-1,TMA00315,False,False,False,none
akaknoeh-1,TMA00315,False,False,False,none
akalmddl-1,TMA00315,False,False,False,none
akampdld-1,TMA00315,False,False,False,none
akanjlik-1,TMA00315,False,False,False,none
akanmoen-1,TMA00315,False,False,False,none
akbbpkml-1,TMA00315,False,False,False,none
akbdoaab-1,TMA00315,False,False,False,none
akbhnica-1,TMA00315,True,True,True,EGFP_dTomato_dual_hi
akbigbgh-1,TMA00315,False,False,False,none
akbkllep-1,TMA00315,False,False,False,none
akblmomo-1,TMA00315,False,False,False,none
akbmhakf-1,TMA00315,False,False,False,none
akbmicmj-1,TMA00315,False,False,False,none
akcbjhba-1,TMA00315,False,False,False,none
akcchnbk-1,TMA00315,False,False,False,none
akcpimap-1,TMA00315,False,False,False,none
akdadede-1,TMA00315,False,False,False,none
akdalilj-1,TMA00315,False,False,False,none
akdecpgo-1,TMA00315,False,False,False,none
akdgnngn-1,TMA00315,False,False,False,none
akdobkef-1,TMA00315,False,False,False,none
akecaoip-1,TMA00315,False,False,False,none
akedlkfb-1,TMA00315,False,False,False,none
akegjfoi-1,TMA00315,False,False,False,none
akehjhdn-1,TMA00315,False,False,False,none
akelfpoc-1,TMA00315,False,False,False,none
akemcaec-1,TMA00315,False,False,False,none
akenjbad-1,TMA00315,False,False,False,none
akeobdip-1,TMA00315,False,False,False,none
akeodhec-1,TMA00315,False,False,False,none
akfaeeni-1,TMA00315,False,False,False,none
akfbkhhh-1,TMA00315,False,False,False,none
akfdmipf-1,TMA00315,False,False,False,none
akfebomm-1,TMA00315,False,False,False,none
akfeojkc-1,TMA00315,False,False,False,none
akfjcdeb-1,TMA00315,False,False,False,none
akfmahff-1,TMA00315,False,False,False,none
akfoipdj-1,TMA00315,False,False,False,none
akgadgjp-1,TMA00315,False,False,False,none
akgdlpka-1,TMA00315,False,False,False,none
akgfpkfo-1,TMA00315,False,False,False,none
akghnido-1,TMA00315,False,False,False,none
akglacjb-1,TMA00315,False,False,False,none
akglojgj-1,TMA00315,False,False,False,none
akgmkklc-1,TMA00315,False,False,False,none
akhaacpm-1,TMA00315,False,False,False,none
akhadkmd-1,TMA00315,False,False,False,none
akhcgina-1,TMA00315,False,False,False,none
akhghfko-1,TMA00315,False,False,False,none
akhifiba-1,TMA00315,False,False,False,none
akhkoffl-1,TMA00315,False,False,False,none
akhlpcim-1,TMA00315,False,False,False,none
akhnhoai-1,TMA00315,False,False,False,none
akhnmphm-1,TMA00315,False,False,False,none
akidadga-1,TMA00315,False,False,False,none
akimjjfi-1,TMA00315,False,False,False,none
akinoefa-1,TMA00315,False,False,False,none
akiohkgl-1,TMA00315,False,False,False,none
akjdfchi-1,TMA00315,False,False,False,none
akjdiimf-1,TMA00315,False,False,False,none
akjdnhoa-1,TMA00315,False,False,False,none
akjdnmck-1,TMA00315,False,False,False,none
akjelnic-1,TMA00315,False,False,False,none
akjibfok-1,TMA00315,False,False,False,none
akkaaddo-1,TMA00315,False,False,False,none
akkagaik-1,TMA00315,False,False,False,none
akkclkfc-1,TMA00315,False,False,False,none
akkedbmh-1,TMA00315,False,False,False,none
akkfceck-1,TMA00315,False,False,False,none
akkgiaek-1,TMA00315,False,False,False,none
akkhdacb-1,TMA00315,False,False,False,none
akkllkeh-1,TMA00315,False,False,False,none
akkogaej-1,TMA00315,False,False,False,none
akkpabmj-1,TMA00315,False,False,False,none
akkplmnd-1,TMA00315,False,False,False,none
aklcmfjj-1,TMA00315,False,False,False,none
aklhnmla-1,TMA00315,False,False,False,none
akljcing-1,TMA00315,False,False,False,none
akmepahh-1,TMA00315,False,False,False,none
akmflpba-1,TMA00315,False,False,False,none
akmggemo-1,TMA00315,False,False,False,none
akmiedob-1,TMA00315,False,False,False,none
akmiomia-1,TMA00315,False,False,False,none
aknbagob-1,TMA00315,False,False,False,none
aknfilij-1,TMA00315,False,False,False,none
aknighgg-1,TMA00315,False,False,False,none
aknpamhc-1,TMA00315,False,False,False,none
aknppepj-1,TMA00315,False,False,False,none
akochfhf-1,TMA00315,False,False,False,none
akodbgoi-1,TMA00315,False,False,False,none
akodikii-1,TMA00315,False,False,False,none
akofjika-1,TMA00315,False,False,False,none
akohgajo-1,TMA00315,False,False,False,none
akoibldf-1,TMA00315,False,False,False,none
akoiljjd-1,TMA00315,False,False,False,none
akojgfco-1,TMA00315,False,False,False,none
akokgehh-1,TMA00315,False,False,False,none
akomecgo-1,TMA00315,False,False,False,none
akonmmgp-1,TMA00315,False,False,False,none
akonnkgl-1,TMA00315,False,False,False,none
akpblpni-1,TMA00315,False,False,False,none
akpjidek-1,TMA00315,False,False,False,none
alaapdac-1,TMA00315,False,False,False,none
alaedlmh-1,TMA00315,False,False,False,none
alagafmh-1,TMA00315,False,False,False,none
alaglolh-1,TMA00315,False,False,False,none
alagmkmh-1,TMA00315,False,False,False,none
alahgdgd-1,TMA00315,False,False,False,none
alahlafd-1,TMA00315,False,False,False,none
alajbilp-1,TMA00315,False,False,False,none
alanecea-1,TMA00315,False,False,False,none
alaopaob-1,TMA00315,False,False,False,none
albebnci-1,TMA00315,False,False,False,none
albefkej-1,TMA00315,False,False,False,none
albfjldf-1,TMA00315,True,False,False,EGFP_Seq1_hi
albiielj-1,TMA00315,False,False,False,none
albimedd-1,TMA00315,False,False,False,none
albjemgd-1,TMA00315,False,False,False,none
albndpen-1,TMA00315,False,False,False,none
albnneao-1,TMA00315,False,False,False,none
albpjhfd-1,TMA00315,False,False,False,none
alcdkacb-1,TMA00315,False,False,False,none
alcfblgi-1,TMA00315,False,False,False,none
alcfkioe-1,TMA00315,False,False,False,none
alcjledg-1,TMA00315,False,False,False,none
alckllao-1,TMA00315,False,False,False,none
alcobeko-1,TMA00315,False,False,False,none
aldagaab-1,TMA00315,False,False,False,none
aldbmhbm-1,TMA00315,False,False,False,none
aldjiidh-1,TMA00315,False,False,False,none
aldmkaak-1,TMA00315,False,False,False,none
aldpednh-1,TMA00315,False,False,False,none
aleaigcn-1,TMA00315,False,False,False,none
alecnfbg-1,TMA00315,False,False,False,none
aledimlg-1,TMA00315,False,False,False,none
aledppdd-1,TMA00315,False,False,False,none
alejimoj-1,TMA00315,False,False,False,none
aleoopee-1,TMA00315,False,False,False,none
alfagahb-1,TMA00315,False,False,False,none
alfhpamh-1,TMA00315,False,False,False,none
alfkjfef-1,TMA00315,False,False,False,none
alfmhbod-1,TMA00315,False,False,False,none
alfonfla-1,TMA00315,False,False,False,none
algbaplp-1,TMA00315,False,False,False,none
algcchpj-1,TMA00315,False,False,False,none
algckaje-1,TMA00315,False,False,False,none
algdpkoe-1,TMA00315,False,False,False,none
alggdejo-1,TMA00315,False,False,False,none
alhaaeaf-1,TMA00315,False,False,False,none
alhbbjfi-1,TMA00315,False,False,False,none
alhbpken-1,TMA00315,False,False,False,none
alhjlflc-1,TMA00315,False,False,False,none
alhljgof-1,TMA00315,False,False,False,none
alhncbda-1,TMA00315,False,False,False,none
alhpggco-1,TMA00315,False,False,False,none
aliiefjh-1,TMA00315,False,False,False,none
aliigego-1,TMA00315,False,False,False,none
alilghok-1,TMA00315,False,False,False,none
alioaife-1,TMA00315,False,False,False,none
aliokill-1,TMA00315,False,False,False,none
aljbmpal-1,TMA00315,False,False,False,none
aljcilod-1,TMA00315,False,False,False,none
aljfnjha-1,TMA00315,False,False,False,none
aljgifok-1,TMA00315,False,False,False,none
aljkgpbb-1,TMA00315,False,False,False,none
aljknnaj-1,TMA00315,False,False,False,none
alkacfkh-1,TMA00315,False,False,False,none
alkfbjeh-1,TMA00315,False,False,False,none
alkikhpi-1,TMA00315,False,False,False,none
allcjkao-1,TMA00315,False,False,False,none
allhcgbj-1,TMA00315,False,False,False,none
almapdch-1,TMA00315,False,False,False,none
almbkach-1,TMA00315,False,False,False,none
almcckoh-1,TMA00315,False,False,False,none
almfpjll-1,TMA00315,False,False,False,none
almhhcge-1,TMA00315,False,False,False,none
alnabhmc-1,TMA00315,False,False,False,none
alnhofod-1,TMA00315,False,False,False,none
alnlodho-1,TMA00315,False,False,False,none
alnnfpmc-1,TMA00315,False,False,False,none
alnnkpdd-1,TMA00315,False,False,False,none
alnolckf-1,TMA00315,False,False,False,none
alojgbdn-1,TMA00315,False,False,False,none
alokdmog-1,TMA00315,False,False,False,none
alokidin-1,TMA00315,False,False,False,none
alonecfm-1,TMA00315,False,False,False,none
alonmdbh-1,TMA00315,False,False,False,none
alpfdabp-1,TMA00315,False,False,False,none
alphmaco-1,TMA00315,False,False,False,none
alphplcn-1,TMA00315,False,False,False,none
alpnlgpm-1,TMA00315,False,False,False,none
amaampjp-1,TMA00315,False,False,False,none
amaapaha-1,TMA00315,False,False,False,none
amabekje-1,TMA00315,False,False,False,none
amadkppp-1,TMA00315,False,False,False,none
amagegde-1,TMA00315,False,False,False,none
amanjklc-1,TMA00315,False,False,False,none
ambkeklm-1,TMA00315,False,False,False,none
ambmnbmp-1,TMA00315,False,False,False,none
amcenehm-1,TMA00315,False,False,False,none
amcggpei-1,TMA00315,False,False,False,none
amckioph-1,TMA00315,False,False,False,none
amcnndlf-1,TMA00315,False,False,False,none
amcodfem-1,TMA00315,False,False,False,none
amdaildb-1,TMA00315,False,False,False,none
amdbojme-1,TMA00315,False,False,False,none
amdedpkb-1,TMA00315,False,False,False,none
amdijnpa-1,TMA00315,False,False,False,none
amdlmlpa-1,TMA00315,False,False,False,none
amdmdoen-1,TMA00315,False,False,False,none
amdndjnn-1,TMA00315,False,False,False,none
ameaakkh-1,TMA00315,False,False,False,none
ameadihe-1,TMA00315,False,False,False,none
ameafmad-1,TMA00315,False,False,False,none
amedahjf-1,TMA00315,False,False,False,none
amedfppm-1,TMA00315,False,False,False,none
amedogbb-1,TMA00315,False,False,False,none
ameogekm-1,TMA00315,False,False,False,none
ameopnci-1,TMA00315,False,False,False,none
amfadege-1,TMA00315,False,False,False,none
amfaobkp-1,TMA00315,False,False,False,none
amfigjpj-1,TMA00315,False,False,False,none
amflffik-1,TMA00315,False,False,False,none
amflmlff-1,TMA00315,False,False,False,none
amgfohmf-1,TMA00315,False,False,False,none
amggbefo-1,TMA00315,False,False,False,none
amglikgo-1,TMA00315,False,False,False,none
amgonmgp-1,TMA00315,False,False,False,none
amhgaibk-1,TMA00315,False,False,False,none
amiapdkk-1,TMA00315,False,False,False,none
amibpaah-1,TMA00315,False,False,False,none
amiebcnh-1,TMA00315,False,False,False,none
amihnpak-1,TMA00315,False,False,False,none
amikpmfl-1,TMA00315,False,False,False,none
amimdkmj-1,TMA00315,False,False,False,none
amjcmaaj-1,TMA00315,False,False,False,none
amjdlhnl-1,TMA00315,False,False,False,none
amjekdmp-1,TMA00315,False,False,False,none
amjfbgee-1,TMA00315,False,False,False,none
amjfeohe-1,TMA00315,False,False,False,none
amjhohpm-1,TMA00315,False,False,False,none
amjjblhd-1,TMA00315,False,False,False,none
amjmmmjl-1,TMA00315,False,False,False,none
amkfdbnf-1,TMA00315,False,False,False,none
amkfogkd-1,TMA00315,False,False,False,none
amkibnfd-1,TMA00315,False,False,False,none
amklghfm-1,TMA00315,False,False,False,none
amkmgfci-1,TMA00315,False,False,False,none
amknhgpo-1,TMA00315,False,False,False,none
amlaobpa-1,TMA00315,False,False,False,none
amlccmgd-1,TMA00315,False,False,False,none
amlcgbbb-1,TMA00315,False,False,False,none
amldoejn-1,TMA00315,False,False,False,none
amlhpbmg-1,TMA00315,False,False,False,none
amlibpgn-1,TMA00315,False,False,False,none
amlmbmha-1,TMA00315,False,False,False,none
amlndpmk-1,TMA00315,False,False,False,none
amloipbe-1,TMA00315,False,False,False,none
amlpajmo-1,TMA00315,False,False,False,none
ammggani-1,TMA00315,False,False,False,none
ammkeaja-1,TMA00315,False,False,False,none
ammnhdec-1,TMA00315,False,False,False,none
amnanleg-1,TMA00315,False,False,False,none
amnjgjdi-1,TMA00315,False,False,False,none
amnkdoig-1,TMA00315,False,False,False,none
amnmjaap-1,TMA00315,False,False,False,none
amnpmmao-1,TMA00315,False,False,False,none
amnppopm-1,TMA00315,False,False,False,none
amoidace-1,TMA00315,False,False,False,none
ampejmnl-1,TMA00315,False,False,False,none
ampiepoo-1,TMA00315,False,False,False,none
ampifneg-1,TMA00315,False,False,False,none
ampkleel-1,TMA00315,True,False,False,EGFP_Seq1_hi
ampkpjkc-1,TMA00315,False,False,False,none
ampmkjah-1,TMA00315,False,False,False,none
ampnncji-1,TMA00315,False,False,False,none
anaaknhb-1,TMA00315,False,False,False,none
anadedne-1,TMA00315,False,False,False,none
anafijgj-1,TMA00315,False,False,False,none
anaikjji-1,TMA00315,False,False,False,none
anampeop-1,TMA00315,False,False,False,none
anaoamoa-1,TMA00315,False,False,False,none
anaonaaa-1,TMA00315,False,False,False,none
anbhodge-1,TMA00315,False,False,False,none
anbjjhbl-1,TMA00315,False,False,False,none
anbkbppn-1,TMA00315,False,False,False,none
anbkkgpp-1,TMA00315,False,False,False,none
anbobkno-1,TMA00315,False,False,False,none
anboemln-1,TMA00315,False,False,False,none
anbpegka-1,TMA00315,False,False,False,none
anbpplpe-1,TMA00315,False,False,False,none
ancglefc-1,TMA00315,False,False,False,none
ancidgie-1,TMA00315,False,False,False,none
ancnnnkh-1,TMA00315,False,False,False,none
ancodplf-1,TMA00315,False,False,False,none
andalehi-1,TMA00315,False,False,False,none
anddnoim-1,TMA00315,False,False,False,none
andhapdp-1,TMA00315,False,False,False,none
andpcoda-1,TMA00315,False,False,False,none
aneapllg-1,TMA00315,False,False,False,none
anefgpkp-1,TMA00315,False,False,False,none
aneilaog-1,TMA00315,False,False,False,none
anemlpnk-1,TMA00315,False,False,False,none
anfabhaa-1,TMA00315,False,False,False,none
anfacina-1,TMA00315,False,False,False,none
anfeppla-1,TMA00315,False,False,False,none
anffkoij-1,TMA00315,False,False,False,none
anffmkgo-1,TMA00315,False,False,False,none
anfnhefp-1,TMA00315,False,False,False,none
angeejop-1,TMA00315,False,False,False,none
angfocdf-1,TMA00315,False,False,False,none
angmmone-1,TMA00315,False,False,False,none
anhhehmi-1,TMA00315,False,False,False,none
anidjehi-1,TMA00315,False,False,False,none
anidkook-1,TMA00315,False,False,False,none
anigfomo-1,TMA00315,False,False,False,none
anikmibj-1,TMA00315,False,False,False,none
animbolk-1,TMA00315,False,False,False,none
aniodadc-1,TMA00315,False,False,False,none
anipjphe-1,TMA00315,False,False,False,none
ankcniof-1,TMA00315,False,False,False,none
ankfihkp-1,TMA00315,False,False,False,none
anlhnabm-1,TMA00315,False,False,False,none
anlidmie-1,TMA00315,False,False,False,none
anlmekjn-1,TMA00315,False,False,False,none
anlmndjo-1,TMA00315,False,False,False,none
anlmoomm-1,TMA00315,False,False,False,none
anlnahdl-1,TMA00315,False,False,False,none
anlogbci-1,TMA00315,False,False,False,none
anlohnpg-1,TMA00315,False,False,False,none
anlojjcp-1,TMA00315,False,False,False,none
anmapade-1,TMA00315,False,False,False,none
anmbobha-1,TMA00315,False,False,False,none
anmdgcmp-1,TMA00315,False,False,False,none
anmenaaj-1,TMA00315,False,False,False,none
anmfcoib-1,TMA00315,False,False,False,none
anmghimd-1,TMA00315,False,False,False,none
anmkpoah-1,TMA00315,False,False,False,none
anmmhgem-1,TMA00315,False,False,False,none
anmnaiho-1,TMA00315,False,False,False,none
anmpileg-1,TMA00315,False,False,False,none
annadekk-1,TMA00315,False,False,False,none
anncmpgj-1,TMA00315,False,False,False,none
annebfle-1,TMA00315,False,False,False,none
annfggmo-1,TMA00315,False,False,False,none
annghpnd-1,TMA00315,False,False,False,none
annhfaec-1,TMA00315,False,False,False,none
annhkdam-1,TMA00315,False,False,False,none
annjdnie-1,TMA00315,False,False,False,none
annjnajd-1,TMA00315,False,False,False,none
annokibk-1,TMA00315,False,False,False,none
annolmba-1,TMA00315,False,False,False,none
annpdfkb-1,TMA00315,False,False,False,none
annpfhpj-1,TMA00315,False,False,False,none
anobimlc-1,TMA00315,False,False,False,none
anocbgif-1,TMA00315,False,False,False,none
anocmfco-1,TMA00315,False,False,False,none
anodjphi-1,TMA00315,False,False,False,none
anohddgk-1,TMA00315,False,False,False,none
anojhlej-1,TMA00315,False,False,False,none
anoneble-1,TMA00315,False,False,False,none
anonhkfo-1,TMA00315,False,False,False,none
anonkfgo-1,TMA00315,False,False,False,none
anpgnigo-1,TMA00315,False,False,False,none
anphknjh-1,TMA00315,False,False,False,none
anpiblol-1,TMA00315,False,False,False,none
anpiihlo-1,TMA00315,False,False,False,none
anpjdgmj-1,TMA00315,False,False,False,none
anpldpkd-1,TMA00315,False,False,False,none
anplmjlo-1,TMA00315,False,False,False,none
anpofmha-1,TMA00315,False,False,False,none
aoaabbcd-1,TMA00315,False,False,False,none
aoadbpcn-1,TMA00315,False,False,False,none
aoadiapc-1,TMA00315,True,False,False,EGFP_Seq1_hi
aoagncmm-1,TMA00315,False,False,False,none
aoahaghi-1,TMA00315,False,False,False,none
aoahjbmf-1,TMA00315,True,False,False,EGFP_Seq1_hi
aoaigmoo-1,TMA00315,False,False,False,none
aoakgjmo-1,TMA00315,False,False,False,none
aoanhngl-1,TMA00315,False,False,False,none
aoaoanjd-1,TMA00315,False,False,False,none
aobcpkgo-1,TMA00315,False,False,False,none
aobfmbob-1,TMA00315,False,False,False,none
aobgjhoh-1,TMA00315,False,False,False,none
aobgnjip-1,TMA00315,False,False,False,none
aobgpedd-1,TMA00315,False,False,False,none
aobnccdn-1,TMA00315,False,False,False,none
aobogfno-1,TMA00315,False,False,False,none
aocbhnia-1,TMA00315,False,False,False,none
aoccjnok-1,TMA00315,False,False,False,none
aocelfal-1,TMA00315,False,False,False,none
aocflmhc-1,TMA00315,False,False,False,none
aocgcjle-1,TMA00315,False,False,False,none
aocijbao-1,TMA00315,False,False,False,none
aockaioi-1,TMA00315,False,False,False,none
aockddbk-1,TMA00315,False,False,False,none
aocklmaa-1,TMA00315,False,False,False,none
aockneff-1,TMA00315,False,False,False,none
aocmakef-1,TMA00315,False,False,False,none
aocoaaif-1,TMA00315,False,False,False,none
aocohfhf-1,TMA00315,False,False,False,none
aocolpfp-1,TMA00315,False,False,False,none
aodaclpb-1,TMA00315,False,False,False,none
aoddkmig-1,TMA00315,False,False,False,none
aoddpdnd-1,TMA00315,False,False,False,none
aodendoi-1,TMA00315,False,False,False,none
aodganam-1,TMA00315,False,False,False,none
aodgbgdp-1,TMA00315,False,False,False,none
aodgcjan-1,TMA00315,False,False,False,none
aodjiioe-1,TMA00315,False,False,False,none
aodplnie-1,TMA00315,False,False,False,none
aoeaggfp-1,TMA00315,False,False,False,none
aoecdkcp-1,TMA00315,False,False,False,none
aoehnikh-1,TMA00315,False,False,False,none
aoejeebf-1,TMA00315,False,False,False,none
aoemgkmb-1,TMA00315,False,False,False,none
aoepafhh-1,TMA00315,False,False,False,none
aofcdlmo-1,TMA00315,False,False,False,none
aoffiahc-1,TMA00315,False,False,False,none
aofmoodf-1,TMA00315,False,False,False,none
aofokdgk-1,TMA00315,False,False,False,none
aoghgkfn-1,TMA00315,False,False,False,none
aogifobb-1,TMA00315,False,False,False,none
aogmddel-1,TMA00315,False,False,False,none
aohegnfm-1,TMA00315,False,False,False,none
aohhjpem-1,TMA00315,False,False,False,none
aohkgmjj-1,TMA00315,False,False,False,none
aohknfnb-1,TMA00315,False,False,False,none
aohlnodh-1,TMA00315,False,False,False,none
aoicllcd-1,TMA00315,False,False,False,none
aoidjgcj-1,TMA00315,False,False,False,none
aoildide-1,TMA00315,False,False,False,none
aoinacfc-1,TMA00315,False,False,False,none
aoiofean-1,TMA00315,False,False,False,none
aojaickn-1,TMA00315,False,False,False,none
aojbiekk-1,TMA00315,False,False,False,none
aojcdacl-1,TMA00315,False,False,False,none
aojjcfci-1,TMA00315,False,False,False,none
aojlafbn-1,TMA00315,False,False,False,none
aojocgcm-1,TMA00315,False,False,False,none
aojogdbc-1,TMA00315,False,False,False,none
aojohnfi-1,TMA00315,False,False,False,none
aojojndh-1,TMA00315,False,False,False,none
aokfknmo-1,TMA00315,False,False,False,none
aokiccmm-1,TMA00315,False,False,False,none
aoklmhop-1,TMA00315,False,False,False,none
aoknjnfd-1,TMA00315,False,False,False,none
aoljjdek-1,TMA00315,False,False,False,none
aollhlbn-1,TMA00315,False,False,False,none
aolmbdgo-1,TMA00315,False,False,False,none
aoloabmf-1,TMA00315,False,False,False,none
aolpmkmn-1,TMA00315,False,False,False,none
aomakgha-1,TMA00315,False,False,False,none
aomhabmc-1,TMA00315,False,False,False,none
aomiojhl-1,TMA00315,False,False,False,none
aompngpk-1,TMA00315,False,False,False,none
aonemcfh-1,TMA00315,False,False,False,none
aonhopbi-1,TMA00315,False,False,False,none
aonomami-1,TMA00315,False,False,False,none
aooagimf-1,TMA00315,False,False,False,none
aoobhohe-1,TMA00315,False,False,False,none
aoocffai-1,TMA00315,False,False,False,none
aoocmhbn-1,TMA00315,False,False,False,none
aoodfoon-1,TMA00315,False,False,False,none
aoogbklj-1,TMA00315,False,False,False,none
aoohooag-1,TMA00315,False,False,False,none
aooigccn-1,TMA00315,False,False,False,none
aopeoaef-1,TMA00315,False,False,False,none
aoplbdgc-1,TMA00315,False,False,False,none
aoppoahh-1,TMA00315,False,False,False,none
apaaeagc-1,TMA00315,False,False,False,none
apahlajl-1,TMA00315,False,False,False,none
apakadjl-1,TMA00315,False,False,False,none
apaknggi-1,TMA00315,False,False,False,none
apaooamd-1,TMA00315,False,False,False,none
apbabkbg-1,TMA00315,False,False,False,none
apbbihbh-1,TMA00315,False,False,False,none
apbccinb-1,TMA00315,False,False,False,none
apbfppoa-1,TMA00315,False,False,False,none
apbgmfjo-1,TMA00315,False,False,False,none
apbhmdan-1,TMA00315,False,False,False,none
apbibfhh-1,TMA00315,False,False,False,none
apbkdofk-1,TMA00315,False,False,False,none
apbkgbkc-1,TMA00315,False,False,False,none
apbkhpio-1,TMA00315,False,False,False,none
apbnodom-1,TMA00315,False,False,False,none
apcfobcl-1,TMA00315,False,False,False,none
apchgfap-1,TMA00315,False,False,False,none
apcilcmk-1,TMA00315,False,False,False,none
apcpjchd-1,TMA00315,False,False,False,none
apddlhab-1,TMA00315,False,False,False,none
apdkiddh-1,TMA00315,False,False,False,none
apekoohd-1,TMA00315,True,False,False,EGFP_Seq1_hi
apelppnh-1,TMA00315,False,False,False,none
apepdpee-1,TMA00315,False,False,False,none
apfahmco-1,TMA00315,False,False,False,none
apfbdaff-1,TMA00315,False,False,False,none
apfcfmma-1,TMA00315,False,False,False,none
apfgmdlo-1,TMA00315,False,False,False,none
apfgnoia-1,TMA00315,False,False,False,none
apfjffjk-1,TMA00315,False,False,False,none
apfmabce-1,TMA00315,False,False,False,none
apfpfoan-1,TMA00315,False,False,False,none
apgaogll-1,TMA00315,False,False,False,none
apgdeppm-1,TMA00315,False,False,False,none
apgeokag-1,TMA00315,False,False,False,none
apgfbogg-1,TMA00315,False,False,False,none
apggiodo-1,TMA00315,False,False,False,none
apgkgcdn-1,TMA00315,False,False,False,none
apgmjkan-1,TMA00315,False,False,False,none
apgnploi-1,TMA00315,False,False,False,none
aphgibil-1,TMA00315,False,False,False,none
aphhobpc-1,TMA00315,False,False,False,none
aphlakfn-1,TMA00315,False,False,False,none
aphojplp-1,TMA00315,False,False,False,none
apibadem-1,TMA00315,False,False,False,none
apidbbjl-1,TMA00315,False,False,False,none
apidmgkm-1,TMA00315,False,False,False,none
apigomia-1,TMA00315,False,False,False,none
apiheakd-1,TMA00315,False,False,False,none
apiinfob-1,TMA00315,False,False,False,none
apikkepo-1,TMA00315,False,False,False,none
apioldhh-1,TMA00315,False,False,False,none
apipdegd-1,TMA00315,False,False,False,none
apipnomg-1,TMA00315,False,False,False,none
apjbadlg-1,TMA00315,False,False,False,none
apjcfdic-1,TMA00315,False,False,False,none
apjkkpbl-1,TMA00315,False,False,False,none
apjpjnch-1,TMA00315,False,False,False,none
apkeepml-1,TMA00315,False,False,False,none
apkfdjmg-1,TMA00315,False,False,False,none
apkfndph-1,TMA00315,False,False,False,none
apkkcogi-1,TMA00315,False,False,False,none
apklkoaf-1,TMA00315,False,False,False,none
apkoblai-1,TMA00315,False,False,False,none
apkpifdc-1,TMA00315,False,False,False,none
aplchifl-1,TMA00315,False,False,False,none
aplghpfc-1,TMA00315,False,False,False,none
aplkohfh-1,TMA00315,False,False,False,none
aplphion-1,TMA00315,False,False,False,none
apmajigf-1,TMA00315,False,False,False,none
apmbanap-1,TMA00315,False,False,False,none
apmckepn-1,TMA00315,False,False,False,none
apmhoefd-1,TMA00315,False,False,False,none
apmkgkio-1,TMA00315,False,False,False,none
apmobglk-1,TMA00315,False,False,False,none
apmofgjc-1,TMA00315,False,False,False,none
apmphfag-1,TMA00315,False,False,False,none
apnbkfoc-1,TMA00315,False,False,False,none
apneibbe-1,TMA00315,False,False,False,none
apniiegh-1,TMA00315,False,False,False,none
apnlakgn-1,TMA00315,False,False,False,none
apobggkc-1,TMA00315,False,False,False,none
apofcgco-1,TMA00315,False,False,False,none
apofoejo-1,TMA00315,False,False,False,none
apoinbfc-1,TMA00315,False,False,False,none
apojdnim-1,TMA00315,False,False,False,none
apokffmi-1,TMA00315,False,False,False,none
apolkiih-1,TMA00315,False,False,False,none
apomoenj-1,TMA00315,False,False,False,none
appaedna-1,TMA00315,False,False,False,none
appbndda-1,TMA00315,False,False,False,none
appcdaef-1,TMA00315,False,False,False,none
appdkfnm-1,TMA00315,False,False,False,none
appjjnoe-1,TMA00315,False,False,False,none
appjkjmb-1,TMA00315,False,False,False,none
appkpefk-1,TMA00315,False,False,False,none
appleplm-1,TMA00315,False,False,False,none
appogpmd-1,TMA00315,False,False,False,none
apponkmb-1,TMA00315,False,False,False,none
baafdcfi-1,TMA00315,False,False,False,none
baagffmm-1,TMA00315,False,False,False,none
baahcgcb-1,TMA00315,False,False,False,none
baahjleb-1,TMA00315,False,False,False,none
baamhdmk-1,TMA00315,False,False,False,none
baaoiemj-1,TMA00315,False,False,False,none
baapomjg-1,TMA00315,False,False,False,none
babghnpl-1,TMA00315,False,False,False,none
babidaea-1,TMA00315,False,False,False,none
babijaig-1,TMA00315,False,False,False,none
babiocng-1,TMA00315,False,False,False,none
babmajek-1,TMA00315,False,False,False,none
bacdeefb-1,TMA00315,False,False,False,none
bacfkdgd-1,TMA00315,False,False,False,none
bacgaejg-1,TMA00315,False,False,False,none
bachnfaf-1,TMA00315,False,False,False,none
backhbnd-1,TMA00315,False,False,False,none
backnjge-1,TMA00315,False,False,False,none
bacneojb-1,TMA00315,False,False,False,none
badfagnb-1,TMA00315,False,False,False,none
badfbjio-1,TMA00315,False,False,False,none
badgndne-1,TMA00315,False,False,False,none
badjaipe-1,TMA00315,False,False,False,none
badjdjco-1,TMA00315,False,False,False,none
badoeckl-1,TMA00315,False,False,False,none
badogpgm-1,TMA00315,False,False,False,none
baeflinl-1,TMA00315,False,False,False,none
baehabcp-1,TMA00315,False,False,False,none
baejgioo-1,TMA00315,False,False,False,none
baelgbci-1,TMA00315,False,False,False,none
baemiebc-1,TMA00315,False,False,False,none
baemlcln-1,TMA00315,False,False,False,none
baemllac-1,TMA00315,False,False,False,none
baepbfbc-1,TMA00315,False,False,False,none
bafammbi-1,TMA00315,False,True,False,dTomato_Seq2_hi
bafegmmk-1,TMA00315,False,False,False,none
bafmafpp-1,TMA00315,False,False,False,none
bafmlokf-1,TMA00315,False,False,False,none
bafomjno-1,TMA00315,False,False,False,none
bafpafdo-1,TMA00315,False,False,False,none
bafpomlc-1,TMA00315,False,False,False,none
bagajakh-1,TMA00315,False,False,False,none
bagdbmhc-1,TMA00315,False,False,False,none
bagfdhne-1,TMA00315,False,False,False,none
bagfefjc-1,TMA00315,False,False,False,none
bagknmoe-1,TMA00315,False,False,False,none
bagmbiom-1,TMA00315,False,False,False,none
bagodadc-1,TMA00315,False,False,False,none
bahdlhlc-1,TMA00315,False,False,False,none
bahemibj-1,TMA00315,False,False,False,none
bahjmooj-1,TMA00315,False,False,False,none
bahljehf-1,TMA00315,False,False,False,none
bahoccnn-1,TMA00315,False,False,False,none
bahphlfe-1,TMA00315,False,False,False,none
baidokkb-1,TMA00315,False,False,False,none
baihifho-1,TMA00315,False,False,False,none
bajdppji-1,TMA00315,False,False,False,none
bajengnj-1,TMA00315,False,False,False,none
bajhmdfc-1,TMA00315,False,False,False,none
bajknhlm-1,TMA00315,False,False,False,none
bakgnemn-1,TMA00315,False,False,False,none
bakiifna-1,TMA00315,False,False,False,none
bakijchg-1,TMA00315,False,False,False,none
baknpdnf-1,TMA00315,False,False,False,none
bakpjijg-1,TMA00315,False,True,False,dTomato_Seq2_hi
balcdfof-1,TMA00315,False,False,False,none
balgjcfm-1,TMA00315,False,False,False,none
balhipng-1,TMA00315,False,False,False,none
balhkiji-1,TMA00315,False,False,False,none
balkfphc-1,TMA00315,False,False,False,none
balmchkb-1,TMA00315,False,False,False,none
balnfopk-1,TMA00315,False,False,False,none
bambahca-1,TMA00315,False,False,False,none
bambhcmi-1,TMA00315,False,False,False,none
bambljcd-1,TMA00315,False,False,False,none
bamcbehc-1,TMA00315,False,False,False,none
bamemlco-1,TMA00315,False,False,False,none
bamfmlof-1,TMA00315,False,False,False,none
bamkejlh-1,TMA00315,False,False,False,none
bammnadb-1,TMA00315,False,False,False,none
bamodkdm-1,TMA00315,False,False,False,none
bamoidll-1,TMA00315,False,False,False,none
bancbmdm-1,TMA00315,False,False,False,none
bancobna-1,TMA00315,False,False,False,none
banddhba-1,TMA00315,False,False,False,none
banjghpb-1,TMA00315,False,False,False,none
banpabai-1,TMA00315,False,False,False,none
baocjfcn-1,TMA00315,False,False,False,none
bapboege-1,TMA00315,False,False,False,none
bapfdell-1,TMA00315,False,False,False,none
bapganpb-1,TMA00315,False,False,False,none
baphakda-1,TMA00315,False,False,False,none
bappokdf-1,TMA00315,False,True,False,dTomato_Seq2_hi
bbafjcal-1,TMA00315,False,True,False,dTomato_Seq2_hi
bbaflodb-1,TMA00315,False,False,False,none
bbagikeb-1,TMA00315,False,False,False,none
bbagnjei-1,TMA00315,False,False,False,none
bbajdaid-1,TMA00315,False,False,False,none
bbalkmpg-1,TMA00315,False,False,False,none
bbaofhbg-1,TMA00315,False,False,False,none
bbaojkoc-1,TMA00315,False,False,False,none
bbapdmeo-1,TMA00315,False,False,False,none
bbbjgdpj-1,TMA00315,False,False,False,none
bbbmbdbh-1,TMA00315,False,False,False,none
bbbmhcdi-1,TMA00315,False,False,False,none
bbbmknfe-1,TMA00315,False,False,False,none
bbbodhmp-1,TMA00315,False,False,False,none
bbbohpcg-1,TMA00315,False,False,False,none
bbbomfic-1,TMA00315,False,False,False,none
bbcbneaj-1,TMA00315,False,False,False,none
bbcfbgef-1,TMA00315,False,False,False,none
bbckmjml-1,TMA00315,False,False,False,none
bbddlplh-1,TMA00315,False,False,False,none
bbdeclka-1,TMA00315,False,False,False,none
bbdjepnc-1,TMA00315,False,False,False,none
bbdlkhkc-1,TMA00315,False,False,False,none
bbebenco-1,TMA00315,False,False,False,none
bbebjhop-1,TMA00315,False,False,False,none
bbehgbdl-1,TMA00315,False,False,False,none
bbeoglea-1,TMA00315,False,False,False,none
bbfbicbm-1,TMA00315,False,False,False,none
bbfdagnj-1,TMA00315,False,False,False,none
bbfgeoak-1,TMA00315,False,False,False,none
bbfihhak-1,TMA00315,False,False,False,none
bbglagcf-1,TMA00315,False,False,False,none
bbglpnjo-1,TMA00315,False,False,False,none
bbgmhjho-1,TMA00315,False,False,False,none
bbgoflhk-1,TMA00315,False,False,False,none
bbhacmed-1,TMA00315,False,False,False,none
bbhblknl-1,TMA00315,False,False,False,none
bbhelkcg-1,TMA00315,False,False,False,none
bbhenogd-1,TMA00315,False,False,False,none
bbhepbok-1,TMA00315,False,False,False,none
bbhfhjob-1,TMA00315,False,False,False,none
bbhhcmae-1,TMA00315,False,False,False,none
bbhidlhm-1,TMA00315,False,False,False,none
bbhkmiad-1,TMA00315,False,False,False,none
bbhmgeel-1,TMA00315,False,False,False,none
bbieienc-1,TMA00315,True,False,False,EGFP_Seq1_hi
bbieilce-1,TMA00315,False,False,False,none
bbigbibo-1,TMA00315,False,False,False,none
bbiggbmh-1,TMA00315,False,False,False,none
bbijgegm-1,TMA00315,False,False,False,none
bbiohgof-1,TMA00315,False,False,False,none
bbipodjk-1,TMA00315,False,False,False,none
bbjdkabo-1,TMA00315,False,False,False,none
bbjhdmma-1,TMA00315,False,False,False,none
bbjifjnf-1,TMA00315,False,False,False,none
bbjkjjmj-1,TMA00315,False,False,False,none
bbjlmfgh-1,TMA00315,False,False,False,none
bbjmincd-1,TMA00315,False,False,False,none
bbjopcgg-1,TMA00315,False,False,False,none
bbkakffd-1,TMA00315,False,False,False,none
bbkgbpdn-1,TMA00315,False,False,False,none
bbkgnpfd-1,TMA00315,False,False,False,none
bbkhajap-1,TMA00315,False,False,False,none
bbkiemgk-1,TMA00315,False,False,False,none
bbkmkmac-1,TMA00315,False,False,False,none
bblcdlhk-1,TMA00315,False,False,False,none
bbldoffo-1,TMA00315,False,False,False,none
bblfjogi-1,TMA00315,False,False,False,none
bblioffo-1,TMA00315,False,False,False,none
bbljcajd-1,TMA00315,False,False,False,none
bblkaofl-1,TMA00315,False,False,False,none
bbloeofc-1,TMA00315,False,False,False,none
bbmaiahh-1,TMA00315,False,False,False,none
bbmlldee-1,TMA00315,False,False,False,none
bbncabce-1,TMA00315,False,False,False,none
bbnfennm-1,TMA00315,False,False,False,none
bbnghdan-1,TMA00315,False,False,False,none
bbnjhbeh-1,TMA00315,False,False,False,none
bbnlbfja-1,TMA00315,False,False,False,none
bbnmcabb-1,TMA00315,False,False,False,none
bbnoncjn-1,TMA00315,False,False,False,none
bbobephe-1,TMA00315,False,False,False,none
bbocijff-1,TMA00315,False,False,False,none
bbocjeag-1,TMA00315,False,False,False,none
bbodcjcb-1,TMA00315,False,False,False,none
bbofjfoj-1,TMA00315,False,False,False,none
bboflclb-1,TMA00315,False,False,False,none
bbogaebc-1,TMA00315,False,False,False,none
bboklmil-1,TMA00315,False,False,False,none
bbpadaho-1,TMA00315,False,False,False,none
bbpahpmh-1,TMA00315,False,False,False,none
bbpbkhpm-1,TMA00315,False,False,False,none
bbpcgpdn-1,TMA00315,False,False,False,none
bbpdcokc-1,TMA00315,False,False,False,none
bbpeajmc-1,TMA00315,False,False,False,none
bbpebdap-1,TMA00315,False,False,False,none
bbpfdbco-1,TMA00315,False,False,False,none
bbpijelj-1,TMA00315,False,False,False,none
bbpllmmb-1,TMA00315,False,False,False,none
bbpohddk-1,TMA00315,False,False,False,none
bbpoople-1,TMA00315,False,False,False,none
bcablaio-1,TMA00315,False,False,False,none
bcahhdhf-1,TMA00315,False,False,False,none
bcakaeib-1,TMA00315,False,False,False,none
bcananfe-1,TMA00315,False,False,False,none
bcapbfda-1,TMA00315,False,False,False,none
bcbbapom-1,TMA00315,False,False,False,none
bcbeioaj-1,TMA00315,False,False,False,none
bcbfcikg-1,TMA00315,False,False,False,none
bcbhajfb-1,TMA00315,False,False,False,none
bcbiajkp-1,TMA00315,False,False,False,none
bcbkoomn-1,TMA00315,False,False,False,none
bcbofbdo-1,TMA00315,False,False,False,none
bccamkfk-1,TMA00315,False,False,False,none
bcccpcac-1,TMA00315,False,False,False,none
bcchofka-1,TMA00315,False,False,False,none
bccifjip-1,TMA00315,False,False,False,none
bccihemg-1,TMA00315,False,False,False,none
bccjigeh-1,TMA00315,False,False,False,none
bccjmbmj-1,TMA00315,False,False,False,none
bccladfp-1,TMA00315,False,False,False,none
bccpmkal-1,TMA00315,False,False,False,none
bcdbfdce-1,TMA00315,False,False,False,none
bcddhiob-1,TMA00315,False,False,False,none
bcdflplj-1,TMA00315,False,False,False,none
bcdgepig-1,TMA00315,False,False,False,none
bcdieijp-1,TMA00315,False,False,False,none
bcdjkbfg-1,TMA00315,False,False,False,none
bcdkkgem-1,TMA00315,False,False,False,none
bcdnfagm-1,TMA00315,False,False,False,none
bcdoomgi-1,TMA00315,False,False,False,none
bceclfkp-1,TMA00315,False,False,False,none
bceegdfc-1,TMA00315,False,False,False,none
bceigabb-1,TMA00315,False,False,False,none
bcekppjb-1,TMA00315,False,False,False,none
bcenjogk-1,TMA00315,False,False,False,none
bcfcmdme-1,TMA00315,False,False,False,none
bcffdlge-1,TMA00315,False,False,False,none
bcfhbmaj-1,TMA00315,False,False,False,none
bcfhkpjo-1,TMA00315,False,False,False,none
bcfiapoi-1,TMA00315,False,False,False,none
bcflcojl-1,TMA00315,False,False,False,none
bcfloein-1,TMA00315,False,False,False,none
bcfmieoj-1,TMA00315,False,False,False,none
bcgaapmf-1,TMA00315,False,False,False,none
bcgcbigh-1,TMA00315,False,False,False,none
bcgdcfgh-1,TMA00315,False,False,False,none
bcgegdnc-1,TMA00315,False,False,False,none
bcggllle-1,TMA00315,False,False,False,none
bcghcoph-1,TMA00315,False,False,False,none
bcgidloc-1,TMA00315,False,False,False,none
bcgjbade-1,TMA00315,False,False,False,none
bcgliann-1,TMA00315,False,False,False,none
bcgnibgh-1,TMA00315,False,False,False,none
bchbdipj-1,TMA00315,False,False,False,none
bchbfbmi-1,TMA00315,False,False,False,none
bchdahin-1,TMA00315,False,False,False,none
bchhemoa-1,TMA00315,False,False,False,none
bchkkjdd-1,TMA00315,False,False,False,none
bchlhlhm-1,TMA00315,False,False,False,none
bchlikcd-1,TMA00315,False,False,False,none
bchmmfja-1,TMA00315,False,False,False,none
bchodabc-1,TMA00315,False,False,False,none
bciclpdh-1,TMA00315,False,False,False,none
bcidomab-1,TMA00315,False,False,False,none
bciecgcg-1,TMA00315,False,False,False,none
bcigfcal-1,TMA00315,False,False,False,none
bcihglfl-1,TMA00315,False,False,False,none
bcjdleaa-1,TMA00315,False,False,False,none
bcjimhee-1,TMA00315,False,False,False,none
bcjinced-1,TMA00315,False,False,False,none
bcjjfoob-1,TMA00315,False,False,False,none
bcjknnll-1,TMA00315,False,False,False,none
bcjnpabl-1,TMA00315,False,False,False,none
bckajpii-1,TMA00315,False,False,False,none
bckdglok-1,TMA00315,False,False,False,none
bckedcmd-1,TMA00315,False,False,False,none
bckicacm-1,TMA00315,False,False,False,none
bckkmapb-1,TMA00315,False,False,False,none
bcknjaeb-1,TMA00315,False,False,False,none
bckoddpm-1,TMA00315,False,False,False,none
bclacfph-1,TMA00315,False,False,False,none
bclahcaf-1,TMA00315,False,False,False,none
bclakpbb-1,TMA00315,False,False,False,none
bclfinkc-1,TMA00315,False,False,False,none
bclggopk-1,TMA00315,False,False,False,none
bclmpdki-1,TMA00315,False,False,False,none
bclnjlaa-1,TMA00315,False,False,False,none
bcmadpme-1,TMA00315,False,False,False,none
bcmahedg-1,TMA00315,False,False,False,none
bcmenode-1,TMA00315,False,False,False,none
bcmfdkfj-1,TMA00315,False,False,False,none
bcmgdmpn-1,TMA00315,False,False,False,none
bcmhpogm-1,TMA00315,False,False,False,none
bcmjfibh-1,TMA00315,False,False,False,none
bcmjfljk-1,TMA00315,False,False,False,none
bcnepoeo-1,TMA00315,False,False,False,none
bcnomamf-1,TMA00315,False,False,False,none
bcnpicig-1,TMA00315,False,False,False,none
bcoaebbb-1,TMA00315,False,False,False,none
bcoealfb-1,TMA00315,False,False,False,none
bcoeenbh-1,TMA00315,False,False,False,none
bcofchab-1,TMA00315,False,False,False,none
bcoggobh-1,TMA00315,False,False,False,none
bcogjeaa-1,TMA00315,False,False,False,none
bcohgcll-1,TMA00315,False,False,False,none
bcoijnen-1,TMA00315,False,False,False,none
bcojicio-1,TMA00315,False,False,False,none
bcpaoggj-1,TMA00315,False,False,False,none
bcpdbloh-1,TMA00315,False,False,False,none
bcpdhflb-1,TMA00315,False,False,False,none
bcpihpgn-1,TMA00315,False,False,False,none
bcpnkfff-1,TMA00315,False,False,False,none
bcpnpbbc-1,TMA00315,False,False,False,none
bdaakdkl-1,TMA00315,False,False,False,none
bdacpmhf-1,TMA00315,False,False,False,none
bdafblgb-1,TMA00315,False,False,False,none
bdakdbpj-1,TMA00315,False,False,False,none
bdalcaah-1,TMA00315,False,False,False,none
bdanogef-1,TMA00315,False,False,False,none
bdbfgfkf-1,TMA00315,False,False,False,none
bdbjigjj-1,TMA00315,False,False,False,none
bdbmbjcb-1,TMA00315,False,False,False,none
bdbmdbbi-1,TMA00315,False,False,False,none
bdboglgb-1,TMA00315,False,False,False,none
bdbpjhjk-1,TMA00315,False,False,False,none
bdcbjngm-1,TMA00315,False,False,False,none
bdccncjc-1,TMA00315,False,False,False,none
bdcfigci-1,TMA00315,False,False,False,none
bdchhpak-1,TMA00315,False,False,False,none
bdckgiek-1,TMA00315,False,False,False,none
bdcljccn-1,TMA00315,False,False,False,none
bdclkcfa-1,TMA00315,False,False,False,none
bdcplnbd-1,TMA00315,False,False,False,none
bddapodl-1,TMA00315,False,False,False,none
bddeofcn-1,TMA00315,False,False,False,none
bddfdkff-1,TMA00315,False,False,False,none
bddjehhj-1,TMA00315,False,False,False,none
bddnmhop-1,TMA00315,False,False,False,none
bddoebkm-1,TMA00315,False,False,False,none
bddomcbk-1,TMA00315,False,False,False,none
bddpeenb-1,TMA00315,False,False,False,none
bdeahmjp-1,TMA00315,False,False,False,none
bdegendj-1,TMA00315,False,False,False,none
bdeglopk-1,TMA00315,False,False,False,none
bdehmiba-1,TMA00315,False,False,False,none
bdenahee-1,TMA00315,False,False,False,none
bdeollhe-1,TMA00315,False,False,False,none
bdfalfkg-1,TMA00315,False,False,False,none
bdfenggp-1,TMA00315,False,False,False,none
bdfkofhf-1,TMA00315,False,False,False,none
bdfodnmo-1,TMA00315,False,False,False,none
bdgccaik-1,TMA00315,False,False,False,none
bdgckkge-1,TMA00315,False,False,False,none
bdgdjhae-1,TMA00315,False,False,False,none
bdgemepf-1,TMA00315,False,False,False,none
bdggbgdb-1,TMA00315,False,False,False,none
bdgogbfg-1,TMA00315,False,False,False,none
bdgogedb-1,TMA00315,False,False,False,none
bdhemjoi-1,TMA00315,False,False,False,none
bdhepapl-1,TMA00315,False,False,False,none
bdhhbmek-1,TMA00315,False,False,False,none
bdhlabne-1,TMA00315,False,False,False,none
bdhmbbje-1,TMA00315,False,False,False,none
bdhoebji-1,TMA00315,False,False,False,none
bdibjgod-1,TMA00315,False,False,False,none
bdieoile-1,TMA00315,False,False,False,none
bdiigalb-1,TMA00315,False,False,False,none
bdjhdgjm-1,TMA00315,False,False,False,none
bdjhgpid-1,TMA00315,False,False,False,none
bdjhlepp-1,TMA00315,False,False,False,none
bdjhmpnn-1,TMA00315,False,False,False,none
bdjmeabn-1,TMA00315,False,False,False,none
bdkbpama-1,TMA00315,False,False,False,none
bdkfaapc-1,TMA00315,False,False,False,none
bdkhhhgp-1,TMA00315,False,False,False,none
bdkkiboh-1,TMA00315,False,False,False,none
bdknffof-1,TMA00315,False,False,False,none
bdknppdg-1,TMA00315,False,False,False,none
bdkpmmfn-1,TMA00315,False,False,False,none
bdlednnh-1,TMA00315,False,False,False,none
bdliolfc-1,TMA00315,False,False,False,none
bdlpakan-1,TMA00315,False,False,False,none
bdmcmnki-1,TMA00315,False,False,False,none
bdmfeegm-1,TMA00315,False,False,False,none
bdmlkdfg-1,TMA00315,False,False,False,none
bdmmjfan-1,TMA00315,False,False,False,none
bdmpcmik-1,TMA00315,False,False,False,none
bdnbocld-1,TMA00315,False,False,False,none
bdnclopp-1,TMA00315,False,False,False,none
bdncpjal-1,TMA00315,False,False,False,none
bdndmcff-1,TMA00315,False,False,False,none
bdneifjn-1,TMA00315,False,False,False,none
bdnhohia-1,TMA00315,False,False,False,none
bdnijmpb-1,TMA00315,False,False,False,none
bdnjmbkp-1,TMA00315,False,False,False,none
bdnldljg-1,TMA00315,False,False,False,none
bdobdhkk-1,TMA00315,False,False,False,none
bdocdmmh-1,TMA00315,False,False,False,none
bdofagdn-1,TMA00315,False,False,False,none
bdojgjmb-1,TMA00315,False,False,False,none
bdomeaal-1,TMA00315,False,False,False,none
bdoppcbh-1,TMA00315,False,False,False,none
bdpeffeh-1,TMA00315,False,False,False,none
bdpfaghf-1,TMA00315,False,False,False,none
bdpgkdkj-1,TMA00315,False,False,False,none
bdpohfac-1,TMA00315,False,False,False,none
bdpppelg-1,TMA00315,False,False,False,none
beblhlnp-1,TMA00315,False,False,False,none
becepomh-1,TMA00315,False,False,False,none
bechbmbf-1,TMA00315,False,False,False,none
bechegpg-1,TMA00315,False,False,False,none
beckcbom-1,TMA00315,False,False,False,none
beclddaj-1,TMA00315,False,False,False,none
bedbbpmb-1,TMA00315,False,False,False,none
bedghkgk-1,TMA00315,False,False,False,none
beehhbha-1,TMA00315,False,False,False,none
beejgcpm-1,TMA00315,False,False,False,none
beekcnai-1,TMA00315,False,False,False,none
befbaeab-1,TMA00315,False,False,False,none
befclkkg-1,TMA00315,False,False,False,none
befdhjbi-1,TMA00315,False,False,False,none
beffbofl-1,TMA00315,False,False,False,none
befjpbik-1,TMA00315,False,False,False,none
befmagej-1,TMA00315,False,False,False,none
befmcggm-1,TMA00315,False,False,False,none
befpgkej-1,TMA00315,False,False,False,none
begapoba-1,TMA00315,False,False,False,none
begcbbob-1,TMA00315,False,False,False,none
begdeiki-1,TMA00315,False,False,False,none
begeadgh-1,TMA00315,False,False,False,none
begffgcd-1,TMA00315,False,False,False,none
begglgfi-1,TMA00315,False,False,False,none
begllcaf-1,TMA00315,False,False,False,none
begmeami-1,TMA00315,False,False,False,none
begmhdck-1,TMA00315,False,False,False,none
begpgbia-1,TMA00315,False,False,False,none
behaffcd-1,TMA00315,False,False,False,none
behailja-1,TMA00315,False,False,False,none
behgoepl-1,TMA00315,False,False,False,none
behhhele-1,TMA00315,False,False,False,none
behkjklb-1,TMA00315,False,False,False,none
behmeilb-1,TMA00315,False,False,False,none
behmpflg-1,TMA00315,False,False,False,none
behpdajk-1,TMA00315,False,False,False,none
beijphkb-1,TMA00315,False,False,False,none
beimedfm-1,TMA00315,False,False,False,none
beimmnpa-1,TMA00315,False,False,False,none
bejbebpc-1,TMA00315,False,False,False,none
bejblnpc-1,TMA00315,False,False,False,none
bejljlii-1,TMA00315,False,False,False,none
bejoflih-1,TMA00315,False,False,False,none
bekahccm-1,TMA00315,False,False,False,none
bekajgec-1,TMA00315,False,False,False,none
bekbfakf-1,TMA00315,False,False,False,none
bekcocbi-1,TMA00315,False,False,False,none
bekedhjj-1,TMA00315,False,False,False,none
bekejcmi-1,TMA00315,False,False,False,none
bekejpke-1,TMA00315,False,False,False,none
bekfmjgk-1,TMA00315,False,False,False,none
bekgbhhc-1,TMA00315,False,False,False,none
bekgpgal-1,TMA00315,False,False,False,none
bekpogoh-1,TMA00315,False,False,False,none
belafdnn-1,TMA00315,False,False,False,none
belahmek-1,TMA00315,False,False,False,none
belgaffo-1,TMA00315,False,False,False,none
belgmemo-1,TMA00315,False,False,False,none
belgmomh-1,TMA00315,False,False,False,none
belhjida-1,TMA00315,False,False,False,none
belldpak-1,TMA00315,False,False,False,none
bellhoob-1,TMA00315,False,False,False,none
belmkpbe-1,TMA00315,False,False,False,none
belohacj-1,TMA00315,False,False,False,none
belpcnmf-1,TMA00315,False,False,False,none
bemadmfj-1,TMA00315,False,False,False,none
bemalcag-1,TMA00315,False,False,False,none
bembdkma-1,TMA00315,False,False,False,none
bemklfbd-1,TMA00315,False,False,False,none
bencoeml-1,TMA00315,False,False,False,none
benglljh-1,TMA00315,False,False,False,none
benjaeea-1,TMA00315,False,False,False,none
benjmhho-1,TMA00315,False,False,False,none
benlmjlb-1,TMA00315,False,False,False,none
benobebf-1,TMA00315,False,False,False,none
benoemoj-1,TMA00315,False,False,False,none
beobhcdp-1,TMA00315,False,False,False,none
beodkceh-1,TMA00315,False,False,False,none
beodlnec-1,TMA00315,False,False,False,none
beodnhba-1,TMA00315,False,False,False,none
beoehnoc-1,TMA00315,False,False,False,none
beofncng-1,TMA00315,False,False,False,none
beoieimc-1,TMA00315,False,False,False,none
beoinome-1,TMA00315,False,False,False,none
beokclen-1,TMA00315,False,False,False,none
beoodibi-1,TMA00315,False,False,False,none
bepcnepj-1,TMA00315,False,False,False,none
bepdhofa-1,TMA00315,False,False,False,none
bephkgam-1,TMA00315,False,False,False,none
bepieiok-1,TMA00315,False,False,False,none
bepjmfmg-1,TMA00315,False,False,False,none
beplbcef-1,TMA00315,False,False,False,none
beplmnbj-1,TMA00315,False,False,False,none
beplnkbo-1,TMA00315,False,False,False,none
bepnjfhl-1,TMA00315,False,False,False,none
beppobpm-1,TMA00315,False,False,False,none
bfaefncc-1,TMA00315,False,False,False,none
bfaeigfi-1,TMA00315,False,False,False,none
bfafgkml-1,TMA00315,False,False,False,none
bfagpaam-1,TMA00315,False,False,False,none
bfajgmdi-1,TMA00315,False,False,False,none
bfakhcgp-1,TMA00315,False,False,False,none
bfalbnij-1,TMA00315,False,False,False,none
bfankacd-1,TMA00315,False,False,False,none
bfbagime-1,TMA00315,False,False,False,none
bfbdejbo-1,TMA00315,False,False,False,none
bfbgmfkg-1,TMA00315,False,False,False,none
bfbkahgn-1,TMA00315,False,False,False,none
bfbnmdog-1,TMA00315,False,False,False,none
bfbnpnde-1,TMA00315,False,False,False,none
bfbobnfd-1,TMA00315,False,False,False,none
bfcbfmck-1,TMA00315,False,False,False,none
bfcmamoi-1,TMA00315,False,False,False,none
bfcmfmgi-1,TMA00315,False,False,False,none
bfcnanoa-1,TMA00315,False,False,False,none
bfdaigcl-1,TMA00315,False,False,False,none
bfdaojcd-1,TMA00315,False,False,False,none
bfddpdbd-1,TMA00315,False,False,False,none
bfdepobb-1,TMA00315,False,False,False,none
bfdfcnjj-1,TMA00315,False,False,False,none
bfdhnhal-1,TMA00315,False,False,False,none
bfdmhbfk-1,TMA00315,False,False,False,none
bfedaoah-1,TMA00315,False,False,False,none
bfejagcj-1,TMA00315,False,False,False,none
bfejheeg-1,TMA00315,False,False,False,none
bfemolac-1,TMA00315,False,False,False,none
bfeofcbl-1,TMA00315,False,False,False,none
bfepiekb-1,TMA00315,False,False,False,none
bffalikh-1,TMA00315,False,False,False,none
bffbnehj-1,TMA00315,False,False,False,none
bffdfiak-1,TMA00315,False,False,False,none
bffdjdgg-1,TMA00315,True,False,False,EGFP_Seq1_hi
bfffedjf-1,TMA00315,False,False,False,none
bfffimeh-1,TMA00315,False,False,False,none
bffghilp-1,TMA00315,False,False,False,none
bffgpmli-1,TMA00315,False,False,False,none
bffjnlda-1,TMA00315,False,False,False,none
bffkhidk-1,TMA00315,False,False,False,none
bffkjakl-1,TMA00315,False,False,False,none
bffmkfog-1,TMA00315,False,False,False,none
bffnmhgd-1,TMA00315,False,False,False,none
bfgblode-1,TMA00315,False,False,False,none
bfgdbgan-1,TMA00315,False,False,False,none
bfghpehk-1,TMA00315,False,False,False,none
bfglakmm-1,TMA00315,False,False,False,none
bfhcbgpc-1,TMA00315,False,False,False,none
bfibnmcj-1,TMA00315,False,False,False,none
bficepci-1,TMA00315,False,False,False,none
bfidnnnk-1,TMA00315,False,False,False,none
bfikngbe-1,TMA00315,False,False,False,none
bfilhjec-1,TMA00315,False,False,False,none
bfkcjigd-1,TMA00315,False,False,False,none
bfkcnlbp-1,TMA00315,False,False,False,none
bfkejbke-1,TMA00315,False,False,False,none
bfkfckan-1,TMA00315,False,False,False,none
bfkhcind-1,TMA00315,False,False,False,none
bfklnpie-1,TMA00315,False,False,False,none
bfkmndac-1,TMA00315,False,False,False,none
bfknfcka-1,TMA00315,False,False,False,none
bfladpki-1,TMA00315,False,False,False,none
bflbobfp-1,TMA00315,False,False,False,none
bflegjma-1,TMA00315,False,False,False,none
bflfdkpc-1,TMA00315,False,False,False,none
bflgcnml-1,TMA00315,False,False,False,none
bflhmijm-1,TMA00315,False,False,False,none
bflihdla-1,TMA00315,False,False,False,none
bfljdagp-1,TMA00315,False,False,False,none
bflkkged-1,TMA00315,False,False,False,none
bfmgobbk-1,TMA00315,False,False,False,none
bfmiobgd-1,TMA00315,False,False,False,none
bfmjgdhe-1,TMA00315,False,False,False,none
bfmoonma-1,TMA00315,False,False,False,none
bfnclnjn-1,TMA00315,False,False,False,none
bfnddhlm-1,TMA00315,False,False,False,none
bfndmfmg-1,TMA00315,False,False,False,none
bfnfbcjd-1,TMA00315,False,False,False,none
bfnodcgk-1,TMA00315,False,False,False,none
bfoclcbj-1,TMA00315,False,False,False,none
bfogkpam-1,TMA00315,False,False,False,none
bfojoihe-1,TMA00315,False,False,False,none
bfoldelk-1,TMA00315,False,False,False,none
bfolelni-1,TMA00315,False,False,False,none
bfolilak-1,TMA00315,False,False,False,none
bfpdogki-1,TMA00315,False,False,False,none
bfpifmjo-1,TMA00315,False,False,False,none
bfpkkofi-1,TMA00315,False,False,False,none
bfplmbbl-1,TMA00315,False,False,False,none
bfpnminp-1,TMA00315,False,False,False,none
bfpomngj-1,TMA00315,False,False,False,none
bfppiodh-1,TMA00315,False,False,False,none
bgaackcc-1,TMA00315,False,False,False,none
bgabmlno-1,TMA00315,False,False,False,none
bgadbjbo-1,TMA00315,False,False,False,none
bgahigkc-1,TMA00315,False,False,False,none
bgandeef-1,TMA00315,False,False,False,none
bgbbodgk-1,TMA00315,False,False,False,none
bgbbohem-1,TMA00315,False,False,False,none
bgbdfipn-1,TMA00315,False,False,False,none
bgbenlae-1,TMA00315,False,False,False,none
bgbobnan-1,TMA00315,False,False,False,none
bgbodglp-1,TMA00315,False,False,False,none
bgbopknk-1,TMA00315,False,False,False,none
bgbpbnkh-1,TMA00315,False,False,False,none
bgbpfpkf-1,TMA00315,False,False,False,none
bgbpmigf-1,TMA00315,False,False,False,none
bgcchcob-1,TMA00315,False,False,False,none
bgcedphi-1,TMA00315,False,False,False,none
bgceeelh-1,TMA00315,False,False,False,none
bgcfkfmc-1,TMA00315,False,False,False,none
bgckmjcl-1,TMA00315,False,False,False,none
bgcniggc-1,TMA00315,False,False,False,none
bgcnmphd-1,TMA00315,False,False,False,none
bgconhdf-1,TMA00315,False,False,False,none
bgdbdllh-1,TMA00315,False,False,False,none
bgdbjgog-1,TMA00315,False,False,False,none
bgdhbgih-1,TMA00315,False,False,False,none
bgdigdig-1,TMA00315,False,False,False,none
bgdjoglc-1,TMA00315,False,False,False,none
bgeafipa-1,TMA00315,False,False,False,none
bgedoend-1,TMA00315,False,False,False,none
bgefijam-1,TMA00315,False,False,False,none
bgejaidm-1,TMA00315,False,False,False,none
bgejgmkd-1,TMA00315,False,False,False,none
bgekdlom-1,TMA00315,False,False,False,none
bgekepdd-1,TMA00315,False,False,False,none
bgellpbb-1,TMA00315,False,False,False,none
bgfijlol-1,TMA00315,False,False,False,none
bgfijnim-1,TMA00315,False,False,False,none
bgfomije-1,TMA00315,False,False,False,none
bggbeffa-1,TMA00315,False,False,False,none
bggbkpfa-1,TMA00315,False,False,False,none
bggdbcka-1,TMA00315,False,False,False,none
bggeamcj-1,TMA00315,False,False,False,none
bggejhlo-1,TMA00315,False,False,False,none
bggfnfdc-1,TMA00315,False,False,False,none
bgglobik-1,TMA00315,False,False,False,none
bggmehji-1,TMA00315,False,False,False,none
bggnfcoe-1,TMA00315,False,False,False,none
bghjgobm-1,TMA00315,False,False,False,none
bghlkjdb-1,TMA00315,False,False,False,none
bgiahgji-1,TMA00315,False,False,False,none
bgicpnfj-1,TMA00315,False,False,False,none
bgigplol-1,TMA00315,False,False,False,none
bgijihbk-1,TMA00315,False,False,False,none
bgikamnf-1,TMA00315,False,False,False,none
bgjcfgca-1,TMA00315,False,False,False,none
bgjclcmg-1,TMA00315,False,False,False,none
bgjeglmg-1,TMA00315,False,False,False,none
bgjibbjp-1,TMA00315,False,False,False,none
bgjibnaf-1,TMA00315,False,False,False,none
bgjmddoo-1,TMA00315,False,False,False,none
bgjokofm-1,TMA00315,False,False,False,none
bgjplddl-1,TMA00315,False,False,False,none
bgkcamoi-1,TMA00315,False,False,False,none
bgkdbeci-1,TMA00315,False,False,False,none
bgkemdoi-1,TMA00315,False,False,False,none
bgkglojg-1,TMA00315,False,False,False,none
bgkjcemh-1,TMA00315,False,False,False,none
bgkkdkom-1,TMA00315,False,False,False,none
bgkkpmok-1,TMA00315,False,False,False,none
bgkmhfco-1,TMA00315,False,False,False,none
bglbjpjo-1,TMA00315,False,False,False,none
bglbodjm-1,TMA00315,False,False,False,none
bgleaaef-1,TMA00315,False,False,False,none
bgleejho-1,TMA00315,False,False,False,none
bgljblke-1,TMA00315,False,False,False,none
bglnnenh-1,TMA00315,False,False,False,none
bgmbbdee-1,TMA00315,False,False,False,none
bgmblnki-1,TMA00315,False,False,False,none
bgmclbma-1,TMA00315,False,False,False,none
bgmedple-1,TMA00315,False,False,False,none
bgmhadaj-1,TMA00315,False,False,False,none
bgmhbpbk-1,TMA00315,False,False,False,none
bgmhdkhf-1,TMA00315,False,False,False,none
bgmjbcho-1,TMA00315,False,False,False,none
bgmjdjdk-1,TMA00315,False,False,False,none
bgmmfeaf-1,TMA00315,False,False,False,none
bgmolaan-1,TMA00315,False,False,False,none
bgndlleb-1,TMA00315,False,False,False,none
bgnfcnkk-1,TMA00315,False,False,False,none
bgnfjeaf-1,TMA00315,False,False,False,none
bgnicdkp-1,TMA00315,False,False,False,none
bgnmoojk-1,TMA00315,False,False,False,none
bgnomegn-1,TMA00315,False,False,False,none
bgoookim-1,TMA00315,False,False,False,none
bgpaepfd-1,TMA00315,False,False,False,none
bgpapllo-1,TMA00315,False,False,False,none
bgpchhli-1,TMA00315,False,False,False,none
bgpcpgoi-1,TMA00315,False,False,False,none
bgphknhi-1,TMA00315,False,False,False,none
bgpmaine-1,TMA00315,False,False,False,none
bgpmkcci-1,TMA00315,False,False,False,none
bgpndcik-1,TMA00315,False,False,False,none
bgppngmf-1,TMA00315,False,False,False,none
bhadaged-1,TMA00315,False,False,False,none
bhadiekd-1,TMA00315,False,False,False,none
bhaemdoi-1,TMA00315,False,False,False,none
bhafieio-1,TMA00315,False,False,False,none
bhahmobd-1,TMA00315,False,False,False,none
bhaikcoc-1,TMA00315,False,False,False,none
bhankpko-1,TMA00315,False,False,False,none
bhbagkgn-1,TMA00315,False,False,False,none
bhbbkeaj-1,TMA00315,False,False,False,none
bhbdnald-1,TMA00315,False,False,False,none
bhbedeje-1,TMA00315,False,False,False,none
bhbgbcea-1,TMA00315,False,False,False,none
bhbmdjon-1,TMA00315,False,False,False,none
bhboamaf-1,TMA00315,False,False,False,none
bhbpncen-1,TMA00315,False,False,False,none
bhcaaggn-1,TMA00315,False,False,False,none
bhcbmnjf-1,TMA00315,False,False,False,none
bhcddblb-1,TMA00315,False,False,False,none
bhcdnfmp-1,TMA00315,False,False,False,none
bhcfnfcb-1,TMA00315,False,False,False,none
bhchlpcn-1,TMA00315,False,False,False,none
bhcidcgg-1,TMA00315,False,False,False,none
bhcnncoo-1,TMA00315,False,False,False,none
bhdaeank-1,TMA00315,False,False,False,none
bhdafiei-1,TMA00315,False,False,False,none
bhdbcgak-1,TMA00315,False,False,False,none
bhdfllhh-1,TMA00315,False,False,False,none
bhdgjdda-1,TMA00315,False,False,False,none
bhdhdfcl-1,TMA00315,False,False,False,none
bhdjehkh-1,TMA00315,False,False,False,none
bhdkcjag-1,TMA00315,False,False,False,none
bhdkeopm-1,TMA00315,False,False,False,none
bhdklfgb-1,TMA00315,False,False,False,none
bhdmbjpd-1,TMA00315,False,False,False,none
bhdmgaij-1,TMA00315,False,False,False,none
bhdmnend-1,TMA00315,False,False,False,none
bhecdmha-1,TMA00315,False,False,False,none
bhedgoie-1,TMA00315,False,False,False,none
bheeglnk-1,TMA00315,False,False,False,none
bheglmoj-1,TMA00315,False,False,False,none
bhejiabj-1,TMA00315,False,False,False,none
bhekenff-1,TMA00315,False,False,False,none
bhekoppl-1,TMA00315,False,False,False,none
bheofboc-1,TMA00315,False,False,False,none
bheonenl-1,TMA00315,False,False,False,none
bhepgefh-1,TMA00315,False,False,False,none
bhepmido-1,TMA00315,False,False,False,none
bhfheifo-1,TMA00315,False,False,False,none
bhfibafa-1,TMA00315,False,False,False,none
bhfijiem-1,TMA00315,False,False,False,none
bhfjkofn-1,TMA00315,False,False,False,none
bhfkjhhh-1,TMA00315,False,False,False,none
bhfnjakg-1,TMA00315,False,False,False,none
bhgdalpe-1,TMA00315,False,False,False,none
bhgikkgg-1,TMA00315,False,False,False,none
bhgjgjak-1,TMA00315,False,False,False,none
bhgkolcm-1,TMA00315,False,False,False,none
bhgmngog-1,TMA00315,False,False,False,none
bhhckmkc-1,TMA00315,False,False,False,none
bhhekofp-1,TMA00315,False,False,False,none
bhhjpnij-1,TMA00315,False,False,False,none
bhhmcomj-1,TMA00315,False,False,False,none
bhhodncm-1,TMA00315,False,False,False,none
bhhpmbei-1,TMA00315,False,False,False,none
bhiciaag-1,TMA00315,False,False,False,none
bhieoiil-1,TMA00315,False,False,False,none
bhijlhlf-1,TMA00315,False,False,False,none
bhilfgic-1,TMA00315,False,False,False,none
bhilikdf-1,TMA00315,False,False,False,none
bhinkbjj-1,TMA00315,False,False,False,none
bhiodklb-1,TMA00315,False,False,False,none
bhjbldeh-1,TMA00315,False,False,False,none
bhjcfbeo-1,TMA00315,False,False,False,none
bhjhopch-1,TMA00315,False,False,False,none
bhkeinnc-1,TMA00315,False,False,False,none
bhkepjln-1,TMA00315,False,False,False,none
bhkimoag-1,TMA00315,False,False,False,none
bhkjkkid-1,TMA00315,False,False,False,none
bhkloadb-1,TMA00315,False,False,False,none
bhkmlmio-1,TMA00315,False,False,False,none
bhkofhea-1,TMA00315,False,False,False,none
bhlagjol-1,TMA00315,False,False,False,none
bhlgogeg-1,TMA00315,False,False,False,none
bhlkbomc-1,TMA00315,False,False,False,none
bhlmkgca-1,TMA00315,False,False,False,none
bhlneack-1,TMA00315,False,False,False,none
bhmgoaej-1,TMA00315,False,False,False,none
bhmjdnog-1,TMA00315,False,False,False,none
bhmknfaj-1,TMA00315,False,False,False,none
bhmledif-1,TMA00315,False,False,False,none
bhmndgjo-1,TMA00315,False,False,False,none
bhmohpnl-1,TMA00315,False,False,False,none
bhngcfmj-1,TMA00315,False,False,False,none
bhnikabe-1,TMA00315,False,False,False,none
bhnmnflb-1,TMA00315,False,False,False,none
bhnodcbj-1,TMA00315,False,False,False,none
bhoelolo-1,TMA00315,False,False,False,none
bhoghapc-1,TMA00315,False,False,False,none
bhokeikk-1,TMA00315,False,False,False,none
bhopgnha-1,TMA00315,False,False,False,none
bhpedbcj-1,TMA00315,False,False,False,none
bhpelele-1,TMA00315,False,False,False,none
bhpgdakb-1,TMA00315,False,False,False,none
bhpglhgo-1,TMA00315,False,False,False,none
bhpjlbhd-1,TMA00315,False,False,False,none
bhpkejon-1,TMA00315,False,False,False,none
bhplffek-1,TMA00315,False,False,False,none
bhplglnn-1,TMA00315,False,False,False,none
bhpmcfdo-1,TMA00315,False,False,False,none
bhpninfm-1,TMA00315,False,False,False,none
bhpodddp-1,TMA00315,False,False,False,none
bhppkbnn-1,TMA00315,False,False,False,none
biaapiih-1,TMA00315,False,False,False,none
biabeolf-1,TMA00315,False,False,False,none
biacefpm-1,TMA00315,False,False,False,none
biadipio-1,TMA00315,False,False,False,none
biadlhpo-1,TMA00315,False,False,False,none
biaeolfe-1,TMA00315,False,False,False,none
biafklke-1,TMA00315,False,False,False,none
biagciap-1,TMA00315,False,False,False,none
biaghpdf-1,TMA00315,False,False,False,none
biajalio-1,TMA00315,False,False,False,none
biajpnnc-1,TMA00315,False,False,False,none
bibedphi-1,TMA00315,False,False,False,none
bibimikb-1,TMA00315,False,False,False,none
biboebdd-1,TMA00315,False,False,False,none
bicahcdl-1,TMA00315,False,False,False,none
biccejhh-1,TMA00315,False,False,False,none
biccindh-1,TMA00315,False,False,False,none
bicjeneg-1,TMA00315,False,False,False,none
bicmcdlh-1,TMA00315,False,False,False,none
bicmkcmc-1,TMA00315,False,False,False,none
bicngbmb-1,TMA00315,False,False,False,none
bidbbpkj-1,TMA00315,False,False,False,none
bidcljjj-1,TMA00315,False,False,False,none
biebdmoi-1,TMA00315,False,False,False,none
biedmfej-1,TMA00315,False,False,False,none
bieelfga-1,TMA00315,False,False,False,none
biefccjf-1,TMA00315,False,False,False,none
bieljccl-1,TMA00315,False,False,False,none
bielnigm-1,TMA00315,False,False,False,none
biemmnhj-1,TMA00315,False,False,False,none
biemnibe-1,TMA00315,False,False,False,none
biemnnch-1,TMA00315,False,False,False,none
bieoboic-1,TMA00315,False,False,False,none
bieogcdo-1,TMA00315,False,False,False,none
biepicab-1,TMA00315,False,False,False,none
bifbhpga-1,TMA00315,False,False,False,none
bifbocbe-1,TMA00315,False,False,False,none
bifdobgf-1,TMA00315,False,False,False,none
bifeapkh-1,TMA00315,False,False,False,none
bifgopoh-1,TMA00315,False,False,False,none
bifgpocp-1,TMA00315,False,False,False,none
bifhbbhi-1,TMA00315,False,False,False,none
bifijeho-1,TMA00315,False,False,False,none
bifjplek-1,TMA00315,False,False,False,none
bifobbki-1,TMA00315,False,False,False,none
bigcehid-1,TMA00315,False,False,False,none
biglaldb-1,TMA00315,False,False,False,none
bigmkfdb-1,TMA00315,False,False,False,none
bigpfhfo-1,TMA00315,False,False,False,none
bihhcfdj-1,TMA00315,False,False,False,none
bihhfkhl-1,TMA00315,False,False,False,none
bihjdjnc-1,TMA00315,False,False,False,none
bihjemnn-1,TMA00315,False,False,False,none
bihkbnge-1,TMA00315,False,False,False,none
bihnnbfi-1,TMA00315,False,False,False,none
bikbjkej-1,TMA00315,False,False,False,none
bikgkemm-1,TMA00315,False,False,False,none
bikmeodl-1,TMA00315,False,False,False,none
bikmjoig-1,TMA00315,False,False,False,none
billlppd-1,TMA00315,False,False,False,none
bilpndhf-1,TMA00315,False,False,False,none
bimihenp-1,TMA00315,False,False,False,none
bimipogp-1,TMA00315,False,False,False,none
bimohllc-1,TMA00315,False,False,False,none
binbedkn-1,TMA00315,False,False,False,none
bincfiip-1,TMA00315,False,False,False,none
bindnfod-1,TMA00315,False,False,False,none
binjaglk-1,TMA00315,False,False,False,none
binnhbni-1,TMA00315,False,False,False,none
binphaeg-1,TMA00315,False,False,False,none
bioandah-1,TMA00315,False,False,False,none
biocggmb-1,TMA00315,False,False,False,none
biojdjog-1,TMA00315,False,False,False,none
biojhgij-1,TMA00315,False,False,False,none
biokglpn-1,TMA00315,False,False,False,none
biokkgao-1,TMA00315,False,False,False,none
biolaihm-1,TMA00315,False,False,False,none
biolohbb-1,TMA00315,False,False,False,none
bipdfdoc-1,TMA00315,False,False,False,none
bipkmpkf-1,TMA00315,False,False,False,none
bipofonb-1,TMA00315,False,False,False,none
bjalenic-1,TMA00315,False,False,False,none
bjalhhfp-1,TMA00315,False,False,False,none
bjaolnlf-1,TMA00315,False,False,False,none
bjbbjcmn-1,TMA00315,False,False,False,none
bjbcegeg-1,TMA00315,False,False,False,none
bjbdkoae-1,TMA00315,False,False,False,none
bjbglegi-1,TMA00315,False,False,False,none
bjbhicjc-1,TMA00315,False,False,False,none
bjbjicea-1,TMA00315,False,False,False,none
bjcfmbhf-1,TMA00315,False,False,False,none
bjdegofj-1,TMA00315,False,False,False,none
bjdelkdc-1,TMA00315,False,False,False,none
bjdelogb-1,TMA00315,False,False,False,none
bjdfabbi-1,TMA00315,False,False,False,none
bjdfinio-1,TMA00315,False,False,False,none
bjdjkjec-1,TMA00315,False,False,False,none
bjdljpek-1,TMA00315,False,False,False,none
bjdmakog-1,TMA00315,False,False,False,none
bjdokjld-1,TMA00315,False,False,False,none
bjeeofcl-1,TMA00315,False,False,False,none
bjefbnfk-1,TMA00315,False,False,False,none
bjegoeaf-1,TMA00315,False,False,False,none
bjekafej-1,TMA00315,False,False,False,none
bjemmdgn-1,TMA00315,False,False,False,none
bjffkijp-1,TMA00315,False,False,False,none
bjfgnpob-1,TMA00315,False,False,False,none
bjfifkgh-1,TMA00315,False,False,False,none
bjfiolei-1,TMA00315,False,False,False,none
bjfjgmlp-1,TMA00315,False,False,False,none
bjgahihj-1,TMA00315,False,False,False,none
bjgchpko-1,TMA00315,False,False,False,none
bjgfbcjo-1,TMA00315,False,False,False,none
bjgjhpen-1,TMA00315,False,False,False,none
bjgkhmke-1,TMA00315,False,False,False,none
bjhdndaf-1,TMA00315,False,False,False,none
bjhfcnif-1,TMA00315,False,False,False,none
bjhhdhln-1,TMA00315,False,False,False,none
bjhhmjcj-1,TMA00315,False,False,False,none
bjhiibmk-1,TMA00315,False,False,False,none
bjhimogc-1,TMA00315,False,False,False,none
bjhllijc-1,TMA00315,False,False,False,none
bjhnageh-1,TMA00315,False,False,False,none
bjhnheda-1,TMA00315,False,False,False,none
bjhnlcje-1,TMA00315,False,False,False,none
bjhnlcok-1,TMA00315,False,False,False,none
bjhochah-1,TMA00315,False,False,False,none
bjhodbma-1,TMA00315,False,False,False,none
bjiigahm-1,TMA00315,False,False,False,none
bjijkflp-1,TMA00315,False,False,False,none
bjilpabc-1,TMA00315,False,False,False,none
bjimkmac-1,TMA00315,False,False,False,none
bjiogokf-1,TMA00315,False,False,False,none
bjjcehnl-1,TMA00315,False,False,False,none
bjjjlhek-1,TMA00315,False,False,False,none
bjjmgfdk-1,TMA00315,False,False,False,none
bjjoebdj-1,TMA00315,False,False,False,none
bjkdgbim-1,TMA00315,False,False,False,none
bjkijeij-1,TMA00315,False,False,False,none
bjkkjagd-1,TMA00315,False,False,False,none
bjkljgim-1,TMA00315,False,False,False,none
bjkmladn-1,TMA00315,False,False,False,none
bjkmlffh-1,TMA00315,False,False,False,none
bjkmnpeb-1,TMA00315,False,False,False,none
bjlaajop-1,TMA00315,False,False,False,none
bjlocodg-1,TMA00315,False,False,False,none
bjlohcjf-1,TMA00315,False,False,False,none
bjlpdfep-1,TMA00315,False,False,False,none
bjmadkfn-1,TMA00315,False,False,False,none
bjmhhncg-1,TMA00315,False,False,False,none
bjmhpkcb-1,TMA00315,False,False,False,none
bjmkklhl-1,TMA00315,False,False,False,none
bjnanbcp-1,TMA00315,False,False,False,none
bjnbknco-1,TMA00315,False,False,False,none
bjnbogme-1,TMA00315,False,False,False,none
bjnciapd-1,TMA00315,False,False,False,none
bjneicak-1,TMA00315,False,False,False,none
bjnemlke-1,TMA00315,False,False,False,none
bjnjhmjl-1,TMA00315,False,False,False,none
bjnjidgn-1,TMA00315,False,False,False,none
bjnohnkj-1,TMA00315,False,False,False,none
bjnpklmi-1,TMA00315,False,False,False,none
bjoeiboj-1,TMA00315,False,False,False,none
bjofbgof-1,TMA00315,False,False,False,none
bjokcdjh-1,TMA00315,False,False,False,none
bjphpkdj-1,TMA00315,False,False,False,none
bjpikdcn-1,TMA00315,False,False,False,none
bjpmcfge-1,TMA00315,False,False,False,none
bjpmejga-1,TMA00315,False,False,False,none
bjpofgbl-1,TMA00315,False,False,False,none
bkagdelk-1,TMA00315,False,False,False,none
bkbgaadb-1,TMA00315,False,False,False,none
bkbhdooc-1,TMA00315,False,False,False,none
bkbjadaf-1,TMA00315,False,False,False,none
bkbpdemo-1,TMA00315,False,False,False,none
bkcbjhac-1,TMA00315,False,False,False,none
bkceabbk-1,TMA00315,False,False,False,none
bkcemadp-1,TMA00315,False,False,False,none
bkcigaoj-1,TMA00315,False,False,False,none
bkcilcmb-1,TMA00315,False,False,False,none
bkcimjke-1,TMA00315,False,False,False,none
bkcjnaab-1,TMA00315,False,False,False,none
bkcjpfbb-1,TMA00315,False,False,False,none
bkcnfjif-1,TMA00315,False,False,False,none
bkcniphi-1,TMA00315,False,False,False,none
bkcnnlgb-1,TMA00315,False,False,False,none
bkcnnmak-1,TMA00315,False,False,False,none
bkcokekg-1,TMA00315,False,False,False,none
bkddbckl-1,TMA00315,False,False,False,none
bkdhimpm-1,TMA00315,False,False,False,none
bkdmmhio-1,TMA00315,False,False,False,none
bkdoboli-1,TMA00315,False,False,False,none
bkefaino-1,TMA00315,False,False,False,none
bkefakdn-1,TMA00315,False,False,False,none
bkehmghk-1,TMA00315,False,False,False,none
bkejfgbl-1,TMA00315,False,False,False,none
bkenihif-1,TMA00315,False,False,False,none
bkeooaco-1,TMA00315,False,False,False,none
bkfcgjim-1,TMA00315,False,False,False,none
bkfddlah-1,TMA00315,False,False,False,none
bkgapkjl-1,TMA00315,False,False,False,none
bkgbnmnl-1,TMA00315,False,False,False,none
bkhkkigk-1,TMA00315,False,False,False,none
bkikkfng-1,TMA00315,False,False,False,none
bkiodkhl-1,TMA00315,False,False,False,none
bkjffpji-1,TMA00315,False,False,False,none
bkjfpdac-1,TMA00315,False,False,False,none
bkjghmoj-1,TMA00315,False,False,False,none
bkjhccaf-1,TMA00315,False,False,False,none
bkjidcoo-1,TMA00315,False,False,False,none
bkkcfaho-1,TMA00315,False,False,False,none
bkkdpmbh-1,TMA00315,False,False,False,none
bkkebbbf-1,TMA00315,False,False,False,none
bkkgofjj-1,TMA00315,False,False,False,none
bkkhkfbp-1,TMA00315,False,False,False,none
bkkkagja-1,TMA00315,False,False,False,none
bklablfi-1,TMA00315,False,False,False,none
bklafhan-1,TMA00315,False,False,False,none
bklcemfl-1,TMA00315,False,False,False,none
bkldlllc-1,TMA00315,False,False,False,none
bklooijc-1,TMA00315,False,False,False,none
bkmaabgg-1,TMA00315,False,False,False,none
bkmcjeac-1,TMA00315,False,False,False,none
bkmckghj-1,TMA00315,False,False,False,none
bknapbli-1,TMA00315,False,False,False,none
bkndnkhp-1,TMA00315,False,False,False,none
bknldoap-1,TMA00315,False,False,False,none
bknmbbef-1,TMA00315,False,False,False,none
bknmcofm-1,TMA00315,False,False,False,none
bkoepefg-1,TMA00315,False,False,False,none
bkophddn-1,TMA00315,False,False,False,none
bkpdcplp-1,TMA00315,False,False,False,none
bkpdjofp-1,TMA00315,False,False,False,none
bkpgdahi-1,TMA00315,False,False,False,none
bkplnkge-1,TMA00315,False,False,False,none
blaapbai-1,TMA00315,False,False,False,none
blabkgha-1,TMA00315,False,False,False,none
blebhdbj-1,TMA00315,False,False,False,none
blebnlaj-1,TMA00315,False,False,False,none
bleknpje-1,TMA00315,False,False,False,none
blfdlbcf-1,TMA00315,False,False,False,none
blfejkph-1,TMA00315,False,False,False,none
blgafpho-1,TMA00315,False,False,False,none
blgakcoj-1,TMA00315,False,False,False,none
blgmjpjh-1,TMA00315,False,False,False,none
blgpbmkk-1,TMA00315,False,False,False,none
blhbocbg-1,TMA00315,False,False,False,none
blhcpehj-1,TMA00315,False,False,False,none
blhfkalb-1,TMA00315,False,False,False,none
blhiofcg-1,TMA00315,False,False,False,none
blhlcihh-1,TMA00315,False,False,False,none
blhnkamh-1,TMA00315,False,False,False,none
blibgknl-1,TMA00315,False,False,False,none
blibhdll-1,TMA00315,False,False,False,none
bliblfkn-1,TMA00315,False,False,False,none
blibmagk-1,TMA00315,False,False,False,none
blicnklg-1,TMA00315,False,False,False,none
blifhhfc-1,TMA00315,False,False,False,none
bliglfng-1,TMA00315,False,False,False,none
blillhen-1,TMA00315,False,False,False,none
blilpknb-1,TMA00315,False,False,False,none
blimiepl-1,TMA00315,False,False,False,none
blincnce-1,TMA00315,False,False,False,none
blipapea-1,TMA00315,False,False,False,none
blipmfao-1,TMA00315,False,False,False,none
bljbncaa-1,TMA00315,False,False,False,none
bljeehmh-1,TMA00315,False,False,False,none
bljhhkii-1,TMA00315,False,False,False,none
bljlchjb-1,TMA00315,False,False,False,none
bljnjjnd-1,TMA00315,False,False,False,none
bljofnfm-1,TMA00315,False,False,False,none
blkbinfi-1,TMA00315,False,False,False,none
blkiffdl-1,TMA00315,False,False,False,none
blkigffp-1,TMA00315,False,False,False,none
blklbfmc-1,TMA00315,False,False,False,none
blkmflhd-1,TMA00315,False,False,False,none
blldbhma-1,TMA00315,False,False,False,none
blliichd-1,TMA00315,False,False,False,none
blmhmnab-1,TMA00315,False,False,False,none
blmioome-1,TMA00315,False,False,False,none
blmmmkhi-1,TMA00315,False,False,False,none
blmpfodp-1,TMA00315,False,False,False,none
blnheklj-1,TMA00315,False,False,False,none
blnmdagd-1,TMA00315,False,False,False,none
blnmobaf-1,TMA00315,False,False,False,none
blnninip-1,TMA00315,False,False,False,none
bloagcim-1,TMA00315,False,False,False,none
bloiajbi-1,TMA00315,False,False,False,none
blookghk-1,TMA00315,False,False,False,none
blpainoo-1,TMA00315,False,False,False,none
blpeabna-1,TMA00315,False,False,False,none
blpggppj-1,TMA00315,False,False,False,none
bmagdkgg-1,TMA00315,False,False,False,none
bmainipc-1,TMA00315,False,False,False,none
bmaljdff-1,TMA00315,False,False,False,none
bmallimo-1,TMA00315,False,False,False,none
bmbchlbb-1,TMA00315,False,False,False,none
bmbdgfgo-1,TMA00315,False,False,False,none
bmbdodjh-1,TMA00315,False,False,False,none
bmbefibm-1,TMA00315,False,False,False,none
bmbfipmh-1,TMA00315,False,False,False,none
bmblljil-1,TMA00315,False,False,False,none
bmbnjljb-1,TMA00315,False,False,False,none
bmbnmcig-1,TMA00315,False,False,False,none
bmcfalme-1,TMA00315,False,False,False,none
bmcgiiid-1,TMA00315,False,False,False,none
bmcjfgpf-1,TMA00315,False,False,False,none
bmcjjhke-1,TMA00315,False,False,False,none
bmckefhd-1,TMA00315,False,False,False,none
bmckfahe-1,TMA00315,False,False,False,none
bmdgjgdh-1,TMA00315,False,False,False,none
bmdhemkc-1,TMA00315,False,False,False,none
bmdjmnak-1,TMA00315,False,False,False,none
bmdkkkjb-1,TMA00315,False,False,False,none
bmdndlck-1,TMA00315,False,False,False,none
bmdpgfme-1,TMA00315,False,False,False,none
bmechnob-1,TMA00315,False,False,False,none
bmedghgg-1,TMA00315,False,False,False,none
bmeehnnc-1,TMA00315,False,False,False,none
bmejbobd-1,TMA00315,False,False,False,none
bmemjgfk-1,TMA00315,False,False,False,none
bmgjllpf-1,TMA00315,False,False,False,none
bmhadjba-1,TMA00315,False,False,False,none
bmimfold-1,TMA00315,False,False,False,none
bmjcnkfp-1,TMA00315,False,False,False,none
bmjednbb-1,TMA00315,False,False,False,none
bmjefhbc-1,TMA00315,False,False,False,none
bmjgmlie-1,TMA00315,False,False,False,none
bmkbfaii-1,TMA00315,False,False,False,none
bmkfofei-1,TMA00315,False,False,False,none
bmkieibg-1,TMA00315,False,False,False,none
bmlfafhd-1,TMA00315,False,False,False,none
bmljhdfp-1,TMA00315,False,False,False,none
bmlnippm-1,TMA00315,False,False,False,none
bmmhlmcc-1,TMA00315,False,False,False,none
bmmljifm-1,TMA00315,False,False,False,none
bmmomeig-1,TMA00315,False,False,False,none
bmnbhmgc-1,TMA00315,False,False,False,none
bmnfhgpk-1,TMA00315,False,False,False,none
bmnjppjn-1,TMA00315,False,False,False,none
bmnopnae-1,TMA00315,False,False,False,none
bmoakekp-1,TMA00315,False,False,False,none
bmobndnn-1,TMA00315,False,False,False,none
bmoehang-1,TMA00315,False,False,False,none
bmoenkcm-1,TMA00315,False,False,False,none
bmojpomo-1,TMA00315,False,False,False,none
bmokacih-1,TMA00315,False,False,False,none
bmolhgfp-1,TMA00315,False,False,False,none
bmolpcki-1,TMA00315,False,False,False,none
bmopnfdk-1,TMA00315,False,False,False,none
bmopofbm-1,TMA00315,False,False,False,none
bmpgdkkm-1,TMA00315,False,False,False,none
bmpgoibf-1,TMA00315,False,False,False,none
bmphgank-1,TMA00315,False,False,False,none
bmpmdgag-1,TMA00315,False,False,False,none
bmpoebmp-1,TMA00315,False,False,False,none
bnacgcpc-1,TMA00315,False,False,False,none
bnadnjej-1,TMA00315,False,False,False,none
bnafckkn-1,TMA00315,False,False,False,none
bnafopbe-1,TMA00315,False,False,False,none
bnajgamd-1,TMA00315,False,False,False,none
bnandmbf-1,TMA00315,False,False,False,none
bnanlknn-1,TMA00315,False,False,False,none
bnapeidp-1,TMA00315,False,False,False,none
bnapknkn-1,TMA00315,False,False,False,none
bnbcfiia-1,TMA00315,False,False,False,none
bnbedbac-1,TMA00315,False,False,False,none
bnbefaao-1,TMA00315,False,False,False,none
bnbhkolg-1,TMA00315,False,False,False,none
bnbkghlc-1,TMA00315,False,False,False,none
bnbncjga-1,TMA00315,False,False,False,none
bnbnifbd-1,TMA00315,False,False,False,none
bnbpilpk-1,TMA00315,False,False,False,none
bnbpknjp-1,TMA00315,False,False,False,none
bncbbofg-1,TMA00315,False,False,False,none
bncfbabh-1,TMA00315,False,False,False,none
bnchflbf-1,TMA00315,False,False,False,none
bnchhcce-1,TMA00315,False,False,False,none
bnckiojk-1,TMA00315,False,False,False,none
bncocdfj-1,TMA00315,False,False,False,none
bncolgfl-1,TMA00315,False,False,False,none
bndeeopg-1,TMA00315,False,False,False,none
bndekioa-1,TMA00315,False,False,False,none
bndffich-1,TMA00315,False,False,False,none
bndkoeed-1,TMA00315,False,False,False,none
bndmdbne-1,TMA00315,False,False,False,none
bnelanfl-1,TMA00315,False,False,False,none
bneneeai-1,TMA00315,False,False,False,none
bnepaoog-1,TMA00315,False,False,False,none
bnfbpbkb-1,TMA00315,False,False,False,none
bnfbpmcl-1,TMA00315,False,False,False,none
bnfgpknh-1,TMA00315,False,False,False,none
bngdkpke-1,TMA00315,False,False,False,none
bnggddhm-1,TMA00315,False,False,False,none
bngichhl-1,TMA00315,False,False,False,none
bngncjod-1,TMA00315,False,False,False,none
bngpfgog-1,TMA00315,False,False,False,none
bnhchgdf-1,TMA00315,False,False,False,none
bnhijbdl-1,TMA00315,False,False,False,none
bnhjcnia-1,TMA00315,False,False,False,none
bnhobafo-1,TMA00315,False,False,False,none
bniaepkp-1,TMA00315,False,False,False,none
bnigobha-1,TMA00315,False,False,False,none
bnikcgke-1,TMA00315,False,False,False,none
bnjdhchb-1,TMA00315,False,False,False,none
bnjlkelk-1,TMA00315,False,False,False,none
bnjmfjfi-1,TMA00315,False,False,False,none
bnjnepia-1,TMA00315,False,False,False,none
bnjnfklg-1,TMA00315,False,False,False,none
bnkaegcn-1,TMA00315,False,False,False,none
bnkhhpjl-1,TMA00315,False,False,False,none
bnlhbkdc-1,TMA00315,False,False,False,none
bnliglhd-1,TMA00315,False,False,False,none
bnllpmjj-1,TMA00315,False,False,False,none
bnmoeipg-1,TMA00315,False,False,False,none
bnnemkic-1,TMA00315,False,False,False,none
bnngadlj-1,TMA00315,False,False,False,none
bnnhfhbm-1,TMA00315,False,False,False,none
bnnipjcf-1,TMA00315,False,False,False,none
bnnkanpk-1,TMA00315,False,False,False,none
bnnkijdc-1,TMA00315,False,False,False,none
bnnlphbn-1,TMA00315,False,False,False,none
bnnmobip-1,TMA00315,False,False,False,none
bnnnkobh-1,TMA00315,False,False,False,none
bnoaeggn-1,TMA00315,False,False,False,none
bnoahidl-1,TMA00315,False,False,False,none
bnoamilg-1,TMA00315,False,False,False,none
bnobldfe-1,TMA00315,False,False,False,none
bnoffkla-1,TMA00315,False,False,False,none
bnoiihoe-1,TMA00315,False,False,False,none
bnoiinbi-1,TMA00315,False,False,False,none
bnoloogd-1,TMA00315,False,False,False,none
bnonocdg-1,TMA00315,False,False,False,none
bnpfdona-1,TMA00315,False,False,False,none
bnpimmge-1,TMA00315,False,False,False,none
bnpjlibg-1,TMA00315,False,False,False,none
bnpjppgo-1,TMA00315,False,False,False,none
bnpkmill-1,TMA00315,False,False,False,none
bnpohelb-1,TMA00315,False,False,False,none
bnppfcdf-1,TMA00315,False,False,False,none
boabdlfg-1,TMA00315,False,False,False,none
boabicbn-1,TMA00315,False,False,False,none
boalonba-1,TMA00315,False,False,False,none
boaofgee-1,TMA00315,False,False,False,none
boaokcfe-1,TMA00315,False,False,False,none
bobbpaad-1,TMA00315,False,False,False,none
bobdcded-1,TMA00315,False,False,False,none
bobdmmkh-1,TMA00315,False,False,False,none
bobeljif-1,TMA00315,False,False,False,none
bobjlldb-1,TMA00315,False,False,False,none
bobkbcnm-1,TMA00315,False,False,False,none
bocfhomp-1,TMA00315,False,False,False,none
bocgjelj-1,TMA00315,False,False,False,none
bochfblj-1,TMA00315,False,False,False,none
bocidpdj-1,TMA00315,False,False,False,none
bocpmlnb-1,TMA00315,False,False,False,none
bodfkkdl-1,TMA00315,False,False,False,none
bodhbkja-1,TMA00315,False,False,False,none
bodkfgkd-1,TMA00315,False,False,False,none
bodmapbm-1,TMA00315,False,False,False,none
bodmnibp-1,TMA00315,False,False,False,none
bodnbdbk-1,TMA00315,False,False,False,none
bodopimg-1,TMA00315,False,False,False,none
bodpancb-1,TMA00315,False,False,False,none
boealoaj-1,TMA00315,False,False,False,none
boeboiik-1,TMA00315,False,False,False,none
boedgfja-1,TMA00315,False,False,False,none
boefaeni-1,TMA00315,False,False,False,none
boefapje-1,TMA00315,False,False,False,none
boejkici-1,TMA00315,False,False,False,none
boekmjpb-1,TMA00315,False,False,False,none
boemlcha-1,TMA00315,False,False,False,none
boenbfep-1,TMA00315,False,False,False,none
bofcmmik-1,TMA00315,False,False,False,none
bofdkhda-1,TMA00315,False,False,False,none
bofhbolm-1,TMA00315,False,False,False,none
bofhjgmi-1,TMA00315,False,False,False,none
bofhnmdd-1,TMA00315,False,False,False,none
bofjoick-1,TMA00315,False,False,False,none
bofnchld-1,TMA00315,False,False,False,none
bofpmkgi-1,TMA00315,False,False,False,none
bogabfpd-1,TMA00315,False,False,False,none
boggkedb-1,TMA00315,False,False,False,none
bogkogck-1,TMA00315,False,False,False,none
bohglgpj-1,TMA00315,False,False,False,none
bohhilap-1,TMA00315,False,False,False,none
bohhnlfg-1,TMA00315,False,False,False,none
boicpnmb-1,TMA00315,False,False,False,none
boihcnme-1,TMA00315,False,False,False,none
boiifcac-1,TMA00315,False,False,False,none
boimgaoj-1,TMA00315,False,False,False,none
boimmfbf-1,TMA00315,False,False,False,none
boinlchb-1,TMA00315,False,False,False,none
boinpkio-1,TMA00315,False,False,False,none
boinplnk-1,TMA00315,False,False,False,none
boioaocd-1,TMA00315,False,False,False,none
bojacdae-1,TMA00315,False,False,False,none
bojclakp-1,TMA00315,False,False,False,none
bojdgcmo-1,TMA00315,False,False,False,none
bojdjped-1,TMA00315,False,False,False,none
bojfjnab-1,TMA00315,False,False,False,none
bojidadd-1,TMA00315,False,False,False,none
bojignnd-1,TMA00315,False,False,False,none
bojjphnh-1,TMA00315,False,False,False,none
bojkepjg-1,TMA00315,False,False,False,none
bojmfmkg-1,TMA00315,False,False,False,none
bojnbchp-1,TMA00315,False,False,False,none
bojofehb-1,TMA00315,False,False,False,none
bokfcoma-1,TMA00315,False,False,False,none
bokhcklg-1,TMA00315,False,False,False,none
bokhnihp-1,TMA00315,False,False,False,none
bokkpmhd-1,TMA00315,False,False,False,none
boklpgam-1,TMA00315,False,False,False,none
bokpgbhn-1,TMA00315,False,False,False,none
bokpobjc-1,TMA00315,False,False,False,none
bolhbfam-1,TMA00315,False,False,False,none
bolhmkap-1,TMA00315,False,False,False,none
bolkaeel-1,TMA00315,False,False,False,none
bomeojmo-1,TMA00315,False,False,False,none
bomffpfl-1,TMA00315,False,False,False,none
bomggmbn-1,TMA00315,False,False,False,none
bomiillp-1,TMA00315,False,False,False,none
bomlpocc-1,TMA00315,False,False,False,none
bommflda-1,TMA00315,False,False,False,none
bonopmmm-1,TMA00315,False,False,False,none
boolmlkn-1,TMA00315,False,False,False,none
boopdhlb-1,TMA00315,False,False,False,none
bopaefgd-1,TMA00315,False,False,False,none
bopbpana-1,TMA00315,False,False,False,none
bopcamhl-1,TMA00315,False,False,False,none
bopelpkj-1,TMA00315,False,False,False,none
boppabak-1,TMA00315,False,False,False,none
bpbbbopl-1,TMA00315,False,False,False,none
bpbfohlo-1,TMA00315,False,False,False,none
bpccpfec-1,TMA00315,False,False,False,none
bpcinamk-1,TMA00315,False,False,False,none
bpdphdef-1,TMA00315,False,False,False,none
bphogemb-1,TMA00315,False,False,False,none
bphpbgob-1,TMA00315,False,False,False,none
bpidlgdo-1,TMA00315,False,False,False,none
bpiflffm-1,TMA00315,False,False,False,none
bpigpchl-1,TMA00315,False,False,False,none
bpiogcci-1,TMA00315,False,False,False,none
bpjbgacp-1,TMA00315,False,False,False,none
bpjflogm-1,TMA00315,False,False,False,none
bpkiikop-1,TMA00315,False,False,False,none
bpkjaejj-1,TMA00315,False,False,False,none
bplbejpn-1,TMA00315,False,False,False,none
bpnblmfk-1,TMA00315,False,False,False,none
bpncanha-1,TMA00315,False,False,False,none
bpncceag-1,TMA00315,False,False,False,none
bpncladd-1,TMA00315,False,False,False,none
bpndnano-1,TMA00315,False,False,False,none
bpneafia-1,TMA00315,False,False,False,none
bpnfgfha-1,TMA00315,False,False,False,none
bpnhaake-1,TMA00315,False,False,False,none
bpnlalbj-1,TMA00315,False,False,False,none
bpnldcec-1,TMA00315,False,False,False,none
bpnngbko-1,TMA00315,False,False,False,none
bpobhcmk-1,TMA00315,False,False,False,none
bpoemjpn-1,TMA00315,False,False,False,none
bpofmlmn-1,TMA00315,False,False,False,none
bpohjadj-1,TMA00315,False,False,False,none
bpoiajpg-1,TMA00315,False,False,False,none
bpojfdof-1,TMA00315,False,False,False,none
bpolefjp-1,TMA00315,False,False,False,none
bponkahc-1,TMA00315,False,False,False,none
bpophmoc-1,TMA00315,False,False,False,none
bppbinej-1,TMA00315,False,False,False,none
bppknchf-1,TMA00315,False,False,False,none
bppnipon-1,TMA00315,False,False,False,none
bppnocfl-1,TMA00315,False,False,False,none
bppnppmp-1,TMA00315,False,False,False,none
bppohond-1,TMA00315,False,False,False,none
caaamcka-1,TMA00315,False,False,False,none
caacdigh-1,TMA00315,False,False,False,none
caaemjon-1,TMA00315,False,False,False,none
caaklkdm-1,TMA00315,False,False,False,none
caalkdei-1,TMA00315,False,False,False,none
caaphohn-1,TMA00315,False,False,False,none
cabelnbf-1,TMA00315,False,False,False,none
cabgbjnn-1,TMA00315,False,False,False,none
cabjoofg-1,TMA00315,False,False,False,none
cabogmdn-1,TMA00315,False,False,False,none
cacaeacm-1,TMA00315,False,False,False,none
cacapjhg-1,TMA00315,False,False,False,none
cacjkngl-1,TMA00315,False,False,False,none
cacljgjg-1,TMA00315,False,False,False,none
cacnijbk-1,TMA00315,False,False,False,none
cacohlpi-1,TMA00315,False,False,False,none
cacpkdhm-1,TMA00315,False,False,False,none
cadameaa-1,TMA00315,False,False,False,none
cadeghdl-1,TMA00315,False,False,False,none
cadfdknb-1,TMA00315,False,False,False,none
cadgabhm-1,TMA00315,False,False,False,none
cadgdkgc-1,TMA00315,False,False,False,none
cadgoclc-1,TMA00315,False,False,False,none
cadmlcla-1,TMA00315,False,False,False,none
cadmofme-1,TMA00315,False,False,False,none
cadndjoj-1,TMA00315,False,False,False,none
caeenpmb-1,TMA00315,False,False,False,none
caeiedpn-1,TMA00315,False,False,False,none
caejdkfj-1,TMA00315,False,False,False,none
caejkogo-1,TMA00315,False,False,False,none
caekipog-1,TMA00315,False,False,False,none
caelofpd-1,TMA00315,False,False,False,none
caendjla-1,TMA00315,False,False,False,none
caepgjmf-1,TMA00315,False,False,False,none
cafagimc-1,TMA00315,False,False,False,none
cafapoob-1,TMA00315,False,False,False,none
caffeaee-1,TMA00315,False,False,False,none
cafgmcjj-1,TMA00315,False,False,False,none
cafmljgn-1,TMA00315,False,False,False,none
cafnicdg-1,TMA00315,False,False,False,none
cafofpmo-1,TMA00315,False,False,False,none
cagcofjj-1,TMA00315,False,False,False,none
cagdkdba-1,TMA00315,False,False,False,none
cagkfjeh-1,TMA00315,False,False,False,none
cagmnpmp-1,TMA00315,False,False,False,none
cahdfgpe-1,TMA00315,False,False,False,none
cahdgalg-1,TMA00315,False,False,False,none
cahhjfha-1,TMA00315,False,False,False,none
cahjbjdh-1,TMA00315,False,False,False,none
cahjlopf-1,TMA00315,False,False,False,none
caiackag-1,TMA00315,False,False,False,none
caibfnhe-1,TMA00315,False,False,False,none
caiblgcp-1,TMA00315,False,False,False,none
caioogcd-1,TMA00315,False,False,False,none
caipicnf-1,TMA00315,False,False,False,none
cajdpcga-1,TMA00315,False,False,False,none
cajekbbn-1,TMA00315,False,False,False,none
cajhbhbc-1,TMA00315,False,False,False,none
cajhjjnf-1,TMA00315,False,False,False,none
cajhpmph-1,TMA00315,False,False,False,none
cajjajhf-1,TMA00315,False,False,False,none
cajjdaij-1,TMA00315,False,False,False,none
cajljcao-1,TMA00315,False,False,False,none
cajlkgbj-1,TMA00315,False,False,False,none
cajllhbc-1,TMA00315,False,False,False,none
cajppmbg-1,TMA00315,False,False,False,none
cakaolio-1,TMA00315,False,False,False,none
cakbedop-1,TMA00315,False,False,False,none
cakdjooj-1,TMA00315,False,False,False,none
cakhklnj-1,TMA00315,False,False,False,none
cakicdno-1,TMA00315,False,False,False,none
cakohkbf-1,TMA00315,False,False,False,none
calaehif-1,TMA00315,False,False,False,none
calaodok-1,TMA00315,False,False,False,none
calcpaib-1,TMA00315,False,False,False,none
calegodg-1,TMA00315,False,False,False,none
calipfke-1,TMA00315,False,False,False,none
calnhijj-1,TMA00315,False,False,False,none
camaifmo-1,TMA00315,False,False,False,none
camchibb-1,TMA00315,False,False,False,none
camfolje-1,TMA00315,False,False,False,none
camhefkl-1,TMA00315,False,False,False,none
camhnmdi-1,TMA00315,False,False,False,none
camjbcfk-1,TMA00315,False,False,False,none
camljhne-1,TMA00315,False,False,False,none
cammckgi-1,TMA00315,False,False,False,none
campbnhp-1,TMA00315,False,False,False,none
canaflag-1,TMA00315,False,False,False,none
candgnmm-1,TMA00315,False,False,False,none
cangbhof-1,TMA00315,False,False,False,none
cangfgcc-1,TMA00315,False,False,False,none
canioicp-1,TMA00315,False,False,False,none
canjcncb-1,TMA00315,False,False,False,none
cankgogb-1,TMA00315,False,False,False,none
canllapa-1,TMA00315,False,False,False,none
cannjhfd-1,TMA00315,False,False,False,none
caobldeo-1,TMA00315,False,False,False,none
caodenkm-1,TMA00315,False,False,False,none
caoflbih-1,TMA00315,False,False,False,none
caojpmpp-1,TMA00315,False,False,False,none
capcbbcc-1,TMA00315,False,False,False,none
capmkakn-1,TMA00315,False,False,False,none
cbagmkco-1,TMA00315,False,False,False,none
cbamdoeo-1,TMA00315,False,False,False,none
cbapfpgb-1,TMA00315,False,False,False,none
cbbebghn-1,TMA00315,False,False,False,none
cbbhklba-1,TMA00315,False,False,False,none
cbbionfl-1,TMA00315,False,False,False,none
cbbipege-1,TMA00315,False,False,False,none
cbbkcehe-1,TMA00315,False,False,False,none
cbblcdaj-1,TMA00315,False,False,False,none
cbbmefoo-1,TMA00315,False,False,False,none
cbbmlbhc-1,TMA00315,False,False,False,none
cbbmpndl-1,TMA00315,False,False,False,none
cbbpmjpf-1,TMA00315,False,False,False,none
cbcahpml-1,TMA00315,False,False,False,none
cbcdmgdc-1,TMA00315,False,False,False,none
cbcdpfoj-1,TMA00315,False,False,False,none
cbcdpkee-1,TMA00315,False,False,False,none
cbcegfjn-1,TMA00315,False,False,False,none
cbcjlpfp-1,TMA00315,False,False,False,none
cbckachd-1,TMA00315,False,False,False,none
cbckkfci-1,TMA00315,False,False,False,none
cbclpbea-1,TMA00315,False,False,False,none
cbcnkgnl-1,TMA00315,False,False,False,none
cbdcmfni-1,TMA00315,False,False,False,none
cbdgmcgm-1,TMA00315,False,False,False,none
cbdlfjnm-1,TMA00315,False,False,False,none
cbdmohmm-1,TMA00315,False,False,False,none
cbeaddgd-1,TMA00315,False,False,False,none
cbehnbib-1,TMA00315,False,False,False,none
cbeikndj-1,TMA00315,False,False,False,none
cbejbenk-1,TMA00315,False,False,False,none
cbejkjgc-1,TMA00315,False,False,False,none
cbemciib-1,TMA00315,False,False,False,none
cbencnkk-1,TMA00315,False,False,False,none
cbfhoinb-1,TMA00315,False,False,False,none
cbfiehco-1,TMA00315,False,False,False,none
cbfphjfl-1,TMA00315,False,False,False,none
cbfpjhne-1,TMA00315,False,False,False,none
cbgaebbj-1,TMA00315,False,False,False,none
cbgfajdm-1,TMA00315,False,False,False,none
cbgfeafn-1,TMA00315,False,False,False,none
cbgoafhd-1,TMA00315,False,False,False,none
cbgolfdk-1,TMA00315,False,False,False,none
cbgomjkj-1,TMA00315,False,False,False,none
cbhiienc-1,TMA00315,False,False,False,none
cbhjfmcg-1,TMA00315,False,False,False,none
cbhjfnen-1,TMA00315,False,False,False,none
cbhlelkj-1,TMA00315,False,False,False,none
cbhnebbk-1,TMA00315,False,False,False,none
cbhoapkh-1,TMA00315,False,False,False,none
cbhofgpl-1,TMA00315,False,False,False,none
cbibpkib-1,TMA00315,False,False,False,none
cbilglge-1,TMA00315,False,False,False,none
cbjaanbh-1,TMA00315,False,False,False,none
cbjckmih-1,TMA00315,False,False,False,none
cbjghfjn-1,TMA00315,False,False,False,none
cbjldgdo-1,TMA00315,False,False,False,none
cbjonlfh-1,TMA00315,False,False,False,none
cbkafkie-1,TMA00315,False,False,False,none
cbkbknod-1,TMA00315,False,False,False,none
cbkddokn-1,TMA00315,False,False,False,none
cbkdjbpm-1,TMA00315,False,False,False,none
cbkflibf-1,TMA00315,False,False,False,none
cbkgndfh-1,TMA00315,False,False,False,none
cbkincod-1,TMA00315,False,False,False,none
cbklmedf-1,TMA00315,False,False,False,none
cblfhedc-1,TMA00315,False,False,False,none
cblggpbe-1,TMA00315,False,False,False,none
cbljmfok-1,TMA00315,False,False,False,none
cblkeolf-1,TMA00315,False,False,False,none
cblmpjie-1,TMA00315,False,False,False,none
cblodfad-1,TMA00315,False,False,False,none
cblogfgp-1,TMA00315,False,False,False,none
cbmaakhh-1,TMA00315,False,False,False,none
cbmafmmp-1,TMA00315,False,False,False,none
cbmcdckd-1,TMA00315,False,False,False,none
cbmclbpm-1,TMA00315,False,False,False,none
cbmemmfl-1,TMA00315,False,False,False,none
cbmfddfh-1,TMA00315,False,False,False,none
cbmjmifc-1,TMA00315,False,False,False,none
cbmofpoa-1,TMA00315,False,False,False,none
cbnboilf-1,TMA00315,False,False,False,none
cbndacbj-1,TMA00315,False,False,False,none
cbnfgepn-1,TMA00315,False,False,False,none
cbnfokdl-1,TMA00315,False,False,False,none
cbngmali-1,TMA00315,False,False,False,none
cbnhcagn-1,TMA00315,False,False,False,none
cbnjnijg-1,TMA00315,False,False,False,none
cbnkokba-1,TMA00315,False,False,False,none
cbnndloo-1,TMA00315,False,False,False,none
cbnojldg-1,TMA00315,False,False,False,none
cbodkbco-1,TMA00315,False,False,False,none
cboplhhh-1,TMA00315,False,False,False,none
cbpfbodb-1,TMA00315,False,False,False,none
cbpjkgik-1,TMA00315,False,False,False,none
cbplejil-1,TMA00315,False,False,False,none
cbpndgoc-1,TMA00315,False,False,False,none
ccadgpco-1,TMA00315,False,False,False,none
ccahpagc-1,TMA00315,False,False,False,none
ccajdcda-1,TMA00315,False,False,False,none
ccajpepa-1,TMA00315,False,False,False,none
ccapdiei-1,TMA00315,False,False,False,none
ccapggkb-1,TMA00315,False,False,False,none
ccbcjhmn-1,TMA00315,False,False,False,none
ccbdfoae-1,TMA00315,False,False,False,none
ccbdgebl-1,TMA00315,False,False,False,none
ccbehfja-1,TMA00315,False,False,False,none
ccbfhnlg-1,TMA00315,False,False,False,none
ccbglbhb-1,TMA00315,False,False,False,none
ccbgmjke-1,TMA00315,False,False,False,none
ccbhbogb-1,TMA00315,False,False,False,none
ccbhiedg-1,TMA00315,False,False,False,none
ccbiahpp-1,TMA00315,False,False,False,none
ccbjibke-1,TMA00315,False,False,False,none
ccbonglc-1,TMA00315,False,False,False,none
ccbpmnbc-1,TMA00315,False,False,False,none
ccbpocic-1,TMA00315,False,False,False,none
cccbnfde-1,TMA00315,False,False,False,none
ccccgbeh-1,TMA00315,False,False,False,none
cccdcnnb-1,TMA00315,False,False,False,none
cccelmed-1,TMA00315,False,False,False,none
cccfjnce-1,TMA00315,False,False,False,none
ccchkjgn-1,TMA00315,False,False,False,none
cccmakfg-1,TMA00315,False,False,False,none
cccockip-1,TMA00315,False,False,False,none
ccdkjcei-1,TMA00315,False,False,False,none
ccdlcnii-1,TMA00315,False,False,False,none
ccdlinlc-1,TMA00315,False,False,False,none
ccdofhmn-1,TMA00315,False,False,False,none
ccefknbc-1,TMA00315,False,False,False,none
ccefkpgg-1,TMA00315,False,False,False,none
ccegfljm-1,TMA00315,False,False,False,none
ccekefcl-1,TMA00315,False,False,False,none
ccekfice-1,TMA00315,False,False,False,none
ccekodlo-1,TMA00315,False,False,False,none
ccekonah-1,TMA00315,False,False,False,none
ccemdeeb-1,TMA00315,False,False,False,none
ccenpjdl-1,TMA00315,False,False,False,none
cceodiba-1,TMA00315,False,False,False,none
cceohkpd-1,TMA00315,False,False,False,none
ccfelcje-1,TMA00315,False,False,False,none
ccfgaohg-1,TMA00315,False,False,False,none
ccfjaoln-1,TMA00315,False,False,False,none
ccfmfpkf-1,TMA00315,False,False,False,none
ccfnmpgi-1,TMA00315,False,False,False,none
ccfppkpn-1,TMA00315,False,False,False,none
ccgaldao-1,TMA00315,False,False,False,none
ccgdndfn-1,TMA00315,False,False,False,none
ccgedkhd-1,TMA00315,False,False,False,none
ccgeplpf-1,TMA00315,False,False,False,none
ccgfcdbn-1,TMA00315,False,False,False,none
ccglniek-1,TMA00315,False,False,False,none
cchadenn-1,TMA00315,False,False,False,none
cchaifjo-1,TMA00315,False,False,False,none
cchojmfg-1,TMA00315,False,False,False,none
cchonabd-1,TMA00315,False,False,False,none
cciaclbn-1,TMA00315,False,False,False,none
cciclplf-1,TMA00315,False,False,False,none
ccidedbk-1,TMA00315,False,False,False,none
ccignnki-1,TMA00315,False,False,False,none
ccihhodk-1,TMA00315,False,False,False,none
ccijhgcn-1,TMA00315,False,False,False,none
ccildpoj-1,TMA00315,False,False,False,none
ccimnggh-1,TMA00315,False,False,False,none
ccinfeen-1,TMA00315,False,False,False,none
ccjhohdi-1,TMA00315,False,False,False,none
ccjnmfnh-1,TMA00315,False,False,False,none
ccjnmjal-1,TMA00315,False,False,False,none
ccjnngka-1,TMA00315,False,False,False,none
cckebbod-1,TMA00315,False,False,False,none
cckgnbnk-1,TMA00315,False,False,False,none
cckhddlh-1,TMA00315,False,False,False,none
cckilkai-1,TMA00315,False,False,False,none
cckkfbhk-1,TMA00315,False,False,False,none
ccknipfe-1,TMA00315,False,False,False,none
cckpfnpf-1,TMA00315,False,False,False,none
cclcabjk-1,TMA00315,False,False,False,none
ccledcgn-1,TMA00315,False,False,False,none
cclegphm-1,TMA00315,False,False,False,none
cclhjaip-1,TMA00315,False,False,False,none
ccligmik-1,TMA00315,False,False,False,none
cclipjma-1,TMA00315,False,False,False,none
ccljcbfh-1,TMA00315,False,False,False,none
cclndinb-1,TMA00315,False,False,False,none
cclojfpa-1,TMA00315,False,False,False,none
cclplpdd-1,TMA00315,False,False,False,none
ccmjipcc-1,TMA00315,False,False,False,none
ccmneefk-1,TMA00315,False,False,False,none
ccmpdlpj-1,TMA00315,False,False,False,none
ccncagcp-1,TMA00315,False,False,False,none
ccnionga-1,TMA00315,False,False,False,none
ccnkdphg-1,TMA00315,False,False,False,none
ccnklijb-1,TMA00315,False,False,False,none
ccnmcpna-1,TMA00315,False,False,False,none
ccnnjelg-1,TMA00315,False,False,False,none
ccnoonod-1,TMA00315,False,False,False,none
ccnpebml-1,TMA00315,False,False,False,none
ccocikjj-1,TMA00315,False,False,False,none
ccofbbdb-1,TMA00315,False,False,False,none
ccofeall-1,TMA00315,False,False,False,none
ccogfcho-1,TMA00315,False,False,False,none
ccoiappf-1,TMA00315,False,False,False,none
ccoklabb-1,TMA00315,False,False,False,none
ccoladeb-1,TMA00315,False,False,False,none
ccomjejc-1,TMA00315,False,False,False,none
cconajgi-1,TMA00315,False,False,False,none
ccpagllb-1,TMA00315,False,False,False,none
ccpbppbp-1,TMA00315,False,False,False,none
ccpddcah-1,TMA00315,False,False,False,none
ccphoend-1,TMA00315,False,False,False,none
ccpiafcp-1,TMA00315,False,False,False,none
ccpjneej-1,TMA00315,False,False,False,none
ccplocin-1,TMA00315,False,False,False,none
ccpncech-1,TMA00315,False,False,False,none
ccpoippa-1,TMA00315,False,False,False,none
ccppoonc-1,TMA00315,False,False,False,none
cdaceifk-1,TMA00315,False,False,False,none
cdackpeg-1,TMA00315,False,False,False,none
cdaefnkn-1,TMA00315,False,False,False,none
cdafhife-1,TMA00315,False,False,False,none
cdaflccp-1,TMA00315,False,False,False,none
cdajadmd-1,TMA00315,False,False,False,none
cdakeddk-1,TMA00315,False,False,False,none
cdalikdj-1,TMA00315,False,False,False,none
cdbamhed-1,TMA00315,False,False,False,none
cdbglfbp-1,TMA00315,False,False,False,none
cdbldfbi-1,TMA00315,False,False,False,none
cdbnaeff-1,TMA00315,False,False,False,none
cdbnmfem-1,TMA00315,False,False,False,none
cdcbooaf-1,TMA00315,False,False,False,none
cdcckpeh-1,TMA00315,False,False,False,none
cdceobbf-1,TMA00315,False,False,False,none
cdcmmdkf-1,TMA00315,False,False,False,none
cdddmled-1,TMA00315,False,False,False,none
cddepjfc-1,TMA00315,False,False,False,none
cddhdjpa-1,TMA00315,False,False,False,none
cddijefi-1,TMA00315,False,False,False,none
cddjcjgf-1,TMA00315,False,False,False,none
cddkapjd-1,TMA00315,False,False,False,none
cddknhla-1,TMA00315,False,False,False,none
cddllehb-1,TMA00315,False,False,False,none
cddpblle-1,TMA00315,False,False,False,none
cddplgmk-1,TMA00315,False,False,False,none
cdealplf-1,TMA00315,False,False,False,none
cdecbkmk-1,TMA00315,False,False,False,none
cdeceamg-1,TMA00315,False,False,False,none
cdeepgjo-1,TMA00315,False,False,False,none
cdegkndk-1,TMA00315,False,False,False,none
cdegpkmk-1,TMA00315,False,False,False,none
cdehkedi-1,TMA00315,False,False,False,none
cdephpfi-1,TMA00315,False,False,False,none
cdfbekgn-1,TMA00315,False,False,False,none
cdfedenj-1,TMA00315,False,False,False,none
cdffhlib-1,TMA00315,False,False,False,none
cdfficgg-1,TMA00315,False,False,False,none
cdfhpfll-1,TMA00315,False,False,False,none
cdfjolop-1,TMA00315,False,False,False,none
cdfkokkp-1,TMA00315,False,False,False,none
cdflbgec-1,TMA00315,False,False,False,none
cdfmcjlg-1,TMA00315,False,False,False,none
cdfmoipg-1,TMA00315,False,False,False,none
cdganipe-1,TMA00315,False,False,False,none
cdgcaldh-1,TMA00315,False,False,False,none
cdgdgakl-1,TMA00315,False,False,False,none
cdggakok-1,TMA00315,False,False,False,none
cdggoalm-1,TMA00315,False,False,False,none
cdghojaa-1,TMA00315,False,False,False,none
cdglaolk-1,TMA00315,False,False,False,none
cdgnaihg-1,TMA00315,False,False,False,none
cdhafdka-1,TMA00315,False,False,False,none
cdhdiojo-1,TMA00315,False,False,False,none
cdhdjeno-1,TMA00315,False,False,False,none
cdhfeaci-1,TMA00315,False,False,False,none
cdhfilpj-1,TMA00315,False,False,False,none
cdhhdcha-1,TMA00315,False,False,False,none
cdhhlnkn-1,TMA00315,False,False,False,none
cdihflfa-1,TMA00315,False,False,False,none
cdiipfio-1,TMA00315,False,False,False,none
cdilpice-1,TMA00315,False,False,False,none
cdiobpge-1,TMA00315,False,False,False,none
cdipjdld-1,TMA00315,False,False,False,none
cdjajnpk-1,TMA00315,False,False,False,none
cdjbimcp-1,TMA00315,False,False,False,none
cdjfadff-1,TMA00315,False,False,False,none
cdjhfjle-1,TMA00315,False,False,False,none
cdjifcem-1,TMA00315,False,False,False,none
cdjmlfll-1,TMA00315,False,False,False,none
cdjnpikj-1,TMA00315,False,False,False,none
cdjpaime-1,TMA00315,False,False,False,none
cdkblnkf-1,TMA00315,False,False,False,none
cdkboohg-1,TMA00315,False,False,False,none
cdkgdhae-1,TMA00315,False,False,False,none
cdkggkcb-1,TMA00315,False,False,False,none
cdknmkmj-1,TMA00315,False,False,False,none
cdkpikmm-1,TMA00315,False,False,False,none
cdlcpabp-1,TMA00315,False,False,False,none
cdlhcgoh-1,TMA00315,False,False,False,none
cdljldbj-1,TMA00315,False,False,False,none
cdmdmige-1,TMA00315,False,False,False,none
cdmijlpo-1,TMA00315,False,False,False,none
cdndcmom-1,TMA00315,False,False,False,none
cdnddcjk-1,TMA00315,False,False,False,none
cdndlbii-1,TMA00315,False,False,False,none
cdnejace-1,TMA00315,False,False,False,none
cdnhimbk-1,TMA00315,False,True,False,dTomato_Seq2_hi
cdnpjnak-1,TMA00315,False,False,False,none
cdoijnjc-1,TMA00315,False,False,False,none
cdojgghd-1,TMA00315,False,False,False,none
cdommjih-1,TMA00315,False,False,False,none
cdpcjcff-1,TMA00315,False,False,False,none
cdpicbpi-1,TMA00315,False,False,False,none
cdpinfio-1,TMA00315,False,False,False,none
cdpkejma-1,TMA00315,False,False,False,none
cdplibkd-1,TMA00315,False,False,False,none
cdppifnm-1,TMA00315,False,False,False,none
ceadhhgf-1,TMA00315,False,False,False,none
ceafgjba-1,TMA00315,False,False,False,none
ceahfolo-1,TMA00315,False,False,False,none
ceahgkjk-1,TMA00315,False,False,False,none
ceajkieb-1,TMA00315,False,False,False,none
ceandkoc-1,TMA00315,False,False,False,none
ceaomfen-1,TMA00315,False,False,False,none
cebaolbg-1,TMA00315,False,False,False,none
cebcegbn-1,TMA00315,False,False,False,none
cebjkhhh-1,TMA00315,False,False,False,none
ceblgnfc-1,TMA00315,False,False,False,none
cebmcpbk-1,TMA00315,False,False,False,none
ceclkpdf-1,TMA00315,False,False,False,none
cecpaepe-1,TMA00315,False,False,False,none
cedbppbl-1,TMA00315,False,False,False,none
cedeebbo-1,TMA00315,False,False,False,none
cedfchka-1,TMA00315,False,False,False,none
cednijkc-1,TMA00315,False,False,False,none
ceeaamco-1,TMA00315,False,False,False,none
ceechgim-1,TMA00315,False,False,False,none
ceedclhl-1,TMA00315,False,False,False,none
ceeggooa-1,TMA00315,False,False,False,none
ceejndof-1,TMA00315,False,False,False,none
ceeladgb-1,TMA00315,False,False,False,none
ceelahkl-1,TMA00315,False,False,False,none
cefhdiej-1,TMA00315,False,False,False,none
ceflilek-1,TMA00315,False,False,False,none
cefohoml-1,TMA00315,False,False,False,none
cegcphao-1,TMA00315,False,False,False,none
cegfmgbc-1,TMA00315,False,False,False,none
cegklofk-1,TMA00315,False,False,False,none
cehbmkbp-1,TMA00315,False,False,False,none
cehdkjac-1,TMA00315,False,False,False,none
cehhdbgp-1,TMA00315,False,False,False,none
cehhgohg-1,TMA00315,False,False,False,none
cehlmpja-1,TMA00315,False,False,False,none
ceicgdip-1,TMA00315,False,False,False,none
ceidkggo-1,TMA00315,False,False,False,none
ceiefdnn-1,TMA00315,False,False,False,none
ceifkkhn-1,TMA00315,False,False,False,none
ceihhhng-1,TMA00315,False,False,False,none
ceiofgka-1,TMA00315,False,False,False,none
cejdhafg-1,TMA00315,False,False,False,none
cejhejfl-1,TMA00315,False,False,False,none
cejhlcjm-1,TMA00315,False,False,False,none
cejjeagi-1,TMA00315,False,False,False,none
cejmaokp-1,TMA00315,False,False,False,none
cekdcefm-1,TMA00315,False,False,False,none
cekdkmmf-1,TMA00315,False,False,False,none
cekenhfl-1,TMA00315,False,False,False,none
cekepand-1,TMA00315,False,False,False,none
cekhemep-1,TMA00315,False,False,False,none
celcemip-1,TMA00315,False,False,False,none
celhoecc-1,TMA00315,False,False,False,none
celjhbpj-1,TMA00315,False,False,False,none
celjkgib-1,TMA00315,False,False,False,none
celnfhlf-1,TMA00315,False,False,False,none
cemagpfp-1,TMA00315,False,False,False,none
cemclofp-1,TMA00315,False,False,False,none
cemfikae-1,TMA00315,False,False,False,none
cemhdnhn-1,TMA00315,False,False,False,none
cenfcimg-1,TMA00315,False,False,False,none
cenfinon-1,TMA00315,False,False,False,none
cenhgbai-1,TMA00315,False,False,False,none
cenifhgf-1,TMA00315,False,False,False,none
cenjbbde-1,TMA00315,False,False,False,none
cennkigf-1,TMA00315,False,False,False,none
ceodbahk-1,TMA00315,False,False,False,none
ceodckda-1,TMA00315,False,False,False,none
ceoinjpn-1,TMA00315,False,False,False,none
ceojkcdm-1,TMA00315,False,False,False,none
ceojocce-1,TMA00315,False,False,False,none
cepbofog-1,TMA00315,False,False,False,none
cepcdfci-1,TMA00315,False,False,False,none
cepdogfm-1,TMA00315,False,False,False,none
cepfcmfk-1,TMA00315,False,False,False,none
cephcoee-1,TMA00315,False,False,False,none
cepjdlld-1,TMA00315,False,False,False,none
cfabglkn-1,TMA00315,False,False,False,none
cfaeniof-1,TMA00315,False,False,False,none
cfafapjl-1,TMA00315,False,False,False,none
cfagbphf-1,TMA00315,False,False,False,none
cfagpnfp-1,TMA00315,False,False,False,none
cfaheapf-1,TMA00315,False,False,False,none
cfahlpka-1,TMA00315,False,False,False,none
cfanlgld-1,TMA00315,False,False,False,none
cfbbcinb-1,TMA00315,False,False,False,none
cfbbdkoa-1,TMA00315,False,False,False,none
cfbbhpib-1,TMA00315,False,False,False,none
cfbgoein-1,TMA00315,False,False,False,none
cfbhfabg-1,TMA00315,False,False,False,none
cfbhgnfb-1,TMA00315,False,False,False,none
cfbhkgeo-1,TMA00315,False,False,False,none
cfbjmpfi-1,TMA00315,False,False,False,none
cfblpapn-1,TMA00315,False,False,False,none
cfcageoc-1,TMA00315,False,False,False,none
cfceocbc-1,TMA00315,False,False,False,none
cfchfaid-1,TMA00315,False,False,False,none
cfclaaci-1,TMA00315,False,False,False,none
cfclfllh-1,TMA00315,False,False,False,none
cfdcbece-1,TMA00315,False,False,False,none
cfdcblom-1,TMA00315,False,False,False,none
cfdccaac-1,TMA00315,False,False,False,none
cfddahaj-1,TMA00315,False,False,False,none
cfdebegh-1,TMA00315,False,False,False,none
cfdfnbnk-1,TMA00315,False,False,False,none
cfdhbomo-1,TMA00315,False,False,False,none
cfdiifaj-1,TMA00315,False,False,False,none
cfdohahg-1,TMA00315,False,False,False,none
cfebfdem-1,TMA00315,False,False,False,none
cfedogjb-1,TMA00315,False,False,False,none
cfegihnf-1,TMA00315,False,False,False,none
cfejkogb-1,TMA00315,False,False,False,none
cfejnock-1,TMA00315,False,False,False,none
cfelmcai-1,TMA00315,False,False,False,none
cfemcdig-1,TMA00315,False,False,False,none
cffalnga-1,TMA00315,False,False,False,none
cffekiec-1,TMA00315,False,False,False,none
cfffglmd-1,TMA00315,False,False,False,none
cffhhpah-1,TMA00315,False,False,False,none
cffjdgmi-1,TMA00315,False,False,False,none
cffkoikc-1,TMA00315,False,False,False,none
cfflnkom-1,TMA00315,False,False,False,none
cffmcekh-1,TMA00315,False,False,False,none
cfgdiomk-1,TMA00315,False,False,False,none
cfgfpikb-1,TMA00315,False,False,False,none
cfgghpkl-1,TMA00315,False,False,False,none
cfggillh-1,TMA00315,False,False,False,none
cfgjpbck-1,TMA00315,False,False,False,none
cfgmpjpb-1,TMA00315,False,False,False,none
cfgpipfa-1,TMA00315,False,False,False,none
cfhbalhh-1,TMA00315,False,False,False,none
cfhbifkh-1,TMA00315,False,False,False,none
cfhckncn-1,TMA00315,False,False,False,none
cfhdeehj-1,TMA00315,False,False,False,none
cfhdjofo-1,TMA00315,False,False,False,none
cfhjjcch-1,TMA00315,False,False,False,none
cfhljcad-1,TMA00315,False,False,False,none
cfiaioof-1,TMA00315,False,False,False,none
cfichnem-1,TMA00315,False,False,False,none
cfifffaj-1,TMA00315,False,False,False,none
cfifphmb-1,TMA00315,False,False,False,none
cfigppom-1,TMA00315,False,False,False,none
cfillnip-1,TMA00315,False,False,False,none
cfinhlne-1,TMA00315,False,False,False,none
cfjbhnlg-1,TMA00315,False,True,False,dTomato_Seq2_hi
cfjepfai-1,TMA00315,False,False,False,none
cfjgefne-1,TMA00315,False,False,False,none
cfjgmbif-1,TMA00315,False,False,False,none
cfjgndmd-1,TMA00315,False,False,False,none
cfjheaea-1,TMA00315,False,False,False,none
cfjhkmfe-1,TMA00315,False,False,False,none
cfjjdccc-1,TMA00315,False,False,False,none
cfkecdeh-1,TMA00315,False,False,False,none
cfkfpapg-1,TMA00315,False,False,False,none
cfkggncj-1,TMA00315,False,False,False,none
cfkifafh-1,TMA00315,False,False,False,none
cfkjlmai-1,TMA00315,False,False,False,none
cfknheac-1,TMA00315,False,False,False,none
cfldcehn-1,TMA00315,False,False,False,none
cflhoopb-1,TMA00315,False,False,False,none
cflkinik-1,TMA00315,False,False,False,none
cfllpghm-1,TMA00315,False,False,False,none
cflominp-1,TMA00315,False,False,False,none
cfmdenpf-1,TMA00315,False,False,False,none
cfmfbido-1,TMA00315,False,False,False,none
cfmfcbfl-1,TMA00315,False,False,False,none
cfmgjlam-1,TMA00315,False,False,False,none
cfmgojai-1,TMA00315,False,False,False,none
cfmjpkfh-1,TMA00315,False,False,False,none
cfmliimg-1,TMA00315,False,False,False,none
cfmnobck-1,TMA00315,False,False,False,none
cfmpojke-1,TMA00315,False,False,False,none
cfnfijfl-1,TMA00315,False,False,False,none
cfnjafdk-1,TMA00315,False,False,False,none
cfoblifi-1,TMA00315,False,False,False,none
cfogbnig-1,TMA00315,False,False,False,none
cfohimab-1,TMA00315,False,False,False,none
cfoidlbk-1,TMA00315,False,False,False,none
cfollkdl-1,TMA00315,False,False,False,none
cfomdogm-1,TMA00315,False,False,False,none
cfpbjcok-1,TMA00315,False,False,False,none
cfpfgpal-1,TMA00315,False,False,False,none
cfpfpkcg-1,TMA00315,False,False,False,none
cfpmkipp-1,TMA00315,False,False,False,none
cgabelgl-1,TMA00315,False,False,False,none
cganhdkp-1,TMA00315,False,False,False,none
cgaoomhk-1,TMA00315,False,False,False,none
cgbapacn-1,TMA00315,False,False,False,none
cgbbdngl-1,TMA00315,False,False,False,none
cgbhfhjd-1,TMA00315,False,False,False,none
cgbnmcbo-1,TMA00315,False,False,False,none
cgboblfc-1,TMA00315,False,False,False,none
cgcabdnb-1,TMA00315,False,False,False,none
cgcacamb-1,TMA00315,False,False,False,none
cgcjkdfe-1,TMA00315,False,False,False,none
cgdapkad-1,TMA00315,False,False,False,none
cgddbimf-1,TMA00315,False,False,False,none
cgdfjofn-1,TMA00315,False,False,False,none
cgdfofgc-1,TMA00315,False,False,False,none
cgdfpind-1,TMA00315,False,False,False,none
cgdlchkp-1,TMA00315,False,False,False,none
cgegnhko-1,TMA00315,False,False,False,none
cgelgcfe-1,TMA00315,False,False,False,none
cgfahkle-1,TMA00315,False,False,False,none
cgfbolej-1,TMA00315,False,False,False,none
cgfgcmio-1,TMA00315,False,False,False,none
cgfghmbk-1,TMA00315,False,False,False,none
cgfiidna-1,TMA00315,False,False,False,none
cgfiidne-1,TMA00315,False,False,False,none
cgfnbijl-1,TMA00315,False,False,False,none
cgfpnkam-1,TMA00315,False,False,False,none
cggaedmc-1,TMA00315,False,False,False,none
cggmjhme-1,TMA00315,False,False,False,none
cghgahbh-1,TMA00315,False,False,False,none
cghmidfn-1,TMA00315,False,False,False,none
cghnlohb-1,TMA00315,False,False,False,none
cgiggidf-1,TMA00315,False,False,False,none
cgigjjao-1,TMA00315,False,False,False,none
cgiheccd-1,TMA00315,False,False,False,none
cgihnaka-1,TMA00315,False,False,False,none
cgiicjda-1,TMA00315,False,False,False,none
cginbjbc-1,TMA00315,False,False,False,none
cginmjom-1,TMA00315,False,False,False,none
cgjmmkdh-1,TMA00315,False,False,False,none
cgkadpab-1,TMA00315,False,False,False,none
cgkfamdp-1,TMA00315,False,False,False,none
cgllfmcl-1,TMA00315,False,False,False,none
cgmedook-1,TMA00315,False,False,False,none
cgmpmlfa-1,TMA00315,False,False,False,none
cgngmdhd-1,TMA00315,False,False,False,none
cgnicnnm-1,TMA00315,False,False,False,none
cgnnablb-1,TMA00315,False,False,False,none
cgnookob-1,TMA00315,False,False,False,none
cgobpceb-1,TMA00315,False,False,False,none
cgobpgli-1,TMA00315,False,False,False,none
cgocjeba-1,TMA00315,False,False,False,none
cgomlbio-1,TMA00315,False,False,False,none
cgopijcg-1,TMA00315,False,False,False,none
cgpacmfe-1,TMA00315,False,False,False,none
cgpbanop-1,TMA00315,False,False,False,none
cgpcfphn-1,TMA00315,False,False,False,none
cgpeokcn-1,TMA00315,False,False,False,none
cgpgiaha-1,TMA00315,False,False,False,none
cgphocil-1,TMA00315,False,False,False,none
cgpleked-1,TMA00315,False,False,False,none
cgpoakld-1,TMA00315,False,False,False,none
cgppebje-1,TMA00315,False,False,False,none
channkpe-1,TMA00315,False,False,False,none
chbfgmeh-1,TMA00315,False,False,False,none
chbodejc-1,TMA00315,False,False,False,none
chbpmhae-1,TMA00315,False,False,False,none
chccmmig-1,TMA00315,False,False,False,none
chdebenb-1,TMA00315,False,False,False,none
chdlamfo-1,TMA00315,False,False,False,none
checdfmb-1,TMA00315,False,False,False,none
chefkkme-1,TMA00315,False,False,False,none
chehjbhf-1,TMA00315,False,False,False,none
chfdhflp-1,TMA00315,False,False,False,none
chfpjmdn-1,TMA00315,False,False,False,none
chggapha-1,TMA00315,False,False,False,none
chhdknfo-1,TMA00315,False,False,False,none
chhhpdla-1,TMA00315,False,False,False,none
chigiecl-1,TMA00315,False,False,False,none
chihhgdl-1,TMA00315,False,False,False,none
chiihfcj-1,TMA00315,False,False,False,none
chijlpnd-1,TMA00315,False,False,False,none
chimpgcc-1,TMA00315,False,False,False,none
chininoh-1,TMA00315,False,False,False,none
chjaeabo-1,TMA00315,False,False,False,none
chjbndka-1,TMA00315,False,False,False,none
chjjadfb-1,TMA00315,False,False,False,none
chjkhbpb-1,TMA00315,False,False,False,none
chjkhibd-1,TMA00315,False,False,False,none
chkbmkel-1,TMA00315,False,False,False,none
chkggakd-1,TMA00315,False,False,False,none
chkifmfe-1,TMA00315,False,False,False,none
chkipljh-1,TMA00315,False,False,False,none
chkjbpbi-1,TMA00315,False,False,False,none
chkminpa-1,TMA00315,False,False,False,none
chkpcafc-1,TMA00315,False,False,False,none
chladnhl-1,TMA00315,False,False,False,none
chliocod-1,TMA00315,False,False,False,none
chlmaggn-1,TMA00315,False,False,False,none
chlpjjhl-1,TMA00315,False,False,False,none
chmlbfhp-1,TMA00315,False,False,False,none
chmomeoo-1,TMA00315,False,False,False,none
chmpbdpj-1,TMA00315,False,False,False,none
chnahfka-1,TMA00315,False,False,False,none
chnajcof-1,TMA00315,False,False,False,none
chnbfekk-1,TMA00315,False,False,False,none
chndallp-1,TMA00315,False,False,False,none
chnecndm-1,TMA00315,False,False,False,none
chnfcnbg-1,TMA00315,False,False,False,none
chnhfibg-1,TMA00315,False,False,False,none
chnmdeih-1,TMA00315,False,False,False,none
chnmicgo-1,TMA00315,False,False,False,none
chnpahim-1,TMA00315,False,False,False,none
chnpcbbc-1,TMA00315,False,False,False,none
chodcllg-1,TMA00315,False,False,False,none
choehncm-1,TMA00315,False,False,False,none
chogfolk-1,TMA00315,False,False,False,none
choghimp-1,TMA00315,False,False,False,none
chokomgb-1,TMA00315,False,False,False,none
chonodpn-1,TMA00315,False,False,False,none
choodmmp-1,TMA00315,False,False,False,none
chpehbnb-1,TMA00315,False,False,False,none
chpgdoae-1,TMA00315,False,False,False,none
chpipiph-1,TMA00315,False,False,False,none
chpjlbhh-1,TMA00315,False,False,False,none
chplhkmb-1,TMA00315,False,False,False,none
cialfobf-1,TMA00315,False,False,False,none
ciaofpah-1,TMA00315,False,False,False,none
cibapeff-1,TMA00315,False,False,False,none
cibdofeg-1,TMA00315,False,False,False,none
cibfcani-1,TMA00315,False,False,False,none
cibjfbpb-1,TMA00315,False,False,False,none
cibkkemb-1,TMA00315,False,False,False,none
cibmopdb-1,TMA00315,False,False,False,none
ciboailm-1,TMA00315,False,False,False,none
cicbjmkb-1,TMA00315,False,False,False,none
cicchkbk-1,TMA00315,False,False,False,none
cicgkpca-1,TMA00315,False,False,False,none
cicgmchb-1,TMA00315,False,False,False,none
cicjfeko-1,TMA00315,False,False,False,none
ciclnlba-1,TMA00315,False,False,False,none
cidblkie-1,TMA00315,False,False,False,none
cidbnica-1,TMA00315,False,False,False,none
cidfbfmg-1,TMA00315,False,False,False,none
cidfjija-1,TMA00315,False,False,False,none
cidfnjkn-1,TMA00315,False,False,False,none
cidggjhe-1,TMA00315,False,False,False,none
cidgjpcp-1,TMA00315,False,False,False,none
cidieall-1,TMA00315,False,False,False,none
cidkhhcp-1,TMA00315,False,False,False,none
cidomdni-1,TMA00315,False,False,False,none
cieikegb-1,TMA00315,False,False,False,none
ciemdkfi-1,TMA00315,False,False,False,none
cieojicp-1,TMA00315,False,False,False,none
cifmbapm-1,TMA00315,False,False,False,none
cifogojk-1,TMA00315,False,False,False,none
cifonjaj-1,TMA00315,False,False,False,none
cigcfmcf-1,TMA00315,False,False,False,none
cigggilp-1,TMA00315,False,False,False,none
cigppnmh-1,TMA00315,False,False,False,none
ciheehmn-1,TMA00315,False,False,False,none
ciheknah-1,TMA00315,False,False,False,none
cihkijop-1,TMA00315,False,False,False,none
ciibonfk-1,TMA00315,False,False,False,none
ciicjcob-1,TMA00315,False,False,False,none
ciidcejp-1,TMA00315,False,False,False,none
ciidogea-1,TMA00315,False,False,False,none
ciihmcac-1,TMA00315,False,False,False,none
ciinmeep-1,TMA00315,False,False,False,none
ciiopbcb-1,TMA00315,False,False,False,none
cikbnjda-1,TMA00315,False,False,False,none
ciljpfde-1,TMA00315,False,False,False,none
cilnhmfe-1,TMA00315,False,False,False,none
cilpknlm-1,TMA00315,False,False,False,none
cimbankc-1,TMA00315,False,False,False,none
cimcefai-1,TMA00315,False,False,False,none
cimeibnh-1,TMA00315,False,False,False,none
cimfebpe-1,TMA00315,False,False,False,none
cimgdhcp-1,TMA00315,False,False,False,none
cimhciho-1,TMA00315,False,False,False,none
cimhfdil-1,TMA00315,False,False,False,none
cimlmdlk-1,TMA00315,False,False,False,none
cimmcdhc-1,TMA00315,False,False,False,none
cimnmjal-1,TMA00315,False,False,False,none
cinbplba-1,TMA00315,False,False,False,none
cindhnck-1,TMA00315,False,False,False,none
cineaaki-1,TMA00315,False,False,False,none
cinfmekp-1,TMA00315,False,False,False,none
cinjcefp-1,TMA00315,False,False,False,none
cinncimk-1,TMA00315,False,False,False,none
cinndeek-1,TMA00315,False,False,False,none
cinnlamd-1,TMA00315,False,False,False,none
cioabmkm-1,TMA00315,False,False,False,none
cioaiokh-1,TMA00315,False,False,False,none
cioapbpe-1,TMA00315,False,False,False,none
ciobgmbg-1,TMA00315,False,False,False,none
ciobjjmp-1,TMA00315,False,False,False,none
ciochoan-1,TMA00315,False,False,False,none
ciogpfhn-1,TMA00315,False,False,False,none
ciohmmga-1,TMA00315,False,False,False,none
ciombpmb-1,TMA00315,False,False,False,none
cipaeaab-1,TMA00315,False,False,False,none
cipaicde-1,TMA00315,False,False,False,none
cipaihcg-1,TMA00315,False,False,False,none
cipangde-1,TMA00315,False,False,False,none
cipchhab-1,TMA00315,False,False,False,none
cipinegb-1,TMA00315,False,False,False,none
ciplljch-1,TMA00315,False,False,False,none
cipmcjpc-1,TMA00315,False,False,False,none
cipmidli-1,TMA00315,False,False,False,none
cjaaafkm-1,TMA00315,False,False,False,none
cjaajdcf-1,TMA00315,False,False,False,none
cjadokeb-1,TMA00315,False,False,False,none
cjaejmfe-1,TMA00315,False,False,False,none
cjapedgj-1,TMA00315,False,False,False,none
cjbgkojc-1,TMA00315,False,False,False,none
cjbkhilo-1,TMA00315,False,False,False,none
cjblkobb-1,TMA00315,False,False,False,none
cjbmfehf-1,TMA00315,False,False,False,none
cjbpiaaj-1,TMA00315,False,False,False,none
cjbpkccg-1,TMA00315,False,False,False,none
cjcahegm-1,TMA00315,False,False,False,none
cjcfajbe-1,TMA00315,False,False,False,none
cjcgakol-1,TMA00315,False,False,False,none
cjchajce-1,TMA00315,False,False,False,none
cjckjhfn-1,TMA00315,False,False,False,none
cjcnpekd-1,TMA00315,False,False,False,none
cjdbbhba-1,TMA00315,False,False,False,none
cjddigde-1,TMA00315,False,False,False,none
cjddlono-1,TMA00315,False,False,False,none
cjdelpdi-1,TMA00315,False,False,False,none
cjdfpgoe-1,TMA00315,False,False,False,none
cjdgcdhi-1,TMA00315,False,False,False,none
cjdggcfn-1,TMA00315,False,False,False,none
cjdnonai-1,TMA00315,False,False,False,none
cjdopfbl-1,TMA00315,False,False,False,none
cjechklj-1,TMA00315,False,False,False,none
cjeehabf-1,TMA00315,False,False,False,none
cjefbgae-1,TMA00315,False,False,False,none
cjegmmmm-1,TMA00315,False,False,False,none
cjeijknk-1,TMA00315,False,False,False,none
cjemoggb-1,TMA00315,False,False,False,none
cjenobde-1,TMA00315,False,False,False,none
cjeoabjl-1,TMA00315,False,False,False,none
cjfbljjg-1,TMA00315,False,False,False,none
cjfkogoe-1,TMA00315,False,False,False,none
cjfmfjol-1,TMA00315,False,False,False,none
cjfmidpb-1,TMA00315,False,False,False,none
cjfppiig-1,TMA00315,False,False,False,none
cjgbohim-1,TMA00315,False,False,False,none
cjgdljao-1,TMA00315,False,False,False,none
cjggndgh-1,TMA00315,False,False,False,none
cjgicpkj-1,TMA00315,False,False,False,none
cjgimfmd-1,TMA00315,False,False,False,none
cjgippak-1,TMA00315,False,False,False,none
cjglhpco-1,TMA00315,False,False,False,none
cjhfconh-1,TMA00315,False,False,False,none
cjhfepgj-1,TMA00315,False,False,False,none
cjhgfmkn-1,TMA00315,False,False,False,none
cjhhdjij-1,TMA00315,False,False,False,none
cjiefmkd-1,TMA00315,False,False,False,none
cjihnmho-1,TMA00315,False,False,False,none
cjiligkm-1,TMA00315,False,False,False,none
cjjfiaae-1,TMA00315,False,False,False,none
cjjgkhgc-1,TMA00315,False,False,False,none
cjjjgdej-1,TMA00315,False,False,False,none
cjjjhkmh-1,TMA00315,False,False,False,none
cjjkmhbm-1,TMA00315,False,False,False,none
cjkfhjdm-1,TMA00315,False,False,False,none
cjkjdffa-1,TMA00315,False,False,False,none
cjkkcdan-1,TMA00315,False,False,False,none
cjkkopgd-1,TMA00315,False,False,False,none
cjkpdcbo-1,TMA00315,False,False,False,none
cjlddnib-1,TMA00315,False,False,False,none
cjljbmga-1,TMA00315,False,False,False,none
cjljnggi-1,TMA00315,False,False,False,none
cjlobaab-1,TMA00315,False,False,False,none
cjmaefhb-1,TMA00315,False,False,False,none
cjmclopl-1,TMA00315,False,False,False,none
cjmgaglh-1,TMA00315,False,False,False,none
cjmjahlc-1,TMA00315,False,False,False,none
cjnaafam-1,TMA00315,False,False,False,none
cjndbcfd-1,TMA00315,False,False,False,none
cjndpehg-1,TMA00315,False,False,False,none
cjngaobj-1,TMA00315,False,False,False,none
cjnialpo-1,TMA00315,False,False,False,none
cjnihijh-1,TMA00315,False,False,False,none
cjnldlhg-1,TMA00315,False,False,False,none
cjnljbai-1,TMA00315,False,False,False,none
cjnlnpia-1,TMA00315,False,False,False,none
cjodpidg-1,TMA00315,False,False,False,none
cjoiajma-1,TMA00315,False,False,False,none
cjokenml-1,TMA00315,False,False,False,none
cjonafbb-1,TMA00315,False,False,False,none
cjonpcod-1,TMA00315,False,False,False,none
cjookmmn-1,TMA00315,False,False,False,none
cjopdjee-1,TMA00315,False,False,False,none
cjpdpafj-1,TMA00315,False,False,False,none
cjpinogm-1,TMA00315,False,False,False,none
cjpnnhbp-1,TMA00315,False,False,False,none
ckadajaf-1,TMA00315,False,False,False,none
ckadbcma-1,TMA00315,False,False,False,none
ckadndhd-1,TMA00315,False,False,False,none
ckaiokll-1,TMA00315,False,False,False,none
ckajjgkj-1,TMA00315,False,False,False,none
ckakdffl-1,TMA00315,False,False,False,none
ckamohnl-1,TMA00315,False,False,False,none
ckbcfnlf-1,TMA00315,False,False,False,none
ckbdkpnp-1,TMA00315,False,False,False,none
ckbflhfc-1,TMA00315,False,False,False,none
ckblankm-1,TMA00315,False,False,False,none
ckcfbloa-1,TMA00315,False,False,False,none
ckcfdfbo-1,TMA00315,False,False,False,none
ckdbgaai-1,TMA00315,False,False,False,none
ckdicdbm-1,TMA00315,False,False,False,none
ckdimnnm-1,TMA00315,False,False,False,none
ckdjbego-1,TMA00315,False,False,False,none
ckedgnmg-1,TMA00315,False,False,False,none
ckenkomm-1,TMA00315,False,False,False,none
ckfchhic-1,TMA00315,False,False,False,none
ckfdiepp-1,TMA00315,False,False,False,none
ckfgfcga-1,TMA00315,False,False,False,none
ckfhgcof-1,TMA00315,False,False,False,none
ckfiopko-1,TMA00315,False,False,False,none
ckfjgkjk-1,TMA00315,False,False,False,none
ckfjjibl-1,TMA00315,False,False,False,none
ckfkjdmb-1,TMA00315,False,False,False,none
ckfkolic-1,TMA00315,False,False,False,none
ckfldmob-1,TMA00315,False,False,False,none
ckgadmal-1,TMA00315,False,False,False,none
ckgjkogo-1,TMA00315,False,False,False,none
ckhhddga-1,TMA00315,False,False,False,none
ckhiddgi-1,TMA00315,False,False,False,none
ckhkoiog-1,TMA00315,False,False,False,none
ckianfhh-1,TMA00315,False,False,False,none
ckibblie-1,TMA00315,False,False,False,none
ckidcdao-1,TMA00315,False,False,False,none
ckigbhnp-1,TMA00315,False,False,False,none
ckikjfjd-1,TMA00315,False,False,False,none
ckilodog-1,TMA00315,False,False,False,none
ckimahcn-1,TMA00315,False,False,False,none
ckippppc-1,TMA00315,False,False,False,none
ckjcoenp-1,TMA00315,False,False,False,none
ckjjaejg-1,TMA00315,False,False,False,none
ckjkpclj-1,TMA00315,False,False,False,none
ckjledoc-1,TMA00315,False,False,False,none
ckkbaggk-1,TMA00315,False,False,False,none
ckkbfnkf-1,TMA00315,False,False,False,none
ckkcenil-1,TMA00315,False,False,False,none
ckkdbbmd-1,TMA00315,False,False,False,none
ckkepoco-1,TMA00315,False,False,False,none
ckkifaaf-1,TMA00315,False,False,False,none
ckkkldbf-1,TMA00315,False,False,False,none
ckldpobc-1,TMA00315,False,False,False,none
cklfjjjf-1,TMA00315,False,False,False,none
cklgpdik-1,TMA00315,False,False,False,none
cklkknkl-1,TMA00315,False,False,False,none
ckllaacd-1,TMA00315,False,False,False,none
cklldoja-1,TMA00315,False,False,False,none
ckmagbai-1,TMA00315,False,False,False,none
ckmbkand-1,TMA00315,False,False,False,none
ckmedoge-1,TMA00315,False,False,False,none
ckmefmmf-1,TMA00315,False,False,False,none
ckmgkphj-1,TMA00315,False,False,False,none
ckmiphna-1,TMA00315,False,False,False,none
ckmlhaoo-1,TMA00315,False,False,False,none
ckmojddl-1,TMA00315,False,False,False,none
ckmplige-1,TMA00315,False,False,False,none
cknajhei-1,TMA00315,False,False,False,none
cknbadha-1,TMA00315,False,False,False,none
ckncbcbn-1,TMA00315,False,False,False,none
ckncmhnp-1,TMA00315,False,False,False,none
cknddhij-1,TMA00315,False,False,False,none
ckndkcej-1,TMA00315,False,False,False,none
ckndmmkj-1,TMA00315,False,False,False,none
cknhalpn-1,TMA00315,False,False,False,none
cknjfleo-1,TMA00315,False,False,False,none
cknlohib-1,TMA00315,False,False,False,none
cknnaedb-1,TMA00315,False,False,False,none
cknncbbl-1,TMA00315,False,False,False,none
ckoaeacg-1,TMA00315,False,False,False,none
ckoapbeh-1,TMA00315,False,False,False,none
ckodcnkf-1,TMA00315,False,False,False,none
ckofloeh-1,TMA00315,False,False,False,none
ckokiong-1,TMA00315,False,False,False,none
ckpdpeja-1,TMA00315,False,False,False,none
ckpmnfek-1,TMA00315,False,False,False,none
ckppmfdd-1,TMA00315,False,False,False,none
clahnmda-1,TMA00315,False,False,False,none
clajdkhd-1,TMA00315,False,False,False,none
clalphem-1,TMA00315,False,False,False,none
clamiblg-1,TMA00315,False,False,False,none
clamipif-1,TMA00315,False,False,False,none
claokilo-1,TMA00315,False,False,False,none
clapdega-1,TMA00315,False,False,False,none
clbdmpoa-1,TMA00315,False,False,False,none
clbgkgee-1,TMA00315,False,False,False,none
clbihlfk-1,TMA00315,False,False,False,none
clbmknph-1,TMA00315,False,False,False,none
clbnjfib-1,TMA00315,False,False,False,none
clbnkcfb-1,TMA00315,False,False,False,none
clbofeak-1,TMA00315,False,False,False,none
clcabaaj-1,TMA00315,False,False,False,none
clccdjfc-1,TMA00315,False,False,False,none
clcddlde-1,TMA00315,False,False,False,none
clcifdbk-1,TMA00315,False,False,False,none
clckanpc-1,TMA00315,False,False,False,none
clcoimbh-1,TMA00315,False,False,False,none
cldalnab-1,TMA00315,False,False,False,none
cldbmphp-1,TMA00315,False,False,False,none
cldekkef-1,TMA00315,False,False,False,none
cldhefbm-1,TMA00315,False,False,False,none
cldiccfa-1,TMA00315,False,False,False,none
cldiedll-1,TMA00315,False,False,False,none
cldjbcle-1,TMA00315,False,False,False,none
cldnmkdg-1,TMA00315,False,False,False,none
cldobdoo-1,TMA00315,False,False,False,none
clehpcgj-1,TMA00315,False,False,False,none
cleijnac-1,TMA00315,False,False,False,none
clejcofc-1,TMA00315,False,False,False,none
clejeiol-1,TMA00315,False,False,False,none
cleldjdb-1,TMA00315,False,False,False,none
clemoedg-1,TMA00315,False,False,False,none
clenifpo-1,TMA00315,False,False,False,none
cleogibn-1,TMA00315,False,False,False,none
clepdbbl-1,TMA00315,False,False,False,none
clfaeeao-1,TMA00315,False,False,False,none
clfamlfo-1,TMA00315,False,False,False,none
clfbjegk-1,TMA00315,False,False,False,none
clfegbpm-1,TMA00315,False,False,False,none
clfephbf-1,TMA00315,False,False,False,none
clflngeh-1,TMA00315,False,False,False,none
clfmecma-1,TMA00315,False,False,False,none
clgbhecg-1,TMA00315,False,False,False,none
clgbhoeg-1,TMA00315,False,False,False,none
clgdefla-1,TMA00315,False,False,False,none
clggbjhk-1,TMA00315,False,False,False,none
clgholkb-1,TMA00315,False,False,False,none
clgmijjh-1,TMA00315,False,False,False,none
clibgbof-1,TMA00315,False,False,False,none
clioemmm-1,TMA00315,False,False,False,none
cljdkeke-1,TMA00315,False,False,False,none
cljhffgh-1,TMA00315,False,False,False,none
cljjegcm-1,TMA00315,False,False,False,none
cljpobid-1,TMA00315,False,False,False,none
clkbcibj-1,TMA00315,False,False,False,none
clkehlfb-1,TMA00315,False,False,False,none
clkeolfl-1,TMA00315,False,False,False,none
clkhfbnf-1,TMA00315,False,False,False,none
clkiancc-1,TMA00315,False,False,False,none
clkioacm-1,TMA00315,False,False,False,none
clkjoiek-1,TMA00315,False,False,False,none
clkkjhid-1,TMA00315,False,False,False,none
cllfbmbp-1,TMA00315,False,False,False,none
cllgljfh-1,TMA00315,False,False,False,none
cllhojff-1,TMA00315,False,False,False,none
clllpgdn-1,TMA00315,False,False,False,none
clmbfgco-1,TMA00315,False,False,False,none
clmcnikf-1,TMA00315,False,False,False,none
clmcpepa-1,TMA00315,False,False,False,none
clmhkhck-1,TMA00315,False,False,False,none
clmidmgb-1,TMA00315,False,False,False,none
clmllihl-1,TMA00315,False,False,False,none
clnabfik-1,TMA00315,False,False,False,none
clnbgbfl-1,TMA00315,False,False,False,none
clncaihk-1,TMA00315,False,False,False,none
clncelbi-1,TMA00315,False,False,False,none
clngonkb-1,TMA00315,False,False,False,none
clnkbllk-1,TMA00315,False,False,False,none
clnkkjof-1,TMA00315,False,False,False,none
clnkmjcc-1,TMA00315,False,False,False,none
clodaaja-1,TMA00315,False,False,False,none
cloellfi-1,TMA00315,False,False,False,none
clohbmgj-1,TMA00315,False,False,False,none
clojiijk-1,TMA00315,False,False,False,none
clolpgdm-1,TMA00315,False,False,False,none
clomnmkb-1,TMA00315,False,False,False,none
cloogafh-1,TMA00315,False,False,False,none
clopogpi-1,TMA00315,False,False,False,none
clpbckej-1,TMA00315,False,False,False,none
clpdogca-1,TMA00315,False,False,False,none
clpiafoh-1,TMA00315,False,False,False,none
clpodinf-1,TMA00315,False,False,False,none
cmabcakb-1,TMA00315,False,False,False,none
cmabhhdo-1,TMA00315,False,False,False,none
cmabkmga-1,TMA00315,False,False,False,none
cmadoghj-1,TMA00315,False,False,False,none
cmakmfla-1,TMA00315,False,False,False,none
cmanamgo-1,TMA00315,False,False,False,none
cmaogmek-1,TMA00315,False,False,False,none
cmapnefd-1,TMA00315,False,False,False,none
cmbcinlp-1,TMA00315,False,False,False,none
cmbfajjn-1,TMA00315,False,False,False,none
cmbioheg-1,TMA00315,False,False,False,none
cmblpkpe-1,TMA00315,False,False,False,none
cmcceeoa-1,TMA00315,False,False,False,none
cmcchibn-1,TMA00315,False,False,False,none
cmcjcglc-1,TMA00315,False,False,False,none
cmcjchnn-1,TMA00315,False,False,False,none
cmepicfj-1,TMA00315,False,False,False,none
cmfcbdof-1,TMA00315,False,False,False,none
cmfecloh-1,TMA00315,False,False,False,none
cmfjgkbe-1,TMA00315,False,False,False,none
cmfnpdfe-1,TMA00315,False,False,False,none
cmfoknof-1,TMA00315,False,False,False,none
cmfplebm-1,TMA00315,False,False,False,none
cmfpnacm-1,TMA00315,False,False,False,none
cmgbamgd-1,TMA00315,False,False,False,none
cmghbmlo-1,TMA00315,False,False,False,none
cmghpddd-1,TMA00315,False,False,False,none
cmgicgbn-1,TMA00315,False,False,False,none
cmgipbid-1,TMA00315,False,False,False,none
cmgmaffh-1,TMA00315,True,False,False,EGFP_Seq1_hi
cmgodgoe-1,TMA00315,False,False,False,none
cmhadbjp-1,TMA00315,False,False,False,none
cmhbaife-1,TMA00315,True,False,False,EGFP_Seq1_hi
cmhfejon-1,TMA00315,False,False,False,none
cmhgpank-1,TMA00315,False,False,False,none
cmhlkpmn-1,TMA00315,False,False,False,none
cmhpdjoc-1,TMA00315,False,False,False,none
cmibmeok-1,TMA00315,False,False,False,none
cmieilbh-1,TMA00315,False,False,False,none
cmighhcp-1,TMA00315,False,False,False,none
cmiiimck-1,TMA00315,False,False,False,none
cmiikmmo-1,TMA00315,False,False,False,none
cmimfblc-1,TMA00315,False,False,False,none
cmiogigc-1,TMA00315,False,False,False,none
cmjaeegg-1,TMA00315,False,False,False,none
cmjjbeam-1,TMA00315,False,False,False,none
cmjkmbph-1,TMA00315,False,False,False,none
cmjnphdj-1,TMA00315,False,False,False,none
cmjpjldi-1,TMA00315,False,False,False,none
cmkalbfi-1,TMA00315,False,False,False,none
cmkdkddb-1,TMA00315,False,False,False,none
cmkgoieg-1,TMA00315,False,False,False,none
cmknobia-1,TMA00315,False,False,False,none
cmkohckg-1,TMA00315,False,False,False,none
cmkookho-1,TMA00315,False,False,False,none
cmlbnijj-1,TMA00315,False,False,False,none
cmldemcl-1,TMA00315,False,False,False,none
cmldodam-1,TMA00315,False,False,False,none
cmlgigcf-1,TMA00315,False,False,False,none
cmljmidi-1,TMA00315,False,False,False,none
cmlnkomn-1,TMA00315,False,False,False,none
cmlochjd-1,TMA00315,False,False,False,none
cmmaapij-1,TMA00315,False,False,False,none
cmmafcna-1,TMA00315,False,False,False,none
cmmdbgee-1,TMA00315,False,False,False,none
cmmffkno-1,TMA00315,False,False,False,none
cmmhdnof-1,TMA00315,False,False,False,none
cmmmikke-1,TMA00315,False,False,False,none
cmmndmeg-1,TMA00315,False,False,False,none
cmnaaege-1,TMA00315,False,False,False,none
cmncinoj-1,TMA00315,False,False,False,none
cmnejcel-1,TMA00315,False,False,False,none
cmngffjd-1,TMA00315,False,False,False,none
cmnncnhp-1,TMA00315,False,False,False,none
cmnofoec-1,TMA00315,False,False,False,none
cmnoncke-1,TMA00315,False,False,False,none
cmoaglod-1,TMA00315,False,False,False,none
cmockkha-1,TMA00315,False,False,False,none
cmojkmdd-1,TMA00315,False,False,False,none
cmonjhhe-1,TMA00315,False,False,False,none
cmpbnaij-1,TMA00315,False,False,False,none
cmpdboma-1,TMA00315,False,False,False,none
cmpekjhm-1,TMA00315,False,False,False,none
cmpgfgdi-1,TMA00315,False,False,False,none
cmpgodbe-1,TMA00315,False,False,False,none
cmpjihkl-1,TMA00315,False,False,False,none
cmplpdhl-1,TMA00315,False,False,False,none
cmpmaico-1,TMA00315,False,False,False,none
cmpnmkgd-1,TMA00315,False,False,False,none
cmpohigo-1,TMA00315,False,False,False,none
cnaipimh-1,TMA00315,False,False,False,none
cnambnpd-1,TMA00315,False,False,False,none
cnaongaj-1,TMA00315,False,False,False,none
cnbainmp-1,TMA00315,False,False,False,none
cnbfbccp-1,TMA00315,False,False,False,none
cnbfbllm-1,TMA00315,False,False,False,none
cnbgmgdf-1,TMA00315,False,False,False,none
cnbjcnkc-1,TMA00315,False,False,False,none
cnbmdgin-1,TMA00315,False,False,False,none
cnbmngpb-1,TMA00315,False,False,False,none
cnbobmin-1,TMA00315,False,False,False,none
cnbokaan-1,TMA00315,False,False,False,none
cncapchd-1,TMA00315,False,False,False,none
cncehhfm-1,TMA00315,False,False,False,none
cncellcl-1,TMA00315,False,False,False,none
cncfepbb-1,TMA00315,False,False,False,none
cnchdbjm-1,TMA00315,False,False,False,none
cncibmof-1,TMA00315,False,False,False,none
cnckdidn-1,TMA00315,False,False,False,none
cncklnnm-1,TMA00315,False,False,False,none
cnclahdm-1,TMA00315,False,False,False,none
cnclcimj-1,TMA00315,False,False,False,none
cncmpekf-1,TMA00315,False,False,False,none
cncnimln-1,TMA00315,False,False,False,none
cncnonig-1,TMA00315,False,False,False,none
cncoimck-1,TMA00315,False,False,False,none
cndcpcae-1,TMA00315,False,False,False,none
cndgegia-1,TMA00315,False,False,False,none
cndjchba-1,TMA00315,False,False,False,none
cndkgjke-1,TMA00315,False,False,False,none
cndlijlf-1,TMA00315,False,False,False,none
cndlkghn-1,TMA00315,False,False,False,none
cndmnnaj-1,TMA00315,False,False,False,none
cndnejmg-1,TMA00315,False,False,False,none
cneafcfm-1,TMA00315,False,False,False,none
cnehiagm-1,TMA00315,False,False,False,none
cnenfkkh-1,TMA00315,False,False,False,none
cnenkbfh-1,TMA00315,False,False,False,none
cnfbfaai-1,TMA00315,False,False,False,none
cnfcnedg-1,TMA00315,False,False,False,none
cnfeacdp-1,TMA00315,False,False,False,none
cnffklli-1,TMA00315,False,False,False,none
cnffodji-1,TMA00315,False,False,False,none
cnfgdgdm-1,TMA00315,False,False,False,none
cnfgldae-1,TMA00315,False,False,False,none
cnfkckjd-1,TMA00315,False,False,False,none
cnfkkppc-1,TMA00315,False,False,False,none
cnflelmd-1,TMA00315,False,False,False,none
cnflojje-1,TMA00315,False,False,False,none
cnfnakeh-1,TMA00315,False,False,False,none
cnfnbfch-1,TMA00315,False,False,False,none
cnfokdln-1,TMA00315,False,False,False,none
cngcainp-1,TMA00315,False,False,False,none
cngecanh-1,TMA00315,False,False,False,none
cngfgnfi-1,TMA00315,False,False,False,none
cngijlcj-1,TMA00315,False,False,False,none
cngjpfnh-1,TMA00315,False,False,False,none
cngkkfje-1,TMA00315,False,False,False,none
cnglfoba-1,TMA00315,False,False,False,none
cngnemoa-1,TMA00315,False,False,False,none
cnhajadf-1,TMA00315,False,False,False,none
cnhepmoa-1,TMA00315,False,False,False,none
cnhffojo-1,TMA00315,False,False,False,none
cnhfibae-1,TMA00315,False,False,False,none
cnhhaool-1,TMA00315,False,False,False,none
cnhiddan-1,TMA00315,False,False,False,none
cnhjojhp-1,TMA00315,False,False,False,none
cnhmdnbp-1,TMA00315,False,False,False,none
cnhoembp-1,TMA00315,False,False,False,none
cnidhpnj-1,TMA00315,False,False,False,none
cnifnbae-1,TMA00315,False,False,False,none
cnifogeb-1,TMA00315,False,False,False,none
cnigcboa-1,TMA00315,False,False,False,none
cnijahie-1,TMA00315,False,False,False,none
cnijlblf-1,TMA00315,False,False,False,none
cnimchdb-1,TMA00315,False,False,False,none
cninfbnb-1,TMA00315,False,False,False,none
cniohohp-1,TMA00315,False,False,False,none
cnjfefbn-1,TMA00315,False,False,False,none
cnjfijjo-1,TMA00315,False,False,False,none
cnjgjdnp-1,TMA00315,False,False,False,none
cnjkacjc-1,TMA00315,False,False,False,none
cnjlapid-1,TMA00315,False,False,False,none
cnjmjkfi-1,TMA00315,False,False,False,none
cnjnjgie-1,TMA00315,True,False,False,EGFP_Seq1_hi
cnkaiiam-1,TMA00315,False,False,False,none
cnkbmjbl-1,TMA00315,False,False,False,none
cnkdgmeh-1,TMA00315,False,False,False,none
cnkehfcm-1,TMA00315,False,False,False,none
cnkfnjie-1,TMA00315,False,False,False,none
cnkjdfdd-1,TMA00315,False,False,False,none
cnklmlkc-1,TMA00315,False,False,False,none
cnklnhgf-1,TMA00315,False,False,False,none
cnlbdami-1,TMA00315,False,False,False,none
cnlbemgn-1,TMA00315,False,False,False,none
cnlbkggc-1,TMA00315,False,False,False,none
cnldkbml-1,TMA00315,False,False,False,none
cnlelgfd-1,TMA00315,False,False,False,none
cnlfjcaj-1,TMA00315,False,False,False,none
cnlglipk-1,TMA00315,False,False,False,none
cnlibjai-1,TMA00315,False,False,False,none
cnlidmog-1,TMA00315,False,False,False,none
cnlnnkhi-1,TMA00315,False,False,False,none
cnlojmng-1,TMA00315,False,False,False,none
cnlpjboj-1,TMA00315,False,False,False,none
cnmdcbkh-1,TMA00315,False,False,False,none
cnmebafb-1,TMA00315,False,False,False,none
cnmepkhj-1,TMA00315,False,False,False,none
cnmmglce-1,TMA00315,False,False,False,none
cnmmmlbd-1,TMA00315,False,False,False,none
cnnbnjdl-1,TMA00315,False,False,False,none
cnngglda-1,TMA00315,False,False,False,none
cnnghkbd-1,TMA00315,False,False,False,none
cnnijcil-1,TMA00315,False,False,False,none
cnnjdpme-1,TMA00315,False,False,False,none
cnnkkhje-1,TMA00315,False,False,False,none
cnnoienb-1,TMA00315,False,False,False,none
cnoemphe-1,TMA00315,False,False,False,none
cnofmcen-1,TMA00315,False,False,False,none
cnoifchc-1,TMA00315,False,False,False,none
cnoikdmo-1,TMA00315,False,False,False,none
cnoknblb-1,TMA00315,False,False,False,none
cnombppi-1,TMA00315,False,False,False,none
cnooobgk-1,TMA00315,False,False,False,none
cnpcjcjo-1,TMA00315,False,False,False,none
cnpdfdno-1,TMA00315,False,False,False,none
cnpeejdp-1,TMA00315,False,False,False,none
cnpefcnl-1,TMA00315,False,False,False,none
cnpfcpip-1,TMA00315,False,False,False,none
cnpffcen-1,TMA00315,False,False,False,none
cnpimalh-1,TMA00315,False,False,False,none
cnpkanff-1,TMA00315,False,False,False,none
cnpkdjdp-1,TMA00315,False,False,False,none
cnpodpkg-1,TMA00315,False,False,False,none
cnpombma-1,TMA00315,False,False,False,none
cnppdaag-1,TMA00315,False,False,False,none
coafijgo-1,TMA00315,False,False,False,none
coagpbdf-1,TMA00315,False,False,False,none
coahikic-1,TMA00315,False,False,False,none
coaiaaig-1,TMA00315,False,False,False,none
cobcnfdj-1,TMA00315,False,False,False,none
cobddnmf-1,TMA00315,False,False,False,none
cobgjjnn-1,TMA00315,False,False,False,none
cobkdghe-1,TMA00315,False,False,False,none
cobklbnh-1,TMA00315,False,False,False,none
cobmjbpa-1,TMA00315,False,False,False,none
cobndlne-1,TMA00315,False,False,False,none
cobofdpk-1,TMA00315,False,False,False,none
coccaffn-1,TMA00315,False,False,False,none
coccigoi-1,TMA00315,False,False,False,none
coccmmfn-1,TMA00315,False,False,False,none
coccobmi-1,TMA00315,False,False,False,none
cocgbdad-1,TMA00315,False,False,False,none
cochnjnm-1,TMA00315,False,False,False,none
cocmilma-1,TMA00315,False,False,False,none
coddlopo-1,TMA00315,False,False,False,none
codeacoi-1,TMA00315,False,False,False,none
codenipp-1,TMA00315,False,False,False,none
codihdog-1,TMA00315,False,False,False,none
coeblpia-1,TMA00315,False,False,False,none
coefdjhn-1,TMA00315,False,False,False,none
coefhfpi-1,TMA00315,False,False,False,none
coejjpik-1,TMA00315,False,False,False,none
coelmjoh-1,TMA00315,False,False,False,none
cofcfhkk-1,TMA00315,False,False,False,none
cofeobog-1,TMA00315,False,False,False,none
cofhmkak-1,TMA00315,False,False,False,none
cofiekjp-1,TMA00315,False,False,False,none
cofkmpgn-1,TMA00315,False,False,False,none
cogdkkol-1,TMA00315,False,False,False,none
cogdodho-1,TMA00315,False,False,False,none
cogfgobo-1,TMA00315,False,False,False,none
coginnmc-1,TMA00315,False,False,False,none
coglbjpo-1,TMA00315,False,False,False,none
coglncfj-1,TMA00315,False,False,False,none
cogncicm-1,TMA00315,False,False,False,none
cohbehae-1,TMA00315,False,False,False,none
cohbofmp-1,TMA00315,False,False,False,none
cohcilhn-1,TMA00315,False,False,False,none
cohebadc-1,TMA00315,False,False,False,none
cohgpahd-1,TMA00315,False,False,False,none
cohjdojg-1,TMA00315,False,False,False,none
cohkephi-1,TMA00315,False,False,False,none
coiodgfa-1,TMA00315,False,False,False,none
coionccl-1,TMA00315,False,False,False,none
coipeppo-1,TMA00315,False,False,False,none
coiphlbd-1,TMA00315,False,True,False,dTomato_Seq2_hi
cojapjid-1,TMA00315,False,False,False,none
cojfcjcp-1,TMA00315,False,False,False,none
cojidgcm-1,TMA00315,False,False,False,none
cojiiemn-1,TMA00315,False,False,False,none
cojjekai-1,TMA00315,False,False,False,none
cojjkplc-1,TMA00315,False,False,False,none
cojlabcm-1,TMA00315,False,False,False,none
cojldfij-1,TMA00315,False,False,False,none
cojmpdeh-1,TMA00315,False,False,False,none
cokaihod-1,TMA00315,False,False,False,none
cokcgped-1,TMA00315,False,False,False,none
cokdcgbf-1,TMA00315,False,False,False,none
cokjemno-1,TMA00315,False,False,False,none
cokkonbp-1,TMA00315,False,False,False,none
colbamhj-1,TMA00315,False,False,False,none
colcbboc-1,TMA00315,False,False,False,none
coldalhi-1,TMA00315,False,False,False,none
colefgeh-1,TMA00315,False,False,False,none
coleldek-1,TMA00315,False,False,False,none
colfehpi-1,TMA00315,False,False,False,none
colgmbmh-1,TMA00315,False,False,False,none
coljkpma-1,TMA00315,False,False,False,none
colppcbk-1,TMA00315,False,False,False,none
comafogb-1,TMA00315,False,False,False,none
comalkoa-1,TMA00315,False,False,False,none
combkpbd-1,TMA00315,False,False,False,none
comcopll-1,TMA00315,False,False,False,none
comfbhaj-1,TMA00315,False,False,False,none
comffgeg-1,TMA00315,False,False,False,none
comgfdia-1,TMA00315,False,False,False,none
comikbnp-1,TMA00315,False,False,False,none
comjdggg-1,TMA00315,False,False,False,none
comopppo-1,TMA00315,False,False,False,none
conecopn-1,TMA00315,False,False,False,none
conehdmj-1,TMA00315,False,False,False,none
conkdljp-1,TMA00315,False,False,False,none
conkhmij-1,TMA00315,False,False,False,none
conlhebe-1,TMA00315,False,False,False,none
conoidah-1,TMA00315,False,False,False,none
conopjbd-1,TMA00315,False,False,False,none
cooahgnb-1,TMA00315,False,False,False,none
coodpbnm-1,TMA00315,False,False,False,none
coofeiad-1,TMA00315,False,False,False,none
coogkgol-1,TMA00315,False,False,False,none
cooifofd-1,TMA00315,False,False,False,none
cooimfde-1,TMA00315,False,False,False,none
copbecdc-1,TMA00315,False,False,False,none
copfkmfi-1,TMA00315,False,False,False,none
copmmnbb-1,TMA00315,False,False,False,none
copmnjla-1,TMA00315,False,False,False,none
copoepol-1,TMA00315,False,False,False,none
cpafkmbl-1,TMA00315,False,False,False,none
cpainoam-1,TMA00315,False,False,False,none
cpbafoeh-1,TMA00315,False,False,False,none
cpbbfdob-1,TMA00315,False,False,False,none
cpbcnalp-1,TMA00315,False,False,False,none
cpbdhjdh-1,TMA00315,False,False,False,none
cpbhobfa-1,TMA00315,False,False,False,none
cpbjghon-1,TMA00315,False,False,False,none
cpblkmka-1,TMA00315,False,False,False,none
cpbmcmof-1,TMA00315,False,False,False,none
cpbnbmde-1,TMA00315,False,False,False,none
cpcbmefk-1,TMA00315,False,False,False,none
cpdebcdc-1,TMA00315,False,False,False,none
cpdfnihp-1,TMA00315,False,False,False,none
cpdmaonm-1,TMA00315,False,False,False,none
cpdphmcd-1,TMA00315,False,False,False,none
cpeigepb-1,TMA00315,False,False,False,none
cpejdcno-1,TMA00315,False,False,False,none
cpekkjie-1,TMA00315,False,False,False,none
cpekninp-1,TMA00315,False,False,False,none
cpelolaf-1,TMA00315,False,False,False,none
cpeoenda-1,TMA00315,False,False,False,none
cpfbmkhn-1,TMA00315,False,False,False,none
cpfcidmh-1,TMA00315,False,False,False,none
cpfegppj-1,TMA00315,False,False,False,none
cpfjjaba-1,TMA00315,False,False,False,none
cpfkeakp-1,TMA00315,False,False,False,none
cpfkihon-1,TMA00315,False,False,False,none
cpfndlme-1,TMA00315,False,False,False,none
cpfpjeic-1,TMA00315,False,False,False,none
cpgcacel-1,TMA00315,False,False,False,none
cpgchhhl-1,TMA00315,False,False,False,none
cpgddnkn-1,TMA00315,False,False,False,none
cpgdejdb-1,TMA00315,False,False,False,none
cpgennog-1,TMA00315,False,False,False,none
cpggpkln-1,TMA00315,False,False,False,none
cpgielbp-1,TMA00315,False,False,False,none
cpgnahig-1,TMA00315,False,False,False,none
cpgncjfk-1,TMA00315,False,False,False,none
cpgpdnok-1,TMA00315,False,False,False,none
cphccboc-1,TMA00315,False,False,False,none
cphdelco-1,TMA00315,False,False,False,none
cphgjekg-1,TMA00315,False,False,False,none
cphifilp-1,TMA00315,False,False,False,none
cphnecdm-1,TMA00315,False,False,False,none
cphnglkb-1,TMA00315,False,False,False,none
cpholpej-1,TMA00315,False,False,False,none
cpiangmd-1,TMA00315,False,False,False,none
cpibbhgo-1,TMA00315,False,False,False,none
cpibdddn-1,TMA00315,False,False,False,none
cpihbnoa-1,TMA00315,False,False,False,none
cpikbnbf-1,TMA00315,False,False,False,none
cpilfpaa-1,TMA00315,False,False,False,none
cpiljjjd-1,TMA00315,False,False,False,none
cpilndpi-1,TMA00315,False,False,False,none
cpindmhn-1,TMA00315,False,False,False,none
cpinopmm-1,TMA00315,False,False,False,none
cpipiaaj-1,TMA00315,False,False,False,none
cpjdpjki-1,TMA00315,False,False,False,none
cpjeklda-1,TMA00315,False,False,False,none
cpjgdgnf-1,TMA00315,False,False,False,none
cpjgmpgf-1,TMA00315,False,False,False,none
cpjhfohc-1,TMA00315,False,False,False,none
cpjkmmne-1,TMA00315,False,False,False,none
cpjljiae-1,TMA00315,False,False,False,none
cpjmpofo-1,TMA00315,False,False,False,none
cpjnpkep-1,TMA00315,False,False,False,none
cpjojiab-1,TMA00315,False,False,False,none
cpkaggpc-1,TMA00315,False,False,False,none
cpkaihhd-1,TMA00315,False,False,False,none
cpkalpao-1,TMA00315,False,False,False,none
cpkbdggh-1,TMA00315,False,False,False,none
cpkgmfjk-1,TMA00315,False,False,False,none
cpkjomej-1,TMA00315,False,False,False,none
cpklgkhc-1,TMA00315,False,False,False,none
cpldhlce-1,TMA00315,False,False,False,none
cpliefcf-1,TMA00315,False,False,False,none
cpljimpc-1,TMA00315,False,False,False,none
cplllioi-1,TMA00315,False,False,False,none
cpmajegj-1,TMA00315,False,False,False,none
cpmbdnlm-1,TMA00315,False,False,False,none
cpmeeeba-1,TMA00315,False,False,False,none
cpmgabii-1,TMA00315,False,False,False,none
cpmhkkma-1,TMA00315,False,False,False,none
cpmhoihi-1,TMA00315,False,False,False,none
cpmkhpfm-1,TMA00315,False,False,False,none
cpmklpfj-1,TMA00315,False,False,False,none
cpmlpdka-1,TMA00315,False,False,False,none
cpmnjkjp-1,TMA00315,False,False,False,none
cpmopblj-1,TMA00315,False,False,False,none
cpmpaheb-1,TMA00315,False,False,False,none
cpndnekk-1,TMA00315,False,False,False,none
cpnfpkfa-1,TMA00315,False,False,False,none
cpngnlfn-1,TMA00315,False,False,False,none
cpnilgjo-1,TMA00315,False,False,False,none
cpnlpbig-1,TMA00315,False,False,False,none
cpnnigch-1,TMA00315,False,False,False,none
cpocedga-1,TMA00315,False,False,False,none
cpoefgoc-1,TMA00315,False,False,False,none
cpoepmmk-1,TMA00315,False,False,False,none
cpomealg-1,TMA00315,False,False,False,none
cpphjmdp-1,TMA00315,False,False,False,none
cppngdbj-1,TMA00315,False,False,False,none
daabgnfg-1,TMA00315,False,False,False,none
daaeobia-1,TMA00315,False,False,False,none
daagcinc-1,TMA00315,False,False,False,none
daainidn-1,TMA00315,False,False,False,none
daakbomj-1,TMA00315,False,False,False,none
daalcefh-1,TMA00315,False,False,False,none
daaongpf-1,TMA00315,False,False,False,none
dabciihm-1,TMA00315,False,False,False,none
dabecjao-1,TMA00315,False,False,False,none
dabeipmd-1,TMA00315,False,False,False,none
dabljcmo-1,TMA00315,False,False,False,none
dabokjce-1,TMA00315,False,False,False,none
dabplbgc-1,TMA00315,False,False,False,none
daccedpi-1,TMA00315,False,False,False,none
dacdglik-1,TMA00315,False,False,False,none
daceoccf-1,TMA00315,False,False,False,none
dacilglh-1,TMA00315,False,False,False,none
dadcfabl-1,TMA00315,False,False,False,none
dadhnmeo-1,TMA00315,False,False,False,none
dadjgeif-1,TMA00315,False,False,False,none
dadkflld-1,TMA00315,False,False,False,none
dadleppn-1,TMA00315,False,False,False,none
dadndnil-1,TMA00315,False,False,False,none
dadpgbnk-1,TMA00315,False,False,False,none
daecinii-1,TMA00315,False,False,False,none
daehmimh-1,TMA00315,False,False,False,none
daekabcl-1,TMA00315,False,False,False,none
daelpnoh-1,TMA00315,False,False,False,none
dafbpmbc-1,TMA00315,False,False,False,none
dafedklo-1,TMA00315,False,False,False,none
daffdknm-1,TMA00315,False,False,False,none
dafigddg-1,TMA00315,False,False,False,none
dafmlakc-1,TMA00315,False,False,False,none
dafmmegd-1,TMA00315,False,False,False,none
dafneppj-1,TMA00315,False,False,False,none
dafoddnk-1,TMA00315,False,False,False,none
dafoenbd-1,TMA00315,False,False,False,none
dafppacf-1,TMA00315,False,False,False,none
dagagihh-1,TMA00315,False,False,False,none
dagclmon-1,TMA00315,False,False,False,none
dagddbfj-1,TMA00315,False,False,False,none
dagemddi-1,TMA00315,False,False,False,none
dagjfhei-1,TMA00315,False,False,False,none
dagjgojp-1,TMA00315,False,False,False,none
daglcmmo-1,TMA00315,False,False,False,none
dahabhkg-1,TMA00315,False,False,False,none
dahemaic-1,TMA00315,False,False,False,none
dahfbijm-1,TMA00315,False,False,False,none
dahkclgg-1,TMA00315,False,False,False,none
dahngbnj-1,TMA00315,False,False,False,none
daifgkne-1,TMA00315,False,False,False,none
daighhhd-1,TMA00315,False,False,False,none
daijjikg-1,TMA00315,False,False,False,none
daipgcnb-1,TMA00315,False,False,False,none
dajdleep-1,TMA00315,False,False,False,none
dakcmnpk-1,TMA00315,False,False,False,none
dakddodk-1,TMA00315,False,False,False,none
dakfojpb-1,TMA00315,False,False,False,none
dakfpidd-1,TMA00315,False,False,False,none
dakhinoh-1,TMA00315,False,False,False,none
dakpanli-1,TMA00315,False,False,False,none
daladpib-1,TMA00315,False,False,False,none
dalaelfl-1,TMA00315,False,False,False,none
dalakgcd-1,TMA00315,False,False,False,none
dalbajoc-1,TMA00315,False,False,False,none
dalfelli-1,TMA00315,False,False,False,none
dalmodej-1,TMA00315,False,False,False,none
dalnhbpi-1,TMA00315,False,False,False,none
dalnpecc-1,TMA00315,False,False,False,none
damallfg-1,TMA00315,False,False,False,none
damciian-1,TMA00315,False,False,False,none
damckkdk-1,TMA00315,False,False,False,none
damfdijd-1,TMA00315,False,False,False,none
damjgfmh-1,TMA00315,False,False,False,none
damkcehp-1,TMA00315,False,False,False,none
dammijde-1,TMA00315,False,False,False,none
damnpdmj-1,TMA00315,False,False,False,none
danciclm-1,TMA00315,False,False,False,none
dandcnga-1,TMA00315,False,False,False,none
danfnapo-1,TMA00315,False,False,False,none
dangdfjm-1,TMA00315,False,False,False,none
daniohha-1,TMA00315,False,False,False,none
danpfelk-1,TMA00315,False,False,False,none
daoamole-1,TMA00315,False,False,False,none
daocbdgb-1,TMA00315,False,False,False,none
daodomfi-1,TMA00315,False,False,False,none
daoihoji-1,TMA00315,False,False,False,none
daokiipo-1,TMA00315,False,False,False,none
dapjnkjg-1,TMA00315,False,False,False,none
dapjojob-1,TMA00315,False,False,False,none
dapmbcdf-1,TMA00315,False,False,False,none
dbabdihh-1,TMA00315,False,False,False,none
dbahkiea-1,TMA00315,False,False,False,none
dbaijljf-1,TMA00315,False,False,False,none
dbajichf-1,TMA00315,False,False,False,none
dbakdhba-1,TMA00315,False,False,False,none
dbalhkbo-1,TMA00315,False,False,False,none
dbanmlbn-1,TMA00315,False,False,False,none
dbaohcfj-1,TMA00315,False,False,False,none
dbaphhea-1,TMA00315,False,False,False,none
dbapicpl-1,TMA00315,False,False,False,none
dbbalabe-1,TMA00315,False,False,False,none
dbbcghon-1,TMA00315,False,False,False,none
dbbhhgkj-1,TMA00315,False,False,False,none
dbbjgkgn-1,TMA00315,False,False,False,none
dbbkjobe-1,TMA00315,False,False,False,none
dbbliepb-1,TMA00315,False,False,False,none
dbbmkckf-1,TMA00315,False,False,False,none
dbbnamcp-1,TMA00315,False,False,False,none
dbbpodhh-1,TMA00315,False,False,False,none
dbcadima-1,TMA00315,False,False,False,none
dbcaebch-1,TMA00315,False,False,False,none
dbcbaipb-1,TMA00315,False,False,False,none
dbcjdpcp-1,TMA00315,False,False,False,none
dbcjkfam-1,TMA00315,False,False,False,none
dbcjlpkh-1,TMA00315,False,False,False,none
dbckjiif-1,TMA00315,False,False,False,none
dbcpnfdd-1,TMA00315,False,False,False,none
dbdehpmk-1,TMA00315,False,False,False,none
dbdejhnl-1,TMA00315,True,False,False,EGFP_Seq1_hi
dbdfbcje-1,TMA00315,True,False,False,EGFP_Seq1_hi
dbdiheid-1,TMA00315,False,False,False,none
dbdogdbo-1,TMA00315,False,False,False,none
dbegebhb-1,TMA00315,False,False,False,none
dbeihpcj-1,TMA00315,False,False,False,none
dbekcgac-1,TMA00315,False,False,False,none
dbenfnml-1,TMA00315,False,False,False,none
dbfbiphj-1,TMA00315,False,False,False,none
dbfcdpdj-1,TMA00315,False,False,False,none
dbfgchfd-1,TMA00315,False,False,False,none
dbfkchlh-1,TMA00315,False,False,False,none
dbfkddao-1,TMA00315,False,False,False,none
dbfldjbn-1,TMA00315,False,False,False,none
dbgakbbh-1,TMA00315,False,False,False,none
dbgbbkko-1,TMA00315,False,False,False,none
dbgpaond-1,TMA00315,False,False,False,none
dbgpdgmm-1,TMA00315,False,False,False,none
dbgpnkaf-1,TMA00315,True,False,False,EGFP_Seq1_hi
dbhcggoh-1,TMA00315,False,False,False,none
dbhciogb-1,TMA00315,False,False,False,none
dbholjdo-1,TMA00315,False,False,False,none
dbiabogb-1,TMA00315,True,False,False,EGFP_Seq1_hi
dbiakdje-1,TMA00315,False,False,False,none
dbibbiel-1,TMA00315,False,False,False,none
dbibjaao-1,TMA00315,False,False,False,none
dbiecgpa-1,TMA00315,False,False,False,none
dbikcnoj-1,TMA00315,False,False,False,none
dbindhlk-1,TMA00315,False,False,False,none
dbioenod-1,TMA00315,False,False,False,none
dbjffakm-1,TMA00315,False,False,False,none
dbjjcboh-1,TMA00315,True,False,False,EGFP_Seq1_hi
dbjlecki-1,TMA00315,False,False,False,none
dbkannfo-1,TMA00315,False,False,False,none
dbkbofam-1,TMA00315,False,False,False,none
dbkdmjnf-1,TMA00315,False,False,False,none
dbkiepel-1,TMA00315,False,False,False,none
dbkjemef-1,TMA00315,False,False,False,none
dbkocife-1,TMA00315,False,False,False,none
dblaidfe-1,TMA00315,False,False,False,none
dbldcgci-1,TMA00315,False,False,False,none
dblemhbc-1,TMA00315,False,False,False,none
dblgjnjp-1,TMA00315,False,False,False,none
dbljccgp-1,TMA00315,False,False,False,none
dblkpmjh-1,TMA00315,False,False,False,none
dbllgbfa-1,TMA00315,False,False,False,none
dblnllpl-1,TMA00315,False,False,False,none
dbmbilbh-1,TMA00315,False,False,False,none
dbmddhaa-1,TMA00315,False,False,False,none
dbmfjhej-1,TMA00315,False,False,False,none
dbmgilnl-1,TMA00315,False,False,False,none
dbmjhfmi-1,TMA00315,False,False,False,none
dbmkbfhc-1,TMA00315,False,False,False,none
dbmmddeo-1,TMA00315,False,False,False,none
dbnahdii-1,TMA00315,False,False,False,none
dbnapbai-1,TMA00315,False,False,False,none
dbnchbgp-1,TMA00315,False,False,False,none
dbnelpcl-1,TMA00315,False,False,False,none
dbnfnlbm-1,TMA00315,False,False,False,none
dbnjmiab-1,TMA00315,False,False,False,none
dbnkhnbl-1,TMA00315,False,False,False,none
dbnpcemk-1,TMA00315,False,False,False,none
dbnpdoil-1,TMA00315,False,False,False,none
dbnppjbp-1,TMA00315,False,False,False,none
dboadhjk-1,TMA00315,False,False,False,none
dbocmaca-1,TMA00315,False,False,False,none
dboemdhg-1,TMA00315,False,False,False,none
dbojldmi-1,TMA00315,False,False,False,none
dbokmbho-1,TMA00315,False,False,False,none
dbokpdic-1,TMA00315,False,False,False,none
dbondhmk-1,TMA00315,False,False,False,none
dbonpeef-1,TMA00315,False,False,False,none
dboomlna-1,TMA00315,False,False,False,none
dboonhmk-1,TMA00315,False,False,False,none
dbpahhge-1,TMA00315,False,False,False,none
dbpdabnl-1,TMA00315,False,False,False,none
dbpdbhkm-1,TMA00315,False,False,False,none
dbpdkode-1,TMA00315,False,False,False,none
dbpegfdp-1,TMA00315,False,False,False,none
dbpjkgdd-1,TMA00315,False,False,False,none
dbplhhof-1,TMA00315,False,False,False,none
dbplngen-1,TMA00315,False,False,False,none
dbpmoiej-1,TMA00315,False,False,False,none
dcabcadc-1,TMA00315,False,False,False,none
dcaccicl-1,TMA00315,False,False,False,none
dcaiefii-1,TMA00315,False,False,False,none
dcailefk-1,TMA00315,False,False,False,none
dcalfnmk-1,TMA00315,False,False,False,none
dcalhcic-1,TMA00315,False,False,False,none
dcammmch-1,TMA00315,False,False,False,none
dcapmogj-1,TMA00315,False,False,False,none
dcbbfnbh-1,TMA00315,False,False,False,none
dcbbheji-1,TMA00315,False,False,False,none
dcbcjknm-1,TMA00315,False,False,False,none
dcbdniec-1,TMA00315,False,False,False,none
dcbeleon-1,TMA00315,False,False,False,none
dcbelino-1,TMA00315,False,False,False,none
dcbknemg-1,TMA00315,False,False,False,none
dccbnoke-1,TMA00315,False,False,False,none
dccehkdc-1,TMA00315,False,False,False,none
dccejdkl-1,TMA00315,False,False,False,none
dccejjca-1,TMA00315,False,False,False,none
dcchekel-1,TMA00315,False,False,False,none
dccijofn-1,TMA00315,False,False,False,none
dccjnjhm-1,TMA00315,False,False,False,none
dccmfmdd-1,TMA00315,False,False,False,none
dccmicga-1,TMA00315,False,False,False,none
dccnfclh-1,TMA00315,False,False,False,none
dccobncc-1,TMA00315,False,False,False,none
dcdacmac-1,TMA00315,False,False,False,none
dcdcemco-1,TMA00315,False,False,False,none
dcddncin-1,TMA00315,False,False,False,none
dcdgbhkb-1,TMA00315,False,False,False,none
dcdgeflh-1,TMA00315,False,False,False,none
dcdlapcn-1,TMA00315,False,False,False,none
dcdlgblj-1,TMA00315,False,False,False,none
dcecmcjh-1,TMA00315,False,False,False,none
dcefggpc-1,TMA00315,False,False,False,none
dcehelko-1,TMA00315,False,False,False,none
dcelmehe-1,TMA00315,False,False,False,none
dcemlbec-1,TMA00315,False,False,False,none
dceobbcl-1,TMA00315,False,False,False,none
dcfajpjn-1,TMA00315,False,False,False,none
dcfdnhll-1,TMA00315,False,False,False,none
dcgagafn-1,TMA00315,False,False,False,none
dcgcpaen-1,TMA00315,False,False,False,none
dcgekinm-1,TMA00315,False,False,False,none
dcgenlni-1,TMA00315,False,False,False,none
dcgfmcem-1,TMA00315,False,False,False,none
dcgfpbcd-1,TMA00315,False,False,False,none
dcginblb-1,TMA00315,False,False,False,none
dcgjlbap-1,TMA00315,False,False,False,none
dcgoeodf-1,TMA00315,False,False,False,none
dchgdamf-1,TMA00315,False,False,False,none
dchjecdp-1,TMA00315,False,False,False,none
dchmkpjc-1,TMA00315,False,False,False,none
dciffdla-1,TMA00315,False,False,False,none
dcigeink-1,TMA00315,False,False,False,none
dcigippo-1,TMA00315,False,False,False,none
dcikbfhi-1,TMA00315,False,False,False,none
dcikbkmf-1,TMA00315,False,False,False,none
dcikpjek-1,TMA00315,False,False,False,none
dcileole-1,TMA00315,False,False,False,none
dcjahbdp-1,TMA00315,False,False,False,none
dcjcknda-1,TMA00315,False,False,False,none
dcjgbdjb-1,TMA00315,False,False,False,none
dcjgbdnl-1,TMA00315,False,False,False,none
dcjgjncn-1,TMA00315,False,False,False,none
dcjmlnln-1,TMA00315,False,False,False,none
dckdmbeo-1,TMA00315,False,False,False,none
dckfaeef-1,TMA00315,False,False,False,none
dckfdpbc-1,TMA00315,False,False,False,none
dckfeobi-1,TMA00315,False,False,False,none
dckgiopp-1,TMA00315,False,False,False,none
dckgkcfb-1,TMA00315,False,False,False,none
dckifgpo-1,TMA00315,False,False,False,none
dckjmhnn-1,TMA00315,False,False,False,none
dckmglka-1,TMA00315,False,False,False,none
dckpnaef-1,TMA00315,False,False,False,none
dcldfpcb-1,TMA00315,False,False,False,none
dclkabha-1,TMA00315,False,False,False,none
dclkgemn-1,TMA00315,False,False,False,none
dclloemf-1,TMA00315,False,False,False,none
dcmcbjop-1,TMA00315,False,False,False,none
dcmdhlkc-1,TMA00315,False,False,False,none
dcmdpmbd-1,TMA00315,False,False,False,none
dcmfflkj-1,TMA00315,False,False,False,none
dcminabk-1,TMA00315,False,False,False,none
dcmkpnpp-1,TMA00315,False,False,False,none
dcnabobh-1,TMA00315,False,False,False,none
dcnalemm-1,TMA00315,False,False,False,none
dcnblbgj-1,TMA00315,False,False,False,none
dcnlbohk-1,TMA00315,False,False,False,none
dcnmfdpa-1,TMA00315,False,False,False,none
dcnnaabd-1,TMA00315,False,False,False,none
dcnnoncb-1,TMA00315,False,False,False,none
dcobfaia-1,TMA00315,False,False,False,none
dcobldjh-1,TMA00315,False,False,False,none
dcoepcin-1,TMA00315,False,False,False,none
dconhcjg-1,TMA00315,False,False,False,none
dconjmog-1,TMA00315,False,False,False,none
dconkika-1,TMA00315,False,False,False,none
dcoofmjo-1,TMA00315,False,False,False,none
dcopkmei-1,TMA00315,False,False,False,none
dcpabfeb-1,TMA00315,False,False,False,none
dcpcfmbk-1,TMA00315,False,False,False,none
dcpgcffo-1,TMA00315,False,False,False,none
dcpgojaf-1,TMA00315,False,False,False,none
dcphmcfg-1,TMA00315,False,False,False,none
dcpipobo-1,TMA00315,False,False,False,none
dcpolhbf-1,TMA00315,False,False,False,none
dcpooeaa-1,TMA00315,False,False,False,none
ddaahcem-1,TMA00315,False,False,False,none
ddacbhfb-1,TMA00315,False,False,False,none
ddacmfah-1,TMA00315,False,False,False,none
ddafompg-1,TMA00315,False,False,False,none
ddahplhe-1,TMA00315,False,False,False,none
ddaiadpd-1,TMA00315,False,False,False,none
ddajpkai-1,TMA00315,False,False,False,none
ddakebff-1,TMA00315,False,False,False,none
ddbedoen-1,TMA00315,False,False,False,none
ddbfknlo-1,TMA00315,False,False,False,none
ddbgfjld-1,TMA00315,False,False,False,none
ddbkljce-1,TMA00315,False,False,False,none
ddcbbgnf-1,TMA00315,False,False,False,none
ddccioan-1,TMA00315,False,False,False,none
ddcdmabg-1,TMA00315,False,False,False,none
ddcefbmb-1,TMA00315,False,False,False,none
ddchjimp-1,TMA00315,False,False,False,none
ddcjemkh-1,TMA00315,False,False,False,none
ddcjooji-1,TMA00315,False,False,False,none
ddcpfpbc-1,TMA00315,False,False,False,none
ddcppmdf-1,TMA00315,False,False,False,none
ddddekjc-1,TMA00315,False,False,False,none
dddecpag-1,TMA00315,False,False,False,none
dddkemdm-1,TMA00315,False,False,False,none
dddlfgni-1,TMA00315,False,False,False,none
dddnhdnd-1,TMA00315,False,False,False,none
ddecncdi-1,TMA00315,False,False,False,none
ddefgdkg-1,TMA00315,False,False,False,none
ddehffkg-1,TMA00315,False,False,False,none
ddeigpkp-1,TMA00315,False,False,False,none
ddenakdf-1,TMA00315,False,False,False,none
ddeokhca-1,TMA00315,False,False,False,none
ddepkgda-1,TMA00315,False,False,False,none
ddfappbf-1,TMA00315,False,False,False,none
ddfeggfm-1,TMA00315,False,False,False,none
ddfejpgl-1,TMA00315,False,False,False,none
ddfgfplh-1,TMA00315,False,False,False,none
ddfggdph-1,TMA00315,False,False,False,none
ddfhlpjc-1,TMA00315,False,False,False,none
ddfkcmkj-1,TMA00315,False,False,False,none
ddfldfgc-1,TMA00315,False,False,False,none
ddfoenjl-1,TMA00315,False,False,False,none
ddgafamn-1,TMA00315,False,False,False,none
ddgbknpk-1,TMA00315,False,False,False,none
ddgbkoib-1,TMA00315,False,False,False,none
ddgenpib-1,TMA00315,False,False,False,none
ddgfhmfb-1,TMA00315,False,False,False,none
ddgjoipi-1,TMA00315,False,False,False,none
ddgkhgdh-1,TMA00315,False,False,False,none
ddgmknbj-1,TMA00315,False,False,False,none
ddhdadcg-1,TMA00315,False,False,False,none
ddhgdofe-1,TMA00315,False,False,False,none
ddhhmfhm-1,TMA00315,False,False,False,none
ddhikhga-1,TMA00315,False,False,False,none
ddhkkmoj-1,TMA00315,False,False,False,none
ddhnijbj-1,TMA00315,False,False,False,none
ddhpofnk-1,TMA00315,False,False,False,none
ddiekdbe-1,TMA00315,False,False,False,none
ddihacnn-1,TMA00315,False,False,False,none
ddikljfb-1,TMA00315,False,False,False,none
ddimdgja-1,TMA00315,False,False,False,none
ddimghdh-1,TMA00315,False,False,False,none
ddimpcin-1,TMA00315,False,False,False,none
ddjaadnc-1,TMA00315,False,False,False,none
ddjcebcl-1,TMA00315,False,False,False,none
ddjejcko-1,TMA00315,False,False,False,none
ddjheeem-1,TMA00315,False,False,False,none
ddjjgehn-1,TMA00315,False,False,False,none
ddjonmch-1,TMA00315,False,False,False,none
ddkahaoc-1,TMA00315,False,False,False,none
ddkbkdaa-1,TMA00315,False,False,False,none
ddkdckfl-1,TMA00315,False,False,False,none
ddkdfpih-1,TMA00315,False,False,False,none
ddkdlcmg-1,TMA00315,False,False,False,none
ddkepmog-1,TMA00315,False,False,False,none
ddkllonh-1,TMA00315,False,False,False,none
ddknhgnd-1,TMA00315,False,False,False,none
ddlcbokl-1,TMA00315,False,False,False,none
ddlfabob-1,TMA00315,False,False,False,none
ddlflbkn-1,TMA00315,False,False,False,none
ddlghfhg-1,TMA00315,False,False,False,none
ddlglimb-1,TMA00315,False,False,False,none
ddllcjbh-1,TMA00315,False,False,False,none
ddllfnem-1,TMA00315,False,False,False,none
ddlljpen-1,TMA00315,False,False,False,none
ddllliji-1,TMA00315,False,False,False,none
ddlomcoj-1,TMA00315,False,False,False,none
ddlphodc-1,TMA00315,False,False,False,none
ddmchgjg-1,TMA00315,False,False,False,none
ddmfibcm-1,TMA00315,False,False,False,none
ddmfmbad-1,TMA00315,False,False,False,none
ddmfnkbb-1,TMA00315,False,False,False,none
ddmigmdi-1,TMA00315,False,False,False,none
ddmnfglk-1,TMA00315,False,False,False,none
ddmnpbcn-1,TMA00315,False,False,False,none
ddmpfppc-1,TMA00315,False,False,False,none
ddnefmhi-1,TMA00315,False,False,False,none
ddnjboie-1,TMA00315,False,False,False,none
ddnlhemf-1,TMA00315,False,False,False,none
ddnllcno-1,TMA00315,False,False,False,none
ddnmeanf-1,TMA00315,False,False,False,none
ddnnhgij-1,TMA00315,False,False,False,none
ddnoflgm-1,TMA00315,False,False,False,none
ddnpjnda-1,TMA00315,False,False,False,none
ddoaijbm-1,TMA00315,False,False,False,none
ddoakadb-1,TMA00315,False,False,False,none
ddocbpba-1,TMA00315,False,False,False,none
ddoddhil-1,TMA00315,False,False,False,none
ddodnpfh-1,TMA00315,False,False,False,none
ddoegloo-1,TMA00315,False,False,False,none
ddoembjo-1,TMA00315,False,False,False,none
ddoihjoo-1,TMA00315,False,False,False,none
ddojhmaf-1,TMA00315,False,False,False,none
ddokfbja-1,TMA00315,False,False,False,none
ddolgmeg-1,TMA00315,False,False,False,none
ddonnnkn-1,TMA00315,False,False,False,none
ddoodide-1,TMA00315,False,False,False,none
ddpckpmo-1,TMA00315,False,False,False,none
ddpgnhgl-1,TMA00315,False,False,False,none
ddphjfmp-1,TMA00315,False,False,False,none
ddpkmnob-1,TMA00315,False,False,False,none
ddpkoodh-1,TMA00315,False,False,False,none
ddplcjbg-1,TMA00315,False,False,False,none
deaclflk-1,TMA00315,False,False,False,none
deaihdbf-1,TMA00315,False,False,False,none
deajbmjg-1,TMA00315,False,False,False,none
deammmop-1,TMA00315,False,False,False,none
deapomlp-1,TMA00315,False,False,False,none
debdjcbd-1,TMA00315,False,False,False,none
debhfhek-1,TMA00315,False,False,False,none
debihjcg-1,TMA00315,False,False,False,none
decamnpl-1,TMA00315,False,False,False,none
decbolan-1,TMA00315,False,False,False,none
decfekgn-1,TMA00315,False,False,False,none
decgjhco-1,TMA00315,False,False,False,none
dechamjo-1,TMA00315,False,False,False,none
dechpllp-1,TMA00315,False,False,False,none
decjihnp-1,TMA00315,False,False,False,none
declgbbf-1,TMA00315,False,False,False,none
decpihkj-1,TMA00315,False,False,False,none
decpjboc-1,TMA00315,False,False,False,none
decpmjjf-1,TMA00315,False,False,False,none
dedeengj-1,TMA00315,False,False,False,none
dedfldbl-1,TMA00315,False,False,False,none
dedhefcf-1,TMA00315,False,False,False,none
dedhjdal-1,TMA00315,False,False,False,none
dedjbjpg-1,TMA00315,False,False,False,none
dedjljeb-1,TMA00315,False,False,False,none
dedoggic-1,TMA00315,False,False,False,none
deeakfef-1,TMA00315,False,False,False,none
deecclbi-1,TMA00315,False,False,False,none
deednnil-1,TMA00315,False,False,False,none
deefjcpi-1,TMA00315,False,False,False,none
deefmofp-1,TMA00315,False,False,False,none
deegfcah-1,TMA00315,False,False,False,none
deehdfcg-1,TMA00315,False,False,False,none
deeianoh-1,TMA00315,False,False,False,none
deekcfjb-1,TMA00315,False,False,False,none
deelfchp-1,TMA00315,False,False,False,none
deemonig-1,TMA00315,False,False,False,none
defdfoap-1,TMA00315,False,False,False,none
defjkppc-1,TMA00315,False,False,False,none
defkgjdo-1,TMA00315,False,False,False,none
defkohgm-1,TMA00315,False,False,False,none
deflaopa-1,TMA00315,False,False,False,none
defldojd-1,TMA00315,False,False,False,none
deflikfo-1,TMA00315,False,False,False,none
defmahih-1,TMA00315,False,False,False,none
defmcdlo-1,TMA00315,False,False,False,none
degdfppa-1,TMA00315,False,False,False,none
degkaldb-1,TMA00315,False,False,False,none
degnlhlh-1,TMA00315,False,False,False,none
degogbfc-1,TMA00315,False,False,False,none
degpbplh-1,TMA00315,False,False,False,none
dehbieid-1,TMA00315,False,False,False,none
dehdnpbj-1,TMA00315,False,False,False,none
dehdoief-1,TMA00315,False,False,False,none
dehegilp-1,TMA00315,False,False,False,none
dehggfln-1,TMA00315,False,False,False,none
dehhdobo-1,TMA00315,False,False,False,none
dehjppic-1,TMA00315,False,False,False,none
dehliomd-1,TMA00315,False,False,False,none
dehndcoe-1,TMA00315,False,False,False,none
dehnoodi-1,TMA00315,False,False,False,none
dehokamc-1,TMA00315,False,False,False,none
deholhpm-1,TMA00315,False,False,False,none
dehphdpn-1,TMA00315,False,False,False,none
dehpknam-1,TMA00315,False,False,False,none
deiajpji-1,TMA00315,False,False,False,none
deiakgnm-1,TMA00315,False,False,False,none
dejenmel-1,TMA00315,False,False,False,none
dejenokg-1,TMA00315,False,False,False,none
dejhjhhc-1,TMA00315,False,False,False,none
dejkdcom-1,TMA00315,False,False,False,none
dejlahfi-1,TMA00315,False,False,False,none
dejmjkbb-1,TMA00315,False,False,False,none
dejoncjf-1,TMA00315,False,False,False,none
dejpfinm-1,TMA00315,False,False,False,none
dekbdmae-1,TMA00315,False,False,False,none
dekcmdik-1,TMA00315,False,False,False,none
dekdjjdi-1,TMA00315,False,False,False,none
dekdpplb-1,TMA00315,False,False,False,none
dekfdllf-1,TMA00315,False,False,False,none
dekhafcf-1,TMA00315,False,False,False,none
dekigham-1,TMA00315,False,False,False,none
dekikdni-1,TMA00315,False,False,False,none
dekkagnd-1,TMA00315,False,False,False,none
deklccni-1,TMA00315,False,False,False,none
dekodmnf-1,TMA00315,False,False,False,none
dekooiod-1,TMA00315,False,False,False,none
delaebpo-1,TMA00315,False,False,False,none
delbfmga-1,TMA00315,False,False,False,none
delbjhaa-1,TMA00315,False,False,False,none
delbmdeh-1,TMA00315,False,False,False,none
delbplfo-1,TMA00315,False,False,False,none
delcimmk-1,TMA00315,False,False,False,none
deldfcdk-1,TMA00315,False,False,False,none
delgfdli-1,TMA00315,False,False,False,none
delimblb-1,TMA00315,False,False,False,none
dellolek-1,TMA00315,False,False,False,none
delniaoe-1,TMA00315,False,False,False,none
demcdmjd-1,TMA00315,False,False,False,none
demecgae-1,TMA00315,False,False,False,none
demimpmk-1,TMA00315,False,False,False,none
demipeib-1,TMA00315,False,False,False,none
demmahcd-1,TMA00315,False,False,False,none
demmjoif-1,TMA00315,False,False,False,none
denhdjjm-1,TMA00315,False,False,False,none
denmaaml-1,TMA00315,False,False,False,none
denmadfo-1,TMA00315,False,False,False,none
denmfmje-1,TMA00315,False,False,False,none
dennkemb-1,TMA00315,False,False,False,none
deogjhem-1,TMA00315,False,False,False,none
deoijbcp-1,TMA00315,False,False,False,none
deokkpke-1,TMA00315,False,False,False,none
deplkcmn-1,TMA00315,False,False,False,none
depoihkm-1,TMA00315,False,False,False,none
dfaddbkn-1,TMA00315,False,False,False,none
dfalhjbb-1,TMA00315,False,False,False,none
dfanjkph-1,TMA00315,False,False,False,none
dfapndhj-1,TMA00315,False,False,False,none
dfbajbdc-1,TMA00315,False,False,False,none
dfbancje-1,TMA00315,False,False,False,none
dfbbmnfp-1,TMA00315,False,False,False,none
dfbcjhcf-1,TMA00315,False,False,False,none
dfbdjocn-1,TMA00315,False,False,False,none
dfbgopaj-1,TMA00315,False,False,False,none
dfbllmoi-1,TMA00315,False,False,False,none
dfbmbobp-1,TMA00315,False,False,False,none
dfbnajbm-1,TMA00315,False,False,False,none
dfbnhmbo-1,TMA00315,False,False,False,none
dfbongno-1,TMA00315,False,False,False,none
dfbpnmkh-1,TMA00315,False,False,False,none
dfccemlg-1,TMA00315,False,False,False,none
dfceongn-1,TMA00315,False,False,False,none
dfcgikhd-1,TMA00315,False,False,False,none
dfciodpe-1,TMA00315,False,False,False,none
dfckbmbj-1,TMA00315,False,False,False,none
dfcngobd-1,TMA00315,False,False,False,none
dfcojcji-1,TMA00315,False,False,False,none
dfdbjnkj-1,TMA00315,False,False,False,none
dfdeaode-1,TMA00315,False,False,False,none
dfdfjnjl-1,TMA00315,False,False,False,none
dfdipfng-1,TMA00315,False,False,False,none
dfdjepld-1,TMA00315,False,False,False,none
dfdmmpim-1,TMA00315,False,False,False,none
dfdpdbbb-1,TMA00315,False,False,False,none
dfebideb-1,TMA00315,False,False,False,none
dfedaajh-1,TMA00315,False,False,False,none
dfedmipd-1,TMA00315,False,False,False,none
dfefanbb-1,TMA00315,False,False,False,none
dfegmpai-1,TMA00315,False,False,False,none
dfekembo-1,TMA00315,False,False,False,none
dfemipfh-1,TMA00315,False,False,False,none
dffcipja-1,TMA00315,False,False,False,none
dffcomdj-1,TMA00315,False,False,False,none
dffecjap-1,TMA00315,False,False,False,none
dffioald-1,TMA00315,False,False,False,none
dffkldcj-1,TMA00315,False,False,False,none
dffkpomc-1,TMA00315,False,False,False,none
dfflkfbm-1,TMA00315,False,False,False,none
dffllfhj-1,TMA00315,False,False,False,none
dffpbchh-1,TMA00315,False,False,False,none
dfgglkbc-1,TMA00315,False,False,False,none
dfghnked-1,TMA00315,False,False,False,none
dfgiifgc-1,TMA00315,False,False,False,none
dfgleebe-1,TMA00315,False,False,False,none
dfgomkmj-1,TMA00315,False,False,False,none
dfhakfhn-1,TMA00315,False,False,False,none
dfhhblcg-1,TMA00315,False,False,False,none
dfhheaim-1,TMA00315,False,False,False,none
dfhjapfc-1,TMA00315,False,False,False,none
dfhjbjgg-1,TMA00315,False,False,False,none
dfhmlhkf-1,TMA00315,False,False,False,none
dfhpdcgk-1,TMA00315,False,False,False,none
dfhplgdg-1,TMA00315,False,False,False,none
dficceob-1,TMA00315,False,False,False,none
dfigacjb-1,TMA00315,False,False,False,none
dfjagipn-1,TMA00315,False,False,False,none
dfjgaola-1,TMA00315,False,False,False,none
dfjkjhnk-1,TMA00315,False,False,False,none
dfjmbeai-1,TMA00315,False,False,False,none
dfjmdgcg-1,TMA00315,False,False,False,none
dfjpcghg-1,TMA00315,False,False,False,none
dfkaanag-1,TMA00315,False,False,False,none
dfkhgdcm-1,TMA00315,False,False,False,none
dfklbnkc-1,TMA00315,False,False,False,none
dfkmacjh-1,TMA00315,False,False,False,none
dfkokcjm-1,TMA00315,False,False,False,none
dfldbgel-1,TMA00315,False,False,False,none
dfldcaoa-1,TMA00315,False,False,False,none
dflgocfp-1,TMA00315,False,False,False,none
dfljoddk-1,TMA00315,False,False,False,none
dflpebmb-1,TMA00315,False,False,False,none
dflpeicf-1,TMA00315,False,False,False,none
dfmbmpcl-1,TMA00315,False,False,False,none
dfmflaao-1,TMA00315,False,False,False,none
dfmfmefh-1,TMA00315,False,False,False,none
dfmggogg-1,TMA00315,False,False,False,none
dfmhohil-1,TMA00315,False,False,False,none
dfmjiihi-1,TMA00315,False,False,False,none
dfmkibdc-1,TMA00315,False,False,False,none
dfnacdig-1,TMA00315,False,False,False,none
dfndckmo-1,TMA00315,False,False,False,none
dfngjpnj-1,TMA00315,False,False,False,none
dfnjgipn-1,TMA00315,False,False,False,none
dfnjhkgc-1,TMA00315,False,False,False,none
dfnlekpn-1,TMA00315,False,False,False,none
dfnnjeab-1,TMA00315,False,False,False,none
dfnpblll-1,TMA00315,False,False,False,none
dfofpaoe-1,TMA00315,False,False,False,none
dfoimbmm-1,TMA00315,False,False,False,none
dfplclff-1,TMA00315,False,False,False,none
dfplmibl-1,TMA00315,False,False,False,none
dfplmmdi-1,TMA00315,False,False,False,none
dgaegjno-1,TMA00315,False,False,False,none
dgahcmai-1,TMA00315,False,False,False,none
dganjfbf-1,TMA00315,False,False,False,none
dgaofjfo-1,TMA00315,False,False,False,none
dgapibfi-1,TMA00315,False,False,False,none
dgapiiff-1,TMA00315,False,True,False,dTomato_Seq2_hi
dgcgpjdm-1,TMA00315,False,False,False,none
dgebndpg-1,TMA00315,False,False,False,none
dgeboilo-1,TMA00315,False,False,False,none
dgegcpcg-1,TMA00315,False,False,False,none
dgegfihi-1,TMA00315,False,False,False,none
dgehbhal-1,TMA00315,False,False,False,none
dgeokbpe-1,TMA00315,False,False,False,none
dgfhegke-1,TMA00315,False,False,False,none
dggbkkdg-1,TMA00315,False,False,False,none
dggggjac-1,TMA00315,False,False,False,none
dgghapcm-1,TMA00315,False,False,False,none
dggikdgk-1,TMA00315,False,False,False,none
dggkodoi-1,TMA00315,False,False,False,none
dggnpacl-1,TMA00315,False,False,False,none
dghbgjcd-1,TMA00315,False,False,False,none
dgheekjk-1,TMA00315,False,False,False,none
dghejadk-1,TMA00315,False,False,False,none
dghglnej-1,TMA00315,False,False,False,none
dghidglj-1,TMA00315,False,False,False,none
dghkcahe-1,TMA00315,False,False,False,none
dghnamag-1,TMA00315,False,False,False,none
dgiaglgi-1,TMA00315,False,False,False,none
dgieidmd-1,TMA00315,False,False,False,none
dgiggkcg-1,TMA00315,False,False,False,none
dgijhmif-1,TMA00315,False,False,False,none
dgijjkon-1,TMA00315,False,False,False,none
dgikkadh-1,TMA00315,False,False,False,none
dgilcond-1,TMA00315,False,False,False,none
dgipomhb-1,TMA00315,False,False,False,none
dgjcjjdd-1,TMA00315,False,False,False,none
dgjcpgia-1,TMA00315,False,False,False,none
dgjfgdjh-1,TMA00315,False,False,False,none
dgjgibnc-1,TMA00315,False,False,False,none
dgjgpboe-1,TMA00315,False,False,False,none
dgjlhpfd-1,TMA00315,False,False,False,none
dgjohlmo-1,TMA00315,False,False,False,none
dgjpoefl-1,TMA00315,False,False,False,none
dgkakcaj-1,TMA00315,False,False,False,none
dgkdblpe-1,TMA00315,False,False,False,none
dglfnmcn-1,TMA00315,False,False,False,none
dglkmdni-1,TMA00315,False,False,False,none
dglnhjpk-1,TMA00315,False,False,False,none
dgmcbaja-1,TMA00315,False,False,False,none
dgmchejc-1,TMA00315,False,False,False,none
dgmfhpdh-1,TMA00315,False,False,False,none
dgmfjppc-1,TMA00315,False,False,False,none
dgmhlojk-1,TMA00315,False,False,False,none
dgmigkgk-1,TMA00315,False,False,False,none
dgnjbkhl-1,TMA00315,False,False,False,none
dgnnphmg-1,TMA00315,False,False,False,none
dgobbogg-1,TMA00315,False,False,False,none
dgochmgb-1,TMA00315,False,False,False,none
dgppfncl-1,TMA00315,False,False,False,none
dhafgeej-1,TMA00315,False,False,False,none
dhagcccp-1,TMA00315,False,False,False,none
dhagjnec-1,TMA00315,False,False,False,none
dhagmfef-1,TMA00315,False,False,False,none
dhaholbd-1,TMA00315,False,False,False,none
dhalhhga-1,TMA00315,False,False,False,none
dhamnngf-1,TMA00315,False,False,False,none
dhaojnlg-1,TMA00315,False,False,False,none
dhbfcmpb-1,TMA00315,False,False,False,none
dhbfmoej-1,TMA00315,False,False,False,none
dhbhjjdb-1,TMA00315,False,False,False,none
dhbihcad-1,TMA00315,False,False,False,none
dhbjagng-1,TMA00315,False,False,False,none
dhbpehoa-1,TMA00315,False,False,False,none
dhcamabe-1,TMA00315,False,False,False,none
dhcbganj-1,TMA00315,False,False,False,none
dhccofbn-1,TMA00315,False,False,False,none
dhcekemn-1,TMA00315,False,False,False,none
dhcfdjjk-1,TMA00315,False,False,False,none
dhcgmeog-1,TMA00315,False,False,False,none
dhcgnfla-1,TMA00315,False,False,False,none
dhcienfm-1,TMA00315,False,False,False,none
dhckkkkp-1,TMA00315,False,False,False,none
dhcmholk-1,TMA00315,False,False,False,none
dhdfcnoe-1,TMA00315,False,False,False,none
dhdggjcm-1,TMA00315,False,False,False,none
dhdhoggh-1,TMA00315,False,False,False,none
dhdpkbhl-1,TMA00315,False,False,False,none
dhedcjae-1,TMA00315,False,False,False,none
dhejfnmn-1,TMA00315,False,False,False,none
dhekbpfg-1,TMA00315,False,False,False,none
dhemhhel-1,TMA00315,False,False,False,none
dhengcgd-1,TMA00315,False,False,False,none
dhfapbbj-1,TMA00315,False,False,False,none
dhfcohlb-1,TMA00315,False,False,False,none
dhfhakno-1,TMA00315,False,False,False,none
dhfkdhdj-1,TMA00315,False,False,False,none
dhfpjjch-1,TMA00315,False,False,False,none
dhfpppbf-1,TMA00315,False,False,False,none
dhgbdhgl-1,TMA00315,False,False,False,none
dhgfpkjh-1,TMA00315,False,False,False,none
dhgmifnn-1,TMA00315,False,False,False,none
dhgnmejj-1,TMA00315,False,False,False,none
dhgoibbm-1,TMA00315,False,False,False,none
dhhbboga-1,TMA00315,False,False,False,none
dhhbkkjm-1,TMA00315,False,False,False,none
dhhdpphh-1,TMA00315,False,False,False,none
dhheebgo-1,TMA00315,False,False,False,none
dhhehmbj-1,TMA00315,False,False,False,none
dhhelnlg-1,TMA00315,False,False,False,none
dhhemplj-1,TMA00315,False,False,False,none
dhhfmanm-1,TMA00315,False,False,False,none
dhhgiocd-1,TMA00315,False,False,False,none
dhhhkdfn-1,TMA00315,False,False,False,none
dhhiamad-1,TMA00315,False,False,False,none
dhhjeikc-1,TMA00315,False,False,False,none
dhhkngdk-1,TMA00315,False,False,False,none
dhhnafij-1,TMA00315,False,False,False,none
dhhpohcm-1,TMA00315,False,False,False,none
dhibgfca-1,TMA00315,False,False,False,none
dhicnoec-1,TMA00315,False,False,False,none
dhiegekl-1,TMA00315,False,False,False,none
dhihcplp-1,TMA00315,False,False,False,none
dhiiemhl-1,TMA00315,False,False,False,none
dhijfjam-1,TMA00315,False,False,False,none
dhijhlob-1,TMA00315,False,False,False,none
dhipbaea-1,TMA00315,False,False,False,none
dhjalapo-1,TMA00315,False,False,False,none
dhjfjlfn-1,TMA00315,False,False,False,none
dhjgakhf-1,TMA00315,False,False,False,none
dhjiocjk-1,TMA00315,False,False,False,none
dhkacnfn-1,TMA00315,False,False,False,none
dhkbjaml-1,TMA00315,False,False,False,none
dhkgfjhb-1,TMA00315,False,False,False,none
dhkmiekg-1,TMA00315,False,False,False,none
dhkneljb-1,TMA00315,False,False,False,none
dhknnkdi-1,TMA00315,False,False,False,none
dhlclpln-1,TMA00315,False,False,False,none
dhldbceb-1,TMA00315,False,False,False,none
dhldddlb-1,TMA00315,False,False,False,none
dhlebbdi-1,TMA00315,False,False,False,none
dhlgnmph-1,TMA00315,False,False,False,none
dhlhibbb-1,TMA00315,False,False,False,none
dhlkfcal-1,TMA00315,False,False,False,none
dhlmeagf-1,TMA00315,False,False,False,none
dhlmfcpc-1,TMA00315,False,False,False,none
dhlpbpbd-1,TMA00315,False,False,False,none
dhmbdoei-1,TMA00315,True,False,False,EGFP_Seq1_hi
dhmbfckf-1,TMA00315,False,False,False,none
dhmgjnpb-1,TMA00315,False,False,False,none
dhmhdbkd-1,TMA00315,False,False,False,none
dhmhgaah-1,TMA00315,False,False,False,none
dhmjgafd-1,TMA00315,False,False,False,none
dhmkamif-1,TMA00315,False,False,False,none
dhmmeioc-1,TMA00315,False,False,False,none
dhmncedl-1,TMA00315,False,False,False,none
dhmojddp-1,TMA00315,False,False,False,none
dhnabmli-1,TMA00315,False,False,False,none
dhnbillp-1,TMA00315,False,False,False,none
dhndiplf-1,TMA00315,False,False,False,none
dhnhknjh-1,TMA00315,False,False,False,none
dhnhpbek-1,TMA00315,False,False,False,none
dhoabeca-1,TMA00315,False,False,False,none
dhoahigp-1,TMA00315,False,False,False,none
dhobpfca-1,TMA00315,False,False,False,none
dhogjfeh-1,TMA00315,False,False,False,none
dhogldjc-1,TMA00315,False,False,False,none
dhpfieaa-1,TMA00315,False,False,False,none
dhpfpjfg-1,TMA00315,False,False,False,none
dhplnmfp-1,TMA00315,False,False,False,none
dhpmabgj-1,TMA00315,False,False,False,none
diaclkgk-1,TMA00315,False,False,False,none
diaeocnk-1,TMA00315,False,False,False,none
diapcdko-1,TMA00315,False,False,False,none
diapdiho-1,TMA00315,False,False,False,none
dibbgmjo-1,TMA00315,False,False,False,none
dibeciji-1,TMA00315,False,False,False,none
dibhmcbj-1,TMA00315,False,False,False,none
dibjelgf-1,TMA00315,False,False,False,none
dibknehk-1,TMA00315,False,False,False,none
diceaoih-1,TMA00315,False,False,False,none
dickmapd-1,TMA00315,False,False,False,none
diclpcih-1,TMA00315,False,False,False,none
dicmmjdg-1,TMA00315,False,False,False,none
dicpgipo-1,TMA00315,False,False,False,none
didafafh-1,TMA00315,False,False,False,none
didaodke-1,TMA00315,False,False,False,none
didbgfcf-1,TMA00315,False,False,False,none
didbiflj-1,TMA00315,False,False,False,none
diddjkjb-1,TMA00315,False,False,False,none
diejifdl-1,TMA00315,False,False,False,none
difdpbaj-1,TMA00315,False,False,False,none
difojckh-1,TMA00315,False,False,False,none
digdehek-1,TMA00315,False,False,False,none
digiladd-1,TMA00315,False,False,False,none
digjmemh-1,TMA00315,False,False,False,none
digkbmhh-1,TMA00315,False,False,False,none
digpdiel-1,TMA00315,False,False,False,none
dihafgpm-1,TMA00315,False,False,False,none
dihahgcc-1,TMA00315,False,False,False,none
dihbekon-1,TMA00315,False,False,False,none
dihglhja-1,TMA00315,False,False,False,none
dihgpbae-1,TMA00315,False,False,False,none
diigjlda-1,TMA00315,False,False,False,none
diimjone-1,TMA00315,False,False,False,none
diiodjga-1,TMA00315,False,False,False,none
diipecnh-1,TMA00315,False,False,False,none
diipmdaj-1,TMA00315,False,False,False,none
diippfbg-1,TMA00315,False,False,False,none
dijbnmhj-1,TMA00315,False,False,False,none
dijdnjjh-1,TMA00315,False,False,False,none
dijfhbgh-1,TMA00315,False,False,False,none
dijioaii-1,TMA00315,False,False,False,none
dijjbbdh-1,TMA00315,False,False,False,none
dijpbohh-1,TMA00315,False,False,False,none
dijpnmnl-1,TMA00315,False,False,False,none
dikbmioc-1,TMA00315,False,False,False,none
dikdjhba-1,TMA00315,False,False,False,none
dikeedog-1,TMA00315,False,False,False,none
dikhplck-1,TMA00315,False,False,False,none
dikkdneb-1,TMA00315,False,False,False,none
dilajkll-1,TMA00315,False,False,False,none
dilfennh-1,TMA00315,False,False,False,none
dilfjgnn-1,TMA00315,False,False,False,none
dilioaim-1,TMA00315,False,False,False,none
dimappei-1,TMA00315,False,False,False,none
dimdcnac-1,TMA00315,False,False,False,none
dimfepki-1,TMA00315,False,False,False,none
dimgebjj-1,TMA00315,False,False,False,none
dinaknhd-1,TMA00315,False,False,False,none
dinbhbid-1,TMA00315,False,False,False,none
dineioke-1,TMA00315,False,False,False,none
dinhegdl-1,TMA00315,False,False,False,none
dinhgjob-1,TMA00315,False,False,False,none
dioaipdi-1,TMA00315,False,False,False,none
diohdahk-1,TMA00315,False,False,False,none
diohhodi-1,TMA00315,False,False,False,none
diokhena-1,TMA00315,False,False,False,none
diokpbjh-1,TMA00315,False,False,False,none
diopjmid-1,TMA00315,False,False,False,none
dipajdkg-1,TMA00315,False,False,False,none
dipgpfjh-1,TMA00315,False,False,False,none
diphkkkc-1,TMA00315,False,False,False,none
dipkdalh-1,TMA00315,False,False,False,none
dipkoolm-1,TMA00315,False,False,False,none
djablkla-1,TMA00315,False,False,False,none
djakmiha-1,TMA00315,False,False,False,none
djaockdb-1,TMA00315,False,False,False,none
djbbbjpd-1,TMA00315,False,False,False,none
djbdhlbp-1,TMA00315,False,False,False,none
djbdnoib-1,TMA00315,False,False,False,none
djbfejkc-1,TMA00315,False,False,False,none
djbimnij-1,TMA00315,False,False,False,none
djbljkmi-1,TMA00315,False,False,False,none
djbollon-1,TMA00315,False,False,False,none
djcakglc-1,TMA00315,False,False,False,none
djcfhgii-1,TMA00315,False,False,False,none
djcidabi-1,TMA00315,False,False,False,none
djcjjckb-1,TMA00315,False,False,False,none
djckifcl-1,TMA00315,False,False,False,none
djcnepbd-1,TMA00315,False,False,False,none
djcnlllg-1,TMA00315,False,False,False,none
djcpoapl-1,TMA00315,False,False,False,none
djdbbdej-1,TMA00315,False,False,False,none
djddjkea-1,TMA00315,False,False,False,none
djdhcfeb-1,TMA00315,False,False,False,none
djdhhnkn-1,TMA00315,False,False,False,none
djdkmflb-1,TMA00315,False,False,False,none
djdljpom-1,TMA00315,False,False,False,none
djdmnfle-1,TMA00315,False,False,False,none
djdoamca-1,TMA00315,False,False,False,none
djehjchb-1,TMA00315,False,False,False,none
djeicloc-1,TMA00315,False,False,False,none
djeipnli-1,TMA00315,False,False,False,none
djfejdkb-1,TMA00315,False,False,False,none
djfjoibg-1,TMA00315,False,False,False,none
djfkccgc-1,TMA00315,False,False,False,none
djflndpp-1,TMA00315,False,False,False,none
djfmldih-1,TMA00315,False,False,False,none
djfnebba-1,TMA00315,False,False,False,none
djfnefko-1,TMA00315,False,False,False,none
djgcbhan-1,TMA00315,False,False,False,none
djgcehaf-1,TMA00315,False,False,False,none
djgdoamb-1,TMA00315,False,False,False,none
djgghgej-1,TMA00315,False,False,False,none
djgmnicm-1,TMA00315,False,False,False,none
djgmniem-1,TMA00315,False,False,False,none
djhbcngh-1,TMA00315,False,False,False,none
djhcjedg-1,TMA00315,False,False,False,none
djhckgge-1,TMA00315,False,False,False,none
djhenlol-1,TMA00315,False,False,False,none
djhgndei-1,TMA00315,False,False,False,none
djhoalbi-1,TMA00315,False,False,False,none
djhocbhf-1,TMA00315,False,False,False,none
djifkhbm-1,TMA00315,False,False,False,none
djihbang-1,TMA00315,False,False,False,none
djihiode-1,TMA00315,False,False,False,none
djiiokhd-1,TMA00315,False,False,False,none
djiopjna-1,TMA00315,False,False,False,none
djjjafog-1,TMA00315,False,False,False,none
djjokbgd-1,TMA00315,False,False,False,none
djjpalop-1,TMA00315,False,False,False,none
djknclje-1,TMA00315,False,False,False,none
djlhjnmc-1,TMA00315,False,False,False,none
djmjdlpe-1,TMA00315,False,False,False,none
djmjglca-1,TMA00315,False,False,False,none
djmkbkle-1,TMA00315,False,False,False,none
djmkjaji-1,TMA00315,False,False,False,none
djmpmoih-1,TMA00315,False,False,False,none
djndcoia-1,TMA00315,False,False,False,none
djnefgam-1,TMA00315,False,False,False,none
djnenpbp-1,TMA00315,False,False,False,none
djnmmcdd-1,TMA00315,False,False,False,none
djofljjf-1,TMA00315,False,False,False,none
djokhagd-1,TMA00315,False,False,False,none
djonkgbn-1,TMA00315,False,False,False,none
djophkfe-1,TMA00315,False,False,False,none
djpaonmg-1,TMA00315,False,False,False,none
dkaeppdo-1,TMA00315,False,False,False,none
dkahfbdm-1,TMA00315,False,False,False,none
dkbbdhnh-1,TMA00315,False,False,False,none
dkbjddob-1,TMA00315,False,False,False,none
dkbmbooe-1,TMA00315,False,False,False,none
dkboehoh-1,TMA00315,False,False,False,none
dkbpcddh-1,TMA00315,False,False,False,none
dkcaellm-1,TMA00315,False,False,False,none
dkcbagkb-1,TMA00315,False,False,False,none
dkcfkpbo-1,TMA00315,False,False,False,none
dkcphflm-1,TMA00315,False,False,False,none
dkdhiedi-1,TMA00315,False,False,False,none
dkdmmhfh-1,TMA00315,False,False,False,none
dkdodinh-1,TMA00315,False,False,False,none
dkecfoce-1,TMA00315,False,False,False,none
dkelepfb-1,TMA00315,False,False,False,none
dkepedhm-1,TMA00315,False,False,False,none
dkfalcdc-1,TMA00315,False,False,False,none
dkfbjcge-1,TMA00315,False,False,False,none
dkffbhcm-1,TMA00315,False,False,False,none
dkfhfgbm-1,TMA00315,False,False,False,none
dkfnollh-1,TMA00315,False,False,False,none
dkfpefhj-1,TMA00315,False,False,False,none
dkgbdhag-1,TMA00315,False,False,False,none
dkgckeml-1,TMA00315,False,False,False,none
dkgcoonl-1,TMA00315,False,False,False,none
dkgdnlmh-1,TMA00315,False,False,False,none
dkghjjaa-1,TMA00315,False,False,False,none
dkgijdfd-1,TMA00315,False,False,False,none
dkgpficl-1,TMA00315,False,False,False,none
dkhkgfmd-1,TMA00315,False,False,False,none
dkhmopka-1,TMA00315,False,False,False,none
dkialcli-1,TMA00315,False,False,False,none
dkideann-1,TMA00315,False,False,False,none
dkidlkdn-1,TMA00315,False,False,False,none
dkieopbe-1,TMA00315,False,False,False,none
dkigemdp-1,TMA00315,False,False,False,none
dkihghim-1,TMA00315,False,False,False,none
dkiiodom-1,TMA00315,False,False,False,none
dkiniplp-1,TMA00315,False,False,False,none
dkinohbh-1,TMA00315,False,False,False,none
dkioccnp-1,TMA00315,False,False,False,none
dkiojmkb-1,TMA00315,False,False,False,none
dkjbaopp-1,TMA00315,False,False,False,none
dkjfiaao-1,TMA00315,False,False,False,none
dkjkbolh-1,TMA00315,False,False,False,none
dkjlibjc-1,TMA00315,False,False,False,none
dkjnaofl-1,TMA00315,False,False,False,none
dkjnbdlo-1,TMA00315,False,False,False,none
dkjnclha-1,TMA00315,False,False,False,none
dkkelcng-1,TMA00315,False,False,False,none
dkkmbhnf-1,TMA00315,False,False,False,none
dkknnbjg-1,TMA00315,False,False,False,none
dkkofdhf-1,TMA00315,False,False,False,none
dklbgmab-1,TMA00315,False,False,False,none
dklcepgp-1,TMA00315,False,False,False,none
dkleilbd-1,TMA00315,False,False,False,none
dklkgjgp-1,TMA00315,False,False,False,none
dklodeel-1,TMA00315,False,False,False,none
dkmnkgod-1,TMA00315,False,False,False,none
dkmpeimm-1,TMA00315,False,False,False,none
dkmpiana-1,TMA00315,False,False,False,none
dknchpmc-1,TMA00315,False,False,False,none
dknddmdd-1,TMA00315,False,False,False,none
dknllhaa-1,TMA00315,False,False,False,none
dknmdpoe-1,TMA00315,False,False,False,none
dknnajga-1,TMA00315,False,False,False,none
dknncdln-1,TMA00315,False,False,False,none
dknnpocc-1,TMA00315,False,False,False,none
dkoecoao-1,TMA00315,False,False,False,none
dkofcpip-1,TMA00315,False,False,False,none
dkogghca-1,TMA00315,False,False,False,none
dkogobci-1,TMA00315,False,False,False,none
dkpapnff-1,TMA00315,False,False,False,none
dkpeomob-1,TMA00315,False,False,False,none
dkpohoed-1,TMA00315,False,False,False,none
dkpokaml-1,TMA00315,False,False,False,none
dkppnfle-1,TMA00315,False,False,False,none
dkpppabl-1,TMA00315,False,False,False,none
dlacglbb-1,TMA00315,False,False,False,none
dlahjiok-1,TMA00315,False,False,False,none
dlahpacf-1,TMA00315,False,False,False,none
dlamkend-1,TMA00315,False,False,False,none
dlaopncl-1,TMA00315,False,False,False,none
dlbbhljf-1,TMA00315,False,False,False,none
dlbdgban-1,TMA00315,False,False,False,none
dlccgnfl-1,TMA00315,False,False,False,none
dlccikcc-1,TMA00315,False,False,False,none
dlcfaijm-1,TMA00315,False,False,False,none
dlcikafb-1,TMA00315,False,False,False,none
dlckafki-1,TMA00315,False,False,False,none
dlcnklnm-1,TMA00315,False,False,False,none
dlcolejc-1,TMA00315,False,False,False,none
dldaifen-1,TMA00315,False,False,False,none
dldmblib-1,TMA00315,False,False,False,none
dldoakfh-1,TMA00315,False,False,False,none
dldohekp-1,TMA00315,False,False,False,none
dldohkmp-1,TMA00315,False,False,False,none
dleagpca-1,TMA00315,False,False,False,none
dleahnkk-1,TMA00315,False,False,False,none
dleanhmc-1,TMA00315,False,False,False,none
dlelgian-1,TMA00315,False,False,False,none
dleofmgi-1,TMA00315,False,False,False,none
dlfcdamf-1,TMA00315,False,False,False,none
dlfclbkl-1,TMA00315,False,False,False,none
dlfhiihh-1,TMA00315,False,False,False,none
dlfjchmd-1,TMA00315,False,False,False,none
dlfncnln-1,TMA00315,False,False,False,none
dlgdoded-1,TMA00315,False,False,False,none
dlghpbde-1,TMA00315,False,False,False,none
dlgkiegc-1,TMA00315,False,False,False,none
dlgobmbh-1,TMA00315,False,False,False,none
dlheccip-1,TMA00315,False,False,False,none
dlhggbmo-1,TMA00315,False,False,False,none
dlhkcgla-1,TMA00315,False,False,False,none
dlibfjdj-1,TMA00315,False,False,False,none
dlieppgh-1,TMA00315,False,False,False,none
dliipbcb-1,TMA00315,False,False,False,none
dlijcpjj-1,TMA00315,False,False,False,none
dliodejf-1,TMA00315,False,False,False,none
dljadnji-1,TMA00315,False,False,False,none
dljfbcpp-1,TMA00315,False,False,False,none
dljnhbkf-1,TMA00315,False,False,False,none
dljodeeo-1,TMA00315,False,False,False,none
dljpjlal-1,TMA00315,False,False,False,none
dlkdjgcp-1,TMA00315,False,False,False,none
dlkdplbl-1,TMA00315,False,False,False,none
dlkebfcf-1,TMA00315,False,False,False,none
dlkfbdhg-1,TMA00315,False,False,False,none
dlkgfhlb-1,TMA00315,False,False,False,none
dlkibeee-1,TMA00315,False,False,False,none
dlklemkc-1,TMA00315,False,False,False,none
dlknljaa-1,TMA00315,False,False,False,none
dlkppeek-1,TMA00315,False,False,False,none
dllghppp-1,TMA00315,False,False,False,none
dllgloko-1,TMA00315,False,False,False,none
dlliicke-1,TMA00315,False,False,False,none
dllnhooj-1,TMA00315,False,False,False,none
dllobphh-1,TMA00315,False,False,False,none
dlloimkj-1,TMA00315,False,False,False,none
dllopfkg-1,TMA00315,False,False,False,none
dlmbjkcl-1,TMA00315,False,False,False,none
dlmechlf-1,TMA00315,False,False,False,none
dlmegogp-1,TMA00315,False,False,False,none
dlmjgbln-1,TMA00315,False,False,False,none
dlmnlgfd-1,TMA00315,False,False,False,none
dlmogogo-1,TMA00315,False,False,False,none
dlncfhhn-1,TMA00315,False,False,False,none
dlnddcdn-1,TMA00315,False,False,False,none
dlndfhnn-1,TMA00315,False,False,False,none
dlndpipo-1,TMA00315,False,False,False,none
dlnjklig-1,TMA00315,False,False,False,none
dlnkimmf-1,TMA00315,False,False,False,none
dlnlopbl-1,TMA00315,False,False,False,none
dlnnhhpd-1,TMA00315,False,False,False,none
dlnolfmh-1,TMA00315,False,False,False,none
dlnpdknh-1,TMA00315,False,False,False,none
dlnpeifa-1,TMA00315,False,False,False,none
dloimfdj-1,TMA00315,False,False,False,none
dloncjgc-1,TMA00315,False,False,False,none
dlpabcge-1,TMA00315,False,False,False,none
dlpcmihb-1,TMA00315,False,False,False,none
dlpfkiad-1,TMA00315,False,False,False,none
dlpgfgmj-1,TMA00315,False,False,False,none
dlpggglp-1,TMA00315,False,False,False,none
dlpkdaja-1,TMA00315,False,False,False,none
dlplhjjc-1,TMA00315,False,False,False,none
dlpphgdd-1,TMA00315,False,False,False,none
dmabecmc-1,TMA00315,False,False,False,none
dmaejdop-1,TMA00315,False,False,False,none
dmbndddd-1,TMA00315,False,False,False,none
dmboopep-1,TMA00315,False,False,False,none
dmbpmcla-1,TMA00315,False,False,False,none
dmcbhfae-1,TMA00315,False,False,False,none
dmccjmel-1,TMA00315,False,False,False,none
dmdfnnia-1,TMA00315,False,False,False,none
dmdnojeb-1,TMA00315,False,False,False,none
dmempeba-1,TMA00315,False,False,False,none
dmfeffga-1,TMA00315,False,False,False,none
dmfhnhdh-1,TMA00315,False,False,False,none
dmfidgij-1,TMA00315,False,False,False,none
dmfmkkch-1,TMA00315,False,False,False,none
dmfokdeh-1,TMA00315,False,False,False,none
dmghnmip-1,TMA00315,False,False,False,none
dmgmgbgg-1,TMA00315,False,False,False,none
dmgnnhem-1,TMA00315,False,False,False,none
dmhagikb-1,TMA00315,False,False,False,none
dmiblhcg-1,TMA00315,False,False,False,none
dmidcakh-1,TMA00315,False,False,False,none
dmifjjeh-1,TMA00315,False,False,False,none
dmigcpki-1,TMA00315,False,False,False,none
dmihflac-1,TMA00315,False,False,False,none
dmipgkpf-1,TMA00315,False,False,False,none
dmjbikel-1,TMA00315,False,False,False,none
dmjcijno-1,TMA00315,False,False,False,none
dmjobcdj-1,TMA00315,False,False,False,none
dmkafpej-1,TMA00315,False,False,False,none
dmkcfbbj-1,TMA00315,False,False,False,none
dmkeifpp-1,TMA00315,False,False,False,none
dmkkmcbh-1,TMA00315,False,False,False,none
dmkpffgn-1,TMA00315,False,False,False,none
dmkpilkd-1,TMA00315,False,False,False,none
dmlfjcng-1,TMA00315,False,False,False,none
dmlgngha-1,TMA00315,False,False,False,none
dmlipgdn-1,TMA00315,False,False,False,none
dmloicll-1,TMA00315,False,False,False,none
dmmbplep-1,TMA00315,False,False,False,none
dmmedaed-1,TMA00315,False,False,False,none
dmmekbfh-1,TMA00315,False,False,False,none
dmmenhce-1,TMA00315,False,False,False,none
dmmhglhn-1,TMA00315,False,False,False,none
dmmhhohi-1,TMA00315,False,False,False,none
dmmoabde-1,TMA00315,False,False,False,none
dmmoindb-1,TMA00315,False,False,False,none
dmnanicp-1,TMA00315,False,False,False,none
dmnclhgf-1,TMA00315,False,False,False,none
dmneebmi-1,TMA00315,False,False,False,none
dmnfcbpb-1,TMA00315,False,False,False,none
dmnfhopc-1,TMA00315,False,False,False,none
dmngggaj-1,TMA00315,False,False,False,none
dmnjclhm-1,TMA00315,False,False,False,none
dmnjpabd-1,TMA00315,False,False,False,none
dmnmapjj-1,TMA00315,False,False,False,none
dmoidhad-1,TMA00315,False,False,False,none
dmpdkkic-1,TMA00315,False,False,False,none
dmplocfb-1,TMA00315,False,False,False,none
dmpndjih-1,TMA00315,False,False,False,none
dmpnplmg-1,TMA00315,False,False,False,none
dmpokbel-1,TMA00315,False,False,False,none
dnahobjm-1,TMA00315,False,False,False,none
dnbfmbdn-1,TMA00315,False,False,False,none
dnbkkjkf-1,TMA00315,False,False,False,none
dnboaiff-1,TMA00315,False,False,False,none
dnbpdioi-1,TMA00315,False,False,False,none
dncelpgm-1,TMA00315,False,False,False,none
dncgogkl-1,TMA00315,False,False,False,none
dncpdhem-1,TMA00315,False,False,False,none
dndfgako-1,TMA00315,False,False,False,none
dndlbibl-1,TMA00315,False,False,False,none
dndohdgh-1,TMA00315,False,False,False,none
dneaogen-1,TMA00315,False,False,False,none
dnephmom-1,TMA00315,False,False,False,none
dnflfmah-1,TMA00315,False,False,False,none
dnfobken-1,TMA00315,False,False,False,none
dngnbpnb-1,TMA00315,False,False,False,none
dnhbbhdd-1,TMA00315,False,False,False,none
dnhigpfj-1,TMA00315,False,False,False,none
dnibjhfl-1,TMA00315,False,False,False,none
dnibohol-1,TMA00315,False,False,False,none
dnigkoia-1,TMA00315,False,False,False,none
dnihnjlm-1,TMA00315,False,False,False,none
dniieapm-1,TMA00315,False,False,False,none
dnikbckh-1,TMA00315,False,False,False,none
dnillbam-1,TMA00315,False,False,False,none
dnjamkka-1,TMA00315,False,False,False,none
dnjbplho-1,TMA00315,False,False,False,none
dnjcjheh-1,TMA00315,False,False,False,none
dnjdmndb-1,TMA00315,False,False,False,none
dnjkaclo-1,TMA00315,False,False,False,none
dnjnghjl-1,TMA00315,False,False,False,none
dnjpcicm-1,TMA00315,False,False,False,none
dnjppbed-1,TMA00315,False,False,False,none
dnkcacla-1,TMA00315,False,False,False,none
dnknehlc-1,TMA00315,False,False,False,none
dnlbhija-1,TMA00315,False,False,False,none
dnllacdp-1,TMA00315,False,False,False,none
dnlnjpin-1,TMA00315,False,False,False,none
dnloafch-1,TMA00315,False,False,False,none
dnmfmnob-1,TMA00315,False,False,False,none
dnmgelaj-1,TMA00315,False,False,False,none
dnmgfafk-1,TMA00315,False,False,False,none
dnmipiii-1,TMA00315,False,False,False,none
dnmmnaff-1,TMA00315,False,False,False,none
dnnbiilc-1,TMA00315,False,False,False,none
dnnckbep-1,TMA00315,False,False,False,none
dnnjlajb-1,TMA00315,False,False,False,none
dnohnfih-1,TMA00315,False,False,False,none
dnoknkof-1,TMA00315,False,False,False,none
dnonplhp-1,TMA00315,False,False,False,none
dnopeman-1,TMA00315,False,False,False,none
dnpbkjfd-1,TMA00315,False,False,False,none
dnpgfjlg-1,TMA00315,False,False,False,none
dnphppnn-1,TMA00315,False,False,False,none
dnpigiaj-1,TMA00315,False,False,False,none
dnpilpci-1,TMA00315,False,False,False,none
dnpimmpe-1,TMA00315,False,False,False,none
dnpjikoa-1,TMA00315,False,False,False,none
dnplfpmj-1,TMA00315,False,False,False,none
doaclkbi-1,TMA00315,False,False,False,none
doafpfgj-1,TMA00315,False,False,False,none
doahkhkc-1,TMA00315,False,False,False,none
doaihccp-1,TMA00315,False,False,False,none
doamleof-1,TMA00315,False,False,False,none
dobbknie-1,TMA00315,False,False,False,none
dobdfegg-1,TMA00315,False,False,False,none
dobeekda-1,TMA00315,False,False,False,none
dobeihdi-1,TMA00315,False,False,False,none
dobhafja-1,TMA00315,False,False,False,none
dobligbc-1,TMA00315,False,False,False,none
doblkfdc-1,TMA00315,False,False,False,none
docbhbkl-1,TMA00315,False,False,False,none
docejgko-1,TMA00315,False,False,False,none
dochodof-1,TMA00315,False,False,False,none
doclfklm-1,TMA00315,False,False,False,none
docmgmel-1,TMA00315,False,False,False,none
docmllgn-1,TMA00315,False,False,False,none
docokbog-1,TMA00315,False,False,False,none
dodnkhpp-1,TMA00315,False,False,False,none
dodpionm-1,TMA00315,False,False,False,none
doebmgbe-1,TMA00315,False,False,False,none
doecebab-1,TMA00315,False,False,False,none
doeiffai-1,TMA00315,False,False,False,none
doephhce-1,TMA00315,False,False,False,none
dofeljpd-1,TMA00315,False,False,False,none
dofidkoc-1,TMA00315,False,False,False,none
dofjehog-1,TMA00315,False,False,False,none
dofnpiok-1,TMA00315,False,False,False,none
dofodaef-1,TMA00315,False,False,False,none
dogacmoe-1,TMA00315,False,False,False,none
dogbacol-1,TMA00315,False,False,False,none
dogliglm-1,TMA00315,False,False,False,none
dogmgabp-1,TMA00315,False,False,False,none
dogolbdb-1,TMA00315,False,False,False,none
dohdjgmo-1,TMA00315,False,False,False,none
dohdmidi-1,TMA00315,False,False,False,none
dohfdmdk-1,TMA00315,False,False,False,none
dohfgdin-1,TMA00315,False,False,False,none
dohgmgoc-1,TMA00315,False,False,False,none
dohkilcj-1,TMA00315,False,False,False,none
dohkkafn-1,TMA00315,False,False,False,none
dohnlkpo-1,TMA00315,False,False,False,none
dohpfcfa-1,TMA00315,False,False,False,none
dohpknic-1,TMA00315,False,False,False,none
doibdjdo-1,TMA00315,False,False,False,none
doieklip-1,TMA00315,False,False,False,none
doiifmhf-1,TMA00315,False,False,False,none
doijabfh-1,TMA00315,False,False,False,none
doijnghg-1,TMA00315,False,False,False,none
doiknafh-1,TMA00315,False,False,False,none
doildbme-1,TMA00315,False,False,False,none
dojcijfh-1,TMA00315,False,False,False,none
dojiibpm-1,TMA00315,False,False,False,none
dojkaipo-1,TMA00315,False,False,False,none
dojmdnep-1,TMA00315,False,False,False,none
dokbdijf-1,TMA00315,False,False,False,none
dokdjjoe-1,TMA00315,False,False,False,none
dokmikjf-1,TMA00315,False,False,False,none
dokmnkfi-1,TMA00315,False,False,False,none
dolbedfp-1,TMA00315,False,False,False,none
dolcflho-1,TMA00315,False,False,False,none
dolgnmmd-1,TMA00315,False,False,False,none
dolhngmo-1,TMA00315,False,False,False,none
dololeai-1,TMA00315,False,False,False,none
domamkbp-1,TMA00315,False,False,False,none
domgbkhd-1,TMA00315,False,False,False,none
dommdbpd-1,TMA00315,False,False,False,none
domnmihn-1,TMA00315,False,False,False,none
donfnjlg-1,TMA00315,False,False,False,none
donilmbk-1,TMA00315,False,False,False,none
donkjlon-1,TMA00315,False,False,False,none
donmhpll-1,TMA00315,False,False,False,none
donnanlf-1,TMA00315,False,False,False,none
donnmegf-1,TMA00315,False,False,False,none
doodlkeo-1,TMA00315,False,False,False,none
doofiegg-1,TMA00315,False,False,False,none
doojmama-1,TMA00315,False,False,False,none
doonlcng-1,TMA00315,False,False,False,none
dooomcdl-1,TMA00315,False,False,False,none
dopdbpdn-1,TMA00315,False,False,False,none
dopjbpop-1,TMA00315,False,False,False,none
dopnkbcd-1,TMA00315,False,False,False,none
dopnlaep-1,TMA00315,False,False,False,none
dpaajdgh-1,TMA00315,False,False,False,none
dpaenddg-1,TMA00315,False,False,False,none
dpafalad-1,TMA00315,False,False,False,none
dpafjafh-1,TMA00315,False,False,False,none
dpahhaik-1,TMA00315,False,False,False,none
dpahhmej-1,TMA00315,False,False,False,none
dpaiebbe-1,TMA00315,False,False,False,none
dpaobllp-1,TMA00315,False,False,False,none
dpbcapbl-1,TMA00315,False,False,False,none
dpbcjmok-1,TMA00315,False,False,False,none
dpbebpao-1,TMA00315,False,False,False,none
dpbildoe-1,TMA00315,False,False,False,none
dpbkglfg-1,TMA00315,False,False,False,none
dpbkhbak-1,TMA00315,False,False,False,none
dpbmdigo-1,TMA00315,False,False,False,none
dpbnffal-1,TMA00315,False,False,False,none
dpbodada-1,TMA00315,False,False,False,none
dpcbglie-1,TMA00315,False,False,False,none
dpcejamb-1,TMA00315,False,False,False,none
dpcgkphk-1,TMA00315,False,False,False,none
dpchinbl-1,TMA00315,False,False,False,none
dpclpefp-1,TMA00315,False,False,False,none
dpcmcnhh-1,TMA00315,False,False,False,none
dpcmfhkn-1,TMA00315,False,False,False,none
dpdgljeh-1,TMA00315,False,False,False,none
dpdjcfgc-1,TMA00315,False,False,False,none
dpdkagkg-1,TMA00315,False,False,False,none
dpeefpjk-1,TMA00315,False,False,False,none
dpefinhp-1,TMA00315,False,False,False,none
dpegacdh-1,TMA00315,False,False,False,none
dpeikapa-1,TMA00315,False,False,False,none
dpfbfeln-1,TMA00315,False,False,False,none
dpffnjkf-1,TMA00315,False,False,False,none
dpfpomnm-1,TMA00315,False,False,False,none
dpgifdlf-1,TMA00315,False,False,False,none
dpgjhijc-1,TMA00315,False,False,False,none
dphkgndd-1,TMA00315,False,False,False,none
dpicfcba-1,TMA00315,False,False,False,none
dpicfdik-1,TMA00315,False,False,False,none
dpighaif-1,TMA00315,False,False,False,none
dpijehhh-1,TMA00315,False,False,False,none
dpiobhoe-1,TMA00315,False,False,False,none
dpiojhnl-1,TMA00315,False,False,False,none
dpjcjogi-1,TMA00315,False,False,False,none
dpjjhhmf-1,TMA00315,False,False,False,none
dpjjipje-1,TMA00315,False,False,False,none
dpkibkgk-1,TMA00315,False,False,False,none
dpkoafjn-1,TMA00315,False,False,False,none
dpkoinej-1,TMA00315,False,False,False,none
dplahikp-1,TMA00315,False,False,False,none
dplhhdbg-1,TMA00315,False,False,False,none
dpmchmnf-1,TMA00315,False,False,False,none
dpmhidem-1,TMA00315,False,False,False,none
dpmkhchk-1,TMA00315,False,False,False,none
dpmpecni-1,TMA00315,False,False,False,none
dpnfgofg-1,TMA00315,False,False,False,none
dpnmmbce-1,TMA00315,False,False,False,none
dpoicafh-1,TMA00315,False,False,False,none
dppmkhlb-1,TMA00315,False,False,False,none
eaaomppi-1,TMA00315,False,False,False,none
eabaechi-1,TMA00315,False,False,False,none
eabjpdfn-1,TMA00315,False,False,False,none
eabmgfmf-1,TMA00315,False,False,False,none
eabmognd-1,TMA00315,False,False,False,none
eabnkbge-1,TMA00315,False,False,False,none
eaboagji-1,TMA00315,False,False,False,none
eacaehlk-1,TMA00315,False,False,False,none
eaclobko-1,TMA00315,False,False,False,none
eadafdjg-1,TMA00315,False,False,False,none
eadbkaig-1,TMA00315,False,False,False,none
eadpghhn-1,TMA00315,False,False,False,none
eadpocke-1,TMA00315,False,False,False,none
eaeckojd-1,TMA00315,False,False,False,none
eagfgoen-1,TMA00315,False,False,False,none
eagkkpbi-1,TMA00315,False,False,False,none
eagnmhlo-1,TMA00315,False,False,False,none
eahaajij-1,TMA00315,False,False,False,none
eahfaoln-1,TMA00315,False,False,False,none
eahfpagh-1,TMA00315,False,False,False,none
eahialcn-1,TMA00315,False,False,False,none
eahldhpm-1,TMA00315,False,False,False,none
eahpcmbb-1,TMA00315,False,False,False,none
eaidipim-1,TMA00315,False,False,False,none
eaigffpp-1,TMA00315,False,False,False,none
eaiklnpi-1,TMA00315,False,False,False,none
eaimkheb-1,TMA00315,False,False,False,none
eaipfmea-1,TMA00315,False,False,False,none
eaipkcng-1,TMA00315,False,False,False,none
eaipkeeb-1,TMA00315,False,False,False,none
eaipmanf-1,TMA00315,False,False,False,none
eajccpfc-1,TMA00315,False,False,False,none
eakbapfa-1,TMA00315,False,False,False,none
eakiifpm-1,TMA00315,False,False,False,none
eakoccod-1,TMA00315,False,False,False,none
eamjkomd-1,TMA00315,False,False,False,none
eamlfnlb-1,TMA00315,False,False,False,none
eanldmep-1,TMA00315,False,False,False,none
eaobhlpl-1,TMA00315,False,False,False,none
eaohfhed-1,TMA00315,False,False,False,none
eaokgcaa-1,TMA00315,False,False,False,none
eaomdalo-1,TMA00315,False,False,False,none
eaplgkgc-1,TMA00315,False,False,False,none
eaplkbhk-1,TMA00315,False,False,False,none
eappomdg-1,TMA00315,False,False,False,none
ebaampmj-1,TMA00315,False,False,False,none
ebajckpo-1,TMA00315,False,False,False,none
ebakajkb-1,TMA00315,False,False,False,none
ebaoeokj-1,TMA00315,False,False,False,none
ebbbdkea-1,TMA00315,False,False,False,none
ebbdfjlc-1,TMA00315,False,False,False,none
ebbgpfjm-1,TMA00315,False,False,False,none
ebbjdfmm-1,TMA00315,False,False,False,none
ebbjokop-1,TMA00315,False,False,False,none
ebbpmamn-1,TMA00315,False,False,False,none
ebcgppka-1,TMA00315,False,False,False,none
ebcpknkf-1,TMA00315,False,False,False,none
ebcpogpl-1,TMA00315,False,False,False,none
ebdepbdi-1,TMA00315,False,False,False,none
ebdibldb-1,TMA00315,False,False,False,none
ebdidjjm-1,TMA00315,False,False,False,none
ebdjpkjf-1,TMA00315,False,False,False,none
ebdmbkmi-1,TMA00315,False,False,False,none
ebdniiib-1,TMA00315,False,False,False,none
ebecpjgo-1,TMA00315,False,False,False,none
ebedeeij-1,TMA00315,False,False,False,none
ebefdffn-1,TMA00315,False,False,False,none
ebefhjeh-1,TMA00315,False,False,False,none
ebefkcjd-1,TMA00315,False,False,False,none
ebehpllc-1,TMA00315,False,False,False,none
ebeiaamf-1,TMA00315,False,False,False,none
ebeicafa-1,TMA00315,False,False,False,none
ebeincjc-1,TMA00315,False,False,False,none
ebeiofim-1,TMA00315,False,False,False,none
ebejonjn-1,TMA00315,False,False,False,none
ebelglad-1,TMA00315,False,False,False,none
ebenjjnk-1,TMA00315,False,False,False,none
ebeolgen-1,TMA00315,False,False,False,none
ebeoomgg-1,TMA00315,False,False,False,none
ebfackgd-1,TMA00315,False,False,False,none
ebfcgffd-1,TMA00315,False,False,False,none
ebfcoohj-1,TMA00315,False,False,False,none
ebfmpmgg-1,TMA00315,False,False,False,none
ebfpgkjm-1,TMA00315,False,False,False,none
ebgegjfk-1,TMA00315,False,False,False,none
ebghodlp-1,TMA00315,False,False,False,none
ebgnonfl-1,TMA00315,False,False,False,none
ebhhfhnd-1,TMA00315,False,False,False,none
ebhoaepn-1,TMA00315,False,False,False,none
ebhobklp-1,TMA00315,False,False,False,none
ebhomgbb-1,TMA00315,False,False,False,none
ebifkckb-1,TMA00315,False,False,False,none
ebifojhc-1,TMA00315,False,False,False,none
ebigcmkh-1,TMA00315,False,False,False,none
ebijbjje-1,TMA00315,False,False,False,none
ebileblj-1,TMA00315,False,False,False,none
ebimdipg-1,TMA00315,False,False,False,none
ebjdephp-1,TMA00315,False,False,False,none
ebjfaial-1,TMA00315,False,False,False,none
ebjgaelm-1,TMA00315,False,False,False,none
ebjgckng-1,TMA00315,False,False,False,none
ebjjjboj-1,TMA00315,False,False,False,none
ebjlehfp-1,TMA00315,False,False,False,none
ebjodici-1,TMA00315,False,False,False,none
ebkckngl-1,TMA00315,False,False,False,none
eblfflej-1,TMA00315,False,False,False,none
eblfmhbc-1,TMA00315,False,False,False,none
eblkekli-1,TMA00315,False,False,False,none
ebmakcek-1,TMA00315,False,False,False,none
ebmdobfk-1,TMA00315,False,False,False,none
ebmejiap-1,TMA00315,False,False,False,none
ebmgieca-1,TMA00315,False,False,False,none
ebmhhcie-1,TMA00315,False,False,False,none
ebmhjljf-1,TMA00315,False,False,False,none
ebmjmmkf-1,TMA00315,False,False,False,none
ebmklkda-1,TMA00315,False,False,False,none
ebmpljmh-1,TMA00315,False,False,False,none
ebnbfenn-1,TMA00315,False,False,False,none
ebnbmbih-1,TMA00315,False,False,False,none
ebnfcnph-1,TMA00315,False,False,False,none
ebnfgfaf-1,TMA00315,False,False,False,none
ebnjajol-1,TMA00315,False,False,False,none
ebnmakgk-1,TMA00315,False,False,False,none
ebnmonjl-1,TMA00315,False,False,False,none
eboddecf-1,TMA00315,False,False,False,none
ebpdhcha-1,TMA00315,False,False,False,none
ebpghino-1,TMA00315,False,False,False,none
ebpicanj-1,TMA00315,False,False,False,none
ebpjfnbg-1,TMA00315,False,False,False,none
ebpkfohb-1,TMA00315,False,False,False,none
ebpoadbe-1,TMA00315,False,False,False,none
ecapclad-1,TMA00315,False,False,False,none
ecbccamh-1,TMA00315,False,False,False,none
ecbccgmb-1,TMA00315,False,False,False,none
ecbihinf-1,TMA00315,False,False,False,none
eccbcobk-1,TMA00315,False,False,False,none
eccbofha-1,TMA00315,False,False,False,none
eccbpghb-1,TMA00315,False,False,False,none
eccfopef-1,TMA00315,False,False,False,none
ecchomgg-1,TMA00315,False,False,False,none
ecdcedoo-1,TMA00315,False,False,False,none
ecdegchc-1,TMA00315,False,False,False,none
ecflomkj-1,TMA00315,False,False,False,none
ecfnhjhd-1,TMA00315,False,False,False,none
ecfnkolc-1,TMA00315,False,False,False,none
ecgeceig-1,TMA00315,False,False,False,none
ecgnjpke-1,TMA00315,False,False,False,none
ecgpkjng-1,TMA00315,False,False,False,none
echbgoke-1,TMA00315,False,False,False,none
echdnhap-1,TMA00315,False,False,False,none
echllaon-1,TMA00315,False,False,False,none
ecikacao-1,TMA00315,False,False,False,none
ecjpknje-1,TMA00315,False,False,False,none
eckagfom-1,TMA00315,False,False,False,none
eckajohh-1,TMA00315,False,False,False,none
eckeleee-1,TMA00315,False,False,False,none
eckhblam-1,TMA00315,False,False,False,none
ecklnnod-1,TMA00315,False,False,False,none
eckogbpb-1,TMA00315,False,False,False,none
eckpgflg-1,TMA00315,False,False,False,none
eclbjakh-1,TMA00315,False,False,False,none
eclcfhgf-1,TMA00315,False,False,False,none
eclcloeb-1,TMA00315,False,False,False,none
ecldbopd-1,TMA00315,False,False,False,none
eclfieoa-1,TMA00315,False,False,False,none
eclhflff-1,TMA00315,False,False,False,none
eclojnol-1,TMA00315,False,False,False,none
ecmhfgff-1,TMA00315,False,False,False,none
ecmiophe-1,TMA00315,False,False,False,none
ecmlmldi-1,TMA00315,False,False,False,none
ecmmoegb-1,TMA00315,False,False,False,none
ecmniabg-1,TMA00315,False,False,False,none
ecnacbjm-1,TMA00315,False,False,False,none
ecnbjili-1,TMA00315,False,False,False,none
ecndfiho-1,TMA00315,False,False,False,none
ecnipfon-1,TMA00315,False,False,False,none
ecnkpmon-1,TMA00315,False,False,False,none
ecnleflk-1,TMA00315,False,False,False,none
ecnnphfm-1,TMA00315,False,False,False,none
ecnpfmfm-1,TMA00315,False,False,False,none
ecnpjbhk-1,TMA00315,False,False,False,none
ecofpbhi-1,TMA00315,False,False,False,none
ecoiohim-1,TMA00315,False,False,False,none
ecojleok-1,TMA00315,False,False,False,none
ecokggpf-1,TMA00315,False,False,False,none
ecokkcdk-1,TMA00315,False,False,False,none
ecookind-1,TMA00315,False,False,False,none
ecpacfjd-1,TMA00315,False,False,False,none
ecpagcpa-1,TMA00315,False,False,False,none
ecpddkbc-1,TMA00315,False,False,False,none
ecpgejom-1,TMA00315,False,False,False,none
ecpiohfk-1,TMA00315,False,False,False,none
ecpkocfm-1,TMA00315,False,False,False,none
ecplckee-1,TMA00315,False,False,False,none
ecplfkmd-1,TMA00315,False,False,False,none
edadbnlm-1,TMA00315,False,False,False,none
edakgnhf-1,TMA00315,False,False,False,none
edamckgk-1,TMA00315,False,False,False,none
edapcikj-1,TMA00315,False,False,False,none
edbikmln-1,TMA00315,False,False,False,none
edbnbfha-1,TMA00315,False,False,False,none
edbnepkc-1,TMA00315,False,False,False,none
edbnfdhk-1,TMA00315,False,False,False,none
edbnomjn-1,TMA00315,False,False,False,none
edbnpfid-1,TMA00315,False,False,False,none
edcbcaia-1,TMA00315,False,False,False,none
edccgkhm-1,TMA00315,False,False,False,none
edcgcail-1,TMA00315,False,False,False,none
edclbfop-1,TMA00315,False,False,False,none
edclilje-1,TMA00315,False,False,False,none
edcnmnlj-1,TMA00315,False,False,False,none
eddfhijg-1,TMA00315,False,False,False,none
eddjdfmn-1,TMA00315,False,False,False,none
edeakoll-1,TMA00315,False,False,False,none
edebcnek-1,TMA00315,False,False,False,none
edegjlga-1,TMA00315,False,False,False,none
edehfpkm-1,TMA00315,False,False,False,none
edeijadl-1,TMA00315,False,False,False,none
edejkdno-1,TMA00315,False,False,False,none
edekmich-1,TMA00315,False,False,False,none
edelkkgg-1,TMA00315,False,False,False,none
edeneoad-1,TMA00315,False,False,False,none
edeobhmf-1,TMA00315,False,False,False,none
edfchhil-1,TMA00315,False,False,False,none
edfejhnf-1,TMA00315,False,False,False,none
edfepini-1,TMA00315,False,False,False,none
edfffhca-1,TMA00315,False,False,False,none
edfgfhpe-1,TMA00315,False,False,False,none
edfggbol-1,TMA00315,False,False,False,none
edfnndnk-1,TMA00315,False,False,False,none
edfodiod-1,TMA00315,False,False,False,none
edfodjpp-1,TMA00315,False,False,False,none
edgbiapo-1,TMA00315,False,False,False,none
edgbpaeb-1,TMA00315,False,False,False,none
edgdkjmc-1,TMA00315,False,False,False,none
edgeoond-1,TMA00315,False,False,False,none
edgholoh-1,TMA00315,False,False,False,none
edglbkib-1,TMA00315,False,False,False,none
edgngkic-1,TMA00315,False,False,False,none
edhdbpmd-1,TMA00315,False,False,False,none
edhdlilj-1,TMA00315,False,False,False,none
edheebpc-1,TMA00315,False,False,False,none
edhmmjge-1,TMA00315,False,False,False,none
edhpadil-1,TMA00315,False,False,False,none
edhplhka-1,TMA00315,False,False,False,none
edicjjem-1,TMA00315,False,False,False,none
ediendba-1,TMA00315,False,False,False,none
edieocpa-1,TMA00315,False,False,False,none
edijpokm-1,TMA00315,False,False,False,none
edimiijl-1,TMA00315,False,False,False,none
edimmhph-1,TMA00315,False,False,False,none
edipeeae-1,TMA00315,False,False,False,none
edjadbkl-1,TMA00315,False,False,False,none
edjbnhpn-1,TMA00315,False,False,False,none
edjcnggh-1,TMA00315,False,False,False,none
edkabfeo-1,TMA00315,False,False,False,none
edkbeomh-1,TMA00315,False,False,False,none
edkcdddk-1,TMA00315,False,False,False,none
edkcedhl-1,TMA00315,False,False,False,none
edkhcbim-1,TMA00315,False,False,False,none
edkleohi-1,TMA00315,False,False,False,none
edklofkd-1,TMA00315,False,False,False,none
edkpanan-1,TMA00315,False,False,False,none
edlbmfmp-1,TMA00315,False,False,False,none
edldecjb-1,TMA00315,False,False,False,none
edlmalkb-1,TMA00315,False,False,False,none
edloomga-1,TMA00315,False,False,False,none
edlpdkil-1,TMA00315,False,False,False,none
edmbicij-1,TMA00315,False,False,False,none
edmckpfn-1,TMA00315,False,False,False,none
edmjkpfe-1,TMA00315,False,False,False,none
edmlaldn-1,TMA00315,False,False,False,none
edmlhlga-1,TMA00315,False,False,False,none
edmmoghe-1,TMA00315,False,False,False,none
ednddooc-1,TMA00315,False,False,False,none
edneiifa-1,TMA00315,False,False,False,none
ednflmpo-1,TMA00315,False,False,False,none
ednlfldi-1,TMA00315,False,False,False,none
edobdgpk-1,TMA00315,False,False,False,none
edodcmil-1,TMA00315,False,False,False,none
edofadin-1,TMA00315,False,False,False,none
edoknklc-1,TMA00315,False,False,False,none
edoncadl-1,TMA00315,False,False,False,none
edongleg-1,TMA00315,False,False,False,none
edopejbc-1,TMA00315,False,False,False,none
edpeiplh-1,TMA00315,False,False,False,none
edpekdca-1,TMA00315,False,False,False,none
edpfpmkk-1,TMA00315,False,False,False,none
edphagoh-1,TMA00315,False,False,False,none
edphidml-1,TMA00315,False,False,False,none
edpngocf-1,TMA00315,False,False,False,none
eeabbidm-1,TMA00315,False,False,False,none
eeacaajn-1,TMA00315,False,False,False,none
eeaeicce-1,TMA00315,False,False,False,none
eeahfeid-1,TMA00315,False,False,False,none
eeahkkjb-1,TMA00315,False,False,False,none
eeajfaeo-1,TMA00315,False,False,False,none
eeaklbii-1,TMA00315,False,False,False,none
eeamnjlm-1,TMA00315,False,False,False,none
eebacnck-1,TMA00315,False,False,False,none
eebeljof-1,TMA00315,False,False,False,none
eebhjjho-1,TMA00315,False,False,False,none
eebicklh-1,TMA00315,False,False,False,none
eeblhola-1,TMA00315,False,False,False,none
eebpeolo-1,TMA00315,False,False,False,none
eecbcooe-1,TMA00315,False,False,False,none
eecdeefe-1,TMA00315,False,False,False,none
eecfnpdi-1,TMA00315,False,False,False,none
eechkckn-1,TMA00315,False,False,False,none
eeckmnhf-1,TMA00315,False,False,False,none
eecnionl-1,TMA00315,False,False,False,none
eecnoekc-1,TMA00315,False,False,False,none
eecpjpbg-1,TMA00315,False,False,False,none
eedcjfai-1,TMA00315,False,False,False,none
eeddeodg-1,TMA00315,False,False,False,none
eedfmkii-1,TMA00315,False,False,False,none
eedgbdip-1,TMA00315,False,False,False,none
eedgebod-1,TMA00315,False,False,False,none
eedhehnh-1,TMA00315,False,False,False,none
eedjnnoe-1,TMA00315,False,False,False,none
eedmbhjm-1,TMA00315,False,False,False,none
eedpmekn-1,TMA00315,False,False,False,none
eeeapfle-1,TMA00315,False,False,False,none
eeedcnfa-1,TMA00315,False,False,False,none
eeedecgg-1,TMA00315,False,False,False,none
eeedfpkk-1,TMA00315,False,False,False,none
eeeeheck-1,TMA00315,False,False,False,none
eeegfigb-1,TMA00315,False,False,False,none
eeehfjol-1,TMA00315,False,False,False,none
eeehppgi-1,TMA00315,False,False,False,none
eeeiakpl-1,TMA00315,False,False,False,none
eeemapka-1,TMA00315,False,False,False,none
eefamfha-1,TMA00315,False,False,False,none
eefaocpo-1,TMA00315,False,False,False,none
eefdnmhf-1,TMA00315,False,False,False,none
eefecghl-1,TMA00315,False,False,False,none
eefendin-1,TMA00315,False,False,False,none
eeflaibe-1,TMA00315,False,False,False,none
eefophib-1,TMA00315,False,False,False,none
eefplgog-1,TMA00315,False,False,False,none
eefpoboa-1,TMA00315,False,False,False,none
eegclhkl-1,TMA00315,False,False,False,none
eegljmmk-1,TMA00315,False,False,False,none
eegmbhen-1,TMA00315,False,False,False,none
eegoobfe-1,TMA00315,False,False,False,none
eehafkll-1,TMA00315,False,False,False,none
eehdanbe-1,TMA00315,False,False,False,none
eehebjld-1,TMA00315,False,False,False,none
eehefnia-1,TMA00315,False,False,False,none
eehknemg-1,TMA00315,False,False,False,none
eehlhjde-1,TMA00315,False,False,False,none
eehohhed-1,TMA00315,False,False,False,none
eeijjbob-1,TMA00315,False,False,False,none
eeikaobj-1,TMA00315,False,False,False,none
eeimcdon-1,TMA00315,False,False,False,none
eeiomcfg-1,TMA00315,False,False,False,none
eejapfle-1,TMA00315,False,False,False,none
eejgghbp-1,TMA00315,False,False,False,none
eejgkmon-1,TMA00315,False,False,False,none
eejiekfk-1,TMA00315,False,False,False,none
eejlkfkh-1,TMA00315,False,False,False,none
eejmepbo-1,TMA00315,False,False,False,none
eejnjnfp-1,TMA00315,False,False,False,none
eejpkaoh-1,TMA00315,False,False,False,none
eekeailo-1,TMA00315,False,False,False,none
eekeooaf-1,TMA00315,False,False,False,none
eeliihfp-1,TMA00315,False,False,False,none
eeljnkhk-1,TMA00315,False,False,False,none
eelmioce-1,TMA00315,False,False,False,none
eelnhbpd-1,TMA00315,False,False,False,none
eelocdig-1,TMA00315,False,False,False,none
eelpacol-1,TMA00315,False,False,False,none
eemeadoe-1,TMA00315,False,False,False,none
eemfccfn-1,TMA00315,False,False,False,none
eemibiam-1,TMA00315,False,False,False,none
eemnekbn-1,TMA00315,False,False,False,none
eemoolkb-1,TMA00315,False,False,False,none
eencofeb-1,TMA00315,False,False,False,none
eenelpdc-1,TMA00315,False,False,False,none
eengjkpb-1,TMA00315,False,False,False,none
eengnkel-1,TMA00315,False,False,False,none
eenjoclf-1,TMA00315,False,False,False,none
eennngpc-1,TMA00315,False,False,False,none
eeoadfmc-1,TMA00315,False,False,False,none
eeoidjhc-1,TMA00315,False,False,False,none
eeojnikm-1,TMA00315,False,False,False,none
eeokiepn-1,TMA00315,False,False,False,none
eeolbggi-1,TMA00315,False,False,False,none
eeooanoo-1,TMA00315,False,False,False,none
eepdogbm-1,TMA00315,False,False,False,none
eepeakod-1,TMA00315,False,False,False,none
eephhgfc-1,TMA00315,False,False,False,none
eepjpbap-1,TMA00315,False,False,False,none
eepkombn-1,TMA00315,False,False,False,none
eepomjdb-1,TMA00315,False,False,False,none
efacfjmc-1,TMA00315,False,False,False,none
efafeden-1,TMA00315,False,False,False,none
efahjbjl-1,TMA00315,False,False,False,none
efaiegnb-1,TMA00315,False,False,False,none
efailejh-1,TMA00315,False,False,False,none
efbgjalp-1,TMA00315,False,False,False,none
efbhhnpc-1,TMA00315,False,False,False,none
efbineop-1,TMA00315,False,False,False,none
efboehnb-1,TMA00315,False,False,False,none
efbponkc-1,TMA00315,False,False,False,none
efchgkda-1,TMA00315,False,False,False,none
efcijiap-1,TMA00315,False,False,False,none
efclchdj-1,TMA00315,False,False,False,none
efcpbonk-1,TMA00315,False,False,False,none
efddbihl-1,TMA00315,False,False,False,none
efdhhplp-1,TMA00315,False,False,False,none
efdpkgfd-1,TMA00315,False,False,False,none
efecogck-1,TMA00315,False,False,False,none
efejplek-1,TMA00315,False,False,False,none
efepbaem-1,TMA00315,False,False,False,none
effcjkeb-1,TMA00315,False,False,False,none
effkkjkk-1,TMA00315,False,False,False,none
efgdfhal-1,TMA00315,False,False,False,none
efggddjj-1,TMA00315,False,False,False,none
efggicmo-1,TMA00315,False,False,False,none
efgpbdek-1,TMA00315,False,False,False,none
efgpikcl-1,TMA00315,False,False,False,none
efhclpda-1,TMA00315,False,False,False,none
efhcnhcm-1,TMA00315,False,False,False,none
efhepmce-1,TMA00315,False,False,False,none
efhfmfan-1,TMA00315,False,False,False,none
efhjkkpo-1,TMA00315,False,False,False,none
efhkifdn-1,TMA00315,False,False,False,none
efiabjlb-1,TMA00315,False,False,False,none
efiacenn-1,TMA00315,False,False,False,none
efibfain-1,TMA00315,False,False,False,none
efiblnkm-1,TMA00315,False,False,False,none
efibmcia-1,TMA00315,False,False,False,none
efidbhnb-1,TMA00315,False,False,False,none
efiegdkg-1,TMA00315,False,False,False,none
efihnlhh-1,TMA00315,False,False,False,none
efikgfea-1,TMA00315,False,False,False,none
efimcelg-1,TMA00315,False,False,False,none
efipcblc-1,TMA00315,False,False,False,none
efippcna-1,TMA00315,False,False,False,none
efjafefp-1,TMA00315,False,False,False,none
efjbiemm-1,TMA00315,False,False,False,none
efjddhkh-1,TMA00315,False,False,False,none
efjfendh-1,TMA00315,False,False,False,none
efjglloo-1,TMA00315,False,False,False,none
efjhoccb-1,TMA00315,False,False,False,none
efjnmoeg-1,TMA00315,False,False,False,none
efkfbhnm-1,TMA00315,False,False,False,none
efkhefdd-1,TMA00315,False,False,False,none
efkknjjn-1,TMA00315,False,False,False,none
efklpkeg-1,TMA00315,False,False,False,none
efknikdp-1,TMA00315,False,False,False,none
efknkmpp-1,TMA00315,False,False,False,none
efkpmknn-1,TMA00315,False,False,False,none
eflbhhfm-1,TMA00315,False,False,False,none
eflhjcmb-1,TMA00315,False,False,False,none
eflkbclo-1,TMA00315,False,False,False,none
eflodpec-1,TMA00315,False,False,False,none
efloncna-1,TMA00315,False,False,False,none
eflpanlo-1,TMA00315,False,False,False,none
eflpmemf-1,TMA00315,False,False,False,none
efmbmego-1,TMA00315,False,False,False,none
efmdddoa-1,TMA00315,False,False,False,none
efmihkmh-1,TMA00315,False,False,False,none
efmiibmo-1,TMA00315,False,False,False,none
efmkbobm-1,TMA00315,False,False,False,none
efmofofm-1,TMA00315,False,False,False,none
efmogehh-1,TMA00315,False,False,False,none
efmppicj-1,TMA00315,False,False,False,none
efnaobea-1,TMA00315,False,False,False,none
efneklnn-1,TMA00315,False,False,False,none
efnfpgoi-1,TMA00315,False,False,False,none
efnkhmbb-1,TMA00315,False,False,False,none
efnlbmhn-1,TMA00315,False,False,False,none
efnnambi-1,TMA00315,False,False,False,none
efnnhfbm-1,TMA00315,False,False,False,none
efoebocb-1,TMA00315,False,False,False,none
efofdpph-1,TMA00315,False,False,False,none
efoflkkh-1,TMA00315,False,False,False,none
efofohig-1,TMA00315,False,False,False,none
efojdlja-1,TMA00315,False,False,False,none
efokcnjg-1,TMA00315,False,False,False,none
efompedg-1,TMA00315,False,False,False,none
efpbgddf-1,TMA00315,False,False,False,none
efpdfnbd-1,TMA00315,False,False,False,none
efpeajmd-1,TMA00315,False,False,False,none
efphambb-1,TMA00315,False,False,False,none
efpioamm-1,TMA00315,False,False,False,none
efpjjbjk-1,TMA00315,False,False,False,none
efpkffdf-1,TMA00315,False,False,False,none
egachchp-1,TMA00315,False,False,False,none
egahlclp-1,TMA00315,False,False,False,none
egaidchi-1,TMA00315,False,False,False,none
egamgicj-1,TMA00315,False,False,False,none
egbicmaa-1,TMA00315,False,False,False,none
egbjimgg-1,TMA00315,False,False,False,none
egboblgb-1,TMA00315,False,False,False,none
egcaccij-1,TMA00315,False,False,False,none
egcmefik-1,TMA00315,False,False,False,none
egcnmgcm-1,TMA00315,False,False,False,none
egcpahic-1,TMA00315,False,False,False,none
egcpfadk-1,TMA00315,False,False,False,none
egcplpja-1,TMA00315,False,False,False,none
egdddlfa-1,TMA00315,False,False,False,none
egdddmci-1,TMA00315,False,False,False,none
egdfphfj-1,TMA00315,False,False,False,none
egdkohjk-1,TMA00315,False,False,False,none
egdmikdi-1,TMA00315,False,False,False,none
egdnjjpf-1,TMA00315,False,False,False,none
egdnmojo-1,TMA00315,False,False,False,none
egeedhdo-1,TMA00315,False,False,False,none
egemndhn-1,TMA00315,False,False,False,none
egfeikpk-1,TMA00315,False,False,False,none
eggbokla-1,TMA00315,False,False,False,none
eggfnhoi-1,TMA00315,False,False,False,none
eggljpmc-1,TMA00315,False,False,False,none
eggoafnd-1,TMA00315,False,False,False,none
eggogmnn-1,TMA00315,False,False,False,none
eghhfpif-1,TMA00315,False,False,False,none
eghjncmj-1,TMA00315,False,False,False,none
eghmbbhn-1,TMA00315,False,False,False,none
eghnbcdp-1,TMA00315,False,False,False,none
eghnndcd-1,TMA00315,False,False,False,none
eghnniol-1,TMA00315,False,False,False,none
egiagbmf-1,TMA00315,False,False,False,none
egigcfgg-1,TMA00315,False,False,False,none
egiikjih-1,TMA00315,False,False,False,none
eginlbhp-1,TMA00315,False,False,False,none
egiokhbp-1,TMA00315,False,False,False,none
egkapagi-1,TMA00315,False,False,False,none
egkcedhe-1,TMA00315,False,False,False,none
egkloboc-1,TMA00315,False,False,False,none
eglifeho-1,TMA00315,False,False,False,none
eglllhjb-1,TMA00315,False,False,False,none
eglmeioi-1,TMA00315,False,False,False,none
eglnglia-1,TMA00315,False,False,False,none
egmbdefp-1,TMA00315,False,False,False,none
egmebcod-1,TMA00315,False,False,False,none
egmhnocp-1,TMA00315,False,False,False,none
egmhpegg-1,TMA00315,False,False,False,none
egmlmjcc-1,TMA00315,False,False,False,none
egmmhdgf-1,TMA00315,False,False,False,none
egndneic-1,TMA00315,False,False,False,none
egngmegl-1,TMA00315,False,False,False,none
egnhkijk-1,TMA00315,False,False,False,none
egnjnagb-1,TMA00315,False,False,False,none
egnlofae-1,TMA00315,False,False,False,none
egnnkdjf-1,TMA00315,False,False,False,none
egoaophl-1,TMA00315,False,False,False,none
egocligo-1,TMA00315,False,False,False,none
egolaiog-1,TMA00315,False,False,False,none
egonaccn-1,TMA00315,False,False,False,none
egpafpcb-1,TMA00315,False,False,False,none
egpcemeg-1,TMA00315,False,False,False,none
egpemenm-1,TMA00315,False,False,False,none
egpflakk-1,TMA00315,False,False,False,none
egphbmml-1,TMA00315,False,False,False,none
egppimfp-1,TMA00315,False,False,False,none
ehaapigc-1,TMA00315,False,False,False,none
ehakpdhg-1,TMA00315,False,False,False,none
ehanhnpj-1,TMA00315,False,False,False,none
ehbaeaal-1,TMA00315,False,False,False,none
ehbckkaj-1,TMA00315,False,False,False,none
ehbcpmae-1,TMA00315,False,False,False,none
ehbhmcha-1,TMA00315,False,False,False,none
ehbidmpn-1,TMA00315,False,False,False,none
ehcilhdi-1,TMA00315,False,False,False,none
ehcimphi-1,TMA00315,False,False,False,none
ehckfddb-1,TMA00315,False,False,False,none
ehcmndhi-1,TMA00315,False,False,False,none
ehdaneim-1,TMA00315,False,False,False,none
ehdbiopp-1,TMA00315,False,False,False,none
ehdejaio-1,TMA00315,False,False,False,none
ehdhiddm-1,TMA00315,False,False,False,none
ehdmkaoe-1,TMA00315,False,False,False,none
ehebbiem-1,TMA00315,False,False,False,none
ehecdgbl-1,TMA00315,False,False,False,none
ehemjaoo-1,TMA00315,False,False,False,none
ehemnibf-1,TMA00315,False,False,False,none
ehfcfgmg-1,TMA00315,False,False,False,none
ehfekgfe-1,TMA00315,False,False,False,none
ehfnpanc-1,TMA00315,False,False,False,none
ehfofgeh-1,TMA00315,False,False,False,none
ehfpmonk-1,TMA00315,False,False,False,none
ehgeemmd-1,TMA00315,False,False,False,none
ehgihcno-1,TMA00315,False,False,False,none
ehhfjdca-1,TMA00315,False,False,False,none
ehjeaebc-1,TMA00315,False,False,False,none
ehkbbimo-1,TMA00315,False,False,False,none
ehlidhpa-1,TMA00315,False,False,False,none
ehlmgkhp-1,TMA00315,False,False,False,none
ehlnhbfg-1,TMA00315,False,False,False,none
ehmahdib-1,TMA00315,False,False,False,none
ehmbgnbj-1,TMA00315,False,False,False,none
ehmbnlgh-1,TMA00315,False,False,False,none
ehpekdfp-1,TMA00315,False,False,False,none
ehpfcidc-1,TMA00315,False,False,False,none
eiakkmaj-1,TMA00315,False,False,False,none
eiamdkoh-1,TMA00315,False,False,False,none
eiancncp-1,TMA00315,False,False,False,none
eibhpiin-1,TMA00315,False,False,False,none
eiblcegc-1,TMA00315,False,False,False,none
eibnkmol-1,TMA00315,False,False,False,none
eibohggk-1,TMA00315,False,False,False,none
eicgljoi-1,TMA00315,False,False,False,none
eicieahg-1,TMA00315,False,False,False,none
eiciienh-1,TMA00315,False,False,False,none
eickhhjf-1,TMA00315,False,False,False,none
eidakfjb-1,TMA00315,False,False,False,none
eidkbhjf-1,TMA00315,False,False,False,none
eieeiofa-1,TMA00315,False,False,False,none
eieffebh-1,TMA00315,False,False,False,none
eieljddo-1,TMA00315,False,False,False,none
eieohplf-1,TMA00315,False,False,False,none
eifbnbnb-1,TMA00315,False,False,False,none
eifildpj-1,TMA00315,False,False,False,none
eifkieda-1,TMA00315,False,False,False,none
eiflgigo-1,TMA00315,False,False,False,none
eifllnib-1,TMA00315,False,False,False,none
eifnmdeo-1,TMA00315,False,False,False,none
eifpjpfk-1,TMA00315,False,False,False,none
eigginja-1,TMA00315,False,False,False,none
eighfjfe-1,TMA00315,False,False,False,none
eigipkfn-1,TMA00315,False,False,False,none
eignagem-1,TMA00315,False,False,False,none
eigojbpi-1,TMA00315,False,False,False,none
eihacnnm-1,TMA00315,False,False,False,none
eihelnae-1,TMA00315,False,False,False,none
eiiplkgd-1,TMA00315,False,False,False,none
eijnphnl-1,TMA00315,False,False,False,none
eijppdjj-1,TMA00315,False,False,False,none
eikeigim-1,TMA00315,False,False,False,none
eikinlga-1,TMA00315,False,False,False,none
eilgadfk-1,TMA00315,False,False,False,none
eilglgko-1,TMA00315,False,False,False,none
eilicgfk-1,TMA00315,False,False,False,none
eilomkpn-1,TMA00315,False,False,False,none
eimaaglf-1,TMA00315,False,False,False,none
eimgofci-1,TMA00315,False,False,False,none
eimiomoe-1,TMA00315,False,False,False,none
einghheo-1,TMA00315,False,False,False,none
einkifgd-1,TMA00315,False,False,False,none
eiobdjkm-1,TMA00315,False,False,False,none
eiodccgo-1,TMA00315,False,False,False,none
eiogbigl-1,TMA00315,False,False,False,none
eiogchpj-1,TMA00315,False,False,False,none
eiogjboa-1,TMA00315,False,False,False,none
eiohfcof-1,TMA00315,False,False,False,none
eiojhfnl-1,TMA00315,False,False,False,none
eiojidbc-1,TMA00315,False,False,False,none
eiojjako-1,TMA00315,False,False,False,none
eiooipmk-1,TMA00315,False,False,False,none
eipcbpld-1,TMA00315,False,False,False,none
eipecjhd-1,TMA00315,False,False,False,none
eipfdggn-1,TMA00315,False,False,False,none
eipiioeo-1,TMA00315,False,False,False,none
eipjdfei-1,TMA00315,False,False,False,none
eipkacoa-1,TMA00315,False,False,False,none
eiplamaj-1,TMA00315,False,False,False,none
eipphocb-1,TMA00315,False,False,False,none
eippighd-1,TMA00315,False,False,False,none
eippnckf-1,TMA00315,False,False,False,none
ejaabcpb-1,TMA00315,False,False,False,none
ejaaolbj-1,TMA00315,False,False,False,none
ejabnfpn-1,TMA00315,False,False,False,none
ejaffgla-1,TMA00315,False,False,False,none
ejafphmm-1,TMA00315,False,False,False,none
ejaliegb-1,TMA00315,False,False,False,none
ejamfoih-1,TMA00315,False,False,False,none
ejamjbmj-1,TMA00315,False,False,False,none
ejapllij-1,TMA00315,False,False,False,none
ejbjfkdi-1,TMA00315,False,False,False,none
ejbjipjh-1,TMA00315,False,False,False,none
ejbkpgck-1,TMA00315,False,False,False,none
ejbojjgg-1,TMA00315,False,False,False,none
ejcfmknh-1,TMA00315,False,False,False,none
ejciifcb-1,TMA00315,False,False,False,none
ejcjigcg-1,TMA00315,False,False,False,none
ejcoaime-1,TMA00315,False,False,False,none
ejdkpfbl-1,TMA00315,False,False,False,none
ejdnbhfd-1,TMA00315,False,False,False,none
ejdpaidp-1,TMA00315,False,False,False,none
ejdpiigj-1,TMA00315,False,False,False,none
ejdpocdd-1,TMA00315,False,False,False,none
ejeagjif-1,TMA00315,False,False,False,none
ejebcfjf-1,TMA00315,False,False,False,none
ejebfbep-1,TMA00315,False,False,False,none
ejehkcgm-1,TMA00315,False,False,False,none
ejeoagjf-1,TMA00315,False,False,False,none
ejeppigb-1,TMA00315,False,False,False,none
ejffihop-1,TMA00315,False,False,False,none
ejfgbjnm-1,TMA00315,False,False,False,none
ejghjgmg-1,TMA00315,False,False,False,none
ejghpobe-1,TMA00315,False,False,False,none
ejgogbic-1,TMA00315,False,False,False,none
ejhejjjc-1,TMA00315,False,False,False,none
ejhhfkkc-1,TMA00315,False,False,False,none
ejhjfjba-1,TMA00315,False,False,False,none
ejhnclcc-1,TMA00315,False,False,False,none
ejhnobeb-1,TMA00315,False,False,False,none
ejiabonb-1,TMA00315,False,False,False,none
ejiapaoc-1,TMA00315,False,False,False,none
ejicojdd-1,TMA00315,False,False,False,none
ejidhjch-1,TMA00315,False,False,False,none
ejifhffe-1,TMA00315,False,False,False,none
ejifnnnl-1,TMA00315,False,False,False,none
ejijbndg-1,TMA00315,False,False,False,none
ejimhjip-1,TMA00315,False,False,False,none
ejioipkb-1,TMA00315,False,False,False,none
ejjacpcg-1,TMA00315,False,False,False,none
ejjaiahc-1,TMA00315,False,False,False,none
ejjanfpk-1,TMA00315,False,False,False,none
ejjfadco-1,TMA00315,False,False,False,none
ejjlagga-1,TMA00315,False,False,False,none
ejkfnmgf-1,TMA00315,False,False,False,none
ejkiiplp-1,TMA00315,False,False,False,none
ejkkbhia-1,TMA00315,False,False,False,none
ejkplijo-1,TMA00315,False,False,False,none
ejlbadah-1,TMA00315,False,False,False,none
ejlhekej-1,TMA00315,False,False,False,none
ejlhmjag-1,TMA00315,False,False,False,none
ejlijldi-1,TMA00315,False,False,False,none
ejlniphi-1,TMA00315,False,False,False,none
ejlpdcej-1,TMA00315,False,False,False,none
ejmhljml-1,TMA00315,False,False,False,none
ejnahnkm-1,TMA00315,False,False,False,none
ejnfeapc-1,TMA00315,False,False,False,none
ejnhhhbf-1,TMA00315,False,False,False,none
ejnioakb-1,TMA00315,False,False,False,none
ejnlgjdh-1,TMA00315,False,False,False,none
ejnmgbbe-1,TMA00315,False,False,False,none
ejnopffa-1,TMA00315,False,False,False,none
ejoffcal-1,TMA00315,False,False,False,none
ejpbbmkb-1,TMA00315,False,False,False,none
ejpdfmfo-1,TMA00315,False,False,False,none
ejpeffjj-1,TMA00315,False,False,False,none
ejpelaik-1,TMA00315,False,False,False,none
ejpfilco-1,TMA00315,False,False,False,none
ekaabaja-1,TMA00315,False,False,False,none
ekafeglb-1,TMA00315,False,False,False,none
ekaiaggp-1,TMA00315,False,False,False,none
ekaiddjm-1,TMA00315,False,False,False,none
ekakmfam-1,TMA00315,False,False,False,none
ekamdcbd-1,TMA00315,False,False,False,none
ekanlgal-1,TMA00315,False,False,False,none
ekapoeec-1,TMA00315,False,False,False,none
ekbagebb-1,TMA00315,False,False,False,none
ekbcehhe-1,TMA00315,False,False,False,none
ekbchclm-1,TMA00315,False,False,False,none
ekbeijnp-1,TMA00315,False,False,False,none
ekbemdkd-1,TMA00315,False,False,False,none
ekbjcghi-1,TMA00315,False,False,False,none
ekbjdbaf-1,TMA00315,False,False,False,none
ekbkadkl-1,TMA00315,False,False,False,none
ekbmdajk-1,TMA00315,False,False,False,none
ekbmiibj-1,TMA00315,False,False,False,none
ekbpiebb-1,TMA00315,False,False,False,none
ekcacala-1,TMA00315,False,False,False,none
ekchilob-1,TMA00315,False,False,False,none
ekciffkd-1,TMA00315,False,False,False,none
ekckpbae-1,TMA00315,False,False,False,none
ekconnnf-1,TMA00315,False,False,False,none
ekdcmnla-1,TMA00315,False,False,False,none
ekdfalgf-1,TMA00315,False,False,False,none
ekdiekjc-1,TMA00315,False,False,False,none
ekdioijp-1,TMA00315,False,False,False,none
ekdladhp-1,TMA00315,False,False,False,none
ekdmpmeh-1,TMA00315,False,False,False,none
ekdnmcke-1,TMA00315,False,False,False,none
ekdpfenc-1,TMA00315,False,False,False,none
ekebpiff-1,TMA00315,False,False,False,none
ekeeflfb-1,TMA00315,False,False,False,none
ekejcpmn-1,TMA00315,False,False,False,none
ekfakbna-1,TMA00315,False,False,False,none
ekfapped-1,TMA00315,False,False,False,none
ekfdeohe-1,TMA00315,False,False,False,none
ekfdjpne-1,TMA00315,False,False,False,none
ekfeipbo-1,TMA00315,False,False,False,none
ekfgciao-1,TMA00315,False,False,False,none
ekfihbjm-1,TMA00315,False,False,False,none
ekfjecni-1,TMA00315,False,False,False,none
ekflamoi-1,TMA00315,False,False,False,none
ekfmmagj-1,TMA00315,False,False,False,none
ekfpbjjd-1,TMA00315,False,False,False,none
ekgageek-1,TMA00315,False,False,False,none
ekggecog-1,TMA00315,False,False,False,none
ekgnmbon-1,TMA00315,False,False,False,none
ekgpghfo-1,TMA00315,False,False,False,none
ekhbpdal-1,TMA00315,False,False,False,none
ekhdnhoc-1,TMA00315,False,False,False,none
ekhhoogn-1,TMA00315,False,False,False,none
ekhicmdn-1,TMA00315,False,False,False,none
ekhkeiac-1,TMA00315,False,False,False,none
ekiaboep-1,TMA00315,False,False,False,none
ekigcane-1,TMA00315,False,False,False,none
ekighhmg-1,TMA00315,False,False,False,none
ekilpnon-1,TMA00315,False,False,False,none
ekjfdnjj-1,TMA00315,False,False,False,none
ekjjfbng-1,TMA00315,False,False,False,none
ekjklnhn-1,TMA00315,False,False,False,none
ekjmcged-1,TMA00315,False,False,False,none
ekjpbcla-1,TMA00315,False,False,False,none
ekkelade-1,TMA00315,False,False,False,none
ekkfaemm-1,TMA00315,False,False,False,none
ekkffled-1,TMA00315,False,False,False,none
eklafalk-1,TMA00315,False,False,False,none
eklandel-1,TMA00315,False,False,False,none
eklbpnlc-1,TMA00315,False,False,False,none
ekldghio-1,TMA00315,False,False,False,none
eklfiifh-1,TMA00315,False,False,False,none
ekliliof-1,TMA00315,False,False,False,none
ekliodkm-1,TMA00315,False,False,False,none
ekljbjlc-1,TMA00315,False,False,False,none
eklmddfk-1,TMA00315,False,False,False,none
eklmiaac-1,TMA00315,False,False,False,none
eklocnni-1,TMA00315,False,False,False,none
ekmcjkdh-1,TMA00315,False,False,False,none
ekmddnkd-1,TMA00315,False,False,False,none
ekmhginm-1,TMA00315,False,False,False,none
ekmiahed-1,TMA00315,False,False,False,none
ekmmggib-1,TMA00315,False,False,False,none
ekncbfaf-1,TMA00315,False,False,False,none
ekncjofk-1,TMA00315,False,False,False,none
ekndkmca-1,TMA00315,False,False,False,none
eknhbmjn-1,TMA00315,False,False,False,none
eknjkblb-1,TMA00315,False,False,False,none
eknkbadi-1,TMA00315,False,False,False,none
eknmihdp-1,TMA00315,False,False,False,none
eknphgoa-1,TMA00315,False,False,False,none
ekogilph-1,TMA00315,False,False,False,none
ekohpgdo-1,TMA00315,False,False,False,none
ekopcjjo-1,TMA00315,False,False,False,none
ekoploil-1,TMA00315,False,False,False,none
ekopopni-1,TMA00315,False,False,False,none
ekpgdmfa-1,TMA00315,False,False,False,none
ekphfgad-1,TMA00315,False,False,False,none
ekpipaaf-1,TMA00315,False,False,False,none
ekplnibi-1,TMA00315,False,False,False,none
ekplpade-1,TMA00315,False,False,False,none
ekppgand-1,TMA00315,False,False,False,none
elagbhld-1,TMA00315,False,False,False,none
elahlaei-1,TMA00315,False,False,False,none
elapomje-1,TMA00315,False,False,False,none
elbbdfdi-1,TMA00315,False,False,False,none
elbdpape-1,TMA00315,False,False,False,none
elbhbjko-1,TMA00315,False,False,False,none
elbhkoja-1,TMA00315,False,False,False,none
elbjgodi-1,TMA00315,False,False,False,none
elbkbnpi-1,TMA00315,False,False,False,none
elbniiac-1,TMA00315,False,False,False,none
elbocdnl-1,TMA00315,False,False,False,none
elcbmklo-1,TMA00315,False,False,False,none
elccmalg-1,TMA00315,False,False,False,none
elcmppbg-1,TMA00315,False,False,False,none
elcnlenp-1,TMA00315,False,False,False,none
elcnofdj-1,TMA00315,False,False,False,none
eldffnoa-1,TMA00315,False,False,False,none
eldghpab-1,TMA00315,False,False,False,none
eldglklc-1,TMA00315,False,False,False,none
eldkigpn-1,TMA00315,False,False,False,none
eldllnda-1,TMA00315,False,False,False,none
eldnjokl-1,TMA00315,False,False,False,none
eldocjaa-1,TMA00315,False,False,False,none
eldppejb-1,TMA00315,False,False,False,none
eledpkfj-1,TMA00315,False,False,False,none
elefjchp-1,TMA00315,False,False,False,none
elegdogl-1,TMA00315,False,False,False,none
elelmako-1,TMA00315,False,False,False,none
elepkjne-1,TMA00315,False,False,False,none
elfaidmd-1,TMA00315,False,False,False,none
elfbonhp-1,TMA00315,False,False,False,none
elffgffa-1,TMA00315,False,False,False,none
elfgjfoi-1,TMA00315,False,False,False,none
elfhngpj-1,TMA00315,False,False,False,none
elfjhlbc-1,TMA00315,False,False,False,none
elfmkhdp-1,TMA00315,False,False,False,none
elfnfija-1,TMA00315,False,False,False,none
elgdfeld-1,TMA00315,False,False,False,none
elgekgef-1,TMA00315,False,False,False,none
elgflknb-1,TMA00315,False,False,False,none
elgglbbd-1,TMA00315,False,False,False,none
elgjffea-1,TMA00315,False,False,False,none
elgjiahf-1,TMA00315,False,False,False,none
elgjlkld-1,TMA00315,False,False,False,none
elgkhioc-1,TMA00315,False,False,False,none
elgkjack-1,TMA00315,False,False,False,none
elgpofcn-1,TMA00315,False,False,False,none
elhgobhh-1,TMA00315,False,False,False,none
elhhfhhg-1,TMA00315,False,False,False,none
elhjanma-1,TMA00315,False,False,False,none
elhjckjh-1,TMA00315,False,False,False,none
elhkckhk-1,TMA00315,False,False,False,none
elhldaic-1,TMA00315,False,False,False,none
elhlklcd-1,TMA00315,False,False,False,none
elhmenpp-1,TMA00315,False,False,False,none
elhppjkj-1,TMA00315,False,False,False,none
elifbohd-1,TMA00315,False,False,False,none
elifehem-1,TMA00315,False,False,False,none
elihkkkf-1,TMA00315,False,False,False,none
eliidpkd-1,TMA00315,False,False,False,none
eliifjij-1,TMA00315,False,False,False,none
elimgmce-1,TMA00315,False,False,False,none
eliopdjl-1,TMA00315,False,False,False,none
elipjpla-1,TMA00315,False,False,False,none
elipphie-1,TMA00315,False,False,False,none
eljedali-1,TMA00315,False,False,False,none
eljgnnhl-1,TMA00315,False,False,False,none
eljhpffh-1,TMA00315,False,False,False,none
eljkgnlh-1,TMA00315,False,False,False,none
eljkkeek-1,TMA00315,False,False,False,none
eljnmibm-1,TMA00315,False,False,False,none
elkaffob-1,TMA00315,False,False,False,none
elkcmpjd-1,TMA00315,False,False,False,none
elkeanpo-1,TMA00315,False,False,False,none
elkgiija-1,TMA00315,False,False,False,none
elkkcbkl-1,TMA00315,False,False,False,none
elkkgbpg-1,TMA00315,False,False,False,none
ellehkni-1,TMA00315,False,False,False,none
ellfbjoh-1,TMA00315,False,False,False,none
ellfmnia-1,TMA00315,False,False,False,none
ellfnbdj-1,TMA00315,False,False,False,none
ellhpefd-1,TMA00315,False,False,False,none
ellkidkk-1,TMA00315,False,False,False,none
elllldfe-1,TMA00315,False,False,False,none
ellnchag-1,TMA00315,False,False,False,none
ellnconp-1,TMA00315,False,False,False,none
elmdbchn-1,TMA00315,False,False,False,none
elmdfblh-1,TMA00315,False,False,False,none
elmdkejm-1,TMA00315,False,False,False,none
elmhgibg-1,TMA00315,False,False,False,none
elmmaecj-1,TMA00315,False,False,False,none
elmmdkdc-1,TMA00315,False,False,False,none
elmnlcjp-1,TMA00315,False,False,False,none
elnbcdhl-1,TMA00315,False,False,False,none
elnccnhb-1,TMA00315,False,False,False,none
elneikch-1,TMA00315,False,False,False,none
elnpikln-1,TMA00315,False,False,False,none
elnppmcl-1,TMA00315,False,False,False,none
elodljbd-1,TMA00315,False,False,False,none
elofplbh-1,TMA00315,False,False,False,none
elogpgoj-1,TMA00315,False,False,False,none
elohjblc-1,TMA00315,False,False,False,none
elolnchn-1,TMA00315,False,False,False,none
elopccan-1,TMA00315,False,False,False,none
elpakbbc-1,TMA00315,False,False,False,none
elpamcbh-1,TMA00315,False,False,False,none
elpcdblj-1,TMA00315,False,False,False,none
elpgjcbk-1,TMA00315,False,False,False,none
elpmdagm-1,TMA00315,False,False,False,none
emaaefkk-1,TMA00315,False,False,False,none
emadbcma-1,TMA00315,False,False,False,none
emagmdha-1,TMA00315,False,False,False,none
embbifib-1,TMA00315,False,False,False,none
embbngdi-1,TMA00315,False,False,False,none
embcnaon-1,TMA00315,False,False,False,none
embdhlfb-1,TMA00315,False,False,False,none
embdmocl-1,TMA00315,False,False,False,none
embedejn-1,TMA00315,False,False,False,none
embgpnpb-1,TMA00315,False,False,False,none
embhbinm-1,TMA00315,False,False,False,none
embiemie-1,TMA00315,False,False,False,none
embpgdbo-1,TMA00315,False,False,False,none
emcbiaga-1,TMA00315,False,False,False,none
emcchcbb-1,TMA00315,False,False,False,none
emcgklih-1,TMA00315,False,False,False,none
emcgmcjc-1,TMA00315,False,False,False,none
emcodjfd-1,TMA00315,False,False,False,none
emconjdh-1,TMA00315,False,False,False,none
emdammfb-1,TMA00315,False,False,False,none
emddknkp-1,TMA00315,False,False,False,none
emdlphop-1,TMA00315,False,False,False,none
emedomgi-1,TMA00315,False,False,False,none
emeenaeg-1,TMA00315,False,False,False,none
emegbhhp-1,TMA00315,False,False,False,none
emekkcac-1,TMA00315,False,False,False,none
emenance-1,TMA00315,False,False,False,none
emeonmke-1,TMA00315,False,False,False,none
emflmjlc-1,TMA00315,False,False,False,none
emfnmoil-1,TMA00315,False,False,False,none
emfonojd-1,TMA00315,False,False,False,none
emfoplea-1,TMA00315,False,False,False,none
emgafeai-1,TMA00315,False,False,False,none
emgdhaoa-1,TMA00315,False,False,False,none
emgmehhh-1,TMA00315,False,False,False,none
emgogogf-1,TMA00315,False,False,False,none
emhbphdb-1,TMA00315,False,False,False,none
emhgnila-1,TMA00315,False,False,False,none
emhhlknb-1,TMA00315,False,False,False,none
emhkooho-1,TMA00315,False,False,False,none
emhlglpf-1,TMA00315,False,False,False,none
emhligbc-1,TMA00315,False,False,False,none
emhmiall-1,TMA00315,False,False,False,none
emhmockk-1,TMA00315,False,False,False,none
emhpendc-1,TMA00315,False,False,False,none
emhplghj-1,TMA00315,False,False,False,none
emichaja-1,TMA00315,False,False,False,none
emidaikb-1,TMA00315,False,False,False,none
emiemiec-1,TMA00315,False,False,False,none
emiglmdj-1,TMA00315,False,False,False,none
emijoobh-1,TMA00315,False,False,False,none
emiknokf-1,TMA00315,False,False,False,none
eminhpjd-1,TMA00315,False,False,False,none
emjamkag-1,TMA00315,False,False,False,none
emjbejie-1,TMA00315,False,False,False,none
emjghpeo-1,TMA00315,False,False,False,none
emjoppbp-1,TMA00315,False,False,False,none
emkblfhi-1,TMA00315,False,False,False,none
emkkkfhd-1,TMA00315,False,False,False,none
emklpdnf-1,TMA00315,False,False,False,none
emkpcbaj-1,TMA00315,False,False,False,none
emkpcfcd-1,TMA00315,False,False,False,none
emkpnlcn-1,TMA00315,False,False,False,none
emladjai-1,TMA00315,False,False,False,none
emlbjiaa-1,TMA00315,False,False,False,none
emlhdbkh-1,TMA00315,False,False,False,none
emllbpnc-1,TMA00315,False,False,False,none
emlmnmfd-1,TMA00315,False,False,False,none
emlnhjll-1,TMA00315,False,False,False,none
emloofja-1,TMA00315,False,False,False,none
emlpdnbh-1,TMA00315,False,False,False,none
emmdhabd-1,TMA00315,False,False,False,none
emmhmbio-1,TMA00315,False,False,False,none
emmjehdc-1,TMA00315,False,False,False,none
emmkdhno-1,TMA00315,False,False,False,none
emmoajie-1,TMA00315,False,False,False,none
emmokfoi-1,TMA00315,False,False,False,none
emnbhabp-1,TMA00315,False,False,False,none
emncjhik-1,TMA00315,False,False,False,none
emncnijj-1,TMA00315,False,False,False,none
emneanhg-1,TMA00315,False,False,False,none
emnfedni-1,TMA00315,False,False,False,none
emnifcjk-1,TMA00315,False,False,False,none
emnjbhgg-1,TMA00315,False,False,False,none
emnjngln-1,TMA00315,False,False,False,none
emnmldll-1,TMA00315,False,False,False,none
emnoojnh-1,TMA00315,False,False,False,none
emnpogij-1,TMA00315,False,False,False,none
emocfgml-1,TMA00315,False,False,False,none
emoeboae-1,TMA00315,False,False,False,none
emohelnn-1,TMA00315,False,False,False,none
emolcfjb-1,TMA00315,False,False,False,none
emolflgn-1,TMA00315,False,False,False,none
emolmbbc-1,TMA00315,False,False,False,none
emoojjle-1,TMA00315,False,False,False,none
empddhpl-1,TMA00315,False,False,False,none
empegjbi-1,TMA00315,False,False,False,none
empeiadc-1,TMA00315,False,False,False,none
empkfeha-1,TMA00315,False,False,False,none
emppaobo-1,TMA00315,False,False,False,none
enaeabbp-1,TMA00315,False,False,False,none
enaepddd-1,TMA00315,False,False,False,none
enagnelg-1,TMA00315,False,False,False,none
enbcmgbp-1,TMA00315,False,False,False,none
enbekjgc-1,TMA00315,False,False,False,none
enbfbfhl-1,TMA00315,False,False,False,none
enbikcpe-1,TMA00315,False,False,False,none
enbjlknj-1,TMA00315,False,False,False,none
encgecil-1,TMA00315,False,False,False,none
encillfn-1,TMA00315,False,False,False,none
encmambb-1,TMA00315,False,False,False,none
encmimmk-1,TMA00315,False,False,False,none
encngcdd-1,TMA00315,False,False,False,none
endajklp-1,TMA00315,False,False,False,none
endegnkn-1,TMA00315,False,False,False,none
endgniom-1,TMA00315,False,False,False,none
endihmkc-1,TMA00315,False,False,False,none
endjmnff-1,TMA00315,False,False,False,none
endnhjlb-1,TMA00315,False,False,False,none
endonilf-1,TMA00315,False,False,False,none
enechfld-1,TMA00315,False,False,False,none
enekieci-1,TMA00315,False,False,False,none
enelleja-1,TMA00315,False,False,False,none
enepblld-1,TMA00315,False,False,False,none
enfbloic-1,TMA00315,False,False,False,none
enfeheoe-1,TMA00315,False,False,False,none
enfjbooh-1,TMA00315,False,False,False,none
enflfeih-1,TMA00315,False,False,False,none
enflolkn-1,TMA00315,False,False,False,none
enfnkbmf-1,TMA00315,False,False,False,none
engbclfh-1,TMA00315,False,False,False,none
engbemhn-1,TMA00315,False,False,False,none
engbfclg-1,TMA00315,False,False,False,none
engbjekp-1,TMA00315,False,False,False,none
engcbmcm-1,TMA00315,False,False,False,none
engjfmfm-1,TMA00315,False,False,False,none
engkolff-1,TMA00315,False,False,False,none
engmagek-1,TMA00315,False,False,False,none
engpdiff-1,TMA00315,False,False,False,none
enhgdgga-1,TMA00315,False,False,False,none
enhghmcl-1,TMA00315,False,False,False,none
enhlfghp-1,TMA00315,False,False,False,none
enhnicmj-1,TMA00315,False,False,False,none
enhokibo-1,TMA00315,False,False,False,none
enhpoaep-1,TMA00315,False,False,False,none
enieeiin-1,TMA00315,False,False,False,none
enifgahj-1,TMA00315,False,False,False,none
enigedgp-1,TMA00315,False,False,False,none
enihabbk-1,TMA00315,False,False,False,none
enimmcol-1,TMA00315,False,False,False,none
enjabbdn-1,TMA00315,False,False,False,none
enjdifcj-1,TMA00315,False,False,False,none
enjfolfn-1,TMA00315,False,False,False,none
enjjlmdc-1,TMA00315,False,False,False,none
enjndkph-1,TMA00315,False,False,False,none
enjniojh-1,TMA00315,False,False,False,none
enkekikp-1,TMA00315,False,False,False,none
enkihaje-1,TMA00315,False,False,False,none
enkiiiob-1,TMA00315,False,False,False,none
enknabne-1,TMA00315,False,False,False,none
enknaenb-1,TMA00315,False,False,False,none
enknedjk-1,TMA00315,False,False,False,none
enknligm-1,TMA00315,False,False,False,none
enkopmpn-1,TMA00315,False,False,False,none
enlgbomi-1,TMA00315,False,False,False,none
enlgfgdh-1,TMA00315,False,False,False,none
enlieile-1,TMA00315,False,False,False,none
enljbcka-1,TMA00315,False,False,False,none
enllkann-1,TMA00315,False,False,False,none
enlnpino-1,TMA00315,False,False,False,none
enloamfe-1,TMA00315,False,False,False,none
enmbhnhb-1,TMA00315,False,False,False,none
enmcobem-1,TMA00315,False,False,False,none
enmeipng-1,TMA00315,False,False,False,none
ennbbnkk-1,TMA00315,False,False,False,none
enndklad-1,TMA00315,False,False,False,none
enneoahh-1,TMA00315,False,False,False,none
ennkgild-1,TMA00315,False,False,False,none
enokgllk-1,TMA00315,False,False,False,none
enolloda-1,TMA00315,False,False,False,none
enpaeigc-1,TMA00315,False,False,False,none
enpccknp-1,TMA00315,False,False,False,none
enpflgke-1,TMA00315,False,False,False,none
enphbeha-1,TMA00315,False,False,False,none
enphceal-1,TMA00315,False,False,False,none
enphcofj-1,TMA00315,False,False,False,none
enpkihkk-1,TMA00315,False,False,False,none
enpnnola-1,TMA00315,False,False,False,none
enppfebo-1,TMA00315,False,False,False,none
eoaehdgh-1,TMA00315,False,False,False,none
eoajmion-1,TMA00315,False,False,False,none
eoalicfg-1,TMA00315,False,False,False,none
eoalmhgn-1,TMA00315,False,False,False,none
eoambeac-1,TMA00315,False,False,False,none
eobbjlmb-1,TMA00315,False,False,False,none
eobffnfe-1,TMA00315,False,False,False,none
eobgdmfh-1,TMA00315,False,False,False,none
eobifbol-1,TMA00315,False,False,False,none
eobioeog-1,TMA00315,False,False,False,none
eoblndoc-1,TMA00315,False,False,False,none
eocbfapm-1,TMA00315,False,False,False,none
eocclfod-1,TMA00315,False,False,False,none
eocedkmi-1,TMA00315,False,False,False,none
eochmanp-1,TMA00315,False,False,False,none
eodbimel-1,TMA00315,False,False,False,none
eoddlpih-1,TMA00315,False,False,False,none
eodfbgbj-1,TMA00315,False,False,False,none
eodnjdjm-1,TMA00315,False,False,False,none
eoeaeohd-1,TMA00315,False,False,False,none
eoechnne-1,TMA00315,False,False,False,none
eoenhbib-1,TMA00315,False,False,False,none
eoeopigm-1,TMA00315,False,False,False,none
eofabeob-1,TMA00315,False,False,False,none
eofbjjek-1,TMA00315,False,False,False,none
eofbnipi-1,TMA00315,False,False,False,none
eofdffee-1,TMA00315,False,False,False,none
eofeifki-1,TMA00315,False,False,False,none
eofelkcd-1,TMA00315,False,False,False,none
eofgcaip-1,TMA00315,False,False,False,none
eofhkjha-1,TMA00315,False,False,False,none
eofjdpfc-1,TMA00315,False,False,False,none
eogddoni-1,TMA00315,False,False,False,none
eogfbbbi-1,TMA00315,False,False,False,none
eogincdi-1,TMA00315,False,False,False,none
eognacla-1,TMA00315,False,False,False,none
eognkgke-1,TMA00315,False,False,False,none
eogobnnn-1,TMA00315,False,False,False,none
eohcgmki-1,TMA00315,False,False,False,none
eohdhnle-1,TMA00315,False,False,False,none
eohgjggl-1,TMA00315,False,False,False,none
eohlpojp-1,TMA00315,False,False,False,none
eohnefac-1,TMA00315,False,False,False,none
eoibdlmp-1,TMA00315,False,False,False,none
eoibdoge-1,TMA00315,False,False,False,none
eoicgnbi-1,TMA00315,False,False,False,none
eoichogc-1,TMA00315,False,False,False,none
eoicojhp-1,TMA00315,False,False,False,none
eoikidop-1,TMA00315,False,False,False,none
eoilnmig-1,TMA00315,False,False,False,none
eoioahcp-1,TMA00315,False,False,False,none
eojcbneb-1,TMA00315,False,False,False,none
eojecehc-1,TMA00315,False,False,False,none
eojgicdp-1,TMA00315,False,False,False,none
eojlgffn-1,TMA00315,False,False,False,none
eojncpfd-1,TMA00315,False,False,False,none
eojnhogb-1,TMA00315,False,False,False,none
eokcaoik-1,TMA00315,False,False,False,none
eokgehhj-1,TMA00315,False,False,False,none
eokgojhk-1,TMA00315,False,False,False,none
eokjlbnn-1,TMA00315,False,False,False,none
eokkbfke-1,TMA00315,False,False,False,none
eokkoole-1,TMA00315,False,False,False,none
eokpkpcn-1,TMA00315,False,False,False,none
eolcackp-1,TMA00315,False,False,False,none
eolckhcj-1,TMA00315,False,False,False,none
eoldgefl-1,TMA00315,False,False,False,none
eolejkce-1,TMA00315,False,False,False,none
eolifnjd-1,TMA00315,False,False,False,none
eolmmgml-1,TMA00315,False,False,False,none
eolncndo-1,TMA00315,False,False,False,none
eomaniee-1,TMA00315,False,False,False,none
eomdljad-1,TMA00315,False,False,False,none
eomhpppg-1,TMA00315,False,False,False,none
eomiolpo-1,TMA00315,False,False,False,none
eomkbadh-1,TMA00315,False,False,False,none
eonfolkb-1,TMA00315,False,False,False,none
eonkbpcd-1,TMA00315,False,False,False,none
eonkcifn-1,TMA00315,False,False,False,none
eonlbggb-1,TMA00315,False,False,False,none
eooifoef-1,TMA00315,False,False,False,none
eookghpa-1,TMA00315,False,False,False,none
eoonaagd-1,TMA00315,False,False,False,none
eoooalcp-1,TMA00315,False,False,False,none
eooogpjh-1,TMA00315,False,False,False,none
eoooocel-1,TMA00315,False,False,False,none
eopcnpbk-1,TMA00315,False,False,False,none
eopfcakc-1,TMA00315,False,False,False,none
eopglika-1,TMA00315,False,False,False,none
eophbggh-1,TMA00315,False,False,False,none
eopmfmpd-1,TMA00315,False,False,False,none
epageacg-1,TMA00315,False,False,False,none
epahdgde-1,TMA00315,False,False,False,none
epajpbmj-1,TMA00315,False,False,False,none
epakkfkh-1,TMA00315,False,False,False,none
epakneoh-1,TMA00315,False,False,False,none
epamnped-1,TMA00315,False,False,False,none
epaoojng-1,TMA00315,False,False,False,none
epbafjfd-1,TMA00315,False,False,False,none
epbcgcpi-1,TMA00315,False,False,False,none
epbdinap-1,TMA00315,False,False,False,none
epbgkhbn-1,TMA00315,False,False,False,none
epbkgonf-1,TMA00315,False,False,False,none
epbmciea-1,TMA00315,False,False,False,none
epcamclf-1,TMA00315,False,False,False,none
epcbcbjd-1,TMA00315,False,False,False,none
epcbfcci-1,TMA00315,False,False,False,none
epcflcjo-1,TMA00315,False,False,False,none
epckfoij-1,TMA00315,False,False,False,none
epcnmboe-1,TMA00315,False,False,False,none
epddkiek-1,TMA00315,False,False,False,none
epddodpk-1,TMA00315,False,False,False,none
epdgbnig-1,TMA00315,False,False,False,none
epdipopa-1,TMA00315,False,False,False,none
epdpckdi-1,TMA00315,False,False,False,none
epedhfcl-1,TMA00315,False,False,False,none
epegfjmp-1,TMA00315,False,False,False,none
epejjahh-1,TMA00315,False,False,False,none
epekaeoa-1,TMA00315,False,False,False,none
epekocep-1,TMA00315,False,False,False,none
epelhpcc-1,TMA00315,False,False,False,none
epemidnj-1,TMA00315,False,False,False,none
epfafmdj-1,TMA00315,False,False,False,none
epfigmjl-1,TMA00315,False,False,False,none
epfijmon-1,TMA00315,False,False,False,none
epfjppen-1,TMA00315,False,False,False,none
epfmddcm-1,TMA00315,False,False,False,none
epfonmec-1,TMA00315,False,False,False,none
epgamkde-1,TMA00315,False,False,False,none
epgapllh-1,TMA00315,False,False,False,none
epgbjecb-1,TMA00315,False,False,False,none
epgdcbpe-1,TMA00315,False,False,False,none
epgdjcep-1,TMA00315,False,False,False,none
epgelilb-1,TMA00315,False,False,False,none
epgfiioa-1,TMA00315,False,False,False,none
epghenmh-1,TMA00315,False,False,False,none
epgihbji-1,TMA00315,False,False,False,none
epgijhfo-1,TMA00315,False,False,False,none
epgijplf-1,TMA00315,False,False,False,none
epgiomjk-1,TMA00315,False,False,False,none
epglbdob-1,TMA00315,False,False,False,none
epgljjmk-1,TMA00315,False,False,False,none
epgmfbbc-1,TMA00315,False,False,False,none
epgmpacp-1,TMA00315,False,False,False,none
ephcgioj-1,TMA00315,False,False,False,none
ephclkcn-1,TMA00315,False,False,False,none
ephebnla-1,TMA00315,False,False,False,none
ephfcckj-1,TMA00315,False,False,False,none
ephhdkkg-1,TMA00315,False,False,False,none
ephjcnoj-1,TMA00315,False,False,False,none
ephkjdkd-1,TMA00315,False,False,False,none
ephmoapg-1,TMA00315,False,False,False,none
ephndpnl-1,TMA00315,False,False,False,none
ephpmfom-1,TMA00315,False,False,False,none
epiejkga-1,TMA00315,False,False,False,none
epinbddf-1,TMA00315,False,False,False,none
epioaibe-1,TMA00315,False,False,False,none
epipfnil-1,TMA00315,False,False,False,none
epjbdmcd-1,TMA00315,False,False,False,none
epjdcpjk-1,TMA00315,False,False,False,none
epjgkakc-1,TMA00315,False,False,False,none
epjindci-1,TMA00315,False,False,False,none
epjjijnh-1,TMA00315,False,False,False,none
epjkoala-1,TMA00315,False,False,False,none
epjnihkl-1,TMA00315,False,False,False,none
epjpndhl-1,TMA00315,False,False,False,none
epkihjgm-1,TMA00315,False,False,False,none
epkimpnb-1,TMA00315,False,False,False,none
epkjdhca-1,TMA00315,False,False,False,none
epkockjl-1,TMA00315,False,False,False,none
epkonpbn-1,TMA00315,False,False,False,none
epkplpgh-1,TMA00315,False,False,False,none
eplepjck-1,TMA00315,False,False,False,none
eplfkmmh-1,TMA00315,False,False,False,none
epllelol-1,TMA00315,False,False,False,none
epllkale-1,TMA00315,False,False,False,none
epllpiag-1,TMA00315,False,False,False,none
eplmkldb-1,TMA00315,False,False,False,none
eplpgeal-1,TMA00315,False,False,False,none
eplplnep-1,TMA00315,False,False,False,none
epmfcinb-1,TMA00315,False,False,False,none
epmikbgd-1,TMA00315,False,False,False,none
epmnefjb-1,TMA00315,False,False,False,none
epmojdef-1,TMA00315,False,False,False,none
epmondne-1,TMA00315,False,False,False,none
epncnpkp-1,TMA00315,False,False,False,none
epnhljpm-1,TMA00315,False,False,False,none
epnkaked-1,TMA00315,False,False,False,none
epodoahn-1,TMA00315,False,False,False,none
epohoiph-1,TMA00315,False,False,False,none
epokebig-1,TMA00315,False,False,False,none
epokooen-1,TMA00315,False,False,False,none
epolghhm-1,TMA00315,False,False,False,none
epoljbni-1,TMA00315,False,False,False,none
epolliac-1,TMA00315,False,False,False,none
epopdjoe-1,TMA00315,False,False,False,none
eppgkbpm-1,TMA00315,False,False,False,none
epphbhah-1,TMA00315,False,False,False,none
eppkpigi-1,TMA00315,False,False,False,none
eppnifmn-1,TMA00315,False,False,False,none
eppomflo-1,TMA00315,False,False,False,none
faacnjac-1,TMA00315,False,False,False,none
faafgbdd-1,TMA00315,False,False,False,none
faafmbaa-1,TMA00315,False,False,False,none
faajpfcg-1,TMA00315,False,False,False,none
faakeihe-1,TMA00315,False,False,False,none
faalohog-1,TMA00315,False,False,False,none
fabddnjb-1,TMA00315,False,False,False,none
fabefilh-1,TMA00315,False,False,False,none
fabhbfjl-1,TMA00315,False,False,False,none
fabhojid-1,TMA00315,False,False,False,none
fabiajcb-1,TMA00315,False,False,False,none
fabjgjjg-1,TMA00315,False,False,False,none
fabojnid-1,TMA00315,False,False,False,none
fachoken-1,TMA00315,False,False,False,none
facjkgak-1,TMA00315,False,False,False,none
fackapoa-1,TMA00315,False,False,False,none
facpgalo-1,TMA00315,False,False,False,none
fadfpjnh-1,TMA00315,False,False,False,none
fadhdcej-1,TMA00315,False,False,False,none
fadhgdcc-1,TMA00315,False,False,False,none
fadhphoo-1,TMA00315,False,False,False,none
fadjjlio-1,TMA00315,False,False,False,none
fadlfabc-1,TMA00315,False,False,False,none
fadoefil-1,TMA00315,False,False,False,none
fadpijkp-1,TMA00315,False,False,False,none
faeabddj-1,TMA00315,False,False,False,none
faebcojk-1,TMA00315,False,False,False,none
faecfgcl-1,TMA00315,False,False,False,none
faedmhmc-1,TMA00315,False,False,False,none
faekoipp-1,TMA00315,False,False,False,none
faenmain-1,TMA00315,False,False,False,none
faeocjpj-1,TMA00315,False,False,False,none
fafakink-1,TMA00315,False,False,False,none
fafdmmpm-1,TMA00315,False,False,False,none
fafekdcm-1,TMA00315,False,False,False,none
faffafkl-1,TMA00315,False,False,False,none
fafhilpd-1,TMA00315,False,False,False,none
fagcpmol-1,TMA00315,False,False,False,none
fagfhpoe-1,TMA00315,False,False,False,none
fagfkbjb-1,TMA00315,False,False,False,none
faghfeje-1,TMA00315,False,False,False,none
fagjcfea-1,TMA00315,False,False,False,none
fagjpfmm-1,TMA00315,False,False,False,none
fahamhpl-1,TMA00315,False,False,False,none
fahjbgfd-1,TMA00315,False,False,False,none
fahnbgca-1,TMA00315,False,False,False,none
fahnnpfj-1,TMA00315,False,False,False,none
fahplbhk-1,TMA00315,False,False,False,none
faiefhdk-1,TMA00315,False,False,False,none
faifimmm-1,TMA00315,False,False,False,none
faihklnn-1,TMA00315,False,False,False,none
faiiklce-1,TMA00315,False,False,False,none
faipmaod-1,TMA00315,False,False,False,none
faipnfea-1,TMA00315,False,False,False,none
fajggchh-1,TMA00315,False,False,False,none
fajhbpkp-1,TMA00315,False,False,False,none
fajhfjok-1,TMA00315,False,False,False,none
fajjncmj-1,TMA00315,False,False,False,none
fajmhjpd-1,TMA00315,False,False,False,none
fajngkoe-1,TMA00315,False,False,False,none
fakakigd-1,TMA00315,False,False,False,none
fakgkpkp-1,TMA00315,False,False,False,none
fakiokda-1,TMA00315,False,False,False,none
fakipeen-1,TMA00315,False,False,False,none
fakjbeif-1,TMA00315,False,False,False,none
fakpjfnc-1,TMA00315,False,False,False,none
falcofmo-1,TMA00315,False,False,False,none
falepief-1,TMA00315,False,False,False,none
falgdaec-1,TMA00315,False,False,False,none
falgnpcc-1,TMA00315,False,False,False,none
falkenfb-1,TMA00315,False,False,False,none
fallhpgf-1,TMA00315,False,False,False,none
fallimja-1,TMA00315,False,False,False,none
falmbdjd-1,TMA00315,False,False,False,none
falofdgp-1,TMA00315,False,False,False,none
falpeipb-1,TMA00315,False,False,False,none
famajmkn-1,TMA00315,False,False,False,none
fambeghc-1,TMA00315,False,False,False,none
famgaacc-1,TMA00315,False,False,False,none
famhhnap-1,TMA00315,False,False,False,none
fammkfna-1,TMA00315,False,False,False,none
famnfooe-1,TMA00315,False,False,False,none
fanecggi-1,TMA00315,False,False,False,none
fanikflb-1,TMA00315,False,False,False,none
fanjhabb-1,TMA00315,False,False,False,none
fankajdf-1,TMA00315,False,False,False,none
fannnien-1,TMA00315,False,False,False,none
faokgbni-1,TMA00315,False,False,False,none
fapfhogl-1,TMA00315,False,False,False,none
faphenam-1,TMA00315,False,False,False,none
fapimjlk-1,TMA00315,False,False,False,none
fapjgblj-1,TMA00315,False,False,False,none
fapkadhc-1,TMA00315,False,False,False,none
fapkgfpm-1,TMA00315,False,False,False,none
faplachp-1,TMA00315,False,False,False,none
fapnaahl-1,TMA00315,False,False,False,none
fapopiio-1,TMA00315,False,False,False,none
fbablmgj-1,TMA00315,False,False,False,none
fbaefdfm-1,TMA00315,True,False,False,EGFP_Seq1_hi
fbaehgkj-1,TMA00315,False,False,False,none
fbafjbpd-1,TMA00315,False,False,False,none
fbagankd-1,TMA00315,False,False,False,none
fbagoebp-1,TMA00315,False,False,False,none
fbaiboba-1,TMA00315,False,False,False,none
fbannhmf-1,TMA00315,False,False,False,none
fbapdoaa-1,TMA00315,False,False,False,none
fbbffgga-1,TMA00315,False,False,False,none
fbbgenpi-1,TMA00315,False,False,False,none
fbbiagah-1,TMA00315,False,False,False,none
fbbjbffk-1,TMA00315,False,False,False,none
fbcminfd-1,TMA00315,False,False,False,none
fbcodjjj-1,TMA00315,False,False,False,none
fbcombfe-1,TMA00315,False,False,False,none
fbdandlg-1,TMA00315,False,False,False,none
fbdfgima-1,TMA00315,False,False,False,none
fbdglejo-1,TMA00315,False,False,False,none
fbeadcih-1,TMA00315,False,False,False,none
fbecoold-1,TMA00315,False,False,False,none
fbeeeahk-1,TMA00315,False,False,False,none
fbefgill-1,TMA00315,False,False,False,none
fbeikmmp-1,TMA00315,False,False,False,none
fbekdhfk-1,TMA00315,False,False,False,none
fbemckdc-1,TMA00315,False,False,False,none
fbemhdme-1,TMA00315,False,False,False,none
fbepfeco-1,TMA00315,False,False,False,none
fbfadajh-1,TMA00315,False,False,False,none
fbfagjin-1,TMA00315,False,False,False,none
fbfekhpa-1,TMA00315,False,False,False,none
fbfjghhc-1,TMA00315,False,False,False,none
fbfphmcn-1,TMA00315,False,False,False,none
fbgcmfmn-1,TMA00315,False,False,False,none
fbgdlenn-1,TMA00315,False,False,False,none
fbgegdkk-1,TMA00315,False,False,False,none
fbgfkldp-1,TMA00315,False,False,False,none
fbgincfp-1,TMA00315,False,False,False,none
fbgjplek-1,TMA00315,False,False,False,none
fbglegig-1,TMA00315,False,False,False,none
fbgmcpeg-1,TMA00315,False,False,False,none
fbgmgenk-1,TMA00315,False,False,False,none
fbgoialh-1,TMA00315,False,False,False,none
fbhalhlp-1,TMA00315,False,False,False,none
fbhcccka-1,TMA00315,False,False,False,none
fbhfeejp-1,TMA00315,False,False,False,none
fbhgfibj-1,TMA00315,False,False,False,none
fbhhielj-1,TMA00315,False,False,False,none
fbhjlnfo-1,TMA00315,False,False,False,none
fbhnagii-1,TMA00315,False,False,False,none
fbiboedh-1,TMA00315,False,False,False,none
fbieghgk-1,TMA00315,False,False,False,none
fbihejjf-1,TMA00315,False,False,False,none
fbiknalp-1,TMA00315,False,False,False,none
fbiolnpj-1,TMA00315,False,False,False,none
fbjbcbke-1,TMA00315,False,False,False,none
fbjckjgm-1,TMA00315,False,False,False,none
fbjdgbjp-1,TMA00315,False,False,False,none
fbjgihbj-1,TMA00315,False,False,False,none
fbjldohm-1,TMA00315,False,False,False,none
fbjljakg-1,TMA00315,False,False,False,none
fbkaekol-1,TMA00315,False,False,False,none
fbkahldl-1,TMA00315,False,False,False,none
fbkbmgap-1,TMA00315,False,False,False,none
fbkdkdhp-1,TMA00315,False,False,False,none
fbkhhcgc-1,TMA00315,False,False,False,none
fbkhlflc-1,TMA00315,False,False,False,none
fbkldfmf-1,TMA00315,False,False,False,none
fbkpeffe-1,TMA00315,False,False,False,none
fbkpifad-1,TMA00315,False,False,False,none
fblclgdi-1,TMA00315,False,False,False,none
fblgpnkc-1,TMA00315,False,False,False,none
fblhlknd-1,TMA00315,False,False,False,none
fbllcdfo-1,TMA00315,False,False,False,none
fbmcdpmi-1,TMA00315,False,False,False,none
fbmdncjh-1,TMA00315,False,False,False,none
fbmhjgdm-1,TMA00315,False,False,False,none
fbmhppdp-1,TMA00315,False,False,False,none
fbmjimof-1,TMA00315,False,False,False,none
fbmocfcb-1,TMA00315,False,False,False,none
fbmooidk-1,TMA00315,False,False,False,none
fbnhgjli-1,TMA00315,False,False,False,none
fbnibhob-1,TMA00315,False,False,False,none
fbnijgbp-1,TMA00315,False,False,False,none
fbnndnmg-1,TMA00315,False,False,False,none
fbobmbld-1,TMA00315,False,False,False,none
fbochlim-1,TMA00315,False,False,False,none
fbodnflo-1,TMA00315,False,False,False,none
fboedbji-1,TMA00315,False,False,False,none
fboendfc-1,TMA00315,False,False,False,none
fbogcfhg-1,TMA00315,False,False,False,none
fboipdne-1,TMA00315,False,False,False,none
fbojhbcd-1,TMA00315,False,False,False,none
fbokckhl-1,TMA00315,False,False,False,none
fbolfcbp-1,TMA00315,False,False,False,none
fbomncod-1,TMA00315,False,False,False,none
fbopnlnm-1,TMA00315,False,False,False,none
fbpikcpc-1,TMA00315,False,False,False,none
fbpldlfg-1,TMA00315,False,False,False,none
fbpnncac-1,TMA00315,False,False,False,none
fcacioch-1,TMA00315,False,False,False,none
fcaphjga-1,TMA00315,False,False,False,none
fcbaaoie-1,TMA00315,False,False,False,none
fcbanpac-1,TMA00315,False,False,False,none
fcbcnlok-1,TMA00315,False,False,False,none
fcbdfoho-1,TMA00315,False,False,False,none
fcbdlmap-1,TMA00315,False,False,False,none
fcbhffgn-1,TMA00315,False,False,False,none
fcbikkel-1,TMA00315,False,False,False,none
fcbjlkio-1,TMA00315,False,False,False,none
fcbndlii-1,TMA00315,False,False,False,none
fcbninna-1,TMA00315,False,False,False,none
fcbodnoh-1,TMA00315,False,False,False,none
fccbjlnl-1,TMA00315,False,False,False,none
fcccdcbn-1,TMA00315,False,False,False,none
fccdfnbi-1,TMA00315,False,False,False,none
fcckghhn-1,TMA00315,False,False,False,none
fccoeiap-1,TMA00315,False,False,False,none
fcdjhcnk-1,TMA00315,False,False,False,none
fcdmogic-1,TMA00315,False,False,False,none
fcdpbnga-1,TMA00315,False,False,False,none
fcdpmfci-1,TMA00315,False,False,False,none
fcdppmke-1,TMA00315,False,False,False,none
fceconbc-1,TMA00315,False,False,False,none
fcefojac-1,TMA00315,False,False,False,none
fcejkohb-1,TMA00315,False,False,False,none
fcelahjg-1,TMA00315,False,False,False,none
fcemgoaa-1,TMA00315,False,False,False,none
fcemkocf-1,TMA00315,False,False,False,none
fcepbgfj-1,TMA00315,False,False,False,none
fcfdhifg-1,TMA00315,False,False,False,none
fcfepkni-1,TMA00315,False,False,False,none
fcfepnjb-1,TMA00315,False,False,False,none
fcfigmfl-1,TMA00315,False,False,False,none
fcfjcppd-1,TMA00315,False,False,False,none
fcfkegbf-1,TMA00315,False,False,False,none
fcfknalj-1,TMA00315,False,False,False,none
fcfpanfa-1,TMA00315,False,False,False,none
fcgbcbha-1,TMA00315,False,False,False,none
fcgekggj-1,TMA00315,False,False,False,none
fcgikaia-1,TMA00315,False,False,False,none
fcgjaneb-1,TMA00315,False,False,False,none
fcgnafng-1,TMA00315,False,False,False,none
fchgibad-1,TMA00315,False,False,False,none
fchjlccd-1,TMA00315,False,False,False,none
fchjnefg-1,TMA00315,False,False,False,none
fchlbnhm-1,TMA00315,False,False,False,none
fchnafke-1,TMA00315,False,False,False,none
fciekdof-1,TMA00315,False,False,False,none
fcijjhnp-1,TMA00315,False,False,False,none
fcilmnen-1,TMA00315,False,False,False,none
fcjbpaem-1,TMA00315,False,False,False,none
fcjcmfja-1,TMA00315,False,False,False,none
fcjhachp-1,TMA00315,False,False,False,none
fcjijlck-1,TMA00315,False,False,False,none
fcjkpghh-1,TMA00315,False,False,False,none
fcjngnle-1,TMA00315,False,False,False,none
fcjobebf-1,TMA00315,False,False,False,none
fcjonajo-1,TMA00315,False,False,False,none
fckblokn-1,TMA00315,False,False,False,none
fckbnnpe-1,TMA00315,False,False,False,none
fckdnogd-1,TMA00315,False,False,False,none
fckehjfm-1,TMA00315,False,False,False,none
fckhdfae-1,TMA00315,False,False,False,none
fckhpcdc-1,TMA00315,False,False,False,none
fckiapeb-1,TMA00315,False,False,False,none
fcknkgic-1,TMA00315,False,False,False,none
fclcngde-1,TMA00315,False,False,False,none
fcldhmpe-1,TMA00315,False,False,False,none
fcldmnim-1,TMA00315,False,False,False,none
fcldpjng-1,TMA00315,False,False,False,none
fclelhne-1,TMA00315,False,False,False,none
fclhcngg-1,TMA00315,False,False,False,none
fclhklco-1,TMA00315,False,False,False,none
fclhobac-1,TMA00315,False,False,False,none
fclkpged-1,TMA00315,False,False,False,none
fclmimbo-1,TMA00315,False,False,False,none
fcmamdbc-1,TMA00315,False,False,False,none
fcmbphmg-1,TMA00315,False,False,False,none
fcmcidjd-1,TMA00315,False,False,False,none
fcmggfnb-1,TMA00315,False,False,False,none
fcmgofmp-1,TMA00315,False,False,False,none
fcmhbidj-1,TMA00315,False,False,False,none
fcmjdjka-1,TMA00315,False,False,False,none
fcmlcbam-1,TMA00315,False,False,False,none
fcnbnhck-1,TMA00315,False,False,False,none
fcncchde-1,TMA00315,False,False,False,none
fcnchnda-1,TMA00315,False,False,False,none
fcnckldc-1,TMA00315,False,False,False,none
fcndojpd-1,TMA00315,False,False,False,none
fcnkdegh-1,TMA00315,False,False,False,none
fcnkhjpj-1,TMA00315,False,False,False,none
fcnmdmjm-1,TMA00315,False,False,False,none
fcnoonap-1,TMA00315,False,False,False,none
fcofobhp-1,TMA00315,False,False,False,none
fcohlaid-1,TMA00315,False,False,False,none
fcoiocac-1,TMA00315,False,False,False,none
fcojonam-1,TMA00315,False,False,False,none
fcpfddla-1,TMA00315,False,False,False,none
fcpikihc-1,TMA00315,False,False,False,none
fcpipidj-1,TMA00315,False,False,False,none
fcpkamop-1,TMA00315,False,False,False,none
fcpkiifh-1,TMA00315,False,False,False,none
fcpkledm-1,TMA00315,False,False,False,none
fcplddll-1,TMA00315,False,False,False,none
fcpmadkl-1,TMA00315,False,False,False,none
fcpobnpb-1,TMA00315,False,False,False,none
fcpphimn-1,TMA00315,False,False,False,none
fdachfli-1,TMA00315,False,False,False,none
fdafbhek-1,TMA00315,False,False,False,none
fdagpigj-1,TMA00315,False,False,False,none
fdahohcp-1,TMA00315,False,False,False,none
fdajpgmm-1,TMA00315,False,False,False,none
fdanmeih-1,TMA00315,False,False,False,none
fdapelmg-1,TMA00315,False,False,False,none
fdbcfnka-1,TMA00315,False,False,False,none
fdbcgdjn-1,TMA00315,False,False,False,none
fdbcopcg-1,TMA00315,False,False,False,none
fdbdpkan-1,TMA00315,False,False,False,none
fdbehmap-1,TMA00315,False,False,False,none
fdbhggkf-1,TMA00315,False,False,False,none
fdbkifbm-1,TMA00315,False,False,False,none
fdcaiemo-1,TMA00315,False,False,False,none
fdccckhj-1,TMA00315,False,False,False,none
fdcehkgn-1,TMA00315,False,False,False,none
fdclfcbg-1,TMA00315,False,False,False,none
fdcoaijc-1,TMA00315,False,False,False,none
fdcoijjj-1,TMA00315,False,False,False,none
fddbpcjm-1,TMA00315,False,False,False,none
fddfkeai-1,TMA00315,False,False,False,none
fdecaggc-1,TMA00315,False,False,False,none
fdejmfbo-1,TMA00315,False,False,False,none
fdekimed-1,TMA00315,False,False,False,none
fdelcoaj-1,TMA00315,False,False,False,none
fdelhcph-1,TMA00315,False,False,False,none
fdfakfak-1,TMA00315,False,False,False,none
fdfeflak-1,TMA00315,False,False,False,none
fdfekpba-1,TMA00315,False,False,False,none
fdfiedcm-1,TMA00315,False,False,False,none
fdfiehbc-1,TMA00315,False,False,False,none
fdfmeehe-1,TMA00315,False,False,False,none
fdgcnmlg-1,TMA00315,False,False,False,none
fdgddcod-1,TMA00315,False,False,False,none
fdgeglmc-1,TMA00315,False,False,False,none
fdgehkph-1,TMA00315,False,False,False,none
fdgephma-1,TMA00315,False,False,False,none
fdgoioni-1,TMA00315,False,False,False,none
fdhbomjh-1,TMA00315,False,False,False,none
fdhecoon-1,TMA00315,False,False,False,none
fdhekdlk-1,TMA00315,False,False,False,none
fdhfheak-1,TMA00315,False,False,False,none
fdhgaafp-1,TMA00315,False,False,False,none
fdhikfee-1,TMA00315,False,False,False,none
fdhmbcko-1,TMA00315,False,False,False,none
fdhoppem-1,TMA00315,False,False,False,none
fdiabffi-1,TMA00315,False,False,False,none
fdibnkgf-1,TMA00315,False,False,False,none
fdikhjkm-1,TMA00315,False,False,False,none
fdikknom-1,TMA00315,False,False,False,none
fdilmjmd-1,TMA00315,False,False,False,none
fdimnecj-1,TMA00315,False,False,False,none
fdinbpkc-1,TMA00315,False,False,False,none
fdiobkaf-1,TMA00315,False,False,False,none
fdjbhhin-1,TMA00315,False,False,False,none
fdjfcecj-1,TMA00315,False,False,False,none
fdjgckhm-1,TMA00315,False,False,False,none
fdjgikof-1,TMA00315,False,False,False,none
fdjhggkn-1,TMA00315,False,False,False,none
fdjhoppm-1,TMA00315,False,False,False,none
fdjmigfk-1,TMA00315,False,False,False,none
fdkbbpfm-1,TMA00315,False,False,False,none
fdkckdoc-1,TMA00315,False,False,False,none
fdkdljje-1,TMA00315,False,False,False,none
fdkhifln-1,TMA00315,False,False,False,none
fdkimlah-1,TMA00315,False,False,False,none
fdkiooop-1,TMA00315,False,False,False,none
fdkjdlhk-1,TMA00315,False,False,False,none
fdkllloo-1,TMA00315,False,False,False,none
fdlhokjo-1,TMA00315,False,False,False,none
fdlnlfjp-1,TMA00315,False,False,False,none
fdlpcgdi-1,TMA00315,False,False,False,none
fdlpieli-1,TMA00315,False,False,False,none
fdmcikpo-1,TMA00315,False,False,False,none
fdmhopcc-1,TMA00315,False,False,False,none
fdmllddp-1,TMA00315,False,False,False,none
fdnbhgnn-1,TMA00315,False,False,False,none
fdngeddf-1,TMA00315,False,False,False,none
fdnhmpbf-1,TMA00315,False,False,False,none
fdningnd-1,TMA00315,False,False,False,none
fdnlpabc-1,TMA00315,False,False,False,none
fdnocjle-1,TMA00315,False,False,False,none
fdnoebah-1,TMA00315,False,False,False,none
fdnolnbp-1,TMA00315,False,False,False,none
fdoabpkj-1,TMA00315,False,False,False,none
fdobeofe-1,TMA00315,False,False,False,none
fdoblmga-1,TMA00315,False,False,False,none
fdoehdhb-1,TMA00315,False,False,False,none
fdoeifmb-1,TMA00315,False,False,False,none
fdokffil-1,TMA00315,False,False,False,none
fdomgidi-1,TMA00315,False,False,False,none
fdopcloh-1,TMA00315,False,False,False,none
fdoppamf-1,TMA00315,False,False,False,none
fdpdmfdc-1,TMA00315,False,False,False,none
fdpieoga-1,TMA00315,False,False,False,none
fdpnchan-1,TMA00315,False,False,False,none
fdpnecph-1,TMA00315,False,False,False,none
fdpnjgjn-1,TMA00315,False,False,False,none
feabepfj-1,TMA00315,False,False,False,none
feajkmbn-1,TMA00315,False,False,False,none
feapjpgg-1,TMA00315,False,False,False,none
feaplmla-1,TMA00315,False,False,False,none
febapfbd-1,TMA00315,False,False,False,none
febbboma-1,TMA00315,False,False,False,none
febepjhc-1,TMA00315,False,False,False,none
febhdoll-1,TMA00315,False,False,False,none
febicioo-1,TMA00315,False,False,False,none
febiikbp-1,TMA00315,False,False,False,none
feblffhg-1,TMA00315,False,False,False,none
feblflic-1,TMA00315,False,False,False,none
febojlgn-1,TMA00315,False,False,False,none
fecaekfj-1,TMA00315,False,False,False,none
feccgcje-1,TMA00315,False,False,False,none
fecdchli-1,TMA00315,False,False,False,none
fecdehai-1,TMA00315,False,False,False,none
fecdlafh-1,TMA00315,False,False,False,none
fecieffe-1,TMA00315,False,False,False,none
fedabnin-1,TMA00315,False,False,False,none
fedbfifi-1,TMA00315,False,False,False,none
fedcgjbl-1,TMA00315,False,False,False,none
feddcgbe-1,TMA00315,False,False,False,none
fedfeadk-1,TMA00315,False,False,False,none
fediogni-1,TMA00315,False,False,False,none
fedkdiig-1,TMA00315,False,False,False,none
fedlapmo-1,TMA00315,False,False,False,none
fedmkgpk-1,TMA00315,False,False,False,none
feechfij-1,TMA00315,False,False,False,none
feeeoobo-1,TMA00315,False,False,False,none
feeflhep-1,TMA00315,False,False,False,none
feeibblo-1,TMA00315,False,False,False,none
feejecfa-1,TMA00315,False,False,False,none
feelaogj-1,TMA00315,False,False,False,none
fefbdggb-1,TMA00315,False,False,False,none
feffmlld-1,TMA00315,False,False,False,none
fefiahij-1,TMA00315,False,False,False,none
fefihebh-1,TMA00315,False,False,False,none
fefikffj-1,TMA00315,False,False,False,none
fefilekk-1,TMA00315,False,False,False,none
fefomnao-1,TMA00315,False,False,False,none
fefomoja-1,TMA00315,False,False,False,none
fefpebil-1,TMA00315,False,False,False,none
fegbjogp-1,TMA00315,False,False,False,none
fegcjjdo-1,TMA00315,False,False,False,none
fegiephd-1,TMA00315,False,False,False,none
fegkgajn-1,TMA00315,False,False,False,none
fegldkoj-1,TMA00315,False,False,False,none
fegoglfi-1,TMA00315,False,False,False,none
fehchcco-1,TMA00315,False,False,False,none
fehekgdn-1,TMA00315,False,False,False,none
feheokji-1,TMA00315,False,False,False,none
fehfgmed-1,TMA00315,False,False,False,none
fehglmik-1,TMA00315,False,False,False,none
fehhkiec-1,TMA00315,False,False,False,none
fehkfgnp-1,TMA00315,False,False,False,none
fehnhpmb-1,TMA00315,False,False,False,none
fehpejbn-1,TMA00315,False,False,False,none
feiabdlf-1,TMA00315,False,False,False,none
feiabnil-1,TMA00315,False,False,False,none
feigalln-1,TMA00315,False,False,False,none
feigfjah-1,TMA00315,False,False,False,none
feiipfaf-1,TMA00315,False,False,False,none
feipemca-1,TMA00315,False,False,False,none
fejbpphe-1,TMA00315,False,False,False,none
fejfkkgb-1,TMA00315,False,False,False,none
fejjclga-1,TMA00315,False,False,False,none
fejlkfml-1,TMA00315,False,False,False,none
fejmmagb-1,TMA00315,False,False,False,none
fejnjddj-1,TMA00315,False,False,False,none
fejoaflp-1,TMA00315,False,False,False,none
fejoemen-1,TMA00315,False,False,False,none
fejojhln-1,TMA00315,False,False,False,none
fekagpge-1,TMA00315,False,False,False,none
fekahcck-1,TMA00315,False,False,False,none
fekigfpb-1,TMA00315,False,False,False,none
fekjicea-1,TMA00315,False,False,False,none
fekmemjm-1,TMA00315,False,False,False,none
fekmiccl-1,TMA00315,False,False,False,none
fekmnpml-1,TMA00315,False,False,False,none
feknfjad-1,TMA00315,False,False,False,none
fekpdneb-1,TMA00315,False,False,False,none
fekpghlb-1,TMA00315,False,False,False,none
felaafmi-1,TMA00315,False,False,False,none
feldokki-1,TMA00315,False,False,False,none
fellpmnb-1,TMA00315,False,False,False,none
felodoga-1,TMA00315,False,False,False,none
felogndc-1,TMA00315,False,False,False,none
fembhcfi-1,TMA00315,False,False,False,none
femhpfdj-1,TMA00315,False,False,False,none
fenebmcn-1,TMA00315,False,False,False,none
fenklmfl-1,TMA00315,False,False,False,none
fennaepl-1,TMA00315,False,False,False,none
feoalbia-1,TMA00315,False,False,False,none
feodjeoa-1,TMA00315,False,False,False,none
feoegakf-1,TMA00315,False,False,False,none
feoikgge-1,TMA00315,False,False,False,none
feomdfbk-1,TMA00315,False,False,False,none
feopbghk-1,TMA00315,False,False,False,none
feopgbmi-1,TMA00315,False,False,False,none
fepbchhb-1,TMA00315,False,False,False,none
fepblpef-1,TMA00315,False,False,False,none
fepcoecg-1,TMA00315,False,False,False,none
fepeceki-1,TMA00315,False,False,False,none
fepednod-1,TMA00315,False,False,False,none
fepffmmj-1,TMA00315,False,False,False,none
fepffpba-1,TMA00315,False,False,False,none
fepgffah-1,TMA00315,False,False,False,none
fepgllgi-1,TMA00315,False,False,False,none
fepimajf-1,TMA00315,False,False,False,none
fepjomhj-1,TMA00315,False,False,False,none
fepmdeil-1,TMA00315,False,False,False,none
ffaapccg-1,TMA00315,False,False,False,none
ffabncii-1,TMA00315,False,False,False,none
ffaccloc-1,TMA00315,False,False,False,none
ffacdkbe-1,TMA00315,False,False,False,none
ffaefbff-1,TMA00315,False,False,False,none
ffaiihpg-1,TMA00315,False,False,False,none
ffakjdlc-1,TMA00315,False,False,False,none
ffanhhcb-1,TMA00315,False,False,False,none
ffaplepj-1,TMA00315,False,False,False,none
ffbagnfl-1,TMA00315,False,False,False,none
ffbaipbd-1,TMA00315,False,False,False,none
ffbhdgab-1,TMA00315,False,False,False,none
ffbhople-1,TMA00315,False,False,False,none
ffbkhdbf-1,TMA00315,False,False,False,none
ffbonapl-1,TMA00315,False,False,False,none
ffcgfamf-1,TMA00315,False,False,False,none
ffcgjgnb-1,TMA00315,False,False,False,none
ffcpmhdp-1,TMA00315,False,False,False,none
ffddalje-1,TMA00315,False,False,False,none
ffddkajh-1,TMA00315,False,False,False,none
ffdlehmk-1,TMA00315,False,False,False,none
ffdmenkh-1,TMA00315,False,False,False,none
ffdpbjbo-1,TMA00315,False,False,False,none
ffedhfdf-1,TMA00315,False,False,False,none
ffeelmmi-1,TMA00315,False,False,False,none
ffemmhji-1,TMA00315,False,False,False,none
ffemphbi-1,TMA00315,False,False,False,none
ffenoghn-1,TMA00315,False,False,False,none
fffbpibj-1,TMA00315,False,False,False,none
fffcdpli-1,TMA00315,False,False,False,none
fffcnbgc-1,TMA00315,False,False,False,none
fffegdjo-1,TMA00315,False,False,False,none
fffeogoi-1,TMA00315,False,False,False,none
fffinkpg-1,TMA00315,False,False,False,none
ffflcecc-1,TMA00315,False,False,False,none
ffflkpag-1,TMA00315,False,False,False,none
fffonncg-1,TMA00315,False,False,False,none
ffgedbdl-1,TMA00315,False,False,False,none
ffgggpnh-1,TMA00315,False,False,False,none
ffgjnojo-1,TMA00315,False,False,False,none
ffgmkfne-1,TMA00315,False,False,False,none
ffhejlfj-1,TMA00315,False,False,False,none
ffheohcm-1,TMA00315,False,False,False,none
ffhjleho-1,TMA00315,False,False,False,none
ffhlcege-1,TMA00315,False,False,False,none
ffhlofpj-1,TMA00315,False,False,False,none
ffhmnilc-1,TMA00315,False,False,False,none
ffhpfodk-1,TMA00315,False,False,False,none
ffibabkl-1,TMA00315,False,False,False,none
ffijopcn-1,TMA00315,False,False,False,none
ffikdcpb-1,TMA00315,False,False,False,none
ffikfpno-1,TMA00315,False,False,False,none
ffjcbieb-1,TMA00315,False,False,False,none
ffkakckj-1,TMA00315,False,False,False,none
ffkamgnb-1,TMA00315,False,False,False,none
ffkaoehc-1,TMA00315,False,False,False,none
ffkdchac-1,TMA00315,False,False,False,none
ffkgghch-1,TMA00315,False,False,False,none
ffkinpdj-1,TMA00315,False,False,False,none
ffkjlbpn-1,TMA00315,False,False,False,none
ffkkgace-1,TMA00315,False,False,False,none
ffkmeddh-1,TMA00315,False,False,False,none
ffknhalg-1,TMA00315,False,False,False,none
ffknmmbf-1,TMA00315,False,False,False,none
ffkooldk-1,TMA00315,False,False,False,none
fflaiami-1,TMA00315,False,False,False,none
fflbegan-1,TMA00315,False,False,False,none
fflccioj-1,TMA00315,False,False,False,none
ffldheab-1,TMA00315,False,False,False,none
ffljbhlp-1,TMA00315,False,False,False,none
fflladdp-1,TMA00315,False,False,False,none
ffllgfag-1,TMA00315,False,False,False,none
ffmcdhfb-1,TMA00315,False,False,False,none
ffmhniea-1,TMA00315,False,False,False,none
ffmlpeed-1,TMA00315,False,False,False,none
ffmmneel-1,TMA00315,False,False,False,none
ffmnhmhe-1,TMA00315,False,False,False,none
ffmpffom-1,TMA00315,False,False,False,none
ffnbbfle-1,TMA00315,False,False,False,none
ffndekip-1,TMA00315,False,False,False,none
ffnefihh-1,TMA00315,False,False,False,none
ffnlpneo-1,TMA00315,False,False,False,none
ffnneeok-1,TMA00315,False,False,False,none
ffobgnmc-1,TMA00315,False,False,False,none
ffobippp-1,TMA00315,False,False,False,none
ffoepocj-1,TMA00315,False,False,False,none
ffohiblj-1,TMA00315,False,False,False,none
ffoikjnk-1,TMA00315,False,False,False,none
ffomfgni-1,TMA00315,False,False,False,none
ffopfodd-1,TMA00315,False,False,False,none
ffpaemcd-1,TMA00315,False,False,False,none
ffpgaohp-1,TMA00315,False,False,False,none
ffpgegbd-1,TMA00315,False,False,False,none
ffphhcfa-1,TMA00315,False,False,False,none
ffpjfmfa-1,TMA00315,False,False,False,none
ffpocbhg-1,TMA00315,False,False,False,none
ffpoilco-1,TMA00315,False,False,False,none
ffpphccf-1,TMA00315,False,False,False,none
ffppnpic-1,TMA00315,False,False,False,none
fgaaaddc-1,TMA00315,False,False,False,none
fgadjfpi-1,TMA00315,False,False,False,none
fgagflnp-1,TMA00315,False,False,False,none
fgajdadd-1,TMA00315,False,False,False,none
fgalggej-1,TMA00315,False,False,False,none
fgamdnhe-1,TMA00315,False,False,False,none
fgapbaon-1,TMA00315,False,False,False,none
fgbckdma-1,TMA00315,False,False,False,none
fgbiaafb-1,TMA00315,False,False,False,none
fgbilpfl-1,TMA00315,False,False,False,none
fgbkmkbl-1,TMA00315,False,False,False,none
fgbmplad-1,TMA00315,False,False,False,none
fgcfdkbi-1,TMA00315,False,False,False,none
fgcheinc-1,TMA00315,False,False,False,none
fgchkkdf-1,TMA00315,False,False,False,none
fgcjjjli-1,TMA00315,False,False,False,none
fgckehaf-1,TMA00315,False,False,False,none
fgcmnjch-1,TMA00315,False,False,False,none
fgcmnkgf-1,TMA00315,False,False,False,none
fgcnmcli-1,TMA00315,False,False,False,none
fgdbihdl-1,TMA00315,False,False,False,none
fgdcangf-1,TMA00315,False,False,False,none
fgdfcjfi-1,TMA00315,False,False,False,none
fgdfloke-1,TMA00315,False,False,False,none
fgdgmnnh-1,TMA00315,False,False,False,none
fgdimmih-1,TMA00315,False,False,False,none
fgdogphj-1,TMA00315,False,False,False,none
fgdpdgil-1,TMA00315,False,False,False,none
fgeifilj-1,TMA00315,False,False,False,none
fgelgdfm-1,TMA00315,False,False,False,none
fgeofaea-1,TMA00315,False,False,False,none
fgeohglh-1,TMA00315,False,False,False,none
fgepekpo-1,TMA00315,False,False,False,none
fgfbbkab-1,TMA00315,False,False,False,none
fgfchgng-1,TMA00315,False,False,False,none
fgfdebeb-1,TMA00315,False,False,False,none
fgfenlmn-1,TMA00315,False,False,False,none
fgffpdfa-1,TMA00315,False,False,False,none
fgfjeooh-1,TMA00315,False,False,False,none
fgfjmgja-1,TMA00315,False,False,False,none
fgfkkamo-1,TMA00315,False,False,False,none
fgflafeh-1,TMA00315,False,False,False,none
fgfnnjnp-1,TMA00315,False,False,False,none
fggabamg-1,TMA00315,False,False,False,none
fggaepbg-1,TMA00315,False,False,False,none
fggamepm-1,TMA00315,False,False,False,none
fggapjfh-1,TMA00315,False,False,False,none
fggfeeek-1,TMA00315,False,False,False,none
fgggfmjc-1,TMA00315,False,False,False,none
fgggonnp-1,TMA00315,False,False,False,none
fggijhim-1,TMA00315,False,False,False,none
fggkpifm-1,TMA00315,False,False,False,none
fghfacco-1,TMA00315,False,False,False,none
fghhgieo-1,TMA00315,False,False,False,none
fghjdgam-1,TMA00315,False,False,False,none
fghjjmhk-1,TMA00315,False,False,False,none
fghkkkhb-1,TMA00315,False,False,False,none
fghnblha-1,TMA00315,False,False,False,none
fghnifoa-1,TMA00315,False,False,False,none
fgienjnp-1,TMA00315,False,False,False,none
fgiglila-1,TMA00315,False,False,False,none
fgijmjhn-1,TMA00315,False,False,False,none
fgikhfbo-1,TMA00315,False,False,False,none
fgikimkm-1,TMA00315,False,False,False,none
fgikoifo-1,TMA00315,False,False,False,none
fgilfmod-1,TMA00315,False,False,False,none
fgilpbdd-1,TMA00315,False,False,False,none
fgimdngg-1,TMA00315,False,False,False,none
fginhamj-1,TMA00315,False,False,False,none
fgiocmik-1,TMA00315,False,False,False,none
fgiofdii-1,TMA00315,False,False,False,none
fgiololi-1,TMA00315,False,False,False,none
fgionepn-1,TMA00315,False,False,False,none
fgipkbbg-1,TMA00315,False,False,False,none
fgjdgfnp-1,TMA00315,False,False,False,none
fgjijcjj-1,TMA00315,False,False,False,none
fgjkpkfo-1,TMA00315,False,False,False,none
fgkahkag-1,TMA00315,False,False,False,none
fgkbpddh-1,TMA00315,False,False,False,none
fgkgnndm-1,TMA00315,False,False,False,none
fgkiepba-1,TMA00315,False,False,False,none
fgkjmnnk-1,TMA00315,False,False,False,none
fgkkheoe-1,TMA00315,False,False,False,none
fgkoiiob-1,TMA00315,False,False,False,none
fgkpnhpf-1,TMA00315,False,False,False,none
fglajlde-1,TMA00315,False,False,False,none
fglaocal-1,TMA00315,False,False,False,none
fglblkkb-1,TMA00315,False,False,False,none
fglcfiac-1,TMA00315,False,False,False,none
fglfhcjb-1,TMA00315,False,False,False,none
fglgfgch-1,TMA00315,False,False,False,none
fglhjkog-1,TMA00315,False,False,False,none
fglmlcel-1,TMA00315,False,False,False,none
fgloobfj-1,TMA00315,False,False,False,none
fglpfgnj-1,TMA00315,False,False,False,none
fgmcdaio-1,TMA00315,False,False,False,none
fgmdkkhl-1,TMA00315,False,False,False,none
fgmdmlak-1,TMA00315,False,False,False,none
fgmeminp-1,TMA00315,False,False,False,none
fgmndcga-1,TMA00315,False,False,False,none
fgnajmgi-1,TMA00315,False,False,False,none
fgnccfhl-1,TMA00315,False,False,False,none
fgndneda-1,TMA00315,False,False,False,none
fgnielmp-1,TMA00315,False,False,False,none
fgnimnhn-1,TMA00315,False,False,False,none
fgnogabj-1,TMA00315,False,False,False,none
fgnokang-1,TMA00315,False,False,False,none
fgnpaphm-1,TMA00315,False,False,False,none
fgoeiilb-1,TMA00315,False,False,False,none
fgofffkm-1,TMA00315,False,False,False,none
fgohjkof-1,TMA00315,False,False,False,none
fgoifhbp-1,TMA00315,False,False,False,none
fgoinhfj-1,TMA00315,False,False,False,none
fgonkbpp-1,TMA00315,False,False,False,none
fgpchlhk-1,TMA00315,False,False,False,none
fgpfinih-1,TMA00315,False,False,False,none
fgphcknn-1,TMA00315,False,False,False,none
fgphpkod-1,TMA00315,False,False,False,none
fgpinlcp-1,TMA00315,False,False,False,none
fgpjpifm-1,TMA00315,False,False,False,none
fgpoakem-1,TMA00315,False,False,False,none
fhaaclca-1,TMA00315,False,False,False,none
fhadclfb-1,TMA00315,False,False,False,none
fhaekbji-1,TMA00315,False,False,False,none
fhafagkd-1,TMA00315,False,False,False,none
fhaiojec-1,TMA00315,False,False,False,none
fhajhkam-1,TMA00315,False,False,False,none
fhbcikli-1,TMA00315,False,False,False,none
fhbdddje-1,TMA00315,False,False,False,none
fhbddojc-1,TMA00315,False,False,False,none
fhbfnabn-1,TMA00315,False,False,False,none
fhbgghjn-1,TMA00315,False,False,False,none
fhbhccgk-1,TMA00315,False,False,False,none
fhbjedhl-1,TMA00315,False,False,False,none
fhblcgji-1,TMA00315,False,False,False,none
fhbnicpd-1,TMA00315,False,False,False,none
fhcakcfn-1,TMA00315,False,False,False,none
fhcbfkfk-1,TMA00315,False,False,False,none
fhcbibdl-1,TMA00315,False,False,False,none
fhcihnaa-1,TMA00315,False,False,False,none
fhdbebkm-1,TMA00315,False,False,False,none
fhdhepdh-1,TMA00315,False,False,False,none
fhdimehe-1,TMA00315,False,False,False,none
fhdlceoo-1,TMA00315,False,False,False,none
fhdlgdfd-1,TMA00315,False,False,False,none
fhdmldjh-1,TMA00315,False,False,False,none
fhdnekkm-1,TMA00315,False,False,False,none
fhdpclhf-1,TMA00315,False,False,False,none
fhdpgpib-1,TMA00315,False,False,False,none
fheaoabh-1,TMA00315,False,False,False,none
fhebhgoh-1,TMA00315,False,False,False,none
fheemfnb-1,TMA00315,False,False,False,none
fhefabna-1,TMA00315,False,False,False,none
fheidlcn-1,TMA00315,False,False,False,none
fheidpkm-1,TMA00315,False,False,False,none
fheihjpl-1,TMA00315,False,False,False,none
fhenbccl-1,TMA00315,False,False,False,none
fheohlcj-1,TMA00315,False,False,False,none
fheongbo-1,TMA00315,False,False,False,none
fhfcjaom-1,TMA00315,False,False,False,none
fhfdflan-1,TMA00315,False,False,False,none
fhfgjnpg-1,TMA00315,False,False,False,none
fhflbdfb-1,TMA00315,False,False,False,none
fhflenli-1,TMA00315,False,False,False,none
fhfnfgoa-1,TMA00315,False,False,False,none
fhfolcjb-1,TMA00315,False,False,False,none
fhfpnhnd-1,TMA00315,False,False,False,none
fhgabghk-1,TMA00315,False,False,False,none
fhgabhcd-1,TMA00315,False,False,False,none
fhgbenoa-1,TMA00315,False,False,False,none
fhgfpnii-1,TMA00315,False,False,False,none
fhgkcpfj-1,TMA00315,False,False,False,none
fhgoanim-1,TMA00315,False,False,False,none
fhhbhphf-1,TMA00315,False,False,False,none
fhhcbcag-1,TMA00315,False,False,False,none
fhhfpegf-1,TMA00315,False,False,False,none
fhhjcnfe-1,TMA00315,False,False,False,none
fhhpigjb-1,TMA00315,False,False,False,none
fhibdbak-1,TMA00315,False,False,False,none
fhibgllk-1,TMA00315,False,False,False,none
fhicbjnp-1,TMA00315,False,False,False,none
fhidekep-1,TMA00315,False,False,False,none
fhidfgka-1,TMA00315,False,False,False,none
fhidkpog-1,TMA00315,False,False,False,none
fhidlkom-1,TMA00315,False,False,False,none
fhiemckd-1,TMA00315,False,False,False,none
fhifdlkg-1,TMA00315,False,False,False,none
fhihehhi-1,TMA00315,False,False,False,none
fhijgdoc-1,TMA00315,False,False,False,none
fhikibdc-1,TMA00315,False,False,False,none
fhiklfab-1,TMA00315,False,False,False,none
fhilmdeb-1,TMA00315,False,False,False,none
fhjaalnm-1,TMA00315,False,False,False,none
fhjbcjcg-1,TMA00315,False,False,False,none
fhjcolaa-1,TMA00315,False,False,False,none
fhjdhckk-1,TMA00315,False,False,False,none
fhjdigdc-1,TMA00315,False,False,False,none
fhjdkogd-1,TMA00315,False,False,False,none
fhjeehoo-1,TMA00315,False,False,False,none
fhjhageg-1,TMA00315,False,False,False,none
fhjhfnmo-1,TMA00315,False,False,False,none
fhjmiepi-1,TMA00315,False,False,False,none
fhjolfme-1,TMA00315,False,False,False,none
fhkadjac-1,TMA00315,False,False,False,none
fhkgmdhf-1,TMA00315,False,False,False,none
fhkjlajo-1,TMA00315,False,False,False,none
fhkkllig-1,TMA00315,False,False,False,none
fhkohlcf-1,TMA00315,False,False,False,none
fhlanblm-1,TMA00315,False,False,False,none
fhlbbend-1,TMA00315,False,False,False,none
fhlchank-1,TMA00315,False,False,False,none
fhlfcnfj-1,TMA00315,False,False,False,none
fhliedid-1,TMA00315,False,False,False,none
fhljphgi-1,TMA00315,False,False,False,none
fhllfjni-1,TMA00315,False,False,False,none
fhlmcopf-1,TMA00315,False,False,False,none
fhlnhoij-1,TMA00315,False,False,False,none
fhlnoaci-1,TMA00315,False,False,False,none
fhlopinf-1,TMA00315,False,False,False,none
fhmagnam-1,TMA00315,False,False,False,none
fhmbfofp-1,TMA00315,False,False,False,none
fhmgiiof-1,TMA00315,False,False,False,none
fhmgnifn-1,TMA00315,False,False,False,none
fhmihlgf-1,TMA00315,False,False,False,none
fhmloafh-1,TMA00315,False,False,False,none
fhmloojh-1,TMA00315,False,False,False,none
fhmobfph-1,TMA00315,False,False,False,none
fhnaelig-1,TMA00315,False,False,False,none
fhnajeji-1,TMA00315,False,False,False,none
fhnbgedk-1,TMA00315,False,False,False,none
fhndcfcl-1,TMA00315,False,False,False,none
fhninpfh-1,TMA00315,False,False,False,none
fhnkkejh-1,TMA00315,False,False,False,none
fhnlbkgn-1,TMA00315,False,False,False,none
fhocgaog-1,TMA00315,False,False,False,none
fhogdehf-1,TMA00315,False,False,False,none
fhoigkof-1,TMA00315,False,False,False,none
fhokhnif-1,TMA00315,False,False,False,none
fhpheegc-1,TMA00315,False,False,False,none
fhpibjkm-1,TMA00315,False,False,False,none
fhpkbnnf-1,TMA00315,False,False,False,none
fhpplhdh-1,TMA00315,False,False,False,none
fiagdhkp-1,TMA00315,False,False,False,none
fiagpmej-1,TMA00315,False,False,False,none
fialhkgn-1,TMA00315,False,False,False,none
fibamneg-1,TMA00315,False,False,False,none
fibbajih-1,TMA00315,False,False,False,none
fibdopfl-1,TMA00315,False,False,False,none
fibefnnh-1,TMA00315,False,False,False,none
fibenima-1,TMA00315,False,False,False,none
fibfhgem-1,TMA00315,False,False,False,none
fibhnopm-1,TMA00315,False,False,False,none
fibilgme-1,TMA00315,False,False,False,none
fibjabha-1,TMA00315,False,False,False,none
fibkemgj-1,TMA00315,False,False,False,none
fibmhbgj-1,TMA00315,False,False,False,none
fibnadom-1,TMA00315,False,False,False,none
fibnkpmf-1,TMA00315,False,False,False,none
ficaimcf-1,TMA00315,False,False,False,none
ficdboik-1,TMA00315,False,False,False,none
ficdkdfb-1,TMA00315,False,False,False,none
fichkaea-1,TMA00315,False,False,False,none
fichnkdc-1,TMA00315,False,False,False,none
ficlhenj-1,TMA00315,False,False,False,none
ficndcdk-1,TMA00315,False,False,False,none
ficobcha-1,TMA00315,False,False,False,none
fiddjmab-1,TMA00315,False,False,False,none
fidheejk-1,TMA00315,False,False,False,none
fidpejbo-1,TMA00315,False,False,False,none
fiebjmjb-1,TMA00315,False,False,False,none
fiecgkpi-1,TMA00315,False,False,False,none
fiefcbbp-1,TMA00315,False,False,False,none
fiembbmo-1,TMA00315,False,False,False,none
fifapnio-1,TMA00315,False,False,False,none
fiffbdfi-1,TMA00315,False,False,False,none
fifhggnj-1,TMA00315,False,False,False,none
fifipiig-1,TMA00315,False,False,False,none
fifofoad-1,TMA00315,False,False,False,none
figdagkm-1,TMA00315,False,False,False,none
figfnaje-1,TMA00315,False,False,False,none
figjfldb-1,TMA00315,False,False,False,none
fihadamc-1,TMA00315,False,False,False,none
fihcejgb-1,TMA00315,False,False,False,none
fihhaphj-1,TMA00315,False,False,False,none
fihmcpdi-1,TMA00315,False,False,False,none
fiidaepc-1,TMA00315,False,False,False,none
fiidpldk-1,TMA00315,False,False,False,none
fiieokpl-1,TMA00315,False,False,False,none
fiigpncd-1,TMA00315,False,False,False,none
fiijnpnf-1,TMA00315,False,False,False,none
fiimjbkd-1,TMA00315,False,False,False,none
fiinjecn-1,TMA00315,False,False,False,none
fiipglgl-1,TMA00315,False,False,False,none
fijbhmof-1,TMA00315,False,False,False,none
fijchglj-1,TMA00315,False,False,False,none
fijoigpe-1,TMA00315,False,False,False,none
fikannao-1,TMA00315,False,False,False,none
fikicldi-1,TMA00315,False,False,False,none
fikimfjf-1,TMA00315,False,False,False,none
fikkioie-1,TMA00315,False,False,False,none
fiklfbmk-1,TMA00315,False,False,False,none
filcbafe-1,TMA00315,False,False,False,none
filfpklo-1,TMA00315,False,False,False,none
filgegon-1,TMA00315,False,False,False,none
filiakie-1,TMA00315,False,False,False,none
filipafk-1,TMA00315,False,False,False,none
filnebad-1,TMA00315,False,False,False,none
filokkai-1,TMA00315,False,False,False,none
filpcbdj-1,TMA00315,False,False,False,none
filpjcji-1,TMA00315,False,False,False,none
fimahglb-1,TMA00315,False,False,False,none
fimbbkdi-1,TMA00315,False,False,False,none
fimbjenc-1,TMA00315,False,False,False,none
fimiadlj-1,TMA00315,False,False,False,none
fimpoohl-1,TMA00315,False,False,False,none
finfpmlm-1,TMA00315,False,False,False,none
finhffdg-1,TMA00315,False,False,False,none
finoccjg-1,TMA00315,False,False,False,none
finocjhe-1,TMA00315,False,False,False,none
finolced-1,TMA00315,False,False,False,none
fiobnakk-1,TMA00315,False,False,False,none
fioennpg-1,TMA00315,False,False,False,none
fiojjkfd-1,TMA00315,False,False,False,none
fiokgjon-1,TMA00315,False,False,False,none
fioldjbg-1,TMA00315,False,False,False,none
fiolgnhe-1,TMA00315,False,False,False,none
fipaeoie-1,TMA00315,False,False,False,none
fipnogke-1,TMA00315,False,False,False,none
fipompng-1,TMA00315,False,False,False,none
fjaalcnn-1,TMA00315,False,False,False,none
fjacbhac-1,TMA00315,False,False,False,none
fjalagkn-1,TMA00315,False,False,False,none
fjalbgoj-1,TMA00315,False,False,False,none
fjapidja-1,TMA00315,False,False,False,none
fjbhfgji-1,TMA00315,False,False,False,none
fjbmemfn-1,TMA00315,False,False,False,none
fjcenbkb-1,TMA00315,False,False,False,none
fjcpecdj-1,TMA00315,False,False,False,none
fjdcjblc-1,TMA00315,False,False,False,none
fjdflljj-1,TMA00315,False,False,False,none
fjdfplko-1,TMA00315,False,False,False,none
fjdghfjg-1,TMA00315,False,False,False,none
fjdmpndk-1,TMA00315,False,False,False,none
fjdnmcdj-1,TMA00315,False,False,False,none
fjdpadfo-1,TMA00315,False,False,False,none
fjdppblb-1,TMA00315,False,False,False,none
fjedgcjg-1,TMA00315,False,False,False,none
fjehgaie-1,TMA00315,False,False,False,none
fjejcnlg-1,TMA00315,False,False,False,none
fjeldlii-1,TMA00315,False,False,False,none
fjeljkid-1,TMA00315,False,False,False,none
fjepkdah-1,TMA00315,False,False,False,none
fjfahema-1,TMA00315,False,False,False,none
fjfbgagp-1,TMA00315,False,False,False,none
fjfbnjlc-1,TMA00315,False,False,False,none
fjfcmfca-1,TMA00315,False,False,False,none
fjfdlmkh-1,TMA00315,False,False,False,none
fjfedmka-1,TMA00315,False,False,False,none
fjfeffpi-1,TMA00315,False,False,False,none
fjfncpfg-1,TMA00315,False,False,False,none
fjfnladp-1,TMA00315,False,False,False,none
fjgfmono-1,TMA00315,False,False,False,none
fjggnecj-1,TMA00315,False,False,False,none
fjghloeo-1,TMA00315,False,False,False,none
fjglokpk-1,TMA00315,False,False,False,none
fjgmipnn-1,TMA00315,False,False,False,none
fjgnmlok-1,TMA00315,False,False,False,none
fjgpjfkf-1,TMA00315,False,False,False,none
fjhbmahc-1,TMA00315,False,False,False,none
fjhcicpd-1,TMA00315,False,False,False,none
fjhmhapg-1,TMA00315,False,False,False,none
fjidhpdg-1,TMA00315,False,False,False,none
fjijoehh-1,TMA00315,False,False,False,none
fjjampgd-1,TMA00315,False,False,False,none
fjjfpcjg-1,TMA00315,False,False,False,none
fjjhjjhe-1,TMA00315,False,False,False,none
fjjjnpdn-1,TMA00315,False,False,False,none
fjjmjogi-1,TMA00315,False,False,False,none
fjkhpdjp-1,TMA00315,False,False,False,none
fjkjcmdd-1,TMA00315,False,False,False,none
fjkjlofc-1,TMA00315,False,False,False,none
fjldaghc-1,TMA00315,False,False,False,none
fjlhcjpb-1,TMA00315,False,False,False,none
fjllkkdg-1,TMA00315,False,False,False,none
fjmeaiik-1,TMA00315,False,False,False,none
fjmeodci-1,TMA00315,False,False,False,none
fjmlmiol-1,TMA00315,False,False,False,none
fjmmpdfb-1,TMA00315,False,False,False,none
fjmnnpcm-1,TMA00315,False,False,False,none
fjoakdfc-1,TMA00315,False,False,False,none
fjoejcdb-1,TMA00315,False,False,False,none
fjonblma-1,TMA00315,False,False,False,none
fjplfbbg-1,TMA00315,False,False,False,none
fjplonld-1,TMA00315,False,False,False,none
fjpmjemm-1,TMA00315,False,False,False,none
fkbfhacb-1,TMA00315,False,False,False,none
fkbhhgkh-1,TMA00315,False,False,False,none
fkblonje-1,TMA00315,False,False,False,none
fkboanfg-1,TMA00315,False,False,False,none
fkcabmog-1,TMA00315,False,False,False,none
fkcaepcp-1,TMA00315,False,False,False,none
fkcajanh-1,TMA00315,False,False,False,none
fkccaakm-1,TMA00315,False,False,False,none
fkcdakad-1,TMA00315,False,False,False,none
fkcehlbk-1,TMA00315,False,False,False,none
fkchhmbh-1,TMA00315,False,False,False,none
fkcineom-1,TMA00315,False,False,False,none
fkcnednb-1,TMA00315,False,False,False,none
fkcoffli-1,TMA00315,False,False,False,none
fkcpoofp-1,TMA00315,False,False,False,none
fkdcalji-1,TMA00315,False,False,False,none
fkdfddik-1,TMA00315,False,False,False,none
fkdhjcom-1,TMA00315,False,False,False,none
fkdmmbgl-1,TMA00315,False,False,False,none
fkebloak-1,TMA00315,False,False,False,none
fkebpmmc-1,TMA00315,False,False,False,none
fkecakmp-1,TMA00315,False,False,False,none
fkecnbff-1,TMA00315,False,False,False,none
fkeigfhg-1,TMA00315,False,False,False,none
fkffkkcc-1,TMA00315,False,False,False,none
fkfoecbe-1,TMA00315,False,False,False,none
fkfolgej-1,TMA00315,False,False,False,none
fkfoncpg-1,TMA00315,False,False,False,none
fkgapoik-1,TMA00315,False,False,False,none
fkggkpno-1,TMA00315,False,False,False,none
fkggndja-1,TMA00315,False,False,False,none
fkghibfl-1,TMA00315,False,False,False,none
fkghkbkm-1,TMA00315,False,False,False,none
fkgkjldi-1,TMA00315,False,False,False,none
fkgoaigi-1,TMA00315,False,False,False,none
fkhaicjk-1,TMA00315,False,False,False,none
fkhakfhp-1,TMA00315,False,False,False,none
fkhbeffm-1,TMA00315,False,False,False,none
fkhekfmi-1,TMA00315,False,False,False,none
fkhenndk-1,TMA00315,False,False,False,none
fkhkcica-1,TMA00315,False,False,False,none
fkhkffjk-1,TMA00315,False,False,False,none
fkhnbgdp-1,TMA00315,False,False,False,none
fkhonain-1,TMA00315,False,False,False,none
fkicbdlo-1,TMA00315,False,False,False,none
fkiddimn-1,TMA00315,False,False,False,none
fkifkmfd-1,TMA00315,False,False,False,none
fkihmbmf-1,TMA00315,False,False,False,none
fkiibadk-1,TMA00315,False,False,False,none
fkijnidh-1,TMA00315,False,False,False,none
fkjacece-1,TMA00315,False,False,False,none
fkjajboh-1,TMA00315,False,False,False,none
fkjanfgm-1,TMA00315,False,False,False,none
fkjekinb-1,TMA00315,False,False,False,none
fkjiahmi-1,TMA00315,False,False,False,none
fkkeohie-1,TMA00315,False,False,False,none
fkkgfaka-1,TMA00315,False,False,False,none
fkkiklcj-1,TMA00315,False,False,False,none
fkklljei-1,TMA00315,False,False,False,none
fklbhhaj-1,TMA00315,False,False,False,none
fklbiogk-1,TMA00315,False,False,False,none
fklckobc-1,TMA00315,False,False,False,none
fklfaake-1,TMA00315,False,False,False,none
fklgilcp-1,TMA00315,False,False,False,none
fkmbebge-1,TMA00315,False,False,False,none
fkmcafml-1,TMA00315,False,False,False,none
fkmjpfmi-1,TMA00315,False,False,False,none
fkmkpkim-1,TMA00315,False,False,False,none
fkmlaiok-1,TMA00315,False,False,False,none
fkmmagpk-1,TMA00315,False,False,False,none
fkmmnoal-1,TMA00315,False,False,False,none
fkmppbpm-1,TMA00315,False,False,False,none
fkneacgf-1,TMA00315,False,False,False,none
fknfadeh-1,TMA00315,False,False,False,none
fkngofgh-1,TMA00315,False,False,False,none
fknhnloi-1,TMA00315,False,False,False,none
fknkghan-1,TMA00315,False,False,False,none
fknkhdee-1,TMA00315,False,False,False,none
fknpcgag-1,TMA00315,False,False,False,none
fkobhbco-1,TMA00315,False,False,False,none
fkofcdpc-1,TMA00315,False,False,False,none
fkohoofn-1,TMA00315,False,False,False,none
fkoipiab-1,TMA00315,False,False,False,none
fkokpglf-1,TMA00315,False,False,False,none
fkonmeap-1,TMA00315,False,False,False,none
fkpegbkl-1,TMA00315,False,False,False,none
fkpiphpe-1,TMA00315,False,False,False,none
fkpobenm-1,TMA00315,False,False,False,none
fkppdmch-1,TMA00315,False,False,False,none
fkppjjbd-1,TMA00315,False,False,False,none
flaapfjd-1,TMA00315,False,False,False,none
flafbkmp-1,TMA00315,False,False,False,none
flakhmop-1,TMA00315,False,False,False,none
flamdekb-1,TMA00315,False,False,False,none
flaonkkp-1,TMA00315,False,False,False,none
flaoohae-1,TMA00315,False,False,False,none
flbaaedk-1,TMA00315,False,False,False,none
flbbgpnn-1,TMA00315,False,False,False,none
flbdgpeb-1,TMA00315,False,False,False,none
flbhcnhg-1,TMA00315,False,False,False,none
flbhohof-1,TMA00315,False,False,False,none
flbjaefm-1,TMA00315,False,False,False,none
flbllmff-1,TMA00315,False,False,False,none
flcclcig-1,TMA00315,False,False,False,none
flccnoag-1,TMA00315,False,False,False,none
flccnpfj-1,TMA00315,False,False,False,none
flccopgd-1,TMA00315,False,False,False,none
flcdfbbe-1,TMA00315,False,False,False,none
flcfbfda-1,TMA00315,False,False,False,none
flcfpcik-1,TMA00315,False,False,False,none
flcihohf-1,TMA00315,False,False,False,none
flcjbfki-1,TMA00315,False,False,False,none
flcokekl-1,TMA00315,False,False,False,none
fldbecdj-1,TMA00315,False,False,False,none
flddkbka-1,TMA00315,False,False,False,none
fldkoloh-1,TMA00315,False,False,False,none
fldpimid-1,TMA00315,False,False,False,none
flehgfmm-1,TMA00315,False,False,False,none
fleiicno-1,TMA00315,False,False,False,none
fleinakh-1,TMA00315,False,False,False,none
fleipfcn-1,TMA00315,False,False,False,none
flekagjl-1,TMA00315,False,False,False,none
flemnhja-1,TMA00315,False,False,False,none
flephfon-1,TMA00315,False,False,False,none
flfdpemp-1,TMA00315,False,False,False,none
flfkahgi-1,TMA00315,False,False,False,none
flflefek-1,TMA00315,False,False,False,none
flfmeoam-1,TMA00315,False,False,False,none
flfmggfp-1,TMA00315,False,False,False,none
flfmnpoh-1,TMA00315,False,False,False,none
flfndnko-1,TMA00315,False,False,False,none
flfnhnmp-1,TMA00315,False,False,False,none
flfohklf-1,TMA00315,False,False,False,none
flfommom-1,TMA00315,False,False,False,none
flfpegib-1,TMA00315,False,False,False,none
flgeaofc-1,TMA00315,False,False,False,none
flgehcna-1,TMA00315,False,False,False,none
flgelinl-1,TMA00315,False,False,False,none
flgngadb-1,TMA00315,False,False,False,none
flgnpolg-1,TMA00315,False,False,False,none
flhggnng-1,TMA00315,False,False,False,none
flhgladp-1,TMA00315,False,False,False,none
flhlepcf-1,TMA00315,False,False,False,none
fliinfij-1,TMA00315,False,False,False,none
flipmmcf-1,TMA00315,False,False,False,none
fljcgfkh-1,TMA00315,False,False,False,none
fljdpanb-1,TMA00315,False,False,False,none
fljikhba-1,TMA00315,False,False,False,none
fljmpgie-1,TMA00315,False,False,False,none
fljohhbi-1,TMA00315,False,False,False,none
flkfdhfm-1,TMA00315,False,False,False,none
fllafgfm-1,TMA00315,False,False,False,none
fllidpoe-1,TMA00315,False,False,False,none
fllpojfh-1,TMA00315,False,False,False,none
flmgkalc-1,TMA00315,False,False,False,none
flmheejh-1,TMA00315,False,False,False,none
flmicpcn-1,TMA00315,False,False,False,none
flmiehpj-1,TMA00315,False,False,False,none
flmkcbhj-1,TMA00315,False,False,False,none
flmnmhlc-1,TMA00315,False,False,False,none
flnajiij-1,TMA00315,False,False,False,none
flnbgfeb-1,TMA00315,False,False,False,none
flnechfm-1,TMA00315,False,False,False,none
flnehpnd-1,TMA00315,False,False,False,none
flngdnhl-1,TMA00315,False,False,False,none
flnggjfc-1,TMA00315,False,False,False,none
flnglhbc-1,TMA00315,False,False,False,none
flnjmihn-1,TMA00315,False,False,False,none
flnlhagb-1,TMA00315,False,False,False,none
flnlhhnh-1,TMA00315,False,False,False,none
flnngjen-1,TMA00315,False,False,False,none
flnopoca-1,TMA00315,False,False,False,none
flnpmaco-1,TMA00315,False,False,False,none
flobicoo-1,TMA00315,False,False,False,none
floedggo-1,TMA00315,False,False,False,none
flofhljh-1,TMA00315,False,False,False,none
flokeehi-1,TMA00315,False,False,False,none
flonkljf-1,TMA00315,False,False,False,none
flpbioca-1,TMA00315,False,False,False,none
flpdbamf-1,TMA00315,False,False,False,none
flpdheeo-1,TMA00315,False,False,False,none
flpefdgm-1,TMA00315,False,False,False,none
flpefkme-1,TMA00315,False,False,False,none
flpflegh-1,TMA00315,False,False,False,none
fmaldlbl-1,TMA00315,False,False,False,none
fmaljdip-1,TMA00315,False,False,False,none
fmaohiml-1,TMA00315,False,False,False,none
fmbanofk-1,TMA00315,False,False,False,none
fmbckfja-1,TMA00315,False,False,False,none
fmbclaoh-1,TMA00315,False,False,False,none
fmbegjko-1,TMA00315,False,False,False,none
fmbhgedp-1,TMA00315,False,False,False,none
fmboebdk-1,TMA00315,False,False,False,none
fmbpogck-1,TMA00315,False,False,False,none
fmcdbljb-1,TMA00315,False,False,False,none
fmchghme-1,TMA00315,False,False,False,none
fmcjpaln-1,TMA00315,False,False,False,none
fmcmapio-1,TMA00315,False,False,False,none
fmdfomjo-1,TMA00315,False,False,False,none
fmdobdcj-1,TMA00315,False,False,False,none
fmecccnc-1,TMA00315,False,False,False,none
fmeegjbb-1,TMA00315,False,False,False,none
fmeifafn-1,TMA00315,False,False,False,none
fmekiloe-1,TMA00315,False,False,False,none
fmemnibe-1,TMA00315,False,False,False,none
fmeokoka-1,TMA00315,False,False,False,none
fmepfdpb-1,TMA00315,False,False,False,none
fmfbgfaa-1,TMA00315,False,False,False,none
fmfdbahi-1,TMA00315,False,False,False,none
fmfecbod-1,TMA00315,False,False,False,none
fmfenhdf-1,TMA00315,False,False,False,none
fmfighjp-1,TMA00315,False,False,False,none
fmfjpbha-1,TMA00315,False,False,False,none
fmflianp-1,TMA00315,False,False,False,none
fmgambii-1,TMA00315,False,False,False,none
fmgapilj-1,TMA00315,False,False,False,none
fmgcefon-1,TMA00315,False,False,False,none
fmgilkoc-1,TMA00315,False,False,False,none
fmglgfcp-1,TMA00315,False,False,False,none
fmgmlpdo-1,TMA00315,False,False,False,none
fmgnimfd-1,TMA00315,False,False,False,none
fmhcdbpe-1,TMA00315,False,False,False,none
fmhfpjie-1,TMA00315,False,False,False,none
fmhjjncn-1,TMA00315,False,False,False,none
fmhkpall-1,TMA00315,False,False,False,none
fmhomekk-1,TMA00315,False,False,False,none
fmiadphh-1,TMA00315,False,False,False,none
fmiedpip-1,TMA00315,False,False,False,none
fmifjfpd-1,TMA00315,False,False,False,none
fmippljn-1,TMA00315,False,False,False,none
fmjjacli-1,TMA00315,False,False,False,none
fmjnjdim-1,TMA00315,False,False,False,none
fmjodoob-1,TMA00315,False,False,False,none
fmjomlgi-1,TMA00315,False,False,False,none
fmkgflap-1,TMA00315,False,False,False,none
fmkigoih-1,TMA00315,False,False,False,none
fmklbeem-1,TMA00315,False,False,False,none
fmkolflf-1,TMA00315,False,False,False,none
fmlamcmm-1,TMA00315,False,False,False,none
fmlfcepg-1,TMA00315,False,False,False,none
fmlnegid-1,TMA00315,False,False,False,none
fmlpeagn-1,TMA00315,False,False,False,none
fmmgpppm-1,TMA00315,False,False,False,none
fmmjgnkh-1,TMA00315,False,False,False,none
fmnanhca-1,TMA00315,False,False,False,none
fmnbikae-1,TMA00315,False,False,False,none
fmnddokm-1,TMA00315,False,False,False,none
fmnhmdga-1,TMA00315,False,False,False,none
fmnjnbml-1,TMA00315,False,False,False,none
fmnkdipb-1,TMA00315,False,False,False,none
fmnmnoln-1,TMA00315,False,False,False,none
fmnnpgbj-1,TMA00315,False,False,False,none
fmojddnc-1,TMA00315,False,False,False,none
fmopjceb-1,TMA00315,False,False,False,none
fmpcncma-1,TMA00315,False,False,False,none
fmpehbbn-1,TMA00315,False,False,False,none
fmphcnei-1,TMA00315,False,False,False,none
fmpjgibg-1,TMA00315,False,False,False,none
fmpklmfi-1,TMA00315,False,False,False,none
fmplpgja-1,TMA00315,False,False,False,none
fnaehdfg-1,TMA00315,False,False,False,none
fnagnkgj-1,TMA00315,False,False,False,none
fnahkpgd-1,TMA00315,False,False,False,none
fnaijcbh-1,TMA00315,False,False,False,none
fnalicca-1,TMA00315,False,False,False,none
fnanmmfc-1,TMA00315,False,False,False,none
fnbajpkj-1,TMA00315,False,False,False,none
fnbhicij-1,TMA00315,False,False,False,none
fnbjhjdp-1,TMA00315,False,False,False,none
fnbjpdia-1,TMA00315,False,False,False,none
fnblmkfa-1,TMA00315,False,False,False,none
fnbnleke-1,TMA00315,False,False,False,none
fncdafbd-1,TMA00315,False,False,False,none
fncfjfcc-1,TMA00315,False,False,False,none
fncgnkfj-1,TMA00315,False,False,False,none
fnchbpcj-1,TMA00315,False,False,False,none
fncioalb-1,TMA00315,False,False,False,none
fnckagoo-1,TMA00315,False,False,False,none
fnclghao-1,TMA00315,False,False,False,none
fncmogld-1,TMA00315,False,False,False,none
fncphijh-1,TMA00315,False,False,False,none
fndbdkcg-1,TMA00315,False,False,False,none
fndbfbao-1,TMA00315,False,False,False,none
fndfblme-1,TMA00315,False,False,False,none
fndhilpg-1,TMA00315,False,False,False,none
fndidcla-1,TMA00315,False,False,False,none
fndikdch-1,TMA00315,False,False,False,none
fndilflp-1,TMA00315,False,False,False,none
fndnoene-1,TMA00315,False,False,False,none
fneahndp-1,TMA00315,False,False,False,none
fnebelhk-1,TMA00315,False,False,False,none
fnecfpif-1,TMA00315,False,False,False,none
fnegbnim-1,TMA00315,False,False,False,none
fneicppg-1,TMA00315,False,False,False,none
fneijngh-1,TMA00315,False,False,False,none
fnejjfkf-1,TMA00315,False,False,False,none
fneogcij-1,TMA00315,False,False,False,none
fneogdjj-1,TMA00315,False,False,False,none
fnfbbdje-1,TMA00315,False,False,False,none
fnfcfjlb-1,TMA00315,False,False,False,none
fnfclndp-1,TMA00315,False,False,False,none
fnfcndai-1,TMA00315,False,False,False,none
fnfdaeec-1,TMA00315,False,False,False,none
fnffgmhj-1,TMA00315,False,False,False,none
fnfohahb-1,TMA00315,False,False,False,none
fngblnnf-1,TMA00315,False,False,False,none
fngdpile-1,TMA00315,False,False,False,none
fngekioh-1,TMA00315,False,False,False,none
fngjaoaa-1,TMA00315,False,False,False,none
fnhckmep-1,TMA00315,False,False,False,none
fnhdcono-1,TMA00315,False,False,False,none
fnhdgegg-1,TMA00315,False,False,False,none
fnhdmacl-1,TMA00315,False,False,False,none
fnmgnpjk-1,TMA00315,False,False,False,none
fnmhmlel-1,TMA00315,False,False,False,none
fnnbghfm-1,TMA00315,False,False,False,none
fnndgofp-1,TMA00315,False,False,False,none
fnneghnn-1,TMA00315,False,False,False,none
fnnemdpd-1,TMA00315,False,False,False,none
fnnlhhkd-1,TMA00315,False,False,False,none
fnnnecbn-1,TMA00315,False,False,False,none
fnnokpdh-1,TMA00315,False,False,False,none
fnnpidbd-1,TMA00315,False,False,False,none
fnoajgaa-1,TMA00315,False,False,False,none
fnohhjki-1,TMA00315,False,False,False,none
fnojfdah-1,TMA00315,False,False,False,none
fnokknfk-1,TMA00315,False,False,False,none
fnombfhh-1,TMA00315,False,False,False,none
fnppinea-1,TMA00315,False,False,False,none
foabjobn-1,TMA00315,False,False,False,none
foadijbe-1,TMA00315,False,False,False,none
foadnhfj-1,TMA00315,False,False,False,none
foaffdof-1,TMA00315,False,False,False,none
fobdikfk-1,TMA00315,False,False,False,none
fobljjml-1,TMA00315,False,False,False,none
fobnbcpa-1,TMA00315,False,False,False,none
focbkjlc-1,TMA00315,False,False,False,none
focehefe-1,TMA00315,False,False,False,none
focfdbid-1,TMA00315,False,False,False,none
foclhmcj-1,TMA00315,False,False,False,none
focnbkpj-1,TMA00315,False,False,False,none
focohndc-1,TMA00315,False,False,False,none
fodaddgp-1,TMA00315,False,False,False,none
fodbpemb-1,TMA00315,False,False,False,none
foddpbde-1,TMA00315,False,False,False,none
foebccdd-1,TMA00315,False,False,False,none
foeekopa-1,TMA00315,False,False,False,none
foejkcch-1,TMA00315,False,False,False,none
foelboen-1,TMA00315,False,False,False,none
foelkena-1,TMA00315,False,False,False,none
foeolilj-1,TMA00315,False,False,False,none
fofallnc-1,TMA00315,False,False,False,none
fofeakip-1,TMA00315,False,False,False,none
fofiahcd-1,TMA00315,False,False,False,none
fofiojia-1,TMA00315,False,False,False,none
foflmhbn-1,TMA00315,False,False,False,none
foghlghl-1,TMA00315,False,False,False,none
fohganhe-1,TMA00315,False,False,False,none
fohijico-1,TMA00315,False,False,False,none
fohoinha-1,TMA00315,False,False,False,none
foigccgg-1,TMA00315,False,False,False,none
fojfibcp-1,TMA00315,False,False,False,none
fomijdhm-1,TMA00315,False,False,False,none
fonnnpeb-1,TMA00315,False,False,False,none
fooeigic-1,TMA00315,False,False,False,none
foonbaka-1,TMA00315,False,False,False,none
fopakgod-1,TMA00315,False,False,False,none
fophagln-1,TMA00315,False,False,False,none
fophoajd-1,TMA00315,False,False,False,none
fopijfcp-1,TMA00315,False,False,False,none
fopjaamj-1,TMA00315,False,False,False,none
fopljnnd-1,TMA00315,False,False,False,none
fopomafn-1,TMA00315,False,False,False,none
fpacdchc-1,TMA00315,False,False,False,none
fpadepga-1,TMA00315,False,False,False,none
fpagjmak-1,TMA00315,False,False,False,none
fpaibldc-1,TMA00315,False,False,False,none
fpambnln-1,TMA00315,False,False,False,none
fpaockjn-1,TMA00315,False,False,False,none
fpbfaded-1,TMA00315,False,False,False,none
fpbifeih-1,TMA00315,False,False,False,none
fpbkabhh-1,TMA00315,False,False,False,none
fpbkijhb-1,TMA00315,False,False,False,none
fpbmdlpb-1,TMA00315,False,False,False,none
fpbonnjn-1,TMA00315,False,False,False,none
fpbpfaan-1,TMA00315,False,False,False,none
fpbpoahh-1,TMA00315,False,False,False,none
fpcaimof-1,TMA00315,False,False,False,none
fpcfdcek-1,TMA00315,False,False,False,none
fpchnbpm-1,TMA00315,False,False,False,none
fpchoaod-1,TMA00315,False,False,False,none
fpckaiph-1,TMA00315,False,False,False,none
fpckhhfn-1,TMA00315,False,False,False,none
fpcocgna-1,TMA00315,False,False,False,none
fpdcajba-1,TMA00315,False,False,False,none
fpdddkkp-1,TMA00315,False,False,False,none
fpddkdka-1,TMA00315,False,False,False,none
fpdefdgn-1,TMA00315,False,False,False,none
fpdfjijh-1,TMA00315,False,False,False,none
fpdgajcj-1,TMA00315,False,False,False,none
fpdgjdbp-1,TMA00315,False,False,False,none
fpdiefjc-1,TMA00315,False,False,False,none
fpdkecae-1,TMA00315,False,False,False,none
fpdmehbf-1,TMA00315,False,False,False,none
fpebhogn-1,TMA00315,False,False,False,none
fpeegmbg-1,TMA00315,False,False,False,none
fpegbhib-1,TMA00315,False,False,False,none
fpehegfp-1,TMA00315,False,False,False,none
fpelgboa-1,TMA00315,False,False,False,none
fpfcpleb-1,TMA00315,False,False,False,none
fpfejnkn-1,TMA00315,False,False,False,none
fpfjpdph-1,TMA00315,False,False,False,none
fpfnlgmm-1,TMA00315,False,False,False,none
fpgdbaaf-1,TMA00315,False,False,False,none
fpgdcdbd-1,TMA00315,False,False,False,none
fpgeocgc-1,TMA00315,False,False,False,none
fpgfgijm-1,TMA00315,False,False,False,none
fpgljphk-1,TMA00315,False,False,False,none
fpgppcid-1,TMA00315,False,False,False,none
fphbeodo-1,TMA00315,False,False,False,none
fphgefpe-1,TMA00315,False,False,False,none
fphgnnba-1,TMA00315,False,False,False,none
fphmdemo-1,TMA00315,False,False,False,none
fpiccdpl-1,TMA00315,False,False,False,none
fpidoljk-1,TMA00315,False,False,False,none
fpihmjmk-1,TMA00315,False,False,False,none
fpilacca-1,TMA00315,False,False,False,none
fpilmjgk-1,TMA00315,False,False,False,none
fpimfkij-1,TMA00315,False,False,False,none
fpimjjie-1,TMA00315,False,False,False,none
fpimlogl-1,TMA00315,False,False,False,none
fpimpnma-1,TMA00315,False,False,False,none
fpiodljg-1,TMA00315,False,False,False,none
fpjcklbo-1,TMA00315,False,False,False,none
fpjfhepm-1,TMA00315,False,False,False,none
fpjgagpi-1,TMA00315,False,False,False,none
fpjmacbg-1,TMA00315,False,False,False,none
fpjmlchl-1,TMA00315,False,False,False,none
fpjnpgoa-1,TMA00315,False,False,False,none
fpkdcfni-1,TMA00315,False,False,False,none
fpkglplf-1,TMA00315,False,False,False,none
fpkhcnbd-1,TMA00315,False,False,False,none
fpkjhahh-1,TMA00315,False,False,False,none
fpkjmimf-1,TMA00315,False,False,False,none
fpkkjfhg-1,TMA00315,False,False,False,none
fpkkjgof-1,TMA00315,False,False,False,none
fpkmedif-1,TMA00315,False,False,False,none
fpkpncoo-1,TMA00315,False,False,False,none
fplagakp-1,TMA00315,False,False,False,none
fplcooea-1,TMA00315,False,False,False,none
fpleapmo-1,TMA00315,False,False,False,none
fplelgfm-1,TMA00315,False,False,False,none
fplhgoeh-1,TMA00315,False,False,False,none
fplklcfd-1,TMA00315,False,False,False,none
fplmapmh-1,TMA00315,False,False,False,none
fplmgcfb-1,TMA00315,False,False,False,none
fpmadcdf-1,TMA00315,False,False,False,none
fpmbiidc-1,TMA00315,False,False,False,none
fpmdafmn-1,TMA00315,False,False,False,none
fpmgoegh-1,TMA00315,False,True,False,dTomato_Seq2_hi
fpmnbobj-1,TMA00315,False,False,False,none
fpmnejhm-1,TMA00315,False,False,False,none
fpndfdee-1,TMA00315,False,False,False,none
fpnhdpgb-1,TMA00315,False,False,False,none
fpoadadg-1,TMA00315,False,False,False,none
fpobogkk-1,TMA00315,False,False,False,none
fpodkimc-1,TMA00315,False,False,False,none
fpoengfp-1,TMA00315,False,False,False,none
fpogncbc-1,TMA00315,False,False,False,none
fpohfjga-1,TMA00315,False,False,False,none
fpojcekb-1,TMA00315,False,True,False,dTomato_Seq2_hi
fpoohphc-1,TMA00315,False,False,False,none
fppcggpj-1,TMA00315,False,False,False,none
fppcmiop-1,TMA00315,False,False,False,none
fppeadla-1,TMA00315,False,False,False,none
fppgmloa-1,TMA00315,False,False,False,none
fppheiim-1,TMA00315,False,False,False,none
fpphgbnc-1,TMA00315,False,False,False,none
fppmihnm-1,TMA00315,False,False,False,none
fppmnlka-1,TMA00315,False,False,False,none
fppoapmd-1,TMA00315,False,False,False,none
fppoioah-1,TMA00315,False,False,False,none
gaaemdmc-1,TMA00315,False,False,False,none
gaahdkio-1,TMA00315,False,False,False,none
gaaiggcl-1,TMA00315,False,False,False,none
gaajdajn-1,TMA00315,False,False,False,none
gaaoepdp-1,TMA00315,False,False,False,none
gaapfbaf-1,TMA00315,False,False,False,none
gaapnihd-1,TMA00315,False,False,False,none
gabecapl-1,TMA00315,False,False,False,none
gabecjep-1,TMA00315,False,False,False,none
gabeneoe-1,TMA00315,False,False,False,none
gabflioj-1,TMA00315,False,False,False,none
gabfneaa-1,TMA00315,False,False,False,none
gabgdijl-1,TMA00315,False,False,False,none
gabggkgn-1,TMA00315,False,False,False,none
gablgdal-1,TMA00315,False,False,False,none
gabnonmm-1,TMA00315,False,False,False,none
gabobjmp-1,TMA00315,False,False,False,none
gabphahb-1,TMA00315,False,False,False,none
gaccpdhl-1,TMA00315,False,False,False,none
gackpohp-1,TMA00315,False,False,False,none
gaclnfbe-1,TMA00315,False,False,False,none
gacmpmmm-1,TMA00315,False,False,False,none
gacnnlio-1,TMA00315,False,False,False,none
gacopdeh-1,TMA00315,False,False,False,none
gacpdmge-1,TMA00315,False,False,False,none
gadbochh-1,TMA00315,False,False,False,none
gadbplgh-1,TMA00315,False,False,False,none
gaddhbma-1,TMA00315,False,False,False,none
gaddnmaa-1,TMA00315,False,False,False,none
gadhlbfn-1,TMA00315,False,False,False,none
gadljiaf-1,TMA00315,False,False,False,none
gadodaop-1,TMA00315,False,False,False,none
gaeakmap-1,TMA00315,False,False,False,none
gaedhkbn-1,TMA00315,False,False,False,none
gaegehgj-1,TMA00315,False,False,False,none
gaelkjdc-1,TMA00315,False,False,False,none
gaelnpci-1,TMA00315,False,False,False,none
gaenmigg-1,TMA00315,False,False,False,none
gaeolifn-1,TMA00315,False,False,False,none
gafbgnfj-1,TMA00315,False,False,False,none
gafcihfl-1,TMA00315,False,False,False,none
gafdanha-1,TMA00315,False,False,False,none
gafdfopa-1,TMA00315,False,False,False,none
gafdphkm-1,TMA00315,False,False,False,none
gafidibl-1,TMA00315,False,False,False,none
gafiicbe-1,TMA00315,False,False,False,none
gafleffk-1,TMA00315,False,False,False,none
gagfdcbl-1,TMA00315,False,False,False,none
gaggcmjl-1,TMA00315,False,False,False,none
gagjajak-1,TMA00315,False,False,False,none
gagoahmm-1,TMA00315,False,False,False,none
gagokamn-1,TMA00315,False,False,False,none
gahakggm-1,TMA00315,False,False,False,none
gahbbgjj-1,TMA00315,False,False,False,none
gahknmcd-1,TMA00315,False,False,False,none
gaigbbcb-1,TMA00315,False,False,False,none
gainbalo-1,TMA00315,False,False,False,none
gajaiano-1,TMA00315,False,False,False,none
gajajgih-1,TMA00315,False,False,False,none
gajcagmd-1,TMA00315,False,False,False,none
gajdcmfj-1,TMA00315,False,False,False,none
gajfldpk-1,TMA00315,False,False,False,none
gajgffep-1,TMA00315,False,False,False,none
gajhbffh-1,TMA00315,False,False,False,none
gajjfecn-1,TMA00315,False,False,False,none
gakbfonb-1,TMA00315,False,False,False,none
gakcfaom-1,TMA00315,False,False,False,none
gakdgldc-1,TMA00315,False,False,False,none
gakflefp-1,TMA00315,False,False,False,none
gakgjklk-1,TMA00315,False,False,False,none
gakgpgin-1,TMA00315,False,False,False,none
gakjldgf-1,TMA00315,False,False,False,none
gakldpih-1,TMA00315,False,False,False,none
gaklpmla-1,TMA00315,False,False,False,none
galceakp-1,TMA00315,False,False,False,none
galciilg-1,TMA00315,False,False,False,none
galckfdc-1,TMA00315,False,False,False,none
galddbco-1,TMA00315,False,False,False,none
galefjhf-1,TMA00315,False,False,False,none
galfgdol-1,TMA00315,False,False,False,none
galgfaci-1,TMA00315,False,False,False,none
gallnadf-1,TMA00315,False,False,False,none
galpcafb-1,TMA00315,False,False,False,none
gamabhhg-1,TMA00315,False,False,False,none
gamcdjpi-1,TMA00315,False,False,False,none
gamhnojp-1,TMA00315,False,False,False,none
gamjmkai-1,TMA00315,False,False,False,none
gamkfadn-1,TMA00315,False,False,False,none
gamknjgf-1,TMA00315,False,False,False,none
gammoeco-1,TMA00315,False,False,False,none
gamoaoha-1,TMA00315,False,False,False,none
gampbbbf-1,TMA00315,False,False,False,none
ganhkbgc-1,TMA00315,False,False,False,none
ganhmbmb-1,TMA00315,False,False,False,none
gaoaabja-1,TMA00315,False,False,False,none
gaobbblm-1,TMA00315,False,False,False,none
gaookejk-1,TMA00315,False,False,False,none
gapeofdb-1,TMA00315,False,False,False,none
gaphbmia-1,TMA00315,False,False,False,none
gapidfjf-1,TMA00315,False,False,False,none
gbaaalbj-1,TMA00315,False,False,False,none
gbadkjod-1,TMA00315,False,False,False,none
gbaeahkj-1,TMA00315,False,False,False,none
gbaffoam-1,TMA00315,False,False,False,none
gbafgkjk-1,TMA00315,False,False,False,none
gbaloghh-1,TMA00315,False,False,False,none
gbankbgc-1,TMA00315,False,False,False,none
gbaonekn-1,TMA00315,False,False,False,none
gbbcmmdb-1,TMA00315,False,False,False,none
gbbeplmp-1,TMA00315,False,False,False,none
gbbibghi-1,TMA00315,False,False,False,none
gbbipaoc-1,TMA00315,False,False,False,none
gbbmfllk-1,TMA00315,False,False,False,none
gbbmnpba-1,TMA00315,False,False,False,none
gbcgbopo-1,TMA00315,False,False,False,none
gbciaifl-1,TMA00315,False,False,False,none
gbcinaog-1,TMA00315,False,False,False,none
gbcpeedh-1,TMA00315,False,False,False,none
gbdhippa-1,TMA00315,False,False,False,none
gbdjkeml-1,TMA00315,False,False,False,none
gbdkocmf-1,TMA00315,False,False,False,none
gbdoemjg-1,TMA00315,False,False,False,none
gbebdjfd-1,TMA00315,False,False,False,none
gbefefji-1,TMA00315,False,False,False,none
gbefjbfa-1,TMA00315,False,False,False,none
gbegfdnd-1,TMA00315,False,False,False,none
gbejceca-1,TMA00315,False,False,False,none
gbejnbbb-1,TMA00315,False,False,False,none
gbepmifa-1,TMA00315,False,False,False,none
gbfbkpgj-1,TMA00315,False,False,False,none
gbfbobfc-1,TMA00315,False,False,False,none
gbfbooph-1,TMA00315,False,False,False,none
gbfebifj-1,TMA00315,False,False,False,none
gbfekbef-1,TMA00315,False,False,False,none
gbfkhjnb-1,TMA00315,False,False,False,none
gbfleadh-1,TMA00315,False,False,False,none
gbfmbljp-1,TMA00315,False,False,False,none
gbfnfojl-1,TMA00315,False,False,False,none
gbfpogph-1,TMA00315,False,False,False,none
gbgbicdd-1,TMA00315,False,False,False,none
gbgcglpg-1,TMA00315,False,False,False,none
gbgdhjmd-1,TMA00315,False,False,False,none
gbgdoalc-1,TMA00315,False,False,False,none
gbgeklih-1,TMA00315,False,False,False,none
gbglfgbd-1,TMA00315,False,False,False,none
gbgmicmg-1,TMA00315,False,False,False,none
gbgmkeog-1,TMA00315,False,False,False,none
gbgnkemn-1,TMA00315,False,False,False,none
gbgobmcc-1,TMA00315,False,False,False,none
gbhakkfm-1,TMA00315,False,False,False,none
gbhddlao-1,TMA00315,False,False,False,none
gbhdkhmg-1,TMA00315,False,False,False,none
gbhedbae-1,TMA00315,False,False,False,none
gbhfefip-1,TMA00315,False,False,False,none
gbhhelai-1,TMA00315,False,False,False,none
gbhmmalg-1,TMA00315,False,False,False,none
gbhmphel-1,TMA00315,False,False,False,none
gbhncgga-1,TMA00315,False,False,False,none
gbiachok-1,TMA00315,False,False,False,none
gbieiofm-1,TMA00315,False,False,False,none
gbiemfkk-1,TMA00315,False,False,False,none
gbijgjpl-1,TMA00315,False,False,False,none
gbinfojg-1,TMA00315,False,False,False,none
gbinmlhc-1,TMA00315,False,False,False,none
gbjcoekn-1,TMA00315,False,False,False,none
gbjhdogp-1,TMA00315,False,False,False,none
gbjldian-1,TMA00315,False,False,False,none
gbjlijka-1,TMA00315,False,False,False,none
gbkagenl-1,TMA00315,False,False,False,none
gbkamnih-1,TMA00315,False,False,False,none
gbkkiacd-1,TMA00315,False,False,False,none
gbklendl-1,TMA00315,False,False,False,none
gbknpfjl-1,TMA00315,False,False,False,none
gbkpjnpg-1,TMA00315,False,False,False,none
gblchbop-1,TMA00315,False,False,False,none
gblelblc-1,TMA00315,False,False,False,none
gbljejdo-1,TMA00315,False,False,False,none
gblknkca-1,TMA00315,False,False,False,none
gbllggff-1,TMA00315,False,False,False,none
gblmblic-1,TMA00315,False,False,False,none
gblpimkn-1,TMA00315,False,False,False,none
gbmcbdla-1,TMA00315,False,False,False,none
gbmcplkd-1,TMA00315,False,False,False,none
gbmdhkhk-1,TMA00315,False,False,False,none
gbmflfmj-1,TMA00315,False,False,False,none
gbmnkagn-1,TMA00315,False,False,False,none
gbmnmhme-1,TMA00315,False,False,False,none
gbmofmkl-1,TMA00315,False,False,False,none
gbnadglb-1,TMA00315,False,False,False,none
gbnaiogl-1,TMA00315,False,False,False,none
gbnakgjj-1,TMA00315,False,False,False,none
gbneiapl-1,TMA00315,False,False,False,none
gbnfhlpi-1,TMA00315,False,False,False,none
gbnhapjk-1,TMA00315,False,False,False,none
gbnibggp-1,TMA00315,False,False,False,none
gbnkgkon-1,TMA00315,False,False,False,none
gbolajjc-1,TMA00315,False,False,False,none
gbopepnb-1,TMA00315,False,False,False,none
gboplnkb-1,TMA00315,False,False,False,none
gbpaenkp-1,TMA00315,False,False,False,none
gbpcicpf-1,TMA00315,False,False,False,none
gbpenocj-1,TMA00315,False,False,False,none
gbpffgpe-1,TMA00315,False,False,False,none
gbpidkej-1,TMA00315,False,False,False,none
gbpjldhh-1,TMA00315,False,False,False,none
gbplaapa-1,TMA00315,False,False,False,none
gbpndbbh-1,TMA00315,False,False,False,none
gbpnhkla-1,TMA00315,False,False,False,none
gbpnolop-1,TMA00315,False,False,False,none
gbpoddhh-1,TMA00315,False,False,False,none
gcaapbke-1,TMA00315,False,False,False,none
gcaeoeeo-1,TMA00315,False,False,False,none
gcagmfeg-1,TMA00315,False,False,False,none
gcahmjjp-1,TMA00315,False,False,False,none
gcaimajc-1,TMA00315,False,False,False,none
gcaipaol-1,TMA00315,False,False,False,none
gcanjohc-1,TMA00315,False,False,False,none
gcbbabco-1,TMA00315,False,False,False,none
gcbddfmf-1,TMA00315,False,False,False,none
gcbeomoi-1,TMA00315,False,False,False,none
gcbmopen-1,TMA00315,False,False,False,none
gcbolnnb-1,TMA00315,False,False,False,none
gccclnjf-1,TMA00315,False,False,False,none
gcchkifo-1,TMA00315,False,False,False,none
gccjcdja-1,TMA00315,False,False,False,none
gccleplm-1,TMA00315,False,False,False,none
gcclhldm-1,TMA00315,False,False,False,none
gccoiaik-1,TMA00315,False,False,False,none
gcdbaeif-1,TMA00315,False,False,False,none
gcdfeeha-1,TMA00315,False,False,False,none
gcdgjboh-1,TMA00315,False,False,False,none
gcdikdgm-1,TMA00315,False,False,False,none
gcdipbhd-1,TMA00315,False,False,False,none
gcdjnaca-1,TMA00315,False,False,False,none
gcdmplib-1,TMA00315,False,False,False,none
gcdpafod-1,TMA00315,False,False,False,none
gcebjgpa-1,TMA00315,False,False,False,none
gcecdahh-1,TMA00315,False,False,False,none
gcejiojp-1,TMA00315,False,False,False,none
gcekdplm-1,TMA00315,False,False,False,none
gcenfkje-1,TMA00315,False,False,False,none
gcenjfah-1,TMA00315,False,False,False,none
gcepepmj-1,TMA00315,False,False,False,none
gcfbknig-1,TMA00315,False,False,False,none
gcfdgnfm-1,TMA00315,False,False,False,none
gcfhnbde-1,TMA00315,False,False,False,none
gcfjealm-1,TMA00315,False,False,False,none
gcfkfchf-1,TMA00315,False,False,False,none
gcfkpbbk-1,TMA00315,False,False,False,none
gcgangij-1,TMA00315,False,False,False,none
gcgeiibf-1,TMA00315,False,False,False,none
gcghbgdd-1,TMA00315,False,False,False,none
gcgibfma-1,TMA00315,False,False,False,none
gcginjna-1,TMA00315,False,False,False,none
gcgljnag-1,TMA00315,False,False,False,none
gcgohkoo-1,TMA00315,False,False,False,none
gcgpfmjc-1,TMA00315,False,False,False,none
gcgpkcdn-1,TMA00315,False,False,False,none
gchbgfca-1,TMA00315,False,False,False,none
gchcgncn-1,TMA00315,False,False,False,none
gchcledh-1,TMA00315,False,False,False,none
gchfmiki-1,TMA00315,False,False,False,none
gchiljjm-1,TMA00315,False,False,False,none
gchlmlcc-1,TMA00315,False,False,False,none
gchoggpd-1,TMA00315,False,False,False,none
gciaanli-1,TMA00315,False,False,False,none
gcidlnfd-1,TMA00315,False,False,False,none
gciifnbg-1,TMA00315,False,False,False,none
gciiimdh-1,TMA00315,False,False,False,none
gcijhnhj-1,TMA00315,False,False,False,none
gcijjijg-1,TMA00315,False,False,False,none
gcjblclk-1,TMA00315,False,False,False,none
gcjcahko-1,TMA00315,False,False,False,none
gcjcmamj-1,TMA00315,False,False,False,none
gcjgdlae-1,TMA00315,False,False,False,none
gcjjogjk-1,TMA00315,False,False,False,none
gcjkdelg-1,TMA00315,False,False,False,none
gcjklijf-1,TMA00315,False,False,False,none
gcjkolcl-1,TMA00315,False,False,False,none
gcjnpepd-1,TMA00315,False,False,False,none
gckdajol-1,TMA00315,False,False,False,none
gckfonek-1,TMA00315,False,False,False,none
gckhdmdn-1,TMA00315,False,False,False,none
gckicfmg-1,TMA00315,False,False,False,none
gckjbpoc-1,TMA00315,False,False,False,none
gcledaop-1,TMA00315,False,False,False,none
gclfoiai-1,TMA00315,False,False,False,none
gclicdho-1,TMA00315,False,False,False,none
gclkcnek-1,TMA00315,False,False,False,none
gclmhjob-1,TMA00315,False,False,False,none
gclnflbh-1,TMA00315,False,False,False,none
gcloedoi-1,TMA00315,False,False,False,none
gclojncj-1,TMA00315,False,False,False,none
gcmdmdoa-1,TMA00315,False,False,False,none
gcmgeege-1,TMA00315,False,False,False,none
gcmhhmlc-1,TMA00315,False,False,False,none
gcmmdbok-1,TMA00315,False,False,False,none
gcmmohdp-1,TMA00315,False,False,False,none
gcmnncbf-1,TMA00315,False,False,False,none
gcneeegk-1,TMA00315,False,False,False,none
gcnfbmgb-1,TMA00315,False,False,False,none
gcngdkna-1,TMA00315,False,False,False,none
gcnkdgko-1,TMA00315,False,False,False,none
gcobkoim-1,TMA00315,False,False,False,none
gcpefghh-1,TMA00315,False,False,False,none
gcplhpkp-1,TMA00315,False,False,False,none
gdagdefi-1,TMA00315,False,False,False,none
gdagnhhg-1,TMA00315,False,False,False,none
gdahmlib-1,TMA00315,False,False,False,none
gdaobnaj-1,TMA00315,False,False,False,none
gdbjiinp-1,TMA00315,False,False,False,none
gdbjnjkc-1,TMA00315,False,False,False,none
gdbkmedn-1,TMA00315,False,False,False,none
gdcefpem-1,TMA00315,False,False,False,none
gdceikkl-1,TMA00315,False,False,False,none
gdcknbdi-1,TMA00315,False,False,False,none
gdcojfie-1,TMA00315,False,False,False,none
gddenkci-1,TMA00315,False,False,False,none
gddfjpka-1,TMA00315,False,False,False,none
gddgjdoj-1,TMA00315,False,False,False,none
gddjmglh-1,TMA00315,False,False,False,none
gddkfhef-1,TMA00315,False,False,False,none
gddlnobd-1,TMA00315,False,False,False,none
gddnfmbl-1,TMA00315,False,False,False,none
gddnmkfg-1,TMA00315,False,False,False,none
gddnmpap-1,TMA00315,False,False,False,none
gdecbmio-1,TMA00315,False,False,False,none
gdekmlib-1,TMA00315,False,False,False,none
gdelcjek-1,TMA00315,False,False,False,none
gdelnbhl-1,TMA00315,False,False,False,none
gdemblhn-1,TMA00315,False,False,False,none
gdemmmci-1,TMA00315,False,False,False,none
gdenmjof-1,TMA00315,False,False,False,none
gdenohcg-1,TMA00315,False,False,False,none
gdepdmlb-1,TMA00315,False,False,False,none
gdepklkn-1,TMA00315,False,False,False,none
gdfbehfn-1,TMA00315,False,False,False,none
gdfdcehe-1,TMA00315,False,False,False,none
gdfgekml-1,TMA00315,False,False,False,none
gdfonidf-1,TMA00315,False,False,False,none
gdfopmdb-1,TMA00315,False,False,False,none
gdgbdllo-1,TMA00315,False,False,False,none
gdgbjbjl-1,TMA00315,False,False,False,none
gdgpgoda-1,TMA00315,False,False,False,none
gdhbjbhj-1,TMA00315,False,False,False,none
gdhhmpil-1,TMA00315,False,False,False,none
gdhjdbjo-1,TMA00315,False,False,False,none
gdhkfpdh-1,TMA00315,False,False,False,none
gdhmjafo-1,TMA00315,False,False,False,none
gdhnomoi-1,TMA00315,False,False,False,none
gdibfhfe-1,TMA00315,False,False,False,none
gdibnkkg-1,TMA00315,False,False,False,none
gdigbdol-1,TMA00315,False,False,False,none
gdipdeno-1,TMA00315,False,False,False,none
gdjclihh-1,TMA00315,False,False,False,none
gdjdjnbn-1,TMA00315,False,False,False,none
gdjghcgm-1,TMA00315,False,False,False,none
gdjhfpok-1,TMA00315,False,False,False,none
gdjilnbm-1,TMA00315,False,False,False,none
gdjjodgj-1,TMA00315,False,False,False,none
gdjlfkfg-1,TMA00315,False,False,False,none
gdjncjjc-1,TMA00315,False,False,False,none
gdkdhhgh-1,TMA00315,False,False,False,none
gdkfacge-1,TMA00315,False,False,False,none
gdkgdcpk-1,TMA00315,False,False,False,none
gdkipaii-1,TMA00315,False,False,False,none
gdklnojg-1,TMA00315,False,False,False,none
gdkobohm-1,TMA00315,False,False,False,none
gdkolckd-1,TMA00315,False,False,False,none
gdlfdona-1,TMA00315,False,False,False,none
gdlfikmg-1,TMA00315,False,False,False,none
gdlhiohf-1,TMA00315,False,False,False,none
gdlipgki-1,TMA00315,False,False,False,none
gdljdokf-1,TMA00315,False,False,False,none
gdlkeaja-1,TMA00315,False,False,False,none
gdlmldmh-1,TMA00315,False,False,False,none
gdlnjbck-1,TMA00315,False,False,False,none
gdlnjnkc-1,TMA00315,False,False,False,none
gdloljfj-1,TMA00315,False,False,False,none
gdmakjfi-1,TMA00315,False,False,False,none
gdmegami-1,TMA00315,False,False,False,none
gdmgnocp-1,TMA00315,False,False,False,none
gdmhjlei-1,TMA00315,False,False,False,none
gdmibkja-1,TMA00315,False,False,False,none
gdmicooa-1,TMA00315,False,False,False,none
gdnbdcpn-1,TMA00315,False,False,False,none
gdnfiakn-1,TMA00315,False,False,False,none
gdnilcog-1,TMA00315,False,False,False,none
gdnlhcco-1,TMA00315,False,False,False,none
gdnmpdel-1,TMA00315,False,False,False,none
gdnoknfb-1,TMA00315,False,False,False,none
gdoakngg-1,TMA00315,False,False,False,none
gdodikab-1,TMA00315,False,False,False,none
gdogbgbe-1,TMA00315,False,False,False,none
gdojofio-1,TMA00315,False,False,False,none
gdokpkea-1,TMA00315,False,False,False,none
gdolgdck-1,TMA00315,False,False,False,none
gdolggfp-1,TMA00315,False,False,False,none
gdoljhpm-1,TMA00315,False,False,False,none
gdomnmpg-1,TMA00315,False,False,False,none
gdoniogk-1,TMA00315,False,False,False,none
gdonoikc-1,TMA00315,False,False,False,none
gdpaifgb-1,TMA00315,False,False,False,none
gdpbfdhb-1,TMA00315,False,False,False,none
gdpbhhhl-1,TMA00315,False,False,False,none
gdpcigin-1,TMA00315,False,False,False,none
gdpdacll-1,TMA00315,False,False,False,none
gdpehkok-1,TMA00315,False,False,False,none
gdpfnnkm-1,TMA00315,False,False,False,none
geaekjbl-1,TMA00315,False,False,False,none
geaglnaf-1,TMA00315,False,False,False,none
gebaddkb-1,TMA00315,False,False,False,none
gebapbgm-1,TMA00315,False,False,False,none
gebchdln-1,TMA00315,False,False,False,none
gebdmcnp-1,TMA00315,False,False,False,none
gebfalce-1,TMA00315,False,False,False,none
gebggegf-1,TMA00315,False,False,False,none
gebjfmmc-1,TMA00315,False,False,False,none
gebkcecl-1,TMA00315,False,False,False,none
gebnkahc-1,TMA00315,False,False,False,none
gecaijho-1,TMA00315,False,False,False,none
geccdkcj-1,TMA00315,False,False,False,none
geccgena-1,TMA00315,False,False,False,none
gedhknpc-1,TMA00315,False,False,False,none
gedidehf-1,TMA00315,False,False,False,none
gedpbgoa-1,TMA00315,False,False,False,none
gedpohmd-1,TMA00315,False,False,False,none
geebhebb-1,TMA00315,False,False,False,none
geebofdh-1,TMA00315,False,False,False,none
geehgemp-1,TMA00315,False,False,False,none
geehlkfe-1,TMA00315,False,False,False,none
geeijmba-1,TMA00315,False,False,False,none
geelkmce-1,TMA00315,False,False,False,none
geemflif-1,TMA00315,False,False,False,none
geeplikm-1,TMA00315,False,False,False,none
gefbgahh-1,TMA00315,False,False,False,none
gefcgado-1,TMA00315,False,False,False,none
gefeajnh-1,TMA00315,False,False,False,none
gefehdjh-1,TMA00315,False,False,False,none
gefelchm-1,TMA00315,False,False,False,none
gefhbejb-1,TMA00315,False,False,False,none
gefhibjo-1,TMA00315,False,False,False,none
geficjgk-1,TMA00315,False,False,False,none
gefklpla-1,TMA00315,False,False,False,none
gefnkdnl-1,TMA00315,False,False,False,none
gegbphfe-1,TMA00315,False,False,False,none
gegkioph-1,TMA00315,False,False,False,none
gegnmlmh-1,TMA00315,False,False,False,none
gehakchd-1,TMA00315,False,False,False,none
gehblkcd-1,TMA00315,False,False,False,none
gehdcmmm-1,TMA00315,False,False,False,none
gehefiip-1,TMA00315,False,False,False,none
gehlamfj-1,TMA00315,False,False,False,none
gehlmnmd-1,TMA00315,False,False,False,none
gehlpknk-1,TMA00315,False,False,False,none
geiahhif-1,TMA00315,False,False,False,none
geicegei-1,TMA00315,False,False,False,none
geimmfhf-1,TMA00315,False,False,False,none
gejagfom-1,TMA00315,False,False,False,none
gejbojbh-1,TMA00315,False,False,False,none
gejcdfhe-1,TMA00315,False,False,False,none
gejnjdnj-1,TMA00315,False,False,False,none
gekdgiim-1,TMA00315,False,False,False,none
gekdimdc-1,TMA00315,False,False,False,none
gekeobed-1,TMA00315,False,False,False,none
gelcpedk-1,TMA00315,False,False,False,none
gelkdpho-1,TMA00315,False,False,False,none
gelmbgdn-1,TMA00315,False,False,False,none
genbcpnn-1,TMA00315,False,False,False,none
gencbhgd-1,TMA00315,False,False,False,none
gendckeb-1,TMA00315,False,False,False,none
genghddl-1,TMA00315,False,False,False,none
genhliil-1,TMA00315,False,False,False,none
geoadkpe-1,TMA00315,False,False,False,none
geoboppb-1,TMA00315,False,False,False,none
geognado-1,TMA00315,False,False,False,none
geoolgoi-1,TMA00315,False,False,False,none
geopojlh-1,TMA00315,False,False,False,none
gepameom-1,TMA00315,False,False,False,none
gepbolao-1,TMA00315,False,False,False,none
gepfjcok-1,TMA00315,False,False,False,none
gepjdhkm-1,TMA00315,False,False,False,none
gepjfkmh-1,TMA00315,False,False,False,none
gepjmoaf-1,TMA00315,False,False,False,none
gepmbohh-1,TMA00315,False,False,False,none
gepnkppl-1,TMA00315,False,False,False,none
gepoepmj-1,TMA00315,False,False,False,none
gepolpje-1,TMA00315,False,False,False,none
gfaaleme-1,TMA00315,False,False,False,none
gfadgcjj-1,TMA00315,False,False,False,none
gfaebmkd-1,TMA00315,False,False,False,none
gfahehpo-1,TMA00315,False,False,False,none
gfakffmc-1,TMA00315,False,False,False,none
gfakgehj-1,TMA00315,False,False,False,none
gfaoefcp-1,TMA00315,False,False,False,none
gfbadoja-1,TMA00315,False,False,False,none
gfbehgni-1,TMA00315,False,False,False,none
gfbleegl-1,TMA00315,False,False,False,none
gfbngaoi-1,TMA00315,False,False,False,none
gfcfbone-1,TMA00315,False,False,False,none
gfcfnnha-1,TMA00315,False,False,False,none
gfcigjod-1,TMA00315,False,False,False,none
gfclonmg-1,TMA00315,False,False,False,none
gfcpkhha-1,TMA00315,False,False,False,none
gfdbnkcb-1,TMA00315,False,False,False,none
gfdfnhpm-1,TMA00315,False,False,False,none
gfdhgeik-1,TMA00315,False,False,False,none
gfdjallo-1,TMA00315,False,False,False,none
gfdkogji-1,TMA00315,False,False,False,none
gfdnihlb-1,TMA00315,False,False,False,none
gfdnjjej-1,TMA00315,False,False,False,none
gfedhbah-1,TMA00315,False,False,False,none
gfeegedi-1,TMA00315,False,False,False,none
gfefaoob-1,TMA00315,False,False,False,none
gfeffhga-1,TMA00315,False,False,False,none
gfeinocn-1,TMA00315,False,False,False,none
gfenjinh-1,TMA00315,False,False,False,none
gfepgajo-1,TMA00315,False,False,False,none
gffcigdd-1,TMA00315,False,False,False,none
gffjanai-1,TMA00315,False,False,False,none
gffkkjga-1,TMA00315,False,False,False,none
gffmgiim-1,TMA00315,False,False,False,none
gfgbimkn-1,TMA00315,False,False,False,none
gfgblhno-1,TMA00315,False,False,False,none
gfgcpifl-1,TMA00315,False,False,False,none
gfgkpopk-1,TMA00315,False,False,False,none
gfgmlfmc-1,TMA00315,False,False,False,none
gfgpmgmf-1,TMA00315,False,False,False,none
gfhffclh-1,TMA00315,False,False,False,none
gfhficae-1,TMA00315,False,False,False,none
gfhnmcbm-1,TMA00315,False,False,False,none
gfiamiic-1,TMA00315,False,False,False,none
gfihloff-1,TMA00315,False,False,False,none
gfiipbkg-1,TMA00315,False,False,False,none
gfileebd-1,TMA00315,False,False,False,none
gfimalfo-1,TMA00315,False,False,False,none
gfiomafm-1,TMA00315,False,False,False,none
gfjajick-1,TMA00315,False,False,False,none
gfjbhoic-1,TMA00315,False,False,False,none
gfjfdbmd-1,TMA00315,False,False,False,none
gfjiepnm-1,TMA00315,False,False,False,none
gfjnjopg-1,TMA00315,False,False,False,none
gfjpoacm-1,TMA00315,False,False,False,none
gfkblmld-1,TMA00315,False,False,False,none
gfkhcima-1,TMA00315,False,False,False,none
gfkhihih-1,TMA00315,False,False,False,none
gfkkfhmo-1,TMA00315,False,False,False,none
gfkmkcma-1,TMA00315,False,False,False,none
gfkngffg-1,TMA00315,False,False,False,none
gflcdiii-1,TMA00315,False,False,False,none
gfldofff-1,TMA00315,False,False,False,none
gfldpcaa-1,TMA00315,False,False,False,none
gfljginf-1,TMA00315,False,False,False,none
gflpicna-1,TMA00315,False,False,False,none
gfmccoeb-1,TMA00315,False,False,False,none
gfmcgfeo-1,TMA00315,False,False,False,none
gfmdenie-1,TMA00315,False,False,False,none
gfmedhea-1,TMA00315,False,False,False,none
gfmgdmpj-1,TMA00315,False,False,False,none
gfmgnfhi-1,TMA00315,False,False,False,none
gfmipgef-1,TMA00315,False,False,False,none
gfnegpfo-1,TMA00315,False,False,False,none
gfnknhji-1,TMA00315,False,False,False,none
gfobgkmi-1,TMA00315,False,False,False,none
gfockgfo-1,TMA00315,False,False,False,none
gfodcjgp-1,TMA00315,False,False,False,none
gfolhnho-1,TMA00315,False,False,False,none
gfomjiid-1,TMA00315,False,False,False,none
gfonbcgf-1,TMA00315,False,False,False,none
gfonmpck-1,TMA00315,False,False,False,none
gfopkgph-1,TMA00315,False,False,False,none
gfpeimdi-1,TMA00315,False,False,False,none
gfpfbmec-1,TMA00315,False,False,False,none
gfpfdhke-1,TMA00315,False,False,False,none
gfpigdfo-1,TMA00315,False,False,False,none
gfpilble-1,TMA00315,False,False,False,none
gfpkmikm-1,TMA00315,False,False,False,none
gfppadkj-1,TMA00315,False,False,False,none
gfppnclk-1,TMA00315,False,False,False,none
ggajgokl-1,TMA00315,False,False,False,none
ggajlcgf-1,TMA00315,False,False,False,none
ggakllec-1,TMA00315,False,False,False,none
ggapgchg-1,TMA00315,False,False,False,none
ggbaiafo-1,TMA00315,False,False,False,none
ggbbcoen-1,TMA00315,False,False,False,none
ggbckoca-1,TMA00315,False,False,False,none
ggbeolek-1,TMA00315,False,False,False,none
ggbhkpam-1,TMA00315,False,False,False,none
ggbkgllc-1,TMA00315,False,False,False,none
ggbpcnnp-1,TMA00315,False,False,False,none
ggccaimh-1,TMA00315,False,False,False,none
ggcecama-1,TMA00315,False,False,False,none
ggcefkbe-1,TMA00315,False,False,False,none
ggdbfmac-1,TMA00315,False,False,False,none
ggdjofda-1,TMA00315,False,False,False,none
ggdkldkl-1,TMA00315,False,False,False,none
ggeaglhm-1,TMA00315,False,False,False,none
ggegappe-1,TMA00315,False,False,False,none
ggegmnfb-1,TMA00315,False,False,False,none
ggelggel-1,TMA00315,False,False,False,none
ggemgchd-1,TMA00315,False,False,False,none
ggenpccl-1,TMA00315,False,False,False,none
ggeppaom-1,TMA00315,False,False,False,none
ggfdapfm-1,TMA00315,False,False,False,none
ggfdemaf-1,TMA00315,False,False,False,none
ggfghaij-1,TMA00315,False,False,False,none
gggechkh-1,TMA00315,False,False,False,none
ggghaoki-1,TMA00315,False,False,False,none
gggipceg-1,TMA00315,False,False,False,none
gggkhafa-1,TMA00315,False,False,False,none
gggmaoec-1,TMA00315,False,False,False,none
gghaicii-1,TMA00315,False,False,False,none
gghancbg-1,TMA00315,False,False,False,none
gghdkejp-1,TMA00315,False,False,False,none
gghhnaja-1,TMA00315,False,False,False,none
ggidlbpm-1,TMA00315,False,False,False,none
ggiepoin-1,TMA00315,False,False,False,none
ggifkdee-1,TMA00315,False,False,False,none
ggihmclf-1,TMA00315,False,False,False,none
ggiplaej-1,TMA00315,False,False,False,none
ggjamknd-1,TMA00315,False,False,False,none
ggjdopno-1,TMA00315,False,False,False,none
ggjgdmog-1,TMA00315,False,False,False,none
ggjgilok-1,TMA00315,False,False,False,none
ggjmhlie-1,TMA00315,False,False,False,none
ggjomjni-1,TMA00315,False,False,False,none
ggjppolc-1,TMA00315,False,False,False,none
ggkdkiek-1,TMA00315,False,False,False,none
ggkeepoj-1,TMA00315,False,False,False,none
ggkjgmng-1,TMA00315,False,False,False,none
ggkjnmfg-1,TMA00315,False,False,False,none
ggkmcgoj-1,TMA00315,False,False,False,none
gglikcli-1,TMA00315,False,False,False,none
ggllhnna-1,TMA00315,False,False,False,none
gglmebje-1,TMA00315,False,False,False,none
gglngbfk-1,TMA00315,False,False,False,none
gglpjbim-1,TMA00315,False,False,False,none
gglpnbdf-1,TMA00315,False,False,False,none
ggmdlngk-1,TMA00315,False,False,False,none
ggmgbnbh-1,TMA00315,False,False,False,none
ggmhpgda-1,TMA00315,False,False,False,none
ggmjoedf-1,TMA00315,False,False,False,none
ggmknoga-1,TMA00315,False,False,False,none
ggmnhdlj-1,TMA00315,False,False,False,none
ggncfadm-1,TMA00315,False,False,False,none
ggngegcg-1,TMA00315,False,False,False,none
ggnhfdnc-1,TMA00315,False,False,False,none
ggnphfjp-1,TMA00315,False,False,False,none
ggokkmac-1,TMA00315,False,False,False,none
ggomempg-1,TMA00315,False,False,False,none
ggpbbneo-1,TMA00315,False,False,False,none
ggpclbfn-1,TMA00315,False,False,False,none
ggpechon-1,TMA00315,False,False,False,none
ggpkdhah-1,TMA00315,False,False,False,none
ghadmepm-1,TMA00315,False,False,False,none
ghagmjmo-1,TMA00315,False,False,False,none
ghahlofa-1,TMA00315,False,False,False,none
ghamgioo-1,TMA00315,False,False,False,none
ghbapkcp-1,TMA00315,False,False,False,none
ghbbfldp-1,TMA00315,False,False,False,none
ghbfgpak-1,TMA00315,False,False,False,none
ghbiaebd-1,TMA00315,False,False,False,none
ghbkeinp-1,TMA00315,False,False,False,none
ghbljlkb-1,TMA00315,False,False,False,none
ghbmpcoe-1,TMA00315,False,False,False,none
ghbnlblc-1,TMA00315,False,False,False,none
ghbohcmp-1,TMA00315,False,False,False,none
ghcgaeke-1,TMA00315,False,False,False,none
ghcicbpp-1,TMA00315,False,False,False,none
ghcnioac-1,TMA00315,False,False,False,none
ghdbjcdk-1,TMA00315,False,False,False,none
ghdfcheh-1,TMA00315,False,False,False,none
ghdjfnpo-1,TMA00315,False,False,False,none
ghdmbado-1,TMA00315,False,False,False,none
gheaanib-1,TMA00315,False,False,False,none
gheieejf-1,TMA00315,False,False,False,none
ghfjgmoe-1,TMA00315,False,False,False,none
ghfkelci-1,TMA00315,False,False,False,none
ghfkhaoo-1,TMA00315,False,False,False,none
ghfkncoi-1,TMA00315,False,False,False,none
ghfmgfoo-1,TMA00315,False,False,False,none
ghfogebm-1,TMA00315,False,False,False,none
ghfonaok-1,TMA00315,False,False,False,none
ghfonofd-1,TMA00315,False,False,False,none
ghgfiijc-1,TMA00315,False,False,False,none
ghgkjhbi-1,TMA00315,False,False,False,none
ghgpdbdj-1,TMA00315,False,False,False,none
ghijgdko-1,TMA00315,False,False,False,none
ghiondjl-1,TMA00315,False,False,False,none
ghjcechf-1,TMA00315,False,False,False,none
ghjhipck-1,TMA00315,False,False,False,none
gickdihj-1,TMA00315,False,False,False,none
gicnlpjf-1,TMA00315,False,False,False,none
gicnmabk-1,TMA00315,False,False,False,none
gidmckla-1,TMA00315,False,False,False,none
gidpaolh-1,TMA00315,False,False,False,none
gidpfbaj-1,TMA00315,False,False,False,none
gidpicmp-1,TMA00315,False,False,False,none
giegeefl-1,TMA00315,False,False,False,none
giehemdj-1,TMA00315,False,False,False,none
giehonnl-1,TMA00315,False,False,False,none
giekaffp-1,TMA00315,False,False,False,none
giempflb-1,TMA00315,False,False,False,none
gienlhma-1,TMA00315,False,False,False,none
gifaoblo-1,TMA00315,False,False,False,none
gifcdppb-1,TMA00315,False,False,False,none
gifebenm-1,TMA00315,False,False,False,none
gifhkcfg-1,TMA00315,False,False,False,none
gifiddho-1,TMA00315,False,False,False,none
gifjpdfl-1,TMA00315,False,False,False,none
gifkbogj-1,TMA00315,False,False,False,none
giflcohn-1,TMA00315,False,False,False,none
gifmcaah-1,TMA00315,False,False,False,none
gifolcbo-1,TMA00315,False,False,False,none
gifpoici-1,TMA00315,False,False,False,none
gigcindo-1,TMA00315,False,False,False,none
gigdikfe-1,TMA00315,False,False,False,none
gigelcgm-1,TMA00315,False,False,False,none
gigfbijk-1,TMA00315,False,False,False,none
gihiloen-1,TMA00315,False,False,False,none
gihjeodk-1,TMA00315,False,False,False,none
gihofnam-1,TMA00315,False,False,False,none
gihpgmap-1,TMA00315,False,False,False,none
giicmmpb-1,TMA00315,False,False,False,none
giighpfm-1,TMA00315,False,False,False,none
giihjfpm-1,TMA00315,False,False,False,none
giiipadl-1,TMA00315,False,False,False,none
giijgpah-1,TMA00315,False,False,False,none
giiloael-1,TMA00315,False,False,False,none
giimpmfg-1,TMA00315,False,False,False,none
giippcpd-1,TMA00315,False,False,False,none
gijddbof-1,TMA00315,False,False,False,none
gijgcchb-1,TMA00315,False,False,False,none
gijjimgm-1,TMA00315,False,False,False,none
gijlapbe-1,TMA00315,False,False,False,none
gijmomlj-1,TMA00315,False,False,False,none
gijpndip-1,TMA00315,False,False,False,none
gikianoo-1,TMA00315,False,False,False,none
gikmjpod-1,TMA00315,False,False,False,none
gikmnhpj-1,TMA00315,False,False,False,none
gildfjfe-1,TMA00315,False,False,False,none
gildlgda-1,TMA00315,False,False,False,none
gilfpgpc-1,TMA00315,False,False,False,none
gilhmbjf-1,TMA00315,False,False,False,none
giliblgg-1,TMA00315,False,False,False,none
gilliloc-1,TMA00315,False,False,False,none
gilmbhlm-1,TMA00315,False,False,False,none
gilmjibi-1,TMA00315,False,False,False,none
gilmlmfm-1,TMA00315,False,False,False,none
gilpknnk-1,TMA00315,False,False,False,none
gimbeebn-1,TMA00315,False,False,False,none
gimcifjj-1,TMA00315,False,False,False,none
gimlflig-1,TMA00315,False,False,False,none
gimloonp-1,TMA00315,False,False,False,none
ginipean-1,TMA00315,False,False,False,none
ginjndod-1,TMA00315,False,False,False,none
ginmcdgb-1,TMA00315,False,False,False,none
ginnknfi-1,TMA00315,False,False,False,none
gioaoafn-1,TMA00315,False,False,False,none
giodbabp-1,TMA00315,False,False,False,none
giofbnjn-1,TMA00315,False,False,False,none
giolgaee-1,TMA00315,False,False,False,none
giomnlck-1,TMA00315,False,False,False,none
gippihpj-1,TMA00315,False,False,False,none
gjaaddnm-1,TMA00315,False,False,False,none
gjabadpj-1,TMA00315,False,False,False,none
gjaboolg-1,TMA00315,False,False,False,none
gjahgdac-1,TMA00315,False,False,False,none
gjbajecn-1,TMA00315,False,False,False,none
gjbeanhh-1,TMA00315,False,False,False,none
gjbfponc-1,TMA00315,False,False,False,none
gjbhemjk-1,TMA00315,False,False,False,none
gjbjibdk-1,TMA00315,False,False,False,none
gjbjoiec-1,TMA00315,False,False,False,none
gjbmlbgl-1,TMA00315,False,False,False,none
gjbmpbnb-1,TMA00315,False,False,False,none
gjcfmfbk-1,TMA00315,False,False,False,none
gjcjlejf-1,TMA00315,False,False,False,none
gjdcmami-1,TMA00315,False,False,False,none
gjdcppch-1,TMA00315,False,False,False,none
gjdekepm-1,TMA00315,False,False,False,none
gjdncoeo-1,TMA00315,False,False,False,none
gjdnjmna-1,TMA00315,False,False,False,none
gjdpgkie-1,TMA00315,False,False,False,none
gjedkanf-1,TMA00315,False,False,False,none
gjehiejj-1,TMA00315,False,False,False,none
gjenjgpn-1,TMA00315,False,False,False,none
gjfannik-1,TMA00315,False,False,False,none
gjfbcnil-1,TMA00315,False,False,False,none
gjflpako-1,TMA00315,False,False,False,none
gjfnapgb-1,TMA00315,False,False,False,none
gjfnpbhe-1,TMA00315,False,False,False,none
gjfpeapi-1,TMA00315,False,False,False,none
gjgbbmke-1,TMA00315,False,False,False,none
gjgdbkdo-1,TMA00315,False,False,False,none
gjgijhfi-1,TMA00315,False,False,False,none
gjheekem-1,TMA00315,False,False,False,none
gjheghkh-1,TMA00315,False,False,False,none
gjhfeebg-1,TMA00315,False,False,False,none
gjhhnhae-1,TMA00315,False,False,False,none
gjhkmgfe-1,TMA00315,False,False,False,none
gjinbkec-1,TMA00315,False,False,False,none
gjinbkee-1,TMA00315,False,False,False,none
gjiphabc-1,TMA00315,False,False,False,none
gjipnhke-1,TMA00315,False,False,False,none
gjjabjdh-1,TMA00315,False,False,False,none
gjjgfgkh-1,TMA00315,False,False,False,none
gjjipdnn-1,TMA00315,False,False,False,none
gjkelegp-1,TMA00315,False,False,False,none
gjkenbfg-1,TMA00315,False,False,False,none
gjkibeij-1,TMA00315,False,False,False,none
gjkimcoj-1,TMA00315,False,False,False,none
gjkinfgm-1,TMA00315,False,False,False,none
gjklhgbg-1,TMA00315,False,False,False,none
gjkllkjp-1,TMA00315,False,False,False,none
gjllkkan-1,TMA00315,False,False,False,none
gjlnckjn-1,TMA00315,False,False,False,none
gjlogpjm-1,TMA00315,False,False,False,none
gjmakmoa-1,TMA00315,False,False,False,none
gjmdbfnj-1,TMA00315,False,False,False,none
gjmgiiii-1,TMA00315,False,False,False,none
gjmgjnln-1,TMA00315,False,False,False,none
gjmklbjb-1,TMA00315,False,False,False,none
gjmoehma-1,TMA00315,False,False,False,none
gjmojfap-1,TMA00315,False,False,False,none
gjmpdlbb-1,TMA00315,False,False,False,none
gjmpkbnl-1,TMA00315,False,False,False,none
gjnakejo-1,TMA00315,False,False,False,none
gjncjmmp-1,TMA00315,False,False,False,none
gjngbolo-1,TMA00315,False,False,False,none
gjoadlnd-1,TMA00315,False,False,False,none
gjodccca-1,TMA00315,False,False,False,none
gjodgeii-1,TMA00315,False,False,False,none
gjoeeojf-1,TMA00315,False,False,False,none
gjogojio-1,TMA00315,False,False,False,none
gjoifnfk-1,TMA00315,False,False,False,none
gjopcpkj-1,TMA00315,False,False,False,none
gjpagona-1,TMA00315,False,False,False,none
gjpcagic-1,TMA00315,False,False,False,none
gjplfcfd-1,TMA00315,False,False,False,none
gjplfhbe-1,TMA00315,False,False,False,none
gjponkgp-1,TMA00315,False,False,False,none
gkaahena-1,TMA00315,False,False,False,none
gkalnhif-1,TMA00315,False,False,False,none
gkalpmgi-1,TMA00315,False,False,False,none
gkbinkee-1,TMA00315,False,False,False,none
gkcajlno-1,TMA00315,False,False,False,none
gkcgfdcg-1,TMA00315,False,False,False,none
gkcgkcae-1,TMA00315,False,False,False,none
gkcigmci-1,TMA00315,False,False,False,none
gkcjdbgm-1,TMA00315,False,False,False,none
gkcjjlbh-1,TMA00315,False,False,False,none
gkcjkpga-1,TMA00315,False,False,False,none
gkckdgpb-1,TMA00315,False,False,False,none
gkclmhfh-1,TMA00315,False,False,False,none
gkcoghce-1,TMA00315,False,False,False,none
gkdedfnc-1,TMA00315,False,False,False,none
gkdhidin-1,TMA00315,False,False,False,none
gkdmiomh-1,TMA00315,False,False,False,none
gkdnchip-1,TMA00315,False,False,False,none
gkdpdgjo-1,TMA00315,False,False,False,none
gkebhggp-1,TMA00315,False,False,False,none
gkedaiaj-1,TMA00315,False,False,False,none
gkeeojng-1,TMA00315,False,False,False,none
gkegclhg-1,TMA00315,False,False,False,none
gkekcaoc-1,TMA00315,False,False,False,none
gkeoiaoa-1,TMA00315,False,False,False,none
gkepbhnh-1,TMA00315,False,False,False,none
gkffebnl-1,TMA00315,False,False,False,none
gkfkmeim-1,TMA00315,False,False,False,none
gkfkndhh-1,TMA00315,False,False,False,none
gkflkpih-1,TMA00315,False,False,False,none
gkgfbege-1,TMA00315,False,False,False,none
gkgfbmph-1,TMA00315,False,False,False,none
gkghekhe-1,TMA00315,False,False,False,none
gkgikldo-1,TMA00315,False,False,False,none
gkglkhlo-1,TMA00315,False,False,False,none
gkgnkkaf-1,TMA00315,False,False,False,none
gkhajjek-1,TMA00315,False,False,False,none
gkhglbnf-1,TMA00315,False,False,False,none
gkhgpeag-1,TMA00315,False,False,False,none
gkhljogc-1,TMA00315,False,False,False,none
gkhlolgg-1,TMA00315,False,False,False,none
gkhnapna-1,TMA00315,False,False,False,none
gkhonhoo-1,TMA00315,False,False,False,none
gkiahnjj-1,TMA00315,False,False,False,none
gkidoein-1,TMA00315,False,False,False,none
gkifofnn-1,TMA00315,False,False,False,none
gkigpdll-1,TMA00315,False,False,False,none
gkjcfakj-1,TMA00315,False,False,False,none
gkjdlkck-1,TMA00315,False,False,False,none
gkjghefo-1,TMA00315,False,False,False,none
gkjhmgog-1,TMA00315,False,False,False,none
gkjkcllp-1,TMA00315,False,False,False,none
gkjkhemc-1,TMA00315,False,False,False,none
gkjlhehf-1,TMA00315,False,False,False,none
gkjnioam-1,TMA00315,False,False,False,none
gkkemjmn-1,TMA00315,False,False,False,none
gkkfmpfa-1,TMA00315,False,False,False,none
gkkkiege-1,TMA00315,False,False,False,none
gkkldcgg-1,TMA00315,False,False,False,none
gkklfhfl-1,TMA00315,False,False,False,none
gkknnpkd-1,TMA00315,False,False,False,none
gkkolddb-1,TMA00315,False,False,False,none
gklaaong-1,TMA00315,False,False,False,none
gklghgbe-1,TMA00315,False,False,False,none
gklijohb-1,TMA00315,False,False,False,none
gklkbcfa-1,TMA00315,False,False,False,none
gklkjdmf-1,TMA00315,False,False,False,none
gkllhpof-1,TMA00315,False,False,False,none
gklnlkcn-1,TMA00315,False,False,False,none
gkmadplj-1,TMA00315,False,False,False,none
gkmalonp-1,TMA00315,False,False,False,none
gkmaocem-1,TMA00315,False,False,False,none
gkmbeeoc-1,TMA00315,False,False,False,none
gkmcahfd-1,TMA00315,False,False,False,none
gknapefp-1,TMA00315,False,False,False,none
gkneigeo-1,TMA00315,False,False,False,none
gknelfne-1,TMA00315,False,False,False,none
gknfiffe-1,TMA00315,False,False,False,none
gkngcagh-1,TMA00315,False,True,False,dTomato_Seq2_hi
gkninfif-1,TMA00315,False,False,False,none
gknmhebb-1,TMA00315,False,False,False,none
gknopfgl-1,TMA00315,False,False,False,none
gkodibol-1,TMA00315,False,False,False,none
gkoficpi-1,TMA00315,False,False,False,none
gkojicmn-1,TMA00315,False,False,False,none
gkoolcbb-1,TMA00315,False,False,False,none
gkpbbhjm-1,TMA00315,False,False,False,none
gkpflbef-1,TMA00315,False,False,False,none
gkpgajfk-1,TMA00315,False,False,False,none
gkpgfaga-1,TMA00315,False,False,False,none
gkpodlgg-1,TMA00315,False,False,False,none
gkppjgjl-1,TMA00315,False,False,False,none
gkppppoa-1,TMA00315,False,False,False,none
glaagegb-1,TMA00315,False,False,False,none
gladpfeb-1,TMA00315,False,False,False,none
glaedjen-1,TMA00315,False,False,False,none
glaihfen-1,TMA00315,False,False,False,none
glakhmjd-1,TMA00315,False,False,False,none
glalgmba-1,TMA00315,False,False,False,none
glammaom-1,TMA00315,False,False,False,none
glapddfl-1,TMA00315,False,False,False,none
glbblick-1,TMA00315,False,False,False,none
glbdjieb-1,TMA00315,False,False,False,none
glbeabho-1,TMA00315,False,False,False,none
glbhomfo-1,TMA00315,False,False,False,none
glbndkfg-1,TMA00315,False,False,False,none
glbnidne-1,TMA00315,False,False,False,none
glbppnlh-1,TMA00315,False,False,False,none
glchjgok-1,TMA00315,False,False,False,none
glcmeeib-1,TMA00315,False,False,False,none
glcpmfgb-1,TMA00315,False,False,False,none
gldjemdj-1,TMA00315,False,False,False,none
gldmaiaa-1,TMA00315,False,False,False,none
gldolcoi-1,TMA00315,False,False,False,none
gldomhgd-1,TMA00315,False,False,False,none
gledfkep-1,TMA00315,False,False,False,none
gledjjjj-1,TMA00315,False,False,False,none
glepdljc-1,TMA00315,False,False,False,none
glfblcaf-1,TMA00315,False,False,False,none
glfbphho-1,TMA00315,False,False,False,none
glfccpll-1,TMA00315,False,False,False,none
glfdaeea-1,TMA00315,False,False,False,none
glfechld-1,TMA00315,False,False,False,none
glfhimlj-1,TMA00315,False,False,False,none
glflbdkn-1,TMA00315,False,False,False,none
glfnkkik-1,TMA00315,False,False,False,none
glgbnbhf-1,TMA00315,False,False,False,none
glgfaoah-1,TMA00315,False,False,False,none
glgiceoh-1,TMA00315,False,False,False,none
glgilmbj-1,TMA00315,False,False,False,none
glgimolg-1,TMA00315,False,False,False,none
glgjejjn-1,TMA00315,False,False,False,none
glgjmneh-1,TMA00315,False,False,False,none
glglhlpn-1,TMA00315,False,False,False,none
glgmpjai-1,TMA00315,False,False,False,none
glgojlim-1,TMA00315,False,False,False,none
glgomokc-1,TMA00315,False,False,False,none
glhcplcp-1,TMA00315,False,False,False,none
glhfakog-1,TMA00315,False,False,False,none
glhhnogn-1,TMA00315,False,False,False,none
glhillnb-1,TMA00315,False,False,False,none
glhjmbdn-1,TMA00315,False,False,False,none
glhmbhfk-1,TMA00315,False,False,False,none
glhmgfgo-1,TMA00315,False,False,False,none
glhmijea-1,TMA00315,False,False,False,none
glhnhbhh-1,TMA00315,False,False,False,none
gliidcep-1,TMA00315,False,False,False,none
gliladop-1,TMA00315,False,False,False,none
glimlbae-1,TMA00315,False,False,False,none
glingjjm-1,TMA00315,False,False,False,none
gljcljlh-1,TMA00315,False,False,False,none
gljdhhki-1,TMA00315,False,False,False,none
gljeabog-1,TMA00315,False,False,False,none
gljlndnj-1,TMA00315,False,False,False,none
gljlngbg-1,TMA00315,False,False,False,none
gljnpidc-1,TMA00315,False,False,False,none
gljpdgpc-1,TMA00315,False,False,False,none
glkadplo-1,TMA00315,False,False,False,none
glkbklnj-1,TMA00315,False,False,False,none
glkgmohi-1,TMA00315,False,False,False,none
glkhhfpg-1,TMA00315,False,False,False,none
glkhinfd-1,TMA00315,False,False,False,none
glkjdijh-1,TMA00315,False,False,False,none
glkkdjji-1,TMA00315,False,False,False,none
glkkdkhm-1,TMA00315,False,False,False,none
glkoejpn-1,TMA00315,False,False,False,none
glkphhfh-1,TMA00315,False,False,False,none
glkpknbn-1,TMA00315,False,False,False,none
gllaldci-1,TMA00315,False,False,False,none
gllcjeop-1,TMA00315,False,False,False,none
glljcijh-1,TMA00315,False,False,False,none
gllnfgcc-1,TMA00315,False,False,False,none
glmhdmfl-1,TMA00315,False,False,False,none
glmkhgmd-1,TMA00315,False,False,False,none
glmlofef-1,TMA00315,False,False,False,none
glmmmbem-1,TMA00315,False,False,False,none
glmnicpl-1,TMA00315,False,False,False,none
glnaidlm-1,TMA00315,False,False,False,none
glngfgjg-1,TMA00315,False,False,False,none
glngmago-1,TMA00315,False,False,False,none
glnhdmfi-1,TMA00315,False,False,False,none
glnkcgin-1,TMA00315,False,False,False,none
glnmbbmc-1,TMA00315,False,False,False,none
globhdlg-1,TMA00315,False,False,False,none
globljgd-1,TMA00315,False,False,False,none
globnifo-1,TMA00315,False,False,False,none
gloeingl-1,TMA00315,False,False,False,none
gloejfod-1,TMA00315,False,False,False,none
glohecah-1,TMA00315,False,False,False,none
gloibakg-1,TMA00315,False,False,False,none
glojbile-1,TMA00315,False,False,False,none
glokjeed-1,TMA00315,False,False,False,none
glokoegb-1,TMA00315,False,False,False,none
glolindo-1,TMA00315,False,False,False,none
glonklho-1,TMA00315,False,False,False,none
glonoefa-1,TMA00315,False,False,False,none
glonofka-1,TMA00315,False,False,False,none
glpbjeco-1,TMA00315,False,False,False,none
glpeabng-1,TMA00315,False,False,False,none
glpeaobd-1,TMA00315,False,False,False,none
glpiohnd-1,TMA00315,False,False,False,none
glpkolfh-1,TMA00315,False,False,False,none
glpnpmnm-1,TMA00315,False,False,False,none
gmaaldji-1,TMA00315,False,False,False,none
gmafbdec-1,TMA00315,False,False,False,none
gmafmplp-1,TMA00315,False,False,False,none
gmahhibo-1,TMA00315,False,False,False,none
gmaieohl-1,TMA00315,False,False,False,none
gmanbapk-1,TMA00315,False,False,False,none
gmapencp-1,TMA00315,False,False,False,none
gmapjcjc-1,TMA00315,False,False,False,none
gmbdnfna-1,TMA00315,False,False,False,none
gmbepome-1,TMA00315,False,False,False,none
gmbjpeck-1,TMA00315,False,False,False,none
gmccegeg-1,TMA00315,False,False,False,none
gmcfecdi-1,TMA00315,False,False,False,none
gmchdicd-1,TMA00315,False,False,False,none
gmcinnnp-1,TMA00315,False,False,False,none
gmclgjio-1,TMA00315,False,False,False,none
gmclicai-1,TMA00315,False,False,False,none
gmcodlhp-1,TMA00315,False,False,False,none
gmcpdfnh-1,TMA00315,False,False,False,none
gmdbmlpa-1,TMA00315,False,False,False,none
gmdboleg-1,TMA00315,False,False,False,none
gmdckjhn-1,TMA00315,False,False,False,none
gmddaodd-1,TMA00315,False,False,False,none
gmddfcml-1,TMA00315,False,False,False,none
gmddnkpm-1,TMA00315,False,False,False,none
gmdefkfm-1,TMA00315,False,False,False,none
gmdhmgeh-1,TMA00315,False,False,False,none
gmdhoncc-1,TMA00315,False,False,False,none
gmdhpnip-1,TMA00315,False,False,False,none
gmdjbenh-1,TMA00315,False,False,False,none
gmdlalip-1,TMA00315,False,False,False,none
gmdlkjjj-1,TMA00315,False,False,False,none
gmdphdfe-1,TMA00315,False,False,False,none
gmebcffp-1,TMA00315,False,False,False,none
gmebfmoo-1,TMA00315,False,False,False,none
gmedldef-1,TMA00315,False,False,False,none
gmeichgp-1,TMA00315,False,False,False,none
gmekchpa-1,TMA00315,False,False,False,none
gmekeokg-1,TMA00315,False,False,False,none
gmeoglmj-1,TMA00315,False,False,False,none
gmfahefn-1,TMA00315,False,False,False,none
gmfefdlj-1,TMA00315,False,False,False,none
gmfegpec-1,TMA00315,False,False,False,none
gmffocco-1,TMA00315,False,False,False,none
gmfjnifm-1,TMA00315,False,False,False,none
gmglejoj-1,TMA00315,False,False,False,none
gmgndmlh-1,TMA00315,False,False,False,none
gmgpcidk-1,TMA00315,False,False,False,none
gmhfbioo-1,TMA00315,False,False,False,none
gmhgapcm-1,TMA00315,False,False,False,none
gmhgdhkd-1,TMA00315,False,False,False,none
gmhhfolg-1,TMA00315,False,False,False,none
gmhhifhm-1,TMA00315,False,False,False,none
gmhmdbbh-1,TMA00315,False,False,False,none
gmibhmdn-1,TMA00315,False,False,False,none
gmiehkbb-1,TMA00315,False,False,False,none
gmiokdig-1,TMA00315,False,False,False,none
gmjchhek-1,TMA00315,False,False,False,none
gmjdmbnf-1,TMA00315,False,False,False,none
gmjfihhf-1,TMA00315,False,False,False,none
gmjldgml-1,TMA00315,False,False,False,none
gmjlilki-1,TMA00315,False,False,False,none
gmjmcajh-1,TMA00315,False,False,False,none
gmkbokkg-1,TMA00315,False,False,False,none
gmkjbdbi-1,TMA00315,False,False,False,none
gmkjniae-1,TMA00315,False,False,False,none
gmkjppaj-1,TMA00315,False,False,False,none
gmknmelf-1,TMA00315,False,False,False,none
gmlceibe-1,TMA00315,False,False,False,none
gmljbhim-1,TMA00315,False,False,False,none
gmllemld-1,TMA00315,False,False,False,none
gmlnjjmi-1,TMA00315,False,False,False,none
gmlpebpk-1,TMA00315,False,False,False,none
gmmaeknb-1,TMA00315,False,False,False,none
gmmagmgp-1,TMA00315,False,False,False,none
gmmanpla-1,TMA00315,False,False,False,none
gmmbljff-1,TMA00315,False,False,False,none
gmmdnedm-1,TMA00315,False,False,False,none
gmmebhja-1,TMA00315,False,False,False,none
gmmhkpck-1,TMA00315,False,False,False,none
gmmkflpc-1,TMA00315,False,False,False,none
gmmkiaba-1,TMA00315,False,False,False,none
gmnekmde-1,TMA00315,False,False,False,none
gmnfhmcd-1,TMA00315,False,False,False,none
gmnfpdke-1,TMA00315,False,False,False,none
gmnglcbo-1,TMA00315,False,False,False,none
gmnlijkb-1,TMA00315,False,False,False,none
gmnoggob-1,TMA00315,False,False,False,none
gmodfbdh-1,TMA00315,False,False,False,none
gmofdnfm-1,TMA00315,False,False,False,none
gmohfadp-1,TMA00315,False,False,False,none
gmokdikl-1,TMA00315,False,False,False,none
gmokjnhm-1,TMA00315,False,False,False,none
gmpajalm-1,TMA00315,False,False,False,none
gmpbbbll-1,TMA00315,False,False,False,none
gmpbgjfb-1,TMA00315,False,False,False,none
gmpchhjo-1,TMA00315,False,False,False,none
gmpdaplo-1,TMA00315,False,False,False,none
gmpdhead-1,TMA00315,False,False,False,none
gmpencgn-1,TMA00315,False,False,False,none
gmphgfdg-1,TMA00315,False,False,False,none
gmpipgop-1,TMA00315,False,False,False,none
gmpjebji-1,TMA00315,False,False,False,none
gnaakmbh-1,TMA00315,False,False,False,none
gnacbpdo-1,TMA00315,False,False,False,none
gnafihbl-1,TMA00315,False,False,False,none
gnahlabd-1,TMA00315,False,False,False,none
gnamgffo-1,TMA00315,False,False,False,none
gnanddjk-1,TMA00315,False,False,False,none
gnbaaani-1,TMA00315,False,False,False,none
gnbanlba-1,TMA00315,False,False,False,none
gnbbfjjj-1,TMA00315,False,False,False,none
gnbbhekd-1,TMA00315,False,False,False,none
gnbcdici-1,TMA00315,False,False,False,none
gnbeoacd-1,TMA00315,False,False,False,none
gnbfmeai-1,TMA00315,False,False,False,none
gnbhfgog-1,TMA00315,False,False,False,none
gnbibmch-1,TMA00315,False,False,False,none
gnbjahag-1,TMA00315,False,False,False,none
gnbjbble-1,TMA00315,False,False,False,none
gnbljcnj-1,TMA00315,False,False,False,none
gnblogep-1,TMA00315,False,False,False,none
gnbnamae-1,TMA00315,False,False,False,none
gnbphchk-1,TMA00315,False,False,False,none
gncdjpao-1,TMA00315,False,False,False,none
gncflbbp-1,TMA00315,False,False,False,none
gncgefbj-1,TMA00315,False,False,False,none
gncoaiih-1,TMA00315,False,False,False,none
gncolbdi-1,TMA00315,False,False,False,none
gncphkcd-1,TMA00315,False,False,False,none
gndaifpd-1,TMA00315,False,False,False,none
gndbebln-1,TMA00315,False,False,False,none
gndbicnf-1,TMA00315,False,False,False,none
gnddfeap-1,TMA00315,False,False,False,none
gndlkgnm-1,TMA00315,False,False,False,none
gndlkgpp-1,TMA00315,False,False,False,none
gndlodgl-1,TMA00315,False,False,False,none
gndmbjcc-1,TMA00315,False,False,False,none
gndmhnhh-1,TMA00315,False,False,False,none
gndmjcfe-1,TMA00315,False,False,False,none
gndnnbhm-1,TMA00315,False,False,False,none
gndockpo-1,TMA00315,False,False,False,none
gndohkmf-1,TMA00315,False,False,False,none
gneacacf-1,TMA00315,False,False,False,none
gnedgdoi-1,TMA00315,False,False,False,none
gnedilef-1,TMA00315,False,False,False,none
gnedkhkb-1,TMA00315,False,False,False,none
gnelcoim-1,TMA00315,False,False,False,none
gneobjkl-1,TMA00315,False,False,False,none
gnffaiah-1,TMA00315,False,False,False,none
gnffbolg-1,TMA00315,False,False,False,none
gnfhddif-1,TMA00315,False,False,False,none
gnfinnff-1,TMA00315,False,False,False,none
gnfoecjd-1,TMA00315,False,False,False,none
gnfokgbn-1,TMA00315,False,False,False,none
gnfpgbii-1,TMA00315,False,False,False,none
gnfphdac-1,TMA00315,False,False,False,none
gngcjebl-1,TMA00315,False,False,False,none
gngefenk-1,TMA00315,False,False,False,none
gngiajlp-1,TMA00315,False,False,False,none
gnhajdcf-1,TMA00315,False,False,False,none
gnhamige-1,TMA00315,False,False,False,none
gnhdkoda-1,TMA00315,False,False,False,none
gnhgooof-1,TMA00315,False,False,False,none
gnhhbdeo-1,TMA00315,False,False,False,none
gnhneomn-1,TMA00315,False,False,False,none
gnholffk-1,TMA00315,False,False,False,none
gnibbmck-1,TMA00315,False,False,False,none
gniggblf-1,TMA00315,False,False,False,none
gnjcljpi-1,TMA00315,False,False,False,none
gnjdhckl-1,TMA00315,False,False,False,none
gnjfjcnd-1,TMA00315,False,False,False,none
gnjglein-1,TMA00315,False,False,False,none
gnjhckmo-1,TMA00315,False,False,False,none
gnjkmbbj-1,TMA00315,False,False,False,none
gnjmclga-1,TMA00315,False,False,False,none
gnkjoglf-1,TMA00315,False,False,False,none
gnkomlgi-1,TMA00315,False,False,False,none
gnlbkgmg-1,TMA00315,False,False,False,none
gnleadlf-1,TMA00315,False,False,False,none
gnlhhhbc-1,TMA00315,False,False,False,none
gnljioof-1,TMA00315,False,False,False,none
gnlkjgce-1,TMA00315,False,False,False,none
gnlldjif-1,TMA00315,False,False,False,none
gnlmlhbd-1,TMA00315,False,False,False,none
gnlocfjp-1,TMA00315,False,False,False,none
gnmgenfo-1,TMA00315,False,False,False,none
gnmhpppa-1,TMA00315,False,False,False,none
gnmjcjdh-1,TMA00315,False,False,False,none
gnmjnjfl-1,TMA00315,False,False,False,none
gnmlclep-1,TMA00315,False,False,False,none
gnmlkaio-1,TMA00315,False,False,False,none
gnmlknki-1,TMA00315,False,False,False,none
gnmmheop-1,TMA00315,False,False,False,none
gnmmkpei-1,TMA00315,False,False,False,none
gnnclgnc-1,TMA00315,False,False,False,none
gnnhmgap-1,TMA00315,False,False,False,none
gnnkhjgo-1,TMA00315,False,False,False,none
gnnojbge-1,TMA00315,False,False,False,none
gnnokgcb-1,TMA00315,False,False,False,none
gnnpocda-1,TMA00315,False,False,False,none
gnoaagga-1,TMA00315,False,False,False,none
gnoeajbf-1,TMA00315,False,False,False,none
gnoepjce-1,TMA00315,False,False,False,none
gnofjahk-1,TMA00315,False,False,False,none
gnohakma-1,TMA00315,False,False,False,none
gnoikkho-1,TMA00315,False,False,False,none
gnojngak-1,TMA00315,False,False,False,none
gnooemki-1,TMA00315,False,False,False,none
gnopkhhj-1,TMA00315,False,False,False,none
gnpaipef-1,TMA00315,False,False,False,none
gnpcebdi-1,TMA00315,False,False,False,none
goabeoah-1,TMA00315,False,False,False,none
goajjoij-1,TMA00315,False,False,False,none
goalcjna-1,TMA00315,False,False,False,none
goanhnni-1,TMA00315,False,False,False,none
gobfmaeh-1,TMA00315,False,False,False,none
gobfohlg-1,TMA00315,False,False,False,none
gobidamc-1,TMA00315,False,False,False,none
gobkdegk-1,TMA00315,False,False,False,none
goblcbhg-1,TMA00315,False,False,False,none
gobncpgn-1,TMA00315,False,False,False,none
gocaliel-1,TMA00315,False,False,False,none
gocbcgig-1,TMA00315,False,False,False,none
gocbcnnj-1,TMA00315,False,False,False,none
gocbmfml-1,TMA00315,False,False,False,none
goccjggb-1,TMA00315,False,False,False,none
gocdejbj-1,TMA00315,False,False,False,none
gocfafkj-1,TMA00315,False,False,False,none
gocfnlkj-1,TMA00315,False,False,False,none
gociafla-1,TMA00315,False,False,False,none
goclcgai-1,TMA00315,False,False,False,none
godcocbf-1,TMA00315,False,False,False,none
godedaop-1,TMA00315,False,False,False,none
godegpkh-1,TMA00315,False,False,False,none
godinljp-1,TMA00315,False,False,False,none
godjhcnl-1,TMA00315,False,False,False,none
godkdgaj-1,TMA00315,False,False,False,none
godljfdb-1,TMA00315,False,False,False,none
godlooaj-1,TMA00315,False,False,False,none
godmeejf-1,TMA00315,False,False,False,none
godogpho-1,TMA00315,False,False,False,none
godpgopp-1,TMA00315,False,False,False,none
goeaaijb-1,TMA00315,False,False,False,none
goeamnni-1,TMA00315,False,False,False,none
goecbmec-1,TMA00315,False,False,False,none
goecjhnh-1,TMA00315,False,False,False,none
goedbdbm-1,TMA00315,False,False,False,none
goeembah-1,TMA00315,False,False,False,none
goeeoigc-1,TMA00315,False,False,False,none
goegoael-1,TMA00315,False,False,False,none
goeifofn-1,TMA00315,False,False,False,none
goemgejp-1,TMA00315,False,False,False,none
goeojoip-1,TMA00315,False,False,False,none
gofbdnld-1,TMA00315,False,False,False,none
gofdoekb-1,TMA00315,False,False,False,none
gofggbnp-1,TMA00315,False,False,False,none
gofmgmed-1,TMA00315,False,False,False,none
gofmjopg-1,TMA00315,False,False,False,none
gofncnah-1,TMA00315,False,False,False,none
gofokekg-1,TMA00315,False,False,False,none
gogaadle-1,TMA00315,False,False,False,none
gogahafj-1,TMA00315,False,False,False,none
gogeknfn-1,TMA00315,False,False,False,none
gogfamii-1,TMA00315,False,False,False,none
gogfmpam-1,TMA00315,False,False,False,none
gogganpn-1,TMA00315,False,False,False,none
gogjmfmj-1,TMA00315,False,False,False,none
gogkaind-1,TMA00315,False,False,False,none
gogkfaio-1,TMA00315,False,False,False,none
gogochga-1,TMA00315,False,False,False,none
gohbhaeb-1,TMA00315,False,False,False,none
gohcpimm-1,TMA00315,False,False,False,none
gohknffk-1,TMA00315,False,False,False,none
gohmohkp-1,TMA00315,False,False,False,none
gohnlnco-1,TMA00315,False,False,False,none
gohpghjp-1,TMA00315,False,False,False,none
gohpoooa-1,TMA00315,False,False,False,none
goigoghe-1,TMA00315,False,False,False,none
goihbldc-1,TMA00315,False,False,False,none
goikjoff-1,TMA00315,False,False,False,none
goilahae-1,TMA00315,False,False,False,none
goingdil-1,TMA00315,False,False,False,none
gojajmep-1,TMA00315,False,False,False,none
gojdemlc-1,TMA00315,False,False,False,none
gojhcbkb-1,TMA00315,False,False,False,none
gojiaclg-1,TMA00315,False,False,False,none
gojjplil-1,TMA00315,False,False,False,none
gojpjjjk-1,TMA00315,False,False,False,none
gokcedhf-1,TMA00315,False,False,False,none
gokdgkci-1,TMA00315,False,False,False,none
gokdkjaa-1,TMA00315,False,False,False,none
gokfhjdk-1,TMA00315,False,False,False,none
gokghojl-1,TMA00315,False,False,False,none
gokjbpam-1,TMA00315,False,False,False,none
goknocmo-1,TMA00315,False,False,False,none
gokopenn-1,TMA00315,False,False,False,none
golaflag-1,TMA00315,False,False,False,none
golamlal-1,TMA00315,False,False,False,none
golbfcid-1,TMA00315,False,False,False,none
golcagba-1,TMA00315,False,False,False,none
goldadoj-1,TMA00315,False,False,False,none
goldhfbb-1,TMA00315,False,False,False,none
golecmpb-1,TMA00315,False,False,False,none
golnmcjh-1,TMA00315,False,False,False,none
golplmgg-1,TMA00315,False,False,False,none
golppjlh-1,TMA00315,False,False,False,none
golppkfe-1,TMA00315,False,False,False,none
gombkbie-1,TMA00315,False,False,False,none
gomcapfa-1,TMA00315,False,False,False,none
gomcneof-1,TMA00315,False,False,False,none
gomedhol-1,TMA00315,False,False,False,none
gomgpejf-1,TMA00315,False,False,False,none
gomifhmh-1,TMA00315,False,False,False,none
gomioglh-1,TMA00315,False,False,False,none
gomlbagk-1,TMA00315,False,False,False,none
gompoiik-1,TMA00315,False,False,False,none
gondcahk-1,TMA00315,False,False,False,none
gonhfeeb-1,TMA00315,False,False,False,none
gonhjcba-1,TMA00315,False,False,False,none
gonhlgej-1,TMA00315,False,False,False,none
gonhmidn-1,TMA00315,False,False,False,none
gonjahli-1,TMA00315,False,False,False,none
gonkjdgn-1,TMA00315,False,False,False,none
gonpecbj-1,TMA00315,False,False,False,none
gonpoecp-1,TMA00315,False,False,False,none
gooalfmk-1,TMA00315,False,False,False,none
gooepjjd-1,TMA00315,False,False,False,none
goohhoha-1,TMA00315,False,False,False,none
goomlnai-1,TMA00315,False,False,False,none
goonljji-1,TMA00315,False,False,False,none
goopmgkp-1,TMA00315,False,False,False,none
gopabbag-1,TMA00315,False,False,False,none
gopblnad-1,TMA00315,False,False,False,none
gopceila-1,TMA00315,False,False,False,none
gopiimkh-1,TMA00315,False,False,False,none
gopjdchc-1,TMA00315,False,False,False,none
gopmcnek-1,TMA00315,False,False,False,none
gopmopjl-1,TMA00315,False,False,False,none
gopoacea-1,TMA00315,False,False,False,none
gpabccle-1,TMA00315,False,False,False,none
gpacdbbl-1,TMA00315,False,False,False,none
gpacknlp-1,TMA00315,False,False,False,none
gpakeplm-1,TMA00315,False,False,False,none
gpalcnih-1,TMA00315,False,False,False,none
gpameced-1,TMA00315,False,False,False,none
gpbaeicf-1,TMA00315,False,False,False,none
gpbdnjbn-1,TMA00315,False,False,False,none
gpbfjaho-1,TMA00315,False,False,False,none
gpbgbbij-1,TMA00315,False,False,False,none
gpbgdimj-1,TMA00315,False,False,False,none
gpcaadbl-1,TMA00315,False,False,False,none
gpcmhdeb-1,TMA00315,False,False,False,none
gpcplnmm-1,TMA00315,False,False,False,none
gpdbfffl-1,TMA00315,False,False,False,none
gpdeokbi-1,TMA00315,False,False,False,none
gpdgbnkf-1,TMA00315,False,False,False,none
gpdgjldi-1,TMA00315,False,False,False,none
gpdkopap-1,TMA00315,False,False,False,none
gpdkpbcg-1,TMA00315,False,False,False,none
gpdlkkco-1,TMA00315,False,False,False,none
gpedaibf-1,TMA00315,False,False,False,none
gpefkfig-1,TMA00315,False,False,False,none
gpeghlda-1,TMA00315,False,False,False,none
gpegjpom-1,TMA00315,False,False,False,none
gpegkjap-1,TMA00315,False,False,False,none
gpehfale-1,TMA00315,False,False,False,none
gpemdlcc-1,TMA00315,False,False,False,none
gpeoomoh-1,TMA00315,False,False,False,none
gpfbpcfk-1,TMA00315,False,False,False,none
gpfcdkck-1,TMA00315,False,False,False,none
gpfdccne-1,TMA00315,False,False,False,none
gpfjonba-1,TMA00315,False,False,False,none
gpflkkfg-1,TMA00315,False,False,False,none
gpfnpfpi-1,TMA00315,False,False,False,none
gpfogaob-1,TMA00315,False,False,False,none
gpfogjkd-1,TMA00315,False,False,False,none
gpfojddb-1,TMA00315,False,False,False,none
gpfpngbh-1,TMA00315,False,False,False,none
gpgaojfg-1,TMA00315,False,False,False,none
gpgbeghh-1,TMA00315,False,False,False,none
gpgdodpm-1,TMA00315,False,False,False,none
gpgfngge-1,TMA00315,False,False,False,none
gpgiompg-1,TMA00315,False,False,False,none
gpgkdkkh-1,TMA00315,False,False,False,none
gpglfchc-1,TMA00315,False,False,False,none
gpgmgplo-1,TMA00315,False,False,False,none
gpgoailj-1,TMA00315,False,False,False,none
gphamkpb-1,TMA00315,False,False,False,none
gphdimcd-1,TMA00315,False,False,False,none
gphdocdo-1,TMA00315,False,False,False,none
gphemngp-1,TMA00315,False,False,False,none
gphiegjc-1,TMA00315,False,False,False,none
gphmeifk-1,TMA00315,False,False,False,none
gphmicnn-1,TMA00315,False,False,False,none
gphoipol-1,TMA00315,False,False,False,none
gpibanjl-1,TMA00315,False,False,False,none
gpibmkbp-1,TMA00315,False,False,False,none
gpidelpf-1,TMA00315,False,False,False,none
gpiegema-1,TMA00315,False,False,False,none
gpieloip-1,TMA00315,False,False,False,none
gpifcpda-1,TMA00315,False,False,False,none
gpifpdhm-1,TMA00315,False,False,False,none
gpijlcpn-1,TMA00315,False,False,False,none
gpilfdek-1,TMA00315,False,False,False,none
gpimelop-1,TMA00315,False,False,False,none
gpinmfdb-1,TMA00315,False,False,False,none
gpipiodg-1,TMA00315,False,False,False,none
gpjfhmgo-1,TMA00315,False,True,False,dTomato_Seq2_hi
gpjhkfee-1,TMA00315,False,False,False,none
gpjoijcj-1,TMA00315,False,False,False,none
gpkahfhn-1,TMA00315,False,True,False,dTomato_Seq2_hi
gpkaldfp-1,TMA00315,False,False,False,none
gpkccaii-1,TMA00315,False,False,False,none
gpkcpajk-1,TMA00315,False,False,False,none
gpkimdmp-1,TMA00315,False,False,False,none
gpkofecg-1,TMA00315,False,False,False,none
gplagnbd-1,TMA00315,False,False,False,none
gplcajhm-1,TMA00315,False,False,False,none
gplgnkgl-1,TMA00315,False,False,False,none
gplhnnhg-1,TMA00315,False,False,False,none
gpllokba-1,TMA00315,False,False,False,none
gpllokjp-1,TMA00315,False,False,False,none
gploccbe-1,TMA00315,False,False,False,none
gpmccgln-1,TMA00315,False,False,False,none
gpmcfcia-1,TMA00315,False,False,False,none
gpmcfhnh-1,TMA00315,False,False,False,none
gpmlifae-1,TMA00315,False,False,False,none
gpmmnkoe-1,TMA00315,False,False,False,none
gpnahpcg-1,TMA00315,False,False,False,none
gpncejlc-1,TMA00315,False,False,False,none
gpnhhhjk-1,TMA00315,False,False,False,none
gpnjcjpo-1,TMA00315,False,False,False,none
gpnmkbja-1,TMA00315,False,False,False,none
gpojlnbo-1,TMA00315,False,False,False,none
gpolefmo-1,TMA00315,False,False,False,none
gpopdajj-1,TMA00315,False,False,False,none
gppandlp-1,TMA00315,False,False,False,none
gppbkolo-1,TMA00315,False,False,False,none
gppcicij-1,TMA00315,False,False,False,none
gppcmpfe-1,TMA00315,False,False,False,none
gppdpkbc-1,TMA00315,False,False,False,none
gppfamcn-1,TMA00315,False,False,False,none
gpphjfjo-1,TMA00315,False,False,False,none
gppklhgk-1,TMA00315,False,False,False,none
gppodbge-1,TMA00315,False,False,False,none
haaaecja-1,TMA00315,False,False,False,none
haaagapp-1,TMA00315,False,False,False,none
haajenif-1,TMA00315,False,False,False,none
haajmgja-1,TMA00315,False,False,False,none
habbdmal-1,TMA00315,False,False,False,none
habbfhhb-1,TMA00315,False,False,False,none
habbmemf-1,TMA00315,False,False,False,none
habdncbj-1,TMA00315,False,False,False,none
habdpeob-1,TMA00315,False,False,False,none
habgjeki-1,TMA00315,False,False,False,none
habhpkpc-1,TMA00315,False,False,False,none
habjdhao-1,TMA00315,False,False,False,none
habpcbol-1,TMA00315,False,False,False,none
hacbalen-1,TMA00315,False,False,False,none
hacbdpgl-1,TMA00315,False,False,False,none
hacblhpf-1,TMA00315,False,False,False,none
haccaigo-1,TMA00315,False,False,False,none
haccddjm-1,TMA00315,False,False,False,none
hacdjfmm-1,TMA00315,False,False,False,none
hacgellk-1,TMA00315,False,False,False,none
hachkomg-1,TMA00315,False,False,False,none
hackafnc-1,TMA00315,False,False,False,none
haconcfh-1,TMA00315,False,False,False,none
hacpfgjc-1,TMA00315,False,False,False,none
hadeiapo-1,TMA00315,False,False,False,none
hadelblg-1,TMA00315,False,False,False,none
hadgnnih-1,TMA00315,False,False,False,none
hadgnpon-1,TMA00315,False,False,False,none
hadmeiod-1,TMA00315,False,False,False,none
haeblaoe-1,TMA00315,False,False,False,none
haecedfk-1,TMA00315,False,False,False,none
haeekibo-1,TMA00315,False,False,False,none
haeiefge-1,TMA00315,False,False,False,none
haejncjp-1,TMA00315,False,False,False,none
haemmlhh-1,TMA00315,False,False,False,none
haeonmoa-1,TMA00315,False,False,False,none
hafcdoie-1,TMA00315,False,False,False,none
hafgchib-1,TMA00315,False,False,False,none
hafielni-1,TMA00315,False,False,False,none
hafinaik-1,TMA00315,False,False,False,none
hafinlec-1,TMA00315,False,False,False,none
hafnbfda-1,TMA00315,False,False,False,none
hagbbkan-1,TMA00315,False,False,False,none
haggmklk-1,TMA00315,False,False,False,none
hagkibcl-1,TMA00315,False,False,False,none
haglaogc-1,TMA00315,False,False,False,none
hagnlche-1,TMA00315,False,False,False,none
hagnloaa-1,TMA00315,False,False,False,none
hagoagpj-1,TMA00315,False,False,False,none
hagplijg-1,TMA00315,False,False,False,none
haheappk-1,TMA00315,False,False,False,none
hahegnkj-1,TMA00315,False,False,False,none
hahhojjm-1,TMA00315,False,False,False,none
hahoghbe-1,TMA00315,False,False,False,none
hahpfkfn-1,TMA00315,False,False,False,none
haiaakid-1,TMA00315,False,False,False,none
haibncki-1,TMA00315,False,False,False,none
haidfmcm-1,TMA00315,False,False,False,none
haieeppf-1,TMA00315,False,False,False,none
haigacml-1,TMA00315,False,False,False,none
haikegbo-1,TMA00315,False,False,False,none
haikjjep-1,TMA00315,False,False,False,none
haikpbfo-1,TMA00315,False,False,False,none
haimmeei-1,TMA00315,False,False,False,none
haipkkaj-1,TMA00315,False,False,False,none
hajbfffn-1,TMA00315,False,False,False,none
hajefcle-1,TMA00315,False,False,False,none
hajjompb-1,TMA00315,False,False,False,none
hajkdnii-1,TMA00315,False,False,False,none
hajkokhh-1,TMA00315,False,False,False,none
hajmajam-1,TMA00315,False,False,False,none
hajphpgk-1,TMA00315,False,False,False,none
hakaeelk-1,TMA00315,False,False,False,none
hakahonc-1,TMA00315,False,False,False,none
hakhmgmk-1,TMA00315,False,False,False,none
halfoifg-1,TMA00315,False,False,False,none
halgghkf-1,TMA00315,False,False,False,none
halifhpe-1,TMA00315,False,False,False,none
haljlcmh-1,TMA00315,False,False,False,none
haljokkh-1,TMA00315,False,False,False,none
halnnmjg-1,TMA00315,False,False,False,none
hambjami-1,TMA00315,False,False,False,none
hamgjnfb-1,TMA00315,False,False,False,none
hamhldmm-1,TMA00315,False,False,False,none
hamnpoce-1,TMA00315,False,False,False,none
hanbdagj-1,TMA00315,False,False,False,none
hanejjng-1,TMA00315,False,False,False,none
hanfddbj-1,TMA00315,False,False,False,none
hanmdfaf-1,TMA00315,False,False,False,none
hanokhle-1,TMA00315,False,False,False,none
haoaifgm-1,TMA00315,False,False,False,none
haoajcaj-1,TMA00315,False,False,False,none
haoanaoo-1,TMA00315,False,False,False,none
haocaedm-1,TMA00315,False,False,False,none
haofnajk-1,TMA00315,False,False,False,none
haohgfbg-1,TMA00315,False,False,False,none
haohkpfp-1,TMA00315,False,False,False,none
haojojgn-1,TMA00315,False,False,False,none
haombfef-1,TMA00315,False,False,False,none
haoncnag-1,TMA00315,False,False,False,none
haopijek-1,TMA00315,False,False,False,none
hapaclop-1,TMA00315,False,False,False,none
hapcmcmo-1,TMA00315,False,False,False,none
hapdjmlm-1,TMA00315,False,False,False,none
hapdkjdb-1,TMA00315,False,False,False,none
hapfpipp-1,TMA00315,False,False,False,none
haphojga-1,TMA00315,False,False,False,none
hapjaiaa-1,TMA00315,False,False,False,none
hapmhnfg-1,TMA00315,False,False,False,none
hbaengcj-1,TMA00315,False,False,False,none
hbaepokp-1,TMA00315,False,False,False,none
hbaflbck-1,TMA00315,False,False,False,none
hbakhmja-1,TMA00315,False,False,False,none
hbakikhl-1,TMA00315,False,False,False,none
hbakmgho-1,TMA00315,False,False,False,none
hbanmnfh-1,TMA00315,False,False,False,none
hbbfhhem-1,TMA00315,False,False,False,none
hbbglpni-1,TMA00315,False,False,False,none
hbbicilg-1,TMA00315,False,False,False,none
hbbjebbd-1,TMA00315,False,False,False,none
hbbnanhe-1,TMA00315,False,False,False,none
hbbnlhdj-1,TMA00315,False,False,False,none
hbcdfhpk-1,TMA00315,False,False,False,none
hbceidae-1,TMA00315,False,False,False,none
hbcfkfae-1,TMA00315,False,False,False,none
hbcgahob-1,TMA00315,False,False,False,none
hbcinohn-1,TMA00315,False,False,False,none
hbddbhep-1,TMA00315,False,False,False,none
hbdejida-1,TMA00315,False,False,False,none
hbdemfdc-1,TMA00315,False,False,False,none
hbdfgeic-1,TMA00315,False,False,False,none
hbdglegb-1,TMA00315,False,False,False,none
hbdkbdch-1,TMA00315,False,False,False,none
hbdlaane-1,TMA00315,False,False,False,none
hbdpgaba-1,TMA00315,False,False,False,none
hbeakikf-1,TMA00315,False,False,False,none
hbefepcj-1,TMA00315,False,False,False,none
hbeienfn-1,TMA00315,False,False,False,none
hbfbbldp-1,TMA00315,False,False,False,none
hbffiejn-1,TMA00315,False,False,False,none
hbflakoe-1,TMA00315,False,False,False,none
hbfoigfi-1,TMA00315,False,False,False,none
hbgfbidp-1,TMA00315,False,False,False,none
hbgllkap-1,TMA00315,False,False,False,none
hbglnkah-1,TMA00315,False,False,False,none
hbgpfihg-1,TMA00315,False,False,False,none
hbgpncfm-1,TMA00315,False,False,False,none
hbhamklo-1,TMA00315,False,False,False,none
hbhbnhik-1,TMA00315,False,False,False,none
hbhchhnn-1,TMA00315,False,False,False,none
hbhgghed-1,TMA00315,False,False,False,none
hbhhoode-1,TMA00315,False,False,False,none
hbifhebj-1,TMA00315,False,False,False,none
hbiflheh-1,TMA00315,False,False,False,none
hbipihdc-1,TMA00315,False,False,False,none
hbjajcfb-1,TMA00315,False,False,False,none
hbjkglna-1,TMA00315,False,False,False,none
hbjnlpbi-1,TMA00315,False,False,False,none
hbkbgmbh-1,TMA00315,False,False,False,none
hbkcnnpg-1,TMA00315,False,False,False,none
hbkffcjf-1,TMA00315,False,False,False,none
hbkfmpgj-1,TMA00315,False,False,False,none
hbkgmkjb-1,TMA00315,False,False,False,none
hbkjekho-1,TMA00315,False,False,False,none
hbkjlnce-1,TMA00315,False,False,False,none
hbkkjaih-1,TMA00315,False,False,False,none
hbklhhnj-1,TMA00315,False,False,False,none
hblmonef-1,TMA00315,False,False,False,none
hblolgca-1,TMA00315,False,False,False,none
hbmmahjg-1,TMA00315,False,False,False,none
hbmmbdke-1,TMA00315,False,False,False,none
hbmmflgb-1,TMA00315,False,False,False,none
hbmnkboi-1,TMA00315,False,False,False,none
hbmpcmkc-1,TMA00315,False,False,False,none
hbnbgeho-1,TMA00315,False,False,False,none
hbncefgo-1,TMA00315,False,False,False,none
hbndjpeb-1,TMA00315,False,False,False,none
hbnhedcl-1,TMA00315,False,False,False,none
hbninkdk-1,TMA00315,False,False,False,none
hbnmdlkk-1,TMA00315,False,False,False,none
hbnmfkll-1,TMA00315,False,False,False,none
hbobnpfi-1,TMA00315,False,False,False,none
hboeadbk-1,TMA00315,False,False,False,none
hbogikel-1,TMA00315,False,False,False,none
hbonejaj-1,TMA00315,False,False,False,none
hcafjoef-1,TMA00315,False,False,False,none
hcajahod-1,TMA00315,False,False,False,none
hcbbpgea-1,TMA00315,False,False,False,none
hcbfkacp-1,TMA00315,False,False,False,none
hcbjahcl-1,TMA00315,False,False,False,none
hccggemp-1,TMA00315,False,False,False,none
hcfcaolg-1,TMA00315,False,False,False,none
hcfgjdbf-1,TMA00315,False,False,False,none
hcflpjlk-1,TMA00315,False,False,False,none
hcfmfdoc-1,TMA00315,False,False,False,none
hcgaoghn-1,TMA00315,False,False,False,none
hcggpodm-1,TMA00315,False,False,False,none
hchbfieh-1,TMA00315,False,False,False,none
hchjpocc-1,TMA00315,False,False,False,none
hciefchc-1,TMA00315,False,False,False,none
hcifapha-1,TMA00315,False,False,False,none
hciidmke-1,TMA00315,False,False,False,none
hckgbhij-1,TMA00315,False,False,False,none
hclfbdnh-1,TMA00315,False,False,False,none
hcmcippb-1,TMA00315,False,False,False,none
hcmgbjih-1,TMA00315,False,False,False,none
hcmgdgfc-1,TMA00315,False,False,False,none
hcmhnpll-1,TMA00315,False,False,False,none
hcmikfkg-1,TMA00315,False,False,False,none
hcmjccik-1,TMA00315,False,False,False,none
hcmldnha-1,TMA00315,False,False,False,none
hcmnehdo-1,TMA00315,False,False,False,none
hcmoleln-1,TMA00315,False,False,False,none
hcncdhog-1,TMA00315,False,False,False,none
hcngffpk-1,TMA00315,False,False,False,none
hcngomem-1,TMA00315,False,False,False,none
hcnkapdm-1,TMA00315,False,False,False,none
hcnojmbn-1,TMA00315,False,False,False,none
hcocjegn-1,TMA00315,False,False,False,none
hcocjjdf-1,TMA00315,False,False,False,none
hcoiakag-1,TMA00315,False,False,False,none
hcoklloa-1,TMA00315,False,False,False,none
hcopmamj-1,TMA00315,False,False,False,none
hcpcijbm-1,TMA00315,False,False,False,none
hcpecjbl-1,TMA00315,False,False,False,none
hcpfpble-1,TMA00315,False,False,False,none
hcpfpioo-1,TMA00315,False,False,False,none
hdaephio-1,TMA00315,False,False,False,none
hdajmakg-1,TMA00315,False,False,False,none
hdakaigl-1,TMA00315,False,False,False,none
hdakedho-1,TMA00315,False,False,False,none
hdanedjk-1,TMA00315,False,False,False,none
hdanegmb-1,TMA00315,False,False,False,none
hdbceooh-1,TMA00315,False,False,False,none
hdbeppkg-1,TMA00315,False,False,False,none
hdbgcmpe-1,TMA00315,False,False,False,none
hdbhmnom-1,TMA00315,False,False,False,none
hdbjgnlh-1,TMA00315,False,False,False,none
hdbmjopo-1,TMA00315,False,False,False,none
hdbmokdf-1,TMA00315,False,False,False,none
hdbphkdo-1,TMA00315,False,False,False,none
hdcaocmg-1,TMA00315,False,False,False,none
hdcceocj-1,TMA00315,False,False,False,none
hdcdchpc-1,TMA00315,False,False,False,none
hdcfcpli-1,TMA00315,False,False,False,none
hdcghdnl-1,TMA00315,False,False,False,none
hdckjpmi-1,TMA00315,False,False,False,none
hddcelhd-1,TMA00315,False,False,False,none
hddcifdp-1,TMA00315,False,False,False,none
hdddmkla-1,TMA00315,False,False,False,none
hddedlpc-1,TMA00315,False,False,False,none
hddhmcli-1,TMA00315,False,False,False,none
hddjolgn-1,TMA00315,False,False,False,none
hddkjogk-1,TMA00315,False,False,False,none
hddljgoh-1,TMA00315,False,False,False,none
hddpoeak-1,TMA00315,False,False,False,none
hddppgcm-1,TMA00315,False,False,False,none
hdebpfcn-1,TMA00315,False,False,False,none
hdefifdi-1,TMA00315,False,False,False,none
hdeghkch-1,TMA00315,False,False,False,none
hdfakedp-1,TMA00315,False,False,False,none
hdfhbegi-1,TMA00315,False,False,False,none
hdfiacgl-1,TMA00315,False,False,False,none
hdfifkjj-1,TMA00315,False,False,False,none
hdfmdenp-1,TMA00315,False,False,False,none
hdgdbfon-1,TMA00315,False,False,False,none
hdgjgnmj-1,TMA00315,False,False,False,none
hdgjimnf-1,TMA00315,False,False,False,none
hdgnpkli-1,TMA00315,False,False,False,none
hdhbapkm-1,TMA00315,False,False,False,none
hdhcejom-1,TMA00315,False,False,False,none
hdhcpdbn-1,TMA00315,False,False,False,none
hdhgndcp-1,TMA00315,False,False,False,none
hdhjlghh-1,TMA00315,False,False,False,none
hdhjphcg-1,TMA00315,False,False,False,none
hdhleclg-1,TMA00315,False,False,False,none
hdhppccl-1,TMA00315,False,False,False,none
hdiecabl-1,TMA00315,False,False,False,none
hdihlkia-1,TMA00315,False,False,False,none
hdimahji-1,TMA00315,False,False,False,none
hdipejaf-1,TMA00315,False,False,False,none
hdjbngpc-1,TMA00315,False,False,False,none
hdjdkmal-1,TMA00315,False,False,False,none
hdjmhhln-1,TMA00315,False,False,False,none
hdjpbked-1,TMA00315,False,False,False,none
hdkfbmhi-1,TMA00315,False,False,False,none
hdkgfobl-1,TMA00315,False,False,False,none
hdkhpihc-1,TMA00315,False,False,False,none
hdkigjen-1,TMA00315,False,False,False,none
hdlcbgmn-1,TMA00315,False,False,False,none
hdlgjhif-1,TMA00315,False,False,False,none
hdlhpphe-1,TMA00315,False,False,False,none
hdnhigdb-1,TMA00315,False,False,False,none
hdnjmhfd-1,TMA00315,False,False,False,none
hdnkbbpk-1,TMA00315,False,False,False,none
hdoaapob-1,TMA00315,False,False,False,none
hdobcpbk-1,TMA00315,False,False,False,none
hdohgfnl-1,TMA00315,False,False,False,none
hdoiemhc-1,TMA00315,False,False,False,none
hdoleifd-1,TMA00315,False,False,False,none
hdolgpab-1,TMA00315,False,False,False,none
hdomochd-1,TMA00315,False,False,False,none
hdonhoaf-1,TMA00315,False,False,False,none
hdoocnni-1,TMA00315,False,False,False,none
hdoodbih-1,TMA00315,False,False,False,none
hdopjknj-1,TMA00315,False,False,False,none
hdpamffn-1,TMA00315,False,False,False,none
hdpdedhh-1,TMA00315,False,False,False,none
hdpghbcb-1,TMA00315,False,False,False,none
hdpldkph-1,TMA00315,False,False,False,none
hdpmllpj-1,TMA00315,False,False,False,none
heaakafd-1,TMA00315,False,False,False,none
heaeaiej-1,TMA00315,False,False,False,none
heaiaibd-1,TMA00315,False,False,False,none
heajelce-1,TMA00315,False,False,False,none
heamhbnd-1,TMA00315,False,False,False,none
heamndej-1,TMA00315,False,False,False,none
heaohjpm-1,TMA00315,False,False,False,none
heaoohob-1,TMA00315,False,False,False,none
heaopdpd-1,TMA00315,False,False,False,none
heapdgji-1,TMA00315,False,False,False,none
hebcldcg-1,TMA00315,False,False,False,none
hebehhmn-1,TMA00315,False,False,False,none
hebjdcgm-1,TMA00315,False,False,False,none
hebofbgp-1,TMA00315,False,False,False,none
hebpflnk-1,TMA00315,False,False,False,none
hecbkdlg-1,TMA00315,False,False,False,none
hecdigcm-1,TMA00315,False,False,False,none
hecmidkm-1,TMA00315,False,False,False,none
hecnfffi-1,TMA00315,False,False,False,none
hecnjggd-1,TMA00315,False,False,False,none
hedaechd-1,TMA00315,False,False,False,none
hedgjkgh-1,TMA00315,False,False,False,none
hedhagin-1,TMA00315,False,False,False,none
hedihfin-1,TMA00315,False,False,False,none
hedjkfab-1,TMA00315,False,False,False,none
hedjpdnf-1,TMA00315,False,False,False,none
hednbghk-1,TMA00315,False,False,False,none
hedpfkad-1,TMA00315,False,False,False,none
heecifnh-1,TMA00315,False,False,False,none
heefcooa-1,TMA00315,False,False,False,none
heejojjf-1,TMA00315,False,False,False,none
heelheom-1,TMA00315,False,False,False,none
heemjblh-1,TMA00315,False,False,False,none
hefehnog-1,TMA00315,False,False,False,none
heflcbmo-1,TMA00315,False,False,False,none
heflkpfm-1,TMA00315,False,False,False,none
hefllipf-1,TMA00315,False,False,False,none
hegcjlnk-1,TMA00315,False,False,False,none
hegloghj-1,TMA00315,False,False,False,none
hegnpdia-1,TMA00315,False,False,False,none
hehanigp-1,TMA00315,False,False,False,none
hehedfoi-1,TMA00315,False,False,False,none
hehfgkna-1,TMA00315,False,False,False,none
hehgekpa-1,TMA00315,False,False,False,none
hehggpje-1,TMA00315,False,False,False,none
hehgnogm-1,TMA00315,False,False,False,none
hehkcadj-1,TMA00315,False,False,False,none
hehkpkdk-1,TMA00315,False,False,False,none
hehlbnha-1,TMA00315,False,False,False,none
hehnbfee-1,TMA00315,False,False,False,none
heilggpi-1,TMA00315,False,False,False,none
hejcemmm-1,TMA00315,False,False,False,none
hejeanld-1,TMA00315,False,False,False,none
hejolahp-1,TMA00315,False,False,False,none
hekdkdfg-1,TMA00315,False,False,False,none
hekgmdge-1,TMA00315,False,False,False,none
heknagce-1,TMA00315,False,False,False,none
hekocmnd-1,TMA00315,False,False,False,none
helfibpj-1,TMA00315,False,False,False,none
helhfecl-1,TMA00315,False,False,False,none
helhfham-1,TMA00315,False,False,False,none
helhjfpc-1,TMA00315,False,False,False,none
helhkcdm-1,TMA00315,False,False,False,none
hellinmd-1,TMA00315,False,False,False,none
helnffbo-1,TMA00315,False,False,False,none
helofekn-1,TMA00315,False,False,False,none
helpfkaa-1,TMA00315,False,False,False,none
helpfoep-1,TMA00315,False,False,False,none
hembhfda-1,TMA00315,False,False,False,none
hemchppi-1,TMA00315,False,False,False,none
hemdbdgc-1,TMA00315,False,False,False,none
hemfdhfo-1,TMA00315,False,False,False,none
hemkckbd-1,TMA00315,False,False,False,none
hemlpcmn-1,TMA00315,False,False,False,none
hemomkdh-1,TMA00315,False,False,False,none
henepiab-1,TMA00315,False,False,False,none
henfjdca-1,TMA00315,False,False,False,none
henhodcf-1,TMA00315,False,False,False,none
henljmdi-1,TMA00315,False,False,False,none
henocbbf-1,TMA00315,False,False,False,none
heoaicbb-1,TMA00315,False,False,False,none
heocgkpm-1,TMA00315,False,False,False,none
heodbnoe-1,TMA00315,False,False,False,none
heodpggf-1,TMA00315,False,False,False,none
heofdjlf-1,TMA00315,False,False,False,none
heogpiha-1,TMA00315,False,False,False,none
heohhmjj-1,TMA00315,False,False,False,none
heoiadgp-1,TMA00315,False,False,False,none
hepaaikj-1,TMA00315,False,False,False,none
hepahhji-1,TMA00315,False,False,False,none
hepaicmi-1,TMA00315,False,False,False,none
hepbkedl-1,TMA00315,False,False,False,none
hepbpkph-1,TMA00315,False,False,False,none
hepcebdg-1,TMA00315,False,False,False,none
hepcfhgd-1,TMA00315,False,False,False,none
hepiakei-1,TMA00315,False,False,False,none
hfagfala-1,TMA00315,False,False,False,none
hfbbildd-1,TMA00315,False,False,False,none
hfbfflkc-1,TMA00315,False,False,False,none
hfbgecjm-1,TMA00315,False,False,False,none
hfbhdgdj-1,TMA00315,False,False,False,none
hfblndlf-1,TMA00315,False,False,False,none
hfbnjmee-1,TMA00315,False,False,False,none
hfbnnkmp-1,TMA00315,False,False,False,none
hfbofgij-1,TMA00315,False,False,False,none
hfbpmgpk-1,TMA00315,False,False,False,none
hfbpoopk-1,TMA00315,False,False,False,none
hfcdjolk-1,TMA00315,False,False,False,none
hfceiihk-1,TMA00315,False,False,False,none
hfcgljlg-1,TMA00315,False,False,False,none
hfchihfn-1,TMA00315,False,False,False,none
hfckfbaj-1,TMA00315,False,False,False,none
hfckkpcb-1,TMA00315,False,False,False,none
hfcmkpbg-1,TMA00315,False,False,False,none
hfcphfbg-1,TMA00315,False,False,False,none
hfddibno-1,TMA00315,False,False,False,none
hfdgkpoe-1,TMA00315,False,False,False,none
hfdhjfad-1,TMA00315,False,False,False,none
hfdhnajm-1,TMA00315,False,False,False,none
hfdpefnd-1,TMA00315,False,False,False,none
hfeadaof-1,TMA00315,False,False,False,none
hfeagnld-1,TMA00315,False,False,False,none
hfealbbi-1,TMA00315,False,False,False,none
hfepabhc-1,TMA00315,False,False,False,none
hfepbkha-1,TMA00315,False,False,False,none
hfepjpmo-1,TMA00315,False,False,False,none
hfffpjme-1,TMA00315,False,False,False,none
hfficoko-1,TMA00315,False,False,False,none
hffjaekc-1,TMA00315,False,False,False,none
hffmmale-1,TMA00315,False,False,False,none
hfgbfiab-1,TMA00315,False,False,False,none
hfgbncha-1,TMA00315,False,False,False,none
hfgdlijl-1,TMA00315,False,False,False,none
hfgkhofe-1,TMA00315,False,False,False,none
hfgkkmnd-1,TMA00315,False,False,False,none
hfhdlilh-1,TMA00315,False,False,False,none
hfhfaadn-1,TMA00315,False,False,False,none
hfhimigm-1,TMA00315,False,False,False,none
hfhkekke-1,TMA00315,False,False,False,none
hfhkpfdg-1,TMA00315,False,False,False,none
hfhoclmk-1,TMA00315,False,False,False,none
hfhpmlaf-1,TMA00315,False,False,False,none
hfiejici-1,TMA00315,False,False,False,none
hfigiclo-1,TMA00315,False,False,False,none
hfihdnfj-1,TMA00315,False,False,False,none
hfiidgcm-1,TMA00315,False,False,False,none
hfijmdfm-1,TMA00315,False,False,False,none
hfinncdf-1,TMA00315,False,False,False,none
hfjancbb-1,TMA00315,False,False,False,none
hfjdilaa-1,TMA00315,False,False,False,none
hfjdmgak-1,TMA00315,False,False,False,none
hfjfkblo-1,TMA00315,False,False,False,none
hfjnjnpl-1,TMA00315,False,False,False,none
hfkbblim-1,TMA00315,False,False,False,none
hfkbjjom-1,TMA00315,False,False,False,none
hfkclbel-1,TMA00315,False,False,False,none
hfkfmggc-1,TMA00315,False,False,False,none
hfkhncoj-1,TMA00315,False,False,False,none
hfkibehc-1,TMA00315,False,False,False,none
hfkippgi-1,TMA00315,False,False,False,none
hfkkannj-1,TMA00315,False,False,False,none
hfkmldek-1,TMA00315,False,False,False,none
hfkmpmdl-1,TMA00315,False,False,False,none
hfknfghf-1,TMA00315,False,False,False,none
hfkpdekb-1,TMA00315,False,False,False,none
hflfanid-1,TMA00315,False,False,False,none
hflkbppd-1,TMA00315,False,False,False,none
hflmjilo-1,TMA00315,False,False,False,none
hflpnibh-1,TMA00315,False,False,False,none
hfmdhmjk-1,TMA00315,False,False,False,none
hfmgejpk-1,TMA00315,False,False,False,none
hfmjkgeh-1,TMA00315,False,False,False,none
hfmkcdkj-1,TMA00315,False,False,False,none
hfmkjiga-1,TMA00315,False,False,False,none
hfmmbcii-1,TMA00315,False,False,False,none
hfmoampg-1,TMA00315,False,False,False,none
hfmphbjp-1,TMA00315,False,False,False,none
hfnblmhe-1,TMA00315,False,False,False,none
hfndokaf-1,TMA00315,False,False,False,none
hfneabah-1,TMA00315,False,False,False,none
hfngmlko-1,TMA00315,False,False,False,none
hfnhboke-1,TMA00315,False,False,False,none
hfnhihkc-1,TMA00315,False,False,False,none
hfnielnb-1,TMA00315,False,False,False,none
hfnkbhgb-1,TMA00315,False,False,False,none
hfnkkchi-1,TMA00315,False,False,False,none
hfnnfdco-1,TMA00315,False,False,False,none
hfoblefb-1,TMA00315,False,False,False,none
hfofcmhi-1,TMA00315,False,False,False,none
hfoimibg-1,TMA00315,False,False,False,none
hfojkffi-1,TMA00315,False,False,False,none
hfokedom-1,TMA00315,False,False,False,none
hfolcane-1,TMA00315,False,False,False,none
hfonjdao-1,TMA00315,False,False,False,none
hfonncic-1,TMA00315,False,False,False,none
hfpbfmkd-1,TMA00315,False,False,False,none
hfpbncki-1,TMA00315,False,False,False,none
hfphlfek-1,TMA00315,False,False,False,none
hfpieknf-1,TMA00315,False,False,False,none
hfpjkibn-1,TMA00315,False,False,False,none
hfpkecch-1,TMA00315,False,False,False,none
hfpmjngk-1,TMA00315,False,False,False,none
hfpoaafc-1,TMA00315,False,False,False,none
hfppgahi-1,TMA00315,False,False,False,none
hgabpolf-1,TMA00315,False,False,False,none
hgajadil-1,TMA00315,False,False,False,none
hgalejeo-1,TMA00315,False,False,False,none
hgalgpej-1,TMA00315,False,False,False,none
hgbboklc-1,TMA00315,False,False,False,none
hgbcdafd-1,TMA00315,False,False,False,none
hgbjllhe-1,TMA00315,False,False,False,none
hgbjngke-1,TMA00315,False,False,False,none
hgbpoodk-1,TMA00315,False,False,False,none
hgcbgkfl-1,TMA00315,False,False,False,none
hgchepmc-1,TMA00315,False,False,False,none
hgcjhckl-1,TMA00315,False,False,False,none
hgckjelm-1,TMA00315,False,False,False,none
hgclfmnn-1,TMA00315,False,False,False,none
hgcnccmb-1,TMA00315,False,False,False,none
hgcndodp-1,TMA00315,False,False,False,none
hgcpoocf-1,TMA00315,False,False,False,none
hgcppefi-1,TMA00315,False,False,False,none
hgdacmid-1,TMA00315,False,False,False,none
hgdgfhpd-1,TMA00315,False,False,False,none
hgdhepka-1,TMA00315,False,False,False,none
hgdihlgi-1,TMA00315,False,False,False,none
hgdiimao-1,TMA00315,False,False,False,none
hgdlhjkc-1,TMA00315,False,False,False,none
hgdnlfdl-1,TMA00315,False,True,False,dTomato_Seq2_hi
hgdomonp-1,TMA00315,False,False,False,none
hgeanlli-1,TMA00315,False,False,False,none
hgebpipp-1,TMA00315,False,False,False,none
hgecjnel-1,TMA00315,False,True,False,dTomato_Seq2_hi
hgefbmfg-1,TMA00315,False,False,False,none
hgehllie-1,TMA00315,False,False,False,none
hgeidlmh-1,TMA00315,False,False,False,none
hgeifdad-1,TMA00315,False,False,False,none
hgejfjee-1,TMA00315,False,False,False,none
hgekkfje-1,TMA00315,False,False,False,none
hgelcicf-1,TMA00315,False,False,False,none
hgenhkop-1,TMA00315,False,False,False,none
hgfcidpj-1,TMA00315,False,False,False,none
hgffigll-1,TMA00315,False,False,False,none
hgffkmdb-1,TMA00315,False,False,False,none
hgfhfikc-1,TMA00315,False,False,False,none
hgfidhln-1,TMA00315,False,False,False,none
hgfkkcbd-1,TMA00315,False,False,False,none
hgfnpeee-1,TMA00315,False,False,False,none
hgfnphdo-1,TMA00315,False,False,False,none
hggbbgci-1,TMA00315,False,False,False,none
hggbfmmj-1,TMA00315,False,False,False,none
hggigieg-1,TMA00315,False,False,False,none
hggmgihh-1,TMA00315,False,False,False,none
hggnicel-1,TMA00315,False,False,False,none
hghadjdf-1,TMA00315,False,False,False,none
hghcdkkd-1,TMA00315,False,False,False,none
hghihibi-1,TMA00315,False,False,False,none
hghlghml-1,TMA00315,False,False,False,none
hghocohk-1,TMA00315,False,False,False,none
hgiaambh-1,TMA00315,False,False,False,none
hgiaoplo-1,TMA00315,False,False,False,none
hgibcnfk-1,TMA00315,False,False,False,none
hgiffmfl-1,TMA00315,False,False,False,none
hgimpgpn-1,TMA00315,False,False,False,none
hgiolioj-1,TMA00315,False,False,False,none
hgjfnapj-1,TMA00315,False,False,False,none
hgjjajbm-1,TMA00315,False,False,False,none
hgklcona-1,TMA00315,False,False,False,none
hgkmibmb-1,TMA00315,False,False,False,none
hgknibik-1,TMA00315,False,False,False,none
hglcjkcf-1,TMA00315,False,False,False,none
hgldejol-1,TMA00315,False,False,False,none
hglincok-1,TMA00315,False,False,False,none
hgljmhhn-1,TMA00315,False,False,False,none
hgmfhaod-1,TMA00315,False,False,False,none
hgmnkpko-1,TMA00315,False,False,False,none
hgncnpkp-1,TMA00315,False,False,False,none
hgnghofh-1,TMA00315,False,False,False,none
hgnhhcon-1,TMA00315,False,False,False,none
hgnilccb-1,TMA00315,False,False,False,none
hgnjkfjg-1,TMA00315,False,False,False,none
hgnolmbc-1,TMA00315,False,False,False,none
hgnplmli-1,TMA00315,False,False,False,none
hgoaonep-1,TMA00315,False,False,False,none
hgobhoaa-1,TMA00315,False,False,False,none
hgoemcfb-1,TMA00315,False,False,False,none
hgofpplk-1,TMA00315,False,False,False,none
hgomdcfi-1,TMA00315,False,False,False,none
hgopmaoe-1,TMA00315,False,False,False,none
hgpenoaa-1,TMA00315,False,False,False,none
hgpgbjkb-1,TMA00315,False,False,False,none
hgpgfpdh-1,TMA00315,False,False,False,none
hgphjiba-1,TMA00315,False,False,False,none
hgplhefb-1,TMA00315,False,False,False,none
hhabbdjo-1,TMA00315,False,False,False,none
hhabjlad-1,TMA00315,False,False,False,none
hhaceneb-1,TMA00315,False,False,False,none
hhadjide-1,TMA00315,False,False,False,none
hhafhfff-1,TMA00315,False,False,False,none
hhageihb-1,TMA00315,False,False,False,none
hhagmmhf-1,TMA00315,False,False,False,none
hhahfcdc-1,TMA00315,False,False,False,none
hhaigaba-1,TMA00315,False,False,False,none
hhaijhha-1,TMA00315,False,False,False,none
hhakjihh-1,TMA00315,False,False,False,none
hhalhblc-1,TMA00315,False,False,False,none
hhaogjlg-1,TMA00315,False,False,False,none
hhaommhh-1,TMA00315,False,False,False,none
hhbbcjgb-1,TMA00315,False,False,False,none
hhbcccge-1,TMA00315,False,False,False,none
hhbcoflc-1,TMA00315,False,False,False,none
hhbgbcoe-1,TMA00315,False,False,False,none
hhbjegml-1,TMA00315,False,False,False,none
hhbnkkhb-1,TMA00315,False,False,False,none
hhccbpag-1,TMA00315,False,False,False,none
hhccfgfm-1,TMA00315,False,False,False,none
hhcclofe-1,TMA00315,False,False,False,none
hhcliamj-1,TMA00315,False,False,False,none
hhcpogal-1,TMA00315,False,False,False,none
hhdhihbg-1,TMA00315,False,False,False,none
hhdhpmga-1,TMA00315,False,False,False,none
hhdiklei-1,TMA00315,False,False,False,none
hhdjagif-1,TMA00315,False,False,False,none
hhdjbphm-1,TMA00315,False,False,False,none
hhdnkjii-1,TMA00315,False,False,False,none
hhepfocj-1,TMA00315,False,False,False,none
hhfdbnjb-1,TMA00315,False,False,False,none
hhfkljek-1,TMA00315,False,False,False,none
hhfmnkaf-1,TMA00315,False,False,False,none
hhfneled-1,TMA00315,False,False,False,none
hhfolnmc-1,TMA00315,False,False,False,none
hhgdmeak-1,TMA00315,False,False,False,none
hhgggfbg-1,TMA00315,False,False,False,none
hhghgmol-1,TMA00315,False,False,False,none
hhgldepg-1,TMA00315,False,False,False,none
hhgpbmba-1,TMA00315,False,False,False,none
hhhbkmfk-1,TMA00315,False,False,False,none
hhhdnghk-1,TMA00315,False,False,False,none
hhhljmhk-1,TMA00315,False,False,False,none
hhibbhhl-1,TMA00315,False,False,False,none
hhicchek-1,TMA00315,False,False,False,none
hhigipme-1,TMA00315,False,False,False,none
hhiplfco-1,TMA00315,False,False,False,none
hhjapbfi-1,TMA00315,False,False,False,none
hhjbmecp-1,TMA00315,False,False,False,none
hhjdddpc-1,TMA00315,False,False,False,none
hhjddpke-1,TMA00315,False,False,False,none
hhjeaihd-1,TMA00315,False,False,False,none
hhjfgaee-1,TMA00315,False,False,False,none
hhjfkhfm-1,TMA00315,False,False,False,none
hhjhapkk-1,TMA00315,False,False,False,none
hhjlmcag-1,TMA00315,False,False,False,none
hhjmdcpf-1,TMA00315,False,False,False,none
hhjmoelf-1,TMA00315,False,False,False,none
hhjniecb-1,TMA00315,False,False,False,none
hhjoebbk-1,TMA00315,False,False,False,none
hhkbifjm-1,TMA00315,False,False,False,none
hhkcopcm-1,TMA00315,False,False,False,none
hhkdcjec-1,TMA00315,False,False,False,none
hhkgfbmf-1,TMA00315,False,False,False,none
hhkhccnj-1,TMA00315,False,False,False,none
hhkiifhh-1,TMA00315,False,False,False,none
hhkioghp-1,TMA00315,False,False,False,none
hhkjeamf-1,TMA00315,False,False,False,none
hhkjpbnl-1,TMA00315,False,False,False,none
hhkkboga-1,TMA00315,False,False,False,none
hhlahbcf-1,TMA00315,False,False,False,none
hhlaiaei-1,TMA00315,False,False,False,none
hhlbbnmc-1,TMA00315,False,False,False,none
hhlejbde-1,TMA00315,False,False,False,none
hhlhjjho-1,TMA00315,False,False,False,none
hhlhohhe-1,TMA00315,False,False,False,none
hhljjfea-1,TMA00315,False,False,False,none
hhlkkgmp-1,TMA00315,False,False,False,none
hhllbdjc-1,TMA00315,False,False,False,none
hhllhplh-1,TMA00315,False,False,False,none
hhmajigp-1,TMA00315,False,False,False,none
hhmfdomh-1,TMA00315,False,False,False,none
hhmjaehk-1,TMA00315,False,False,False,none
hhmjjnoj-1,TMA00315,False,False,False,none
hhmmbbjc-1,TMA00315,False,False,False,none
hhmmdmmg-1,TMA00315,False,False,False,none
hhmnplkm-1,TMA00315,False,False,False,none
hhnbkkld-1,TMA00315,False,False,False,none
hhncfkph-1,TMA00315,False,False,False,none
hhndhpjb-1,TMA00315,False,False,False,none
hhngifia-1,TMA00315,False,False,False,none
hhngnkke-1,TMA00315,False,False,False,none
hhnhcebe-1,TMA00315,False,False,False,none
hhnjiphh-1,TMA00315,False,False,False,none
hhnkedfp-1,TMA00315,False,False,False,none
hhnlcnjg-1,TMA00315,False,False,False,none
hhnonoao-1,TMA00315,False,False,False,none
hhocmlck-1,TMA00315,False,False,False,none
hhokffjg-1,TMA00315,False,False,False,none
hhomlgjc-1,TMA00315,False,False,False,none
hhopgmlb-1,TMA00315,False,False,False,none
hhpfclkm-1,TMA00315,False,False,False,none
hhpfmaie-1,TMA00315,False,False,False,none
hhpgjgen-1,TMA00315,False,False,False,none
hhpilinj-1,TMA00315,False,False,False,none
hhplcdhh-1,TMA00315,False,False,False,none
hhppdooo-1,TMA00315,False,False,False,none
hhppjhlh-1,TMA00315,False,False,False,none
hiabknoh-1,TMA00315,False,False,False,none
hiafcljb-1,TMA00315,False,False,False,none
hiajdogi-1,TMA00315,False,False,False,none
hiambmni-1,TMA00315,False,False,False,none
hiamhcla-1,TMA00315,False,False,False,none
hiaojpbi-1,TMA00315,False,False,False,none
hibjdkda-1,TMA00315,False,False,False,none
hicaofgk-1,TMA00315,False,False,False,none
hicecini-1,TMA00315,False,False,False,none
hicgammc-1,TMA00315,False,False,False,none
hicjfpln-1,TMA00315,False,False,False,none
hickpldn-1,TMA00315,False,False,False,none
hidcncck-1,TMA00315,False,False,False,none
hidjeoan-1,TMA00315,False,False,False,none
hidjigpi-1,TMA00315,False,False,False,none
hidknemj-1,TMA00315,False,False,False,none
hidmpkgi-1,TMA00315,False,False,False,none
hieaocon-1,TMA00315,False,False,False,none
hiecjmpo-1,TMA00315,False,False,False,none
hieebeap-1,TMA00315,False,False,False,none
hieebmfm-1,TMA00315,False,False,False,none
hieegeji-1,TMA00315,False,False,False,none
hieglpjj-1,TMA00315,False,False,False,none
hiehgdfn-1,TMA00315,False,False,False,none
hiejodja-1,TMA00315,False,False,False,none
hiekacid-1,TMA00315,False,False,False,none
hieldgon-1,TMA00315,False,False,False,none
hienppdd-1,TMA00315,False,False,False,none
hifackml-1,TMA00315,False,False,False,none
hifcdhbd-1,TMA00315,False,False,False,none
hiffobcd-1,TMA00315,False,False,False,none
hiffpeph-1,TMA00315,False,False,False,none
hihbbpoe-1,TMA00315,False,False,False,none
hiikolbp-1,TMA00315,False,False,False,none
hikbkkfn-1,TMA00315,False,False,False,none
hikcldmn-1,TMA00315,False,False,False,none
hjanhlkf-1,TMA00315,False,False,False,none
hjdknfkc-1,TMA00315,False,False,False,none
hjdoibcc-1,TMA00315,False,False,False,none
hjdpcejk-1,TMA00315,False,False,False,none
hjehcibp-1,TMA00315,False,False,False,none
hjfkigmn-1,TMA00315,False,False,False,none
hjicppco-1,TMA00315,False,False,False,none
hjjgpgej-1,TMA00315,False,False,False,none
hjkhhojn-1,TMA00315,False,False,False,none
hjmjbeek-1,TMA00315,False,False,False,none
hjmllkni-1,TMA00315,False,False,False,none
hjnlkclk-1,TMA00315,False,False,False,none
hjnmjbbj-1,TMA00315,False,False,False,none
hjocbfff-1,TMA00315,False,False,False,none
hjohgfhn-1,TMA00315,False,False,False,none
hjohljdl-1,TMA00315,False,False,False,none
hjpmedfg-1,TMA00315,False,False,False,none
hjppiifm-1,TMA00315,False,False,False,none
hkabehgh-1,TMA00315,False,False,False,none
hkahgagi-1,TMA00315,False,False,False,none
hkamckhd-1,TMA00315,False,False,False,none
hkbhgofg-1,TMA00315,False,False,False,none
hkbjpmka-1,TMA00315,False,False,False,none
hkbnkfef-1,TMA00315,False,False,False,none
hkbomkbj-1,TMA00315,False,False,False,none
hkcdiano-1,TMA00315,False,False,False,none
hkcpeghl-1,TMA00315,False,False,False,none
hkdedakc-1,TMA00315,False,False,False,none
hkdfechh-1,TMA00315,False,False,False,none
hkdgmcke-1,TMA00315,False,False,False,none
hkdgoihb-1,TMA00315,False,False,False,none
hkdhflcb-1,TMA00315,False,False,False,none
hkdiafpf-1,TMA00315,False,False,False,none
hkdigfjo-1,TMA00315,False,False,False,none
hkdjchmn-1,TMA00315,False,False,False,none
hkdkblhk-1,TMA00315,False,False,False,none
hkdkhoik-1,TMA00315,False,False,False,none
hkdlgnof-1,TMA00315,False,False,False,none
hkdlkkma-1,TMA00315,False,False,False,none
hkdmblpe-1,TMA00315,False,False,False,none
hkdmkggg-1,TMA00315,False,False,False,none
hkdplojg-1,TMA00315,False,False,False,none
hkedaida-1,TMA00315,False,False,False,none
hkeedogc-1,TMA00315,False,False,False,none
hkeepphn-1,TMA00315,False,False,False,none
hkefcdip-1,TMA00315,False,False,False,none
hkehiele-1,TMA00315,False,False,False,none
hkehnaaa-1,TMA00315,False,False,False,none
hkfcchjh-1,TMA00315,False,False,False,none
hkfgcbne-1,TMA00315,False,False,False,none
hkfkadeh-1,TMA00315,False,False,False,none
hkfkgeoi-1,TMA00315,False,False,False,none
hkfojigg-1,TMA00315,False,False,False,none
hkggoekj-1,TMA00315,False,False,False,none
hkhaegge-1,TMA00315,False,False,False,none
hkhgmenm-1,TMA00315,False,False,False,none
hkhibmbc-1,TMA00315,False,False,False,none
hkhlenpd-1,TMA00315,False,False,False,none
hkibmleb-1,TMA00315,False,False,False,none
hkicompd-1,TMA00315,False,False,False,none
hkigongg-1,TMA00315,False,False,False,none
hkiibkmk-1,TMA00315,False,False,False,none
hkimdlec-1,TMA00315,False,False,False,none
hkinbego-1,TMA00315,False,False,False,none
hkinboif-1,TMA00315,False,False,False,none
hkjbamig-1,TMA00315,False,False,False,none
hkjdhhpi-1,TMA00315,False,False,False,none
hkjdnbkg-1,TMA00315,False,False,False,none
hkjhlgbf-1,TMA00315,False,False,False,none
hkjhpmph-1,TMA00315,False,False,False,none
hkjlgbnn-1,TMA00315,False,False,False,none
hkjlnbpc-1,TMA00315,False,False,False,none
hkkckkfh-1,TMA00315,False,False,False,none
hkkeakfn-1,TMA00315,False,False,False,none
hkkeonmk-1,TMA00315,False,False,False,none
hkkhiilb-1,TMA00315,False,False,False,none
hkkiiime-1,TMA00315,False,False,False,none
hkklakpm-1,TMA00315,False,False,False,none
hkknflkm-1,TMA00315,False,False,False,none
hkknijbc-1,TMA00315,False,False,False,none
hklemgoj-1,TMA00315,False,False,False,none
hklfjifj-1,TMA00315,False,False,False,none
hklihhhh-1,TMA00315,False,False,False,none
hkliolcb-1,TMA00315,False,False,False,none
hkmbjken-1,TMA00315,False,False,False,none
hkmchhkm-1,TMA00315,False,False,False,none
hkmdhbjm-1,TMA00315,False,False,False,none
hkmhhmid-1,TMA00315,False,False,False,none
hkmjgnnf-1,TMA00315,False,False,False,none
hkmlkhbd-1,TMA00315,False,False,False,none
hkndnafe-1,TMA00315,False,False,False,none
hknhhjbp-1,TMA00315,False,False,False,none
hkoaiabn-1,TMA00315,False,False,False,none
hkocfcpb-1,TMA00315,False,False,False,none
hkodhdem-1,TMA00315,False,False,False,none
hkognieg-1,TMA00315,False,False,False,none
hkogphne-1,TMA00315,False,False,False,none
hkomeecb-1,TMA00315,False,False,False,none
hkonjjii-1,TMA00315,False,False,False,none
hkpbpnmj-1,TMA00315,False,False,False,none
hkpcajdm-1,TMA00315,False,False,False,none
hkpdadfc-1,TMA00315,False,False,False,none
hkpemkic-1,TMA00315,False,False,False,none
hkpginfh-1,TMA00315,False,False,False,none
hkplchpd-1,TMA00315,False,False,False,none
hlaaoagi-1,TMA00315,False,False,False,none
hlabjfib-1,TMA00315,False,False,False,none
hlabkjeo-1,TMA00315,False,False,False,none
hladcdji-1,TMA00315,False,False,False,none
hladdlhi-1,TMA00315,False,False,False,none
hlaeafcf-1,TMA00315,False,False,False,none
hlaegpbb-1,TMA00315,False,False,False,none
hlahfflj-1,TMA00315,False,False,False,none
hlaijonh-1,TMA00315,False,False,False,none
hlailjho-1,TMA00315,False,False,False,none
hlajpnbm-1,TMA00315,False,False,False,none
hlalmipp-1,TMA00315,False,False,False,none
hlaoiebk-1,TMA00315,False,False,False,none
hlbhhpcd-1,TMA00315,False,False,False,none
hlblcacc-1,TMA00315,False,False,False,none
hlbllene-1,TMA00315,False,False,False,none
hlbmdkce-1,TMA00315,False,False,False,none
hlbmomoj-1,TMA00315,False,False,False,none
hlbngbdk-1,TMA00315,False,False,False,none
hlbnjjni-1,TMA00315,False,False,False,none
hlbohipc-1,TMA00315,False,False,False,none
hlboinkp-1,TMA00315,False,False,False,none
hlcapgmb-1,TMA00315,False,False,False,none
hldklchk-1,TMA00315,False,False,False,none
hldldnap-1,TMA00315,False,False,False,none
hldmnmmd-1,TMA00315,False,False,False,none
hldnonpc-1,TMA00315,False,False,False,none
hleminnc-1,TMA00315,False,False,False,none
hlenjmkb-1,TMA00315,False,False,False,none
hlfdehma-1,TMA00315,False,False,False,none
hlfhamnh-1,TMA00315,False,False,False,none
hlfhplpd-1,TMA00315,False,False,False,none
hlfkdjck-1,TMA00315,False,False,False,none
hlfmlafh-1,TMA00315,False,False,False,none
hlfnanln-1,TMA00315,False,False,False,none
hlfnligh-1,TMA00315,False,False,False,none
hlhbnioj-1,TMA00315,False,False,False,none
hlheklne-1,TMA00315,False,False,False,none
hlhhnkde-1,TMA00315,False,False,False,none
hlhmfemd-1,TMA00315,False,False,False,none
hlhogpaa-1,TMA00315,False,False,False,none
hliacagm-1,TMA00315,False,False,False,none
hlieofmo-1,TMA00315,False,False,False,none
hligabgm-1,TMA00315,False,False,False,none
hlijenpn-1,TMA00315,False,False,False,none
hljgneng-1,TMA00315,False,False,False,none
hljibgdi-1,TMA00315,False,False,False,none
hljjlpkk-1,TMA00315,False,False,False,none
hljlnlck-1,TMA00315,False,False,False,none
hlkikejk-1,TMA00315,False,False,False,none
hlkpepof-1,TMA00315,False,False,False,none
hllkdlgo-1,TMA00315,False,False,False,none
hlllconc-1,TMA00315,False,False,False,none
hllodpbj-1,TMA00315,False,False,False,none
hllonpjd-1,TMA00315,False,False,False,none
hllpeeep-1,TMA00315,False,False,False,none
hllpndcm-1,TMA00315,False,False,False,none
hllppccg-1,TMA00315,False,False,False,none
hlmbgdla-1,TMA00315,False,False,False,none
hlmblpio-1,TMA00315,False,False,False,none
hlmmkkop-1,TMA00315,False,False,False,none
hlmolloa-1,TMA00315,False,False,False,none
hlmpgmaf-1,TMA00315,False,False,False,none
hlnecbej-1,TMA00315,False,False,False,none
hlnhedfg-1,TMA00315,False,False,False,none
hlnkilpa-1,TMA00315,False,False,False,none
hlnmejfi-1,TMA00315,False,False,False,none
hlnmngcc-1,TMA00315,False,False,False,none
hloaofbe-1,TMA00315,False,False,False,none
hloiboal-1,TMA00315,False,False,False,none
hlojmecf-1,TMA00315,False,False,False,none
hlomajhd-1,TMA00315,False,False,False,none
hlpeklin-1,TMA00315,False,False,False,none
hlphibik-1,TMA00315,False,False,False,none
hmaapaac-1,TMA00315,False,False,False,none
hmahfomj-1,TMA00315,False,False,False,none
hmamihke-1,TMA00315,False,False,False,none
hmanllhb-1,TMA00315,False,False,False,none
hmbbbnhf-1,TMA00315,False,False,False,none
hmbdbmgd-1,TMA00315,False,False,False,none
hmbdcmlk-1,TMA00315,False,False,False,none
hmbejdgi-1,TMA00315,False,False,False,none
hmbinopp-1,TMA00315,False,False,False,none
hmbipblf-1,TMA00315,False,False,False,none
hmbmihoo-1,TMA00315,False,False,False,none
hmdklfpp-1,TMA00315,False,False,False,none
hmfgohhc-1,TMA00315,False,False,False,none
hmfhlnlm-1,TMA00315,False,False,False,none
hmfjjman-1,TMA00315,False,False,False,none
hmfphmbi-1,TMA00315,False,False,False,none
hmgelaim-1,TMA00315,False,False,False,none
hmggjfbe-1,TMA00315,False,False,False,none
hmghkfha-1,TMA00315,False,False,False,none
hmgjjplk-1,TMA00315,False,False,False,none
hmgjnmjk-1,TMA00315,False,False,False,none
hmglnfaj-1,TMA00315,True,False,False,EGFP_Seq1_hi
hmgmjneh-1,TMA00315,False,False,False,none
hmgnkfcc-1,TMA00315,False,False,False,none
hmgpdbml-1,TMA00315,False,False,False,none
hmhbeofb-1,TMA00315,False,False,False,none
hmhboepl-1,TMA00315,False,False,False,none
hmhfnhmh-1,TMA00315,False,False,False,none
hmhgdjnn-1,TMA00315,False,False,False,none
hmhheimp-1,TMA00315,False,False,False,none
hmhhppki-1,TMA00315,False,False,False,none
hmhichfi-1,TMA00315,False,False,False,none
hmhicjjl-1,TMA00315,False,False,False,none
hmhifglp-1,TMA00315,False,False,False,none
hmhigofn-1,TMA00315,False,False,False,none
hmhnapnc-1,TMA00315,False,False,False,none
hmhnkaip-1,TMA00315,False,False,False,none
hmhpoohm-1,TMA00315,False,False,False,none
hmlgkahg-1,TMA00315,False,False,False,none
hmlglcio-1,TMA00315,False,False,False,none
hmlkfaam-1,TMA00315,False,False,False,none
hmnegkgm-1,TMA00315,False,False,False,none
hmnmibma-1,TMA00315,False,False,False,none
hmnoicfh-1,TMA00315,False,False,False,none
hmodedmd-1,TMA00315,False,False,False,none
hmofcbod-1,TMA00315,False,False,False,none
hmojeoll-1,TMA00315,False,False,False,none
hmoloclc-1,TMA00315,False,False,False,none
hmoogpmf-1,TMA00315,False,False,False,none
hmoomnce-1,TMA00315,False,False,False,none
hmpnjhma-1,TMA00315,False,False,False,none
hnaafdaa-1,TMA00315,False,False,False,none
hnakmgck-1,TMA00315,False,False,False,none
hnamedjl-1,TMA00315,False,False,False,none
hnbckkob-1,TMA00315,False,False,False,none
hnbphfgp-1,TMA00315,False,False,False,none
hncaggml-1,TMA00315,False,False,False,none
hnccajce-1,TMA00315,False,False,False,none
hnchnkef-1,TMA00315,False,False,False,none
hncmgpgo-1,TMA00315,False,False,False,none
hnfhockd-1,TMA00315,False,False,False,none
hnhajcml-1,TMA00315,False,False,False,none
hnhbbolo-1,TMA00315,False,False,False,none
hnhficef-1,TMA00315,False,False,False,none
hnhhnggl-1,TMA00315,False,False,False,none
hnhkapkd-1,TMA00315,False,False,False,none
hniiikff-1,TMA00315,False,False,False,none
hnjffonl-1,TMA00315,False,False,False,none
hnjkfefb-1,TMA00315,False,False,False,none
hnjmdcmd-1,TMA00315,False,False,False,none
hnkafjmk-1,TMA00315,False,False,False,none
hnkcpkmp-1,TMA00315,False,False,False,none
hnkhiogg-1,TMA00315,False,False,False,none
hnlfmhnn-1,TMA00315,False,False,False,none
hnmdbfnm-1,TMA00315,False,False,False,none
hnmjgppj-1,TMA00315,False,False,False,none
hnneopad-1,TMA00315,False,False,False,none
hnoeofnc-1,TMA00315,False,False,False,none
hnoflnal-1,TMA00315,False,False,False,none
hnohafga-1,TMA00315,False,False,False,none
hnoihlnp-1,TMA00315,False,False,False,none
hnomphcp-1,TMA00315,False,False,False,none
hnoncgih-1,TMA00315,False,False,False,none
hnonhckc-1,TMA00315,False,False,False,none
hobkdopn-1,TMA00315,False,False,False,none
hoebnmdb-1,TMA00315,False,False,False,none
hoefjpmd-1,TMA00315,False,False,False,none
hoefolhd-1,TMA00315,False,False,False,none
hoeikapn-1,TMA00315,False,False,False,none
hojinofc-1,TMA00315,False,False,False,none
hojoekll-1,TMA00315,False,False,False,none
hojpkfah-1,TMA00315,False,False,False,none
hokcgdfa-1,TMA00315,False,False,False,none
hokiigph-1,TMA00315,False,False,False,none
hokoidfa-1,TMA00315,False,False,False,none
holnffhl-1,TMA00315,False,False,False,none
homhfomn-1,TMA00315,False,False,False,none
hommcdoc-1,TMA00315,False,False,False,none
homnppmi-1,TMA00315,False,False,False,none
hoocadbo-1,TMA00315,False,False,False,none
hooodgdm-1,TMA00315,False,False,False,none
hopkngpm-1,TMA00315,False,False,False,none
hpbdgdhi-1,TMA00315,False,False,False,none
hpbeikae-1,TMA00315,False,False,False,none
hpbifoig-1,TMA00315,False,False,False,none
hpbnmnob-1,TMA00315,False,False,False,none
hpbocchl-1,TMA00315,False,False,False,none
hpcccijh-1,TMA00315,False,False,False,none
hpcdnehi-1,TMA00315,False,False,False,none
hpcdomcb-1,TMA00315,False,False,False,none
hpeallch-1,TMA00315,False,False,False,none
hpeplmoe-1,TMA00315,False,False,False,none
hpfefboo-1,TMA00315,False,False,False,none
hpjecdda-1,TMA00315,False,False,False,none
hpjmghjh-1,TMA00315,False,False,False,none
hplhphbk-1,TMA00315,False,False,False,none
hpljlhje-1,TMA00315,False,False,False,none
hplpanai-1,TMA00315,False,False,False,none
hpmahihg-1,TMA00315,False,False,False,none
hpmbggik-1,TMA00315,False,False,False,none
hpmefdci-1,TMA00315,False,False,False,none
hpmehalh-1,TMA00315,False,False,False,none
hpmfpied-1,TMA00315,False,False,False,none
hpmlcgok-1,TMA00315,False,False,False,none
hpmldojm-1,TMA00315,False,False,False,none
hpnafklo-1,TMA00315,False,False,False,none
hpnbdidc-1,TMA00315,False,False,False,none
hpncaahh-1,TMA00315,False,False,False,none
hpninjom-1,TMA00315,False,False,False,none
hpnofhbf-1,TMA00315,False,False,False,none
hpocbjnk-1,TMA00315,False,False,False,none
hpocefgf-1,TMA00315,False,False,False,none
hpodbhca-1,TMA00315,False,False,False,none
hpodnpke-1,TMA00315,False,False,False,none
hpoffaga-1,TMA00315,False,False,False,none
hpogjgia-1,TMA00315,False,False,False,none
hpohmmgc-1,TMA00315,False,False,False,none
hpoieefe-1,TMA00315,False,False,False,none
hpoieeka-1,TMA00315,False,False,False,none
hpomckgl-1,TMA00315,False,False,False,none
hpphgdmm-1,TMA00315,False,False,False,none
iaaaeghn-1,TMA00315,False,False,False,none
iaagagpn-1,TMA00315,False,False,False,none
iaagbndo-1,TMA00315,False,False,False,none
iaakclgh-1,TMA00315,False,False,False,none
iaanhapj-1,TMA00315,False,False,False,none
iaapgnbc-1,TMA00315,False,False,False,none
iabeakfk-1,TMA00315,False,False,False,none
iabelnig-1,TMA00315,False,False,False,none
iabhpldp-1,TMA00315,False,False,False,none
iabiblde-1,TMA00315,False,False,False,none
iabmcfkp-1,TMA00315,False,False,False,none
iacajkgo-1,TMA00315,False,False,False,none
iaceajjm-1,TMA00315,False,False,False,none
iachkidf-1,TMA00315,False,False,False,none
iachkklm-1,TMA00315,False,False,False,none
iacmkflf-1,TMA00315,False,False,False,none
iadbggkf-1,TMA00315,False,False,False,none
iaddidmj-1,TMA00315,False,False,False,none
iadjdbhj-1,TMA00315,False,False,False,none
iadjfjim-1,TMA00315,False,False,False,none
iaebdmmm-1,TMA00315,False,False,False,none
iaefmbpp-1,TMA00315,False,False,False,none
iaekhmnl-1,TMA00315,False,False,False,none
iaeneamn-1,TMA00315,False,False,False,none
iaepeeac-1,TMA00315,False,False,False,none
iafclnkh-1,TMA00315,False,False,False,none
iafekgjp-1,TMA00315,False,False,False,none
iafmhmgj-1,TMA00315,False,False,False,none
iafnmhka-1,TMA00315,False,False,False,none
iafocdcj-1,TMA00315,False,False,False,none
iagajcbk-1,TMA00315,False,False,False,none
iagbndfc-1,TMA00315,False,False,False,none
iagcnnem-1,TMA00315,False,False,False,none
iagffbhj-1,TMA00315,False,False,False,none
iagidmln-1,TMA00315,False,False,False,none
iagjeaca-1,TMA00315,False,False,False,none
iagncenh-1,TMA00315,False,False,False,none
iahdddnn-1,TMA00315,False,False,False,none
iahghfih-1,TMA00315,False,False,False,none
iaidgfic-1,TMA00315,False,False,False,none
iaigodfj-1,TMA00315,False,False,False,none
iaihpdfg-1,TMA00315,False,False,False,none
iaiikcda-1,TMA00315,False,False,False,none
iaijgjpf-1,TMA00315,False,False,False,none
iajfjpld-1,TMA00315,False,False,False,none
iajgpopb-1,TMA00315,False,False,False,none
iajmaini-1,TMA00315,False,False,False,none
iajnmpjl-1,TMA00315,False,False,False,none
iajoodpj-1,TMA00315,False,False,False,none
iakdmaak-1,TMA00315,False,False,False,none
iakfanbh-1,TMA00315,False,False,False,none
iakgfblj-1,TMA00315,False,False,False,none
iakhioob-1,TMA00315,False,False,False,none
iaklghde-1,TMA00315,False,False,False,none
iakmfici-1,TMA00315,False,False,False,none
iakmmnhf-1,TMA00315,False,False,False,none
iakolnbk-1,TMA00315,False,False,False,none
ialakald-1,TMA00315,False,False,False,none
ialdopjb-1,TMA00315,False,False,False,none
ialfncfe-1,TMA00315,False,False,False,none
ialoibmc-1,TMA00315,False,False,False,none
iameejcp-1,TMA00315,False,False,False,none
iamjgbgj-1,TMA00315,False,False,False,none
iamkopaj-1,TMA00315,False,False,False,none
iamlcfec-1,TMA00315,False,False,False,none
iamlclij-1,TMA00315,False,False,False,none
iammbbml-1,TMA00315,False,False,False,none
iamnlclo-1,TMA00315,False,False,False,none
iampfekd-1,TMA00315,False,False,False,none
iancalcm-1,TMA00315,False,False,False,none
iandfheo-1,TMA00315,False,False,False,none
ianelnmm-1,TMA00315,False,False,False,none
ianfheif-1,TMA00315,False,False,False,none
ianfkahg-1,TMA00315,False,False,False,none
ianjaiho-1,TMA00315,False,False,False,none
ianljkno-1,TMA00315,False,False,False,none
ianmdnme-1,TMA00315,False,False,False,none
ianmdonp-1,TMA00315,False,False,False,none
iaocampn-1,TMA00315,False,False,False,none
iaocodmc-1,TMA00315,False,False,False,none
iaoehmpe-1,TMA00315,False,False,False,none
iaofhmdp-1,TMA00315,False,False,False,none
iaofpbmn-1,TMA00315,False,False,False,none
iaoggddn-1,TMA00315,False,False,False,none
iaokhako-1,TMA00315,False,False,False,none
iapafajo-1,TMA00315,False,False,False,none
iapahkgg-1,TMA00315,False,False,False,none
iapcigfp-1,TMA00315,False,False,False,none
iapcokib-1,TMA00315,False,False,False,none
iapdfpdl-1,TMA00315,False,False,False,none
iapeamff-1,TMA00315,False,False,False,none
iapfjjad-1,TMA00315,False,False,False,none
iapjgige-1,TMA00315,False,False,False,none
iapojjbi-1,TMA00315,False,False,False,none
ibaaikda-1,TMA00315,False,False,False,none
ibabjiba-1,TMA00315,False,False,False,none
ibacmlnf-1,TMA00315,False,False,False,none
ibafdpdm-1,TMA00315,False,False,False,none
ibaichck-1,TMA00315,False,False,False,none
ibappjka-1,TMA00315,False,False,False,none
ibbajigc-1,TMA00315,False,False,False,none
ibbebkpk-1,TMA00315,False,False,False,none
ibbfhadh-1,TMA00315,False,False,False,none
ibbgknge-1,TMA00315,False,False,False,none
ibbhlbpo-1,TMA00315,False,False,False,none
ibbifpkj-1,TMA00315,False,False,False,none
ibbolblf-1,TMA00315,False,False,False,none
ibbpdnoe-1,TMA00315,False,False,False,none
ibcacjnm-1,TMA00315,False,False,False,none
ibccpagi-1,TMA00315,False,False,False,none
ibcenadk-1,TMA00315,False,False,False,none
ibcfbcke-1,TMA00315,False,False,False,none
ibcfpfli-1,TMA00315,False,False,False,none
ibcickal-1,TMA00315,False,False,False,none
ibcjpbhj-1,TMA00315,False,False,False,none
ibcljngf-1,TMA00315,False,False,False,none
ibcondbj-1,TMA00315,False,False,False,none
ibcooolo-1,TMA00315,False,False,False,none
ibcpoibf-1,TMA00315,False,False,False,none
ibdcmhfn-1,TMA00315,False,False,False,none
ibdfbcfg-1,TMA00315,False,False,False,none
ibdhiief-1,TMA00315,False,False,False,none
ibdibgba-1,TMA00315,False,False,False,none
ibdinfkp-1,TMA00315,False,False,False,none
ibdohodb-1,TMA00315,False,False,False,none
ibdpgkjg-1,TMA00315,False,False,False,none
ibecnmjh-1,TMA00315,False,False,False,none
ibeebojk-1,TMA00315,False,False,False,none
ibeefgjf-1,TMA00315,False,False,False,none
ibeehfcp-1,TMA00315,False,False,False,none
ibenpflf-1,TMA00315,False,False,False,none
ibeojakf-1,TMA00315,False,False,False,none
ibffjcoa-1,TMA00315,False,False,False,none
ibfhehom-1,TMA00315,False,False,False,none
ibfhfmde-1,TMA00315,False,False,False,none
ibfiocgk-1,TMA00315,False,False,False,none
ibfnkgkk-1,TMA00315,False,False,False,none
ibfonhnl-1,TMA00315,False,False,False,none
ibfpfkbi-1,TMA00315,False,False,False,none
ibgbkoie-1,TMA00315,False,False,False,none
ibgchfac-1,TMA00315,False,False,False,none
ibgdiffn-1,TMA00315,False,False,False,none
ibgfbafg-1,TMA00315,False,False,False,none
ibghmjha-1,TMA00315,False,False,False,none
ibgigibf-1,TMA00315,False,False,False,none
ibhdcoep-1,TMA00315,False,False,False,none
ibhdmofm-1,TMA00315,False,False,False,none
ibhdpmdd-1,TMA00315,False,False,False,none
ibhhjdom-1,TMA00315,False,False,False,none
ibhiemcj-1,TMA00315,False,False,False,none
ibhiggmi-1,TMA00315,False,False,False,none
ibhiikfi-1,TMA00315,False,False,False,none
ibhjpnfo-1,TMA00315,False,False,False,none
ibhokmed-1,TMA00315,False,False,False,none
ibianpbd-1,TMA00315,False,False,False,none
ibieiebl-1,TMA00315,False,False,False,none
ibiiglam-1,TMA00315,False,False,False,none
ibijgiai-1,TMA00315,False,False,False,none
ibilnafb-1,TMA00315,False,False,False,none
ibjclomi-1,TMA00315,False,False,False,none
ibjfgcnd-1,TMA00315,False,False,False,none
ibjfggol-1,TMA00315,False,False,False,none
ibjimfob-1,TMA00315,False,False,False,none
ibkcfbmb-1,TMA00315,False,False,False,none
ibkdhecc-1,TMA00315,False,False,False,none
ibkebnje-1,TMA00315,False,False,False,none
ibkhhmak-1,TMA00315,False,False,False,none
ibkjadpe-1,TMA00315,False,False,False,none
ibkjgekc-1,TMA00315,False,False,False,none
iblfglai-1,TMA00315,False,False,False,none
iblgmfni-1,TMA00315,False,False,False,none
iblkdmjo-1,TMA00315,False,False,False,none
iblldfkn-1,TMA00315,False,False,False,none
iblljego-1,TMA00315,False,False,False,none
iblnibjc-1,TMA00315,False,False,False,none
ibmbjdfh-1,TMA00315,False,False,False,none
ibmfehhk-1,TMA00315,False,False,False,none
ibmhgodd-1,TMA00315,False,False,False,none
ibmkehie-1,TMA00315,False,False,False,none
ibmomloc-1,TMA00315,False,False,False,none
ibnlieif-1,TMA00315,False,False,False,none
ibnndoje-1,TMA00315,False,False,False,none
ibnomnhc-1,TMA00315,False,False,False,none
ibobpncf-1,TMA00315,False,False,False,none
ibodmloc-1,TMA00315,False,False,False,none
iboeeeaj-1,TMA00315,False,False,False,none
ibogbdfe-1,TMA00315,False,False,False,none
ibpbbkpp-1,TMA00315,False,False,False,none
ibpklcff-1,TMA00315,False,False,False,none
icadaleo-1,TMA00315,False,False,False,none
icakbmhm-1,TMA00315,False,False,False,none
icbgndia-1,TMA00315,False,False,False,none
icbiiddl-1,TMA00315,False,False,False,none
icbijkno-1,TMA00315,False,False,False,none
icblckmb-1,TMA00315,False,False,False,none
icbnnmgp-1,TMA00315,False,False,False,none
icbpkldj-1,TMA00315,False,False,False,none
iccejkhh-1,TMA00315,False,False,False,none
iccelcma-1,TMA00315,False,False,False,none
icchedij-1,TMA00315,False,False,False,none
iccohgoh-1,TMA00315,False,False,False,none
iccpppce-1,TMA00315,False,False,False,none
icdallfd-1,TMA00315,False,False,False,none
icdcpplc-1,TMA00315,False,False,False,none
icdfhhnd-1,TMA00315,False,False,False,none
icdhgcjo-1,TMA00315,False,False,False,none
icdkimpj-1,TMA00315,False,False,False,none
icdnfpda-1,TMA00315,False,False,False,none
icdobhpd-1,TMA00315,False,False,False,none
icdpcooj-1,TMA00315,False,False,False,none
iceckndb-1,TMA00315,False,False,False,none
iceefjek-1,TMA00315,False,False,False,none
icemhegd-1,TMA00315,False,False,False,none
icenbgeg-1,TMA00315,False,False,False,none
icenhcho-1,TMA00315,False,False,False,none
icenmajm-1,TMA00315,False,False,False,none
icfddjin-1,TMA00315,False,False,False,none
icfegpgo-1,TMA00315,False,False,False,none
icfekdde-1,TMA00315,False,False,False,none
icfghfgk-1,TMA00315,False,False,False,none
icfnjjif-1,TMA00315,False,False,False,none
icfohdil-1,TMA00315,False,False,False,none
icgckcbk-1,TMA00315,False,False,False,none
icgenkee-1,TMA00315,False,False,False,none
icggmkhk-1,TMA00315,False,False,False,none
icghbfjo-1,TMA00315,False,False,False,none
icgmmmnh-1,TMA00315,False,False,False,none
icgogbaj-1,TMA00315,False,False,False,none
ichglldi-1,TMA00315,False,False,False,none
ichhicpi-1,TMA00315,False,False,False,none
ichlibje-1,TMA00315,False,False,False,none
ichlikof-1,TMA00315,False,False,False,none
ichnpedo-1,TMA00315,False,False,False,none
icibhajk-1,TMA00315,False,False,False,none
iciclipe-1,TMA00315,False,False,False,none
icihdabk-1,TMA00315,False,False,False,none
icimbblg-1,TMA00315,False,False,False,none
iciodbni-1,TMA00315,False,False,False,none
iciodebk-1,TMA00315,False,False,False,none
icipinfl-1,TMA00315,False,False,False,none
icjbeabi-1,TMA00315,False,False,False,none
icjdeolm-1,TMA00315,False,False,False,none
ickbcnbp-1,TMA00315,False,False,False,none
ickeofgp-1,TMA00315,False,False,False,none
ickhkpng-1,TMA00315,False,False,False,none
ickmfhgl-1,TMA00315,False,False,False,none
ickmlmni-1,TMA00315,False,False,False,none
icknbdcg-1,TMA00315,False,False,False,none
icldmaoe-1,TMA00315,False,False,False,none
iclibgph-1,TMA00315,False,False,False,none
iclikjef-1,TMA00315,False,False,False,none
icllicmd-1,TMA00315,False,False,False,none
iclmjadn-1,TMA00315,False,False,False,none
icmaealo-1,TMA00315,False,False,False,none
icmdadbl-1,TMA00315,False,False,False,none
icmdgkap-1,TMA00315,False,False,False,none
icmjmien-1,TMA00315,False,False,False,none
icmkmfan-1,TMA00315,False,False,False,none
icmpldgl-1,TMA00315,False,False,False,none
icnakgno-1,TMA00315,False,False,False,none
icnghgbo-1,TMA00315,False,False,False,none
icnilakn-1,TMA00315,False,False,False,none
icoagipi-1,TMA00315,False,False,False,none
icobmnbp-1,TMA00315,False,False,False,none
icocibjh-1,TMA00315,False,False,False,none
icodngal-1,TMA00315,False,False,False,none
icoedekd-1,TMA00315,False,False,False,none
icogppfg-1,TMA00315,False,False,False,none
icomibod-1,TMA00315,False,False,False,none
icpbpfnn-1,TMA00315,False,False,False,none
icpcieph-1,TMA00315,False,False,False,none
icpkljea-1,TMA00315,False,False,False,none
icpnhdai-1,TMA00315,False,False,False,none
idaamacb-1,TMA00315,False,False,False,none
idaefbem-1,TMA00315,False,False,False,none
idagaibp-1,TMA00315,False,False,False,none
idaiieod-1,TMA00315,False,False,False,none
idajgbei-1,TMA00315,False,False,False,none
idajjbcl-1,TMA00315,False,False,False,none
idakboea-1,TMA00315,False,False,False,none
idakflee-1,TMA00315,False,False,False,none
idamjgnf-1,TMA00315,False,False,False,none
idanodkk-1,TMA00315,False,False,False,none
idapfjjh-1,TMA00315,False,False,False,none
idapgafn-1,TMA00315,False,False,False,none
idapjbpo-1,TMA00315,False,False,False,none
idbfefia-1,TMA00315,False,False,False,none
idbfgcne-1,TMA00315,False,False,False,none
idbhmahh-1,TMA00315,False,False,False,none
idbkpkli-1,TMA00315,False,False,False,none
idbpldgf-1,TMA00315,False,False,False,none
idcghfna-1,TMA00315,False,False,False,none
idcjcpfh-1,TMA00315,False,False,False,none
idcnndlp-1,TMA00315,False,False,False,none
idcpeeng-1,TMA00315,False,False,False,none
idddebil-1,TMA00315,False,False,False,none
idddpkbp-1,TMA00315,False,False,False,none
iddfhmio-1,TMA00315,False,False,False,none
iddkbboi-1,TMA00315,False,False,False,none
ideagpnb-1,TMA00315,False,False,False,none
ideajheh-1,TMA00315,False,False,False,none
ideapkfc-1,TMA00315,False,False,False,none
ideeahbf-1,TMA00315,False,False,False,none
idelhdpp-1,TMA00315,False,False,False,none
idemmleo-1,TMA00315,False,False,False,none
idepblgp-1,TMA00315,False,False,False,none
idfclbje-1,TMA00315,False,False,False,none
idfepmfo-1,TMA00315,False,False,False,none
idgaglgc-1,TMA00315,False,False,False,none
idgfbagm-1,TMA00315,False,False,False,none
idhampnc-1,TMA00315,False,False,False,none
idhanfcf-1,TMA00315,False,False,False,none
idhfbjdm-1,TMA00315,False,False,False,none
idhgmjnf-1,TMA00315,False,False,False,none
idhjpmbi-1,TMA00315,False,False,False,none
idhlnmkc-1,TMA00315,False,False,False,none
idjbdmke-1,TMA00315,False,False,False,none
idjbkiln-1,TMA00315,False,False,False,none
idjkibcb-1,TMA00315,False,False,False,none
idjpkpij-1,TMA00315,False,False,False,none
idkfppgg-1,TMA00315,False,False,False,none
idkhiflh-1,TMA00315,False,False,False,none
idlalfnb-1,TMA00315,False,False,False,none
idlhfbkf-1,TMA00315,False,False,False,none
idlnfpne-1,TMA00315,False,False,False,none
idlnnemc-1,TMA00315,False,False,False,none
idmdokem-1,TMA00315,False,False,False,none
idmfdkpk-1,TMA00315,False,False,False,none
idmfpbhn-1,TMA00315,False,False,False,none
idmkdfoo-1,TMA00315,False,False,False,none
idmlandk-1,TMA00315,False,False,False,none
idmncdoh-1,TMA00315,False,False,False,none
idniehic-1,TMA00315,False,False,False,none
idnliane-1,TMA00315,False,False,False,none
idnonddo-1,TMA00315,False,False,False,none
idnpphlg-1,TMA00315,False,False,False,none
idocgcod-1,TMA00315,False,False,False,none
idockpaa-1,TMA00315,False,False,False,none
idoffpfd-1,TMA00315,False,False,False,none
idogddkh-1,TMA00315,False,False,False,none
idpafmpe-1,TMA00315,False,False,False,none
idpjjpei-1,TMA00315,False,False,False,none
ieaaepke-1,TMA00315,False,False,False,none
ieafodoe-1,TMA00315,False,False,False,none
ieakhkmj-1,TMA00315,False,False,False,none
ieaoeiod-1,TMA00315,False,False,False,none
ieaohlhi-1,TMA00315,False,False,False,none
iebbbalc-1,TMA00315,False,False,False,none
iebgmiji-1,TMA00315,False,False,False,none
iebhghoa-1,TMA00315,False,False,False,none
iebinlcb-1,TMA00315,False,False,False,none
iebjfoap-1,TMA00315,False,False,False,none
ieblemdc-1,TMA00315,False,False,False,none
iebnepji-1,TMA00315,False,False,False,none
iebngekm-1,TMA00315,False,False,False,none
ieccoidj-1,TMA00315,False,False,False,none
iecpfbck-1,TMA00315,False,False,False,none
iedbdejk-1,TMA00315,False,False,False,none
iedbokcg-1,TMA00315,False,False,False,none
iedcjpbc-1,TMA00315,False,False,False,none
ieddlibo-1,TMA00315,False,False,False,none
iedegelh-1,TMA00315,False,False,False,none
iedjcbdh-1,TMA00315,False,False,False,none
iedpfdej-1,TMA00315,False,False,False,none
ieecgnih-1,TMA00315,False,False,False,none
ieeckhni-1,TMA00315,False,False,False,none
ieecnkgj-1,TMA00315,False,False,False,none
ieedolfj-1,TMA00315,False,False,False,none
ieefjnfl-1,TMA00315,False,False,False,none
ieegniop-1,TMA00315,False,False,False,none
ieegonpi-1,TMA00315,False,False,False,none
ieeifemj-1,TMA00315,False,False,False,none
ieekfagf-1,TMA00315,False,False,False,none
ieemlapi-1,TMA00315,False,False,False,none
ieenhana-1,TMA00315,False,False,False,none
iefaaaao-1,TMA00315,False,False,False,none
iefbmicd-1,TMA00315,False,False,False,none
iefdchan-1,TMA00315,False,False,False,none
iefdjing-1,TMA00315,False,False,False,none
iefemope-1,TMA00315,False,False,False,none
iefgllah-1,TMA00315,False,False,False,none
iefijpjj-1,TMA00315,False,False,False,none
iefjgmcf-1,TMA00315,False,False,False,none
iefjliib-1,TMA00315,False,False,False,none
iefkhlkc-1,TMA00315,False,False,False,none
iefnffbj-1,TMA00315,False,False,False,none
iegcbain-1,TMA00315,False,False,False,none
iegemcpk-1,TMA00315,False,False,False,none
iegghnje-1,TMA00315,False,False,False,none
ieghcdnm-1,TMA00315,False,False,False,none
iegjlfmo-1,TMA00315,False,False,False,none
iegjpngd-1,TMA00315,False,False,False,none
iegndicm-1,TMA00315,False,False,False,none
iegneloe-1,TMA00315,False,False,False,none
iegpbpfi-1,TMA00315,False,False,False,none
iehakigp-1,TMA00315,False,False,False,none
iehbdiml-1,TMA00315,False,False,False,none
iehemkpi-1,TMA00315,False,False,False,none
iehicpnn-1,TMA00315,False,False,False,none
iehjondk-1,TMA00315,False,False,False,none
iehlbeig-1,TMA00315,False,False,False,none
ieidbpeb-1,TMA00315,False,False,False,none
ieihenbb-1,TMA00315,False,False,False,none
ieihhhjl-1,TMA00315,False,False,False,none
ieiiicgl-1,TMA00315,False,False,False,none
ieilofce-1,TMA00315,False,False,False,none
ieinlggn-1,TMA00315,False,False,False,none
iejbkhdi-1,TMA00315,False,False,False,none
iejccbce-1,TMA00315,False,False,False,none
iejefdkl-1,TMA00315,False,False,False,none
iejlkcbh-1,TMA00315,False,False,False,none
iejmjfep-1,TMA00315,False,False,False,none
iejnmkan-1,TMA00315,False,False,False,none
iejollpd-1,TMA00315,False,False,False,none
iekggfhp-1,TMA00315,False,False,False,none
iekhnpem-1,TMA00315,False,False,False,none
iekkbmnm-1,TMA00315,False,False,False,none
ieklpapf-1,TMA00315,False,False,False,none
iekmdnei-1,TMA00315,False,False,False,none
ieknkghi-1,TMA00315,False,False,False,none
ielfeinh-1,TMA00315,False,False,False,none
ielfpion-1,TMA00315,False,False,False,none
iemaeion-1,TMA00315,False,False,False,none
iemcomco-1,TMA00315,False,False,False,none
iemdllae-1,TMA00315,False,False,False,none
iemhmfib-1,TMA00315,False,False,False,none
iemijecb-1,TMA00315,False,False,False,none
iemnihim-1,TMA00315,False,False,False,none
iempceon-1,TMA00315,False,False,False,none
iempdejk-1,TMA00315,False,False,False,none
ienaiofk-1,TMA00315,False,False,False,none
ienbmkde-1,TMA00315,False,False,False,none
ieneiajm-1,TMA00315,False,False,False,none
ienhdhcb-1,TMA00315,False,False,False,none
ienhfipb-1,TMA00315,False,False,False,none
ienopjjf-1,TMA00315,False,False,False,none
ieoajcfl-1,TMA00315,False,False,False,none
ieobdcln-1,TMA00315,False,False,False,none
ieocmdho-1,TMA00315,False,False,False,none
ieoenkfj-1,TMA00315,False,False,False,none
ieoojpif-1,TMA00315,False,False,False,none
ieopklnn-1,TMA00315,False,False,False,none
iephmjcc-1,TMA00315,False,False,False,none
ifabpkba-1,TMA00315,False,False,False,none
ifagahag-1,TMA00315,False,False,False,none
ifahimhj-1,TMA00315,False,False,False,none
ifakjmin-1,TMA00315,False,False,False,none
ifalpbap-1,TMA00315,False,False,False,none
ifamnbna-1,TMA00315,False,False,False,none
ifanncmg-1,TMA00315,False,False,False,none
ifbfhimk-1,TMA00315,False,False,False,none
ifbfjphb-1,TMA00315,False,False,False,none
ifbinehh-1,TMA00315,False,False,False,none
ifbomacc-1,TMA00315,False,False,False,none
ifbopbcc-1,TMA00315,False,False,False,none
ifcaiaoj-1,TMA00315,False,False,False,none
ifcfhdkl-1,TMA00315,False,False,False,none
ifcfjnan-1,TMA00315,False,False,False,none
ifcjigba-1,TMA00315,False,False,False,none
ifckbcnl-1,TMA00315,False,False,False,none
ifcmopen-1,TMA00315,False,False,False,none
ifdadgch-1,TMA00315,False,False,False,none
ifdakhkd-1,TMA00315,False,False,False,none
ifddacbg-1,TMA00315,False,False,False,none
ifdeajnf-1,TMA00315,False,False,False,none
ifdemfnb-1,TMA00315,False,False,False,none
ifdfajmn-1,TMA00315,False,False,False,none
ifdifbek-1,TMA00315,False,False,False,none
ifdmihkp-1,TMA00315,False,False,False,none
ifdpfkaa-1,TMA00315,False,False,False,none
ifefgjpf-1,TMA00315,False,False,False,none
ifejigjj-1,TMA00315,False,False,False,none
ifelgmmk-1,TMA00315,False,False,False,none
ifemdbgb-1,TMA00315,False,False,False,none
iffbkpoa-1,TMA00315,False,False,False,none
iffcjapp-1,TMA00315,False,False,False,none
iffembph-1,TMA00315,False,False,False,none
iffibfnb-1,TMA00315,False,False,False,none
iffiohgm-1,TMA00315,False,False,False,none
iffjomcm-1,TMA00315,False,False,False,none
iffminka-1,TMA00315,False,False,False,none
iffndgpi-1,TMA00315,False,False,False,none
ifgaocea-1,TMA00315,False,False,False,none
ifgbeacp-1,TMA00315,False,False,False,none
ifgbfoki-1,TMA00315,False,False,False,none
ifggoemj-1,TMA00315,False,False,False,none
ifgjjbld-1,TMA00315,False,False,False,none
ifgkcmci-1,TMA00315,False,False,False,none
ifhamnnb-1,TMA00315,False,False,False,none
ifhckcil-1,TMA00315,False,False,False,none
ifhfmbml-1,TMA00315,False,False,False,none
ifhhgbdj-1,TMA00315,False,False,False,none
ifhigpal-1,TMA00315,False,False,False,none
ifhihkbk-1,TMA00315,False,False,False,none
ifhimahp-1,TMA00315,False,False,False,none
ifhlggik-1,TMA00315,False,False,False,none
ifiagmbg-1,TMA00315,False,False,False,none
ifibjbdh-1,TMA00315,False,False,False,none
ifiebadf-1,TMA00315,False,False,False,none
ififaaca-1,TMA00315,False,False,False,none
ifigfobd-1,TMA00315,False,False,False,none
ifiioeaf-1,TMA00315,False,False,False,none
ifijhfkc-1,TMA00315,False,False,False,none
ifijmdjn-1,TMA00315,False,False,False,none
ifikkjma-1,TMA00315,False,False,False,none
ifipmmbf-1,TMA00315,False,False,False,none
ifjaokmm-1,TMA00315,False,False,False,none
ifjgeijf-1,TMA00315,False,False,False,none
ifjjaali-1,TMA00315,False,False,False,none
ifjjakjn-1,TMA00315,False,False,False,none
ifjmadcj-1,TMA00315,False,False,False,none
ifjodidi-1,TMA00315,False,False,False,none
ifkbnglk-1,TMA00315,False,False,False,none
ifkdbgci-1,TMA00315,False,False,False,none
ifkhlaaf-1,TMA00315,False,False,False,none
ifklpfjd-1,TMA00315,False,False,False,none
ifknbomd-1,TMA00315,False,False,False,none
ifkppmpj-1,TMA00315,False,False,False,none
iflcpcdh-1,TMA00315,False,False,False,none
ifllnbkj-1,TMA00315,False,False,False,none
iflnfihp-1,TMA00315,False,False,False,none
iflnomoc-1,TMA00315,False,False,False,none
iflocclm-1,TMA00315,False,False,False,none
ifmckmbe-1,TMA00315,False,False,False,none
ifmdmgeo-1,TMA00315,False,False,False,none
ifmfbjfg-1,TMA00315,False,False,False,none
ifmgmjfp-1,TMA00315,False,False,False,none
ifmhchle-1,TMA00315,False,False,False,none
ifmpiicd-1,TMA00315,False,False,False,none
ifnalhbe-1,TMA00315,False,False,False,none
ifnalmil-1,TMA00315,False,False,False,none
ifnbepjm-1,TMA00315,False,False,False,none
ifndmldk-1,TMA00315,False,False,False,none
ifnglkam-1,TMA00315,False,False,False,none
ifnljgkk-1,TMA00315,False,False,False,none
ifodhhcp-1,TMA00315,False,False,False,none
ifohjglb-1,TMA00315,False,False,False,none
ifokbgeg-1,TMA00315,False,False,False,none
ifooipld-1,TMA00315,False,False,False,none
ifpfclkn-1,TMA00315,False,False,False,none
ifpfndjf-1,TMA00315,False,False,False,none
ifpfnmcp-1,TMA00315,False,False,False,none
ifplckho-1,TMA00315,False,False,False,none
ifplopek-1,TMA00315,False,False,False,none
ifpnebgb-1,TMA00315,False,False,False,none
ifpodija-1,TMA00315,False,False,False,none
igagafgb-1,TMA00315,False,False,False,none
igbbddjj-1,TMA00315,False,False,False,none
igbccdhf-1,TMA00315,False,False,False,none
igbfifkm-1,TMA00315,False,False,False,none
igbgjehg-1,TMA00315,False,False,False,none
igcajmof-1,TMA00315,False,False,False,none
igchgnpp-1,TMA00315,False,False,False,none
igcjjemk-1,TMA00315,False,False,False,none
igcmmemp-1,TMA00315,False,False,False,none
igcochmi-1,TMA00315,False,False,False,none
igdgabdm-1,TMA00315,False,False,False,none
igdgoblh-1,TMA00315,False,False,False,none
igdicbmh-1,TMA00315,False,False,False,none
igdiemhl-1,TMA00315,False,False,False,none
igdigcje-1,TMA00315,False,False,False,none
igdilacp-1,TMA00315,False,False,False,none
igdiopnm-1,TMA00315,False,False,False,none
igdkneam-1,TMA00315,False,False,False,none
igdnmpbl-1,TMA00315,False,False,False,none
igdpfnkf-1,TMA00315,False,False,False,none
igebeoae-1,TMA00315,False,False,False,none
igedhknk-1,TMA00315,False,False,False,none
igedplee-1,TMA00315,False,False,False,none
igefdicl-1,TMA00315,False,False,False,none
igefjceo-1,TMA00315,False,False,False,none
igefmell-1,TMA00315,False,False,False,none
igefmpde-1,TMA00315,False,False,False,none
igegdboe-1,TMA00315,False,False,False,none
igfbbihk-1,TMA00315,False,False,False,none
igfbfjeg-1,TMA00315,False,False,False,none
igfcbbei-1,TMA00315,False,False,False,none
igfcfane-1,TMA00315,False,False,False,none
igfgabkg-1,TMA00315,False,False,False,none
igfmcgpl-1,TMA00315,False,False,False,none
iggeedne-1,TMA00315,False,False,False,none
iggfclpf-1,TMA00315,False,False,False,none
iggodhlg-1,TMA00315,False,False,False,none
ighbhadm-1,TMA00315,False,False,False,none
ighcbifa-1,TMA00315,False,False,False,none
ighclfbn-1,TMA00315,False,False,False,none
ighebfch-1,TMA00315,False,False,False,none
ighilikm-1,TMA00315,False,False,False,none
igidhcmg-1,TMA00315,False,False,False,none
igiihedf-1,TMA00315,False,False,False,none
igikgbdf-1,TMA00315,False,False,False,none
igilbeib-1,TMA00315,False,False,False,none
igimccnh-1,TMA00315,False,False,False,none
igjblflg-1,TMA00315,False,False,False,none
igjebpin-1,TMA00315,False,False,False,none
igjmlmfb-1,TMA00315,False,False,False,none
igkcileg-1,TMA00315,False,False,False,none
igkdgdck-1,TMA00315,False,False,False,none
igkegokl-1,TMA00315,False,False,False,none
igkencmj-1,TMA00315,False,False,False,none
igkeodge-1,TMA00315,False,False,False,none
igkgbeco-1,TMA00315,False,False,False,none
igkgkige-1,TMA00315,False,False,False,none
igkjicfg-1,TMA00315,False,False,False,none
igkjpfdp-1,TMA00315,False,False,False,none
iglbnfpl-1,TMA00315,False,False,False,none
iglhomif-1,TMA00315,False,False,False,none
igljejlf-1,TMA00315,False,False,False,none
igljpafe-1,TMA00315,False,False,False,none
igllgddp-1,TMA00315,False,False,False,none
iglmncpa-1,TMA00315,False,False,False,none
iglolglb-1,TMA00315,False,False,False,none
igmapmdb-1,TMA00315,False,False,False,none
igmfpkol-1,TMA00315,False,False,False,none
igmihjpf-1,TMA00315,False,False,False,none
igmmikme-1,TMA00315,False,False,False,none
igmpkfjk-1,TMA00315,False,False,False,none
ignajedn-1,TMA00315,False,False,False,none
ignakckl-1,TMA00315,False,False,False,none
ignckofp-1,TMA00315,False,False,False,none
ignigbbd-1,TMA00315,False,False,False,none
ignmgege-1,TMA00315,False,False,False,none
ignpeman-1,TMA00315,False,False,False,none
igppilgh-1,TMA00315,False,False,False,none
ihaabppm-1,TMA00315,False,False,False,none
ihabfkea-1,TMA00315,False,False,False,none
ihafhbne-1,TMA00315,False,False,False,none
ihailcjd-1,TMA00315,False,False,False,none
ihakjabf-1,TMA00315,False,False,False,none
ihandkmp-1,TMA00315,False,False,False,none
ihankakl-1,TMA00315,False,False,False,none
ihbenmmi-1,TMA00315,False,False,False,none
ihbfache-1,TMA00315,False,False,False,none
ihbimdam-1,TMA00315,False,False,False,none
ihbimpmm-1,TMA00315,False,False,False,none
ihbjmkkp-1,TMA00315,False,False,False,none
ihbkccdg-1,TMA00315,False,False,False,none
ihbldflf-1,TMA00315,False,False,False,none
ihbmjcel-1,TMA00315,False,False,False,none
ihboocnd-1,TMA00315,False,False,False,none
ihbpdhcd-1,TMA00315,False,False,False,none
ihcaaakk-1,TMA00315,False,False,False,none
ihcdcija-1,TMA00315,False,False,False,none
ihceciag-1,TMA00315,False,False,False,none
ihcfjoim-1,TMA00315,False,False,False,none
ihcgpmee-1,TMA00315,False,False,False,none
ihcimfhe-1,TMA00315,False,False,False,none
ihcopboi-1,TMA00315,False,False,False,none
ihcopjee-1,TMA00315,False,False,False,none
ihcphnhg-1,TMA00315,False,False,False,none
ihcpknpn-1,TMA00315,False,False,False,none
ihdcbjph-1,TMA00315,False,False,False,none
ihdefeii-1,TMA00315,False,False,False,none
ihdhlfdf-1,TMA00315,False,False,False,none
ihdmjaab-1,TMA00315,False,False,False,none
ihdohbmh-1,TMA00315,False,False,False,none
ihechmbd-1,TMA00315,False,False,False,none
iheeehco-1,TMA00315,False,False,False,none
iheeigcg-1,TMA00315,False,False,False,none
iheeokji-1,TMA00315,False,False,False,none
iheffdpe-1,TMA00315,False,False,False,none
iheiecgn-1,TMA00315,False,False,False,none
iheihbgk-1,TMA00315,False,False,False,none
ihemdjna-1,TMA00315,False,False,False,none
ihemekce-1,TMA00315,False,False,False,none
ihepagel-1,TMA00315,False,False,False,none
ihepalce-1,TMA00315,False,False,False,none
ihepheim-1,TMA00315,False,False,False,none
ihfdaelb-1,TMA00315,False,False,False,none
ihffnlij-1,TMA00315,False,False,False,none
ihfikdgo-1,TMA00315,False,False,False,none
ihfioomc-1,TMA00315,False,False,False,none
ihgabbng-1,TMA00315,False,False,False,none
ihgaggpf-1,TMA00315,False,False,False,none
ihgggeib-1,TMA00315,False,False,False,none
ihglgifg-1,TMA00315,False,False,False,none
ihgojcpn-1,TMA00315,False,False,False,none
ihhacnna-1,TMA00315,False,False,False,none
ihhajgaj-1,TMA00315,False,False,False,none
ihhcgmlp-1,TMA00315,False,False,False,none
ihhhbnab-1,TMA00315,False,False,False,none
ihhmcglj-1,TMA00315,False,False,False,none
ihhpjmja-1,TMA00315,False,False,False,none
ihiegpmk-1,TMA00315,False,False,False,none
ihigfjca-1,TMA00315,False,False,False,none
ihiiiofl-1,TMA00315,False,False,False,none
ihipmbip-1,TMA00315,False,False,False,none
ihjaahec-1,TMA00315,False,False,False,none
ihjcbnpd-1,TMA00315,False,False,False,none
ihjfgape-1,TMA00315,False,False,False,none
ihjipnjj-1,TMA00315,False,False,False,none
ihjkghom-1,TMA00315,False,False,False,none
ihjmbdem-1,TMA00315,False,False,False,none
ihjoaffi-1,TMA00315,False,False,False,none
ihjpfkfd-1,TMA00315,False,False,False,none
ihkakaap-1,TMA00315,False,False,False,none
ihkfbcda-1,TMA00315,False,False,False,none
ihkfjboe-1,TMA00315,False,False,False,none
ihkhoaoo-1,TMA00315,False,False,False,none
ihkpfgjl-1,TMA00315,False,False,False,none
ihlajlef-1,TMA00315,False,False,False,none
ihlfjnod-1,TMA00315,False,False,False,none
ihlgbfig-1,TMA00315,False,False,False,none
ihlilmla-1,TMA00315,False,False,False,none
ihljaffo-1,TMA00315,False,False,False,none
ihlkjkcd-1,TMA00315,False,False,False,none
ihlmaabp-1,TMA00315,False,False,False,none
ihlnhepm-1,TMA00315,False,False,False,none
ihmejjpg-1,TMA00315,False,False,False,none
ihmhhggo-1,TMA00315,False,False,False,none
ihmihlpp-1,TMA00315,False,False,False,none
ihmjpjdg-1,TMA00315,False,False,False,none
ihmmalel-1,TMA00315,False,False,False,none
ihmmbifa-1,TMA00315,False,False,False,none
ihmncdbo-1,TMA00315,False,False,False,none
ihndfiam-1,TMA00315,False,False,False,none
ihnkfbcm-1,TMA00315,False,False,False,none
ihnkigpp-1,TMA00315,False,False,False,none
ihnmjfha-1,TMA00315,False,False,False,none
ihoeapdn-1,TMA00315,False,False,False,none
ihofhoif-1,TMA00315,False,False,False,none
ihofikml-1,TMA00315,False,False,False,none
ihoghacm-1,TMA00315,False,False,False,none
ihoibalk-1,TMA00315,False,False,False,none
ihokjfcf-1,TMA00315,False,False,False,none
iholejeh-1,TMA00315,False,True,False,dTomato_Seq2_hi
ihonbkll-1,TMA00315,False,False,False,none
ihoopdbm-1,TMA00315,False,False,False,none
ihpeokjc-1,TMA00315,False,True,False,dTomato_Seq2_hi
ihpgjnjm-1,TMA00315,False,False,False,none
ihpimgkm-1,TMA00315,False,False,False,none
ihpoooje-1,TMA00315,False,False,False,none
iiadllbg-1,TMA00315,False,False,False,none
iiafnaji-1,TMA00315,False,False,False,none
iiagkeio-1,TMA00315,False,False,False,none
iiahbkmc-1,TMA00315,False,False,False,none
iiaknnhk-1,TMA00315,False,False,False,none
iibgcjmh-1,TMA00315,False,False,False,none
iibhnjbe-1,TMA00315,False,False,False,none
iibjchmo-1,TMA00315,False,False,False,none
iibkddjo-1,TMA00315,False,False,False,none
iibnbogg-1,TMA00315,False,False,False,none
iicalnoc-1,TMA00315,False,False,False,none
iicbflpd-1,TMA00315,False,False,False,none
iicceebg-1,TMA00315,False,False,False,none
iicgjjhf-1,TMA00315,False,False,False,none
iichangl-1,TMA00315,False,False,False,none
iiclgmjh-1,TMA00315,False,False,False,none
iicngjhm-1,TMA00315,False,False,False,none
iicobgbm-1,TMA00315,False,False,False,none
iidajhme-1,TMA00315,False,False,False,none
iidbjnac-1,TMA00315,False,False,False,none
iidgdhig-1,TMA00315,False,False,False,none
iidkbllp-1,TMA00315,False,False,False,none
iidlhpgf-1,TMA00315,False,False,False,none
iidmmdmo-1,TMA00315,False,False,False,none
iidobcnp-1,TMA00315,False,False,False,none
iidpoejk-1,TMA00315,False,False,False,none
iiebenfp-1,TMA00315,False,False,False,none
iiecfcpd-1,TMA00315,False,False,False,none
iiehkabh-1,TMA00315,False,False,False,none
iiehnmha-1,TMA00315,False,False,False,none
iielgkhk-1,TMA00315,False,False,False,none
iielmpck-1,TMA00315,False,False,False,none
iienkhfm-1,TMA00315,False,False,False,none
iieocgmk-1,TMA00315,False,False,False,none
iiepjkoo-1,TMA00315,False,False,False,none
iifakipe-1,TMA00315,False,False,False,none
iiffkecf-1,TMA00315,False,False,False,none
iifggjeb-1,TMA00315,False,False,False,none
iifgilhl-1,TMA00315,False,False,False,none
iifheekh-1,TMA00315,False,False,False,none
iifjfflf-1,TMA00315,False,False,False,none
iiflkbmo-1,TMA00315,False,False,False,none
iifnkbnk-1,TMA00315,False,False,False,none
iifoolib-1,TMA00315,False,False,False,none
iigchofa-1,TMA00315,False,False,False,none
iigdemkp-1,TMA00315,False,False,False,none
iiggepif-1,TMA00315,False,False,False,none
iiggooie-1,TMA00315,False,False,False,none
iigkfgge-1,TMA00315,False,False,False,none
iiglpiak-1,TMA00315,False,False,False,none
iihbedbe-1,TMA00315,False,False,False,none
iihcofop-1,TMA00315,False,False,False,none
iihfcgke-1,TMA00315,False,False,False,none
iihfepkk-1,TMA00315,False,False,False,none
iihglhlg-1,TMA00315,False,False,False,none
iihlokkk-1,TMA00315,False,False,False,none
iihlpfef-1,TMA00315,False,False,False,none
iihnpjhd-1,TMA00315,False,False,False,none
iihofdde-1,TMA00315,False,False,False,none
iiibloag-1,TMA00315,False,False,False,none
iiibmnom-1,TMA00315,False,False,False,none
iiideleb-1,TMA00315,False,False,False,none
iiidmnfg-1,TMA00315,False,False,False,none
iiigmlag-1,TMA00315,False,False,False,none
iiigodnd-1,TMA00315,False,False,False,none
iiihaecf-1,TMA00315,False,False,False,none
iiihpcbp-1,TMA00315,False,False,False,none
iiiilaka-1,TMA00315,False,False,False,none
iijanhkg-1,TMA00315,False,False,False,none
iijbjjgf-1,TMA00315,False,False,False,none
iijblken-1,TMA00315,False,False,False,none
iijfkfog-1,TMA00315,False,False,False,none
iijiflbc-1,TMA00315,False,False,False,none
iijkpnlj-1,TMA00315,False,False,False,none
iijnefdf-1,TMA00315,False,False,False,none
iikccgof-1,TMA00315,False,False,False,none
iikiiind-1,TMA00315,False,False,False,none
iikipifn-1,TMA00315,False,False,False,none
iikjmlgd-1,TMA00315,False,False,False,none
iikkjadg-1,TMA00315,False,False,False,none
iikmjhcb-1,TMA00315,False,False,False,none
iikocohc-1,TMA00315,False,False,False,none
iikojdjl-1,TMA00315,False,False,False,none
iilaadbe-1,TMA00315,False,False,False,none
iilbnnom-1,TMA00315,False,False,False,none
iilelhml-1,TMA00315,False,True,False,dTomato_Seq2_hi
iillpiik-1,TMA00315,False,False,False,none
iilmjipi-1,TMA00315,False,False,False,none
iimdcjdd-1,TMA00315,False,False,False,none
iimdohja-1,TMA00315,False,False,False,none
iimhgdga-1,TMA00315,False,False,False,none
iimjlmmk-1,TMA00315,False,False,False,none
iinclldf-1,TMA00315,False,False,False,none
iingmnpk-1,TMA00315,False,False,False,none
iiniohlm-1,TMA00315,False,False,False,none
iinlmcia-1,TMA00315,False,False,False,none
iinnhlcc-1,TMA00315,False,False,False,none
iioebfbn-1,TMA00315,False,False,False,none
iiogbgpg-1,TMA00315,False,False,False,none
iiojipoo-1,TMA00315,False,False,False,none
iiomelop-1,TMA00315,False,False,False,none
iionbhcp-1,TMA00315,False,False,False,none
iionookg-1,TMA00315,False,False,False,none
iipdgien-1,TMA00315,False,False,False,none
iipfncki-1,TMA00315,False,False,False,none
iipfnphe-1,TMA00315,False,False,False,none
iipjaghe-1,TMA00315,False,False,False,none
iiplcaaa-1,TMA00315,False,False,False,none
iiplcamn-1,TMA00315,False,False,False,none
iipmcimn-1,TMA00315,False,False,False,none
iipnjdfk-1,TMA00315,False,False,False,none
iipoigmk-1,TMA00315,False,False,False,none
ijaapnbi-1,TMA00315,False,False,False,none
ijacgpfg-1,TMA00315,False,False,False,none
ijacnahc-1,TMA00315,False,False,False,none
ijaennaj-1,TMA00315,False,False,False,none
ijamgheo-1,TMA00315,False,False,False,none
ijampldn-1,TMA00315,False,False,False,none
ijanbkad-1,TMA00315,False,False,False,none
ijbaoccg-1,TMA00315,False,False,False,none
ijbcmjlo-1,TMA00315,False,False,False,none
ijbdeoko-1,TMA00315,False,False,False,none
ijbgkjgj-1,TMA00315,False,False,False,none
ijbjlhgf-1,TMA00315,False,False,False,none
ijbpgkce-1,TMA00315,False,False,False,none
ijcdfjmb-1,TMA00315,False,False,False,none
ijcdhkbf-1,TMA00315,False,False,False,none
ijceidla-1,TMA00315,False,False,False,none
ijcfhdoh-1,TMA00315,False,False,False,none
ijchhfik-1,TMA00315,False,False,False,none
ijcmgilp-1,TMA00315,False,False,False,none
ijcnkgjg-1,TMA00315,False,False,False,none
ijcpngad-1,TMA00315,False,False,False,none
ijdaaeol-1,TMA00315,False,False,False,none
ijdbamcg-1,TMA00315,False,False,False,none
ijdbfphm-1,TMA00315,False,False,False,none
ijdbkecb-1,TMA00315,False,False,False,none
ijdcclpo-1,TMA00315,False,False,False,none
ijdcopfj-1,TMA00315,False,False,False,none
ijdegmhn-1,TMA00315,False,False,False,none
ijdemcdk-1,TMA00315,False,False,False,none
ijdhkpag-1,TMA00315,False,False,False,none
ijdhpabo-1,TMA00315,False,False,False,none
ijdiofpe-1,TMA00315,False,False,False,none
ijdmdgei-1,TMA00315,False,False,False,none
ijdoiidb-1,TMA00315,False,False,False,none
ijebhhhl-1,TMA00315,False,False,False,none
ijecomik-1,TMA00315,False,False,False,none
ijedkjgc-1,TMA00315,True,False,False,EGFP_Seq1_hi
ijedmglb-1,TMA00315,False,False,False,none
ijeeifle-1,TMA00315,False,False,False,none
ijeekmgh-1,TMA00315,False,False,False,none
ijefppek-1,TMA00315,False,False,False,none
ijegcoob-1,TMA00315,False,False,False,none
ijemdlln-1,TMA00315,False,False,False,none
ijemfnna-1,TMA00315,False,False,False,none
ijenhalc-1,TMA00315,False,False,False,none
ijeocicl-1,TMA00315,False,False,False,none
ijeofado-1,TMA00315,False,False,False,none
ijepokbb-1,TMA00315,False,False,False,none
ijfdhnoj-1,TMA00315,False,False,False,none
ijfemiie-1,TMA00315,False,False,False,none
ijfhgcgb-1,TMA00315,False,False,False,none
ijfjlppi-1,TMA00315,False,False,False,none
ijflanpc-1,TMA00315,False,False,False,none
ijfmjema-1,TMA00315,False,False,False,none
ijfnehbg-1,TMA00315,False,False,False,none
ijfoabed-1,TMA00315,False,False,False,none
ijgeegip-1,TMA00315,False,False,False,none
ijgjaaoi-1,TMA00315,False,False,False,none
ijgjbnji-1,TMA00315,False,False,False,none
ijglcieb-1,TMA00315,False,False,False,none
ijglhljj-1,TMA00315,False,False,False,none
ijgmbfol-1,TMA00315,False,False,False,none
ijgnegel-1,TMA00315,False,False,False,none
ijhbbfnb-1,TMA00315,False,False,False,none
ijhckogm-1,TMA00315,False,False,False,none
ijhdkcnk-1,TMA00315,False,False,False,none
ijhfbfhh-1,TMA00315,False,False,False,none
ijhggbpi-1,TMA00315,False,False,False,none
ijhiiieb-1,TMA00315,False,False,False,none
ijhkmhbf-1,TMA00315,False,False,False,none
ijhljcln-1,TMA00315,False,False,False,none
ijhnkkkl-1,TMA00315,False,False,False,none
ijhpbbcc-1,TMA00315,False,False,False,none
ijiajjjb-1,TMA00315,False,False,False,none
ijibejdd-1,TMA00315,False,False,False,none
ijicjmmp-1,TMA00315,False,False,False,none
ijidodbl-1,TMA00315,False,False,False,none
ijienjhd-1,TMA00315,False,False,False,none
ijiggejm-1,TMA00315,False,False,False,none
ijilamdc-1,TMA00315,False,False,False,none
ijilfkba-1,TMA00315,False,False,False,none
ijilgoke-1,TMA00315,False,False,False,none
ijinjjee-1,TMA00315,False,False,False,none
ijioaebj-1,TMA00315,False,False,False,none
ijiophmb-1,TMA00315,False,False,False,none
ijjbgfoa-1,TMA00315,False,False,False,none
ijjdlljj-1,TMA00315,False,False,False,none
ijjfklpl-1,TMA00315,False,False,False,none
ijjllhki-1,TMA00315,False,False,False,none
ijjpkbgi-1,TMA00315,False,False,False,none
ijkcecbh-1,TMA00315,False,False,False,none
ijkfdeof-1,TMA00315,False,False,False,none
ijkfmkjh-1,TMA00315,False,False,False,none
ijkgjnch-1,TMA00315,False,False,False,none
ijkjldmc-1,TMA00315,False,False,False,none
ijkknhoh-1,TMA00315,False,False,False,none
ijkmjpci-1,TMA00315,False,False,False,none
ijknmcfi-1,TMA00315,False,False,False,none
ijkpkfbd-1,TMA00315,False,False,False,none
ijkpmmka-1,TMA00315,False,False,False,none
ijlbbcgd-1,TMA00315,False,False,False,none
ijlcegdj-1,TMA00315,False,False,False,none
ijldcjaf-1,TMA00315,False,False,False,none
ijlgjngn-1,TMA00315,False,False,False,none
ijlhhbep-1,TMA00315,False,False,False,none
ijlhlppd-1,TMA00315,False,False,False,none
ijlkbkdj-1,TMA00315,False,False,False,none
ijmacbeb-1,TMA00315,False,False,False,none
ijmcccnk-1,TMA00315,False,False,False,none
ijmdllcc-1,TMA00315,False,False,False,none
ijmhgklj-1,TMA00315,False,False,False,none
ijmhlech-1,TMA00315,False,False,False,none
ijmmaafb-1,TMA00315,False,False,False,none
ijnjcigl-1,TMA00315,False,False,False,none
ijnlkppm-1,TMA00315,False,False,False,none
ijoandjf-1,TMA00315,False,False,False,none
ijobdekb-1,TMA00315,False,False,False,none
ijobkbaa-1,TMA00315,False,False,False,none
ijobljkf-1,TMA00315,False,False,False,none
ijodepjp-1,TMA00315,False,False,False,none
ijohhdaf-1,TMA00315,False,False,False,none
ijoienjb-1,TMA00315,False,False,False,none
ijokmdfp-1,TMA00315,False,False,False,none
ijolagmg-1,TMA00315,False,False,False,none
ijomllnd-1,TMA00315,False,False,False,none
ijpgppon-1,TMA00315,False,False,False,none
ijpjhhja-1,TMA00315,False,False,False,none
ijpjnjdd-1,TMA00315,False,False,False,none
ijpmdglo-1,TMA00315,False,False,False,none
ijpojgie-1,TMA00315,False,False,False,none
ijpoodjg-1,TMA00315,False,False,False,none
ijpoonmf-1,TMA00315,False,False,False,none
ijppcjmc-1,TMA00315,False,False,False,none
ikaadjfm-1,TMA00315,False,False,False,none
ikaaekai-1,TMA00315,False,False,False,none
ikahmpkj-1,TMA00315,False,False,False,none
ikajefld-1,TMA00315,False,False,False,none
ikaomibh-1,TMA00315,False,False,False,none
ikapadac-1,TMA00315,False,False,False,none
ikapgpib-1,TMA00315,False,False,False,none
ikbedlal-1,TMA00315,False,False,False,none
ikbemjaf-1,TMA00315,True,False,False,EGFP_Seq1_hi
ikbgeeag-1,TMA00315,False,False,False,none
ikbhkenn-1,TMA00315,False,False,False,none
ikbhoopp-1,TMA00315,False,False,False,none
ikbilhpc-1,TMA00315,False,False,False,none
ikbkeeaf-1,TMA00315,False,False,False,none
ikbkooed-1,TMA00315,False,False,False,none
ikbldbfb-1,TMA00315,False,False,False,none
ikbpglad-1,TMA00315,False,False,False,none
ikbpnelg-1,TMA00315,False,False,False,none
ikcdaihp-1,TMA00315,False,False,False,none
ikcdeggh-1,TMA00315,False,False,False,none
ikcdmcbo-1,TMA00315,False,False,False,none
ikcebkif-1,TMA00315,False,False,False,none
ikcfcjfp-1,TMA00315,False,False,False,none
ikcfpcch-1,TMA00315,False,False,False,none
ikckgkaf-1,TMA00315,False,False,False,none
ikckhfco-1,TMA00315,False,False,False,none
ikckkmmd-1,TMA00315,False,False,False,none
ikcldahk-1,TMA00315,False,False,False,none
ikcmpnpm-1,TMA00315,False,False,False,none
ikdccgfi-1,TMA00315,False,False,False,none
ikddmabk-1,TMA00315,False,False,False,none
ikdelfel-1,TMA00315,False,False,False,none
ikdfcanc-1,TMA00315,False,False,False,none
ikdgdmic-1,TMA00315,False,False,False,none
ikdhbhbd-1,TMA00315,False,False,False,none
ikdjnhjf-1,TMA00315,False,False,False,none
ikdlplgl-1,TMA00315,False,False,False,none
ikdmaiof-1,TMA00315,False,False,False,none
ikdmdaij-1,TMA00315,False,False,False,none
ikedaheg-1,TMA00315,False,False,False,none
ikeeggmc-1,TMA00315,False,False,False,none
ikefinlj-1,TMA00315,False,False,False,none
ikeilnnb-1,TMA00315,False,False,False,none
ikekcaib-1,TMA00315,False,False,False,none
ikelgicf-1,TMA00315,False,False,False,none
ikemadhc-1,TMA00315,False,False,False,none
ikfcdick-1,TMA00315,False,False,False,none
ikfdgbml-1,TMA00315,False,False,False,none
ikfdjmlf-1,TMA00315,False,False,False,none
ikfedjff-1,TMA00315,False,False,False,none
ikfefbmf-1,TMA00315,False,False,False,none
ikfillal-1,TMA00315,False,False,False,none
ikfjmphe-1,TMA00315,False,False,False,none
ikfljcbn-1,TMA00315,False,False,False,none
ikfmdpek-1,TMA00315,False,False,False,none
ikfnchig-1,TMA00315,False,False,False,none
ikfnlelb-1,TMA00315,False,False,False,none
ikgaebbo-1,TMA00315,False,False,False,none
ikgaelbb-1,TMA00315,False,False,False,none
ikgaphka-1,TMA00315,False,False,False,none
ikgdhkdc-1,TMA00315,False,False,False,none
ikgedigf-1,TMA00315,False,False,False,none
ikgehdcn-1,TMA00315,False,False,False,none
ikggkolb-1,TMA00315,False,False,False,none
ikgjlmfh-1,TMA00315,False,False,False,none
ikgmihfa-1,TMA00315,False,False,False,none
ikgpgmof-1,TMA00315,False,False,False,none
ikhaflbn-1,TMA00315,False,False,False,none
ikhbdfbf-1,TMA00315,False,False,False,none
ikhbfgep-1,TMA00315,False,False,False,none
ikhbolcp-1,TMA00315,False,False,False,none
ikheijdb-1,TMA00315,False,False,False,none
ikhhhlmi-1,TMA00315,False,False,False,none
ikhilbdf-1,TMA00315,False,False,False,none
ikhjfomo-1,TMA00315,False,False,False,none
ikhjmkbl-1,TMA00315,False,False,False,none
ikhjpbcj-1,TMA00315,False,False,False,none
ikhkapgl-1,TMA00315,False,False,False,none
ikhlimkn-1,TMA00315,False,True,False,dTomato_Seq2_hi
ikhljacc-1,TMA00315,False,False,False,none
ikhmfijf-1,TMA00315,False,False,False,none
ikhmhilc-1,TMA00315,False,False,False,none
ikiokmea-1,TMA00315,False,False,False,none
ikjdcbhb-1,TMA00315,False,False,False,none
ikjdhjed-1,TMA00315,False,False,False,none
ikjjlekb-1,TMA00315,False,False,False,none
ikjmdndn-1,TMA00315,False,False,False,none
ikjmfnkp-1,TMA00315,False,False,False,none
ikjncbkb-1,TMA00315,False,False,False,none
ikjpnfhm-1,TMA00315,False,False,False,none
ikkckcdj-1,TMA00315,False,False,False,none
ikkdcojl-1,TMA00315,False,False,False,none
ikkfcopj-1,TMA00315,False,False,False,none
ikkfdlfg-1,TMA00315,False,False,False,none
ikkibcbc-1,TMA00315,False,False,False,none
ikklcbla-1,TMA00315,False,False,False,none
ikklhldi-1,TMA00315,False,False,False,none
ikknangn-1,TMA00315,False,False,False,none
ikkolbde-1,TMA00315,False,False,False,none
iklhmcld-1,TMA00315,False,False,False,none
ikljcind-1,TMA00315,False,False,False,none
ikmbhfeb-1,TMA00315,False,False,False,none
ikmcnhhe-1,TMA00315,False,False,False,none
ikmconnn-1,TMA00315,False,False,False,none
ikmeiono-1,TMA00315,False,False,False,none
ikmeniii-1,TMA00315,False,False,False,none
ikmfgckm-1,TMA00315,False,False,False,none
ikmijope-1,TMA00315,False,False,False,none
ikmjiiak-1,TMA00315,False,False,False,none
ikncedpn-1,TMA00315,False,False,False,none
ikncfkke-1,TMA00315,False,False,False,none
iknepmim-1,TMA00315,False,False,False,none
ikngkenm-1,TMA00315,False,False,False,none
iknhmgoc-1,TMA00315,False,False,False,none
iknjjlpb-1,TMA00315,False,False,False,none
iknlkokf-1,TMA00315,False,False,False,none
iknmfjod-1,TMA00315,False,False,False,none
iknmknic-1,TMA00315,False,False,False,none
ikogfmjc-1,TMA00315,False,False,False,none
ikoglckp-1,TMA00315,False,False,False,none
ikogodip-1,TMA00315,False,False,False,none
ikojaaop-1,TMA00315,False,False,False,none
ikojfckd-1,TMA00315,False,False,False,none
ikolcgci-1,TMA00315,False,False,False,none
ikoldimf-1,TMA00315,False,False,False,none
ikpcckck-1,TMA00315,False,False,False,none
ikpjpdol-1,TMA00315,False,False,False,none
ikpojafi-1,TMA00315,False,False,False,none
ikppagkc-1,TMA00315,False,False,False,none
ilaeackh-1,TMA00315,False,False,False,none
ilaekgkm-1,TMA00315,False,False,False,none
ilaepcfb-1,TMA00315,False,False,False,none
ilafhkkj-1,TMA00315,False,False,False,none
ilakidki-1,TMA00315,False,False,False,none
ilanabkn-1,TMA00315,False,False,False,none
ilanboam-1,TMA00315,False,False,False,none
ilapbleo-1,TMA00315,False,False,False,none
ilapfefk-1,TMA00315,False,False,False,none
ilbbcdln-1,TMA00315,False,False,False,none
ilbdmpkm-1,TMA00315,False,False,False,none
ilbekckb-1,TMA00315,False,False,False,none
ilbelaah-1,TMA00315,False,False,False,none
ilbfkiib-1,TMA00315,False,False,False,none
ilbikagj-1,TMA00315,False,False,False,none
ilboeiio-1,TMA00315,False,False,False,none
ilbondgb-1,TMA00315,False,False,False,none
ilcmcbjn-1,TMA00315,False,False,False,none
ilcmcfmp-1,TMA00315,False,False,False,none
ilcodhig-1,TMA00315,False,False,False,none
ilcppnim-1,TMA00315,False,False,False,none
ildceccb-1,TMA00315,False,False,False,none
ilddgdip-1,TMA00315,False,False,False,none
ildfbmnf-1,TMA00315,False,False,False,none
ildfinnd-1,TMA00315,False,False,False,none
ildmfnjb-1,TMA00315,False,False,False,none
ildmnljk-1,TMA00315,False,False,False,none
ildpnnha-1,TMA00315,False,False,False,none
iledlgao-1,TMA00315,False,False,False,none
ileehacn-1,TMA00315,False,False,False,none
ilehahdg-1,TMA00315,False,False,False,none
ilehcbob-1,TMA00315,False,False,False,none
ileidnoe-1,TMA00315,False,False,False,none
ileilked-1,TMA00315,False,False,False,none
ileompng-1,TMA00315,False,False,False,none
ilfgmdba-1,TMA00315,False,False,False,none
ilfjkelm-1,TMA00315,False,False,False,none
ilfloafi-1,TMA00315,False,False,False,none
ilfnbbdi-1,TMA00315,False,False,False,none
ilfnccae-1,TMA00315,False,False,False,none
ilgbihka-1,TMA00315,False,False,False,none
ilgblllm-1,TMA00315,False,False,False,none
ilgcnhoo-1,TMA00315,False,False,False,none
ilhccoap-1,TMA00315,True,True,True,EGFP_dTomato_dual_hi
ilhebaeb-1,TMA00315,False,False,False,none
ilhedndo-1,TMA00315,False,False,False,none
ilheopcl-1,TMA00315,False,False,False,none
ilhfenje-1,TMA00315,False,False,False,none
ilhfgnnj-1,TMA00315,False,False,False,none
ilhjnfkn-1,TMA00315,False,False,False,none
ilhkgbne-1,TMA00315,False,False,False,none
ilieeafh-1,TMA00315,False,False,False,none
ilijcgkc-1,TMA00315,False,False,False,none
ilipbced-1,TMA00315,False,False,False,none
ilipcoib-1,TMA00315,False,False,False,none
iljboiai-1,TMA00315,False,False,False,none
iljfhbha-1,TMA00315,False,False,False,none
iljgjdnd-1,TMA00315,False,False,False,none
iljgphep-1,TMA00315,False,False,False,none
iljkffga-1,TMA00315,False,False,False,none
iljkkeam-1,TMA00315,False,False,False,none
iljmgihi-1,TMA00315,False,False,False,none
iljpadem-1,TMA00315,False,False,False,none
ilkajocf-1,TMA00315,False,False,False,none
ilkigddp-1,TMA00315,False,False,False,none
ilkjlaoi-1,TMA00315,False,False,False,none
ilkjmpfa-1,TMA00315,False,False,False,none
ilklekjj-1,TMA00315,False,False,False,none
ilknmblf-1,TMA00315,False,False,False,none
illdnhcj-1,TMA00315,False,False,False,none
illgmebc-1,TMA00315,False,False,False,none
illgpncj-1,TMA00315,False,False,False,none
illjhoad-1,TMA00315,False,False,False,none
illledek-1,TMA00315,False,False,False,none
illlkdem-1,TMA00315,False,False,False,none
illpiadc-1,TMA00315,False,False,False,none
ilmapibk-1,TMA00315,False,False,False,none
ilmcaobb-1,TMA00315,False,False,False,none
ilmfckho-1,TMA00315,False,False,False,none
ilmfndhn-1,TMA00315,True,True,True,EGFP_dTomato_dual_hi
ilmjibee-1,TMA00315,False,False,False,none
ilmlgaon-1,TMA00315,False,False,False,none
ilmmffdc-1,TMA00315,False,False,False,none
ilmpagib-1,TMA00315,False,False,False,none
ilnbmilp-1,TMA00315,False,False,False,none
ilnlmgcg-1,TMA00315,False,False,False,none
ilnmbanf-1,TMA00315,False,False,False,none
ilnnnceo-1,TMA00315,False,False,False,none
ilobahnf-1,TMA00315,False,False,False,none
ilofjlmi-1,TMA00315,False,False,False,none
ilohgjan-1,TMA00315,False,False,False,none
ilokejco-1,TMA00315,False,False,False,none
ilolfogi-1,TMA00315,False,False,False,none
ilonibhk-1,TMA00315,False,False,False,none
ilonlmfl-1,TMA00315,False,False,False,none
ilooabdo-1,TMA00315,False,False,False,none
ilpacdei-1,TMA00315,False,False,False,none
ilpapimn-1,TMA00315,False,False,False,none
ilpbgjlk-1,TMA00315,False,False,False,none
ilpddenl-1,TMA00315,False,False,False,none
ilpflako-1,TMA00315,False,False,False,none
ilphlkgc-1,TMA00315,False,False,False,none
ilpiekdd-1,TMA00315,False,False,False,none
ilpiphje-1,TMA00315,False,False,False,none
ilpklago-1,TMA00315,False,False,False,none
imalbnoc-1,TMA00315,False,False,False,none
imbdlapo-1,TMA00315,False,False,False,none
imbhepec-1,TMA00315,False,False,False,none
imbiannc-1,TMA00315,False,False,False,none
imbkggbd-1,TMA00315,False,False,False,none
imblcjff-1,TMA00315,False,False,False,none
imcfjjfe-1,TMA00315,False,False,False,none
imcjdoii-1,TMA00315,False,False,False,none
imcmaino-1,TMA00315,False,False,False,none
imcmkiil-1,TMA00315,False,False,False,none
imcpcbcb-1,TMA00315,False,False,False,none
imdakffc-1,TMA00315,False,False,False,none
imdhbjgm-1,TMA00315,False,False,False,none
imdpdklb-1,TMA00315,False,False,False,none
imeakebk-1,TMA00315,False,False,False,none
imehgfmg-1,TMA00315,False,False,False,none
imeidpml-1,TMA00315,False,False,False,none
imekpcmm-1,TMA00315,False,False,False,none
imeohlld-1,TMA00315,False,False,False,none
imfeijfp-1,TMA00315,False,False,False,none
imficfpm-1,TMA00315,False,False,False,none
imfmbagp-1,TMA00315,False,False,False,none
imgcnidn-1,TMA00315,False,False,False,none
imgeinlo-1,TMA00315,False,False,False,none
imgfjdna-1,TMA00315,False,False,False,none
imggpdld-1,TMA00315,False,False,False,none
imghimoe-1,TMA00315,False,False,False,none
imghlboo-1,TMA00315,False,False,False,none
imgmchog-1,TMA00315,False,False,False,none
imhaknfc-1,TMA00315,False,False,False,none
imhfapde-1,TMA00315,False,False,False,none
imhglcei-1,TMA00315,False,False,False,none
imhpnpkb-1,TMA00315,False,False,False,none
imibcajl-1,TMA00315,False,False,False,none
imicajki-1,TMA00315,False,False,False,none
imienfob-1,TMA00315,False,False,False,none
imifipkd-1,TMA00315,False,False,False,none
imjamacg-1,TMA00315,False,False,False,none
imjkflgk-1,TMA00315,False,False,False,none
imjoddek-1,TMA00315,False,False,False,none
imjojpmj-1,TMA00315,False,False,False,none
imkbkpoc-1,TMA00315,False,False,False,none
imkdhbka-1,TMA00315,False,False,False,none
imkeajeo-1,TMA00315,False,False,False,none
imkenfbc-1,TMA00315,False,False,False,none
imkhonee-1,TMA00315,False,False,False,none
imkjjeol-1,TMA00315,False,False,False,none
imkjohai-1,TMA00315,False,False,False,none
imklclla-1,TMA00315,False,False,False,none
imklilka-1,TMA00315,False,False,False,none
imlbamci-1,TMA00315,False,False,False,none
imlbbpkf-1,TMA00315,False,False,False,none
imldhfdh-1,TMA00315,False,False,False,none
imlhchmf-1,TMA00315,False,False,False,none
imlhniee-1,TMA00315,False,False,False,none
imllflij-1,TMA00315,False,False,False,none
imlnnjde-1,TMA00315,False,False,False,none
immmiheh-1,TMA00315,False,False,False,none
immpelkj-1,TMA00315,False,False,False,none
immpldip-1,TMA00315,False,False,False,none
imnjgmgc-1,TMA00315,False,False,False,none
imobahmj-1,TMA00315,False,False,False,none
imocaomd-1,TMA00315,False,False,False,none
imoeldbf-1,TMA00315,False,False,False,none
imojnfpj-1,TMA00315,False,False,False,none
imoooilk-1,TMA00315,False,False,False,none
impdbcnd-1,TMA00315,False,False,False,none
imploiae-1,TMA00315,False,False,False,none
impnfppm-1,TMA00315,False,False,False,none
inaabgpf-1,TMA00315,False,False,False,none
inbcigci-1,TMA00315,False,False,False,none
inbciikk-1,TMA00315,False,False,False,none
inbdglhg-1,TMA00315,False,False,False,none
inbjhcpb-1,TMA00315,False,False,False,none
inblcfhe-1,TMA00315,False,False,False,none
inblnhok-1,TMA00315,False,False,False,none
inbmllmn-1,TMA00315,False,False,False,none
incadihi-1,TMA00315,False,False,False,none
incahfgl-1,TMA00315,False,False,False,none
incdahbb-1,TMA00315,False,False,False,none
inchjoni-1,TMA00315,False,False,False,none
incjlekj-1,TMA00315,False,False,False,none
indanccb-1,TMA00315,False,False,False,none
indbmpma-1,TMA00315,False,False,False,none
indedlim-1,TMA00315,False,False,False,none
indgdlbo-1,TMA00315,False,False,False,none
indiecam-1,TMA00315,False,False,False,none
indjpfmg-1,TMA00315,False,False,False,none
inedachi-1,TMA00315,False,False,False,none
ineflmoc-1,TMA00315,False,False,False,none
inehonnp-1,TMA00315,False,False,False,none
inejeemd-1,TMA00315,False,False,False,none
inejfnhn-1,TMA00315,False,False,False,none
inelphpg-1,TMA00315,False,False,False,none
inenjmle-1,TMA00315,False,False,False,none
inenlblg-1,TMA00315,False,False,False,none
ineokheg-1,TMA00315,False,False,False,none
ineppogn-1,TMA00315,False,False,False,none
infbglkb-1,TMA00315,False,False,False,none
infdhhlp-1,TMA00315,False,False,False,none
inffgkag-1,TMA00315,False,False,False,none
infgjlnn-1,TMA00315,False,False,False,none
infjccon-1,TMA00315,False,False,False,none
infjealg-1,TMA00315,False,False,False,none
ingekdjc-1,TMA00315,False,False,False,none
ingibkee-1,TMA00315,False,False,False,none
ingiohdn-1,TMA00315,False,False,False,none
ingjmkdp-1,TMA00315,False,False,False,none
ingobean-1,TMA00315,False,False,False,none
ingppald-1,TMA00315,False,False,False,none
inhakhfg-1,TMA00315,False,False,False,none
inhhidmd-1,TMA00315,False,False,False,none
inhkgioi-1,TMA00315,False,False,False,none
inicdoig-1,TMA00315,False,False,False,none
inicklcn-1,TMA00315,False,False,False,none
inidnmbf-1,TMA00315,False,False,False,none
inimcgmk-1,TMA00315,False,False,False,none
inimeljj-1,TMA00315,False,False,False,none
injbfbpc-1,TMA00315,False,False,False,none
injbgplc-1,TMA00315,False,False,False,none
injehohl-1,TMA00315,False,False,False,none
injgndop-1,TMA00315,False,False,False,none
injjmjcl-1,TMA00315,False,False,False,none
injndgdj-1,TMA00315,False,False,False,none
inkfhloh-1,TMA00315,False,False,False,none
inkhnkkk-1,TMA00315,False,False,False,none
inkidljl-1,TMA00315,False,False,False,none
inkjpnng-1,TMA00315,False,False,False,none
inkkollg-1,TMA00315,False,False,False,none
inkmhpgi-1,TMA00315,False,False,False,none
inkmlbld-1,TMA00315,False,False,False,none
inkpifli-1,TMA00315,False,False,False,none
inkpjbhm-1,TMA00315,False,False,False,none
inldejhf-1,TMA00315,False,False,False,none
inlepcfp-1,TMA00315,False,False,False,none
inlhihpn-1,TMA00315,False,False,False,none
inlinhgj-1,TMA00315,False,False,False,none
inljbdph-1,TMA00315,False,False,False,none
inljmcda-1,TMA00315,False,False,False,none
inlkgbii-1,TMA00315,False,False,False,none
inloejhj-1,TMA00315,False,False,False,none
inmenboa-1,TMA00315,False,False,False,none
inmfnejg-1,TMA00315,False,False,False,none
inmgdjbd-1,TMA00315,False,False,False,none
inmhcemd-1,TMA00315,False,False,False,none
inminjpd-1,TMA00315,False,False,False,none
inmjgdfa-1,TMA00315,False,False,False,none
inmmcnog-1,TMA00315,False,False,False,none
inmmhgjj-1,TMA00315,False,False,False,none
inmnblac-1,TMA00315,False,False,False,none
inmngoid-1,TMA00315,False,False,False,none
inmoellh-1,TMA00315,False,False,False,none
inmoiopi-1,TMA00315,False,False,False,none
inmpgdie-1,TMA00315,False,True,False,dTomato_Seq2_hi
innbdpmh-1,TMA00315,False,False,False,none
innbgcop-1,TMA00315,False,False,False,none
innbgjbb-1,TMA00315,False,False,False,none
inndedpe-1,TMA00315,False,False,False,none
inndpkdo-1,TMA00315,False,False,False,none
inneccah-1,TMA00315,False,False,False,none
innflame-1,TMA00315,False,False,False,none
innllbcp-1,TMA00315,False,False,False,none
innlmmjd-1,TMA00315,False,False,False,none
inoacepp-1,TMA00315,False,False,False,none
inodbcfd-1,TMA00315,False,False,False,none
inodnbnl-1,TMA00315,False,False,False,none
inojffig-1,TMA00315,False,False,False,none
inokdmci-1,TMA00315,False,False,False,none
inoknobg-1,TMA00315,False,False,False,none
inokohao-1,TMA00315,False,False,False,none
inonmpao-1,TMA00315,False,False,False,none
inpaoojb-1,TMA00315,False,False,False,none
inpchflg-1,TMA00315,False,False,False,none
inpfoipp-1,TMA00315,False,False,False,none
inphpegi-1,TMA00315,False,False,False,none
inpjgokm-1,TMA00315,False,False,False,none
inpmmbpj-1,TMA00315,False,False,False,none
inpoefmd-1,TMA00315,False,False,False,none
ioaclged-1,TMA00315,False,False,False,none
ioafedmj-1,TMA00315,False,False,False,none
ioafmfpn-1,TMA00315,False,False,False,none
ioaiinni-1,TMA00315,False,False,False,none
ioaimobm-1,TMA00315,False,False,False,none
ioaipklc-1,TMA00315,False,False,False,none
ioaleaie-1,TMA00315,False,False,False,none
iobagkon-1,TMA00315,False,False,False,none
iobakhki-1,TMA00315,False,False,False,none
iobclmoj-1,TMA00315,False,False,False,none
iobhgjnj-1,TMA00315,False,False,False,none
iobhlnco-1,TMA00315,False,False,False,none
iobhmplh-1,TMA00315,False,False,False,none
iobipnbg-1,TMA00315,False,False,False,none
iobjjfdm-1,TMA00315,False,False,False,none
iobnbmio-1,TMA00315,False,False,False,none
iobomnib-1,TMA00315,False,False,False,none
ioccpkmp-1,TMA00315,False,False,False,none
iocdilci-1,TMA00315,False,False,False,none
iocdjiep-1,TMA00315,False,False,False,none
iocekfbh-1,TMA00315,False,False,False,none
iochahll-1,TMA00315,False,False,False,none
iocmkilc-1,TMA00315,False,False,False,none
iocplfjm-1,TMA00315,False,False,False,none
iodkehfd-1,TMA00315,False,False,False,none
ioeadjkh-1,TMA00315,False,False,False,none
ioeafdap-1,TMA00315,False,False,False,none
ioeapagp-1,TMA00315,False,False,False,none
ioebchmk-1,TMA00315,False,False,False,none
ioeebndh-1,TMA00315,False,False,False,none
ioegellf-1,TMA00315,False,False,False,none
ioehnkig-1,TMA00315,False,False,False,none
ioeidgia-1,TMA00315,False,False,False,none
ioejbdja-1,TMA00315,False,False,False,none
ioejlfhj-1,TMA00315,False,False,False,none
ioepehbg-1,TMA00315,False,False,False,none
ioepilkm-1,TMA00315,False,False,False,none
iofafgep-1,TMA00315,False,False,False,none
iofbibjg-1,TMA00315,False,False,False,none
iofdljcl-1,TMA00315,False,False,False,none
iofebfgl-1,TMA00315,False,False,False,none
ioffghbc-1,TMA00315,False,False,False,none
ioffneah-1,TMA00315,False,False,False,none
iofhcgcc-1,TMA00315,False,False,False,none
iofiekne-1,TMA00315,False,False,False,none
iofknige-1,TMA00315,False,False,False,none
ioflppnj-1,TMA00315,False,False,False,none
iofpolid-1,TMA00315,False,False,False,none
iogajcol-1,TMA00315,False,False,False,none
iogbfief-1,TMA00315,False,False,False,none
iogbmgme-1,TMA00315,False,False,False,none
iogbohil-1,TMA00315,False,False,False,none
iogcppdn-1,TMA00315,False,False,False,none
iogedfim-1,TMA00315,False,False,False,none
iogiagco-1,TMA00315,False,False,False,none
iogigpam-1,TMA00315,False,False,False,none
iogjgfmf-1,TMA00315,False,False,False,none
iogmlbbn-1,TMA00315,False,False,False,none
iogmpihm-1,TMA00315,False,False,False,none
iogolmon-1,TMA00315,False,False,False,none
iogpokpa-1,TMA00315,False,False,False,none
iohbjgdh-1,TMA00315,False,False,False,none
iohgcokd-1,TMA00315,False,False,False,none
iohgloen-1,TMA00315,False,False,False,none
iohgnaem-1,TMA00315,False,False,False,none
iohhiacm-1,TMA00315,False,False,False,none
iohikfog-1,TMA00315,False,False,False,none
iohjlabb-1,TMA00315,False,False,False,none
iohlalib-1,TMA00315,False,False,False,none
iohpobcf-1,TMA00315,False,False,False,none
ioibhjke-1,TMA00315,False,False,False,none
ioiejlni-1,TMA00315,False,False,False,none
ioifmcao-1,TMA00315,False,False,False,none
ioiiglbd-1,TMA00315,False,False,False,none
ioijhhmi-1,TMA00315,False,False,False,none
ioinkejo-1,TMA00315,False,False,False,none
ioinldoe-1,TMA00315,False,False,False,none
iojamiph-1,TMA00315,False,False,False,none
iojbfmdk-1,TMA00315,False,False,False,none
iojbijpc-1,TMA00315,False,False,False,none
iojdlmig-1,TMA00315,False,False,False,none
iojdndla-1,TMA00315,False,False,False,none
iojecadm-1,TMA00315,False,False,False,none
iojjogaf-1,TMA00315,False,False,False,none
iojlmlpc-1,TMA00315,False,False,False,none
iokclecc-1,TMA00315,False,False,False,none
iokdioef-1,TMA00315,False,False,False,none
iokgmjfm-1,TMA00315,False,False,False,none
iokjkkda-1,TMA00315,False,False,False,none
ioldoddl-1,TMA00315,False,False,False,none
iolgnkeo-1,TMA00315,False,False,False,none
iolonlfk-1,TMA00315,False,False,False,none
iolppbfl-1,TMA00315,False,False,False,none
iomaoeno-1,TMA00315,False,False,False,none
iomdaffm-1,TMA00315,False,False,False,none
iomdicok-1,TMA00315,False,False,False,none
iomnahlo-1,TMA00315,False,False,False,none
iomnmpab-1,TMA00315,False,False,False,none
iomplogh-1,TMA00315,False,False,False,none
ioncjpmm-1,TMA00315,False,False,False,none
ioneamgb-1,TMA00315,False,False,False,none
iongfcdf-1,TMA00315,False,False,False,none
ionhlenp-1,TMA00315,False,False,False,none
ionjimeb-1,TMA00315,False,False,False,none
ionkiale-1,TMA00315,False,False,False,none
ionldegb-1,TMA00315,False,False,False,none
ionllgaj-1,TMA00315,False,False,False,none
ionllhch-1,TMA00315,False,False,False,none
iooacnlk-1,TMA00315,False,False,False,none
ioobbpfe-1,TMA00315,False,False,False,none
ioodidaa-1,TMA00315,False,False,False,none
iooneeed-1,TMA00315,False,False,False,none
iopamcik-1,TMA00315,False,False,False,none
iopeghdg-1,TMA00315,False,False,False,none
iopffeif-1,TMA00315,False,False,False,none
iopflhdh-1,TMA00315,False,False,False,none
iopgekfm-1,TMA00315,False,False,False,none
iopidmji-1,TMA00315,False,False,False,none
iopifgcl-1,TMA00315,False,False,False,none
iopmgloc-1,TMA00315,False,False,False,none
iopnlkpn-1,TMA00315,False,False,False,none
ipaagggk-1,TMA00315,False,False,False,none
ipabnhch-1,TMA00315,False,False,False,none
ipaknflc-1,TMA00315,False,False,False,none
ipapcpcn-1,TMA00315,False,False,False,none
ipbdffol-1,TMA00315,False,False,False,none
ipbkdmhb-1,TMA00315,False,False,False,none
ipbnkaie-1,TMA00315,False,False,False,none
ipbohnhj-1,TMA00315,False,False,False,none
ipcdiloi-1,TMA00315,False,False,False,none
ipcjkgni-1,TMA00315,False,False,False,none
ipcmpgpp-1,TMA00315,False,False,False,none
ipcpkbmh-1,TMA00315,False,False,False,none
ipdfhcei-1,TMA00315,False,False,False,none
ipdgnmka-1,TMA00315,False,False,False,none
ipdhmhmh-1,TMA00315,False,False,False,none
ipdokblm-1,TMA00315,False,False,False,none
ipdppmlb-1,TMA00315,False,False,False,none
ipeadlbf-1,TMA00315,False,False,False,none
ipeammip-1,TMA00315,False,False,False,none
ipeddojh-1,TMA00315,False,False,False,none
ipegffln-1,TMA00315,False,False,False,none
ipehlegd-1,TMA00315,False,False,False,none
ipekabhi-1,TMA00315,False,False,False,none
ipemhfec-1,TMA00315,False,False,False,none
ipenjkck-1,TMA00315,False,False,False,none
ipepnmdh-1,TMA00315,False,False,False,none
ipfecndf-1,TMA00315,False,False,False,none
ipfiifmf-1,TMA00315,False,False,False,none
ipfjdcpg-1,TMA00315,False,False,False,none
ipgakjkd-1,TMA00315,False,False,False,none
ipgakkol-1,TMA00315,False,False,False,none
ipgandhd-1,TMA00315,False,False,False,none
ipgcojie-1,TMA00315,False,False,False,none
ipgdgopm-1,TMA00315,False,False,False,none
ipghbjkj-1,TMA00315,False,False,False,none
ipghcfec-1,TMA00315,False,False,False,none
ipgiidcm-1,TMA00315,False,False,False,none
ipgjadpb-1,TMA00315,False,False,False,none
ipgkbbai-1,TMA00315,False,False,False,none
ipgkhmha-1,TMA00315,False,False,False,none
ipgmcaek-1,TMA00315,False,False,False,none
ipgmfigd-1,TMA00315,False,False,False,none
ipgmighh-1,TMA00315,False,False,False,none
ipgnhnkj-1,TMA00315,False,False,False,none
ipgnjemg-1,TMA00315,False,False,False,none
ipgohaae-1,TMA00315,False,False,False,none
iphbfoin-1,TMA00315,False,False,False,none
iphbofhi-1,TMA00315,False,False,False,none
iphchidp-1,TMA00315,False,False,False,none
iphdaaai-1,TMA00315,False,False,False,none
iphdgejl-1,TMA00315,False,False,False,none
iphfjbfn-1,TMA00315,False,False,False,none
iphgldph-1,TMA00315,False,False,False,none
iphhbimc-1,TMA00315,False,False,False,none
iphimccc-1,TMA00315,False,False,False,none
iphkligo-1,TMA00315,False,False,False,none
iphpdidk-1,TMA00315,False,False,False,none
ipieeaob-1,TMA00315,False,False,False,none
ipiglngh-1,TMA00315,False,False,False,none
ipijncnd-1,TMA00315,False,False,False,none
ipiknomi-1,TMA00315,False,False,False,none
ipilfnph-1,TMA00315,False,False,False,none
ipillhoo-1,TMA00315,False,False,False,none
ipipjpkp-1,TMA00315,False,False,False,none
ipjcnbkd-1,TMA00315,False,False,False,none
ipjdjbjk-1,TMA00315,False,False,False,none
ipjjdfgp-1,TMA00315,False,False,False,none
ipjkbpnh-1,TMA00315,False,False,False,none
ipjpgdcd-1,TMA00315,False,False,False,none
ipkagkin-1,TMA00315,False,False,False,none
ipkgeeon-1,TMA00315,False,False,False,none
ipkheeck-1,TMA00315,False,False,False,none
ipkheknl-1,TMA00315,False,False,False,none
ipkhjaea-1,TMA00315,False,False,False,none
ipkiblol-1,TMA00315,False,False,False,none
ipkinclj-1,TMA00315,False,False,False,none
ipkogppj-1,TMA00315,False,False,False,none
ipkopcma-1,TMA00315,False,False,False,none
iplcnleo-1,TMA00315,False,False,False,none
iplljccp-1,TMA00315,False,False,False,none
iplnmali-1,TMA00315,True,False,False,EGFP_Seq1_hi
iplodfpd-1,TMA00315,False,False,False,none
ipmffmda-1,TMA00315,False,False,False,none
ipmfodne-1,TMA00315,False,False,False,none
ipmgflel-1,TMA00315,False,False,False,none
ipmibhdl-1,TMA00315,False,False,False,none
ipmiigcn-1,TMA00315,False,False,False,none
ipmljdig-1,TMA00315,False,False,False,none
ipmllohj-1,TMA00315,False,False,False,none
ipmmlbaa-1,TMA00315,False,False,False,none
ipmnacfj-1,TMA00315,False,False,False,none
ipnaagib-1,TMA00315,False,False,False,none
ipnaelhp-1,TMA00315,False,False,False,none
ipnddbmp-1,TMA00315,False,False,False,none
ipndfbdh-1,TMA00315,False,False,False,none
ipnfhbal-1,TMA00315,False,False,False,none
ipnknpbo-1,TMA00315,False,False,False,none
ipnmbief-1,TMA00315,False,False,False,none
ipnonkle-1,TMA00315,False,False,False,none
ipnpaggc-1,TMA00315,False,False,False,none
ipocbhbp-1,TMA00315,False,False,False,none
ipoepkkk-1,TMA00315,False,False,False,none
ipoiocob-1,TMA00315,False,False,False,none
ipokinpl-1,TMA00315,False,False,False,none
ipollank-1,TMA00315,False,False,False,none
ipoobecc-1,TMA00315,False,False,False,none
ippaohda-1,TMA00315,False,False,False,none
ippfajef-1,TMA00315,False,False,False,none
ippkbkai-1,TMA00315,False,False,False,none
ippndcih-1,TMA00315,False,False,False,none
ippopgda-1,TMA00315,False,False,False,none
jaaaadbb-1,TMA00315,False,False,False,none
jaaeldpn-1,TMA00315,False,False,False,none
jaafhohe-1,TMA00315,False,False,False,none
jaagioef-1,TMA00315,False,False,False,none
jaajajol-1,TMA00315,False,False,False,none
jabbahfd-1,TMA00315,False,False,False,none
jabddcnd-1,TMA00315,False,False,False,none
jabmdloo-1,TMA00315,False,False,False,none
jacafknl-1,TMA00315,False,False,False,none
jacahafb-1,TMA00315,False,False,False,none
jachpklc-1,TMA00315,False,False,False,none
jacmgmcf-1,TMA00315,False,False,False,none
jacmmipf-1,TMA00315,False,False,False,none
jacnnkjl-1,TMA00315,False,False,False,none
jadcnppn-1,TMA00315,False,False,False,none
jadineke-1,TMA00315,False,False,False,none
jadjgope-1,TMA00315,False,False,False,none
jadpedhc-1,TMA00315,False,False,False,none
jaegenkf-1,TMA00315,False,False,False,none
jaehfefd-1,TMA00315,False,False,False,none
jaehmmjc-1,TMA00315,False,False,False,none
jaepefpo-1,TMA00315,False,False,False,none
jafcdldh-1,TMA00315,False,False,False,none
jaffifhj-1,TMA00315,False,False,False,none
jafifokl-1,TMA00315,False,False,False,none
jafjbmgi-1,TMA00315,False,False,False,none
jafnifcb-1,TMA00315,False,False,False,none
jafoiobn-1,TMA00315,False,False,False,none
jagalclk-1,TMA00315,False,False,False,none
jagcjbdf-1,TMA00315,False,False,False,none
jagehkdj-1,TMA00315,False,False,False,none
jagelaob-1,TMA00315,False,False,False,none
jagfkheo-1,TMA00315,False,False,False,none
jagheaak-1,TMA00315,False,False,False,none
jagkglpb-1,TMA00315,False,False,False,none
jaglgcai-1,TMA00315,False,False,False,none
jaglmeia-1,TMA00315,False,False,False,none
jahcejhc-1,TMA00315,False,False,False,none
jahglljh-1,TMA00315,False,False,False,none
jaidafcb-1,TMA00315,False,False,False,none
jaiglfjj-1,TMA00315,False,False,False,none
jaihogho-1,TMA00315,False,False,False,none
jailhbnj-1,TMA00315,False,False,False,none
jaioncdj-1,TMA00315,False,False,False,none
jajafchg-1,TMA00315,False,False,False,none
jajhbjda-1,TMA00315,False,False,False,none
jajhpgmd-1,TMA00315,False,False,False,none
jajlanbi-1,TMA00315,False,False,False,none
jajlcefb-1,TMA00315,False,False,False,none
jajnhhmh-1,TMA00315,False,False,False,none
jakagmip-1,TMA00315,False,False,False,none
jakbbcbi-1,TMA00315,False,False,False,none
jalocomb-1,TMA00315,False,False,False,none
jalodfak-1,TMA00315,False,False,False,none
jaloefem-1,TMA00315,False,False,False,none
jalponja-1,TMA00315,False,False,False,none
jamgpaad-1,TMA00315,False,False,False,none
jamjcpie-1,TMA00315,False,False,False,none
jamoehld-1,TMA00315,False,False,False,none
jampfanh-1,TMA00315,False,False,False,none
janahjno-1,TMA00315,False,False,False,none
janhlogm-1,TMA00315,False,False,False,none
janoedfe-1,TMA00315,False,False,False,none
janojglf-1,TMA00315,False,False,False,none
jaoahfjg-1,TMA00315,False,False,False,none
jaobkodp-1,TMA00315,False,False,False,none
jaocgmgc-1,TMA00315,False,False,False,none
jaodokff-1,TMA00315,False,False,False,none
jaogjama-1,TMA00315,False,False,False,none
jaojgmcb-1,TMA00315,False,False,False,none
jaonafgc-1,TMA00315,False,False,False,none
jaoniaih-1,TMA00315,False,False,False,none
jaonpmbd-1,TMA00315,False,False,False,none
jaoollel-1,TMA00315,False,False,False,none
jaopmbga-1,TMA00315,False,False,False,none
japdmomg-1,TMA00315,False,False,False,none
japekngo-1,TMA00315,False,False,False,none
japjbgij-1,TMA00315,False,False,False,none
japkceeb-1,TMA00315,False,False,False,none
jappjhcd-1,TMA00315,False,False,False,none
jbabbhcp-1,TMA00315,False,False,False,none
jbagoben-1,TMA00315,False,False,False,none
jbagogpg-1,TMA00315,False,False,False,none
jbahaing-1,TMA00315,False,False,False,none
jbajmpbl-1,TMA00315,False,False,False,none
jbbcbgba-1,TMA00315,False,False,False,none
jbbdicee-1,TMA00315,False,False,False,none
jbbibenc-1,TMA00315,False,False,False,none
jbbilmhe-1,TMA00315,False,False,False,none
jbbipbpj-1,TMA00315,False,False,False,none
jbboffbe-1,TMA00315,False,False,False,none
jbclnlbi-1,TMA00315,False,False,False,none
jbcmeihi-1,TMA00315,False,False,False,none
jbcnmffb-1,TMA00315,False,False,False,none
jbcodjjh-1,TMA00315,False,False,False,none
jbcpjpog-1,TMA00315,False,False,False,none
jbdbhkbm-1,TMA00315,False,False,False,none
jbdejgno-1,TMA00315,False,False,False,none
jbdfjiei-1,TMA00315,False,False,False,none
jbdfkapp-1,TMA00315,False,False,False,none
jbdoahng-1,TMA00315,False,False,False,none
jbedckod-1,TMA00315,False,False,False,none
jbeehojf-1,TMA00315,False,False,False,none
jbegeffc-1,TMA00315,False,False,False,none
jbekjokj-1,TMA00315,False,False,False,none
jbfboapa-1,TMA00315,False,False,False,none
jbfdabkc-1,TMA00315,False,False,False,none
jbfhmmhe-1,TMA00315,False,False,False,none
jbfihfng-1,TMA00315,False,False,False,none
jbfldkfg-1,TMA00315,False,False,False,none
jbfnfkik-1,TMA00315,False,False,False,none
jbgbcbem-1,TMA00315,False,False,False,none
jbgbcbji-1,TMA00315,False,False,False,none
jbgkhigi-1,TMA00315,False,False,False,none
jbglgeej-1,TMA00315,False,False,False,none
jbhabgop-1,TMA00315,False,False,False,none
jbhflocl-1,TMA00315,False,False,False,none
jbhkmcbb-1,TMA00315,False,False,False,none
jbhlebmj-1,TMA00315,False,False,False,none
jbhngcad-1,TMA00315,False,False,False,none
jbicmcmk-1,TMA00315,False,False,False,none
jbioabll-1,TMA00315,False,False,False,none
jbionlgb-1,TMA00315,False,False,False,none
jbjlijme-1,TMA00315,False,False,False,none
jbkaemdf-1,TMA00315,False,False,False,none
jbkbkmem-1,TMA00315,False,False,False,none
jbkdjnfk-1,TMA00315,False,False,False,none
jbkfecml-1,TMA00315,False,False,False,none
jbobnmag-1,TMA00315,False,False,False,none
jcbalahd-1,TMA00315,False,False,False,none
jcbccfbk-1,TMA00315,False,False,False,none
jceeiegi-1,TMA00315,False,False,False,none
jcegklid-1,TMA00315,False,False,False,none
jcelpeai-1,TMA00315,False,False,False,none
jcfdocfd-1,TMA00315,False,False,False,none
jcgddmml-1,TMA00315,False,False,False,none
jchbmjaa-1,TMA00315,False,False,False,none
jchnaohc-1,TMA00315,False,False,False,none
jchofpol-1,TMA00315,False,False,False,none
jcibbppn-1,TMA00315,False,False,False,none
jciclcbf-1,TMA00315,False,False,False,none
jciighne-1,TMA00315,False,False,False,none
jcjceicb-1,TMA00315,False,False,False,none
jckjdobk-1,TMA00315,False,False,False,none
jcljfnmh-1,TMA00315,False,False,False,none
jcmamcbp-1,TMA00315,False,False,False,none
jcnaahok-1,TMA00315,False,False,False,none
jcnplgkl-1,TMA00315,False,False,False,none
jcobidhc-1,TMA00315,False,False,False,none
jcphilnb-1,TMA00315,False,False,False,none
jdaalcnc-1,TMA00315,False,False,False,none
jdakemhd-1,TMA00315,False,False,False,none
jdbdange-1,TMA00315,False,False,False,none
jdcajkph-1,TMA00315,False,False,False,none
jddfemhf-1,TMA00315,False,False,False,none
jdeddlbn-1,TMA00315,False,False,False,none
jdejbgha-1,TMA00315,False,False,False,none
jdeljknm-1,TMA00315,False,False,False,none
jdfaakjo-1,TMA00315,False,False,False,none
jdfcekld-1,TMA00315,False,False,False,none
jdffkiek-1,TMA00315,False,False,False,none
jdffoopf-1,TMA00315,False,False,False,none
jdfhgekp-1,TMA00315,False,False,False,none
jdfmogop-1,TMA00315,False,False,False,none
jdgcblgg-1,TMA00315,False,False,False,none
jdggnief-1,TMA00315,False,False,False,none
jdgienik-1,TMA00315,False,False,False,none
jdgifoii-1,TMA00315,False,False,False,none
jdginbci-1,TMA00315,False,False,False,none
jdgkhfma-1,TMA00315,False,False,False,none
jdgleanf-1,TMA00315,False,False,False,none
jdgnfodh-1,TMA00315,False,False,False,none
jdgoffmj-1,TMA00315,False,False,False,none
jdgonaca-1,TMA00315,False,False,False,none
jdhajbdh-1,TMA00315,False,False,False,none
jdhdhelj-1,TMA00315,False,False,False,none
jdhghkoh-1,TMA00315,False,False,False,none
jdhifbgm-1,TMA00315,False,False,False,none
jdhimndp-1,TMA00315,False,False,False,none
jdhipllk-1,TMA00315,False,False,False,none
jdhkgpdb-1,TMA00315,False,False,False,none
jdhkoojb-1,TMA00315,False,False,False,none
jdhnhpdl-1,TMA00315,False,False,False,none
jdhpdkjb-1,TMA00315,False,False,False,none
jdibdkcl-1,TMA00315,False,False,False,none
jdjaimeg-1,TMA00315,False,False,False,none
jdjnlgig-1,TMA00315,False,False,False,none
jdjoiapp-1,TMA00315,False,False,False,none
jdjoigap-1,TMA00315,False,False,False,none
jdjplemm-1,TMA00315,False,False,False,none
jdkanpcd-1,TMA00315,False,False,False,none
jdkcgnef-1,TMA00315,False,False,False,none
jdkgnhcl-1,TMA00315,False,False,False,none
jdkhjong-1,TMA00315,False,False,False,none
jdkiffap-1,TMA00315,False,False,False,none
jdklgfli-1,TMA00315,False,False,False,none
jdklncpa-1,TMA00315,False,False,False,none
jdlaeahl-1,TMA00315,False,False,False,none
jdlcgnkn-1,TMA00315,False,False,False,none
jdlcngfk-1,TMA00315,False,False,False,none
jdljgghj-1,TMA00315,False,False,False,none
jdlmblhe-1,TMA00315,False,False,False,none
jdmclfal-1,TMA00315,False,False,False,none
jdmdpnip-1,TMA00315,False,False,False,none
jdmeaccl-1,TMA00315,False,False,False,none
jdmefaea-1,TMA00315,False,False,False,none
jdmfbooc-1,TMA00315,False,False,False,none
jdmkkboo-1,TMA00315,False,False,False,none
jdmofhng-1,TMA00315,False,False,False,none
jdmoigeh-1,TMA00315,False,False,False,none
jdmpealh-1,TMA00315,False,False,False,none
jdnbnecp-1,TMA00315,False,False,False,none
jdneljbo-1,TMA00315,False,False,False,none
jdnepblm-1,TMA00315,False,False,False,none
jdngbaea-1,TMA00315,False,False,False,none
jdnhhinc-1,TMA00315,False,False,False,none
jdnjlegg-1,TMA00315,False,False,False,none
jdnmkmjo-1,TMA00315,False,False,False,none
jdoemhfi-1,TMA00315,False,False,False,none
jdojnhgf-1,TMA00315,False,False,False,none
jdokejjc-1,TMA00315,False,False,False,none
jdokknoo-1,TMA00315,False,False,False,none
jdolhipd-1,TMA00315,False,False,False,none
jdonfhjo-1,TMA00315,False,False,False,none
jdopacpi-1,TMA00315,False,False,False,none
jdpdkdkh-1,TMA00315,False,False,False,none
jdpemmlm-1,TMA00315,False,False,False,none
jdpfclck-1,TMA00315,False,False,False,none
jdpfocmn-1,TMA00315,False,False,False,none
jdpgcgbo-1,TMA00315,False,False,False,none
jdpjoijg-1,TMA00315,False,False,False,none
jdpkcmef-1,TMA00315,False,False,False,none
jdpngfmf-1,TMA00315,False,False,False,none
jeafembe-1,TMA00315,False,False,False,none
jeafjjgg-1,TMA00315,False,False,False,none
jeahahep-1,TMA00315,False,False,False,none
jeajdbeb-1,TMA00315,False,False,False,none
jeanglfj-1,TMA00315,False,False,False,none
jeaplano-1,TMA00315,False,False,False,none
jebcigfd-1,TMA00315,False,False,False,none
jebfiiel-1,TMA00315,False,False,False,none
jebgiide-1,TMA00315,False,False,False,none
jebhliei-1,TMA00315,False,False,False,none
jebjmlai-1,TMA00315,False,False,False,none
jebnemhi-1,TMA00315,False,False,False,none
jebpkbcl-1,TMA00315,False,False,False,none
jecbefkh-1,TMA00315,False,False,False,none
jecfhggk-1,TMA00315,False,False,False,none
jecfomhg-1,TMA00315,False,False,False,none
jecjcfge-1,TMA00315,False,False,False,none
jecojlca-1,TMA00315,False,False,False,none
jedfiecd-1,TMA00315,False,False,False,none
jedgpooi-1,TMA00315,False,False,False,none
jedhfoib-1,TMA00315,False,False,False,none
jedipnij-1,TMA00315,False,False,False,none
jeebdpak-1,TMA00315,False,False,False,none
jeecdgbj-1,TMA00315,False,False,False,none
jeeebpca-1,TMA00315,False,False,False,none
jeefldlk-1,TMA00315,False,False,False,none
jeehojfd-1,TMA00315,False,False,False,none
jeeiieek-1,TMA00315,False,False,False,none
jefbmemo-1,TMA00315,False,False,False,none
jefchcdm-1,TMA00315,False,False,False,none
jefeecpc-1,TMA00315,False,False,False,none
jefkkbei-1,TMA00315,False,False,False,none
jefogfcb-1,TMA00315,False,False,False,none
jefpjhie-1,TMA00315,False,False,False,none
jegcombf-1,TMA00315,False,False,False,none
jegfbcec-1,TMA00315,False,False,False,none
jegfhakp-1,TMA00315,False,False,False,none
jeggdibk-1,TMA00315,False,False,False,none
jeggppbk-1,TMA00315,False,False,False,none
jegijhai-1,TMA00315,False,False,False,none
jeglichm-1,TMA00315,False,False,False,none
jehagaho-1,TMA00315,False,False,False,none
jehbcibe-1,TMA00315,False,False,False,none
jehcojbh-1,TMA00315,False,False,False,none
jehdecnk-1,TMA00315,False,False,False,none
jehgohgd-1,TMA00315,False,False,False,none
jehifohj-1,TMA00315,False,False,False,none
jehkafbn-1,TMA00315,False,False,False,none
jehkpbae-1,TMA00315,False,False,False,none
jehmfcbo-1,TMA00315,False,False,False,none
jehnbfop-1,TMA00315,False,False,False,none
jeildlhc-1,TMA00315,False,False,False,none
jeinapmh-1,TMA00315,False,False,False,none
jeiohcmn-1,TMA00315,False,False,False,none
jejcoake-1,TMA00315,False,False,False,none
jejjncgk-1,TMA00315,False,False,False,none
jejlaohh-1,TMA00315,False,False,False,none
jekciajd-1,TMA00315,False,False,False,none
jekjhgcb-1,TMA00315,False,True,False,dTomato_Seq2_hi
jekondon-1,TMA00315,False,False,False,none
jelfkceb-1,TMA00315,False,False,False,none
jelfocin-1,TMA00315,False,False,False,none
jelhehlo-1,TMA00315,False,False,False,none
jelmcifl-1,TMA00315,False,False,False,none
jemanonm-1,TMA00315,False,False,False,none
jenefill-1,TMA00315,False,False,False,none
jenhgkee-1,TMA00315,False,False,False,none
jenjemai-1,TMA00315,False,False,False,none
jenkobjc-1,TMA00315,False,False,False,none
jenmelad-1,TMA00315,False,False,False,none
jennkmia-1,TMA00315,False,False,False,none
jennmkdf-1,TMA00315,False,False,False,none
jeoecpii-1,TMA00315,False,False,False,none
jeoideaf-1,TMA00315,False,False,False,none
jeoljjfp-1,TMA00315,False,False,False,none
jeopjdgl-1,TMA00315,False,False,False,none
jepedmmi-1,TMA00315,False,False,False,none
jepjmlcb-1,TMA00315,False,False,False,none
jepklhpn-1,TMA00315,False,False,False,none
jepnnanm-1,TMA00315,False,False,False,none
jepnocjc-1,TMA00315,False,False,False,none
jeppmdhe-1,TMA00315,False,False,False,none
jfaggaaf-1,TMA00315,False,False,False,none
jfahdlnp-1,TMA00315,False,False,False,none
jfajgdei-1,TMA00315,False,False,False,none
jfakckep-1,TMA00315,False,False,False,none
jfbljfel-1,TMA00315,False,False,False,none
jfbommek-1,TMA00315,False,False,False,none
jfbplmng-1,TMA00315,False,False,False,none
jfcijobb-1,TMA00315,False,False,False,none
jfcljjib-1,TMA00315,False,False,False,none
jfclondl-1,TMA00315,False,False,False,none
jfdaaami-1,TMA00315,False,False,False,none
jfdaidmb-1,TMA00315,False,False,False,none
jfdalcnb-1,TMA00315,False,False,False,none
jfdcldab-1,TMA00315,False,False,False,none
jfdfkbip-1,TMA00315,False,False,False,none
jfdimgnc-1,TMA00315,False,False,False,none
jfdjhbfh-1,TMA00315,False,False,False,none
jfehcbdm-1,TMA00315,False,False,False,none
jfehiohh-1,TMA00315,False,False,False,none
jfemliib-1,TMA00315,False,False,False,none
jfempfbi-1,TMA00315,False,False,False,none
jffbkdji-1,TMA00315,False,False,False,none
jffjomgl-1,TMA00315,False,False,False,none
jffkaeke-1,TMA00315,False,False,False,none
jfgbiale-1,TMA00315,False,False,False,none
jfgdcdkh-1,TMA00315,False,False,False,none
jfgeplnj-1,TMA00315,False,False,False,none
jfginafo-1,TMA00315,False,False,False,none
jfgmghnp-1,TMA00315,False,False,False,none
jfgnlbdm-1,TMA00315,False,False,False,none
jfheopde-1,TMA00315,False,False,False,none
jfhifhdi-1,TMA00315,False,False,False,none
jfhmcece-1,TMA00315,False,False,False,none
jfhplbem-1,TMA00315,False,False,False,none
jfjbhici-1,TMA00315,False,False,False,none
jfkibpoh-1,TMA00315,False,False,False,none
jflaghpn-1,TMA00315,False,False,False,none
jflfiicn-1,TMA00315,False,False,False,none
jflgjddd-1,TMA00315,False,False,False,none
jflgjfdm-1,TMA00315,False,False,False,none
jfllkkhn-1,TMA00315,False,False,False,none
jflpnclc-1,TMA00315,False,False,False,none
jfmbpgbg-1,TMA00315,False,False,False,none
jfmcdonp-1,TMA00315,False,False,False,none
jfmcpfgo-1,TMA00315,False,False,False,none
jfmeegbm-1,TMA00315,False,False,False,none
jfmeehdj-1,TMA00315,False,False,False,none
jfmhfemj-1,TMA00315,False,False,False,none
jfmojobo-1,TMA00315,False,False,False,none
jfmokoje-1,TMA00315,False,False,False,none
jfnblagh-1,TMA00315,False,False,False,none
jfnfhalg-1,TMA00315,False,False,False,none
jfningbe-1,TMA00315,False,False,False,none
jfnkfmbn-1,TMA00315,False,False,False,none
jfnnnahd-1,TMA00315,False,False,False,none
jfogjodp-1,TMA00315,False,False,False,none
jfonfpko-1,TMA00315,False,False,False,none
jfonojjn-1,TMA00315,False,False,False,none
jfooahjp-1,TMA00315,False,False,False,none
jfoplmob-1,TMA00315,False,False,False,none
jfpbhoid-1,TMA00315,False,False,False,none
jfpflelp-1,TMA00315,False,False,False,none
jfpkemii-1,TMA00315,False,False,False,none
jfpklcoi-1,TMA00315,False,False,False,none
jfplchmb-1,TMA00315,False,False,False,none
jfppcafl-1,TMA00315,False,False,False,none
jgabcgni-1,TMA00315,False,False,False,none
jgabjcoc-1,TMA00315,False,False,False,none
jgabljik-1,TMA00315,False,False,False,none
jgagegak-1,TMA00315,False,False,False,none
jgakfglg-1,TMA00315,False,False,False,none
jgbbfggi-1,TMA00315,False,False,False,none
jgbcagkn-1,TMA00315,False,False,False,none
jgbjkphh-1,TMA00315,False,False,False,none
jgbknjia-1,TMA00315,False,False,False,none
jgcagegi-1,TMA00315,False,False,False,none
jgcfoclf-1,TMA00315,False,False,False,none
jgdceikh-1,TMA00315,False,False,False,none
jgdekjdh-1,TMA00315,False,False,False,none
jgdfnann-1,TMA00315,False,False,False,none
jgdjfabi-1,TMA00315,False,False,False,none
jgdjojnj-1,TMA00315,False,False,False,none
jgdmjmnh-1,TMA00315,False,False,False,none
jgdocmdd-1,TMA00315,False,False,False,none
jgebfcco-1,TMA00315,False,False,False,none
jgeebkjn-1,TMA00315,False,False,False,none
jgeenpha-1,TMA00315,False,False,False,none
jgegobbg-1,TMA00315,False,False,False,none
jgejnolg-1,TMA00315,False,False,False,none
jgepkmkn-1,TMA00315,False,False,False,none
jgeplccp-1,TMA00315,False,False,False,none
jgfagoha-1,TMA00315,False,False,False,none
jgfenfnh-1,TMA00315,False,False,False,none
jgfglpjn-1,TMA00315,False,False,False,none
jgghjjdk-1,TMA00315,False,False,False,none
jggknplg-1,TMA00315,False,False,False,none
jggllpad-1,TMA00315,False,False,False,none
jghccdgl-1,TMA00315,False,False,False,none
jghdgicc-1,TMA00315,False,False,False,none
jghjhpoo-1,TMA00315,False,False,False,none
jghlfanc-1,TMA00315,False,False,False,none
jgibmfgf-1,TMA00315,False,False,False,none
jgigopjh-1,TMA00315,False,False,False,none
jgihkpnj-1,TMA00315,False,False,False,none
jginohjc-1,TMA00315,False,False,False,none
jgioeong-1,TMA00315,False,False,False,none
jgjdnlif-1,TMA00315,False,False,False,none
jgjednad-1,TMA00315,False,False,False,none
jgjhdjej-1,TMA00315,False,False,False,none
jgjibplj-1,TMA00315,False,False,False,none
jgjmbfgk-1,TMA00315,False,False,False,none
jgjpaicb-1,TMA00315,False,False,False,none
jgkdlmgi-1,TMA00315,False,False,False,none
jgkgjkmm-1,TMA00315,False,False,False,none
jgkjmpll-1,TMA00315,False,False,False,none
jgkpekfj-1,TMA00315,False,False,False,none
jgkphmpd-1,TMA00315,False,False,False,none
jglbkeja-1,TMA00315,False,False,False,none
jglcclfi-1,TMA00315,False,False,False,none
jglcpiik-1,TMA00315,False,False,False,none
jgliibhm-1,TMA00315,False,False,False,none
jglilgje-1,TMA00315,False,False,False,none
jgljgphi-1,TMA00315,False,False,False,none
jglkjmhd-1,TMA00315,False,False,False,none
jglpnncd-1,TMA00315,False,False,False,none
jgmaadjn-1,TMA00315,False,False,False,none
jgmfccdk-1,TMA00315,False,False,False,none
jgmkijdl-1,TMA00315,False,False,False,none
jgmmcoln-1,TMA00315,False,False,False,none
jgnbahgm-1,TMA00315,False,False,False,none
jgncjmlf-1,TMA00315,False,False,False,none
jgobejgd-1,TMA00315,False,False,False,none
jgokimgl-1,TMA00315,False,False,False,none
jgpfaanp-1,TMA00315,False,False,False,none
jgpfilfm-1,TMA00315,False,False,False,none
jgppdhgb-1,TMA00315,False,False,False,none
jhacagjp-1,TMA00315,False,False,False,none
jhaeemme-1,TMA00315,False,False,False,none
jhahbgmg-1,TMA00315,False,False,False,none
jhajoobk-1,TMA00315,False,False,False,none
jhanmlbd-1,TMA00315,False,False,False,none
jhbahomp-1,TMA00315,False,False,False,none
jhbiigij-1,TMA00315,False,False,False,none
jhbllcmj-1,TMA00315,False,False,False,none
jhbmpfoo-1,TMA00315,False,False,False,none
jhbnbnee-1,TMA00315,False,False,False,none
jhbnnkaj-1,TMA00315,False,False,False,none
jhcffmcf-1,TMA00315,False,False,False,none
jhchnoii-1,TMA00315,False,False,False,none
jhcihjpa-1,TMA00315,False,False,False,none
jhcjjmdm-1,TMA00315,False,False,False,none
jhcnnclp-1,TMA00315,False,False,False,none
jhdbdbce-1,TMA00315,False,False,False,none
jhdfbgmn-1,TMA00315,False,False,False,none
jhdkgmkl-1,TMA00315,False,False,False,none
jheafmgj-1,TMA00315,False,False,False,none
jheclhka-1,TMA00315,False,False,False,none
jhegaljl-1,TMA00315,False,False,False,none
jhegobgf-1,TMA00315,False,False,False,none
jhelcgcm-1,TMA00315,False,False,False,none
jhfcgifa-1,TMA00315,False,False,False,none
jhfhbola-1,TMA00315,False,False,False,none
jhfjoknd-1,TMA00315,False,False,False,none
jhfkddei-1,TMA00315,False,False,False,none
jhflhmie-1,TMA00315,False,False,False,none
jhfmohpd-1,TMA00315,False,False,False,none
jhfnlpac-1,TMA00315,False,False,False,none
jhgdoibc-1,TMA00315,False,False,False,none
jhgnlkbb-1,TMA00315,False,False,False,none
jhgofnop-1,TMA00315,False,False,False,none
jhhdadgf-1,TMA00315,False,False,False,none
jhhenofl-1,TMA00315,False,False,False,none
jhheofcd-1,TMA00315,False,False,False,none
jhhfkeca-1,TMA00315,False,False,False,none
jhhgafjl-1,TMA00315,False,False,False,none
jhhmbani-1,TMA00315,False,False,False,none
jhhmpcho-1,TMA00315,False,False,False,none
jhianjog-1,TMA00315,False,False,False,none
jhiemckb-1,TMA00315,False,False,False,none
jhiikihp-1,TMA00315,False,False,False,none
jhilkbmj-1,TMA00315,False,False,False,none
jhinfhkj-1,TMA00315,False,False,False,none
jhiomdec-1,TMA00315,False,False,False,none
jhipiahb-1,TMA00315,False,False,False,none
jhjdbbmo-1,TMA00315,False,False,False,none
jhjdlfmd-1,TMA00315,False,False,False,none
jhjejiko-1,TMA00315,False,False,False,none
jhjekick-1,TMA00315,False,False,False,none
jhjfobfe-1,TMA00315,False,False,False,none
jhjihkch-1,TMA00315,False,False,False,none
jhjpcdgg-1,TMA00315,False,False,False,none
jhkabclj-1,TMA00315,False,False,False,none
jhklfccb-1,TMA00315,False,False,False,none
jhkponod-1,TMA00315,False,False,False,none
jhlkenjk-1,TMA00315,False,False,False,none
jhlnnhkm-1,TMA00315,False,False,False,none
jhmbakmb-1,TMA00315,False,False,False,none
jhmcafmm-1,TMA00315,False,False,False,none
jhmdjifo-1,TMA00315,False,False,False,none
jhmfcmnl-1,TMA00315,False,False,False,none
jhmgkadl-1,TMA00315,False,False,False,none
jhmpbjkn-1,TMA00315,False,False,False,none
jhnbgdni-1,TMA00315,False,False,False,none
jhncnncp-1,TMA00315,False,False,False,none
jhnfhmii-1,TMA00315,False,False,False,none
jhnoiplf-1,TMA00315,False,False,False,none
jhnpcdja-1,TMA00315,False,False,False,none
jhoabpij-1,TMA00315,False,False,False,none
jhoeeido-1,TMA00315,False,False,False,none
jhofnkbp-1,TMA00315,False,False,False,none
jhoidknp-1,TMA00315,False,False,False,none
jhpeeonb-1,TMA00315,False,False,False,none
jhpgfpan-1,TMA00315,False,False,False,none
jhplhlen-1,TMA00315,False,False,False,none
jhpohoip-1,TMA00315,False,False,False,none
jhppppai-1,TMA00315,False,False,False,none
jiaihchd-1,TMA00315,False,False,False,none
jiajjane-1,TMA00315,False,False,False,none
jiakiegj-1,TMA00315,False,False,False,none
jiaobkkk-1,TMA00315,False,False,False,none
jiaoempn-1,TMA00315,False,False,False,none
jiaphdak-1,TMA00315,False,False,False,none
jibcajpp-1,TMA00315,False,False,False,none
jibdnpmh-1,TMA00315,False,False,False,none
jibebhhp-1,TMA00315,False,False,False,none
jicbdodk-1,TMA00315,False,False,False,none
jiceahjc-1,TMA00315,False,False,False,none
jicekceh-1,TMA00315,False,False,False,none
jicladcg-1,TMA00315,False,False,False,none
jicnbdgl-1,TMA00315,False,False,False,none
jicnffpc-1,TMA00315,False,False,False,none
jicphamd-1,TMA00315,False,False,False,none
jidaoann-1,TMA00315,False,False,False,none
jidcglml-1,TMA00315,False,False,False,none
jidfbgec-1,TMA00315,False,False,False,none
jidgeijm-1,TMA00315,False,False,False,none
jidklehf-1,TMA00315,False,False,False,none
jidmngne-1,TMA00315,False,False,False,none
jiedfcob-1,TMA00315,False,False,False,none
jiegkbjp-1,TMA00315,False,False,False,none
jiehpbda-1,TMA00315,False,False,False,none
jiejfepf-1,TMA00315,False,False,False,none
jiejkpmn-1,TMA00315,False,False,False,none
jieonahm-1,TMA00315,False,False,False,none
jiffejke-1,TMA00315,False,False,False,none
jiffkchl-1,TMA00315,False,False,False,none
jifgnfed-1,TMA00315,False,False,False,none
jifjoedl-1,TMA00315,False,False,False,none
jifngdcd-1,TMA00315,False,False,False,none
jifppelj-1,TMA00315,False,False,False,none
jigablln-1,TMA00315,False,False,False,none
jigbeodd-1,TMA00315,False,False,False,none
jigcpbok-1,TMA00315,False,False,False,none
jigdpifh-1,TMA00315,False,False,False,none
jiggccla-1,TMA00315,False,False,False,none
jigkfapo-1,TMA00315,False,False,False,none
jiglokni-1,TMA00315,False,False,False,none
jignngnf-1,TMA00315,False,False,False,none
jigpfgfi-1,TMA00315,False,False,False,none
jihcfflo-1,TMA00315,False,False,False,none
jihckkfo-1,TMA00315,False,False,False,none
jihdkgmk-1,TMA00315,False,False,False,none
jihhlncn-1,TMA00315,False,False,False,none
jiibbedi-1,TMA00315,False,False,False,none
jiicgojo-1,TMA00315,False,False,False,none
jiieckad-1,TMA00315,False,False,False,none
jiiiofcj-1,TMA00315,False,False,False,none
jiikeagp-1,TMA00315,False,False,False,none
jiipehdi-1,TMA00315,False,False,False,none
jiipngkp-1,TMA00315,False,False,False,none
jijdmnmm-1,TMA00315,False,False,False,none
jijejadi-1,TMA00315,False,False,False,none
jijgndja-1,TMA00315,False,False,False,none
jijpfdko-1,TMA00315,False,False,False,none
jikcjkfg-1,TMA00315,False,False,False,none
jikemkki-1,TMA00315,False,False,False,none
jikghmgi-1,TMA00315,False,False,False,none
jikipjka-1,TMA00315,False,False,False,none
jikkhdoi-1,TMA00315,False,False,False,none
jikmkmkp-1,TMA00315,False,False,False,none
jikncphi-1,TMA00315,False,False,False,none
jiknfdmh-1,TMA00315,False,False,False,none
jilbilco-1,TMA00315,False,False,False,none
jilddepp-1,TMA00315,False,False,False,none
jiledllh-1,TMA00315,False,False,False,none
jilefegn-1,TMA00315,False,False,False,none
jiljmkpk-1,TMA00315,False,False,False,none
jilkbbfe-1,TMA00315,False,False,False,none
jilkihkh-1,TMA00315,False,False,False,none
jilljcjk-1,TMA00315,False,False,False,none
jilnnheb-1,TMA00315,False,False,False,none
jiloglhc-1,TMA00315,False,False,False,none
jilphjne-1,TMA00315,False,False,False,none
jilplmjh-1,TMA00315,False,False,False,none
jimeanom-1,TMA00315,False,False,False,none
jimffhgi-1,TMA00315,False,False,False,none
jimfipoi-1,TMA00315,False,False,False,none
jimfjbdb-1,TMA00315,False,False,False,none
jimmnchi-1,TMA00315,False,False,False,none
jimnalbl-1,TMA00315,False,False,False,none
jinblndj-1,TMA00315,False,False,False,none
jincmnon-1,TMA00315,False,False,False,none
jineiflc-1,TMA00315,False,False,False,none
jinpjpfi-1,TMA00315,False,False,False,none
jiocgokj-1,TMA00315,False,False,False,none
jiocpebl-1,TMA00315,False,False,False,none
jiogcpbe-1,TMA00315,False,False,False,none
jiolnlma-1,TMA00315,False,False,False,none
jionoldg-1,TMA00315,False,False,False,none
jiopppni-1,TMA00315,False,False,False,none
jipbcmge-1,TMA00315,False,False,False,none
jipdalll-1,TMA00315,False,False,False,none
jiphkaah-1,TMA00315,False,False,False,none
jipinimi-1,TMA00315,False,False,False,none
jipjjcpb-1,TMA00315,False,False,False,none
jipjkbca-1,TMA00315,False,False,False,none
jipkmhhn-1,TMA00315,False,False,False,none
jiplniap-1,TMA00315,False,False,False,none
jjabfaip-1,TMA00315,False,False,False,none
jjapemdj-1,TMA00315,False,False,False,none
jjchikka-1,TMA00315,False,False,False,none
jjcihnip-1,TMA00315,False,False,False,none
jjclldih-1,TMA00315,False,False,False,none
jjcmegnj-1,TMA00315,False,False,False,none
jjcmignj-1,TMA00315,False,False,False,none
jjcnfhmf-1,TMA00315,False,False,False,none
jjcpcjja-1,TMA00315,False,False,False,none
jjcpfika-1,TMA00315,False,False,False,none
jjdgoeoe-1,TMA00315,False,False,False,none
jjdhacem-1,TMA00315,False,False,False,none
jjdhenmg-1,TMA00315,False,False,False,none
jjdjcplj-1,TMA00315,False,False,False,none
jjdjgapc-1,TMA00315,False,False,False,none
jjdnnloo-1,TMA00315,False,False,False,none
jjeddpkm-1,TMA00315,False,False,False,none
jjefiene-1,TMA00315,False,False,False,none
jjejlmdc-1,TMA00315,False,False,False,none
jjemmfia-1,TMA00315,False,False,False,none
jjemnpim-1,TMA00315,False,False,False,none
jjepikaf-1,TMA00315,False,False,False,none
jjfaljci-1,TMA00315,False,False,False,none
jjfclfkm-1,TMA00315,False,False,False,none
jjfcnkmk-1,TMA00315,False,False,False,none
jjfdclda-1,TMA00315,False,False,False,none
jjfeakgd-1,TMA00315,False,False,False,none
jjfgaibo-1,TMA00315,False,False,False,none
jjfjofba-1,TMA00315,False,False,False,none
jjfkijmp-1,TMA00315,False,False,False,none
jjfmgibm-1,TMA00315,False,False,False,none
jjfnblep-1,TMA00315,False,False,False,none
jjfpilpn-1,TMA00315,False,False,False,none
jjgbdpbe-1,TMA00315,False,False,False,none
jjgdkohl-1,TMA00315,False,False,False,none
jjgdlmbn-1,TMA00315,False,False,False,none
jjgephfc-1,TMA00315,False,False,False,none
jjgmjjkb-1,TMA00315,False,False,False,none
jjgmnbhe-1,TMA00315,False,False,False,none
jjgnnlec-1,TMA00315,False,False,False,none
jjgojbcb-1,TMA00315,False,False,False,none
jjheceac-1,TMA00315,False,False,False,none
jjheoidb-1,TMA00315,False,False,False,none
jjhgmjmi-1,TMA00315,False,False,False,none
jjhhgaoa-1,TMA00315,False,False,False,none
jjhhhcap-1,TMA00315,False,False,False,none
jjhhpaoo-1,TMA00315,False,False,False,none
jjhmbomo-1,TMA00315,False,False,False,none
jjhocepo-1,TMA00315,False,False,False,none
jjiaajjh-1,TMA00315,False,False,False,none
jjianddc-1,TMA00315,False,False,False,none
jjjagkpi-1,TMA00315,False,False,False,none
jjjakida-1,TMA00315,False,False,False,none
jjjbaccl-1,TMA00315,False,False,False,none
jjjfonlf-1,TMA00315,False,False,False,none
jjjgfbap-1,TMA00315,False,False,False,none
jjjkcbkc-1,TMA00315,False,False,False,none
jjkjclok-1,TMA00315,False,False,False,none
jjkjdelf-1,TMA00315,False,False,False,none
jjkjnoog-1,TMA00315,False,False,False,none
jjkoigkl-1,TMA00315,False,False,False,none
jjlejdag-1,TMA00315,False,False,False,none
jjlipdeh-1,TMA00315,False,False,False,none
jjlmghie-1,TMA00315,False,False,False,none
jjlnimce-1,TMA00315,False,False,False,none
jjmabckh-1,TMA00315,False,False,False,none
jjmfcbje-1,TMA00315,False,False,False,none
jjmhehop-1,TMA00315,False,False,False,none
jjmikkdg-1,TMA00315,False,False,False,none
jjmnhkdo-1,TMA00315,False,False,False,none
jjmoafle-1,TMA00315,False,False,False,none
jjndmdpe-1,TMA00315,False,False,False,none
jjnfhemg-1,TMA00315,False,False,False,none
jjngimhb-1,TMA00315,False,False,False,none
jjnkclln-1,TMA00315,False,False,False,none
jjnlbcnp-1,TMA00315,False,False,False,none
jjnlhbeh-1,TMA00315,False,False,False,none
jjnmjagl-1,TMA00315,False,False,False,none
jjnojlbm-1,TMA00315,False,False,False,none
jjoigdpc-1,TMA00315,False,False,False,none
jjojmlee-1,TMA00315,False,False,False,none
jjolgeho-1,TMA00315,False,False,False,none
jjonljod-1,TMA00315,False,False,False,none
jjooaphh-1,TMA00315,False,False,False,none
jjopchfp-1,TMA00315,False,False,False,none
jjpdiadp-1,TMA00315,False,False,False,none
jjpghehi-1,TMA00315,False,False,False,none
jjpgimnc-1,TMA00315,False,False,False,none
jjpicdgh-1,TMA00315,False,False,False,none
jjpjcahn-1,TMA00315,False,False,False,none
jjpjlocc-1,TMA00315,False,False,False,none
jkadoajj-1,TMA00315,False,False,False,none
jkaghnnh-1,TMA00315,False,False,False,none
jkahihel-1,TMA00315,False,False,False,none
jkajcbli-1,TMA00315,False,False,False,none
jkakihfk-1,TMA00315,False,False,False,none
jkammnpo-1,TMA00315,False,False,False,none
jkapgjic-1,TMA00315,False,False,False,none
jkbafpnl-1,TMA00315,False,False,False,none
jkbaicej-1,TMA00315,False,False,False,none
jkbbgkng-1,TMA00315,False,False,False,none
jkbdhhba-1,TMA00315,False,False,False,none
jkbeofin-1,TMA00315,False,False,False,none
jkbfkhkg-1,TMA00315,False,False,False,none
jkbgngif-1,TMA00315,False,False,False,none
jkbipgbb-1,TMA00315,False,False,False,none
jkbkbikm-1,TMA00315,False,False,False,none
jkbnimji-1,TMA00315,False,False,False,none
jkboddck-1,TMA00315,False,False,False,none
jkcahioj-1,TMA00315,False,False,False,none
jkcajldd-1,TMA00315,False,False,False,none
jkcehije-1,TMA00315,False,False,False,none
jkcfoioc-1,TMA00315,False,False,False,none
jkcgcijc-1,TMA00315,False,False,False,none
jkcicbpg-1,TMA00315,False,False,False,none
jkdijpjg-1,TMA00315,False,False,False,none
jkdipgnb-1,TMA00315,False,False,False,none
jkeefijl-1,TMA00315,False,False,False,none
jkehhedg-1,TMA00315,False,False,False,none
jkehigje-1,TMA00315,False,False,False,none
jkfaplop-1,TMA00315,False,False,False,none
jkfhdajj-1,TMA00315,False,False,False,none
jkfledmf-1,TMA00315,False,False,False,none
jkgabneb-1,TMA00315,False,False,False,none
jkgcmpai-1,TMA00315,False,False,False,none
jkgeccbm-1,TMA00315,False,False,False,none
jkggfbdp-1,TMA00315,False,False,False,none
jkgnbejp-1,TMA00315,False,False,False,none
jkhdckkf-1,TMA00315,False,False,False,none
jkhhcepm-1,TMA00315,False,False,False,none
jkhicfjo-1,TMA00315,False,False,False,none
jkiblkch-1,TMA00315,False,False,False,none
jkiclndk-1,TMA00315,False,False,False,none
jkijcjdj-1,TMA00315,False,False,False,none
jkikebbj-1,TMA00315,False,False,False,none
jkimefmd-1,TMA00315,False,False,False,none
jkjamogc-1,TMA00315,False,False,False,none
jkjcpcgk-1,TMA00315,False,False,False,none
jkjedmbk-1,TMA00315,False,False,False,none
jkjgcapj-1,TMA00315,False,False,False,none
jkjhmmfb-1,TMA00315,False,False,False,none
jkjjahhl-1,TMA00315,False,False,False,none
jkjlmjhh-1,TMA00315,False,False,False,none
jkjnpnlm-1,TMA00315,False,False,False,none
jkjojpik-1,TMA00315,False,False,False,none
jkkailka-1,TMA00315,False,False,False,none
jkkbmjjl-1,TMA00315,False,False,False,none
jkkdcoec-1,TMA00315,False,False,False,none
jkkedcii-1,TMA00315,False,False,False,none
jklfclfb-1,TMA00315,False,False,False,none
jklmllli-1,TMA00315,False,False,False,none
jkmefgbf-1,TMA00315,False,False,False,none
jkmgciop-1,TMA00315,False,False,False,none
jknhhpga-1,TMA00315,False,False,False,none
jknihkka-1,TMA00315,False,False,False,none
jknolgjc-1,TMA00315,False,False,False,none
jknpadip-1,TMA00315,False,False,False,none
jkodnnka-1,TMA00315,False,False,False,none
jkoecjhi-1,TMA00315,False,False,False,none
jkohgaok-1,TMA00315,False,False,False,none
jkoikmgp-1,TMA00315,False,False,False,none
jkojkmaj-1,TMA00315,False,False,False,none
jkolligg-1,TMA00315,False,False,False,none
jkomgabo-1,TMA00315,False,False,False,none
jkommchn-1,TMA00315,False,False,False,none
jkpnmffp-1,TMA00315,False,False,False,none
jkpombcp-1,TMA00315,False,False,False,none
jlaaocmb-1,TMA00315,False,False,False,none
jlabaibm-1,TMA00315,False,False,False,none
jlacofpj-1,TMA00315,False,False,False,none
jlaejmfd-1,TMA00315,False,False,False,none
jlagkkig-1,TMA00315,False,False,False,none
jlajpakd-1,TMA00315,False,False,False,none
jlanpgbl-1,TMA00315,False,False,False,none
jlbeogmi-1,TMA00315,False,False,False,none
jlbmdgbg-1,TMA00315,False,False,False,none
jlbnkkfk-1,TMA00315,False,False,False,none
jlcanaco-1,TMA00315,False,False,False,none
jlchaidd-1,TMA00315,False,False,False,none
jlckopfb-1,TMA00315,False,False,False,none
jlcnindg-1,TMA00315,False,False,False,none
jlcpklag-1,TMA00315,False,False,False,none
jlcpmpbc-1,TMA00315,False,False,False,none
jldafpel-1,TMA00315,False,False,False,none
jldihjoh-1,TMA00315,False,False,False,none
jleccfcj-1,TMA00315,False,False,False,none
jledhbek-1,TMA00315,False,False,False,none
jledimof-1,TMA00315,False,False,False,none
jlegcgjh-1,TMA00315,False,False,False,none
jlejkdni-1,TMA00315,False,False,False,none
jlekfcil-1,TMA00315,False,False,False,none
jlekoeii-1,TMA00315,False,False,False,none
jlfdjhbk-1,TMA00315,False,False,False,none
jlffolck-1,TMA00315,False,False,False,none
jlfghmgb-1,TMA00315,False,False,False,none
jlfhpbim-1,TMA00315,False,False,False,none
jlfkeggf-1,TMA00315,False,False,False,none
jlfligno-1,TMA00315,False,False,False,none
jlfloihn-1,TMA00315,False,False,False,none
jlgbbogf-1,TMA00315,False,False,False,none
jlggnpad-1,TMA00315,False,False,False,none
jlgopdpe-1,TMA00315,False,False,False,none
jlhcdgdn-1,TMA00315,False,False,False,none
jlhefklc-1,TMA00315,False,False,False,none
jlhhcmea-1,TMA00315,False,False,False,none
jlhmbjob-1,TMA00315,False,False,False,none
jlhmlech-1,TMA00315,False,False,False,none
jlhoagac-1,TMA00315,False,False,False,none
jliaocmn-1,TMA00315,False,False,False,none
jlidghib-1,TMA00315,False,False,False,none
jliecpbd-1,TMA00315,False,False,False,none
jliiifjh-1,TMA00315,False,False,False,none
jlimdmaj-1,TMA00315,False,False,False,none
jliopmlh-1,TMA00315,False,False,False,none
jljbaffg-1,TMA00315,False,False,False,none
jljdaghc-1,TMA00315,False,False,False,none
jljghnle-1,TMA00315,False,False,False,none
jljijnci-1,TMA00315,False,False,False,none
jljinfke-1,TMA00315,False,False,False,none
jljmbmdj-1,TMA00315,False,False,False,none
jljolnom-1,TMA00315,False,False,False,none
jljpohpk-1,TMA00315,False,False,False,none
jlkbilji-1,TMA00315,False,False,False,none
jlkcmmok-1,TMA00315,False,False,False,none
jlkdfjko-1,TMA00315,False,False,False,none
jlkdjjgh-1,TMA00315,False,False,False,none
jlkjjkcp-1,TMA00315,False,False,False,none
jllcdinm-1,TMA00315,False,False,False,none
jlldgmip-1,TMA00315,False,False,False,none
jllemlaj-1,TMA00315,False,False,False,none
jlleplgf-1,TMA00315,False,False,False,none
jlljmjoi-1,TMA00315,False,False,False,none
jllldkbo-1,TMA00315,False,False,False,none
jlllmgle-1,TMA00315,False,False,False,none
jllnhdaa-1,TMA00315,False,False,False,none
jlmabhln-1,TMA00315,False,False,False,none
jlmhaaej-1,TMA00315,False,False,False,none
jlmhnigi-1,TMA00315,False,False,False,none
jlmijcpo-1,TMA00315,False,False,False,none
jlmjdefa-1,TMA00315,False,False,False,none
jlnbmpmb-1,TMA00315,False,False,False,none
jlnddmnp-1,TMA00315,False,False,False,none
jlnedieh-1,TMA00315,False,False,False,none
jlnehkfj-1,TMA00315,False,False,False,none
jlnfeefb-1,TMA00315,False,False,False,none
jlnjjekp-1,TMA00315,False,False,False,none
jlnnhhap-1,TMA00315,False,False,False,none
jlnojgik-1,TMA00315,False,False,False,none
jloafhla-1,TMA00315,False,False,False,none
jlohejon-1,TMA00315,False,False,False,none
jlojehoe-1,TMA00315,False,False,False,none
jlojkgai-1,TMA00315,False,False,False,none
jlojlcie-1,TMA00315,False,False,False,none
jlolmekm-1,TMA00315,False,False,False,none
jlomigap-1,TMA00315,False,False,False,none
jloofjfh-1,TMA00315,False,False,False,none
jlpaidlk-1,TMA00315,False,False,False,none
jlpajlfm-1,TMA00315,False,False,False,none
jlpcobpa-1,TMA00315,False,False,False,none
jlpfehnn-1,TMA00315,False,False,False,none
jlplggej-1,TMA00315,False,False,False,none
jlpnaohp-1,TMA00315,False,False,False,none
jlppaldk-1,TMA00315,False,False,False,none
jlppbjjp-1,TMA00315,False,False,False,none
jmaecplc-1,TMA00315,False,False,False,none
jmahhlim-1,TMA00315,False,False,False,none
jmakedmo-1,TMA00315,False,False,False,none
jmakjjjh-1,TMA00315,False,False,False,none
jmamcjhc-1,TMA00315,False,False,False,none
jmapijjk-1,TMA00315,False,False,False,none
jmbcjlok-1,TMA00315,False,False,False,none
jmbfjnpe-1,TMA00315,False,False,False,none
jmbgpkpe-1,TMA00315,False,False,False,none
jmbijikb-1,TMA00315,False,False,False,none
jmbjmifm-1,TMA00315,False,False,False,none
jmcanabh-1,TMA00315,False,False,False,none
jmcapajg-1,TMA00315,False,False,False,none
jmcfecka-1,TMA00315,False,False,False,none
jmcfjkme-1,TMA00315,False,False,False,none
jmcjeloh-1,TMA00315,False,False,False,none
jmcmpnfe-1,TMA00315,False,False,False,none
jmcnhbfd-1,TMA00315,False,False,False,none
jmcnnonn-1,TMA00315,False,False,False,none
jmcoggel-1,TMA00315,False,False,False,none
jmdagghl-1,TMA00315,False,False,False,none
jmddcjed-1,TMA00315,False,False,False,none
jmdgohhf-1,TMA00315,False,False,False,none
jmdiddbj-1,TMA00315,False,False,False,none
jmdkfpjk-1,TMA00315,False,False,False,none
jmdmphdk-1,TMA00315,False,False,False,none
jmdnoojj-1,TMA00315,False,False,False,none
jmebkldo-1,TMA00315,False,False,False,none
jmeboghp-1,TMA00315,False,False,False,none
jmedomhk-1,TMA00315,False,False,False,none
jmedpnec-1,TMA00315,False,False,False,none
jmeglpna-1,TMA00315,False,False,False,none
jmegndab-1,TMA00315,False,False,False,none
jmemkegb-1,TMA00315,False,False,False,none
jmemmlhb-1,TMA00315,False,False,False,none
jmemnmcb-1,TMA00315,False,False,False,none
jmfmobmp-1,TMA00315,False,False,False,none
jmfpcgob-1,TMA00315,False,False,False,none
jmgadmpe-1,TMA00315,False,False,False,none
jmgbpcbn-1,TMA00315,False,False,False,none
jmgcebdd-1,TMA00315,False,False,False,none
jmgdpdal-1,TMA00315,False,False,False,none
jmgfcoce-1,TMA00315,False,False,False,none
jmgihmio-1,TMA00315,False,False,False,none
jmgjhkpc-1,TMA00315,False,False,False,none
jmgnonje-1,TMA00315,False,False,False,none
jmgopjam-1,TMA00315,False,False,False,none
jmgpbigi-1,TMA00315,False,False,False,none
jmgpldpm-1,TMA00315,False,False,False,none
jmhbjjih-1,TMA00315,False,False,False,none
jmhdmejb-1,TMA00315,False,False,False,none
jmhfjcii-1,TMA00315,False,False,False,none
jmhihpih-1,TMA00315,False,False,False,none
jmhiigch-1,TMA00315,False,False,False,none
jmhjfpgh-1,TMA00315,False,False,False,none
jmhkbppi-1,TMA00315,False,False,False,none
jmiaidnd-1,TMA00315,False,False,False,none
jmibgfka-1,TMA00315,False,False,False,none
jmibkhfn-1,TMA00315,False,False,False,none
jmiddleb-1,TMA00315,False,False,False,none
jmijlcck-1,TMA00315,False,False,False,none
jmilhdog-1,TMA00315,False,False,False,none
jmimidcl-1,TMA00315,False,False,False,none
jminlbll-1,TMA00315,False,False,False,none
jmjbdmmk-1,TMA00315,False,False,False,none
jmjijhgn-1,TMA00315,False,False,False,none
jmkanhih-1,TMA00315,False,False,False,none
jmkblgol-1,TMA00315,False,False,False,none
jmkdnnmo-1,TMA00315,False,False,False,none
jmkeamnm-1,TMA00315,False,False,False,none
jmkegkab-1,TMA00315,False,False,False,none
jmkelfgl-1,TMA00315,False,False,False,none
jmkfnoig-1,TMA00315,False,False,False,none
jmkggdeg-1,TMA00315,False,False,False,none
jmkkfkhl-1,TMA00315,False,False,False,none
jmknpbbn-1,TMA00315,False,False,False,none
jmkpdjpb-1,TMA00315,False,False,False,none
jmlcgadc-1,TMA00315,False,False,False,none
jmlgadci-1,TMA00315,False,False,False,none
jmlhcili-1,TMA00315,False,False,False,none
jmlhheam-1,TMA00315,False,False,False,none
jmliomoj-1,TMA00315,False,False,False,none
jmlipdma-1,TMA00315,False,False,False,none
jmlklpca-1,TMA00315,False,False,False,none
jmlojjjd-1,TMA00315,False,False,False,none
jmmbcdhl-1,TMA00315,False,False,False,none
jmmbdppm-1,TMA00315,False,False,False,none
jmmchjbp-1,TMA00315,False,False,False,none
jmmedcel-1,TMA00315,False,False,False,none
jmmfadin-1,TMA00315,False,False,False,none
jmmgaikl-1,TMA00315,False,False,False,none
jmmlalpc-1,TMA00315,False,False,False,none
jmmndkal-1,TMA00315,False,False,False,none
jmmnpnbi-1,TMA00315,False,False,False,none
jmmppagd-1,TMA00315,False,False,False,none
jmnfalae-1,TMA00315,False,False,False,none
jmnfphkc-1,TMA00315,False,False,False,none
jmngidib-1,TMA00315,False,False,False,none
jmniciem-1,TMA00315,False,False,False,none
jmnmdgib-1,TMA00315,False,False,False,none
jmnodbpj-1,TMA00315,False,False,False,none
jmnpidfe-1,TMA00315,False,False,False,none
jmoebacf-1,TMA00315,False,False,False,none
jmoenieb-1,TMA00315,False,False,False,none
jmofkace-1,TMA00315,False,False,False,none
jmohaggg-1,TMA00315,False,False,False,none
jmolfdjb-1,TMA00315,False,False,False,none
jmonkolk-1,TMA00315,False,False,False,none
jmonnaek-1,TMA00315,False,False,False,none
jmpcpfjg-1,TMA00315,False,False,False,none
jmpfjkof-1,TMA00315,False,False,False,none
jmpgcplm-1,TMA00315,False,False,False,none
jmpilbhi-1,TMA00315,False,False,False,none
jmpmgbbi-1,TMA00315,False,False,False,none
jnabiggi-1,TMA00315,False,False,False,none
jnablhce-1,TMA00315,False,False,False,none
jnamenhf-1,TMA00315,False,False,False,none
jnammelj-1,TMA00315,False,False,False,none
jnaoinba-1,TMA00315,False,False,False,none
jnapadmo-1,TMA00315,False,False,False,none
jnbbkche-1,TMA00315,False,False,False,none
jnbcdlld-1,TMA00315,False,False,False,none
jnbdbipo-1,TMA00315,False,False,False,none
jnbefcgb-1,TMA00315,False,False,False,none
jnblbcbk-1,TMA00315,False,False,False,none
jnbleepc-1,TMA00315,False,False,False,none
jnccnejm-1,TMA00315,False,False,False,none
jncdckmf-1,TMA00315,False,False,False,none
jncjpdih-1,TMA00315,False,False,False,none
jnddgfcb-1,TMA00315,False,False,False,none
jndhimmi-1,TMA00315,False,False,False,none
jndlblpm-1,TMA00315,False,False,False,none
jndlhnne-1,TMA00315,False,False,False,none
jndnhnli-1,TMA00315,False,False,False,none
jneeddmi-1,TMA00315,False,False,False,none
jneflgpp-1,TMA00315,False,False,False,none
jneicnlf-1,TMA00315,False,False,False,none
jnenjohi-1,TMA00315,False,False,False,none
jnfcdgog-1,TMA00315,False,False,False,none
jnfdmcka-1,TMA00315,False,False,False,none
jnffofni-1,TMA00315,False,False,False,none
jnfgajdb-1,TMA00315,False,False,False,none
jnfhddcj-1,TMA00315,False,False,False,none
jnfijfld-1,TMA00315,False,False,False,none
jnfofdnm-1,TMA00315,False,False,False,none
jnfpniga-1,TMA00315,False,False,False,none
jngienko-1,TMA00315,False,False,False,none
jnglpnmh-1,TMA00315,False,False,False,none
jngmlndk-1,TMA00315,False,False,False,none
jngofiam-1,TMA00315,False,False,False,none
jngppkal-1,TMA00315,False,False,False,none
jnhbjich-1,TMA00315,False,False,False,none
jnhdccji-1,TMA00315,False,False,False,none
jnhdefgj-1,TMA00315,False,False,False,none
jnhdllnf-1,TMA00315,False,False,False,none
jnhjpbjm-1,TMA00315,False,False,False,none
jnhmdong-1,TMA00315,False,False,False,none
jnhnacom-1,TMA00315,False,False,False,none
jnhojimg-1,TMA00315,False,False,False,none
jnigdelk-1,TMA00315,False,False,False,none
jnignoph-1,TMA00315,False,False,False,none
jnimhgcn-1,TMA00315,False,False,False,none
jnimnpgh-1,TMA00315,False,False,False,none
jnincaap-1,TMA00315,False,False,False,none
jnipdege-1,TMA00315,False,False,False,none
jnjddbdc-1,TMA00315,False,False,False,none
jnjddbod-1,TMA00315,False,False,False,none
jnjgodkh-1,TMA00315,False,False,False,none
jnjhmkhi-1,TMA00315,False,False,False,none
jnjndgkk-1,TMA00315,False,False,False,none
jnjoocff-1,TMA00315,False,False,False,none
jnkaeekk-1,TMA00315,False,False,False,none
jnkcfmkj-1,TMA00315,False,False,False,none
jnkdginl-1,TMA00315,False,False,False,none
jnkengmd-1,TMA00315,False,False,False,none
jnkfahbb-1,TMA00315,False,False,False,none
jnkjgjdj-1,TMA00315,False,False,False,none
jnklalci-1,TMA00315,False,False,False,none
jnklkojl-1,TMA00315,False,False,False,none
jnlggcej-1,TMA00315,False,False,False,none
jnljgfcm-1,TMA00315,False,False,False,none
jnloakkc-1,TMA00315,False,False,False,none
jnloncgi-1,TMA00315,False,False,False,none
jnmbfcab-1,TMA00315,False,False,False,none
jnmbkjak-1,TMA00315,False,False,False,none
jnmbmjdp-1,TMA00315,False,False,False,none
jnmcjcjc-1,TMA00315,False,False,False,none
jnmcoobd-1,TMA00315,False,False,False,none
jnmdhjmo-1,TMA00315,False,False,False,none
jnmehboc-1,TMA00315,False,False,False,none
jnmemjok-1,TMA00315,False,False,False,none
jnmgmeae-1,TMA00315,False,False,False,none
jnmgpjhi-1,TMA00315,False,False,False,none
jnmkndel-1,TMA00315,False,False,False,none
jnmmiolp-1,TMA00315,False,False,False,none
jnmnfjna-1,TMA00315,False,False,False,none
jnmnnakp-1,TMA00315,False,False,False,none
jnmpjhim-1,TMA00315,False,False,False,none
jnnajoma-1,TMA00315,False,False,False,none
jnnfnmbk-1,TMA00315,False,False,False,none
jnngmaaf-1,TMA00315,False,False,False,none
jnnhpiob-1,TMA00315,False,False,False,none
jnnjoako-1,TMA00315,False,False,False,none
jnnlojkb-1,TMA00315,False,False,False,none
jnnpdiao-1,TMA00315,False,False,False,none
jnocjdpb-1,TMA00315,False,False,False,none
jnodlhlc-1,TMA00315,False,False,False,none
jnohnddj-1,TMA00315,False,False,False,none
jnojjkjm-1,TMA00315,False,False,False,none
jnojmdae-1,TMA00315,False,False,False,none
jnojohme-1,TMA00315,False,False,False,none
jnombbim-1,TMA00315,False,False,False,none
jnongbpb-1,TMA00315,False,False,False,none
jnpdeaff-1,TMA00315,False,False,False,none
jnpdelaa-1,TMA00315,False,False,False,none
jnpegogf-1,TMA00315,False,False,False,none
jnplhcjc-1,TMA00315,False,False,False,none
jnpndehk-1,TMA00315,False,False,False,none
jnpobdkl-1,TMA00315,False,False,False,none
joacebjf-1,TMA00315,False,False,False,none
joamlmha-1,TMA00315,False,False,False,none
jobjbdlf-1,TMA00315,False,False,False,none
jobkbecj-1,TMA00315,False,False,False,none
jobkhkof-1,TMA00315,False,False,False,none
jobmdkif-1,TMA00315,False,False,False,none
jobnhkmg-1,TMA00315,False,False,False,none
jocajpmp-1,TMA00315,False,False,False,none
jocclnio-1,TMA00315,False,False,False,none
jocedfml-1,TMA00315,False,False,False,none
jociegkg-1,TMA00315,False,False,False,none
jocjdnip-1,TMA00315,False,False,False,none
joconfec-1,TMA00315,False,False,False,none
jocplded-1,TMA00315,False,False,False,none
jodcjabp-1,TMA00315,False,False,False,none
jodnipnb-1,TMA00315,False,False,False,none
jodnljgg-1,TMA00315,False,False,False,none
joebnppc-1,TMA00315,False,False,False,none
joecghkb-1,TMA00315,False,False,False,none
joedigla-1,TMA00315,False,False,False,none
joehpkep-1,TMA00315,False,False,False,none
joeohdlp-1,TMA00315,False,False,False,none
jofembjd-1,TMA00315,False,False,False,none
jofeopbn-1,TMA00315,False,False,False,none
joffkjhf-1,TMA00315,False,False,False,none
jofhoije-1,TMA00315,False,False,False,none
jofigeci-1,TMA00315,False,False,False,none
jofihfln-1,TMA00315,False,False,False,none
jogeieoc-1,TMA00315,False,False,False,none
jogfhong-1,TMA00315,False,False,False,none
jogfpbjc-1,TMA00315,False,False,False,none
joghfkmc-1,TMA00315,False,False,False,none
joghjnok-1,TMA00315,False,False,False,none
jogjpamo-1,TMA00315,False,False,False,none
jogkbglc-1,TMA00315,False,False,False,none
joglkmlm-1,TMA00315,False,False,False,none
johidhid-1,TMA00315,False,False,False,none
johkcabj-1,TMA00315,False,False,False,none
joibkhbn-1,TMA00315,False,False,False,none
joibpioo-1,TMA00315,False,False,False,none
joigakoc-1,TMA00315,False,False,False,none
joilhnkl-1,TMA00315,False,False,False,none
jojaplbk-1,TMA00315,False,False,False,none
jojfkffm-1,TMA00315,False,False,False,none
jojhfnen-1,TMA00315,False,False,False,none
jojlmppl-1,TMA00315,False,False,False,none
jojmhmgk-1,TMA00315,False,False,False,none
jojnlmom-1,TMA00315,False,False,False,none
jojpangb-1,TMA00315,False,False,False,none
jokdmmfl-1,TMA00315,False,False,False,none
jokimpim-1,TMA00315,False,False,False,none
jokjgoen-1,TMA00315,False,False,False,none
jokmkkoh-1,TMA00315,False,False,False,none
jolaajpk-1,TMA00315,False,False,False,none
joldioki-1,TMA00315,False,False,False,none
jolebine-1,TMA00315,False,False,False,none
jolfekhl-1,TMA00315,False,False,False,none
jolgjoeo-1,TMA00315,False,False,False,none
jolgkoep-1,TMA00315,False,False,False,none
jolnfbgg-1,TMA00315,False,False,False,none
jologiom-1,TMA00315,False,False,False,none
jomcgpab-1,TMA00315,False,False,False,none
jomdjjco-1,TMA00315,False,False,False,none
jomokdge-1,TMA00315,False,False,False,none
jompnmem-1,TMA00315,False,False,False,none
jonacmjp-1,TMA00315,False,False,False,none
jonbacch-1,TMA00315,False,False,False,none
joncbaaa-1,TMA00315,False,False,False,none
jonicofj-1,TMA00315,False,False,False,none
jonlboee-1,TMA00315,False,False,False,none
joocidli-1,TMA00315,False,False,False,none
joofihpk-1,TMA00315,False,False,False,none
joohhcdc-1,TMA00315,False,False,False,none
joolcnic-1,TMA00315,False,False,False,none
joomfghf-1,TMA00315,False,False,False,none
joonaddj-1,TMA00315,False,False,False,none
jopgcbbl-1,TMA00315,False,False,False,none
jopghohk-1,TMA00315,False,False,False,none
jophpbdl-1,TMA00315,False,False,False,none
jopijmdo-1,TMA00315,False,False,False,none
jopliidf-1,TMA00315,False,False,False,none
jopmdnil-1,TMA00315,False,False,False,none
jpabpemf-1,TMA00315,False,False,False,none
jpahfjio-1,TMA00315,False,False,False,none
jpahjikb-1,TMA00315,False,False,False,none
jpahkpeh-1,TMA00315,False,True,False,dTomato_Seq2_hi
jpaobjid-1,TMA00315,False,False,False,none
jpapklff-1,TMA00315,False,False,False,none
jpbbfnep-1,TMA00315,False,False,False,none
jpbcimlk-1,TMA00315,False,False,False,none
jpbdhkgj-1,TMA00315,False,False,False,none
jpbejfhg-1,TMA00315,False,False,False,none
jpbemlnc-1,TMA00315,False,False,False,none
jpbgfiin-1,TMA00315,False,False,False,none
jpbjeefp-1,TMA00315,False,False,False,none
jpblhfmc-1,TMA00315,False,False,False,none
jpbnkckh-1,TMA00315,False,False,False,none
jpbplpbm-1,TMA00315,False,False,False,none
jpcbkemj-1,TMA00315,False,False,False,none
jpcelhin-1,TMA00315,False,False,False,none
jpcgiogm-1,TMA00315,False,False,False,none
jpchdcal-1,TMA00315,False,False,False,none
jpciffme-1,TMA00315,False,False,False,none
jpckmccj-1,TMA00315,False,False,False,none
jpcmglan-1,TMA00315,False,False,False,none
jpcpamfa-1,TMA00315,False,False,False,none
jpdeajdc-1,TMA00315,False,False,False,none
jpdjnlgb-1,TMA00315,False,False,False,none
jpdngomb-1,TMA00315,False,False,False,none
jpedhhcm-1,TMA00315,False,False,False,none
jpeeocii-1,TMA00315,False,False,False,none
jpeijmak-1,TMA00315,False,False,False,none
jpeklhdo-1,TMA00315,False,False,False,none
jpfamopm-1,TMA00315,False,False,False,none
jpfcdokf-1,TMA00315,False,False,False,none
jpfckpbc-1,TMA00315,False,False,False,none
jpfcnkoc-1,TMA00315,False,False,False,none
jpfeknfb-1,TMA00315,False,False,False,none
jpffinle-1,TMA00315,False,False,False,none
jpffpcai-1,TMA00315,False,False,False,none
jpfgedee-1,TMA00315,False,False,False,none
jpfggkeh-1,TMA00315,False,False,False,none
jpfjnmie-1,TMA00315,False,False,False,none
jpflblgn-1,TMA00315,False,False,False,none
jpflckcj-1,TMA00315,False,False,False,none
jpfolgjn-1,TMA00315,False,False,False,none
jpfpopdm-1,TMA00315,False,False,False,none
jpgdcnfp-1,TMA00315,False,False,False,none
jpghengm-1,TMA00315,False,False,False,none
jpgkbokn-1,TMA00315,False,False,False,none
jpglaadi-1,TMA00315,False,False,False,none
jpglgoka-1,TMA00315,False,False,False,none
jpgoimen-1,TMA00315,False,False,False,none
jphanmol-1,TMA00315,False,False,False,none
jphbnlop-1,TMA00315,False,False,False,none
jphfcila-1,TMA00315,False,False,False,none
jphfeoka-1,TMA00315,False,False,False,none
jphfjnjp-1,TMA00315,False,False,False,none
jphljlkn-1,TMA00315,False,False,False,none
jphnanhd-1,TMA00315,False,False,False,none
jpibidpc-1,TMA00315,False,False,False,none
jpigfmkp-1,TMA00315,False,False,False,none
jpijcgia-1,TMA00315,False,False,False,none
jpijmkdk-1,TMA00315,False,False,False,none
jpimdmmn-1,TMA00315,False,False,False,none
jpjbfpho-1,TMA00315,False,False,False,none
jpjdbgff-1,TMA00315,False,False,False,none
jpjdoini-1,TMA00315,False,False,False,none
jpjelofd-1,TMA00315,False,False,False,none
jpjljijk-1,TMA00315,False,False,False,none
jpkbdlkb-1,TMA00315,False,False,False,none
jpkblcog-1,TMA00315,False,False,False,none
jpkckilf-1,TMA00315,False,False,False,none
jpkepnom-1,TMA00315,False,False,False,none
jpkflogj-1,TMA00315,False,False,False,none
jpkggggb-1,TMA00315,False,False,False,none
jpkhponj-1,TMA00315,False,False,False,none
jpkkpbep-1,TMA00315,False,False,False,none
jpkmhnkn-1,TMA00315,False,False,False,none
jpknedok-1,TMA00315,False,False,False,none
jplbbioe-1,TMA00315,False,False,False,none
jplcammh-1,TMA00315,False,False,False,none
jpleenkn-1,TMA00315,False,False,False,none
jplipacg-1,TMA00315,False,False,False,none
jpllidmh-1,TMA00315,False,False,False,none
jpmaigik-1,TMA00315,False,False,False,none
jpmbhgop-1,TMA00315,False,False,False,none
jpmgadld-1,TMA00315,False,False,False,none
jpmkdebh-1,TMA00315,False,False,False,none
jpmnibcj-1,TMA00315,False,False,False,none
jpmpkpkp-1,TMA00315,False,False,False,none
jpnaegif-1,TMA00315,False,False,False,none
jpnjbaio-1,TMA00315,False,False,False,none
jpoagjfi-1,TMA00315,False,False,False,none
jpoegfoj-1,TMA00315,False,False,False,none
jpoenmck-1,TMA00315,False,False,False,none
jppbpblh-1,TMA00315,False,False,False,none
jppckadg-1,TMA00315,False,False,False,none
jppichah-1,TMA00315,False,False,False,none
jppindlo-1,TMA00315,False,False,False,none
jppkajjj-1,TMA00315,False,False,False,none
jppkinbh-1,TMA00315,False,False,False,none
kaababph-1,TMA00315,False,False,False,none
kaabkgae-1,TMA00315,False,False,False,none
kaabpflc-1,TMA00315,False,False,False,none
kaaclclg-1,TMA00315,False,False,False,none
kaadagkf-1,TMA00315,False,False,False,none
kaaeancp-1,TMA00315,False,False,False,none
kaaehjcc-1,TMA00315,False,False,False,none
kaaijpim-1,TMA00315,False,False,False,none
kaajflni-1,TMA00315,False,False,False,none
kaakoled-1,TMA00315,False,False,False,none
kaaohcoi-1,TMA00315,False,False,False,none
kaaopjbe-1,TMA00315,False,False,False,none
kaaphjci-1,TMA00315,False,False,False,none
kabanngk-1,TMA00315,False,False,False,none
kabdjocm-1,TMA00315,False,False,False,none
kabgcikh-1,TMA00315,False,False,False,none
kacaefaf-1,TMA00315,False,False,False,none
kacdhjag-1,TMA00315,False,False,False,none
kacneeme-1,TMA00315,False,False,False,none
kadfbdia-1,TMA00315,False,False,False,none
kadinghh-1,TMA00315,False,False,False,none
kadlhlkh-1,TMA00315,False,False,False,none
kadmmjpl-1,TMA00315,False,False,False,none
kadncdhp-1,TMA00315,False,False,False,none
kadnppdk-1,TMA00315,False,False,False,none
kaebcdpj-1,TMA00315,False,False,False,none
kaeefomp-1,TMA00315,False,False,False,none
kaeicpah-1,TMA00315,False,False,False,none
kaejakdb-1,TMA00315,False,False,False,none
kaejhmia-1,TMA00315,False,False,False,none
kaelfkif-1,TMA00315,False,False,False,none
kaelpicc-1,TMA00315,False,False,False,none
kaemcogo-1,TMA00315,False,False,False,none
kaepiedg-1,TMA00315,False,False,False,none
kafcgkdd-1,TMA00315,False,False,False,none
kafgjina-1,TMA00315,False,False,False,none
kafgobcf-1,TMA00315,False,False,False,none
kafhjmgm-1,TMA00315,False,False,False,none
kaflccoh-1,TMA00315,False,False,False,none
kafmdgje-1,TMA00315,False,False,False,none
kagaipjf-1,TMA00315,False,False,False,none
kagbhpmb-1,TMA00315,False,False,False,none
kagdjolo-1,TMA00315,False,False,False,none
kagedjbd-1,TMA00315,False,False,False,none
kaggfnia-1,TMA00315,False,False,False,none
kaghagfi-1,TMA00315,False,False,False,none
kaghpadc-1,TMA00315,False,False,False,none
kaghpgck-1,TMA00315,False,False,False,none
kagldkme-1,TMA00315,False,False,False,none
kagmhpcm-1,TMA00315,False,False,False,none
kahbgbap-1,TMA00315,False,False,False,none
kahbgdgc-1,TMA00315,False,False,False,none
kahfnpmp-1,TMA00315,False,False,False,none
kahijdom-1,TMA00315,False,False,False,none
kahlfngf-1,TMA00315,False,False,False,none
kaicaefh-1,TMA00315,False,False,False,none
kaiemcoo-1,TMA00315,False,False,False,none
kaihhjkk-1,TMA00315,False,False,False,none
kaihhkpo-1,TMA00315,False,False,False,none
kailbfoa-1,TMA00315,False,False,False,none
kainjkcd-1,TMA00315,False,False,False,none
kainmdnf-1,TMA00315,False,False,False,none
kajamcom-1,TMA00315,False,False,False,none
kajbigbh-1,TMA00315,False,False,False,none
kajckdmi-1,TMA00315,False,False,False,none
kajdlhof-1,TMA00315,False,False,False,none
kajdodbm-1,TMA00315,False,False,False,none
kajdohon-1,TMA00315,False,False,False,none
kajecnak-1,TMA00315,False,False,False,none
kajfdcbo-1,TMA00315,False,False,False,none
kajgcnfd-1,TMA00315,False,False,False,none
kajimdka-1,TMA00315,False,False,False,none
kajkdcgm-1,TMA00315,False,False,False,none
kajmcjih-1,TMA00315,False,False,False,none
kajpljlf-1,TMA00315,False,False,False,none
kakkjdbn-1,TMA00315,False,False,False,none
kakkoicp-1,TMA00315,False,False,False,none
kakmdkdn-1,TMA00315,False,False,False,none
kaknhkjd-1,TMA00315,False,False,False,none
kaknicej-1,TMA00315,False,False,False,none
kakogcfb-1,TMA00315,False,False,False,none
kakpafhd-1,TMA00315,False,False,False,none
kalbhlnd-1,TMA00315,False,False,False,none
kalfpcbc-1,TMA00315,False,False,False,none
kalhdhdl-1,TMA00315,False,False,False,none
kaliehag-1,TMA00315,False,False,False,none
kaljohop-1,TMA00315,False,False,False,none
kallbjaf-1,TMA00315,False,False,False,none
kalljopk-1,TMA00315,False,False,False,none
kalokbdd-1,TMA00315,False,False,False,none
kamdcgpm-1,TMA00315,False,False,False,none
kamdlbag-1,TMA00315,False,False,False,none
kamhpafe-1,TMA00315,False,False,False,none
kamidain-1,TMA00315,False,False,False,none
kaminpan-1,TMA00315,False,False,False,none
kammbbjl-1,TMA00315,False,False,False,none
kanccaja-1,TMA00315,False,False,False,none
kanccnfe-1,TMA00315,False,False,False,none
kanjeghp-1,TMA00315,False,False,False,none
kanjlmjn-1,TMA00315,False,False,False,none
kanlkkea-1,TMA00315,False,False,False,none
kanmabcf-1,TMA00315,False,False,False,none
kannjdna-1,TMA00315,False,False,False,none
kanocfna-1,TMA00315,False,False,False,none
kanpcccj-1,TMA00315,False,False,False,none
kaobloeh-1,TMA00315,False,False,False,none
kaocajbp-1,TMA00315,False,False,False,none
kaodgolg-1,TMA00315,False,False,False,none
kaodkbip-1,TMA00315,False,False,False,none
kaofdbfo-1,TMA00315,False,False,False,none
kaojcgid-1,TMA00315,False,False,False,none
kaolbfhb-1,TMA00315,False,False,False,none
kaopmjah-1,TMA00315,False,False,False,none
kapdajlk-1,TMA00315,False,False,False,none
kapekikh-1,TMA00315,False,False,False,none
kapfikma-1,TMA00315,False,False,False,none
kapgmgfa-1,TMA00315,False,False,False,none
kapjgjfo-1,TMA00315,False,False,False,none
kapnbjal-1,TMA00315,False,False,False,none
kapnfiag-1,TMA00315,False,False,False,none
kbaepclg-1,TMA00315,False,False,False,none
kbahokin-1,TMA00315,False,False,False,none
kbailmfa-1,TMA00315,False,False,False,none
kbalhack-1,TMA00315,False,False,False,none
kbapcpla-1,TMA00315,False,False,False,none
kbaplkgb-1,TMA00315,False,False,False,none
kbbafpfo-1,TMA00315,False,False,False,none
kbbagjde-1,TMA00315,False,False,False,none
kbbbaefb-1,TMA00315,False,False,False,none
kbbjoeif-1,TMA00315,False,False,False,none
kbbljcng-1,TMA00315,False,False,False,none
kbbopgcc-1,TMA00315,False,False,False,none
kbbpijjn-1,TMA00315,False,False,False,none
kbcaimhm-1,TMA00315,False,False,False,none
kbcccefi-1,TMA00315,False,False,False,none
kbcchaik-1,TMA00315,False,False,False,none
kbcclgel-1,TMA00315,False,False,False,none
kbcebklj-1,TMA00315,False,False,False,none
kbcflenm-1,TMA00315,False,False,False,none
kbcijpkm-1,TMA00315,False,False,False,none
kbcikhfc-1,TMA00315,False,False,False,none
kbcllfjf-1,TMA00315,False,False,False,none
kbclpcgh-1,TMA00315,False,False,False,none
kbcndmkb-1,TMA00315,False,False,False,none
kbdiblnc-1,TMA00315,False,False,False,none
kbdidami-1,TMA00315,False,False,False,none
kbdkinjb-1,TMA00315,False,False,False,none
kbdklani-1,TMA00315,False,False,False,none
kbeeoakb-1,TMA00315,False,False,False,none
kbehklmm-1,TMA00315,False,False,False,none
kbeiiham-1,TMA00315,False,False,False,none
kbejomob-1,TMA00315,False,False,False,none
kbelpapk-1,TMA00315,False,False,False,none
kbepkhim-1,TMA00315,False,False,False,none
kbfdlnii-1,TMA00315,False,False,False,none
kbfebcdk-1,TMA00315,False,False,False,none
kbfeceod-1,TMA00315,False,False,False,none
kbfeofjd-1,TMA00315,False,False,False,none
kbffiheg-1,TMA00315,False,False,False,none
kbfjpfnm-1,TMA00315,False,False,False,none
kbfomico-1,TMA00315,False,False,False,none
kbfppglo-1,TMA00315,False,False,False,none
kbgbmgen-1,TMA00315,False,False,False,none
kbgeefjg-1,TMA00315,False,False,False,none
kbgeelaa-1,TMA00315,False,False,False,none
kbgepipk-1,TMA00315,False,False,False,none
kbgfigdd-1,TMA00315,False,False,False,none
kbggmjld-1,TMA00315,False,False,False,none
kbggnoba-1,TMA00315,False,False,False,none
kbgjjloa-1,TMA00315,False,False,False,none
kbhagdoi-1,TMA00315,False,False,False,none
kbheppmf-1,TMA00315,False,False,False,none
kbhflimk-1,TMA00315,False,False,False,none
kbhgghmc-1,TMA00315,False,False,False,none
kbhjponl-1,TMA00315,False,False,False,none
kbhkngoo-1,TMA00315,False,False,False,none
kbhmbnbm-1,TMA00315,False,False,False,none
kbhobkhj-1,TMA00315,False,False,False,none
kbiblpnk-1,TMA00315,False,False,False,none
kbieobkl-1,TMA00315,False,False,False,none
kbigeaeo-1,TMA00315,False,False,False,none
kbinoonh-1,TMA00315,False,False,False,none
kbjageba-1,TMA00315,False,False,False,none
kbjfggak-1,TMA00315,False,False,False,none
kbjglopl-1,TMA00315,False,False,False,none
kbjjekji-1,TMA00315,False,False,False,none
kbjnmjea-1,TMA00315,False,False,False,none
kbkbdeak-1,TMA00315,False,False,False,none
kbkdhjob-1,TMA00315,False,False,False,none
kbkednld-1,TMA00315,False,False,False,none
kbkhokkj-1,TMA00315,False,False,False,none
kbkjjfkb-1,TMA00315,False,False,False,none
kbknnpeg-1,TMA00315,False,False,False,none
kblcekii-1,TMA00315,False,False,False,none
kblediha-1,TMA00315,False,False,False,none
kblheoda-1,TMA00315,False,False,False,none
kblodpgp-1,TMA00315,False,False,False,none
kblpbfgc-1,TMA00315,False,False,False,none
kbmcoipl-1,TMA00315,False,False,False,none
kbmdmidp-1,TMA00315,False,False,False,none
kbmebgkk-1,TMA00315,False,False,False,none
kbmgbkkf-1,TMA00315,False,False,False,none
kbmhjahi-1,TMA00315,False,False,False,none
kbmmcpcn-1,TMA00315,False,False,False,none
kbmmpgpc-1,TMA00315,False,False,False,none
kbncjbnd-1,TMA00315,False,False,False,none
kbneknpl-1,TMA00315,False,False,False,none
kbnhpmch-1,TMA00315,False,False,False,none
kbnilnaj-1,TMA00315,False,False,False,none
kboabmof-1,TMA00315,False,False,False,none
kboaoknj-1,TMA00315,False,False,False,none
kbofpjpe-1,TMA00315,False,False,False,none
kboiemml-1,TMA00315,False,False,False,none
kboihfac-1,TMA00315,False,False,False,none
kbojlffo-1,TMA00315,False,False,False,none
kboldeem-1,TMA00315,False,False,False,none
kbolhdcn-1,TMA00315,False,False,False,none
kbolmpbh-1,TMA00315,False,False,False,none
kbolploc-1,TMA00315,False,False,False,none
kbopocmi-1,TMA00315,False,False,False,none
kbpafhjn-1,TMA00315,False,False,False,none
kbpcibnh-1,TMA00315,False,False,False,none
kbphgmhg-1,TMA00315,False,False,False,none
kbpiiech-1,TMA00315,False,False,False,none
kbpipfnp-1,TMA00315,False,False,False,none
kbpkkdeg-1,TMA00315,False,False,False,none
kbpkmfbf-1,TMA00315,False,False,False,none
kbpmchjk-1,TMA00315,False,False,False,none
kbpnedof-1,TMA00315,False,False,False,none
kbpocgfg-1,TMA00315,False,False,False,none
kbpomiaf-1,TMA00315,False,False,False,none
kcaacmde-1,TMA00315,False,False,False,none
kcabhnla-1,TMA00315,False,False,False,none
kcagcmbn-1,TMA00315,False,False,False,none
kcaiilpo-1,TMA00315,False,False,False,none
kcajpjlm-1,TMA00315,False,False,False,none
kcaljijg-1,TMA00315,True,False,False,EGFP_Seq1_hi
kcalohoa-1,TMA00315,False,False,False,none
kcancilb-1,TMA00315,False,False,False,none
kcaojnmp-1,TMA00315,False,False,False,none
kcbfiahp-1,TMA00315,False,False,False,none
kcbiplak-1,TMA00315,False,False,False,none
kcbkbcem-1,TMA00315,False,False,False,none
kcbnafgk-1,TMA00315,False,False,False,none
kcbolopl-1,TMA00315,False,False,False,none
kccbabli-1,TMA00315,False,False,False,none
kcccnnig-1,TMA00315,False,False,False,none
kccfieeh-1,TMA00315,False,False,False,none
kccfmhmn-1,TMA00315,False,False,False,none
kccgmnkf-1,TMA00315,False,False,False,none
kccibnil-1,TMA00315,False,False,False,none
kcciemig-1,TMA00315,False,False,False,none
kcclcoll-1,TMA00315,False,False,False,none
kcclekah-1,TMA00315,False,False,False,none
kccmdoba-1,TMA00315,False,False,False,none
kccmipbg-1,TMA00315,False,False,False,none
kccmklim-1,TMA00315,False,False,False,none
kccnaeha-1,TMA00315,False,False,False,none
kccobenp-1,TMA00315,False,False,False,none
kccomnij-1,TMA00315,False,False,False,none
kccpencp-1,TMA00315,False,False,False,none
kcdancde-1,TMA00315,False,False,False,none
kcddmnco-1,TMA00315,False,False,False,none
kcdgjckl-1,TMA00315,False,False,False,none
kcdhedgo-1,TMA00315,False,False,False,none
kcdjbefh-1,TMA00315,False,False,False,none
kcdjglak-1,TMA00315,False,False,False,none
kcdmpnnh-1,TMA00315,False,False,False,none
kcdnepje-1,TMA00315,False,False,False,none
kceccbca-1,TMA00315,False,False,False,none
kcedemdg-1,TMA00315,False,False,False,none
kcefbblj-1,TMA00315,False,False,False,none
kcefganc-1,TMA00315,False,False,False,none
kceiafnn-1,TMA00315,False,False,False,none
kcejecji-1,TMA00315,False,False,False,none
kcejimnk-1,TMA00315,False,False,False,none
kcejoipl-1,TMA00315,False,False,False,none
kceplani-1,TMA00315,False,False,False,none
kcfehfnh-1,TMA00315,False,False,False,none
kcfldapm-1,TMA00315,False,False,False,none
kcfmgeml-1,TMA00315,False,False,False,none
kcfnbmpk-1,TMA00315,False,False,False,none
kcganimn-1,TMA00315,False,False,False,none
kcgdkifm-1,TMA00315,False,False,False,none
kcgjendf-1,TMA00315,False,False,False,none
kcgkanij-1,TMA00315,False,False,False,none
kcgkfpmg-1,TMA00315,False,False,False,none
kcglienc-1,TMA00315,False,False,False,none
kcgmoomk-1,TMA00315,False,False,False,none
kchbhmgb-1,TMA00315,False,False,False,none
kchbllko-1,TMA00315,False,False,False,none
kchgcldm-1,TMA00315,False,False,False,none
kchgdbcf-1,TMA00315,False,False,False,none
kchnafad-1,TMA00315,False,False,False,none
kchpmcjj-1,TMA00315,False,False,False,none
kcibpned-1,TMA00315,False,False,False,none
kcidgdaa-1,TMA00315,False,False,False,none
kcieoice-1,TMA00315,False,False,False,none
kciigneg-1,TMA00315,False,False,False,none
kciinjia-1,TMA00315,False,False,False,none
kcijikmh-1,TMA00315,False,False,False,none
kcijlbpd-1,TMA00315,False,False,False,none
kcikeepk-1,TMA00315,False,False,False,none
kcilckla-1,TMA00315,False,False,False,none
kcimmcmo-1,TMA00315,False,False,False,none
kcinldhe-1,TMA00315,False,False,False,none
kcjbbhni-1,TMA00315,False,False,False,none
kcjbmpjn-1,TMA00315,False,False,False,none
kcjebchn-1,TMA00315,False,False,False,none
kcjefobi-1,TMA00315,False,False,False,none
kcjholhd-1,TMA00315,False,False,False,none
kcjldefa-1,TMA00315,False,False,False,none
kckabcdj-1,TMA00315,False,False,False,none
kckeaobl-1,TMA00315,False,False,False,none
kckhmlff-1,TMA00315,False,False,False,none
kckkaage-1,TMA00315,False,False,False,none
kckkcffh-1,TMA00315,False,False,False,none
kckpdbfb-1,TMA00315,False,False,False,none
kckppcal-1,TMA00315,False,False,False,none
kclaodga-1,TMA00315,False,False,False,none
kclbdihl-1,TMA00315,False,False,False,none
kclfkjkd-1,TMA00315,False,False,False,none
kclgopkb-1,TMA00315,False,False,False,none
kclmohig-1,TMA00315,False,True,False,dTomato_Seq2_hi
kclpfcip-1,TMA00315,False,False,False,none
kcmekghp-1,TMA00315,False,False,False,none
kcmfgbgj-1,TMA00315,False,False,False,none
kcmgcfil-1,TMA00315,False,False,False,none
kcmgihcb-1,TMA00315,False,False,False,none
kcmiihkg-1,TMA00315,False,False,False,none
kcmjcdla-1,TMA00315,False,False,False,none
kcmlmeci-1,TMA00315,False,False,False,none
kcmnjgmj-1,TMA00315,False,False,False,none
kcnbaagh-1,TMA00315,False,False,False,none
kcnbbjfb-1,TMA00315,False,False,False,none
kcncnghb-1,TMA00315,False,False,False,none
kcndfkko-1,TMA00315,False,False,False,none
kcneghko-1,TMA00315,False,False,False,none
kcnflacc-1,TMA00315,False,False,False,none
kcnhifed-1,TMA00315,False,False,False,none
kcnlfhfc-1,TMA00315,False,False,False,none
kcnligdo-1,TMA00315,False,False,False,none
kcnmljdc-1,TMA00315,False,False,False,none
kcoaagba-1,TMA00315,False,False,False,none
kcocpjhp-1,TMA00315,False,False,False,none
kcodindb-1,TMA00315,False,False,False,none
kcoegdmg-1,TMA00315,False,False,False,none
kcoeoonh-1,TMA00315,False,False,False,none
kcogfocm-1,TMA00315,False,False,False,none
kcohpaeh-1,TMA00315,False,False,False,none
kcoknlfm-1,TMA00315,False,False,False,none
kcomjhni-1,TMA00315,False,False,False,none
kcpacgpf-1,TMA00315,False,False,False,none
kcpanipi-1,TMA00315,False,False,False,none
kcpfohda-1,TMA00315,False,False,False,none
kcpjgjce-1,TMA00315,False,False,False,none
kcpkpgkn-1,TMA00315,False,False,False,none
kcplfjpd-1,TMA00315,False,False,False,none
kcpnamca-1,TMA00315,False,False,False,none
kcppjlia-1,TMA00315,False,False,False,none
kdadbbka-1,TMA00315,False,False,False,none
kdafekla-1,TMA00315,False,False,False,none
kdagbdeg-1,TMA00315,False,False,False,none
kdaiafkf-1,TMA00315,False,False,False,none
kdajjghl-1,TMA00315,False,False,False,none
kdajkeea-1,TMA00315,False,False,False,none
kdajochn-1,TMA00315,False,False,False,none
kdalajlo-1,TMA00315,False,False,False,none
kdalkfci-1,TMA00315,False,False,False,none
kdangpla-1,TMA00315,False,False,False,none
kdaopcjj-1,TMA00315,False,False,False,none
kdbedldi-1,TMA00315,False,False,False,none
kdbjkkli-1,TMA00315,False,False,False,none
kdbldmnp-1,TMA00315,False,False,False,none
kdccbpmk-1,TMA00315,False,False,False,none
kdcdlkbh-1,TMA00315,False,False,False,none
kdcdncfg-1,TMA00315,False,False,False,none
kdcdpofh-1,TMA00315,False,False,False,none
kdclifgj-1,TMA00315,False,False,False,none
kdcmdedi-1,TMA00315,False,False,False,none
kddcffoa-1,TMA00315,False,False,False,none
kddcompj-1,TMA00315,False,False,False,none
kddelaha-1,TMA00315,False,False,False,none
kddgfcbd-1,TMA00315,False,False,False,none
kddkgcji-1,TMA00315,False,False,False,none
kddlodbh-1,TMA00315,False,False,False,none
kddmjmcb-1,TMA00315,False,False,False,none
kddncinm-1,TMA00315,False,False,False,none
kddnleff-1,TMA00315,False,False,False,none
kddonjje-1,TMA00315,False,False,False,none
kdeefjon-1,TMA00315,False,False,False,none
kdejoidj-1,TMA00315,False,False,False,none
kdenjmhm-1,TMA00315,False,False,False,none
kdepjnel-1,TMA00315,False,False,False,none
kdfclbac-1,TMA00315,False,False,False,none
kdffpbfj-1,TMA00315,False,False,False,none
kdfipdpj-1,TMA00315,False,False,False,none
kdfmadkb-1,TMA00315,False,False,False,none
kdfmhbkp-1,TMA00315,False,False,False,none
kdfpobbl-1,TMA00315,False,False,False,none
kdgbnaog-1,TMA00315,False,False,False,none
kdgenjpo-1,TMA00315,False,False,False,none
kdgjjcmn-1,TMA00315,False,False,False,none
kdgljcgo-1,TMA00315,False,False,False,none
kdgmdijf-1,TMA00315,False,False,False,none
kdgmmmkl-1,TMA00315,False,False,False,none
kdgngnnk-1,TMA00315,False,False,False,none
kdhhgabo-1,TMA00315,False,False,False,none
kdhhmkpb-1,TMA00315,False,False,False,none
kdhkhbll-1,TMA00315,False,False,False,none
kdhklpbc-1,TMA00315,False,False,False,none
kdhmjffj-1,TMA00315,False,False,False,none
kdhphhno-1,TMA00315,False,False,False,none
kdiaocpp-1,TMA00315,False,False,False,none
kdifhgan-1,TMA00315,False,False,False,none
kdifngci-1,TMA00315,False,False,False,none
kdigebfj-1,TMA00315,False,False,False,none
kdiglnpk-1,TMA00315,False,False,False,none
kdiiacfn-1,TMA00315,False,False,False,none
kdjbdaog-1,TMA00315,False,False,False,none
kdjdanjp-1,TMA00315,False,False,False,none
kdjgecnh-1,TMA00315,False,False,False,none
kdjioahi-1,TMA00315,False,False,False,none
kdkaacbb-1,TMA00315,False,False,False,none
kdkcdded-1,TMA00315,False,False,False,none
kdkchlcc-1,TMA00315,False,False,False,none
kdkegbdn-1,TMA00315,False,False,False,none
kdkghbee-1,TMA00315,False,False,False,none
kdkjdhfa-1,TMA00315,False,False,False,none
kdlckhdo-1,TMA00315,False,False,False,none
kdlcmoap-1,TMA00315,False,False,False,none
kdlkfakn-1,TMA00315,False,False,False,none
kdlmfhao-1,TMA00315,False,False,False,none
kdmaeddj-1,TMA00315,False,False,False,none
kdmbidkj-1,TMA00315,False,False,False,none
kdmcjggg-1,TMA00315,False,False,False,none
kdmkbpoh-1,TMA00315,False,False,False,none
kdnbhegd-1,TMA00315,False,False,False,none
kdnekhef-1,TMA00315,False,False,False,none
kdnhncik-1,TMA00315,False,False,False,none
kdnonheb-1,TMA00315,False,False,False,none
kdoakcpk-1,TMA00315,False,False,False,none
kdocclbf-1,TMA00315,False,False,False,none
kdodbafj-1,TMA00315,False,False,False,none
kdodgnlp-1,TMA00315,False,False,False,none
kdoiglji-1,TMA00315,False,False,False,none
kdoihonn-1,TMA00315,False,False,False,none
kdokgbhj-1,TMA00315,False,False,False,none
kdolhjgb-1,TMA00315,False,False,False,none
kdpembjm-1,TMA00315,False,False,False,none
kdpfdcab-1,TMA00315,False,False,False,none
kdpgghmn-1,TMA00315,False,False,False,none
kdphgalb-1,TMA00315,False,False,False,none
kdphnang-1,TMA00315,False,False,False,none
kdpjongf-1,TMA00315,False,False,False,none
kdpkemke-1,TMA00315,False,False,False,none
kdpoijbo-1,TMA00315,False,False,False,none
kdpojdaj-1,TMA00315,False,False,False,none
keaakljc-1,TMA00315,False,False,False,none
keacfebb-1,TMA00315,False,False,False,none
keaeejnn-1,TMA00315,False,False,False,none
keaejhlm-1,TMA00315,False,False,False,none
keahfdhg-1,TMA00315,False,False,False,none
keajefnp-1,TMA00315,False,False,False,none
keakhipg-1,TMA00315,False,False,False,none
keanfomg-1,TMA00315,False,False,False,none
keaofddk-1,TMA00315,False,False,False,none
kebeigac-1,TMA00315,False,False,False,none
kebnfjfe-1,TMA00315,False,False,False,none
kebnogno-1,TMA00315,False,False,False,none
kebofbfn-1,TMA00315,False,False,False,none
kecnlebj-1,TMA00315,False,False,False,none
kecpmnoj-1,TMA00315,False,False,False,none
kedahogg-1,TMA00315,False,False,False,none
kedcgnkb-1,TMA00315,False,False,False,none
kedhjfac-1,TMA00315,False,False,False,none
kedhplch-1,TMA00315,False,False,False,none
kedjdgak-1,TMA00315,False,False,False,none
kedkkmei-1,TMA00315,False,False,False,none
kedlgfjk-1,TMA00315,False,False,False,none
kedlnble-1,TMA00315,False,False,False,none
kedokfgd-1,TMA00315,False,False,False,none
kedonhfj-1,TMA00315,False,False,False,none
keebcjgj-1,TMA00315,False,False,False,none
keenhapi-1,TMA00315,False,False,False,none
keeoidml-1,TMA00315,False,False,False,none
keepnnnn-1,TMA00315,False,False,False,none
kefainbk-1,TMA00315,False,False,False,none
kefjfmpc-1,TMA00315,False,False,False,none
keflodmi-1,TMA00315,False,False,False,none
kefmgfgl-1,TMA00315,False,False,False,none
kefpjeji-1,TMA00315,False,False,False,none
kegaldcp-1,TMA00315,False,False,False,none
kegffpel-1,TMA00315,False,False,False,none
kegjhmog-1,TMA00315,False,False,False,none
kegmpjlc-1,TMA00315,False,False,False,none
kegncdbk-1,TMA00315,False,False,False,none
kehbjfmp-1,TMA00315,False,False,False,none
kehbpabf-1,TMA00315,False,False,False,none
kehdjapc-1,TMA00315,False,False,False,none
kehenbhd-1,TMA00315,False,False,False,none
kehigmhe-1,TMA00315,False,False,False,none
kehoafff-1,TMA00315,False,False,False,none
keiafnpm-1,TMA00315,False,False,False,none
keibnjkb-1,TMA00315,False,False,False,none
keicefak-1,TMA00315,False,False,False,none
keigmiki-1,TMA00315,False,False,False,none
keikplig-1,TMA00315,False,False,False,none
keilkdgh-1,TMA00315,False,False,False,none
keiofnjp-1,TMA00315,False,False,False,none
kejafdbe-1,TMA00315,False,False,False,none
kejddgeg-1,TMA00315,False,False,False,none
kejegmbp-1,TMA00315,False,False,False,none
kejfbclh-1,TMA00315,False,False,False,none
kejhbcdg-1,TMA00315,False,False,False,none
kejleihb-1,TMA00315,False,False,False,none
kejmaaod-1,TMA00315,False,False,False,none
kejmbdhb-1,TMA00315,False,False,False,none
kejoagnc-1,TMA00315,False,False,False,none
kejpbhep-1,TMA00315,False,False,False,none
kekanoam-1,TMA00315,False,False,False,none
kekbadjm-1,TMA00315,False,False,False,none
kekbhmco-1,TMA00315,False,False,False,none
kekmkpke-1,TMA00315,False,False,False,none
kekonfjo-1,TMA00315,False,False,False,none
kelahdle-1,TMA00315,False,False,False,none
kelbkffp-1,TMA00315,False,False,False,none
kelelbhd-1,TMA00315,False,False,False,none
kelkejnk-1,TMA00315,False,False,False,none
kelnknoh-1,TMA00315,False,False,False,none
kemaopok-1,TMA00315,False,False,False,none
kembdmoi-1,TMA00315,False,False,False,none
kembpoff-1,TMA00315,False,False,False,none
kemdjndg-1,TMA00315,False,False,False,none
kemdpoko-1,TMA00315,False,False,False,none
kemhhldf-1,TMA00315,False,False,False,none
kemipikg-1,TMA00315,False,False,False,none
kemnnbmh-1,TMA00315,False,False,False,none
kemocnbm-1,TMA00315,False,False,False,none
kenhfgij-1,TMA00315,False,False,False,none
kenlfnda-1,TMA00315,False,False,False,none
kenmiken-1,TMA00315,False,False,False,none
keoblamd-1,TMA00315,False,False,False,none
keofbipe-1,TMA00315,False,False,False,none
keoghlbe-1,TMA00315,False,False,False,none
keohnegp-1,TMA00315,False,False,False,none
keolkjch-1,TMA00315,False,False,False,none
keomjlgm-1,TMA00315,False,False,False,none
keoookni-1,TMA00315,False,False,False,none
kepegacm-1,TMA00315,False,False,False,none
keplebnc-1,TMA00315,False,False,False,none
kepnddai-1,TMA00315,False,False,False,none
kfaeegkj-1,TMA00315,False,False,False,none
kfaiogkk-1,TMA00315,False,False,False,none
kfanemfm-1,TMA00315,False,False,False,none
kfaodnho-1,TMA00315,False,False,False,none
kfapgceb-1,TMA00315,False,False,False,none
kfbbjdpd-1,TMA00315,False,False,False,none
kfbchpen-1,TMA00315,False,False,False,none
kfbkcfej-1,TMA00315,False,False,False,none
kfbkddoa-1,TMA00315,False,False,False,none
kfbkigpf-1,TMA00315,False,False,False,none
kfbnmcin-1,TMA00315,False,False,False,none
kfcbdffe-1,TMA00315,False,False,False,none
kfcbfkpi-1,TMA00315,False,False,False,none
kfcdjcpg-1,TMA00315,False,False,False,none
kfcdmhbe-1,TMA00315,False,False,False,none
kfdadfpb-1,TMA00315,False,False,False,none
kfdajkkl-1,TMA00315,False,False,False,none
kfdbnlkc-1,TMA00315,False,False,False,none
kfdlhlpd-1,TMA00315,False,False,False,none
kfdnafmh-1,TMA00315,False,False,False,none
kfdnonan-1,TMA00315,False,False,False,none
kfeehehl-1,TMA00315,False,False,False,none
kfeihhld-1,TMA00315,False,False,False,none
kfekdpln-1,TMA00315,False,False,False,none
kfemicag-1,TMA00315,False,False,False,none
kfeoioeo-1,TMA00315,False,False,False,none
kffdlapi-1,TMA00315,False,False,False,none
kffdoggo-1,TMA00315,False,False,False,none
kffgephn-1,TMA00315,False,False,False,none
kffhigfm-1,TMA00315,False,False,False,none
kffjbhkj-1,TMA00315,False,False,False,none
kffklhfi-1,TMA00315,False,False,False,none
kffnmkac-1,TMA00315,False,False,False,none
kffoadon-1,TMA00315,False,False,False,none
kfgdjecj-1,TMA00315,False,False,False,none
kfghaihj-1,TMA00315,False,False,False,none
kfhcjbgj-1,TMA00315,False,False,False,none
kfhclfjn-1,TMA00315,False,False,False,none
kfhcnchp-1,TMA00315,False,False,False,none
kfhdmlek-1,TMA00315,False,False,False,none
kfhemenf-1,TMA00315,False,False,False,none
kfhiepmm-1,TMA00315,False,False,False,none
kfhipdho-1,TMA00315,False,False,False,none
kfhippac-1,TMA00315,False,False,False,none
kfhnbohi-1,TMA00315,False,False,False,none
kfhnjhmo-1,TMA00315,False,False,False,none
kfibgeem-1,TMA00315,False,False,False,none
kfigapob-1,TMA00315,False,False,False,none
kfignlcn-1,TMA00315,False,False,False,none
kfiimpgj-1,TMA00315,False,False,False,none
kfikacfn-1,TMA00315,False,False,False,none
kfillpei-1,TMA00315,False,False,False,none
kfimdgmc-1,TMA00315,False,False,False,none
kfiocila-1,TMA00315,False,False,False,none
kfiplkpd-1,TMA00315,False,False,False,none
kfjhkkod-1,TMA00315,False,False,False,none
kfjiagce-1,TMA00315,False,False,False,none
kfjipihn-1,TMA00315,False,False,False,none
kfjlgcih-1,TMA00315,False,False,False,none
kfkgoffm-1,TMA00315,False,False,False,none
kfkhgnai-1,TMA00315,False,False,False,none
kfkihegp-1,TMA00315,False,False,False,none
kfklbhak-1,TMA00315,False,False,False,none
kfklfkjf-1,TMA00315,False,False,False,none
kfkooiod-1,TMA00315,False,False,False,none
kflapadd-1,TMA00315,False,False,False,none
kflcahlf-1,TMA00315,False,False,False,none
kflcplgn-1,TMA00315,False,False,False,none
kflgjhba-1,TMA00315,False,False,False,none
kflnlepa-1,TMA00315,False,False,False,none
kfmbondj-1,TMA00315,False,False,False,none
kfmmflcf-1,TMA00315,False,False,False,none
kfmpdnol-1,TMA00315,False,False,False,none
kfnbejkc-1,TMA00315,False,False,False,none
kfnccdig-1,TMA00315,False,False,False,none
kfndlafk-1,TMA00315,False,False,False,none
kfnfkcgf-1,TMA00315,False,False,False,none
kfnjijgf-1,TMA00315,False,False,False,none
kfnkahia-1,TMA00315,False,False,False,none
kfnkhldj-1,TMA00315,False,False,False,none
kfnkkojn-1,TMA00315,False,False,False,none
kfoafgod-1,TMA00315,False,False,False,none
kfobhdbk-1,TMA00315,False,False,False,none
kfoefdfg-1,TMA00315,False,False,False,none
kfofmicc-1,TMA00315,False,False,False,none
kfojfgmo-1,TMA00315,False,False,False,none
kfoklmbl-1,TMA00315,False,False,False,none
kfolfbml-1,TMA00315,False,False,False,none
kfonehoa-1,TMA00315,False,False,False,none
kfooojfo-1,TMA00315,False,False,False,none
kfpdgded-1,TMA00315,False,False,False,none
kfpepjnn-1,TMA00315,False,False,False,none
kfpgangb-1,TMA00315,False,False,False,none
kfphaheh-1,TMA00315,False,False,False,none
kfphilda-1,TMA00315,False,False,False,none
kfpkhdec-1,TMA00315,False,False,False,none
kfpmaclc-1,TMA00315,False,False,False,none
kgaajmnd-1,TMA00315,False,False,False,none
kgaalikc-1,TMA00315,False,False,False,none
kgaboncj-1,TMA00315,False,False,False,none
kgaepdcl-1,TMA00315,False,False,False,none
kgahddce-1,TMA00315,False,False,False,none
kgajajoi-1,TMA00315,False,False,False,none
kgajfggp-1,TMA00315,False,False,False,none
kgapphol-1,TMA00315,False,False,False,none
kgbaoekg-1,TMA00315,False,False,False,none
kgbdpjdd-1,TMA00315,False,False,False,none
kgbegchm-1,TMA00315,False,False,False,none
kgbipfkk-1,TMA00315,False,False,False,none
kgbldefm-1,TMA00315,False,False,False,none
kgblknkp-1,TMA00315,False,False,False,none
kgbnpckg-1,TMA00315,False,False,False,none
kgbokjhl-1,TMA00315,False,False,False,none
kgcdalcj-1,TMA00315,False,False,False,none
kgcgbfie-1,TMA00315,False,False,False,none
kgcgdjmc-1,TMA00315,False,False,False,none
kgcndfnj-1,TMA00315,False,False,False,none
kgcnghhm-1,TMA00315,False,False,False,none
kgcpcnbc-1,TMA00315,False,False,False,none
kgdbaaop-1,TMA00315,False,False,False,none
kgdbchbf-1,TMA00315,False,False,False,none
kgdfmhho-1,TMA00315,False,False,False,none
kgdgfibc-1,TMA00315,False,False,False,none
kgdillpi-1,TMA00315,False,False,False,none
kgdmhieh-1,TMA00315,False,False,False,none
kgdmmphg-1,TMA00315,False,False,False,none
kgdnoblf-1,TMA00315,False,False,False,none
kgdoipig-1,TMA00315,False,False,False,none
kgdphngm-1,TMA00315,False,False,False,none
kgelaeck-1,TMA00315,False,False,False,none
kgelblja-1,TMA00315,False,False,False,none
kgelgjbm-1,TMA00315,False,False,False,none
kgeoiilb-1,TMA00315,False,False,False,none
kgfaghgm-1,TMA00315,False,False,False,none
kgfbdalp-1,TMA00315,False,False,False,none
kgfccfjc-1,TMA00315,False,False,False,none
kgfflcpf-1,TMA00315,False,False,False,none
kgfgomjm-1,TMA00315,False,False,False,none
kgfgpjoh-1,TMA00315,False,False,False,none
kgflooba-1,TMA00315,False,False,False,none
kgfppbjb-1,TMA00315,False,False,False,none
kggabnmf-1,TMA00315,False,False,False,none
kggcmodl-1,TMA00315,False,False,False,none
kggdcjke-1,TMA00315,False,False,False,none
kggdfmdi-1,TMA00315,False,False,False,none
kggmggko-1,TMA00315,False,False,False,none
kggngjag-1,TMA00315,False,False,False,none
kghdnica-1,TMA00315,False,False,False,none
kghdniik-1,TMA00315,False,False,False,none
kghgggck-1,TMA00315,False,False,False,none
kghjeegj-1,TMA00315,False,False,False,none
kghkclel-1,TMA00315,False,False,False,none
kgiepghg-1,TMA00315,False,False,False,none
kgihpokn-1,TMA00315,False,False,False,none
kgikojjb-1,TMA00315,False,False,False,none
kgiocpdg-1,TMA00315,False,False,False,none
kgipjibm-1,TMA00315,False,False,False,none
kgjaoefl-1,TMA00315,False,False,False,none
kgjccjag-1,TMA00315,False,False,False,none
kgjeapgn-1,TMA00315,False,False,False,none
kgjgfalc-1,TMA00315,False,False,False,none
kgjipnib-1,TMA00315,False,False,False,none
kgjlankh-1,TMA00315,False,False,False,none
kgjnppcl-1,TMA00315,False,False,False,none
kgjocpef-1,TMA00315,False,False,False,none
kgkkbgbb-1,TMA00315,False,False,False,none
kgkmjlmk-1,TMA00315,False,False,False,none
kgkmpiga-1,TMA00315,False,False,False,none
kgllfjoo-1,TMA00315,False,False,False,none
kglmgckk-1,TMA00315,False,False,False,none
kglnbpdj-1,TMA00315,False,False,False,none
kgmalman-1,TMA00315,False,False,False,none
kgmcipnn-1,TMA00315,False,False,False,none
kgmegadm-1,TMA00315,False,False,False,none
kgmibpjl-1,TMA00315,False,False,False,none
kgmidkpm-1,TMA00315,False,False,False,none
kgmjindc-1,TMA00315,False,False,False,none
kgmmopkh-1,TMA00315,False,False,False,none
kgmokkda-1,TMA00315,False,False,False,none
kgncidfp-1,TMA00315,False,False,False,none
kgndmmob-1,TMA00315,False,False,False,none
kgnheiik-1,TMA00315,False,False,False,none
kgnibjbe-1,TMA00315,False,False,False,none
kgnidihj-1,TMA00315,False,False,False,none
kgnjlnge-1,TMA00315,False,False,False,none
kgnlfkom-1,TMA00315,False,False,False,none
kgnlgdmb-1,TMA00315,False,False,False,none
kgnpiefb-1,TMA00315,False,False,False,none
kgobilkh-1,TMA00315,False,False,False,none
kgoioaem-1,TMA00315,False,False,False,none
kgongeij-1,TMA00315,False,False,False,none
kgoolhdi-1,TMA00315,False,False,False,none
kgpbddmm-1,TMA00315,False,False,False,none
kgpddhik-1,TMA00315,False,False,False,none
kgpffmio-1,TMA00315,False,False,False,none
kgpgfbmf-1,TMA00315,False,False,False,none
kgphffbg-1,TMA00315,False,False,False,none
kgpifjjg-1,TMA00315,False,False,False,none
kgpkchdi-1,TMA00315,False,False,False,none
kgpmjahe-1,TMA00315,False,False,False,none
kgpmpaai-1,TMA00315,False,False,False,none
kgpnfgnj-1,TMA00315,False,False,False,none
kgpnnkgm-1,TMA00315,False,False,False,none
khadpdmi-1,TMA00315,False,False,False,none
khaemkcm-1,TMA00315,False,False,False,none
khafpfej-1,TMA00315,False,False,False,none
khagajpo-1,TMA00315,False,False,False,none
khaidkff-1,TMA00315,False,False,False,none
khaiiokn-1,TMA00315,False,False,False,none
khaknopa-1,TMA00315,False,False,False,none
khalcifb-1,TMA00315,False,False,False,none
khaoamnm-1,TMA00315,False,False,False,none
khaoefkd-1,TMA00315,False,False,False,none
khaopmaf-1,TMA00315,False,False,False,none
khbafcci-1,TMA00315,False,False,False,none
khbalbab-1,TMA00315,False,False,False,none
khbbmfoe-1,TMA00315,False,False,False,none
khbemmdo-1,TMA00315,False,False,False,none
khbfbnpg-1,TMA00315,False,False,False,none
khbfmmno-1,TMA00315,False,False,False,none
khbjaica-1,TMA00315,False,False,False,none
khblkink-1,TMA00315,False,False,False,none
khcbokcb-1,TMA00315,False,False,False,none
khcfifeg-1,TMA00315,False,False,False,none
khckdmln-1,TMA00315,False,False,False,none
khckilnk-1,TMA00315,False,False,False,none
khcnphnh-1,TMA00315,False,False,False,none
khcojbhh-1,TMA00315,False,False,False,none
khcphjaj-1,TMA00315,False,False,False,none
khdapoop-1,TMA00315,False,False,False,none
khdblceh-1,TMA00315,False,False,False,none
khddgejg-1,TMA00315,False,False,False,none
khdeiimo-1,TMA00315,False,False,False,none
khdfaadk-1,TMA00315,False,False,False,none
kheagfng-1,TMA00315,False,False,False,none
khedpjfo-1,TMA00315,False,False,False,none
khffpgel-1,TMA00315,False,False,False,none
khfhfoal-1,TMA00315,False,False,False,none
khfhnkdb-1,TMA00315,False,False,False,none
khfkeepi-1,TMA00315,False,False,False,none
khfldknd-1,TMA00315,False,False,False,none
khfmifdj-1,TMA00315,False,False,False,none
khfpipab-1,TMA00315,False,False,False,none
khghgjgg-1,TMA00315,False,False,False,none
khgkjfhk-1,TMA00315,False,False,False,none
khhgbjcd-1,TMA00315,False,False,False,none
khiadjdg-1,TMA00315,False,False,False,none
khibdfkn-1,TMA00315,False,False,False,none
khiciplj-1,TMA00315,False,False,False,none
khijpdfj-1,TMA00315,False,False,False,none
khikngaa-1,TMA00315,False,False,False,none
khilkeea-1,TMA00315,False,False,False,none
khimeodh-1,TMA00315,False,False,False,none
khjdlhnf-1,TMA00315,False,False,False,none
khjepmkl-1,TMA00315,False,False,False,none
khjifidc-1,TMA00315,False,False,False,none
khjimpcl-1,TMA00315,False,False,False,none
khjocjbc-1,TMA00315,False,False,False,none
khjolbfk-1,TMA00315,False,False,False,none
khkaehnk-1,TMA00315,False,False,False,none
khkbmbkj-1,TMA00315,False,False,False,none
khkcdbde-1,TMA00315,False,False,False,none
khkdkjpn-1,TMA00315,False,False,False,none
khkdnfeo-1,TMA00315,False,False,False,none
khkkgkoj-1,TMA00315,False,False,False,none
khkmfpbg-1,TMA00315,False,False,False,none
khkoeopd-1,TMA00315,False,False,False,none
khkpfjgd-1,TMA00315,False,False,False,none
khlbpleb-1,TMA00315,False,False,False,none
khldgljf-1,TMA00315,False,False,False,none
khlfikpl-1,TMA00315,False,False,False,none
khlgadja-1,TMA00315,False,False,False,none
khlpjilm-1,TMA00315,False,False,False,none
khlpojdi-1,TMA00315,False,False,False,none
khmahgkp-1,TMA00315,False,False,False,none
khmbhnnc-1,TMA00315,False,False,False,none
khmeelhd-1,TMA00315,False,False,False,none
khmegfnm-1,TMA00315,False,False,False,none
khmflipm-1,TMA00315,False,False,False,none
khmkloij-1,TMA00315,False,False,False,none
khmmkakh-1,TMA00315,False,False,False,none
khnaheab-1,TMA00315,False,False,False,none
khnakcnp-1,TMA00315,False,False,False,none
khnecnol-1,TMA00315,False,False,False,none
khnfcpop-1,TMA00315,False,False,False,none
khnlfeco-1,TMA00315,False,False,False,none
khnpkipj-1,TMA00315,False,False,False,none
khoakomn-1,TMA00315,False,False,False,none
khokehgo-1,TMA00315,False,False,False,none
khomfihi-1,TMA00315,False,False,False,none
khpcdaga-1,TMA00315,False,False,False,none
khpcofli-1,TMA00315,False,False,False,none
khpcpfcl-1,TMA00315,False,False,False,none
khpefldf-1,TMA00315,False,False,False,none
khpfhdni-1,TMA00315,False,False,False,none
khpklkla-1,TMA00315,False,False,False,none
kiaagklf-1,TMA00315,False,False,False,none
kiabmeab-1,TMA00315,False,False,False,none
kiaengog-1,TMA00315,False,False,False,none
kiahhdfn-1,TMA00315,False,False,False,none
kiakdpjn-1,TMA00315,False,False,False,none
kiakebij-1,TMA00315,False,False,False,none
kiankdmp-1,TMA00315,False,False,False,none
kibchmmg-1,TMA00315,False,False,False,none
kibgbmld-1,TMA00315,False,False,False,none
kibgejol-1,TMA00315,False,False,False,none
kibgmpge-1,TMA00315,False,False,False,none
kibmiejb-1,TMA00315,False,False,False,none
kibnofin-1,TMA00315,False,False,False,none
kiceihco-1,TMA00315,False,False,False,none
kicfjiih-1,TMA00315,False,False,False,none
kiclinci-1,TMA00315,False,False,False,none
kicmohfp-1,TMA00315,False,False,False,none
kiddmkej-1,TMA00315,False,False,False,none
kidggakj-1,TMA00315,False,False,False,none
kidhhian-1,TMA00315,False,False,False,none
kididakl-1,TMA00315,False,False,False,none
kidihpah-1,TMA00315,False,False,False,none
kidjagnd-1,TMA00315,False,False,False,none
kidkfedj-1,TMA00315,False,False,False,none
kidkfmfd-1,TMA00315,False,False,False,none
kiebochj-1,TMA00315,False,False,False,none
kiedlhig-1,TMA00315,False,False,False,none
kieejfhg-1,TMA00315,False,False,False,none
kiejbbae-1,TMA00315,False,False,False,none
kielkobc-1,TMA00315,False,False,False,none
kienplfb-1,TMA00315,False,False,False,none
kieoeomj-1,TMA00315,False,False,False,none
kieoncia-1,TMA00315,False,False,False,none
kieoocmg-1,TMA00315,False,False,False,none
kifbejog-1,TMA00315,False,False,False,none
kifepieo-1,TMA00315,False,False,False,none
kifhpbgg-1,TMA00315,False,False,False,none
kifmchig-1,TMA00315,False,False,False,none
kifmfhog-1,TMA00315,False,False,False,none
kifmfnoo-1,TMA00315,False,False,False,none
kifmhehn-1,TMA00315,False,False,False,none
kifodoic-1,TMA00315,False,False,False,none
kifogfdh-1,TMA00315,False,False,False,none
kifpnemd-1,TMA00315,False,False,False,none
kigfcioa-1,TMA00315,False,False,False,none
kiggcogi-1,TMA00315,False,False,False,none
kigigfek-1,TMA00315,False,False,False,none
kigijilp-1,TMA00315,False,False,False,none
kigjdchb-1,TMA00315,False,False,False,none
kiglacad-1,TMA00315,False,False,False,none
kiglgnja-1,TMA00315,False,False,False,none
kigmnjpg-1,TMA00315,False,False,False,none
kigncgnf-1,TMA00315,False,False,False,none
kigncndb-1,TMA00315,False,False,False,none
kigndfpi-1,TMA00315,False,False,False,none
kihadkpj-1,TMA00315,False,False,False,none
kihbigkd-1,TMA00315,False,False,False,none
kihfdmpd-1,TMA00315,False,False,False,none
kihffpmc-1,TMA00315,False,False,False,none
kihfmhll-1,TMA00315,False,False,False,none
kihjfkpo-1,TMA00315,False,False,False,none
kiiabpdd-1,TMA00315,False,False,False,none
kiiajieg-1,TMA00315,False,False,False,none
kiidcbgf-1,TMA00315,False,False,False,none
kiifbdld-1,TMA00315,False,False,False,none
kiiiclcg-1,TMA00315,False,False,False,none
kiilbplp-1,TMA00315,False,False,False,none
kiiljpog-1,TMA00315,False,False,False,none
kiipfdao-1,TMA00315,False,False,False,none
kijjjfjh-1,TMA00315,False,False,False,none
kijnbpbp-1,TMA00315,False,False,False,none
kikedaom-1,TMA00315,False,False,False,none
kikfkfkj-1,TMA00315,False,False,False,none
kikgnkgm-1,TMA00315,False,False,False,none
kikmpiea-1,TMA00315,False,False,False,none
kikoejhk-1,TMA00315,False,False,False,none
kilahhan-1,TMA00315,False,False,False,none
kileacnk-1,TMA00315,False,False,False,none
kilfhobe-1,TMA00315,False,False,False,none
kilhlali-1,TMA00315,False,False,False,none
kiliojkb-1,TMA00315,False,False,False,none
kilklacj-1,TMA00315,False,False,False,none
kilndnjh-1,TMA00315,False,False,False,none
kilnjfaa-1,TMA00315,False,False,False,none
kilnmdoi-1,TMA00315,False,False,False,none
kilnmjif-1,TMA00315,False,False,False,none
kilnnnna-1,TMA00315,False,False,False,none
kilohegn-1,TMA00315,False,False,False,none
kilphclj-1,TMA00315,False,False,False,none
kimbpdno-1,TMA00315,False,False,False,none
kimcbdib-1,TMA00315,False,False,False,none
kimcejom-1,TMA00315,False,False,False,none
kimdobln-1,TMA00315,False,False,False,none
kimibigf-1,TMA00315,False,False,False,none
kimjekip-1,TMA00315,False,False,False,none
kimjoocb-1,TMA00315,False,False,False,none
kimjpcob-1,TMA00315,False,False,False,none
kinoighj-1,TMA00315,False,False,False,none
kiodfanc-1,TMA00315,False,False,False,none
kiogjpbh-1,TMA00315,False,False,False,none
kionkaoi-1,TMA00315,False,False,False,none
kipehiml-1,TMA00315,False,False,False,none
kipeigon-1,TMA00315,False,False,False,none
kipmggeo-1,TMA00315,False,False,False,none
kipojfhb-1,TMA00315,False,False,False,none
kjafmdhb-1,TMA00315,False,False,False,none
kjahffoj-1,TMA00315,False,False,False,none
kjanfeln-1,TMA00315,False,False,False,none
kjbbonbe-1,TMA00315,False,False,False,none
kjbibaag-1,TMA00315,False,False,False,none
kjbnoama-1,TMA00315,False,False,False,none
kjbonjif-1,TMA00315,False,False,False,none
kjcjnpdf-1,TMA00315,False,False,False,none
kjcmffej-1,TMA00315,False,False,False,none
kjdcglbi-1,TMA00315,False,False,False,none
kjepccch-1,TMA00315,False,False,False,none
kjfembgi-1,TMA00315,False,False,False,none
kjflfoje-1,TMA00315,False,False,False,none
kjfphedd-1,TMA00315,False,False,False,none
kjgcfajh-1,TMA00315,False,False,False,none
kjjmghcg-1,TMA00315,False,False,False,none
kjjndgpf-1,TMA00315,False,False,False,none
kjjpdgee-1,TMA00315,False,False,False,none
kjkajcjp-1,TMA00315,False,False,False,none
kjkhecgj-1,TMA00315,False,False,False,none
kjkmbkdp-1,TMA00315,False,False,False,none
kjkmcnak-1,TMA00315,False,False,False,none
kjkmfmpj-1,TMA00315,False,False,False,none
kjlbamlk-1,TMA00315,False,False,False,none
kjleloho-1,TMA00315,False,False,False,none
kjlibjjn-1,TMA00315,False,False,False,none
kjllopbl-1,TMA00315,False,False,False,none
kjlmabbm-1,TMA00315,False,False,False,none
kjlmbbec-1,TMA00315,False,False,False,none
kjlmdnjo-1,TMA00315,False,False,False,none
kjmcokln-1,TMA00315,False,False,False,none
kjmhkjni-1,TMA00315,False,False,False,none
kjmiedfp-1,TMA00315,False,False,False,none
kjnaoppf-1,TMA00315,False,False,False,none
kjnjdajh-1,TMA00315,False,False,False,none
kjnlcbia-1,TMA00315,False,False,False,none
kjocebop-1,TMA00315,False,False,False,none
kjocljnd-1,TMA00315,False,False,False,none
kjodgcco-1,TMA00315,False,False,False,none
kjogblhe-1,TMA00315,False,False,False,none
kjoimide-1,TMA00315,False,False,False,none
kjpcjjbf-1,TMA00315,False,False,False,none
kjphdoko-1,TMA00315,False,False,False,none
kjppbegh-1,TMA00315,False,False,False,none
kkahbcli-1,TMA00315,False,False,False,none
kkajhggd-1,TMA00315,False,False,False,none
kkapfelp-1,TMA00315,False,False,False,none
kkbjbgoh-1,TMA00315,False,False,False,none
kkbnncai-1,TMA00315,False,False,False,none
kkbppodl-1,TMA00315,False,False,False,none
kkcakijp-1,TMA00315,False,False,False,none
kkccbgbn-1,TMA00315,False,False,False,none
kkccbhfp-1,TMA00315,False,False,False,none
kkccjkkl-1,TMA00315,False,False,False,none
kkcdabbk-1,TMA00315,False,False,False,none
kkcfhpbd-1,TMA00315,False,False,False,none
kkcgapkc-1,TMA00315,False,False,False,none
kkcjkapd-1,TMA00315,False,False,False,none
kkckdhcl-1,TMA00315,False,False,False,none
kkfilpgi-1,TMA00315,False,False,False,none
kkfkadfo-1,TMA00315,False,False,False,none
kkflkcko-1,TMA00315,False,False,False,none
kkfnnabj-1,TMA00315,False,False,False,none
kkgbldii-1,TMA00315,False,False,False,none
kkgechkh-1,TMA00315,False,False,False,none
kkgfndpe-1,TMA00315,False,False,False,none
kkggiekk-1,TMA00315,False,False,False,none
kkgjajfm-1,TMA00315,False,False,False,none
kkgkbhkc-1,TMA00315,False,False,False,none
kkgkbnol-1,TMA00315,False,False,False,none
kkgkpdnj-1,TMA00315,False,False,False,none
kkglgbmf-1,TMA00315,False,False,False,none
kkhbkmpm-1,TMA00315,False,False,False,none
kkiecmlc-1,TMA00315,False,False,False,none
kkieioap-1,TMA00315,False,False,False,none
kkiepojp-1,TMA00315,False,False,False,none
kkiflnam-1,TMA00315,False,False,False,none
kkigbklm-1,TMA00315,False,False,False,none
kkilafpn-1,TMA00315,False,False,False,none
kkiodhce-1,TMA00315,False,False,False,none
kkjldkjb-1,TMA00315,False,False,False,none
kkkldomi-1,TMA00315,False,False,False,none
kklkigbc-1,TMA00315,False,False,False,none
kklpfcnh-1,TMA00315,False,False,False,none
kkmbljia-1,TMA00315,False,False,False,none
kkmdbioh-1,TMA00315,False,False,False,none
kkmjkclc-1,TMA00315,False,False,False,none
kkmmnnjk-1,TMA00315,False,False,False,none
kkmnhilg-1,TMA00315,False,False,False,none
kkndgkdb-1,TMA00315,False,False,False,none
kkpfceli-1,TMA00315,False,False,False,none
kkphjbei-1,TMA00315,False,False,False,none
kkpjghlh-1,TMA00315,False,False,False,none
kkpkllce-1,TMA00315,False,False,False,none
kkppckcl-1,TMA00315,False,False,False,none
klaaoggg-1,TMA00315,False,False,False,none
klacmpmc-1,TMA00315,False,False,False,none
klagabij-1,TMA00315,False,False,False,none
klaghkgi-1,TMA00315,False,False,False,none
klagkmkn-1,TMA00315,False,False,False,none
klaiccjd-1,TMA00315,False,False,False,none
klakafap-1,TMA00315,False,False,False,none
klbcjema-1,TMA00315,False,False,False,none
klbdjjpp-1,TMA00315,False,False,False,none
klbgnchd-1,TMA00315,False,False,False,none
klbhcbhi-1,TMA00315,False,False,False,none
klbhfhpf-1,TMA00315,False,False,False,none
klbholfe-1,TMA00315,False,False,False,none
klbkmlok-1,TMA00315,False,False,False,none
klbmbbnm-1,TMA00315,False,False,False,none
klboaefl-1,TMA00315,False,False,False,none
klboejij-1,TMA00315,False,False,False,none
klboppne-1,TMA00315,False,False,False,none
klcaokeo-1,TMA00315,False,False,False,none
klccnelm-1,TMA00315,False,False,False,none
klcgjgfd-1,TMA00315,False,False,False,none
klcgpcfd-1,TMA00315,False,False,False,none
klcineml-1,TMA00315,False,False,False,none
klcjjkbo-1,TMA00315,False,False,False,none
kldbnpgd-1,TMA00315,False,False,False,none
kldfgnlj-1,TMA00315,False,False,False,none
kldjgnkm-1,TMA00315,False,False,False,none
kldkmeln-1,TMA00315,False,False,False,none
kldmoimp-1,TMA00315,False,False,False,none
kldnoeoh-1,TMA00315,False,False,False,none
klebimee-1,TMA00315,False,False,False,none
kleejkjm-1,TMA00315,False,False,False,none
klejeedo-1,TMA00315,False,False,False,none
klendkbo-1,TMA00315,False,False,False,none
kleogpgh-1,TMA00315,False,False,False,none
klfcohna-1,TMA00315,False,False,False,none
klfeenfb-1,TMA00315,False,False,False,none
klfefbie-1,TMA00315,False,False,False,none
klfffigk-1,TMA00315,False,False,False,none
klfllekp-1,TMA00315,False,False,False,none
klfmgakf-1,TMA00315,False,False,False,none
klgadnmi-1,TMA00315,False,False,False,none
klgboghi-1,TMA00315,False,False,False,none
klghpngj-1,TMA00315,False,False,False,none
klgjgbpf-1,TMA00315,False,False,False,none
klgkefmg-1,TMA00315,False,False,False,none
klgleble-1,TMA00315,False,False,False,none
klglpoim-1,TMA00315,False,False,False,none
klhaocle-1,TMA00315,False,False,False,none
klhihbof-1,TMA00315,False,False,False,none
klhjkeno-1,TMA00315,False,False,False,none
klhjmmhf-1,TMA00315,False,False,False,none
klhnonon-1,TMA00315,False,False,False,none
klhpnhla-1,TMA00315,False,False,False,none
kliapakj-1,TMA00315,False,False,False,none
kligmmbf-1,TMA00315,False,False,False,none
klijbach-1,TMA00315,False,False,False,none
klijmfle-1,TMA00315,False,False,False,none
kljbmafo-1,TMA00315,False,False,False,none
kljdkpdd-1,TMA00315,False,False,False,none
kljgncoj-1,TMA00315,False,False,False,none
kljjoceh-1,TMA00315,False,False,False,none
kljohgck-1,TMA00315,False,False,False,none
kljpdlpl-1,TMA00315,False,False,False,none
klkakaal-1,TMA00315,False,False,False,none
klkbgpbf-1,TMA00315,False,False,False,none
klkcjddc-1,TMA00315,False,False,False,none
klkgiikd-1,TMA00315,False,False,False,none
klknlhfg-1,TMA00315,False,False,False,none
klknmjba-1,TMA00315,False,False,False,none
klladdcb-1,TMA00315,False,False,False,none
kllgcpjg-1,TMA00315,False,False,False,none
kllhjjkm-1,TMA00315,False,False,False,none
klljlmik-1,TMA00315,False,False,False,none
kllllbai-1,TMA00315,False,False,False,none
kllojapm-1,TMA00315,False,False,False,none
klmdjppo-1,TMA00315,False,False,False,none
klmdofhp-1,TMA00315,False,False,False,none
klmfkame-1,TMA00315,False,False,False,none
klmhjihd-1,TMA00315,False,False,False,none
klmjhkdh-1,TMA00315,False,False,False,none
klmjibmm-1,TMA00315,False,False,False,none
klmnkabn-1,TMA00315,False,False,False,none
klnafclm-1,TMA00315,False,False,False,none
klnamlgp-1,TMA00315,False,False,False,none
klnamobp-1,TMA00315,False,False,False,none
klnjahok-1,TMA00315,False,False,False,none
klnjjlbe-1,TMA00315,False,False,False,none
klnjmaco-1,TMA00315,False,False,False,none
klnkibce-1,TMA00315,False,False,False,none
klnkmahc-1,TMA00315,False,False,False,none
kloahbif-1,TMA00315,False,False,False,none
klobpmlj-1,TMA00315,False,False,False,none
klodlgpk-1,TMA00315,False,False,False,none
klpabfoo-1,TMA00315,False,False,False,none
klpagbdc-1,TMA00315,False,False,False,none
klpccgii-1,TMA00315,False,False,False,none
klpimikc-1,TMA00315,False,False,False,none
klpminml-1,TMA00315,False,False,False,none
kmaakdjo-1,TMA00315,False,False,False,none
kmaaolhm-1,TMA00315,False,False,False,none
kmacdfji-1,TMA00315,False,False,False,none
kmacmpje-1,TMA00315,False,False,False,none
kmaeciea-1,TMA00315,False,False,False,none
kmaglchc-1,TMA00315,False,False,False,none
kmaifkpi-1,TMA00315,False,False,False,none
kmajhbfi-1,TMA00315,False,False,False,none
kmamelhf-1,TMA00315,False,False,False,none
kmanncia-1,TMA00315,False,False,False,none
kmbcgjjf-1,TMA00315,False,False,False,none
kmbnjghd-1,TMA00315,False,False,False,none
kmcdioga-1,TMA00315,False,False,False,none
kmcgdoco-1,TMA00315,False,False,False,none
kmcjapgo-1,TMA00315,False,False,False,none
kmcmnaho-1,TMA00315,False,False,False,none
kmcnajpf-1,TMA00315,False,False,False,none
kmdcgdla-1,TMA00315,False,False,False,none
kmddojfe-1,TMA00315,False,False,False,none
kmdegkbc-1,TMA00315,False,False,False,none
kmdjbodi-1,TMA00315,False,False,False,none
kmdjnhij-1,TMA00315,False,False,False,none
kmdkipla-1,TMA00315,False,False,False,none
kmdljmmh-1,TMA00315,False,False,False,none
kmdojfil-1,TMA00315,False,False,False,none
kmdpnhmj-1,TMA00315,False,False,False,none
kmebllng-1,TMA00315,False,False,False,none
kmenoilp-1,TMA00315,False,False,False,none
kmfbdacl-1,TMA00315,False,False,False,none
kmfdclba-1,TMA00315,False,False,False,none
kmfehmfc-1,TMA00315,False,False,False,none
kmfheonc-1,TMA00315,False,False,False,none
kmfkcgno-1,TMA00315,False,False,False,none
kmfomiob-1,TMA00315,False,False,False,none
kmfpaoio-1,TMA00315,False,False,False,none
kmgbbpdc-1,TMA00315,False,False,False,none
kmggpaof-1,TMA00315,False,False,False,none
kmggplhk-1,TMA00315,False,False,False,none
kmghcpco-1,TMA00315,False,False,False,none
kmgjfjdj-1,TMA00315,False,False,False,none
kmgmcdbj-1,TMA00315,False,False,False,none
kmgnkife-1,TMA00315,False,False,False,none
kmgpbeob-1,TMA00315,False,False,False,none
kmhbdepi-1,TMA00315,False,False,False,none
kmhehkfl-1,TMA00315,False,False,False,none
kmhgbnea-1,TMA00315,False,False,False,none
kmhhclme-1,TMA00315,False,False,False,none
kmhhlikc-1,TMA00315,False,False,False,none
kmhjaopp-1,TMA00315,False,False,False,none
kmhjhoeo-1,TMA00315,False,False,False,none
kmhlihik-1,TMA00315,False,False,False,none
kmiampil-1,TMA00315,False,False,False,none
kmifmbil-1,TMA00315,False,False,False,none
kmihgahl-1,TMA00315,False,False,False,none
kmiodhgd-1,TMA00315,False,False,False,none
kmipnbpc-1,TMA00315,False,False,False,none
kmjaplbi-1,TMA00315,False,False,False,none
kmjcfgik-1,TMA00315,False,False,False,none
kmjcfigo-1,TMA00315,False,False,False,none
kmjcgaak-1,TMA00315,False,False,False,none
kmjdldfj-1,TMA00315,False,False,False,none
kmjgmomg-1,TMA00315,False,False,False,none
kmjknkdj-1,TMA00315,False,False,False,none
kmjnihaa-1,TMA00315,False,False,False,none
kmjnjmnc-1,TMA00315,False,False,False,none
kmjocond-1,TMA00315,False,False,False,none
kmjpfjnb-1,TMA00315,False,False,False,none
kmkdileg-1,TMA00315,False,False,False,none
kmkdjkco-1,TMA00315,False,False,False,none
kmkhdojb-1,TMA00315,False,False,False,none
kmkhnjjk-1,TMA00315,False,False,False,none
kmkicpcj-1,TMA00315,False,False,False,none
kmknoaaf-1,TMA00315,False,False,False,none
kmlcgcji-1,TMA00315,False,False,False,none
kmlcipfb-1,TMA00315,False,False,False,none
kmlgdmlh-1,TMA00315,False,False,False,none
kmlheeab-1,TMA00315,False,False,False,none
kmlmpaeh-1,TMA00315,False,False,False,none
kmmbkacg-1,TMA00315,False,False,False,none
kmmfanpf-1,TMA00315,False,False,False,none
kmmgnhlj-1,TMA00315,False,False,False,none
kmmkamjg-1,TMA00315,False,False,False,none
kmnahknp-1,TMA00315,False,False,False,none
kmneflea-1,TMA00315,False,False,False,none
kmngdfph-1,TMA00315,False,False,False,none
kmnllkab-1,TMA00315,False,False,False,none
kmnmmhlm-1,TMA00315,False,False,False,none
kmnndfib-1,TMA00315,False,False,False,none
kmoibnhb-1,TMA00315,False,False,False,none
kmokfnbp-1,TMA00315,False,False,False,none
kmolddnp-1,TMA00315,False,False,False,none
kmolfjpj-1,TMA00315,False,False,False,none
kmolmnmf-1,TMA00315,False,False,False,none
kmomfbdi-1,TMA00315,False,False,False,none
kmomkcnp-1,TMA00315,False,False,False,none
kmongjga-1,TMA00315,False,False,False,none
kmonpfmp-1,TMA00315,False,False,False,none
kmpgpdla-1,TMA00315,False,False,False,none
kmphgggo-1,TMA00315,False,False,False,none
kmpiaooa-1,TMA00315,False,False,False,none
kmpkangj-1,TMA00315,False,False,False,none
kmpnjool-1,TMA00315,False,False,False,none
knadoecg-1,TMA00315,False,False,False,none
knahnfec-1,TMA00315,False,False,False,none
knajmgkk-1,TMA00315,False,False,False,none
knalchjp-1,TMA00315,False,False,False,none
knalhmdd-1,TMA00315,False,False,False,none
knbdekic-1,TMA00315,False,False,False,none
kncajoid-1,TMA00315,False,False,False,none
kncccjdi-1,TMA00315,False,False,False,none
kncpamli-1,TMA00315,False,False,False,none
kndacfoh-1,TMA00315,False,False,False,none
kndbhbmk-1,TMA00315,False,False,False,none
kndefbig-1,TMA00315,False,False,False,none
kndhmldo-1,TMA00315,False,False,False,none
kndnjbpf-1,TMA00315,False,False,False,none
kndonhba-1,TMA00315,False,False,False,none
kndpfpod-1,TMA00315,False,False,False,none
knehgipb-1,TMA00315,False,False,False,none
knenfdpn-1,TMA00315,False,False,False,none
knfaacno-1,TMA00315,False,False,False,none
knfaefbg-1,TMA00315,False,False,False,none
knfbhbkg-1,TMA00315,False,False,False,none
knfcbink-1,TMA00315,False,False,False,none
knfekkim-1,TMA00315,False,False,False,none
knfgpjjn-1,TMA00315,False,False,False,none
knfhhdeo-1,TMA00315,False,False,False,none
knficnel-1,TMA00315,False,False,False,none
knfiicca-1,TMA00315,False,False,False,none
knfkkmhc-1,TMA00315,False,False,False,none
knfmcpce-1,TMA00315,False,False,False,none
knfpnbpb-1,TMA00315,False,False,False,none
kngajkad-1,TMA00315,False,False,False,none
kngcojdc-1,TMA00315,False,False,False,none
knghcfia-1,TMA00315,False,False,False,none
kngikild-1,TMA00315,False,False,False,none
kngkjcde-1,TMA00315,False,False,False,none
knhabael-1,TMA00315,False,False,False,none
knhakkgo-1,TMA00315,False,False,False,none
knhanlbn-1,TMA00315,False,False,False,none
knhohplp-1,TMA00315,False,False,False,none
knicmohi-1,TMA00315,False,False,False,none
knidllfn-1,TMA00315,False,False,False,none
knifpidk-1,TMA00315,False,False,False,none
knikecfd-1,TMA00315,False,False,False,none
knillijj-1,TMA00315,False,False,False,none
knjcfhim-1,TMA00315,False,False,False,none
knjdmikm-1,TMA00315,False,False,False,none
knjjgebe-1,TMA00315,False,False,False,none
knjneocl-1,TMA00315,False,False,False,none
knjpmkak-1,TMA00315,False,False,False,none
knkemgmo-1,TMA00315,False,False,False,none
knkfkgop-1,TMA00315,False,False,False,none
knkhbcob-1,TMA00315,False,False,False,none
knlbophm-1,TMA00315,False,False,False,none
knlbpokf-1,TMA00315,False,False,False,none
knlfgonm-1,TMA00315,False,False,False,none
knlkoaje-1,TMA00315,False,False,False,none
knlnfpoh-1,TMA00315,False,False,False,none
knmcjicc-1,TMA00315,False,False,False,none
knmcmjib-1,TMA00315,False,False,False,none
knmegpcd-1,TMA00315,False,False,False,none
knmehkki-1,TMA00315,False,False,False,none
knmfimdo-1,TMA00315,False,False,False,none
knmgclki-1,TMA00315,False,False,False,none
knmhfnbp-1,TMA00315,False,False,False,none
knmjfdjn-1,TMA00315,False,False,False,none
knmokfnl-1,TMA00315,False,False,False,none
knmpenfa-1,TMA00315,False,False,False,none
knnciaai-1,TMA00315,False,False,False,none
knnebiee-1,TMA00315,False,False,False,none
knnibjem-1,TMA00315,False,False,False,none
knniedgp-1,TMA00315,False,False,False,none
knnipfcf-1,TMA00315,False,False,False,none
knnkodhf-1,TMA00315,False,False,False,none
knnmgooh-1,TMA00315,False,False,False,none
knnnbkjc-1,TMA00315,False,False,False,none
knohgbac-1,TMA00315,False,False,False,none
knohkjce-1,TMA00315,False,False,False,none
knoimlmc-1,TMA00315,False,False,False,none
knokeabi-1,TMA00315,False,False,False,none
knonojnc-1,TMA00315,False,False,False,none
knpdnfcl-1,TMA00315,False,False,False,none
knpgfdok-1,TMA00315,False,False,False,none
knpggikp-1,TMA00315,False,False,False,none
knplilhc-1,TMA00315,False,False,False,none
koaaekkl-1,TMA00315,False,False,False,none
koabfoil-1,TMA00315,False,False,False,none
koabhelf-1,TMA00315,False,False,False,none
koagkjoh-1,TMA00315,False,False,False,none
koaincfb-1,TMA00315,False,False,False,none
koanjeil-1,TMA00315,False,False,False,none
koaolece-1,TMA00315,False,False,False,none
koapfdio-1,TMA00315,False,False,False,none
kobbajda-1,TMA00315,False,False,False,none
kobbfegb-1,TMA00315,False,False,False,none
kobblegd-1,TMA00315,False,False,False,none
kobcfegm-1,TMA00315,False,False,False,none
kobcknpi-1,TMA00315,False,False,False,none
kobdoffn-1,TMA00315,False,False,False,none
kobfiegc-1,TMA00315,False,False,False,none
kobnoagg-1,TMA00315,False,False,False,none
kocdfklb-1,TMA00315,False,False,False,none
kocfbfcj-1,TMA00315,False,False,False,none
kochjpgc-1,TMA00315,False,False,False,none
kocjccje-1,TMA00315,False,False,False,none
koclfnoj-1,TMA00315,False,False,False,none
kocniili-1,TMA00315,False,False,False,none
kodabbmo-1,TMA00315,False,False,False,none
kodadhlg-1,TMA00315,False,False,False,none
kodbjcfp-1,TMA00315,False,False,False,none
kodggfhn-1,TMA00315,False,False,False,none
kodgkpjc-1,TMA00315,False,False,False,none
kodhgjek-1,TMA00315,False,False,False,none
kodjpjkl-1,TMA00315,False,False,False,none
koechcdk-1,TMA00315,False,False,False,none
koeipekm-1,TMA00315,False,False,False,none
koemnooi-1,TMA00315,False,False,False,none
kofagdnb-1,TMA00315,False,False,False,none
kofbeoed-1,TMA00315,False,False,False,none
kofgagcb-1,TMA00315,False,False,False,none
kofgieke-1,TMA00315,False,False,False,none
kofgkbfo-1,TMA00315,False,False,False,none
kofkhgce-1,TMA00315,False,False,False,none
koflieph-1,TMA00315,False,False,False,none
kofmlpnc-1,TMA00315,False,False,False,none
kofopdlg-1,TMA00315,False,False,False,none
kogcaabm-1,TMA00315,False,False,False,none
kogkclpc-1,TMA00315,False,False,False,none
kogkknhb-1,TMA00315,False,False,False,none
koglbmcm-1,TMA00315,False,False,False,none
kogmppni-1,TMA00315,False,False,False,none
kognpbno-1,TMA00315,False,False,False,none
kogojndg-1,TMA00315,False,False,False,none
kohanoal-1,TMA00315,False,False,False,none
kohboilh-1,TMA00315,False,False,False,none
kohemojj-1,TMA00315,False,False,False,none
kohfdjdg-1,TMA00315,False,False,False,none
kohjdabg-1,TMA00315,False,False,False,none
kohkodph-1,TMA00315,False,False,False,none
kohodmed-1,TMA00315,False,False,False,none
kohpfbon-1,TMA00315,False,False,False,none
koicifpk-1,TMA00315,True,False,False,EGFP_Seq1_hi
koilplbd-1,TMA00315,False,False,False,none
koimciek-1,TMA00315,False,False,False,none
koimmdbg-1,TMA00315,False,False,False,none
kojaaifn-1,TMA00315,False,False,False,none
kojaebkf-1,TMA00315,False,False,False,none
kojbjjdh-1,TMA00315,False,False,False,none
kojbmfnh-1,TMA00315,False,False,False,none
kojgpepc-1,TMA00315,False,False,False,none
kojlbomo-1,TMA00315,False,False,False,none
kojogplo-1,TMA00315,False,False,False,none
kokbmppf-1,TMA00315,False,False,False,none
kokggeoo-1,TMA00315,False,False,False,none
kokgkkmp-1,TMA00315,False,False,False,none
kokjfdke-1,TMA00315,False,False,False,none
kokjhifo-1,TMA00315,False,False,False,none
kokjpgke-1,TMA00315,False,False,False,none
kokpjfen-1,TMA00315,False,False,False,none
kolaepoe-1,TMA00315,False,False,False,none
kolalopj-1,TMA00315,False,False,False,none
kolchebf-1,TMA00315,False,False,False,none
koleplae-1,TMA00315,False,False,False,none
kolfblcg-1,TMA00315,False,False,False,none
kolfjlol-1,TMA00315,False,False,False,none
kolgielo-1,TMA00315,False,False,False,none
koloohki-1,TMA00315,False,False,False,none
komaegfc-1,TMA00315,False,False,False,none
komffakp-1,TMA00315,False,False,False,none
komhdpan-1,TMA00315,False,False,False,none
komogppb-1,TMA00315,False,False,False,none
komplhem-1,TMA00315,False,False,False,none
konaogni-1,TMA00315,False,False,False,none
koncdmgn-1,TMA00315,False,False,False,none
koncogjm-1,TMA00315,False,False,False,none
konmpnjb-1,TMA00315,False,False,False,none
konolpbl-1,TMA00315,False,False,False,none
koocmkjd-1,TMA00315,False,False,False,none
kooflpfb-1,TMA00315,False,False,False,none
koomgnhf-1,TMA00315,False,False,False,none
kooneabf-1,TMA00315,False,False,False,none
koonplkc-1,TMA00315,False,False,False,none
kopfjino-1,TMA00315,False,False,False,none
koplndce-1,TMA00315,False,False,False,none
kopmmeab-1,TMA00315,False,False,False,none
kopomcdm-1,TMA00315,False,False,False,none
koppkchp-1,TMA00315,False,False,False,none
kpafmgae-1,TMA00315,False,False,False,none
kpagdcga-1,TMA00315,False,False,False,none
kpagpacd-1,TMA00315,False,False,False,none
kpahojff-1,TMA00315,False,False,False,none
kpapaafe-1,TMA00315,False,False,False,none
kpbbhmci-1,TMA00315,False,False,False,none
kpbhnecf-1,TMA00315,False,False,False,none
kpccndkd-1,TMA00315,False,False,False,none
kpdaepch-1,TMA00315,False,False,False,none
kpdffejg-1,TMA00315,False,False,False,none
kpdinkap-1,TMA00315,False,False,False,none
kpdljaij-1,TMA00315,False,False,False,none
kpdnlple-1,TMA00315,False,False,False,none
kpdomnin-1,TMA00315,False,False,False,none
kpefhmlf-1,TMA00315,False,False,False,none
kpgjhlfl-1,TMA00315,False,False,False,none
kpglphlp-1,TMA00315,False,False,False,none
kphfnnkn-1,TMA00315,False,False,False,none
kpkdnobi-1,TMA00315,False,False,False,none
kpkgdjoi-1,TMA00315,False,False,False,none
kpkiaicm-1,TMA00315,False,False,False,none
kpkikaep-1,TMA00315,False,False,False,none
kpkkjnif-1,TMA00315,False,False,False,none
kplicima-1,TMA00315,False,False,False,none
kpljmjeg-1,TMA00315,False,False,False,none
kplkgonh-1,TMA00315,False,False,False,none
kplnjdlp-1,TMA00315,False,False,False,none
kplpeifa-1,TMA00315,False,False,False,none
kpmadnkf-1,TMA00315,False,False,False,none
kpmagnpm-1,TMA00315,False,False,False,none
kpmaobge-1,TMA00315,False,False,False,none
kpmeaenf-1,TMA00315,False,False,False,none
kpmgcnhb-1,TMA00315,False,False,False,none
kpmgfmld-1,TMA00315,False,False,False,none
kpmijieb-1,TMA00315,False,False,False,none
kpmnnpfg-1,TMA00315,False,False,False,none
kpncndic-1,TMA00315,False,False,False,none
kpndlbgl-1,TMA00315,False,False,False,none
kpoibkod-1,TMA00315,False,False,False,none
kppijegk-1,TMA00315,False,False,False,none
kppipolh-1,TMA00315,False,False,False,none
laaacnme-1,TMA00315,False,False,False,none
laadfnja-1,TMA00315,False,False,False,none
laamchdh-1,TMA00315,False,False,False,none
laanamjc-1,TMA00315,False,False,False,none
laanjben-1,TMA00315,False,False,False,none
laanmjbm-1,TMA00315,False,False,False,none
labgodof-1,TMA00315,False,False,False,none
labhkcab-1,TMA00315,False,False,False,none
labhligm-1,TMA00315,False,False,False,none
labncnnj-1,TMA00315,False,False,False,none
labpnceh-1,TMA00315,False,False,False,none
lacafgij-1,TMA00315,False,False,False,none
lachjhah-1,TMA00315,False,False,False,none
lackganf-1,TMA00315,False,False,False,none
laclddca-1,TMA00315,False,False,False,none
lacngbkp-1,TMA00315,False,False,False,none
laddbgme-1,TMA00315,False,False,False,none
ladgegmn-1,TMA00315,False,False,False,none
ladlibdk-1,TMA00315,False,False,False,none
laebjghh-1,TMA00315,False,False,False,none
laecpkjg-1,TMA00315,False,False,False,none
laejgamc-1,TMA00315,False,False,False,none
laemffan-1,TMA00315,False,False,False,none
laenglpd-1,TMA00315,False,False,False,none
lafcbjof-1,TMA00315,False,False,False,none
lafdgmin-1,TMA00315,False,False,False,none
lafgcclf-1,TMA00315,False,False,False,none
lafnfdpi-1,TMA00315,False,False,False,none
lagcaefa-1,TMA00315,False,False,False,none
lagdddgc-1,TMA00315,False,False,False,none
laghajkj-1,TMA00315,False,False,False,none
laghefdl-1,TMA00315,False,False,False,none
laghmcdj-1,TMA00315,False,False,False,none
lagibhoo-1,TMA00315,False,False,False,none
lagidcgk-1,TMA00315,False,False,False,none
lagieijp-1,TMA00315,False,False,False,none
lagjalhh-1,TMA00315,False,False,False,none
lagjnkhi-1,TMA00315,False,False,False,none
lahadgke-1,TMA00315,False,False,False,none
lahekabb-1,TMA00315,False,False,False,none
lahhfkbm-1,TMA00315,False,False,False,none
lahjgida-1,TMA00315,False,False,False,none
lahpfoki-1,TMA00315,False,False,False,none
laiiipfe-1,TMA00315,False,False,False,none
lailcnol-1,TMA00315,False,False,False,none
lajelmom-1,TMA00315,False,False,False,none
lajnblpb-1,TMA00315,False,False,False,none
laklobkp-1,TMA00315,False,False,False,none
laknekgd-1,TMA00315,False,False,False,none
laldnjip-1,TMA00315,False,False,False,none
lamanelf-1,TMA00315,False,False,False,none
lambblge-1,TMA00315,False,False,False,none
lamjkalc-1,TMA00315,False,False,False,none
lammkkmb-1,TMA00315,False,False,False,none
lamokoap-1,TMA00315,False,False,False,none
lamookil-1,TMA00315,False,False,False,none
lanfimpe-1,TMA00315,False,False,False,none
langcoii-1,TMA00315,False,False,False,none
lanhfibp-1,TMA00315,False,False,False,none
lanjfjgi-1,TMA00315,False,False,False,none
lanjpcmm-1,TMA00315,False,False,False,none
lankikbd-1,TMA00315,False,False,False,none
lanllhen-1,TMA00315,False,False,False,none
lanmjhgc-1,TMA00315,False,False,False,none
laochihc-1,TMA00315,False,False,False,none
laofhhak-1,TMA00315,False,False,False,none
laokmpoe-1,TMA00315,False,False,False,none
lappfgfm-1,TMA00315,False,False,False,none
lbaaemao-1,TMA00315,False,False,False,none
lbagfkge-1,TMA00315,False,False,False,none
lbaikgcf-1,TMA00315,False,False,False,none
lbakiand-1,TMA00315,False,False,False,none
lbalibeb-1,TMA00315,False,False,False,none
lbapajof-1,TMA00315,False,False,False,none
lbbdbfao-1,TMA00315,False,False,False,none
lbbkbeff-1,TMA00315,False,False,False,none
lbbmgcbl-1,TMA00315,False,False,False,none
lbcbflmi-1,TMA00315,False,False,False,none
lbcelphj-1,TMA00315,False,False,False,none
lbcghnbm-1,TMA00315,False,False,False,none
lbcihcdb-1,TMA00315,False,False,False,none
lbclnloa-1,TMA00315,False,False,False,none
lbcmleol-1,TMA00315,False,False,False,none
lbcpnncn-1,TMA00315,False,False,False,none
lbdfakab-1,TMA00315,False,False,False,none
lbdfedmi-1,TMA00315,False,False,False,none
lbdfmnjj-1,TMA00315,False,False,False,none
lbdilnhm-1,TMA00315,False,False,False,none
lbdipmod-1,TMA00315,False,False,False,none
lbdkdhod-1,TMA00315,False,False,False,none
lbdnapan-1,TMA00315,False,False,False,none
lbdnenen-1,TMA00315,False,False,False,none
lbdnnpdp-1,TMA00315,False,False,False,none
lbdpofhb-1,TMA00315,False,False,False,none
lbebanmm-1,TMA00315,False,False,False,none
lbeeahkd-1,TMA00315,False,False,False,none
lbejjpdf-1,TMA00315,False,False,False,none
lbekjegj-1,TMA00315,False,False,False,none
lbenmehg-1,TMA00315,False,False,False,none
lbfckfmo-1,TMA00315,False,False,False,none
lbfdipmf-1,TMA00315,False,False,False,none
lbfgijcp-1,TMA00315,False,False,False,none
lbfgkoph-1,TMA00315,False,False,False,none
lbfhpggh-1,TMA00315,False,False,False,none
lbfikgpp-1,TMA00315,False,False,False,none
lbfleoba-1,TMA00315,False,False,False,none
lbflnmpa-1,TMA00315,False,False,False,none
lbgagaeg-1,TMA00315,False,False,False,none
lbgcdeeh-1,TMA00315,False,False,False,none
lbgcpjpp-1,TMA00315,False,False,False,none
lbgfdndk-1,TMA00315,False,False,False,none
lbggiiff-1,TMA00315,False,False,False,none
lbggjmhp-1,TMA00315,False,False,False,none
lbghnbnd-1,TMA00315,False,False,False,none
lbgjaheg-1,TMA00315,False,False,False,none
lbhbccdm-1,TMA00315,False,False,False,none
lbhcbpbd-1,TMA00315,False,False,False,none
lbhcinpj-1,TMA00315,False,False,False,none
lbhcnhdp-1,TMA00315,False,False,False,none
lbhdejmb-1,TMA00315,False,False,False,none
lbhhbbda-1,TMA00315,False,False,False,none
lbhijcnm-1,TMA00315,False,False,False,none
lbhjdcfj-1,TMA00315,False,False,False,none
lbhldhah-1,TMA00315,False,False,False,none
lbhliadm-1,TMA00315,False,False,False,none
lbhmplec-1,TMA00315,False,False,False,none
lbhppkcd-1,TMA00315,False,False,False,none
lbifnnec-1,TMA00315,False,False,False,none
lbigbffm-1,TMA00315,False,False,False,none
lbigkojf-1,TMA00315,False,False,False,none
lbijffbg-1,TMA00315,False,False,False,none
lbijfnnm-1,TMA00315,False,False,False,none
lbijohok-1,TMA00315,False,False,False,none
lbinbnff-1,TMA00315,False,False,False,none
lbineacn-1,TMA00315,False,False,False,none
lbjaegmm-1,TMA00315,False,False,False,none
lbjakkpd-1,TMA00315,False,False,False,none
lbjanabf-1,TMA00315,False,False,False,none
lbjgmnig-1,TMA00315,False,False,False,none
lbjnajcj-1,TMA00315,False,False,False,none
lbkbkapp-1,TMA00315,False,False,False,none
lbkckahk-1,TMA00315,False,False,False,none
lbkdlldh-1,TMA00315,False,False,False,none
lbkigemo-1,TMA00315,False,False,False,none
lbkjcoii-1,TMA00315,False,False,False,none
lbkkaikh-1,TMA00315,False,False,False,none
lbkmbknf-1,TMA00315,False,False,False,none
lbkmkbdh-1,TMA00315,False,False,False,none
lbldfbfk-1,TMA00315,False,False,False,none
lblgblbn-1,TMA00315,False,False,False,none
lblghdgo-1,TMA00315,False,False,False,none
lblhhilf-1,TMA00315,False,False,False,none
lbliihoe-1,TMA00315,False,False,False,none
lbliljij-1,TMA00315,False,False,False,none
lblimgpl-1,TMA00315,False,False,False,none
lblnofjm-1,TMA00315,False,False,False,none
lbmadboj-1,TMA00315,False,False,False,none
lbmbedgm-1,TMA00315,False,False,False,none
lbmdacma-1,TMA00315,False,False,False,none
lbmdapap-1,TMA00315,False,False,False,none
lbmdcmkn-1,TMA00315,False,False,False,none
lbmehicl-1,TMA00315,False,False,False,none
lbmfcfho-1,TMA00315,False,False,False,none
lbmfgejn-1,TMA00315,False,False,False,none
lbmgchbk-1,TMA00315,False,False,False,none
lbmijahe-1,TMA00315,False,False,False,none
lbmkefjc-1,TMA00315,False,False,False,none
lbmogcmp-1,TMA00315,False,False,False,none
lbnfcndl-1,TMA00315,False,False,False,none
lbnikacd-1,TMA00315,False,False,False,none
lbnlfnkd-1,TMA00315,False,False,False,none
lbnmhegl-1,TMA00315,False,False,False,none
lbnmhlac-1,TMA00315,False,False,False,none
lbnmoked-1,TMA00315,False,False,False,none
lbnojngm-1,TMA00315,False,False,False,none
lboafehb-1,TMA00315,False,False,False,none
lboamkgp-1,TMA00315,False,False,False,none
lbocfojj-1,TMA00315,False,False,False,none
lbodfjai-1,TMA00315,False,False,False,none
lboelnkd-1,TMA00315,False,False,False,none
lbohkgim-1,TMA00315,False,False,False,none
lbojheim-1,TMA00315,False,False,False,none
lbolgjnb-1,TMA00315,False,False,False,none
lbomadca-1,TMA00315,False,False,False,none
lbononfh-1,TMA00315,False,False,False,none
lbooplja-1,TMA00315,False,False,False,none
lbopomia-1,TMA00315,False,False,False,none
lbpbaopd-1,TMA00315,False,False,False,none
lbpcimmp-1,TMA00315,False,False,False,none
lbphfapb-1,TMA00315,False,False,False,none
lbphiodb-1,TMA00315,False,False,False,none
lbpobgae-1,TMA00315,False,False,False,none
lbppedlj-1,TMA00315,False,False,False,none
lcaajadc-1,TMA00315,False,False,False,none
lcamoaan-1,TMA00315,False,False,False,none
lcamolcb-1,TMA00315,False,False,False,none
lcanfhll-1,TMA00315,False,False,False,none
lcanjhdk-1,TMA00315,False,False,False,none
lcbgcfcn-1,TMA00315,False,False,False,none
lcbgdmob-1,TMA00315,False,False,False,none
lcbmgbpd-1,TMA00315,False,False,False,none
lcbmgdpf-1,TMA00315,False,False,False,none
lcbnebmd-1,TMA00315,False,False,False,none
lcccnebo-1,TMA00315,False,False,False,none
lccgjdee-1,TMA00315,False,False,False,none
lcckbakn-1,TMA00315,False,False,False,none
lccmjcom-1,TMA00315,False,False,False,none
lccmjebf-1,TMA00315,False,False,False,none
lccnpkce-1,TMA00315,False,False,False,none
lcdajjpj-1,TMA00315,False,False,False,none
lcdanijc-1,TMA00315,False,False,False,none
lcdcbeeg-1,TMA00315,False,False,False,none
lcdcgpik-1,TMA00315,False,False,False,none
lcdhinac-1,TMA00315,False,False,False,none
lcdijmnl-1,TMA00315,False,False,False,none
lcdknmkm-1,TMA00315,False,False,False,none
lcdliaee-1,TMA00315,False,False,False,none
lcdllnja-1,TMA00315,False,False,False,none
lcdncdfn-1,TMA00315,False,False,False,none
lceahpag-1,TMA00315,False,False,False,none
lcecmble-1,TMA00315,False,False,False,none
lceihioj-1,TMA00315,False,False,False,none
lcejhpgk-1,TMA00315,False,False,False,none
lceldeih-1,TMA00315,False,False,False,none
lcemejch-1,TMA00315,False,False,False,none
lcemicgd-1,TMA00315,False,False,False,none
lcenkflm-1,TMA00315,False,False,False,none
lceoakep-1,TMA00315,False,False,False,none
lceoheho-1,TMA00315,False,False,False,none
lcfaegpm-1,TMA00315,False,False,False,none
lcfjilcl-1,TMA00315,False,False,False,none
lcgagpej-1,TMA00315,False,False,False,none
lcgcbefk-1,TMA00315,False,False,False,none
lcgccoci-1,TMA00315,False,False,False,none
lcgcnknf-1,TMA00315,False,False,False,none
lcgdbeno-1,TMA00315,False,False,False,none
lcgdecag-1,TMA00315,False,False,False,none
lcghoehn-1,TMA00315,False,False,False,none
lcgjffhb-1,TMA00315,False,False,False,none
lcgnhccf-1,TMA00315,False,False,False,none
lcgnhhfb-1,TMA00315,False,False,False,none
lcgpgajm-1,TMA00315,False,False,False,none
lchedkgd-1,TMA00315,False,False,False,none
lchfcafh-1,TMA00315,False,False,False,none
lchfldnk-1,TMA00315,False,False,False,none
lchhijmg-1,TMA00315,False,False,False,none
lchjafmn-1,TMA00315,False,False,False,none
lchmfldb-1,TMA00315,False,False,False,none
lchmkhfp-1,TMA00315,False,False,False,none
lchnbhid-1,TMA00315,False,False,False,none
lchpkabo-1,TMA00315,True,False,False,EGFP_Seq1_hi
lcibakpl-1,TMA00315,False,False,False,none
lciblnbm-1,TMA00315,False,False,False,none
lcieeeph-1,TMA00315,False,False,False,none
lcihimjg-1,TMA00315,False,False,False,none
lcihlbdd-1,TMA00315,False,False,False,none
lcikgnge-1,TMA00315,False,False,False,none
lcipefbc-1,TMA00315,False,False,False,none
lcjbaogc-1,TMA00315,False,False,False,none
lcjckeja-1,TMA00315,False,False,False,none
lcjecgmg-1,TMA00315,False,False,False,none
lcjfmell-1,TMA00315,False,False,False,none
lcjkmfdb-1,TMA00315,False,False,False,none
lcjmhifg-1,TMA00315,False,False,False,none
lckidgfa-1,TMA00315,False,False,False,none
lckmdcpo-1,TMA00315,False,False,False,none
lckondgg-1,TMA00315,False,False,False,none
lckpfjkl-1,TMA00315,False,False,False,none
lcldpohg-1,TMA00315,False,False,False,none
lclfeljg-1,TMA00315,False,False,False,none
lclhngaa-1,TMA00315,False,False,False,none
lcljlada-1,TMA00315,False,False,False,none
lcllaljm-1,TMA00315,False,False,False,none
lcmcfkcf-1,TMA00315,False,False,False,none
lcmcpgdg-1,TMA00315,False,False,False,none
lcmjjohd-1,TMA00315,False,False,False,none
lcmlmoob-1,TMA00315,False,False,False,none
lcmmplmn-1,TMA00315,False,False,False,none
lcnaebkp-1,TMA00315,False,False,False,none
lcnenbdd-1,TMA00315,False,False,False,none
lcnjaejn-1,TMA00315,False,False,False,none
lcoeglfh-1,TMA00315,False,False,False,none
lcomdjdh-1,TMA00315,False,False,False,none
lcpdjnfo-1,TMA00315,False,False,False,none
lcpgebon-1,TMA00315,False,False,False,none
lcpiadbe-1,TMA00315,False,False,False,none
lcpmiiif-1,TMA00315,False,False,False,none
lcpnbeok-1,TMA00315,False,False,False,none
ldaeidgl-1,TMA00315,False,False,False,none
ldaikcig-1,TMA00315,False,False,False,none
ldanifmk-1,TMA00315,False,False,False,none
ldapcjak-1,TMA00315,False,False,False,none
ldbaagen-1,TMA00315,False,False,False,none
ldbccbod-1,TMA00315,False,False,False,none
ldbekgal-1,TMA00315,False,False,False,none
ldbhibjb-1,TMA00315,False,False,False,none
ldbkhafn-1,TMA00315,False,False,False,none
ldbmclaj-1,TMA00315,False,False,False,none
ldbpkgoh-1,TMA00315,False,False,False,none
ldcajial-1,TMA00315,False,False,False,none
ldcehpkh-1,TMA00315,False,False,False,none
ldcgeepg-1,TMA00315,False,False,False,none
ldcincnc-1,TMA00315,False,False,False,none
ldclgdhg-1,TMA00315,False,False,False,none
ldcnldcm-1,TMA00315,False,False,False,none
lddagooi-1,TMA00315,False,False,False,none
lddddpmj-1,TMA00315,False,False,False,none
ldddfpmg-1,TMA00315,False,False,False,none
lddhdgdj-1,TMA00315,False,False,False,none
lddhepil-1,TMA00315,False,False,False,none
lddlfamm-1,TMA00315,False,False,False,none
lddmnfaf-1,TMA00315,False,False,False,none
lddnloid-1,TMA00315,False,False,False,none
ldebgfgn-1,TMA00315,False,False,False,none
ldefgpoi-1,TMA00315,False,False,False,none
ldegbcae-1,TMA00315,False,False,False,none
ldephnjc-1,TMA00315,False,False,False,none
ldfadhhg-1,TMA00315,False,False,False,none
ldfagdam-1,TMA00315,False,False,False,none
ldfcffmh-1,TMA00315,False,False,False,none
ldfcgndp-1,TMA00315,False,False,False,none
ldfepbon-1,TMA00315,False,False,False,none
ldgcbhjn-1,TMA00315,False,False,False,none
ldghhnjm-1,TMA00315,False,False,False,none
ldgiekkb-1,TMA00315,False,False,False,none
ldgkfbof-1,TMA00315,False,False,False,none
ldgldkmk-1,TMA00315,False,False,False,none
ldgmefcn-1,TMA00315,False,False,False,none
ldhbahno-1,TMA00315,False,False,False,none
ldhcmmoj-1,TMA00315,False,False,False,none
ldhdfcom-1,TMA00315,False,False,False,none
ldhipebo-1,TMA00315,False,False,False,none
ldhmfmgg-1,TMA00315,False,False,False,none
ldhmknpf-1,TMA00315,False,False,False,none
ldiejoee-1,TMA00315,False,False,False,none
ldikajng-1,TMA00315,False,False,False,none
ldjcofch-1,TMA00315,False,False,False,none
ldjedidc-1,TMA00315,False,False,False,none
ldjeneno-1,TMA00315,False,False,False,none
ldjhmafj-1,TMA00315,False,False,False,none
ldjicoak-1,TMA00315,False,False,False,none
ldjkideh-1,TMA00315,False,False,False,none
ldjnmabd-1,TMA00315,False,False,False,none
ldkbbkgj-1,TMA00315,False,False,False,none
ldkboekf-1,TMA00315,False,False,False,none
ldkcigig-1,TMA00315,False,False,False,none
ldkdhomg-1,TMA00315,False,False,False,none
ldkilhhb-1,TMA00315,False,False,False,none
ldkmdlej-1,TMA00315,False,False,False,none
ldknlhlj-1,TMA00315,False,False,False,none
ldkpadeb-1,TMA00315,False,False,False,none
ldlaooni-1,TMA00315,False,False,False,none
ldlfelap-1,TMA00315,False,False,False,none
ldljijgo-1,TMA00315,False,False,False,none
ldmclddb-1,TMA00315,False,False,False,none
ldmencdk-1,TMA00315,False,False,False,none
ldmgimjg-1,TMA00315,False,False,False,none
ldmogibj-1,TMA00315,False,False,False,none
ldnacoll-1,TMA00315,False,False,False,none
ldnbajim-1,TMA00315,False,False,False,none
ldncefbb-1,TMA00315,False,False,False,none
ldnfpfle-1,TMA00315,False,False,False,none
ldnjiocd-1,TMA00315,False,False,False,none
ldnkpgci-1,TMA00315,False,False,False,none
ldnoobph-1,TMA00315,False,False,False,none
ldoamnbd-1,TMA00315,False,False,False,none
ldobajme-1,TMA00315,False,False,False,none
ldofnbno-1,TMA00315,False,False,False,none
ldokjmam-1,TMA00315,False,False,False,none
ldomnkec-1,TMA00315,False,False,False,none
ldongpjm-1,TMA00315,False,False,False,none
ldopmcjg-1,TMA00315,False,False,False,none
ldopnngn-1,TMA00315,False,False,False,none
ldpaenan-1,TMA00315,False,False,False,none
ldpanggo-1,TMA00315,False,False,False,none
ldpcegad-1,TMA00315,False,False,False,none
ldpdghkk-1,TMA00315,False,False,False,none
ldplembd-1,TMA00315,False,False,False,none
ldpmblji-1,TMA00315,False,False,False,none
ldpodeic-1,TMA00315,False,False,False,none
ldppgikp-1,TMA00315,False,False,False,none
ldppnccc-1,TMA00315,False,False,False,none
leacbcdf-1,TMA00315,False,False,False,none
leacndbm-1,TMA00315,False,False,False,none
leahalpl-1,TMA00315,False,False,False,none
leajpdpb-1,TMA00315,False,False,False,none
leaplgoo-1,TMA00315,False,False,False,none
lebaijlh-1,TMA00315,False,False,False,none
lebbpimd-1,TMA00315,False,False,False,none
lebccdaf-1,TMA00315,False,False,False,none
lebebfid-1,TMA00315,False,False,False,none
lebihjgj-1,TMA00315,False,False,False,none
lebpfhfl-1,TMA00315,False,False,False,none
lecjpaha-1,TMA00315,False,False,False,none
ledaihid-1,TMA00315,False,False,False,none
ledbljnh-1,TMA00315,False,False,False,none
ledcplco-1,TMA00315,False,False,False,none
ledffdgc-1,TMA00315,False,False,False,none
ledffmhk-1,TMA00315,False,False,False,none
ledobgnc-1,TMA00315,False,False,False,none
leecpkne-1,TMA00315,False,False,False,none
leedhdmo-1,TMA00315,False,False,False,none
leegfjgd-1,TMA00315,False,False,False,none
leekgibn-1,TMA00315,False,False,False,none
lefbldmi-1,TMA00315,False,False,False,none
lefcinon-1,TMA00315,False,False,False,none
lefecmbe-1,TMA00315,False,False,False,none
lefemgdf-1,TMA00315,False,False,False,none
lefgfdfk-1,TMA00315,False,False,False,none
lefgnpcm-1,TMA00315,False,False,False,none
lefleaah-1,TMA00315,False,False,False,none
legdjohb-1,TMA00315,False,False,False,none
legkjnll-1,TMA00315,False,False,False,none
legmpcdg-1,TMA00315,False,False,False,none
legphbam-1,TMA00315,False,False,False,none
legpohkc-1,TMA00315,False,False,False,none
lehdicib-1,TMA00315,False,False,False,none
lehlfehg-1,TMA00315,False,False,False,none
leidajfa-1,TMA00315,False,False,False,none
leijcikg-1,TMA00315,False,False,False,none
leimancp-1,TMA00315,False,False,False,none
leimlnke-1,TMA00315,False,False,False,none
lejaejfj-1,TMA00315,False,False,False,none
lejgebgc-1,TMA00315,False,False,False,none
lejhnbjg-1,TMA00315,False,False,False,none
lejhngil-1,TMA00315,False,False,False,none
lejikami-1,TMA00315,False,False,False,none
lejmoloh-1,TMA00315,False,False,False,none
lekcjkej-1,TMA00315,False,False,False,none
lekdpapp-1,TMA00315,False,False,False,none
leknplgi-1,TMA00315,False,False,False,none
lenommbn-1,TMA00315,False,False,False,none
lepfcadp-1,TMA00315,False,False,False,none
lepmillj-1,TMA00315,False,False,False,none
lfbngdoj-1,TMA00315,False,False,False,none
lfdiahhe-1,TMA00315,False,False,False,none
lfebldii-1,TMA00315,False,False,False,none
lfedjnao-1,TMA00315,False,False,False,none
lfekhokg-1,TMA00315,False,False,False,none
lffkkknl-1,TMA00315,False,False,False,none
lffneimf-1,TMA00315,False,False,False,none
lffnilog-1,TMA00315,False,False,False,none
lfgeefbl-1,TMA00315,False,False,False,none
lfgfejae-1,TMA00315,False,False,False,none
lfgkpohi-1,TMA00315,False,False,False,none
lfgmljjm-1,TMA00315,False,False,False,none
lfhdcbnh-1,TMA00315,False,False,False,none
lfhkdkmn-1,TMA00315,False,False,False,none
lfjaobhc-1,TMA00315,False,False,False,none
lfjbfnec-1,TMA00315,False,False,False,none
lfjffcdc-1,TMA00315,False,False,False,none
lfjidlbb-1,TMA00315,False,False,False,none
lfjklfjk-1,TMA00315,False,False,False,none
lfjkmfnl-1,TMA00315,False,False,False,none
lfjndlhb-1,TMA00315,False,False,False,none
lfjpclmp-1,TMA00315,False,False,False,none
lfkabmge-1,TMA00315,False,False,False,none
lfkbfilk-1,TMA00315,False,False,False,none
lfkcjjme-1,TMA00315,False,False,False,none
lfkdpiii-1,TMA00315,False,False,False,none
lfkihkli-1,TMA00315,False,False,False,none
lfkkellm-1,TMA00315,False,False,False,none
lfknfceg-1,TMA00315,False,False,False,none
lfkoknmo-1,TMA00315,False,False,False,none
lflbcabc-1,TMA00315,False,False,False,none
lflebahe-1,TMA00315,False,False,False,none
lflfkejg-1,TMA00315,False,False,False,none
lflmblnn-1,TMA00315,False,False,False,none
lflpgnja-1,TMA00315,False,False,False,none
lfmbaboc-1,TMA00315,False,False,False,none
lfmdegaa-1,TMA00315,False,False,False,none
lfmgefin-1,TMA00315,False,False,False,none
lfmgkdlg-1,TMA00315,False,False,False,none
lfmglocg-1,TMA00315,False,False,False,none
lfmhghhf-1,TMA00315,False,False,False,none
lfmhjjea-1,TMA00315,False,False,False,none
lfmjofcm-1,TMA00315,False,False,False,none
lfmkaljo-1,TMA00315,False,False,False,none
lfmmohmd-1,TMA00315,False,False,False,none
lfnadkje-1,TMA00315,False,False,False,none
lfnbfoni-1,TMA00315,False,False,False,none
lfnbnbih-1,TMA00315,False,False,False,none
lfncacbk-1,TMA00315,False,False,False,none
lfnebdjm-1,TMA00315,False,False,False,none
lfnkohbd-1,TMA00315,False,False,False,none
lfnlgbha-1,TMA00315,False,False,False,none
lfocmebf-1,TMA00315,False,False,False,none
lfondbcn-1,TMA00315,False,False,False,none
lfpbjobn-1,TMA00315,False,False,False,none
lfpdaeec-1,TMA00315,False,False,False,none
lfpeeflj-1,TMA00315,False,False,False,none
lgdfiolj-1,TMA00315,False,False,False,none
lgdkcohp-1,TMA00315,False,False,False,none
lgdkipaf-1,TMA00315,False,False,False,none
lgedknhh-1,TMA00315,False,False,False,none
lgefghad-1,TMA00315,False,False,False,none
lgekonlp-1,TMA00315,False,False,False,none
lgempnnb-1,TMA00315,False,False,False,none
lgfemonp-1,TMA00315,False,False,False,none
lgfgagfa-1,TMA00315,False,False,False,none
lgfgekea-1,TMA00315,False,False,False,none
lgfghfbo-1,TMA00315,False,False,False,none
lgfiejhc-1,TMA00315,False,False,False,none
lgfkmamo-1,TMA00315,False,False,False,none
lgfldjkj-1,TMA00315,False,False,False,none
lgfllpjc-1,TMA00315,False,False,False,none
lggaicdb-1,TMA00315,False,False,False,none
lggaocfj-1,TMA00315,False,False,False,none
lggjhlga-1,TMA00315,False,False,False,none
lgihbkgc-1,TMA00315,False,False,False,none
lgiidalf-1,TMA00315,False,False,False,none
lgipijmf-1,TMA00315,False,False,False,none
lgjnnnao-1,TMA00315,False,False,False,none
lgjodekl-1,TMA00315,False,False,False,none
lgkcoejh-1,TMA00315,False,False,False,none
lgkfpjkl-1,TMA00315,False,False,False,none
lgkoenld-1,TMA00315,False,False,False,none
lgmbplig-1,TMA00315,False,False,False,none
lgmgkofc-1,TMA00315,False,False,False,none
lgndbcef-1,TMA00315,False,False,False,none
lhafpgfe-1,TMA00315,False,False,False,none
lhajbaeb-1,TMA00315,False,False,False,none
lhamjael-1,TMA00315,False,False,False,none
lhcpmdhd-1,TMA00315,False,False,False,none
lhdafbbn-1,TMA00315,False,False,False,none
lhdekbfc-1,TMA00315,False,False,False,none
lhdndmmo-1,TMA00315,False,False,False,none
lhfbfjjn-1,TMA00315,False,False,False,none
lhfecpdb-1,TMA00315,False,False,False,none
lhfojhpl-1,TMA00315,False,False,False,none
lhfpdbij-1,TMA00315,False,False,False,none
lhgbkamg-1,TMA00315,False,False,False,none
lhgealkm-1,TMA00315,False,False,False,none
lhggipgj-1,TMA00315,False,False,False,none
lhghgnkg-1,TMA00315,False,False,False,none
lhgkgoii-1,TMA00315,False,False,False,none
lhgoddlm-1,TMA00315,False,False,False,none
lhgpagnj-1,TMA00315,False,False,False,none
lhhchbcl-1,TMA00315,False,False,False,none
lhhfmfgf-1,TMA00315,False,False,False,none
lhhhlkdf-1,TMA00315,False,False,False,none
lhhimlcm-1,TMA00315,False,False,False,none
lhhjnmgi-1,TMA00315,False,False,False,none
lhhmlghd-1,TMA00315,False,False,False,none
lhhndogd-1,TMA00315,False,False,False,none
lhiajkil-1,TMA00315,False,False,False,none
lhienaed-1,TMA00315,False,False,False,none
lhigcdjm-1,TMA00315,False,False,False,none
lhiifoan-1,TMA00315,False,False,False,none
lhiigood-1,TMA00315,False,False,False,none
lhiimglc-1,TMA00315,False,False,False,none
lhiknlmd-1,TMA00315,False,False,False,none
lhimdjhf-1,TMA00315,False,False,False,none
lhimfoed-1,TMA00315,False,False,False,none
lhimhbap-1,TMA00315,False,False,False,none
lhinbdln-1,TMA00315,False,False,False,none
lhjamkcm-1,TMA00315,False,False,False,none
lhjilhec-1,TMA00315,False,False,False,none
lhjjlhhj-1,TMA00315,False,False,False,none
lhjkfcpe-1,TMA00315,False,False,False,none
lhjmfjii-1,TMA00315,False,False,False,none
lhjnfkkb-1,TMA00315,False,False,False,none
lhjpgnlm-1,TMA00315,False,False,False,none
lhkaegjg-1,TMA00315,False,False,False,none
lhkddoil-1,TMA00315,False,False,False,none
lhkdpmgn-1,TMA00315,False,False,False,none
lhkledcg-1,TMA00315,False,False,False,none
lhklkogh-1,TMA00315,False,False,False,none
lhkmbiok-1,TMA00315,False,False,False,none
lhlalhof-1,TMA00315,False,False,False,none
lhlcemjm-1,TMA00315,False,False,False,none
lhldonbf-1,TMA00315,False,False,False,none
lhlemgpf-1,TMA00315,False,False,False,none
lhlepcbg-1,TMA00315,False,False,False,none
lhlfjbak-1,TMA00315,False,False,False,none
lhlhflbk-1,TMA00315,False,False,False,none
lhlkeink-1,TMA00315,False,False,False,none
lhlnhacp-1,TMA00315,False,False,False,none
lhmdfaim-1,TMA00315,False,False,False,none
lhmflldk-1,TMA00315,False,False,False,none
lhmnkfid-1,TMA00315,False,False,False,none
lhmpbdeb-1,TMA00315,False,False,False,none
lhnapoee-1,TMA00315,False,False,False,none
lhnjlcdd-1,TMA00315,False,False,False,none
lhnkjdpa-1,TMA00315,False,False,False,none
lhnlacdp-1,TMA00315,False,False,False,none
lhnmmhpd-1,TMA00315,False,False,False,none
lhnmmpkj-1,TMA00315,False,False,False,none
lhodhelg-1,TMA00315,False,False,False,none
lhogdlcc-1,TMA00315,False,False,False,none
lhokoime-1,TMA00315,False,False,False,none
lhonomef-1,TMA00315,False,False,False,none
lhpaaled-1,TMA00315,False,False,False,none
lhpcgpjm-1,TMA00315,False,False,False,none
lhpdbeaf-1,TMA00315,False,False,False,none
lhpgkggb-1,TMA00315,False,False,False,none
lhphoeoe-1,TMA00315,False,False,False,none
lhpmbade-1,TMA00315,False,False,False,none
lhpmbcnl-1,TMA00315,False,False,False,none
lhpmiodn-1,TMA00315,False,False,False,none
lhpmojaj-1,TMA00315,False,False,False,none
lhpnkhnb-1,TMA00315,False,False,False,none
liabkbfg-1,TMA00315,False,False,False,none
liahgphl-1,TMA00315,False,False,False,none
liahhlhi-1,TMA00315,False,False,False,none
liapkflb-1,TMA00315,False,False,False,none
libbmkkd-1,TMA00315,False,False,False,none
libcoilj-1,TMA00315,False,False,False,none
libdlnni-1,TMA00315,False,False,False,none
libfopjh-1,TMA00315,False,False,False,none
liboabba-1,TMA00315,False,False,False,none
licamkkf-1,TMA00315,False,False,False,none
licfeeak-1,TMA00315,False,False,False,none
lickhopo-1,TMA00315,False,False,False,none
licmlmhl-1,TMA00315,False,False,False,none
licnkedk-1,TMA00315,False,False,False,none
lidchjhi-1,TMA00315,False,False,False,none
liddnibm-1,TMA00315,False,False,False,none
lidfdlcf-1,TMA00315,False,False,False,none
lidfkgbl-1,TMA00315,False,False,False,none
lidgkdfi-1,TMA00315,False,False,False,none
lidijgag-1,TMA00315,False,False,False,none
lidjaaof-1,TMA00315,False,False,False,none
lidjfnne-1,TMA00315,False,False,False,none
lidogjjj-1,TMA00315,False,False,False,none
lieaifpp-1,TMA00315,False,False,False,none
lieamgeo-1,TMA00315,False,False,False,none
lieddiok-1,TMA00315,False,False,False,none
lieffnad-1,TMA00315,False,False,False,none
liegcopb-1,TMA00315,False,False,False,none
lieilmmf-1,TMA00315,False,False,False,none
liepakel-1,TMA00315,False,False,False,none
lifammgm-1,TMA00315,False,False,False,none
lifdemci-1,TMA00315,False,False,False,none
lifhhapg-1,TMA00315,False,False,False,none
lifhkadl-1,TMA00315,False,False,False,none
lifjabko-1,TMA00315,False,False,False,none
lifjadff-1,TMA00315,False,False,False,none
liflhhkd-1,TMA00315,False,False,False,none
lifllcfm-1,TMA00315,False,False,False,none
liflndhg-1,TMA00315,False,False,False,none
lifnoedl-1,TMA00315,False,False,False,none
lifpdbkn-1,TMA00315,False,False,False,none
ligbmmlk-1,TMA00315,False,False,False,none
ligfmocg-1,TMA00315,False,False,False,none
ligjnmae-1,TMA00315,False,False,False,none
lignlpab-1,TMA00315,False,False,False,none
ligpcnjg-1,TMA00315,False,False,False,none
lihapolg-1,TMA00315,False,False,False,none
lihdemlb-1,TMA00315,False,False,False,none
lihfchie-1,TMA00315,False,False,False,none
lihgmbio-1,TMA00315,False,False,False,none
lihlipea-1,TMA00315,False,False,False,none
lihpklda-1,TMA00315,False,False,False,none
liialcja-1,TMA00315,False,False,False,none
liiehhne-1,TMA00315,False,False,False,none
liiemeip-1,TMA00315,False,False,False,none
liiepkbe-1,TMA00315,False,False,False,none
liijijjh-1,TMA00315,False,False,False,none
liillgkn-1,TMA00315,False,False,False,none
liioanod-1,TMA00315,False,False,False,none
liiocdpf-1,TMA00315,False,False,False,none
liiohlej-1,TMA00315,False,False,False,none
lijeehmn-1,TMA00315,False,False,False,none
lijfdame-1,TMA00315,False,False,False,none
lijhnngl-1,TMA00315,False,False,False,none
lijmdcig-1,TMA00315,False,False,False,none
lijnghac-1,TMA00315,False,False,False,none
likakmnf-1,TMA00315,False,False,False,none
likblcoc-1,TMA00315,False,False,False,none
likeidfo-1,TMA00315,False,False,False,none
likjakjb-1,TMA00315,False,False,False,none
likjigen-1,TMA00315,False,False,False,none
likllhaj-1,TMA00315,False,False,False,none
liklmahg-1,TMA00315,False,False,False,none
likpihif-1,TMA00315,False,False,False,none
liledhkj-1,TMA00315,False,False,False,none
lilfglam-1,TMA00315,False,False,False,none
lilgnafg-1,TMA00315,False,False,False,none
lilhdggf-1,TMA00315,False,False,False,none
lilihlgm-1,TMA00315,False,False,False,none
liljhgei-1,TMA00315,False,False,False,none
liljpaop-1,TMA00315,False,False,False,none
lilmfelg-1,TMA00315,False,False,False,none
limaadnc-1,TMA00315,False,False,False,none
limafmdb-1,TMA00315,False,False,False,none
limbicin-1,TMA00315,False,False,False,none
limcgooo-1,TMA00315,False,False,False,none
limdcnmn-1,TMA00315,False,False,False,none
limdkhcd-1,TMA00315,False,False,False,none
limnhgkh-1,TMA00315,False,False,False,none
limpamgh-1,TMA00315,False,False,False,none
linbdjhn-1,TMA00315,False,False,False,none
lincfobh-1,TMA00315,False,False,False,none
linepjia-1,TMA00315,False,False,False,none
lingijkp-1,TMA00315,False,False,False,none
linkcaoe-1,TMA00315,False,False,False,none
linmbnna-1,TMA00315,False,False,False,none
linoemfd-1,TMA00315,False,False,False,none
linoljhn-1,TMA00315,False,False,False,none
liobmcpk-1,TMA00315,False,False,False,none
liodkbof-1,TMA00315,False,False,False,none
lioeggag-1,TMA00315,False,False,False,none
liogdokh-1,TMA00315,False,False,False,none
liogilgm-1,TMA00315,False,False,False,none
liohgemd-1,TMA00315,False,False,False,none
liolgggd-1,TMA00315,False,False,False,none
liopkplf-1,TMA00315,False,False,False,none
lipadnbf-1,TMA00315,False,False,False,none
lipdbfnk-1,TMA00315,False,False,False,none
liphmlek-1,TMA00315,False,False,False,none
lipjnjac-1,TMA00315,False,False,False,none
lipkjbbk-1,TMA00315,False,False,False,none
lipmahln-1,TMA00315,False,False,False,none
lipmcaca-1,TMA00315,False,False,False,none
lipmlfio-1,TMA00315,False,False,False,none
ljabidjg-1,TMA00315,False,False,False,none
ljachcie-1,TMA00315,False,False,False,none
ljaeicnb-1,TMA00315,False,False,False,none
ljagkjcj-1,TMA00315,False,False,False,none
ljagmdma-1,TMA00315,False,False,False,none
ljaheghj-1,TMA00315,False,False,False,none
ljajfbcd-1,TMA00315,False,False,False,none
ljbakpbm-1,TMA00315,False,False,False,none
ljbcnohf-1,TMA00315,False,False,False,none
ljbimdab-1,TMA00315,False,False,False,none
ljbjglia-1,TMA00315,False,False,False,none
ljblkimj-1,TMA00315,False,False,False,none
ljblobmg-1,TMA00315,False,False,False,none
ljbphcll-1,TMA00315,False,False,False,none
ljclljod-1,TMA00315,False,False,False,none
ljcnhpdk-1,TMA00315,False,False,False,none
ljdddnnd-1,TMA00315,False,False,False,none
ljdfjcii-1,TMA00315,False,False,False,none
ljdgibhm-1,TMA00315,False,False,False,none
ljdhdogn-1,TMA00315,False,False,False,none
ljdhieci-1,TMA00315,False,False,False,none
ljdhmdbi-1,TMA00315,False,False,False,none
ljdnkecj-1,TMA00315,False,False,False,none
ljedcgen-1,TMA00315,False,False,False,none
ljeffdpp-1,TMA00315,False,False,False,none
ljegiikg-1,TMA00315,False,False,False,none
ljehmncd-1,TMA00315,False,False,False,none
ljejjfal-1,TMA00315,False,False,False,none
ljejlpkh-1,TMA00315,False,False,False,none
ljeonnei-1,TMA00315,False,False,False,none
ljepfaag-1,TMA00315,False,False,False,none
ljfdbapn-1,TMA00315,False,False,False,none
ljffngop-1,TMA00315,False,False,False,none
ljfjdcjf-1,TMA00315,False,False,False,none
ljfojnnf-1,TMA00315,False,False,False,none
ljfonbbm-1,TMA00315,False,False,False,none
ljfpklod-1,TMA00315,False,False,False,none
ljgaogbk-1,TMA00315,False,False,False,none
ljgdpoji-1,TMA00315,False,False,False,none
ljgfpdhp-1,TMA00315,False,False,False,none
ljgfpogb-1,TMA00315,False,False,False,none
ljgjpigf-1,TMA00315,False,False,False,none
ljgkbnjg-1,TMA00315,False,False,False,none
ljgkjgod-1,TMA00315,False,False,False,none
ljgklbbe-1,TMA00315,False,False,False,none
ljgmgkdb-1,TMA00315,False,False,False,none
ljgmmpca-1,TMA00315,False,False,False,none
ljhadage-1,TMA00315,False,False,False,none
ljhdfjab-1,TMA00315,False,False,False,none
ljhjolon-1,TMA00315,False,False,False,none
ljhkmblg-1,TMA00315,False,False,False,none
ljhmghjh-1,TMA00315,False,False,False,none
ljhmiefn-1,TMA00315,False,False,False,none
ljhnnpap-1,TMA00315,False,False,False,none
ljicdhcj-1,TMA00315,False,False,False,none
ljikilll-1,TMA00315,False,False,False,none
ljimmkgp-1,TMA00315,False,False,False,none
ljipofjn-1,TMA00315,False,False,False,none
ljjahckp-1,TMA00315,False,False,False,none
ljjdlomh-1,TMA00315,False,False,False,none
ljjehpof-1,TMA00315,False,False,False,none
ljjhadpi-1,TMA00315,False,False,False,none
ljjhlmjc-1,TMA00315,False,False,False,none
ljjhnhgh-1,TMA00315,False,False,False,none
ljjjjhin-1,TMA00315,False,False,False,none
ljjnbggn-1,TMA00315,False,False,False,none
ljjoffca-1,TMA00315,False,False,False,none
ljjpbljf-1,TMA00315,False,False,False,none
ljkhhoik-1,TMA00315,False,False,False,none
ljkllnki-1,TMA00315,False,False,False,none
ljklonnm-1,TMA00315,False,False,False,none
ljknpoik-1,TMA00315,False,False,False,none
ljkohofg-1,TMA00315,False,False,False,none
ljkojjlb-1,TMA00315,False,False,False,none
ljkpnegd-1,TMA00315,False,False,False,none
ljlafjdl-1,TMA00315,False,False,False,none
ljlaknhm-1,TMA00315,False,False,False,none
ljloihee-1,TMA00315,False,False,False,none
ljlojnoc-1,TMA00315,False,False,False,none
ljmaggae-1,TMA00315,False,False,False,none
ljmaildb-1,TMA00315,False,False,False,none
ljmegiaf-1,TMA00315,False,False,False,none
ljmfelba-1,TMA00315,False,False,False,none
ljmfoobh-1,TMA00315,False,False,False,none
ljmidkjo-1,TMA00315,False,False,False,none
ljmomjnd-1,TMA00315,False,False,False,none
ljmppean-1,TMA00315,False,False,False,none
ljngkbln-1,TMA00315,False,False,False,none
ljnhcjid-1,TMA00315,False,False,False,none
ljnhpepn-1,TMA00315,False,False,False,none
ljnipbnn-1,TMA00315,False,False,False,none
ljnknnio-1,TMA00315,False,False,False,none
ljnndnda-1,TMA00315,False,False,False,none
ljnoefmh-1,TMA00315,False,False,False,none
ljoamnig-1,TMA00315,False,False,False,none
ljobkhnb-1,TMA00315,False,False,False,none
ljoccokb-1,TMA00315,False,False,False,none
ljofcpfo-1,TMA00315,False,False,False,none
ljohikgd-1,TMA00315,False,False,False,none
ljolblmm-1,TMA00315,False,False,False,none
ljomkogo-1,TMA00315,False,False,False,none
ljpbejni-1,TMA00315,False,False,False,none
ljpcpogg-1,TMA00315,False,False,False,none
ljphogak-1,TMA00315,False,False,False,none
ljpiaekk-1,TMA00315,False,False,False,none
ljpigoij-1,TMA00315,False,False,False,none
ljpmonbj-1,TMA00315,False,False,False,none
ljpnnepg-1,TMA00315,False,False,False,none
lkaakeep-1,TMA00315,False,False,False,none
lkaaokie-1,TMA00315,False,False,False,none
lkabijak-1,TMA00315,False,False,False,none
lkackkci-1,TMA00315,False,False,False,none
lkacneid-1,TMA00315,False,False,False,none
lkafaggl-1,TMA00315,False,False,False,none
lkaihjao-1,TMA00315,False,False,False,none
lkajigdh-1,TMA00315,False,False,False,none
lkakpnlc-1,TMA00315,False,False,False,none
lkanehaj-1,TMA00315,False,False,False,none
lkaohoap-1,TMA00315,False,False,False,none
lkbhfnci-1,TMA00315,False,False,False,none
lkbigodk-1,TMA00315,False,False,False,none
lkbpjfnl-1,TMA00315,False,False,False,none
lkbpllja-1,TMA00315,False,False,False,none
lkcbddim-1,TMA00315,False,False,False,none
lkdfobbe-1,TMA00315,False,False,False,none
lkdndpfe-1,TMA00315,False,False,False,none
lkdobhmk-1,TMA00315,False,False,False,none
lkdoldob-1,TMA00315,False,False,False,none
lkechdpm-1,TMA00315,False,False,False,none
lkehfhbg-1,TMA00315,False,False,False,none
lkehpocj-1,TMA00315,False,False,False,none
lkemdhoh-1,TMA00315,False,False,False,none
lkemgbni-1,TMA00315,False,False,False,none
lkemolpf-1,TMA00315,False,False,False,none
lkfbhcbc-1,TMA00315,False,False,False,none
lkfeeoic-1,TMA00315,False,False,False,none
lkfefgfo-1,TMA00315,False,False,False,none
lkfejfli-1,TMA00315,False,False,False,none
lkfhfige-1,TMA00315,False,False,False,none
lkfjdobm-1,TMA00315,False,False,False,none
lkggagjo-1,TMA00315,False,False,False,none
lkglobec-1,TMA00315,False,False,False,none
lkgolckd-1,TMA00315,False,False,False,none
lkheeief-1,TMA00315,False,False,False,none
lkhileab-1,TMA00315,False,False,False,none
lkhlikjk-1,TMA00315,False,False,False,none
lkhnjnlm-1,TMA00315,False,False,False,none
lkhpojbe-1,TMA00315,False,False,False,none
lkidbjih-1,TMA00315,False,False,False,none
lkiihmbd-1,TMA00315,False,False,False,none
lkijcmai-1,TMA00315,False,False,False,none
lkjcpljb-1,TMA00315,False,False,False,none
lkjdcfhe-1,TMA00315,False,False,False,none
lkjfiapi-1,TMA00315,False,False,False,none
lkjflcga-1,TMA00315,False,False,False,none
lkjghfen-1,TMA00315,False,False,False,none
lkjhndib-1,TMA00315,False,False,False,none
lkjhpifm-1,TMA00315,False,False,False,none
lkjipcjl-1,TMA00315,False,False,False,none
lkjjdneb-1,TMA00315,False,False,False,none
lkjjnklb-1,TMA00315,False,False,False,none
lkjkbajl-1,TMA00315,False,False,False,none
lkjkmjhd-1,TMA00315,False,False,False,none
lkjmpmhk-1,TMA00315,False,False,False,none
lkjpflki-1,TMA00315,False,False,False,none
lkkbjbmn-1,TMA00315,False,False,False,none
lkkdmmio-1,TMA00315,False,False,False,none
lkkdmong-1,TMA00315,False,False,False,none
lkkfdfpo-1,TMA00315,False,False,False,none
lkkfooke-1,TMA00315,False,False,False,none
lkkgkell-1,TMA00315,False,False,False,none
lkkofgeo-1,TMA00315,False,False,False,none
lkldakij-1,TMA00315,False,False,False,none
lklepgpm-1,TMA00315,False,False,False,none
lkljpdfh-1,TMA00315,False,False,False,none
lklkcead-1,TMA00315,False,False,False,none
lklpeibg-1,TMA00315,False,False,False,none
lkmcbloj-1,TMA00315,False,False,False,none
lkmeoagk-1,TMA00315,False,False,False,none
lkmmjhie-1,TMA00315,False,False,False,none
lkncnjee-1,TMA00315,False,False,False,none
lkndoljl-1,TMA00315,False,False,False,none
lkneegdc-1,TMA00315,False,False,False,none
lkneifmh-1,TMA00315,False,False,False,none
lknkgjkh-1,TMA00315,False,False,False,none
lknlcbef-1,TMA00315,False,False,False,none
lknmliki-1,TMA00315,False,False,False,none
lknngogg-1,TMA00315,False,False,False,none
lknnpjaj-1,TMA00315,False,False,False,none
lkobegeo-1,TMA00315,False,False,False,none
lkobfdlk-1,TMA00315,False,False,False,none
lkodgaah-1,TMA00315,False,False,False,none
lkodkcbg-1,TMA00315,False,False,False,none
lkofgoho-1,TMA00315,False,False,False,none
lkohmegc-1,TMA00315,False,False,False,none
lkoiaadn-1,TMA00315,False,False,False,none
lkpafbjn-1,TMA00315,False,False,False,none
lkpidong-1,TMA00315,False,False,False,none
lkpiekda-1,TMA00315,False,False,False,none
lkplihmi-1,TMA00315,False,False,False,none
lkpmnjhb-1,TMA00315,False,False,False,none
lkpnigfo-1,TMA00315,False,False,False,none
lkppngek-1,TMA00315,False,False,False,none
llaennig-1,TMA00315,False,False,False,none
llaglbjn-1,TMA00315,False,False,False,none
llahiffb-1,TMA00315,False,False,False,none
llaidocg-1,TMA00315,False,False,False,none
llapgjdl-1,TMA00315,False,False,False,none
llbcieei-1,TMA00315,False,False,False,none
llbehinb-1,TMA00315,False,False,False,none
llbiickp-1,TMA00315,False,False,False,none
llbjgggb-1,TMA00315,False,False,False,none
llbnccia-1,TMA00315,False,False,False,none
llbnecja-1,TMA00315,False,False,False,none
llcebbfa-1,TMA00315,False,False,False,none
llcenlek-1,TMA00315,False,False,False,none
llcmafga-1,TMA00315,False,False,False,none
llcpemlf-1,TMA00315,False,False,False,none
lldbjgef-1,TMA00315,False,False,False,none
lldboigj-1,TMA00315,False,False,False,none
lldeakbi-1,TMA00315,False,False,False,none
lldedmdc-1,TMA00315,False,False,False,none
lldflkdo-1,TMA00315,False,False,False,none
lldhmkci-1,TMA00315,False,False,False,none
lldilnif-1,TMA00315,False,False,False,none
lldkimic-1,TMA00315,False,False,False,none
lldmidjo-1,TMA00315,False,False,False,none
lldolaij-1,TMA00315,False,False,False,none
lldplcad-1,TMA00315,False,False,False,none
lleacico-1,TMA00315,False,False,False,none
llefkmib-1,TMA00315,False,False,False,none
llefofbm-1,TMA00315,False,False,False,none
lleicmlm-1,TMA00315,False,False,False,none
llekljcl-1,TMA00315,False,False,False,none
llepmpii-1,TMA00315,False,False,False,none
llfdlhjm-1,TMA00315,False,False,False,none
llffgded-1,TMA00315,False,False,False,none
llfgbfld-1,TMA00315,False,False,False,none
llfgjagb-1,TMA00315,False,False,False,none
llfhkomp-1,TMA00315,False,False,False,none
llfhoajf-1,TMA00315,False,False,False,none
llfioiii-1,TMA00315,False,False,False,none
llfipige-1,TMA00315,False,False,False,none
llflneio-1,TMA00315,False,False,False,none
llfonmmm-1,TMA00315,False,False,False,none
llgdckpn-1,TMA00315,False,False,False,none
llgicban-1,TMA00315,False,False,False,none
llgipmlp-1,TMA00315,False,False,False,none
llgjbobj-1,TMA00315,False,False,False,none
llgkaaoi-1,TMA00315,False,False,False,none
llgpbdll-1,TMA00315,False,False,False,none
llgpgcaj-1,TMA00315,False,False,False,none
llhcboia-1,TMA00315,False,False,False,none
llhdeepm-1,TMA00315,False,False,False,none
llhjjlhn-1,TMA00315,False,False,False,none
llhkdjeh-1,TMA00315,False,False,False,none
llhmlebf-1,TMA00315,False,False,False,none
llhnepnh-1,TMA00315,False,False,False,none
llhokhpl-1,TMA00315,False,False,False,none
llhopelo-1,TMA00315,False,False,False,none
lliagemn-1,TMA00315,False,False,False,none
llibomdm-1,TMA00315,False,False,False,none
llicgoin-1,TMA00315,False,False,False,none
llidoaah-1,TMA00315,False,False,False,none
llieclnj-1,TMA00315,False,False,False,none
llimcldf-1,TMA00315,False,False,False,none
llindmhp-1,TMA00315,False,False,False,none
lliolhgc-1,TMA00315,False,False,False,none
lljelpil-1,TMA00315,False,False,False,none
lljfhdch-1,TMA00315,False,False,False,none
lljgacbh-1,TMA00315,False,False,False,none
lljhpooj-1,TMA00315,False,False,False,none
lljiohkf-1,TMA00315,False,False,False,none
lljjacld-1,TMA00315,False,False,False,none
lljmibhh-1,TMA00315,False,False,False,none
llkajkjc-1,TMA00315,False,False,False,none
llkalnkc-1,TMA00315,False,False,False,none
llkbfmen-1,TMA00315,False,False,False,none
llkblmfc-1,TMA00315,False,False,False,none
llkcbfff-1,TMA00315,False,False,False,none
llkdbbom-1,TMA00315,False,False,False,none
llkddoej-1,TMA00315,False,False,False,none
llkkljjl-1,TMA00315,False,False,False,none
llkladbm-1,TMA00315,False,False,False,none
llklcmfk-1,TMA00315,False,False,False,none
llkljolj-1,TMA00315,False,False,False,none
llkmoopa-1,TMA00315,False,False,False,none
llknadhi-1,TMA00315,False,False,False,none
llknnboc-1,TMA00315,False,False,False,none
llldcfle-1,TMA00315,False,False,False,none
llldcjjf-1,TMA00315,False,False,False,none
lllgpbjm-1,TMA00315,False,False,False,none
lllkdmjo-1,TMA00315,False,False,False,none
lllnkhpa-1,TMA00315,False,False,False,none
llmadjgd-1,TMA00315,False,False,False,none
llmbllch-1,TMA00315,False,False,False,none
llmjjopj-1,TMA00315,False,False,False,none
llmkiloa-1,TMA00315,False,False,False,none
llmmpgdd-1,TMA00315,False,False,False,none
llmomoad-1,TMA00315,False,False,False,none
llncclan-1,TMA00315,False,False,False,none
llncmenf-1,TMA00315,False,False,False,none
llnjciie-1,TMA00315,False,False,False,none
llnjmggm-1,TMA00315,False,False,False,none
llnkcdan-1,TMA00315,False,False,False,none
llnlbbdj-1,TMA00315,False,False,False,none
llobcbff-1,TMA00315,False,False,False,none
llobeacj-1,TMA00315,False,False,False,none
lloblamk-1,TMA00315,False,False,False,none
lloghkai-1,TMA00315,False,False,False,none
llohpecn-1,TMA00315,False,False,False,none
llomcejm-1,TMA00315,False,False,False,none
llpafagp-1,TMA00315,False,False,False,none
llpammbj-1,TMA00315,False,False,False,none
llpbfhak-1,TMA00315,False,False,False,none
llpflgnp-1,TMA00315,False,False,False,none
llpgogee-1,TMA00315,False,False,False,none
llphlplb-1,TMA00315,False,False,False,none
llpjecme-1,TMA00315,False,False,False,none
llpjllcj-1,TMA00315,False,False,False,none
llpjndhk-1,TMA00315,False,False,False,none
llpkcnkh-1,TMA00315,False,False,False,none
llpoelen-1,TMA00315,False,False,False,none
llpokpim-1,TMA00315,False,False,False,none
llppohec-1,TMA00315,False,False,False,none
lmabhlml-1,TMA00315,False,False,False,none
lmahdijp-1,TMA00315,False,False,False,none
lmanjlcd-1,TMA00315,False,False,False,none
lmaomoaa-1,TMA00315,False,False,False,none
lmbahmhl-1,TMA00315,False,False,False,none
lmbejach-1,TMA00315,False,False,False,none
lmbghjjh-1,TMA00315,False,False,False,none
lmbjdjhd-1,TMA00315,False,False,False,none
lmbpgfjo-1,TMA00315,False,False,False,none
lmcabcae-1,TMA00315,False,False,False,none
lmcfomee-1,TMA00315,False,False,False,none
lmcijjmc-1,TMA00315,False,False,False,none
lmcjnido-1,TMA00315,False,False,False,none
lmckcnjd-1,TMA00315,False,False,False,none
lmcldbhg-1,TMA00315,False,False,False,none
lmclngbi-1,TMA00315,False,False,False,none
lmcmmjcg-1,TMA00315,False,False,False,none
lmdaeiga-1,TMA00315,False,False,False,none
lmdccnkl-1,TMA00315,False,False,False,none
lmdcedaf-1,TMA00315,False,False,False,none
lmdfgjff-1,TMA00315,False,False,False,none
lmdkfaej-1,TMA00315,False,False,False,none
lmdonpad-1,TMA00315,False,False,False,none
lmeakkli-1,TMA00315,False,False,False,none
lmebdjgi-1,TMA00315,False,False,False,none
lmeigmic-1,TMA00315,False,False,False,none
lmeochpk-1,TMA00315,False,False,False,none
lmeoddki-1,TMA00315,False,False,False,none
lmepiadn-1,TMA00315,False,False,False,none
lmflboib-1,TMA00315,False,False,False,none
lmfoblpk-1,TMA00315,False,False,False,none
lmfomikl-1,TMA00315,False,False,False,none
lmgaahop-1,TMA00315,False,False,False,none
lmgbhieg-1,TMA00315,False,False,False,none
lmgcajal-1,TMA00315,False,False,False,none
lmgegdil-1,TMA00315,False,False,False,none
lmgehdbe-1,TMA00315,False,False,False,none
lmgepcfp-1,TMA00315,False,False,False,none
lmgjfncj-1,TMA00315,False,False,False,none
lmgklbgf-1,TMA00315,False,False,False,none
lmgmgban-1,TMA00315,False,False,False,none
lmheilfj-1,TMA00315,False,False,False,none
lmhkdkei-1,TMA00315,False,False,False,none
lmhnacdd-1,TMA00315,False,False,False,none
lmhpfafh-1,TMA00315,False,False,False,none
lmiadgmp-1,TMA00315,False,False,False,none
lmickcbg-1,TMA00315,False,False,False,none
lmimicih-1,TMA00315,False,False,False,none
lminlocf-1,TMA00315,False,False,False,none
lmjapeed-1,TMA00315,False,False,False,none
lmjcpoeb-1,TMA00315,False,False,False,none
lmjdaabb-1,TMA00315,False,False,False,none
lmjehoji-1,TMA00315,False,False,False,none
lmjfpbmo-1,TMA00315,False,False,False,none
lmjjoeic-1,TMA00315,False,False,False,none
lmjkempl-1,TMA00315,False,False,False,none
lmkkmahf-1,TMA00315,False,False,False,none
lmlagadh-1,TMA00315,False,False,False,none
lmlfhmdh-1,TMA00315,False,False,False,none
lmlfmdbn-1,TMA00315,False,False,False,none
lmlibhah-1,TMA00315,False,False,False,none
lmliehcn-1,TMA00315,False,False,False,none
lmlmieif-1,TMA00315,False,False,False,none
lmmbcifh-1,TMA00315,False,False,False,none
lmmdodoo-1,TMA00315,False,False,False,none
lmmhdkpe-1,TMA00315,False,False,False,none
lmnfjkcg-1,TMA00315,False,False,False,none
lmnfmifi-1,TMA00315,False,False,False,none
lmnjcfbo-1,TMA00315,False,False,False,none
lmnnlgbe-1,TMA00315,False,False,False,none
lmojkgao-1,TMA00315,False,False,False,none
lmooinno-1,TMA00315,False,False,False,none
lmpdpohl-1,TMA00315,False,False,False,none
lmpefeka-1,TMA00315,False,False,False,none
lmpgdlha-1,TMA00315,False,False,False,none
lmpkccfk-1,TMA00315,False,False,False,none
lmpkppda-1,TMA00315,False,False,False,none
lmpljadc-1,TMA00315,False,False,False,none
lmppdgng-1,TMA00315,False,False,False,none
lnagplnj-1,TMA00315,False,False,False,none
lnajlfge-1,TMA00315,False,False,False,none
lnanjbmg-1,TMA00315,False,False,False,none
lnbbgbnf-1,TMA00315,False,False,False,none
lncaacfm-1,TMA00315,False,False,False,none
lncngamf-1,TMA00315,False,False,False,none
lncpkafn-1,TMA00315,False,False,False,none
lncppdgg-1,TMA00315,False,False,False,none
lndeipfc-1,TMA00315,False,False,False,none
lndhceda-1,TMA00315,False,False,False,none
lndkeafi-1,TMA00315,False,False,False,none
lndmlclp-1,TMA00315,False,False,False,none
lndnbpen-1,TMA00315,False,False,False,none
lndndjbl-1,TMA00315,False,False,False,none
lnedgjmp-1,TMA00315,False,False,False,none
lneeomcf-1,TMA00315,False,False,False,none
lnefcmdc-1,TMA00315,False,False,False,none
lnemolaa-1,TMA00315,False,False,False,none
lnenngbc-1,TMA00315,False,False,False,none
lnepopnc-1,TMA00315,False,False,False,none
lnfcalah-1,TMA00315,False,False,False,none
lnfdlopc-1,TMA00315,False,False,False,none
lnfgnlni-1,TMA00315,False,False,False,none
lnfhmpdj-1,TMA00315,False,False,False,none
lnfjhmgd-1,TMA00315,False,False,False,none
lnflcdph-1,TMA00315,False,False,False,none
lnfmajng-1,TMA00315,False,False,False,none
lnfmgbgf-1,TMA00315,False,False,False,none
lngdnpog-1,TMA00315,False,False,False,none
lngffhhg-1,TMA00315,False,False,False,none
lnggmlgg-1,TMA00315,False,False,False,none
lngkbioj-1,TMA00315,False,False,False,none
lngoekco-1,TMA00315,False,False,False,none
lngpgdgb-1,TMA00315,False,False,False,none
lngphjae-1,TMA00315,False,False,False,none
lnhagedb-1,TMA00315,False,False,False,none
lnhamabj-1,TMA00315,False,False,False,none
lnhbkfgo-1,TMA00315,False,False,False,none
lnhhddjc-1,TMA00315,False,False,False,none
lnhlacah-1,TMA00315,False,False,False,none
lnhlhfeg-1,TMA00315,False,False,False,none
lnhmakoc-1,TMA00315,False,False,False,none
lnhmcefe-1,TMA00315,False,False,False,none
lnhmgojb-1,TMA00315,False,False,False,none
lniciogn-1,TMA00315,False,False,False,none
lniddiip-1,TMA00315,False,False,False,none
lnidecnk-1,TMA00315,False,False,False,none
lnilbhbp-1,TMA00315,False,False,False,none
lnipeegf-1,TMA00315,False,False,False,none
lnjaaiei-1,TMA00315,False,False,False,none
lnjbdlan-1,TMA00315,False,False,False,none
lnjcbbil-1,TMA00315,False,False,False,none
lnjdibcl-1,TMA00315,False,False,False,none
lnjioffj-1,TMA00315,False,False,False,none
lnjjkbpl-1,TMA00315,False,False,False,none
lnjkkaed-1,TMA00315,False,False,False,none
lnjmengd-1,TMA00315,False,False,False,none
lnkabgmb-1,TMA00315,False,False,False,none
lnkdpphg-1,TMA00315,False,False,False,none
lnkecjph-1,TMA00315,False,False,False,none
lnkfbpap-1,TMA00315,False,False,False,none
lnkfcmlh-1,TMA00315,False,False,False,none
lnkifcag-1,TMA00315,False,False,False,none
lnkjgpam-1,TMA00315,False,False,False,none
lnklojkd-1,TMA00315,False,False,False,none
lnkppcfe-1,TMA00315,False,False,False,none
lnlaccdg-1,TMA00315,False,False,False,none
lnlbbmln-1,TMA00315,False,False,False,none
lnlfclbp-1,TMA00315,False,False,False,none
lnlfjlip-1,TMA00315,False,False,False,none
lnlgpmpk-1,TMA00315,False,False,False,none
lnlinkhe-1,TMA00315,False,False,False,none
lnlnphcl-1,TMA00315,False,False,False,none
lnmcijcf-1,TMA00315,False,False,False,none
lnmgkjbi-1,TMA00315,False,False,False,none
lnmlibkk-1,TMA00315,False,False,False,none
lnmnhook-1,TMA00315,False,False,False,none
lnnacjng-1,TMA00315,False,False,False,none
lnnflffe-1,TMA00315,False,False,False,none
lnochddp-1,TMA00315,False,False,False,none
lnoiigmh-1,TMA00315,False,False,False,none
lnoiihbo-1,TMA00315,False,False,False,none
lnokfmoc-1,TMA00315,False,False,False,none
lnomdcha-1,TMA00315,False,False,False,none
lnpdgdbh-1,TMA00315,False,False,False,none
lnpdlfka-1,TMA00315,False,False,False,none
lnpdlpaa-1,TMA00315,False,False,False,none
lnpgimic-1,TMA00315,False,False,False,none
lnpgplmp-1,TMA00315,False,False,False,none
lnpibbhc-1,TMA00315,False,False,False,none
lnpjgnkh-1,TMA00315,False,False,False,none
lnpjmldg-1,TMA00315,False,False,False,none
lnpkahgo-1,TMA00315,False,False,False,none
lnpkpdhk-1,TMA00315,False,False,False,none
lnplehdl-1,TMA00315,False,False,False,none
lnpmlphd-1,TMA00315,False,False,False,none
lnpoppll-1,TMA00315,False,False,False,none
lnppefkb-1,TMA00315,False,False,False,none
loacjmdd-1,TMA00315,False,False,False,none
loaebokb-1,TMA00315,False,False,False,none
loaldnbh-1,TMA00315,False,False,False,none
loalejeg-1,TMA00315,False,False,False,none
loaljdib-1,TMA00315,False,False,False,none
loanldpa-1,TMA00315,False,False,False,none
lobakfji-1,TMA00315,False,False,False,none
lobcaljm-1,TMA00315,False,False,False,none
loblkjfk-1,TMA00315,False,False,False,none
lochgbeh-1,TMA00315,False,False,False,none
locihpjj-1,TMA00315,False,False,False,none
locinmbp-1,TMA00315,False,False,False,none
lodccpni-1,TMA00315,False,False,False,none
lodhgfem-1,TMA00315,False,False,False,none
lodicfji-1,TMA00315,False,False,False,none
lodlboph-1,TMA00315,False,False,False,none
lodplnbh-1,TMA00315,False,False,False,none
loebemjl-1,TMA00315,False,False,False,none
loebolbk-1,TMA00315,False,False,False,none
loecakca-1,TMA00315,False,False,False,none
loeeomdk-1,TMA00315,False,False,False,none
loegiagc-1,TMA00315,False,False,False,none
loeleecg-1,TMA00315,False,False,False,none
loeliffc-1,TMA00315,False,False,False,none
loemhmjp-1,TMA00315,False,False,False,none
loeombph-1,TMA00315,False,False,False,none
lofhaakc-1,TMA00315,False,False,False,none
lofikdpk-1,TMA00315,False,False,False,none
lofngheg-1,TMA00315,False,False,False,none
lofognjg-1,TMA00315,False,False,False,none
lofpeaef-1,TMA00315,False,False,False,none
loggclpm-1,TMA00315,False,False,False,none
loggnmfn-1,TMA00315,False,False,False,none
lohadlhl-1,TMA00315,False,False,False,none
lohdghhk-1,TMA00315,False,False,False,none
lohemegh-1,TMA00315,False,False,False,none
lohlendk-1,TMA00315,False,False,False,none
lohlfepa-1,TMA00315,False,False,False,none
lohlimkm-1,TMA00315,False,False,False,none
lohohnof-1,TMA00315,False,False,False,none
lohpdnhg-1,TMA00315,False,False,False,none
loihbifc-1,TMA00315,False,False,False,none
loiiicbl-1,TMA00315,False,False,False,none
loimepdn-1,TMA00315,False,False,False,none
loimllja-1,TMA00315,False,False,False,none
loinfbpc-1,TMA00315,False,False,False,none
loiopike-1,TMA00315,False,False,False,none
loipiobo-1,TMA00315,False,False,False,none
lojabedj-1,TMA00315,False,False,False,none
lojcpmof-1,TMA00315,False,False,False,none
lojeleii-1,TMA00315,False,False,False,none
lojgoldc-1,TMA00315,False,False,False,none
lojikimk-1,TMA00315,False,False,False,none
lojipfho-1,TMA00315,False,False,False,none
lojkaddn-1,TMA00315,False,False,False,none
lojmalmc-1,TMA00315,False,False,False,none
lojodgip-1,TMA00315,False,False,False,none
lokbpclk-1,TMA00315,False,False,False,none
lokcidpf-1,TMA00315,False,False,False,none
lokdicne-1,TMA00315,False,False,False,none
lokefegf-1,TMA00315,False,False,False,none
lokgpcio-1,TMA00315,False,False,False,none
lokhmopj-1,TMA00315,False,False,False,none
lokijmgi-1,TMA00315,False,False,False,none
lokkiimk-1,TMA00315,False,False,False,none
lokklmki-1,TMA00315,False,False,False,none
loklfonb-1,TMA00315,False,False,False,none
lonaaiim-1,TMA00315,False,False,False,none
lonhlffd-1,TMA00315,False,False,False,none
lonilkma-1,TMA00315,False,False,False,none
lonkpmfl-1,TMA00315,False,False,False,none
loobbdfk-1,TMA00315,False,False,False,none
loobgmhk-1,TMA00315,False,False,False,none
looficne-1,TMA00315,False,False,False,none
loofkplo-1,TMA00315,False,False,False,none
loohamio-1,TMA00315,False,False,False,none
loohaplj-1,TMA00315,False,False,False,none
loojigbm-1,TMA00315,False,False,False,none
lookmbdn-1,TMA00315,False,False,False,none
loopcdnb-1,TMA00315,False,False,False,none
lopeadll-1,TMA00315,False,False,False,none
lopfkkph-1,TMA00315,False,False,False,none
lopjjpgj-1,TMA00315,False,False,False,none
lopkeogc-1,TMA00315,False,False,False,none
lopncegk-1,TMA00315,False,False,False,none
lpaafgbl-1,TMA00315,False,False,False,none
lpaajnbi-1,TMA00315,False,False,False,none
lpabkanl-1,TMA00315,False,False,False,none
lpacooke-1,TMA00315,False,False,False,none
lpadmhfl-1,TMA00315,False,False,False,none
lpaehlim-1,TMA00315,False,False,False,none
lpafeioh-1,TMA00315,False,False,False,none
lpagdecf-1,TMA00315,False,False,False,none
lpakhmmc-1,TMA00315,False,False,False,none
lpamdolf-1,TMA00315,False,False,False,none
lpanbibj-1,TMA00315,False,False,False,none
lpaodfcc-1,TMA00315,False,False,False,none
lpbbjehh-1,TMA00315,False,False,False,none
lpbcacpa-1,TMA00315,False,False,False,none
lpbcdclg-1,TMA00315,False,False,False,none
lpbcnkna-1,TMA00315,False,False,False,none
lpbgopab-1,TMA00315,False,False,False,none
lpbipnjg-1,TMA00315,False,False,False,none
lpbmacac-1,TMA00315,False,False,False,none
lpbophjl-1,TMA00315,False,False,False,none
lpcbblbd-1,TMA00315,False,False,False,none
lpcfmeji-1,TMA00315,False,False,False,none
lpclfhhj-1,TMA00315,False,False,False,none
lpcnaegn-1,TMA00315,False,False,False,none
lpdejhno-1,TMA00315,False,False,False,none
lpejkaah-1,TMA00315,False,False,False,none
lpemafgh-1,TMA00315,False,False,False,none
lpenfbmk-1,TMA00315,False,False,False,none
lpeohpmf-1,TMA00315,False,False,False,none
lpeolbon-1,TMA00315,False,False,False,none
lpfaegfn-1,TMA00315,False,False,False,none
lpfboefk-1,TMA00315,False,False,False,none
lpfbpmgf-1,TMA00315,True,False,False,EGFP_Seq1_hi
lpfodeng-1,TMA00315,False,False,False,none
lpgaaeha-1,TMA00315,False,False,False,none
lpgaohlg-1,TMA00315,False,False,False,none
lpgdjeib-1,TMA00315,False,False,False,none
lpgecllf-1,TMA00315,False,False,False,none
lpgpmgja-1,TMA00315,False,False,False,none
lphichjn-1,TMA00315,False,False,False,none
lphkdike-1,TMA00315,False,False,False,none
lphkochg-1,TMA00315,False,False,False,none
lpihacnh-1,TMA00315,False,False,False,none
lpiinagn-1,TMA00315,False,False,False,none
lpiiphak-1,TMA00315,False,False,False,none
lpjglnjl-1,TMA00315,False,False,False,none
lpjhlclh-1,TMA00315,False,False,False,none
lpjjiiom-1,TMA00315,False,False,False,none
lpjjpbpc-1,TMA00315,False,False,False,none
lpjpkock-1,TMA00315,False,False,False,none
lpkeeclm-1,TMA00315,False,False,False,none
lpkiefdh-1,TMA00315,False,False,False,none
lpkkpdhp-1,TMA00315,False,False,False,none
lpkmoonk-1,TMA00315,False,False,False,none
lplbkfnp-1,TMA00315,False,False,False,none
lplcichj-1,TMA00315,False,False,False,none
lpliohhm-1,TMA00315,False,False,False,none
lpllppil-1,TMA00315,False,False,False,none
lplmdekp-1,TMA00315,False,False,False,none
lpmcofbk-1,TMA00315,False,False,False,none
lpmdmgok-1,TMA00315,False,False,False,none
lpmgjeeh-1,TMA00315,False,False,False,none
lpmhceie-1,TMA00315,False,False,False,none
lpmhjdij-1,TMA00315,False,False,False,none
lpmpabgp-1,TMA00315,False,False,False,none
lpmpjagb-1,TMA00315,False,False,False,none
lpnebgjf-1,TMA00315,False,False,False,none
lpngkljn-1,TMA00315,False,False,False,none
lpnhcmka-1,TMA00315,False,False,False,none
lpnmopcm-1,TMA00315,False,False,False,none
lpnnojmp-1,TMA00315,False,False,False,none
lpnobkcm-1,TMA00315,False,False,False,none
lpoaadch-1,TMA00315,False,False,False,none
lpocdmjj-1,TMA00315,False,False,False,none
lpoepmbj-1,TMA00315,False,False,False,none
lpoofjld-1,TMA00315,False,False,False,none
lppbmfkh-1,TMA00315,False,False,False,none
lppflcja-1,TMA00315,False,False,False,none
lppgdndj-1,TMA00315,False,False,False,none
lppohgge-1,TMA00315,False,False,False,none
maakanoi-1,TMA00315,False,False,False,none
maamcnkg-1,TMA00315,False,False,False,none
maamjbek-1,TMA00315,False,False,False,none
maapgmaf-1,TMA00315,False,False,False,none
mabaoajp-1,TMA00315,False,False,False,none
mabdffbc-1,TMA00315,False,False,False,none
macdahoe-1,TMA00315,False,False,False,none
macnbhnj-1,TMA00315,False,False,False,none
maddnclp-1,TMA00315,False,False,False,none
madnjihb-1,TMA00315,False,False,False,none
maecneac-1,TMA00315,False,False,False,none
maedmjja-1,TMA00315,False,False,False,none
maegpkpd-1,TMA00315,False,False,False,none
maekplkc-1,TMA00315,False,False,False,none
mahajdpn-1,TMA00315,False,False,False,none
mahcnogg-1,TMA00315,False,False,False,none
mahfdaab-1,TMA00315,False,False,False,none
mahhcfbk-1,TMA00315,False,False,False,none
mahmlpck-1,TMA00315,False,False,False,none
maicgbdd-1,TMA00315,False,False,False,none
maicgipg-1,TMA00315,False,False,False,none
maiehkob-1,TMA00315,False,False,False,none
maigmcfp-1,TMA00315,False,False,False,none
maiklcoe-1,TMA00315,False,False,False,none
majogocm-1,TMA00315,False,False,False,none
makdonpc-1,TMA00315,False,False,False,none
makfhkkp-1,TMA00315,False,False,False,none
makghcoa-1,TMA00315,False,False,False,none
maknedle-1,TMA00315,False,False,False,none
maknmfbf-1,TMA00315,False,False,False,none
makpcooh-1,TMA00315,False,False,False,none
maladkkh-1,TMA00315,False,False,False,none
maldkhkm-1,TMA00315,False,False,False,none
malehcnj-1,TMA00315,False,False,False,none
malgagoh-1,TMA00315,False,False,False,none
malgkifa-1,TMA00315,False,False,False,none
malhpbep-1,TMA00315,False,False,False,none
malmkihj-1,TMA00315,False,False,False,none
malnkmee-1,TMA00315,False,False,False,none
malpfckp-1,TMA00315,False,False,False,none
malpgejf-1,TMA00315,False,False,False,none
mamfgkng-1,TMA00315,False,False,False,none
mamiadjm-1,TMA00315,False,False,False,none
mamkbbcj-1,TMA00315,False,False,False,none
mamlkllo-1,TMA00315,False,False,False,none
mampaccc-1,TMA00315,False,False,False,none
manacfij-1,TMA00315,False,False,False,none
manacjfg-1,TMA00315,False,False,False,none
manakbof-1,TMA00315,False,False,False,none
manbdjkl-1,TMA00315,False,False,False,none
mandbijl-1,TMA00315,False,False,False,none
manfadea-1,TMA00315,False,False,False,none
mangadpk-1,TMA00315,False,False,False,none
mangjgan-1,TMA00315,False,False,False,none
manhamfg-1,TMA00315,False,False,False,none
mankmpkl-1,TMA00315,False,False,False,none
manmbckb-1,TMA00315,False,False,False,none
manokpdb-1,TMA00315,False,False,False,none
maoaoafi-1,TMA00315,False,False,False,none
maocjpfb-1,TMA00315,False,False,False,none
maodeham-1,TMA00315,False,False,False,none
maoffand-1,TMA00315,False,False,False,none
maokdfbc-1,TMA00315,False,False,False,none
maonbeki-1,TMA00315,False,False,False,none
maonjpak-1,TMA00315,False,False,False,none
maooaoeh-1,TMA00315,False,False,False,none
mapbjadg-1,TMA00315,False,False,False,none
mapfaimi-1,TMA00315,False,False,False,none
mapfnhnd-1,TMA00315,False,False,False,none
maphilgb-1,TMA00315,False,False,False,none
mapjkakb-1,TMA00315,False,False,False,none
mbacblob-1,TMA00315,False,False,False,none
mbacfgof-1,TMA00315,False,False,False,none
mbadpkeg-1,TMA00315,False,False,False,none
mbafbdgm-1,TMA00315,False,False,False,none
mbagbikh-1,TMA00315,False,False,False,none
mbahkhbn-1,TMA00315,False,False,False,none
mbbahmcb-1,TMA00315,False,False,False,none
mbbandog-1,TMA00315,False,False,False,none
mbbeabjg-1,TMA00315,False,False,False,none
mbbeigee-1,TMA00315,False,False,False,none
mbbmbpen-1,TMA00315,False,False,False,none
mbbpcbhc-1,TMA00315,False,False,False,none
mbbpcmak-1,TMA00315,False,False,False,none
mbcgaapf-1,TMA00315,False,False,False,none
mbckkojc-1,TMA00315,False,False,False,none
mbckneei-1,TMA00315,False,False,False,none
mbclkkpj-1,TMA00315,False,False,False,none
mbcohlof-1,TMA00315,False,False,False,none
mbdbhfig-1,TMA00315,False,False,False,none
mbdcdkko-1,TMA00315,False,False,False,none
mbdifddm-1,TMA00315,False,False,False,none
mbdlllib-1,TMA00315,False,False,False,none
mbdmhfke-1,TMA00315,False,False,False,none
mbegmbda-1,TMA00315,False,False,False,none
mbegmhjp-1,TMA00315,False,False,False,none
mbfflhbn-1,TMA00315,False,False,False,none
mbfhfkjd-1,TMA00315,False,False,False,none
mbfkfbla-1,TMA00315,False,False,False,none
mbfmeama-1,TMA00315,False,False,False,none
mbfpnank-1,TMA00315,False,False,False,none
mbgagkgf-1,TMA00315,False,False,False,none
mbgbpepe-1,TMA00315,False,False,False,none
mbgceklk-1,TMA00315,False,False,False,none
mbgcfnbd-1,TMA00315,False,False,False,none
mbgeahpo-1,TMA00315,False,False,False,none
mbgfeeoh-1,TMA00315,False,False,False,none
mbggklcc-1,TMA00315,False,False,False,none
mbgjmdkl-1,TMA00315,False,False,False,none
mbgkbpgg-1,TMA00315,False,False,False,none
mbgnjcji-1,TMA00315,False,False,False,none
mbhckgok-1,TMA00315,False,False,False,none
mbhfgidp-1,TMA00315,False,False,False,none
mbhigbhl-1,TMA00315,False,False,False,none
mbhjohnb-1,TMA00315,False,False,False,none
mbhnfbln-1,TMA00315,False,False,False,none
mbifedeb-1,TMA00315,False,False,False,none
mbifjjkj-1,TMA00315,False,False,False,none
mbihifom-1,TMA00315,False,False,False,none
mbijlflk-1,TMA00315,False,False,False,none
mbikcglj-1,TMA00315,False,False,False,none
mbjlecoh-1,TMA00315,False,False,False,none
mbjlgcpb-1,TMA00315,False,False,False,none
mbjopdfi-1,TMA00315,False,False,False,none
mbkimghc-1,TMA00315,False,False,False,none
mbkkgkal-1,TMA00315,False,False,False,none
mbkkhomb-1,TMA00315,False,False,False,none
mblaaoac-1,TMA00315,False,False,False,none
mbldmbnb-1,TMA00315,False,False,False,none
mblkfjfi-1,TMA00315,False,False,False,none
mblnpdab-1,TMA00315,False,False,False,none
mbmckinf-1,TMA00315,False,False,False,none
mbmdpmmb-1,TMA00315,False,False,False,none
mbmggbnk-1,TMA00315,False,False,False,none
mbnfdlpf-1,TMA00315,False,False,False,none
mbnfhdin-1,TMA00315,False,False,False,none
mbnhigda-1,TMA00315,False,False,False,none
mbnooobk-1,TMA00315,False,False,False,none
mbohkafb-1,TMA00315,False,False,False,none
mbooagco-1,TMA00315,False,False,False,none
mbooocdc-1,TMA00315,False,False,False,none
mbpafigm-1,TMA00315,False,False,False,none
mbpbdmom-1,TMA00315,False,False,False,none
mbpbehim-1,TMA00315,False,False,False,none
mbpbgpce-1,TMA00315,False,False,False,none
mbpehpno-1,TMA00315,False,False,False,none
mbpnmapn-1,TMA00315,False,False,False,none
mcbdcalo-1,TMA00315,False,False,False,none
mcbhdiab-1,TMA00315,False,False,False,none
mcbheiob-1,TMA00315,False,False,False,none
mcbibkip-1,TMA00315,False,False,False,none
mcbindpo-1,TMA00315,False,False,False,none
mcbjbleh-1,TMA00315,False,False,False,none
mcbooejl-1,TMA00315,False,False,False,none
mcccgcmh-1,TMA00315,False,False,False,none
mcciofif-1,TMA00315,False,False,False,none
mcclpael-1,TMA00315,False,False,False,none
mccmckal-1,TMA00315,False,False,False,none
mcdbpppn-1,TMA00315,False,False,False,none
mcdgkjma-1,TMA00315,False,False,False,none
mcdhpfok-1,TMA00315,False,False,False,none
mcdljilh-1,TMA00315,False,False,False,none
mcedjegg-1,TMA00315,False,False,False,none
mcegcmdh-1,TMA00315,False,False,False,none
mcehdkoa-1,TMA00315,False,False,False,none
mceicamn-1,TMA00315,False,False,False,none
mceifmnh-1,TMA00315,False,False,False,none
mceilknk-1,TMA00315,False,False,False,none
mcejefjp-1,TMA00315,False,False,False,none
mcejmdec-1,TMA00315,False,False,False,none
mcemmbof-1,TMA00315,False,False,False,none
mcenalmb-1,TMA00315,False,False,False,none
mcfbccgo-1,TMA00315,False,False,False,none
mcfckifi-1,TMA00315,False,False,False,none
mcfdhoca-1,TMA00315,False,False,False,none
mcfeipof-1,TMA00315,False,False,False,none
mcfmigae-1,TMA00315,False,False,False,none
mcfnjpei-1,TMA00315,False,False,False,none
mcfoacea-1,TMA00315,False,False,False,none
mcfogacl-1,TMA00315,False,False,False,none
mcgclojh-1,TMA00315,False,False,False,none
mcglcage-1,TMA00315,False,False,False,none
mchbnhgm-1,TMA00315,False,False,False,none
mchcjjhk-1,TMA00315,False,False,False,none
mchljhpo-1,TMA00315,False,False,False,none
mcialkcc-1,TMA00315,False,False,False,none
mcifbong-1,TMA00315,False,False,False,none
mcifdpfo-1,TMA00315,False,False,False,none
mcigkdjg-1,TMA00315,False,False,False,none
mcimccgo-1,TMA00315,False,False,False,none
mcjadoob-1,TMA00315,False,False,False,none
mcjbhpgf-1,TMA00315,False,False,False,none
mcjbjpdl-1,TMA00315,False,False,False,none
mcjdpcfj-1,TMA00315,False,False,False,none
mcjjokfp-1,TMA00315,False,False,False,none
mcjkdmbd-1,TMA00315,False,False,False,none
mcjnidlo-1,TMA00315,False,False,False,none
mcjofkjl-1,TMA00315,False,False,False,none
mcjpaoic-1,TMA00315,False,False,False,none
mckdjbbl-1,TMA00315,False,False,False,none
mckggiaj-1,TMA00315,False,False,False,none
mckhojdi-1,TMA00315,False,False,False,none
mckjdeje-1,TMA00315,False,False,False,none
mckldgaa-1,TMA00315,False,False,False,none
mclcklkd-1,TMA00315,False,False,False,none
mclfagfc-1,TMA00315,False,False,False,none
mclfbnni-1,TMA00315,False,False,False,none
mclgonbp-1,TMA00315,False,False,False,none
mclikmoh-1,TMA00315,False,False,False,none
mcljalcc-1,TMA00315,False,False,False,none
mclkdldn-1,TMA00315,False,False,False,none
mclkgfem-1,TMA00315,False,False,False,none
mclmhlbc-1,TMA00315,False,False,False,none
mcmbcgho-1,TMA00315,False,False,False,none
mcmbihda-1,TMA00315,False,False,False,none
mcmfcekj-1,TMA00315,False,False,False,none
mcmglnla-1,TMA00315,False,False,False,none
mcmhngmp-1,TMA00315,False,False,False,none
mcmkeklm-1,TMA00315,False,False,False,none
mcnaebhm-1,TMA00315,False,False,False,none
mcnbpjik-1,TMA00315,False,False,False,none
mcnlhnpg-1,TMA00315,False,False,False,none
mcnljjjc-1,TMA00315,False,False,False,none
mcnmfefg-1,TMA00315,False,False,False,none
mcnoelbm-1,TMA00315,False,False,False,none
mcoconca-1,TMA00315,False,False,False,none
mcocpcdh-1,TMA00315,False,False,False,none
mcphiefc-1,TMA00315,False,False,False,none
mcpkdlcd-1,TMA00315,False,False,False,none
mcpnagbe-1,TMA00315,False,False,False,none
mcpnflgf-1,TMA00315,False,False,False,none
mdaekohj-1,TMA00315,False,False,False,none
mdaiegol-1,TMA00315,False,False,False,none
mdajbekn-1,TMA00315,False,False,False,none
mdakljgm-1,TMA00315,False,False,False,none
mdanknnb-1,TMA00315,False,False,False,none
mdbakjap-1,TMA00315,False,False,False,none
mdbghoib-1,TMA00315,False,False,False,none
mdbhonij-1,TMA00315,False,False,False,none
mdbikchc-1,TMA00315,False,False,False,none
mdcahfpg-1,TMA00315,False,False,False,none
mdcalgcn-1,TMA00315,False,False,False,none
mdcelcno-1,TMA00315,False,False,False,none
mdcfokod-1,TMA00315,False,False,False,none
mdcmahch-1,TMA00315,False,False,False,none
mddajdbk-1,TMA00315,False,False,False,none
mddblbmm-1,TMA00315,False,False,False,none
mddcbbkf-1,TMA00315,False,False,False,none
mddeeaif-1,TMA00315,False,False,False,none
mddgdbec-1,TMA00315,False,False,False,none
mddhbinj-1,TMA00315,False,False,False,none
mddlkkbi-1,TMA00315,False,False,False,none
mddnfcei-1,TMA00315,False,False,False,none
mdebpnce-1,TMA00315,False,False,False,none
mdeplbii-1,TMA00315,False,False,False,none
mdfaaelc-1,TMA00315,False,False,False,none
mdfalpeg-1,TMA00315,False,False,False,none
mdfdhalh-1,TMA00315,False,False,False,none
mdfgmepj-1,TMA00315,False,False,False,none
mdfhgeap-1,TMA00315,False,False,False,none
mdfjplga-1,TMA00315,False,False,False,none
mdfoobki-1,TMA00315,False,False,False,none
mdgbhcki-1,TMA00315,False,False,False,none
mdgfbgbb-1,TMA00315,False,False,False,none
mdgfigkc-1,TMA00315,False,False,False,none
mdghcged-1,TMA00315,False,False,False,none
mdgjcang-1,TMA00315,False,False,False,none
mdgpdoji-1,TMA00315,False,False,False,none
mdgpldjk-1,TMA00315,False,False,False,none
mdhihldi-1,TMA00315,False,False,False,none
mdhmliha-1,TMA00315,False,False,False,none
mdihnkhf-1,TMA00315,False,False,False,none
mdikojgf-1,TMA00315,False,False,False,none
mdilapnp-1,TMA00315,False,False,False,none
mdjaijoa-1,TMA00315,False,False,False,none
mdjiamba-1,TMA00315,False,False,False,none
mdjmbela-1,TMA00315,False,False,False,none
mdjpgcgp-1,TMA00315,False,False,False,none
mdkehgeh-1,TMA00315,False,False,False,none
mdkffjdj-1,TMA00315,False,False,False,none
mdkfjhdh-1,TMA00315,False,False,False,none
mdkfllmd-1,TMA00315,False,False,False,none
mdkglloc-1,TMA00315,False,False,False,none
mdkhdgef-1,TMA00315,False,False,False,none
mdklnpec-1,TMA00315,False,False,False,none
mdknkolp-1,TMA00315,False,False,False,none
mdlaglcc-1,TMA00315,False,False,False,none
mdlagolo-1,TMA00315,False,False,False,none
mdlbmlmb-1,TMA00315,False,False,False,none
mdlcooke-1,TMA00315,False,False,False,none
mdlfnkah-1,TMA00315,False,False,False,none
mdlhonil-1,TMA00315,False,False,False,none
mdllcgof-1,TMA00315,False,False,False,none
mdlndkih-1,TMA00315,False,False,False,none
mdmgocfi-1,TMA00315,False,False,False,none
mdmimdoc-1,TMA00315,False,False,False,none
mdnokepn-1,TMA00315,False,False,False,none
mdoelamp-1,TMA00315,False,False,False,none
mdpdebek-1,TMA00315,False,False,False,none
mdpdejii-1,TMA00315,False,False,False,none
mdphdohg-1,TMA00315,False,False,False,none
mdpmjifg-1,TMA00315,False,False,False,none
mdpnobkh-1,TMA00315,False,False,False,none
mdpoilbb-1,TMA00315,False,False,False,none
meaaodfg-1,TMA00315,False,False,False,none
meakchpn-1,TMA00315,False,False,False,none
meakjphe-1,TMA00315,False,False,False,none
meampcdd-1,TMA00315,False,False,False,none
meapphej-1,TMA00315,False,False,False,none
mebdhoeg-1,TMA00315,False,False,False,none
mebemnjj-1,TMA00315,False,False,False,none
mebjbakd-1,TMA00315,False,False,False,none
mebkccfo-1,TMA00315,False,False,False,none
meblipfn-1,TMA00315,False,False,False,none
meblmkdp-1,TMA00315,False,False,False,none
mebmfnih-1,TMA00315,False,False,False,none
mebmnipf-1,TMA00315,False,False,False,none
mebneaoo-1,TMA00315,False,False,False,none
mebonpdi-1,TMA00315,False,False,False,none
mecbcmgc-1,TMA00315,False,False,False,none
meccbleg-1,TMA00315,False,False,False,none
mecdlkkm-1,TMA00315,False,False,False,none
mecihjfj-1,TMA00315,False,False,False,none
mecjmdjl-1,TMA00315,False,False,False,none
medbeidl-1,TMA00315,False,False,False,none
medbjcco-1,TMA00315,False,False,False,none
medebfmh-1,TMA00315,False,False,False,none
medhaldo-1,TMA00315,False,False,False,none
medjjadn-1,TMA00315,False,False,False,none
meeacfnc-1,TMA00315,False,False,False,none
meeiigim-1,TMA00315,False,False,False,none
meemmhoo-1,TMA00315,False,False,False,none
meenjmkm-1,TMA00315,False,False,False,none
meeoiepd-1,TMA00315,False,False,False,none
meepnjnl-1,TMA00315,False,False,False,none
mefccmln-1,TMA00315,False,False,False,none
mefckaej-1,TMA00315,False,False,False,none
mefgbano-1,TMA00315,False,False,False,none
mefgijmd-1,TMA00315,False,False,False,none
mefjakfg-1,TMA00315,False,False,False,none
meflfpjf-1,TMA00315,False,False,False,none
meflonhm-1,TMA00315,False,False,False,none
mefmpmcb-1,TMA00315,False,False,False,none
mefogmap-1,TMA00315,False,False,False,none
megbdfoa-1,TMA00315,False,False,False,none
megfjjje-1,TMA00315,False,False,False,none
megfpoaj-1,TMA00315,False,False,False,none
meglhaii-1,TMA00315,False,False,False,none
megpfnkp-1,TMA00315,False,False,False,none
mehbkgmf-1,TMA00315,False,False,False,none
mehcnnca-1,TMA00315,False,False,False,none
mehejomd-1,TMA00315,False,False,False,none
mehfmhgc-1,TMA00315,False,False,False,none
mehfolal-1,TMA00315,False,False,False,none
mehnlmep-1,TMA00315,False,False,False,none
meiafgai-1,TMA00315,False,False,False,none
meibgbml-1,TMA00315,False,False,False,none
meidlncp-1,TMA00315,False,False,False,none
meikcooe-1,TMA00315,False,False,False,none
meimpffp-1,TMA00315,False,False,False,none
meippphm-1,TMA00315,False,False,False,none
mejbfckh-1,TMA00315,False,False,False,none
mejhahej-1,TMA00315,False,False,False,none
mejjenic-1,TMA00315,False,False,False,none
mejjepbl-1,TMA00315,False,False,False,none
mejkpblo-1,TMA00315,False,False,False,none
mejljelj-1,TMA00315,False,False,False,none
mejmndkc-1,TMA00315,False,False,False,none
memafjpp-1,TMA00315,False,False,False,none
memdahlc-1,TMA00315,False,False,False,none
memfemnc-1,TMA00315,False,False,False,none
menkicbb-1,TMA00315,False,False,False,none
menmnlld-1,TMA00315,False,False,False,none
menpbopa-1,TMA00315,False,False,False,none
meoafdec-1,TMA00315,False,False,False,none
meoaphim-1,TMA00315,False,False,False,none
meofgbgc-1,TMA00315,False,False,False,none
meofjong-1,TMA00315,False,False,False,none
meoiafnh-1,TMA00315,False,False,False,none
meolmhlb-1,TMA00315,False,False,False,none
meompmdo-1,TMA00315,False,False,False,none
meoodmfb-1,TMA00315,False,False,False,none
mepaohnk-1,TMA00315,False,False,False,none
mepbefoi-1,TMA00315,False,False,False,none
mepbpnjg-1,TMA00315,False,False,False,none
mepcajoa-1,TMA00315,False,False,False,none
mepglgik-1,TMA00315,False,False,False,none
meplhifb-1,TMA00315,False,False,False,none
meplnboh-1,TMA00315,False,False,False,none
mepmejkl-1,TMA00315,False,False,False,none
mfaaedoe-1,TMA00315,False,False,False,none
mfaajjef-1,TMA00315,False,False,False,none
mfbdaedn-1,TMA00315,False,False,False,none
mfbkplkk-1,TMA00315,False,False,False,none
mfbnephm-1,TMA00315,False,False,False,none
mfcacnje-1,TMA00315,False,False,False,none
mfcbdmic-1,TMA00315,False,False,False,none
mfckidal-1,TMA00315,False,False,False,none
mfcogmmo-1,TMA00315,False,False,False,none
mfdglelp-1,TMA00315,False,False,False,none
mfdocplb-1,TMA00315,False,False,False,none
mfdpefgh-1,TMA00315,False,False,False,none
mfeagnoi-1,TMA00315,False,False,False,none
mfejnmae-1,TMA00315,False,False,False,none
mfekccna-1,TMA00315,False,False,False,none
mfemeoad-1,TMA00315,False,False,False,none
mffcilda-1,TMA00315,False,False,False,none
mffdagga-1,TMA00315,False,False,False,none
mffdhigc-1,TMA00315,False,False,False,none
mffgoigl-1,TMA00315,False,False,False,none
mffhndhm-1,TMA00315,False,False,False,none
mffipeej-1,TMA00315,False,False,False,none
mffkdpho-1,TMA00315,False,False,False,none
mffpjjed-1,TMA00315,False,False,False,none
mfgbabee-1,TMA00315,False,False,False,none
mfgenoei-1,TMA00315,False,False,False,none
mfgffick-1,TMA00315,False,False,False,none
mfghobfj-1,TMA00315,False,False,False,none
mfgicpnc-1,TMA00315,False,False,False,none
mfgihmac-1,TMA00315,False,False,False,none
mfglabcl-1,TMA00315,False,False,False,none
mfgmbknd-1,TMA00315,False,False,False,none
mfgnbmea-1,TMA00315,False,False,False,none
mfgoelah-1,TMA00315,False,False,False,none
mfgoglhn-1,TMA00315,False,False,False,none
mfieecjl-1,TMA00315,False,False,False,none
mfjdidbb-1,TMA00315,False,False,False,none
mfjheomg-1,TMA00315,False,False,False,none
mfjicbmc-1,TMA00315,False,False,False,none
mfjlfald-1,TMA00315,False,False,False,none
mfjoebpn-1,TMA00315,False,False,False,none
mfkccedm-1,TMA00315,False,False,False,none
mfkcdpjf-1,TMA00315,False,False,False,none
mfkcnnmp-1,TMA00315,False,False,False,none
mfkgkdnf-1,TMA00315,False,False,False,none
mfkinnad-1,TMA00315,False,False,False,none
mfkjaibg-1,TMA00315,False,False,False,none
mfklpipm-1,TMA00315,False,False,False,none
mfkodibn-1,TMA00315,False,False,False,none
mfkphkod-1,TMA00315,False,False,False,none
mflejiln-1,TMA00315,False,False,False,none
mfmabdpf-1,TMA00315,False,False,False,none
mfmcehcg-1,TMA00315,False,False,False,none
mfmgabkm-1,TMA00315,False,False,False,none
mfmmdjbo-1,TMA00315,False,False,False,none
mfmpcdaj-1,TMA00315,False,False,False,none
mfnahell-1,TMA00315,False,False,False,none
mfnbfcef-1,TMA00315,False,False,False,none
mfnbjkfd-1,TMA00315,False,False,False,none
mfnceilh-1,TMA00315,False,False,False,none
mfncnjkm-1,TMA00315,False,False,False,none
mfndhoch-1,TMA00315,False,False,False,none
mfnkehel-1,TMA00315,False,False,False,none
mfnkjhak-1,TMA00315,False,False,False,none
mfofolnd-1,TMA00315,False,False,False,none
mfoghdfo-1,TMA00315,False,False,False,none
mfohfbbm-1,TMA00315,False,False,False,none
mfokcnkl-1,TMA00315,False,False,False,none
mfokeplo-1,TMA00315,False,False,False,none
mfolocgi-1,TMA00315,False,False,False,none
mfonpjbl-1,TMA00315,False,False,False,none
mfoopcdj-1,TMA00315,False,False,False,none
mfpchpch-1,TMA00315,False,False,False,none
mfpemklo-1,TMA00315,False,False,False,none
mfpgpbed-1,TMA00315,False,False,False,none
mfphejmo-1,TMA00315,False,False,False,none
mfpiihbo-1,TMA00315,False,False,False,none
mfpjlkdp-1,TMA00315,False,False,False,none
mgaapgmk-1,TMA00315,False,False,False,none
mgaekgkf-1,TMA00315,False,False,False,none
mgagkehl-1,TMA00315,False,False,False,none
mgaihpkd-1,TMA00315,False,False,False,none
mgakhobo-1,TMA00315,False,False,False,none
mgaojlpb-1,TMA00315,False,False,False,none
mgaomdnm-1,TMA00315,False,False,False,none
mgapfklf-1,TMA00315,False,False,False,none
mgbckkoo-1,TMA00315,False,False,False,none
mgbhbogm-1,TMA00315,False,False,False,none
mgbmanfk-1,TMA00315,False,False,False,none
mgbmfjcd-1,TMA00315,False,False,False,none
mgbojaea-1,TMA00315,False,False,False,none
mgcielfd-1,TMA00315,False,False,False,none
mgcinfcg-1,TMA00315,False,False,False,none
mgcjnjcb-1,TMA00315,False,False,False,none
mgcncjki-1,TMA00315,False,False,False,none
mgdamkgp-1,TMA00315,False,False,False,none
mgdbghpo-1,TMA00315,False,False,False,none
mgdccdeg-1,TMA00315,False,False,False,none
mgdfiajk-1,TMA00315,False,False,False,none
mgdhikpc-1,TMA00315,False,False,False,none
mgebihhc-1,TMA00315,False,False,False,none
mgehdbdk-1,TMA00315,False,False,False,none
mgenapji-1,TMA00315,False,False,False,none
mgeohjhf-1,TMA00315,False,False,False,none
mgfdbmlb-1,TMA00315,False,False,False,none
mgfgkjdk-1,TMA00315,False,False,False,none
mgfmjlba-1,TMA00315,False,False,False,none
mgfmofdf-1,TMA00315,False,False,False,none
mgfnclnb-1,TMA00315,False,False,False,none
mgfoebih-1,TMA00315,False,False,False,none
mgfoibdg-1,TMA00315,False,False,False,none
mgfokfnp-1,TMA00315,False,False,False,none
mggcpkeh-1,TMA00315,False,False,False,none
mggiobof-1,TMA00315,False,False,False,none
mghamald-1,TMA00315,False,False,False,none
mghdilba-1,TMA00315,False,False,False,none
mghdnglm-1,TMA00315,False,False,False,none
mghfpkki-1,TMA00315,False,False,False,none
mghgckgd-1,TMA00315,False,False,False,none
mghglpkh-1,TMA00315,False,False,False,none
mghichcf-1,TMA00315,False,False,False,none
mghliini-1,TMA00315,False,False,False,none
mghmflml-1,TMA00315,False,False,False,none
mghoaked-1,TMA00315,False,False,False,none
mgiemalf-1,TMA00315,False,False,False,none
mgikfcbd-1,TMA00315,False,False,False,none
mgilbbid-1,TMA00315,False,False,False,none
mginghgg-1,TMA00315,False,False,False,none
mgjbpkgp-1,TMA00315,False,False,False,none
mgjeflgn-1,TMA00315,False,False,False,none
mgjejmbb-1,TMA00315,False,False,False,none
mgjflhdh-1,TMA00315,False,False,False,none
mgjgalme-1,TMA00315,False,False,False,none
mgjggcfn-1,TMA00315,False,False,False,none
mgjjjccn-1,TMA00315,False,False,False,none
mgjoepee-1,TMA00315,False,False,False,none
mgjpdbda-1,TMA00315,False,False,False,none
mgkbbmef-1,TMA00315,False,False,False,none
mgkjgmnl-1,TMA00315,False,False,False,none
mgkpeboa-1,TMA00315,False,False,False,none
mgkpjhjo-1,TMA00315,False,False,False,none
mglaeilo-1,TMA00315,False,False,False,none
mglcinck-1,TMA00315,False,False,False,none
mglddbmn-1,TMA00315,False,False,False,none
mglelgbi-1,TMA00315,False,False,False,none
mglffcio-1,TMA00315,False,False,False,none
mglgokgb-1,TMA00315,False,False,False,none
mglhkbjg-1,TMA00315,False,False,False,none
mgljfbfd-1,TMA00315,False,False,False,none
mglljacf-1,TMA00315,False,False,False,none
mglpijeo-1,TMA00315,False,False,False,none
mgmanfef-1,TMA00315,False,False,False,none
mgmcdncf-1,TMA00315,False,False,False,none
mgmdccap-1,TMA00315,False,False,False,none
mgmekomd-1,TMA00315,False,False,False,none
mgmibaak-1,TMA00315,False,False,False,none
mgmjjajp-1,TMA00315,False,False,False,none
mgmkhmkp-1,TMA00315,False,False,False,none
mgmmkibc-1,TMA00315,False,False,False,none
mgmndakc-1,TMA00315,False,False,False,none
mgnaiccn-1,TMA00315,False,False,False,none
mgnbppfh-1,TMA00315,False,False,False,none
mgnfhobp-1,TMA00315,False,False,False,none
mgnhpheg-1,TMA00315,False,False,False,none
mgohdolh-1,TMA00315,False,False,False,none
mgohlmai-1,TMA00315,False,False,False,none
mgoihmmf-1,TMA00315,False,False,False,none
mgonmaek-1,TMA00315,False,False,False,none
mgpblpdn-1,TMA00315,False,False,False,none
mgpclepg-1,TMA00315,False,False,False,none
mgphibmg-1,TMA00315,False,False,False,none
mhapcejc-1,TMA00315,False,False,False,none
mhapkgme-1,TMA00315,False,False,False,none
mhbenhki-1,TMA00315,False,False,False,none
mhbhhnil-1,TMA00315,False,False,False,none
mhblgbie-1,TMA00315,False,False,False,none
mhblnljo-1,TMA00315,False,False,False,none
mhblokid-1,TMA00315,False,False,False,none
mhcfboef-1,TMA00315,False,False,False,none
mhchlbob-1,TMA00315,False,False,False,none
mhcjmclg-1,TMA00315,False,False,False,none
mhcpinmj-1,TMA00315,False,False,False,none
mhddblle-1,TMA00315,False,False,False,none
mhdimjca-1,TMA00315,False,False,False,none
mhdjcgen-1,TMA00315,False,False,False,none
mhebfhem-1,TMA00315,False,False,False,none
mhecklno-1,TMA00315,False,False,False,none
mheglplb-1,TMA00315,False,False,False,none
mhehjlme-1,TMA00315,False,False,False,none
mheijadc-1,TMA00315,False,False,False,none
mhenffin-1,TMA00315,False,False,False,none
mhepbmen-1,TMA00315,False,False,False,none
mhfaandd-1,TMA00315,False,False,False,none
mhflefao-1,TMA00315,False,False,False,none
mhflhepc-1,TMA00315,False,False,False,none
mhfmlfab-1,TMA00315,False,False,False,none
mhfoiece-1,TMA00315,False,False,False,none
mhfojeob-1,TMA00315,False,False,False,none
mhgaicci-1,TMA00315,False,False,False,none
mhgbkolp-1,TMA00315,False,False,False,none
mhgbngdo-1,TMA00315,False,False,False,none
mhgmjcmf-1,TMA00315,False,False,False,none
mhgnlbma-1,TMA00315,False,False,False,none
mhgochfg-1,TMA00315,False,False,False,none
mhhahchm-1,TMA00315,False,False,False,none
mhhccldf-1,TMA00315,False,False,False,none
mhhecode-1,TMA00315,False,False,False,none
mhhfhdfp-1,TMA00315,False,False,False,none
mhibhfbo-1,TMA00315,False,False,False,none
mhidjfpk-1,TMA00315,False,False,False,none
mhihbjdl-1,TMA00315,False,False,False,none
mhihnabp-1,TMA00315,False,False,False,none
mhilkdfc-1,TMA00315,False,False,False,none
mhimbckc-1,TMA00315,False,False,False,none
mhinggfd-1,TMA00315,False,False,False,none
mhiohdmb-1,TMA00315,False,False,False,none
mhipbean-1,TMA00315,False,False,False,none
mhiplhea-1,TMA00315,False,False,False,none
mhjfhkhc-1,TMA00315,False,False,False,none
mhjieoaa-1,TMA00315,False,False,False,none
mhjiinjf-1,TMA00315,False,False,False,none
mhjjbhdd-1,TMA00315,False,False,False,none
mhjkaamo-1,TMA00315,False,False,False,none
mhjkfmhg-1,TMA00315,False,False,False,none
mhjmhlgb-1,TMA00315,False,False,False,none
mhjmlmlb-1,TMA00315,False,False,False,none
mhjnhkon-1,TMA00315,False,False,False,none
mhjpeaod-1,TMA00315,False,False,False,none
mhkalnbl-1,TMA00315,False,False,False,none
mhkggjbb-1,TMA00315,False,False,False,none
mhkjabbp-1,TMA00315,False,False,False,none
mhkleoli-1,TMA00315,False,False,False,none
mhklmfkf-1,TMA00315,False,False,False,none
mhkpdcij-1,TMA00315,False,False,False,none
mhleliba-1,TMA00315,False,False,False,none
mhlhpmnn-1,TMA00315,False,False,False,none
mhljbkai-1,TMA00315,False,False,False,none
mhljfbhh-1,TMA00315,False,False,False,none
mhlkiifo-1,TMA00315,False,False,False,none
mhmcafgb-1,TMA00315,False,False,False,none
mhmdoeki-1,TMA00315,False,False,False,none
mhmeokao-1,TMA00315,False,False,False,none
mhmepdjb-1,TMA00315,False,False,False,none
mhmfpagc-1,TMA00315,False,False,False,none
mhmkbgkj-1,TMA00315,False,False,False,none
mhmmadae-1,TMA00315,False,False,False,none
mhmofodk-1,TMA00315,False,False,False,none
mhmojleh-1,TMA00315,False,False,False,none
mhnandjd-1,TMA00315,False,False,False,none
mhncdeak-1,TMA00315,False,False,False,none
mhncmjln-1,TMA00315,False,False,False,none
mhobbgaf-1,TMA00315,False,False,False,none
mhoblfjf-1,TMA00315,False,False,False,none
mhojcklp-1,TMA00315,False,False,False,none
mhokbbln-1,TMA00315,False,False,False,none
mhpdenle-1,TMA00315,False,False,False,none
mhpecalb-1,TMA00315,False,False,False,none
mhpfbeba-1,TMA00315,False,False,False,none
mhplkgcl-1,TMA00315,False,False,False,none
mhpmljoe-1,TMA00315,False,False,False,none
mhpmpooa-1,TMA00315,False,False,False,none
mhpndkbg-1,TMA00315,False,False,False,none
mhpnfjce-1,TMA00315,False,False,False,none
mhpohohg-1,TMA00315,False,False,False,none
mhppabic-1,TMA00315,False,False,False,none
mhppfkjm-1,TMA00315,False,False,False,none
miaaihlf-1,TMA00315,False,False,False,none
miahjalb-1,TMA00315,False,False,False,none
miahnelc-1,TMA00315,False,False,False,none
miandknp-1,TMA00315,False,False,False,none
mianeamc-1,TMA00315,False,False,False,none
miaoimik-1,TMA00315,False,False,False,none
mibbmeok-1,TMA00315,False,False,False,none
mibfbmnn-1,TMA00315,False,False,False,none
mibmhlpa-1,TMA00315,False,False,False,none
micaehai-1,TMA00315,False,False,False,none
micdaalk-1,TMA00315,False,False,False,none
micfmpha-1,TMA00315,False,False,False,none
miciimma-1,TMA00315,False,False,False,none
micjolcd-1,TMA00315,False,False,False,none
mickobai-1,TMA00315,False,False,False,none
midbafid-1,TMA00315,False,False,False,none
midbekfa-1,TMA00315,False,False,False,none
midcjjpb-1,TMA00315,False,False,False,none
midihklm-1,TMA00315,False,False,False,none
mieiipli-1,TMA00315,False,False,False,none
mienmdod-1,TMA00315,False,False,False,none
mieppoij-1,TMA00315,False,False,False,none
mifgfdlg-1,TMA00315,False,False,False,none
mifgkpia-1,TMA00315,False,False,False,none
miflgpba-1,TMA00315,False,False,False,none
mifmjbnn-1,TMA00315,False,False,False,none
mifpbghf-1,TMA00315,False,False,False,none
mifpkhon-1,TMA00315,False,False,False,none
mifpmidp-1,TMA00315,False,False,False,none
migacdfi-1,TMA00315,False,False,False,none
migadgci-1,TMA00315,False,False,False,none
migcpghp-1,TMA00315,False,False,False,none
migdgjhh-1,TMA00315,False,False,False,none
miggpbog-1,TMA00315,False,False,False,none
mighopnk-1,TMA00315,False,False,False,none
migpgeko-1,TMA00315,False,False,False,none
mihapono-1,TMA00315,False,False,False,none
mihgmhll-1,TMA00315,False,False,False,none
mihokjnj-1,TMA00315,False,False,False,none
mihookcg-1,TMA00315,False,False,False,none
mihpklml-1,TMA00315,False,False,False,none
miicnjie-1,TMA00315,False,False,False,none
miidnefd-1,TMA00315,False,False,False,none
miiegbfb-1,TMA00315,False,False,False,none
miipepon-1,TMA00315,False,False,False,none
mijdpego-1,TMA00315,False,False,False,none
mijgbenc-1,TMA00315,False,False,False,none
mijhjidc-1,TMA00315,False,False,False,none
mijjdcpl-1,TMA00315,False,False,False,none
mijjdmdf-1,TMA00315,False,False,False,none
mijkkike-1,TMA00315,False,False,False,none
mijkmaec-1,TMA00315,False,False,False,none
mijnilaf-1,TMA00315,False,False,False,none
mijogfia-1,TMA00315,False,False,False,none
mijojfmm-1,TMA00315,False,False,False,none
mikakmcl-1,TMA00315,False,False,False,none
mikbdckp-1,TMA00315,False,False,False,none
mikbmckj-1,TMA00315,False,False,False,none
mikdfgck-1,TMA00315,False,False,False,none
mikdleni-1,TMA00315,False,False,False,none
mikinbka-1,TMA00315,False,False,False,none
miklbfck-1,TMA00315,False,False,False,none
miknnaoi-1,TMA00315,False,True,False,dTomato_Seq2_hi
milapdma-1,TMA00315,False,False,False,none
mildbghl-1,TMA00315,False,False,False,none
milelchb-1,TMA00315,False,False,False,none
milggfjh-1,TMA00315,False,False,False,none
millndko-1,TMA00315,False,False,False,none
milmdcpp-1,TMA00315,False,False,False,none
milolafe-1,TMA00315,False,False,False,none
mimdilkg-1,TMA00315,False,False,False,none
mimehmge-1,TMA00315,False,False,False,none
mimfapik-1,TMA00315,False,False,False,none
minbpbkb-1,TMA00315,True,False,False,EGFP_Seq1_hi
mincjnlc-1,TMA00315,False,False,False,none
minfaeom-1,TMA00315,False,False,False,none
minfnpba-1,TMA00315,False,False,False,none
minggmgh-1,TMA00315,False,False,False,none
minjnnao-1,TMA00315,False,False,False,none
minmmhal-1,TMA00315,False,False,False,none
minnajhd-1,TMA00315,False,False,False,none
miobhlbe-1,TMA00315,False,False,False,none
miobjhfl-1,TMA00315,False,False,False,none
miofoggl-1,TMA00315,False,False,False,none
miohklel-1,TMA00315,False,False,False,none
miojeial-1,TMA00315,False,False,False,none
miomfbfm-1,TMA00315,False,False,False,none
mipakaee-1,TMA00315,False,False,False,none
mipcnpnb-1,TMA00315,False,False,False,none
mipegbjj-1,TMA00315,False,False,False,none
mipekdid-1,TMA00315,False,False,False,none
miplplhn-1,TMA00315,False,False,False,none
mippjigb-1,TMA00315,False,False,False,none
mjabnnnn-1,TMA00315,False,False,False,none
mjadelnc-1,TMA00315,False,False,False,none
mjaehebj-1,TMA00315,False,False,False,none
mjagneph-1,TMA00315,False,False,False,none
mjaiackl-1,TMA00315,False,False,False,none
mjajafal-1,TMA00315,False,False,False,none
mjamebeh-1,TMA00315,False,False,False,none
mjanbhjj-1,TMA00315,False,False,False,none
mjaoaoll-1,TMA00315,False,False,False,none
mjapcjac-1,TMA00315,False,False,False,none
mjbcoghn-1,TMA00315,False,False,False,none
mjbiceli-1,TMA00315,False,False,False,none
mjblifio-1,TMA00315,False,False,False,none
mjbnjblb-1,TMA00315,False,False,False,none
mjboeeom-1,TMA00315,False,False,False,none
mjbpkdhp-1,TMA00315,False,False,False,none
mjccjegn-1,TMA00315,False,False,False,none
mjcenaij-1,TMA00315,False,False,False,none
mjcgngln-1,TMA00315,False,False,False,none
mjchddnf-1,TMA00315,False,False,False,none
mjclceic-1,TMA00315,False,False,False,none
mjcmnala-1,TMA00315,False,False,False,none
mjcngjkp-1,TMA00315,False,False,False,none
mjcnomfi-1,TMA00315,False,False,False,none
mjdaekfb-1,TMA00315,False,False,False,none
mjdbgknb-1,TMA00315,False,False,False,none
mjddjeia-1,TMA00315,False,False,False,none
mjdgiing-1,TMA00315,False,False,False,none
mjdoanem-1,TMA00315,False,False,False,none
mjebcfia-1,TMA00315,False,False,False,none
mjebkidi-1,TMA00315,False,False,False,none
mjehekdi-1,TMA00315,False,False,False,none
mjehmldl-1,TMA00315,False,False,False,none
mjembgdc-1,TMA00315,False,False,False,none
mjenibdp-1,TMA00315,False,False,False,none
mjfbhhjj-1,TMA00315,False,False,False,none
mjfgfaib-1,TMA00315,False,False,False,none
mjfgmdhj-1,TMA00315,False,False,False,none
mjfidpng-1,TMA00315,False,False,False,none
mjfimifi-1,TMA00315,False,False,False,none
mjfkhnpa-1,TMA00315,False,False,False,none
mjfpgjfc-1,TMA00315,False,False,False,none
mjfpllcl-1,TMA00315,False,False,False,none
mjgemnkk-1,TMA00315,False,False,False,none
mjgfchgn-1,TMA00315,False,False,False,none
mjghcaam-1,TMA00315,False,False,False,none
mjgilepf-1,TMA00315,False,False,False,none
mjgjdbbj-1,TMA00315,False,False,False,none
mjgjnpmb-1,TMA00315,False,False,False,none
mjhdmmbi-1,TMA00315,False,False,False,none
mjhhacka-1,TMA00315,False,False,False,none
mjhmimdg-1,TMA00315,False,False,False,none
mjhnocmi-1,TMA00315,False,False,False,none
mjhpljec-1,TMA00315,False,False,False,none
mjiadhpk-1,TMA00315,False,False,False,none
mjidipgm-1,TMA00315,False,False,False,none
mjielkke-1,TMA00315,False,False,False,none
mjijlegl-1,TMA00315,False,False,False,none
mjikjmmd-1,TMA00315,False,False,False,none
mjilfpog-1,TMA00315,False,False,False,none
mjimabpd-1,TMA00315,False,False,False,none
mjipkcic-1,TMA00315,False,False,False,none
mjjcdomm-1,TMA00315,False,False,False,none
mjjdgjdl-1,TMA00315,False,False,False,none
mjjefjbp-1,TMA00315,False,False,False,none
mjjgjmdo-1,TMA00315,False,False,False,none
mjjilbjn-1,TMA00315,False,False,False,none
mjjkfimk-1,TMA00315,False,False,False,none
mjjmbmhj-1,TMA00315,False,False,False,none
mjjpjpoc-1,TMA00315,False,False,False,none
mjjpogko-1,TMA00315,False,False,False,none
mjkbnfcn-1,TMA00315,False,False,False,none
mjkceode-1,TMA00315,False,False,False,none
mjkdniph-1,TMA00315,False,False,False,none
mjkgldaf-1,TMA00315,False,False,False,none
mjkkamle-1,TMA00315,False,False,False,none
mjkldgli-1,TMA00315,False,False,False,none
mjlbpcck-1,TMA00315,False,False,False,none
mjlgmmpp-1,TMA00315,False,False,False,none
mjlgpaai-1,TMA00315,False,False,False,none
mjljbakh-1,TMA00315,False,False,False,none
mjlmdgoh-1,TMA00315,False,False,False,none
mjlomdaf-1,TMA00315,False,False,False,none
mjlopgil-1,TMA00315,False,False,False,none
mjmeialj-1,TMA00315,False,False,False,none
mjmfaoln-1,TMA00315,False,False,False,none
mjmllcaj-1,TMA00315,False,False,False,none
mjmmjifc-1,TMA00315,False,False,False,none
mjnalmhf-1,TMA00315,False,False,False,none
mjnbddng-1,TMA00315,False,False,False,none
mjngdbmf-1,TMA00315,False,False,False,none
mjnhmkei-1,TMA00315,False,False,False,none
mjnimfga-1,TMA00315,False,False,False,none
mjnimljd-1,TMA00315,False,False,False,none
mjnjnglg-1,TMA00315,False,False,False,none
mjnnajpi-1,TMA00315,False,False,False,none
mjnnjebj-1,TMA00315,False,False,False,none
mjoaccnl-1,TMA00315,False,False,False,none
mjofggek-1,TMA00315,False,False,False,none
mjohajob-1,TMA00315,False,False,False,none
mjohefnn-1,TMA00315,False,False,False,none
mjojkobm-1,TMA00315,False,False,False,none
mjolgelc-1,TMA00315,False,False,False,none
mjookhha-1,TMA00315,False,False,False,none
mjoolkia-1,TMA00315,False,False,False,none
mjopdfke-1,TMA00315,False,False,False,none
mjphjjkb-1,TMA00315,False,False,False,none
mkacnoke-1,TMA00315,False,False,False,none
mkanlkko-1,TMA00315,False,False,False,none
mkapgajm-1,TMA00315,False,False,False,none
mkbbgoko-1,TMA00315,False,False,False,none
mkbblfad-1,TMA00315,False,False,False,none
mkbeeefd-1,TMA00315,False,False,False,none
mkbhbhmm-1,TMA00315,False,False,False,none
mkbmeocj-1,TMA00315,False,False,False,none
mkcbiici-1,TMA00315,False,False,False,none
mkcbpdnm-1,TMA00315,False,False,False,none
mkdihgem-1,TMA00315,False,False,False,none
mkdihmeg-1,TMA00315,False,False,False,none
mkdjodlb-1,TMA00315,False,False,False,none
mkdlanlj-1,TMA00315,False,False,False,none
mkdlifcb-1,TMA00315,False,False,False,none
mkdopccj-1,TMA00315,False,False,False,none
mkecidee-1,TMA00315,False,False,False,none
mkeeolei-1,TMA00315,False,False,False,none
mkefbfje-1,TMA00315,False,False,False,none
mkekemad-1,TMA00315,False,False,False,none
mkendfkn-1,TMA00315,False,False,False,none
mkendneo-1,TMA00315,False,False,False,none
mkenonea-1,TMA00315,False,False,False,none
mkepjnla-1,TMA00315,False,False,False,none
mkfeahmj-1,TMA00315,False,False,False,none
mkfhdjjg-1,TMA00315,False,False,False,none
mkfjlboa-1,TMA00315,False,False,False,none
mkflohfd-1,TMA00315,False,False,False,none
mkfninmm-1,TMA00315,False,False,False,none
mkgcdpbd-1,TMA00315,False,False,False,none
mkgdcjde-1,TMA00315,False,False,False,none
mkgdcpjb-1,TMA00315,False,False,False,none
mkgmieon-1,TMA00315,False,False,False,none
mkgncpgb-1,TMA00315,False,False,False,none
mkhahaia-1,TMA00315,False,False,False,none
mkhblgkh-1,TMA00315,False,False,False,none
mkhfalhn-1,TMA00315,False,False,False,none
mkhkpndf-1,TMA00315,False,False,False,none
mkhnogpi-1,TMA00315,False,False,False,none
mkhodbdg-1,TMA00315,False,False,False,none
mkhollne-1,TMA00315,False,False,False,none
mkiadkio-1,TMA00315,False,False,False,none
mkiggkab-1,TMA00315,False,False,False,none
mkigmfem-1,TMA00315,False,False,False,none
mkijomhi-1,TMA00315,False,False,False,none
mkimjpep-1,TMA00315,False,False,False,none
mkinpcom-1,TMA00315,False,False,False,none
mkionbjg-1,TMA00315,False,False,False,none
mkjadcca-1,TMA00315,False,False,False,none
mkjclhoo-1,TMA00315,False,False,False,none
mkjebegb-1,TMA00315,False,False,False,none
mkjeffpj-1,TMA00315,False,False,False,none
mkjgpadf-1,TMA00315,False,False,False,none
mkjmmbba-1,TMA00315,False,False,False,none
mkjogdac-1,TMA00315,False,False,False,none
mkjpapej-1,TMA00315,False,False,False,none
mkkfinhp-1,TMA00315,False,False,False,none
mkkgaloh-1,TMA00315,False,False,False,none
mkkhbeko-1,TMA00315,False,False,False,none
mkkijeep-1,TMA00315,False,False,False,none
mkkiljmg-1,TMA00315,False,False,False,none
mkkkledl-1,TMA00315,False,False,False,none
mkklomji-1,TMA00315,False,False,False,none
mkkmkdoj-1,TMA00315,False,False,False,none
mkkoipik-1,TMA00315,False,False,False,none
mklkedcd-1,TMA00315,False,False,False,none
mklkpecn-1,TMA00315,False,False,False,none
mklmoeac-1,TMA00315,False,False,False,none
mklodfkm-1,TMA00315,False,False,False,none
mklpadih-1,TMA00315,False,False,False,none
mkmapdge-1,TMA00315,False,False,False,none
mkmbhjjo-1,TMA00315,False,False,False,none
mkmbjnnj-1,TMA00315,False,False,False,none
mkmemhcl-1,TMA00315,False,False,False,none
mkmiemmm-1,TMA00315,False,False,False,none
mkmjgpcg-1,TMA00315,False,False,False,none
mkmoafmc-1,TMA00315,False,False,False,none
mkmofckc-1,TMA00315,False,False,False,none
mknadocl-1,TMA00315,False,False,False,none
mknaffic-1,TMA00315,False,False,False,none
mkndnjjh-1,TMA00315,False,False,False,none
mknflhfh-1,TMA00315,False,False,False,none
mknfnoch-1,TMA00315,False,False,False,none
mkniopdm-1,TMA00315,False,False,False,none
mknjaimo-1,TMA00315,False,False,False,none
mknjmfig-1,TMA00315,False,False,False,none
mkogdipk-1,TMA00315,False,False,False,none
mkoildag-1,TMA00315,False,False,False,none
mkomkcff-1,TMA00315,False,False,False,none
mkomklfn-1,TMA00315,False,False,False,none
mkoofamo-1,TMA00315,False,False,False,none
mkpalanm-1,TMA00315,False,False,False,none
mkpdpomg-1,TMA00315,False,False,False,none
mlafmcbl-1,TMA00315,False,False,False,none
mlaigjao-1,TMA00315,False,False,False,none
mlaojgmi-1,TMA00315,False,False,False,none
mlapeiic-1,TMA00315,False,False,False,none
mlapgkba-1,TMA00315,False,False,False,none
mlbanoeo-1,TMA00315,False,False,False,none
mlccphol-1,TMA00315,False,False,False,none
mldbflia-1,TMA00315,False,False,False,none
mleohpad-1,TMA00315,False,False,False,none
mlgapofm-1,TMA00315,False,False,False,none
mlgclddd-1,TMA00315,False,False,False,none
mlhacnnn-1,TMA00315,False,False,False,none
mlhamojc-1,TMA00315,False,False,False,none
mlhdfjpg-1,TMA00315,False,False,False,none
mlhgadkk-1,TMA00315,False,False,False,none
mlhiaahi-1,TMA00315,False,False,False,none
mlhjobej-1,TMA00315,False,False,False,none
mlhpbcpc-1,TMA00315,False,False,False,none
mliclomp-1,TMA00315,False,False,False,none
mlidgfhb-1,TMA00315,False,False,False,none
mljacfai-1,TMA00315,False,False,False,none
mljakkkc-1,TMA00315,False,False,False,none
mljfejcg-1,TMA00315,False,False,False,none
mljgglmj-1,TMA00315,False,False,False,none
mljpbcom-1,TMA00315,False,False,False,none
mlkaifdl-1,TMA00315,False,False,False,none
mlklbiel-1,TMA00315,False,False,False,none
mlkoadod-1,TMA00315,False,False,False,none
mlkpomej-1,TMA00315,False,False,False,none
mlldhioo-1,TMA00315,False,False,False,none
mllmmjod-1,TMA00315,False,False,False,none
mllpmabg-1,TMA00315,False,False,False,none
mlmjfmgi-1,TMA00315,False,False,False,none
mlmjjblh-1,TMA00315,False,False,False,none
mlmpooeb-1,TMA00315,False,False,False,none
mlnbpnkk-1,TMA00315,False,False,False,none
mlnfilha-1,TMA00315,False,False,False,none
mlnflhoj-1,TMA00315,False,False,False,none
mlnglkib-1,TMA00315,False,False,False,none
mlnhgppg-1,TMA00315,False,False,False,none
mlnhpjfm-1,TMA00315,False,False,False,none
mloccino-1,TMA00315,False,False,False,none
mlogkjch-1,TMA00315,False,False,False,none
mlopanbo-1,TMA00315,False,False,False,none
mlpebfmn-1,TMA00315,False,False,False,none
mlpebfng-1,TMA00315,False,False,False,none
mlpeefpj-1,TMA00315,False,False,False,none
mlpeobje-1,TMA00315,False,False,False,none
mlpgeemi-1,TMA00315,False,False,False,none
mlpiaabi-1,TMA00315,False,False,False,none
mlpidbkh-1,TMA00315,False,False,False,none
mmandden-1,TMA00315,False,False,False,none
mmboebie-1,TMA00315,False,False,False,none
mmcemjpi-1,TMA00315,False,False,False,none
mmcilpih-1,TMA00315,False,False,False,none
mmcimbop-1,TMA00315,False,False,False,none
mmdlabci-1,TMA00315,False,False,False,none
mmdmagja-1,TMA00315,False,False,False,none
mmdmbpij-1,TMA00315,False,False,False,none
mmdmdhom-1,TMA00315,False,False,False,none
mmdnbjmo-1,TMA00315,False,False,False,none
mmdnhhlk-1,TMA00315,False,False,False,none
mmebjcfd-1,TMA00315,False,False,False,none
mmeedkik-1,TMA00315,False,False,False,none
mmeidiee-1,TMA00315,False,False,False,none
mmeimkop-1,TMA00315,False,False,False,none
mmejajhp-1,TMA00315,False,False,False,none
mmelfjfg-1,TMA00315,False,False,False,none
mmfaakna-1,TMA00315,False,False,False,none
mmfbhmdi-1,TMA00315,False,False,False,none
mmfedfde-1,TMA00315,False,False,False,none
mmfjdemo-1,TMA00315,False,False,False,none
mmflgcdf-1,TMA00315,False,False,False,none
mmfpocaa-1,TMA00315,False,False,False,none
mmgahpke-1,TMA00315,False,False,False,none
mmgcdoek-1,TMA00315,False,False,False,none
mmghdcfo-1,TMA00315,False,False,False,none
mmghkkkn-1,TMA00315,False,False,False,none
mmgkfcnl-1,TMA00315,False,False,False,none
mmglgnji-1,TMA00315,False,False,False,none
mmgnmldd-1,TMA00315,False,False,False,none
mmgobepl-1,TMA00315,False,False,False,none
mmhaiedn-1,TMA00315,False,False,False,none
mmhainfj-1,TMA00315,False,False,False,none
mmhdndpd-1,TMA00315,False,False,False,none
mmhhmfmo-1,TMA00315,False,False,False,none
mmhibldj-1,TMA00315,False,False,False,none
mmhjedne-1,TMA00315,False,False,False,none
mmhmgdlj-1,TMA00315,False,False,False,none
mmibjidg-1,TMA00315,False,False,False,none
mmidpckf-1,TMA00315,False,False,False,none
mmimojon-1,TMA00315,False,False,False,none
mmjbffbl-1,TMA00315,False,False,False,none
mmjbmpkf-1,TMA00315,False,False,False,none
mmjdefcc-1,TMA00315,False,False,False,none
mmjkfcho-1,TMA00315,False,False,False,none
mmkcodfl-1,TMA00315,False,False,False,none
mmkdpnek-1,TMA00315,False,False,False,none
mmkfagpm-1,TMA00315,False,False,False,none
mmldaikp-1,TMA00315,False,False,False,none
mmldofcd-1,TMA00315,False,False,False,none
mmlppchp-1,TMA00315,False,False,False,none
mmmcolie-1,TMA00315,False,False,False,none
mmmeibic-1,TMA00315,False,False,False,none
mmmfcini-1,TMA00315,False,False,False,none
mmmhnhim-1,TMA00315,False,False,False,none
mmmicjgi-1,TMA00315,False,False,False,none
mmmjolli-1,TMA00315,False,False,False,none
mmmlfnhm-1,TMA00315,False,False,False,none
mmmmblpo-1,TMA00315,False,False,False,none
mmmnpglo-1,TMA00315,False,False,False,none
mmmoekbf-1,TMA00315,False,False,False,none
mmmoggll-1,TMA00315,False,False,False,none
mmmpejed-1,TMA00315,False,False,False,none
mmnghbok-1,TMA00315,False,False,False,none
mmnljlbp-1,TMA00315,False,False,False,none
mmnnbmmm-1,TMA00315,False,False,False,none
mmnniamh-1,TMA00315,False,False,False,none
mmnnjipm-1,TMA00315,False,False,False,none
mmnofcen-1,TMA00315,False,False,False,none
mmoajpia-1,TMA00315,False,False,False,none
mmohiank-1,TMA00315,False,False,False,none
mmonngjf-1,TMA00315,False,False,False,none
mmonobld-1,TMA00315,False,False,False,none
mmpdfdfe-1,TMA00315,False,False,False,none
mmpejlkd-1,TMA00315,False,False,False,none
mmpfpolf-1,TMA00315,False,False,False,none
mmpjjlio-1,TMA00315,False,False,False,none
mmpmdekm-1,TMA00315,False,False,False,none
mmpnkbca-1,TMA00315,False,False,False,none
mmpoejbe-1,TMA00315,False,False,False,none
mnabgbkn-1,TMA00315,False,False,False,none
mnagiima-1,TMA00315,False,False,False,none
mnakbaeo-1,TMA00315,False,False,False,none
mnanfpfm-1,TMA00315,False,False,False,none
mnbbioem-1,TMA00315,False,False,False,none
mnbdefjl-1,TMA00315,False,False,False,none
mnbkajfn-1,TMA00315,False,False,False,none
mnblfmhc-1,TMA00315,False,False,False,none
mnbnpdid-1,TMA00315,False,False,False,none
mnbocbhi-1,TMA00315,False,False,False,none
mnboildf-1,TMA00315,False,False,False,none
mnbpngga-1,TMA00315,False,False,False,none
mncbidmk-1,TMA00315,False,False,False,none
mncbkfgn-1,TMA00315,False,False,False,none
mncccpno-1,TMA00315,False,False,False,none
mncdiiip-1,TMA00315,False,False,False,none
mnddgpcd-1,TMA00315,False,False,False,none
mngcjdpk-1,TMA00315,False,False,False,none
mnheddmb-1,TMA00315,False,False,False,none
mnhfkoje-1,TMA00315,False,False,False,none
mnhiegjg-1,TMA00315,False,False,False,none
mnhkfglc-1,TMA00315,False,False,False,none
mnhmojdi-1,TMA00315,False,False,False,none
mniakojp-1,TMA00315,False,False,False,none
mnikkpgm-1,TMA00315,False,False,False,none
mnipnlan-1,TMA00315,False,False,False,none
mnljndfg-1,TMA00315,False,False,False,none
mnlkobac-1,TMA00315,False,False,False,none
mnmhchdo-1,TMA00315,False,False,False,none
mnmhlgkb-1,TMA00315,False,False,False,none
mnmigopp-1,TMA00315,False,False,False,none
mnmlgajm-1,TMA00315,False,False,False,none
mnmmpckn-1,TMA00315,False,False,False,none
mnmnlacd-1,TMA00315,False,False,False,none
mnmpkpoe-1,TMA00315,False,False,False,none
mnobmfhl-1,TMA00315,False,False,False,none
mnofkhie-1,TMA00315,False,False,False,none
mnohfcpl-1,TMA00315,False,False,False,none
mnombpnd-1,TMA00315,False,False,False,none
mnpemjkc-1,TMA00315,False,False,False,none
mnpgeejh-1,TMA00315,False,False,False,none
mnpghbkk-1,TMA00315,False,False,False,none
mnpjldkf-1,TMA00315,False,False,False,none
mnpjmema-1,TMA00315,False,False,False,none
moafiijl-1,TMA00315,False,False,False,none
moalheeb-1,TMA00315,False,False,False,none
moamacpp-1,TMA00315,False,False,False,none
moambmpn-1,TMA00315,False,False,False,none
moamflea-1,TMA00315,False,False,False,none
mobjpobj-1,TMA00315,False,False,False,none
moblfpgk-1,TMA00315,False,False,False,none
moccfcdb-1,TMA00315,False,False,False,none
mocegclf-1,TMA00315,False,False,False,none
mochafpm-1,TMA00315,False,False,False,none
mocjdaph-1,TMA00315,False,False,False,none
mocjiejg-1,TMA00315,False,False,False,none
mockmlmi-1,TMA00315,False,False,False,none
mocplngk-1,TMA00315,False,False,False,none
modhcjji-1,TMA00315,False,False,False,none
modinfpc-1,TMA00315,False,False,False,none
modjaado-1,TMA00315,False,False,False,none
moeclolf-1,TMA00315,False,False,False,none
moefldng-1,TMA00315,False,False,False,none
moehmooh-1,TMA00315,False,False,False,none
mofdeebb-1,TMA00315,False,False,False,none
moficcen-1,TMA00315,False,False,False,none
mofjnnam-1,TMA00315,False,False,False,none
mofkliga-1,TMA00315,False,False,False,none
mogckjdd-1,TMA00315,False,False,False,none
mogdaiec-1,TMA00315,False,False,False,none
mogebkel-1,TMA00315,False,False,False,none
mogfchhl-1,TMA00315,False,False,False,none
moggpdfb-1,TMA00315,False,False,False,none
moghmkge-1,TMA00315,False,False,False,none
mogjhjle-1,TMA00315,False,False,False,none
mogjjgjd-1,TMA00315,False,False,False,none
mogmhioj-1,TMA00315,False,False,False,none
mogplfel-1,TMA00315,False,False,False,none
mohapanp-1,TMA00315,False,False,False,none
mohefjob-1,TMA00315,False,False,False,none
mohjjooi-1,TMA00315,False,False,False,none
moiafkgb-1,TMA00315,False,False,False,none
moihiakl-1,TMA00315,False,False,False,none
moikamon-1,TMA00315,False,False,False,none
mojaggnm-1,TMA00315,False,False,False,none
mojipond-1,TMA00315,False,False,False,none
mojjhdhd-1,TMA00315,False,False,False,none
mokdakif-1,TMA00315,False,False,False,none
mokdonjk-1,TMA00315,False,False,False,none
mokjbnme-1,TMA00315,False,False,False,none
mokjpcgc-1,TMA00315,False,False,False,none
moknmfnj-1,TMA00315,False,False,False,none
mokocifd-1,TMA00315,False,False,False,none
mokpfolh-1,TMA00315,False,False,False,none
molckpoj-1,TMA00315,False,False,False,none
moldaieb-1,TMA00315,False,False,False,none
molknlcg-1,TMA00315,False,False,False,none
mollommh-1,TMA00315,False,False,False,none
molndcoo-1,TMA00315,False,False,False,none
mombhkdg-1,TMA00315,False,False,False,none
momebnkb-1,TMA00315,False,False,False,none
momggbgo-1,TMA00315,False,False,False,none
momhfhjd-1,TMA00315,False,False,False,none
momhnbin-1,TMA00315,False,False,False,none
momjlkjh-1,TMA00315,False,False,False,none
momledki-1,TMA00315,False,False,False,none
moncehni-1,TMA00315,False,False,False,none
mongoake-1,TMA00315,False,False,False,none
monkdmbm-1,TMA00315,False,False,False,none
monojcfg-1,TMA00315,False,False,False,none
monpikoi-1,TMA00315,False,False,False,none
monpjneh-1,TMA00315,False,False,False,none
mooacmhc-1,TMA00315,False,False,False,none
mooagklj-1,TMA00315,False,False,False,none
moobgadl-1,TMA00315,False,False,False,none
mooenmil-1,TMA00315,False,False,False,none
moohccgg-1,TMA00315,False,False,False,none
moohocjj-1,TMA00315,False,False,False,none
mopbblbg-1,TMA00315,False,False,False,none
mopfegno-1,TMA00315,False,False,False,none
mophfcnd-1,TMA00315,False,False,False,none
moppmokd-1,TMA00315,False,False,False,none
mpaanhkb-1,TMA00315,False,False,False,none
mpaebill-1,TMA00315,False,False,False,none
mpaeignh-1,TMA00315,False,False,False,none
mpaelbil-1,TMA00315,False,False,False,none
mpafoglj-1,TMA00315,False,False,False,none
mpahialc-1,TMA00315,False,False,False,none
mpannhej-1,TMA00315,False,False,False,none
mpaofihc-1,TMA00315,False,False,False,none
mpbdmbkl-1,TMA00315,False,False,False,none
mpbelmbi-1,TMA00315,False,False,False,none
mpbkekbo-1,TMA00315,False,False,False,none
mpbmafph-1,TMA00315,False,False,False,none
mpbpdaoc-1,TMA00315,False,False,False,none
mpbpffek-1,TMA00315,False,False,False,none
mpcacgho-1,TMA00315,False,False,False,none
mpcbmbcd-1,TMA00315,False,False,False,none
mpccjchl-1,TMA00315,False,False,False,none
mpcekcdb-1,TMA00315,False,False,False,none
mpcgmmbb-1,TMA00315,False,False,False,none
mpciplfh-1,TMA00315,False,False,False,none
mpckonlb-1,TMA00315,False,False,False,none
mpcohafg-1,TMA00315,False,False,False,none
mpdckkjb-1,TMA00315,False,False,False,none
mpddffdd-1,TMA00315,False,False,False,none
mpdhnjnb-1,TMA00315,False,False,False,none
mpdiepij-1,TMA00315,False,False,False,none
mpdkgana-1,TMA00315,False,False,False,none
mpdmjlgo-1,TMA00315,False,False,False,none
mpedbbnk-1,TMA00315,False,False,False,none
mpedgkek-1,TMA00315,False,False,False,none
mpehlfbp-1,TMA00315,False,False,False,none
mpeminme-1,TMA00315,False,False,False,none
mpemnmjf-1,TMA00315,False,False,False,none
mpeoepnc-1,TMA00315,False,False,False,none
mpfacgbb-1,TMA00315,False,False,False,none
mpfcaled-1,TMA00315,False,False,False,none
mpfckkhl-1,TMA00315,False,False,False,none
mpfgnedp-1,TMA00315,False,False,False,none
mpfjipmn-1,TMA00315,False,False,False,none
mpflnjgj-1,TMA00315,False,False,False,none
mpfmehml-1,TMA00315,False,False,False,none
mpfocjkg-1,TMA00315,False,False,False,none
mpfphpko-1,TMA00315,False,False,False,none
mpgacjld-1,TMA00315,False,False,False,none
mpgdimlp-1,TMA00315,False,False,False,none
mpgfdbme-1,TMA00315,False,False,False,none
mpgjneji-1,TMA00315,False,False,False,none
mpgpongj-1,TMA00315,False,False,False,none
mphabjhn-1,TMA00315,False,False,False,none
mphakaab-1,TMA00315,False,False,False,none
mphemabf-1,TMA00315,False,False,False,none
mphkpppo-1,TMA00315,False,False,False,none
mphndcha-1,TMA00315,False,False,False,none
mphodimg-1,TMA00315,False,False,False,none
mphplloj-1,TMA00315,False,False,False,none
mpipiofl-1,TMA00315,False,False,False,none
mpipnmpo-1,TMA00315,False,False,False,none
mpjbfaim-1,TMA00315,False,False,False,none
mpjldnei-1,TMA00315,False,False,False,none
mpjpnjal-1,TMA00315,False,False,False,none
mpkbkbpg-1,TMA00315,False,False,False,none
mpmkkhpn-1,TMA00315,False,False,False,none
mpmnjklf-1,TMA00315,False,False,False,none
mpmnmacm-1,TMA00315,False,False,False,none
mpmnmbkm-1,TMA00315,False,False,False,none
mpncmmbc-1,TMA00315,False,False,False,none
mpndpmcg-1,TMA00315,False,False,False,none
mpnflddj-1,TMA00315,False,False,False,none
mpnkdckm-1,TMA00315,False,False,False,none
mpnldfdf-1,TMA00315,False,False,False,none
mpnmgcdj-1,TMA00315,False,False,False,none
mpnnbjfj-1,TMA00315,False,False,False,none
mpnpefcn-1,TMA00315,False,False,False,none
mpobimac-1,TMA00315,False,False,False,none
mpoglkjk-1,TMA00315,False,False,False,none
mpolnjab-1,TMA00315,False,False,False,none
mpooojbm-1,TMA00315,False,False,False,none
mppjpemj-1,TMA00315,False,False,False,none
mppnnccn-1,TMA00315,False,False,False,none
naaajhbp-1,TMA00315,False,False,False,none
naafodmf-1,TMA00315,False,False,False,none
naanonmk-1,TMA00315,False,False,False,none
nadegjal-1,TMA00315,False,False,False,none
nadgdboa-1,TMA00315,False,False,False,none
nadhjbfj-1,TMA00315,False,False,False,none
nadnafli-1,TMA00315,False,False,False,none
naeacmag-1,TMA00315,False,False,False,none
naedclbe-1,TMA00315,False,False,False,none
naejmakk-1,TMA00315,False,False,False,none
naepnfji-1,TMA00315,False,False,False,none
naffhnhe-1,TMA00315,False,False,False,none
nafhmbbo-1,TMA00315,False,False,False,none
nafknjdp-1,TMA00315,False,False,False,none
nagbigom-1,TMA00315,False,False,False,none
nagklfaj-1,TMA00315,False,False,False,none
nagpofoj-1,TMA00315,False,False,False,none
nahappdg-1,TMA00315,False,False,False,none
nahcfolc-1,TMA00315,False,False,False,none
nahfjbbd-1,TMA00315,False,False,False,none
nahjoiko-1,TMA00315,False,False,False,none
nahlnbpj-1,TMA00315,False,False,False,none
nahmbpho-1,TMA00315,False,False,False,none
nahmikik-1,TMA00315,False,False,False,none
naiafipm-1,TMA00315,False,False,False,none
naijcljc-1,TMA00315,False,False,False,none
naimngka-1,TMA00315,False,False,False,none
naineejk-1,TMA00315,False,False,False,none
naipplhc-1,TMA00315,False,False,False,none
najecgon-1,TMA00315,False,False,False,none
najhkfid-1,TMA00315,False,False,False,none
najkcbhf-1,TMA00315,False,False,False,none
najlhlin-1,TMA00315,False,False,False,none
najloiob-1,TMA00315,False,False,False,none
najlpefb-1,TMA00315,False,False,False,none
najnpdjb-1,TMA00315,False,False,False,none
najpjgbj-1,TMA00315,False,False,False,none
najpomek-1,TMA00315,False,False,False,none
nakgobfc-1,TMA00315,False,False,False,none
nalaaaga-1,TMA00315,False,False,False,none
nalbifkj-1,TMA00315,False,False,False,none
nalbkakk-1,TMA00315,False,False,False,none
nalhgdhb-1,TMA00315,False,False,False,none
nalhnnag-1,TMA00315,False,False,False,none
naljcckh-1,TMA00315,False,False,False,none
nalkeflk-1,TMA00315,False,False,False,none
nalmabdc-1,TMA00315,False,False,False,none
nalpaacb-1,TMA00315,False,False,False,none
namedaik-1,TMA00315,False,False,False,none
nameifdp-1,TMA00315,False,False,False,none
namhklmn-1,TMA00315,False,False,False,none
namikjgp-1,TMA00315,False,False,False,none
namjldng-1,TMA00315,False,False,False,none
namkekhd-1,TMA00315,False,False,False,none
namkeojm-1,TMA00315,False,False,False,none
namlfffb-1,TMA00315,False,False,False,none
namodfmb-1,TMA00315,False,False,False,none
naobilfb-1,TMA00315,False,False,False,none
naodajlm-1,TMA00315,False,False,False,none
naoenllh-1,TMA00315,False,False,False,none
naoepeck-1,TMA00315,False,False,False,none
naofiolp-1,TMA00315,False,False,False,none
naogakgj-1,TMA00315,False,False,False,none
naojladb-1,TMA00315,False,False,False,none
napbclei-1,TMA00315,False,False,False,none
napbeekc-1,TMA00315,False,False,False,none
napeleng-1,TMA00315,False,False,False,none
napfenag-1,TMA00315,False,False,False,none
nbaeicem-1,TMA00315,False,False,False,none
nbagldnj-1,TMA00315,False,False,False,none
nbahcfge-1,TMA00315,False,False,False,none
nbaicmdi-1,TMA00315,False,False,False,none
nbbbdpcc-1,TMA00315,False,False,False,none
nbbdpaoh-1,TMA00315,False,False,False,none
nbbegfed-1,TMA00315,False,False,False,none
nbbgkhea-1,TMA00315,False,False,False,none
nbbkgici-1,TMA00315,False,False,False,none
nbbkkcbd-1,TMA00315,False,False,False,none
nbcbllhb-1,TMA00315,False,False,False,none
nbcdigmo-1,TMA00315,False,False,False,none
nbcfaffh-1,TMA00315,False,False,False,none
nbcfgmah-1,TMA00315,False,False,False,none
nbcfmjah-1,TMA00315,False,False,False,none
nbchfgca-1,TMA00315,False,False,False,none
nbckbhmf-1,TMA00315,False,False,False,none
nbcpobca-1,TMA00315,False,False,False,none
nbdbheje-1,TMA00315,False,False,False,none
nbdeaffo-1,TMA00315,False,False,False,none
nbdeclim-1,TMA00315,False,False,False,none
nbdfngmh-1,TMA00315,False,False,False,none
nbdigmkm-1,TMA00315,False,False,False,none
nbdjlfpl-1,TMA00315,False,False,False,none
nbdmlmma-1,TMA00315,False,False,False,none
nbdnehbj-1,TMA00315,False,False,False,none
nbdnjhhi-1,TMA00315,False,False,False,none
nbdokjej-1,TMA00315,False,False,False,none
nbeaemlh-1,TMA00315,False,False,False,none
nbehalam-1,TMA00315,False,False,False,none
nbeladig-1,TMA00315,False,False,False,none
nbempioh-1,TMA00315,False,False,False,none
nbeoclcn-1,TMA00315,False,False,False,none
nbfcmkac-1,TMA00315,False,False,False,none
nbfelgga-1,TMA00315,False,False,False,none
nbfgigna-1,TMA00315,False,False,False,none
nbfkkmcp-1,TMA00315,False,False,False,none
nbgapimb-1,TMA00315,False,False,False,none
nbgbkdle-1,TMA00315,False,False,False,none
nbgjibjo-1,TMA00315,False,False,False,none
nbgkncbf-1,TMA00315,False,False,False,none
nbgkpcea-1,TMA00315,False,False,False,none
nbhefbbj-1,TMA00315,False,False,False,none
nbhhopab-1,TMA00315,False,False,False,none
nbhinclf-1,TMA00315,False,False,False,none
nbhjfkje-1,TMA00315,False,False,False,none
nbhkbfeo-1,TMA00315,False,False,False,none
nbhklolb-1,TMA00315,False,False,False,none
nbjkaonk-1,TMA00315,False,False,False,none
nbkkodlc-1,TMA00315,False,False,False,none
nbkndong-1,TMA00315,False,False,False,none
nbkoafgb-1,TMA00315,False,False,False,none
nbkoefbm-1,TMA00315,False,False,False,none
nbkpejmo-1,TMA00315,False,False,False,none
nbkpjacj-1,TMA00315,False,False,False,none
nblaaijf-1,TMA00315,False,False,False,none
nblmkkcj-1,TMA00315,False,False,False,none
nblpcnmo-1,TMA00315,False,False,False,none
nblpkfig-1,TMA00315,False,False,False,none
nbnhecfj-1,TMA00315,False,False,False,none
nbniippp-1,TMA00315,False,False,False,none
nbnoclpl-1,TMA00315,False,False,False,none
nbobmnbh-1,TMA00315,False,False,False,none
nbpbgkjj-1,TMA00315,False,False,False,none
nbpddedd-1,TMA00315,False,False,False,none
nbphgjle-1,TMA00315,False,False,False,none
nbpmhcid-1,TMA00315,False,False,False,none
nbpoalkj-1,TMA00315,False,False,False,none
nbppnfoh-1,TMA00315,False,False,False,none
ncaaobjl-1,TMA00315,False,False,False,none
ncafnjem-1,TMA00315,False,False,False,none
ncalcaao-1,TMA00315,False,False,False,none
ncbejgjp-1,TMA00315,False,False,False,none
ncbhblhb-1,TMA00315,False,False,False,none
nccejohi-1,TMA00315,False,False,False,none
ncceolnb-1,TMA00315,False,False,False,none
ncealjem-1,TMA00315,False,False,False,none
ncediaal-1,TMA00315,False,False,False,none
ncekjdbn-1,TMA00315,False,False,False,none
nceljmla-1,TMA00315,False,False,False,none
ncemhbil-1,TMA00315,False,False,False,none
ncemlhih-1,TMA00315,False,False,False,none
ncfhdojp-1,TMA00315,False,False,False,none
ncfjcboa-1,TMA00315,False,False,False,none
ncflapdf-1,TMA00315,False,False,False,none
ncfnoejp-1,TMA00315,False,False,False,none
ncgakjjl-1,TMA00315,False,False,False,none
ncgjcnkp-1,TMA00315,False,False,False,none
nchpgiam-1,TMA00315,False,False,False,none
nciaabke-1,TMA00315,False,False,False,none
nciihnfi-1,TMA00315,False,False,False,none
ncilcheg-1,TMA00315,False,False,False,none
ncimlcnp-1,TMA00315,False,False,False,none
ncipfcic-1,TMA00315,False,False,False,none
nckhcjce-1,TMA00315,False,False,False,none
ncmcnnab-1,TMA00315,False,False,False,none
ncnkdpaj-1,TMA00315,False,False,False,none
ncohdmnh-1,TMA00315,False,False,False,none
ncojeook-1,TMA00315,False,False,False,none
ncojldnd-1,TMA00315,False,False,False,none
ncokgnea-1,TMA00315,False,False,False,none
ncokkacd-1,TMA00315,False,False,False,none
ncpclllm-1,TMA00315,False,False,False,none
ncpgcjpc-1,TMA00315,False,False,False,none
ncpichhc-1,TMA00315,False,False,False,none
ncpoojjd-1,TMA00315,False,False,False,none
ndadnfjc-1,TMA00315,False,False,False,none
ndaflfjp-1,TMA00315,False,False,False,none
ndajjfpb-1,TMA00315,False,False,False,none
ndalkamf-1,TMA00315,False,False,False,none
ndamihmn-1,TMA00315,False,False,False,none
ndanhnfp-1,TMA00315,False,False,False,none
ndaocojm-1,TMA00315,False,False,False,none
ndapdijc-1,TMA00315,False,False,False,none
ndbfeagi-1,TMA00315,False,False,False,none
ndboekgb-1,TMA00315,False,False,False,none
ndckmada-1,TMA00315,False,False,False,none
ndcokipj-1,TMA00315,False,False,False,none
nddclngk-1,TMA00315,False,False,False,none
ndddeoek-1,TMA00315,False,False,False,none
ndddglll-1,TMA00315,False,False,False,none
nddmdemk-1,TMA00315,False,False,False,none
nddpmpjg-1,TMA00315,False,False,False,none
ndeccmjf-1,TMA00315,False,False,False,none
ndeggcjd-1,TMA00315,False,False,False,none
ndejpjpl-1,TMA00315,False,False,False,none
ndelpdba-1,TMA00315,False,False,False,none
ndemafbg-1,TMA00315,False,False,False,none
ndennpeh-1,TMA00315,False,False,False,none
ndfamggh-1,TMA00315,False,False,False,none
ndfamgic-1,TMA00315,False,False,False,none
ndfdmkjo-1,TMA00315,False,False,False,none
ndfepgpe-1,TMA00315,False,False,False,none
ndfgjjho-1,TMA00315,False,False,False,none
ndfhehmk-1,TMA00315,False,False,False,none
ndfjaoip-1,TMA00315,False,False,False,none
ndfjbmil-1,TMA00315,False,False,False,none
ndfmgpfi-1,TMA00315,False,False,False,none
ndfnajkp-1,TMA00315,False,False,False,none
ndfoejie-1,TMA00315,False,False,False,none
ndfoncmg-1,TMA00315,False,False,False,none
ndfopgll-1,TMA00315,False,False,False,none
ndfpgokg-1,TMA00315,False,False,False,none
ndgapifi-1,TMA00315,False,False,False,none
ndgfojbd-1,TMA00315,False,False,False,none
ndghdogo-1,TMA00315,False,False,False,none
ndgjdgdi-1,TMA00315,False,False,False,none
ndgldhni-1,TMA00315,False,False,False,none
ndgndpdb-1,TMA00315,False,False,False,none
ndhahcam-1,TMA00315,False,False,False,none
ndhelafm-1,TMA00315,False,False,False,none
ndhfjbkp-1,TMA00315,False,False,False,none
ndhigfaj-1,TMA00315,False,False,False,none
ndhlnlen-1,TMA00315,False,False,False,none
ndhngjhh-1,TMA00315,False,False,False,none
ndhnlofc-1,TMA00315,False,False,False,none
ndhpjcce-1,TMA00315,False,False,False,none
ndiaiikd-1,TMA00315,False,False,False,none
ndiedaff-1,TMA00315,False,False,False,none
ndiejoml-1,TMA00315,False,False,False,none
ndiidajg-1,TMA00315,False,False,False,none
ndimagof-1,TMA00315,False,False,False,none
ndinfkae-1,TMA00315,False,False,False,none
ndipilib-1,TMA00315,False,False,False,none
ndjcfimc-1,TMA00315,False,False,False,none
ndjcibfa-1,TMA00315,False,False,False,none
ndjdgghp-1,TMA00315,False,False,False,none
ndjececf-1,TMA00315,False,False,False,none
ndjepokk-1,TMA00315,False,False,False,none
ndjgbkkn-1,TMA00315,False,False,False,none
ndjhknob-1,TMA00315,False,False,False,none
ndkaejbp-1,TMA00315,False,False,False,none
ndkjgedc-1,TMA00315,False,False,False,none
ndklhhkl-1,TMA00315,False,False,False,none
ndknkjma-1,TMA00315,False,False,False,none
ndlcnhcc-1,TMA00315,False,False,False,none
ndliohih-1,TMA00315,False,False,False,none
ndllekab-1,TMA00315,False,False,False,none
ndlmdneg-1,TMA00315,False,False,False,none
ndmgidlk-1,TMA00315,False,False,False,none
ndmhafnc-1,TMA00315,False,False,False,none
ndmlaibb-1,TMA00315,False,False,False,none
ndmlgdik-1,TMA00315,False,False,False,none
ndmmckpp-1,TMA00315,False,False,False,none
ndmoibno-1,TMA00315,False,False,False,none
ndnccphm-1,TMA00315,False,False,False,none
ndnfjdbh-1,TMA00315,False,False,False,none
ndnhopmn-1,TMA00315,False,False,False,none
ndofaage-1,TMA00315,False,False,False,none
ndpbcgae-1,TMA00315,False,False,False,none
ndpbodie-1,TMA00315,False,False,False,none
ndpneain-1,TMA00315,False,False,False,none
ndppeahl-1,TMA00315,False,False,False,none
neaidboe-1,TMA00315,False,False,False,none
neamhhoi-1,TMA00315,False,False,False,none
nebagcln-1,TMA00315,False,False,False,none
nebbcfdm-1,TMA00315,False,False,False,none
nebcdbmh-1,TMA00315,False,False,False,none
nebdbcnd-1,TMA00315,False,False,False,none
nebkebhm-1,TMA00315,False,False,False,none
neblbjmb-1,TMA00315,False,False,False,none
neeabkea-1,TMA00315,False,False,False,none
neeekfjm-1,TMA00315,False,False,False,none
neeeopko-1,TMA00315,False,False,False,none
neefmmmg-1,TMA00315,False,False,False,none
neejhnfk-1,TMA00315,False,False,False,none
neekjfkp-1,TMA00315,False,False,False,none
nefbbdao-1,TMA00315,False,False,False,none
nefbpjoh-1,TMA00315,False,False,False,none
nefdilbp-1,TMA00315,False,False,False,none
neffelkd-1,TMA00315,False,False,False,none
nefiadip-1,TMA00315,False,False,False,none
nefllmbl-1,TMA00315,False,False,False,none
nefmhoph-1,TMA00315,False,False,False,none
nefmnjbp-1,TMA00315,False,False,False,none
negcoedp-1,TMA00315,False,False,False,none
negmaclp-1,TMA00315,False,False,False,none
negncecn-1,TMA00315,False,False,False,none
nehfmmce-1,TMA00315,False,False,False,none
neigaleg-1,TMA00315,False,False,False,none
neiohpbc-1,TMA00315,False,False,False,none
nejabekb-1,TMA00315,False,False,False,none
nejgkpbd-1,TMA00315,False,False,False,none
nejheolk-1,TMA00315,False,False,False,none
nekcbpip-1,TMA00315,False,False,False,none
nekhbhli-1,TMA00315,False,False,False,none
nekibfpp-1,TMA00315,False,False,False,none
nekjloid-1,TMA00315,False,False,False,none
nekmhnje-1,TMA00315,False,False,False,none
nekpplmf-1,TMA00315,False,False,False,none
nelcpjhj-1,TMA00315,False,False,False,none
neldklpo-1,TMA00315,False,False,False,none
nelekcni-1,TMA00315,False,False,False,none
nelfcefa-1,TMA00315,False,False,False,none
nelhhdag-1,TMA00315,False,False,False,none
nelkddbb-1,TMA00315,False,False,False,none
nellocea-1,TMA00315,False,False,False,none
nelobndm-1,TMA00315,False,False,False,none
nelolmgk-1,TMA00315,False,False,False,none
nemdieba-1,TMA00315,False,False,False,none
nemdiofm-1,TMA00315,False,False,False,none
nemeocpm-1,TMA00315,False,False,False,none
nemfcopp-1,TMA00315,False,False,False,none
nemjflmb-1,TMA00315,False,False,False,none
nemlaklb-1,TMA00315,False,False,False,none
nemmfblo-1,TMA00315,False,False,False,none
nemplddh-1,TMA00315,False,False,False,none
nencboje-1,TMA00315,False,False,False,none
nenjgoec-1,TMA00315,False,False,False,none
nenjhcmh-1,TMA00315,False,False,False,none
nenkieki-1,TMA00315,False,False,False,none
neoekpjh-1,TMA00315,False,False,False,none
neofklji-1,TMA00315,False,False,False,none
neokoknd-1,TMA00315,False,False,False,none
neolmkfn-1,TMA00315,False,False,False,none
neopbcia-1,TMA00315,False,False,False,none
neopbnnb-1,TMA00315,False,False,False,none
nepmadoo-1,TMA00315,False,False,False,none
nepoiaek-1,TMA00315,False,False,False,none
nfabipfe-1,TMA00315,False,False,False,none
nfagljch-1,TMA00315,False,False,False,none
nfapikoo-1,TMA00315,False,False,False,none
nfbadjch-1,TMA00315,False,False,False,none
nfckjndo-1,TMA00315,False,False,False,none
nfcoaikg-1,TMA00315,False,False,False,none
nfddbnhl-1,TMA00315,False,False,False,none
nfeddeni-1,TMA00315,False,False,False,none
nfemcand-1,TMA00315,False,False,False,none
nffakfbg-1,TMA00315,False,False,False,none
nffbcnfm-1,TMA00315,False,False,False,none
nffkfiag-1,TMA00315,False,False,False,none
nffmomln-1,TMA00315,False,False,False,none
nfgdadlo-1,TMA00315,False,False,False,none
nfgebgbf-1,TMA00315,False,False,False,none
nfgmmede-1,TMA00315,False,False,False,none
nfgnepin-1,TMA00315,False,False,False,none
nfgomjek-1,TMA00315,False,False,False,none
nfgonhic-1,TMA00315,False,False,False,none
nfhfboch-1,TMA00315,False,False,False,none
nfhfdkdk-1,TMA00315,False,False,False,none
nfhhmalf-1,TMA00315,False,False,False,none
nfhkloho-1,TMA00315,False,False,False,none
nfhmgdpc-1,TMA00315,False,False,False,none
nfhnplof-1,TMA00315,False,False,False,none
nficdjpp-1,TMA00315,False,False,False,none
nfifgnlj-1,TMA00315,False,False,False,none
nfilpdcb-1,TMA00315,False,False,False,none
nfinjlnc-1,TMA00315,False,False,False,none
nfiobbad-1,TMA00315,False,False,False,none
nfjbkial-1,TMA00315,False,False,False,none
nfjjcghm-1,TMA00315,False,False,False,none
nfjjkkap-1,TMA00315,False,False,False,none
nfkhbnfi-1,TMA00315,False,False,False,none
nfkicnjn-1,TMA00315,False,False,False,none
nfklcdom-1,TMA00315,False,False,False,none
nfkmdnkn-1,TMA00315,False,False,False,none
nfkobaem-1,TMA00315,False,False,False,none
nfljjmfg-1,TMA00315,False,False,False,none
nflolkko-1,TMA00315,False,False,False,none
nfmdibeb-1,TMA00315,False,False,False,none
nfmdnede-1,TMA00315,False,False,False,none
nfmedjef-1,TMA00315,False,False,False,none
nfmgnpem-1,TMA00315,False,False,False,none
nfmjdjfj-1,TMA00315,False,False,False,none
nfmodnbb-1,TMA00315,False,False,False,none
nfndoigg-1,TMA00315,False,False,False,none
nfngijdi-1,TMA00315,False,False,False,none
nfniagpf-1,TMA00315,False,False,False,none
nfnlabpj-1,TMA00315,False,False,False,none
nfofogpl-1,TMA00315,False,False,False,none
nfogalin-1,TMA00315,False,False,False,none
nfpjldje-1,TMA00315,False,False,False,none
nfpoaell-1,TMA00315,False,False,False,none
nfppbalc-1,TMA00315,False,False,False,none
ngaeocac-1,TMA00315,False,False,False,none
ngafehda-1,TMA00315,False,False,False,none
ngajiodk-1,TMA00315,False,False,False,none
ngajodph-1,TMA00315,False,False,False,none
ngakgknn-1,TMA00315,False,False,False,none
ngbdohdk-1,TMA00315,False,False,False,none
ngbfbnhj-1,TMA00315,False,False,False,none
ngbfggae-1,TMA00315,False,False,False,none
ngbhlbbc-1,TMA00315,False,False,False,none
ngblkdcc-1,TMA00315,False,False,False,none
ngblomak-1,TMA00315,False,False,False,none
ngbofdgp-1,TMA00315,False,False,False,none
ngcabcji-1,TMA00315,False,False,False,none
ngdhddlo-1,TMA00315,False,False,False,none
ngdifalk-1,TMA00315,False,False,False,none
ngdlhiph-1,TMA00315,False,False,False,none
ngebgiek-1,TMA00315,False,False,False,none
ngeljlnl-1,TMA00315,False,False,False,none
nggakbog-1,TMA00315,False,False,False,none
nghdpghf-1,TMA00315,False,False,False,none
nghgdnin-1,TMA00315,False,False,False,none
nghjfedm-1,TMA00315,False,False,False,none
nghoemhf-1,TMA00315,False,False,False,none
nghpheia-1,TMA00315,False,False,False,none
ngiealib-1,TMA00315,False,False,False,none
ngiiabdm-1,TMA00315,False,False,False,none
ngipajdb-1,TMA00315,False,False,False,none
ngjboedm-1,TMA00315,False,False,False,none
ngkjgeee-1,TMA00315,False,False,False,none
nglfcjme-1,TMA00315,False,False,False,none
nglfgoda-1,TMA00315,False,False,False,none
ngljmpmo-1,TMA00315,False,False,False,none
nglkhldd-1,TMA00315,False,False,False,none
nglneghc-1,TMA00315,False,False,False,none
ngnifndn-1,TMA00315,False,False,False,none
ngnjfgfb-1,TMA00315,False,False,False,none
ngnmhhcf-1,TMA00315,False,False,False,none
ngnnjdip-1,TMA00315,False,False,False,none
ngnpecoc-1,TMA00315,False,False,False,none
ngoaiaio-1,TMA00315,False,False,False,none
ngoaneok-1,TMA00315,False,False,False,none
ngobcnbd-1,TMA00315,False,False,False,none
ngoiepmd-1,TMA00315,False,False,False,none
ngoikgeh-1,TMA00315,False,False,False,none
ngphinlo-1,TMA00315,False,False,False,none
nhajimfe-1,TMA00315,False,False,False,none
nhakhafm-1,TMA00315,False,False,False,none
nhamoagj-1,TMA00315,False,False,False,none
nhbdnihk-1,TMA00315,False,False,False,none
nhbdocje-1,TMA00315,False,False,False,none
nhbhokhe-1,TMA00315,False,False,False,none
nhblgmmn-1,TMA00315,False,False,False,none
nhbliijl-1,TMA00315,False,False,False,none
nhbmmbib-1,TMA00315,False,False,False,none
nhcbjngk-1,TMA00315,False,False,False,none
nhcdgccn-1,TMA00315,False,False,False,none
nhcgkcah-1,TMA00315,False,False,False,none
nhhjlpji-1,TMA00315,False,False,False,none
nhhlpnap-1,TMA00315,False,False,False,none
nhilombm-1,TMA00315,False,False,False,none
nhinpdal-1,TMA00315,False,False,False,none
nhiofici-1,TMA00315,False,False,False,none
nhjcdmjl-1,TMA00315,False,False,False,none
nhkkhdkn-1,TMA00315,False,False,False,none
nhlkccjo-1,TMA00315,False,False,False,none
nhmaicdb-1,TMA00315,False,False,False,none
nhmaioek-1,TMA00315,False,False,False,none
nhmakimn-1,TMA00315,False,False,False,none
nhmfohoi-1,TMA00315,False,False,False,none
nhmmgele-1,TMA00315,False,False,False,none
nhmnofac-1,TMA00315,False,False,False,none
nhnbbofd-1,TMA00315,False,False,False,none
nhololel-1,TMA00315,False,False,False,none
nhpgfgpa-1,TMA00315,False,False,False,none
nhpjinip-1,TMA00315,False,False,False,none
nhplcopc-1,TMA00315,False,False,False,none
niaakpag-1,TMA00315,False,False,False,none
niadhloc-1,TMA00315,False,False,False,none
niafbmhg-1,TMA00315,False,False,False,none
niaiadpd-1,TMA00315,False,False,False,none
niapilam-1,TMA00315,False,False,False,none
niapjahi-1,TMA00315,False,False,False,none
nibbccak-1,TMA00315,False,False,False,none
nibefdib-1,TMA00315,False,False,False,none
nibfihoi-1,TMA00315,False,False,False,none
nibglgaf-1,TMA00315,False,False,False,none
nibjgnmj-1,TMA00315,False,False,False,none
nibjnkhj-1,TMA00315,False,False,False,none
niblpjbo-1,TMA00315,False,False,False,none
nibmeikf-1,TMA00315,False,False,False,none
nibmokhl-1,TMA00315,False,False,False,none
nicckdkh-1,TMA00315,False,False,False,none
nicdnnbe-1,TMA00315,False,False,False,none
nicloeap-1,TMA00315,False,False,False,none
nicmhobp-1,TMA00315,False,False,False,none
nicokhho-1,TMA00315,False,False,False,none
nidacjpo-1,TMA00315,False,False,False,none
nidcbeci-1,TMA00315,False,False,False,none
nieailae-1,TMA00315,False,False,False,none
nieemclp-1,TMA00315,False,False,False,none
nifgghgi-1,TMA00315,False,False,False,none
nifpojhp-1,TMA00315,False,False,False,none
nigjcpol-1,TMA00315,False,False,False,none
nihdjcgn-1,TMA00315,False,False,False,none
nihojpoo-1,TMA00315,False,False,False,none
niigjjhd-1,TMA00315,False,False,False,none
niihpdij-1,TMA00315,False,False,False,none
niiiiklc-1,TMA00315,False,False,False,none
niimfhok-1,TMA00315,False,False,False,none
nijbdoap-1,TMA00315,False,False,False,none
nijcfdlj-1,TMA00315,False,False,False,none
nijdibgi-1,TMA00315,False,False,False,none
nimpdhkk-1,TMA00315,False,False,False,none
niojhmmn-1,TMA00315,False,False,False,none
nipnbfek-1,TMA00315,False,False,False,none
njafkeec-1,TMA00315,False,False,False,none
njagaade-1,TMA00315,False,False,False,none
njalhgkb-1,TMA00315,False,False,False,none
njamkceg-1,TMA00315,False,False,False,none
njbdgaha-1,TMA00315,False,False,False,none
njbejhfc-1,TMA00315,False,False,False,none
njbihaib-1,TMA00315,False,False,False,none
njbkdhii-1,TMA00315,False,False,False,none
njboppno-1,TMA00315,False,False,False,none
njcnomcf-1,TMA00315,False,False,False,none
njeafhji-1,TMA00315,False,False,False,none
njeeeemo-1,TMA00315,False,False,False,none
njehfcle-1,TMA00315,False,False,False,none
njejmpjl-1,TMA00315,False,False,False,none
njenhopj-1,TMA00315,False,False,False,none
njfabmnh-1,TMA00315,False,False,False,none
njfcikmg-1,TMA00315,False,False,False,none
njggabcm-1,TMA00315,False,False,False,none
njggngfj-1,TMA00315,False,False,False,none
njgijalg-1,TMA00315,False,False,False,none
njgjbkog-1,TMA00315,False,False,False,none
njgjkdge-1,TMA00315,False,False,False,none
njglefib-1,TMA00315,False,False,False,none
njgmapjh-1,TMA00315,False,False,False,none
njgmenbp-1,TMA00315,False,False,False,none
njgnpclm-1,TMA00315,False,False,False,none
njhfhmlm-1,TMA00315,False,False,False,none
njigooom-1,TMA00315,False,False,False,none
njihgghl-1,TMA00315,False,False,False,none
njipcbll-1,TMA00315,False,False,False,none
njkammke-1,TMA00315,False,False,False,none
njkddffc-1,TMA00315,False,False,False,none
njkhdgpf-1,TMA00315,False,False,False,none
njkicbbn-1,TMA00315,False,False,False,none
njkikcdo-1,TMA00315,False,False,False,none
njkpagfp-1,TMA00315,False,False,False,none
njkpiece-1,TMA00315,False,False,False,none
njlnknfo-1,TMA00315,False,False,False,none
njmeokmp-1,TMA00315,False,False,False,none
njmlchlm-1,TMA00315,False,False,False,none
njmneife-1,TMA00315,False,False,False,none
njmolkmm-1,TMA00315,False,False,False,none
njnahckd-1,TMA00315,False,False,False,none
njnamdeo-1,TMA00315,False,False,False,none
njncgoci-1,TMA00315,False,False,False,none
njnfomja-1,TMA00315,False,False,False,none
njnglimg-1,TMA00315,False,False,False,none
njoacahl-1,TMA00315,False,False,False,none
njogbmje-1,TMA00315,False,False,False,none
njohjmlb-1,TMA00315,False,False,False,none
njojmaff-1,TMA00315,False,False,False,none
njooajbp-1,TMA00315,False,False,False,none
njopakbg-1,TMA00315,False,False,False,none
njpfhboh-1,TMA00315,False,False,False,none
njpjjpgb-1,TMA00315,False,False,False,none
njpnaloa-1,TMA00315,False,False,False,none
nkabkdno-1,TMA00315,False,False,False,none
nkaolpcl-1,TMA00315,False,False,False,none
nkbahhbl-1,TMA00315,False,False,False,none
nkbalbfi-1,TMA00315,False,False,False,none
nkbmochf-1,TMA00315,False,False,False,none
nkdcnghf-1,TMA00315,False,False,False,none
nkdfdlfc-1,TMA00315,False,False,False,none
nkdfiacb-1,TMA00315,False,False,False,none
nkfhjbjd-1,TMA00315,False,False,False,none
nkgjghhc-1,TMA00315,False,False,False,none
nkhahapi-1,TMA00315,False,False,False,none
nkhbdkgl-1,TMA00315,False,False,False,none
nkhohofb-1,TMA00315,False,False,False,none
nkiadjno-1,TMA00315,False,False,False,none
nkiflonf-1,TMA00315,False,False,False,none
nkihknlb-1,TMA00315,False,False,False,none
nkiknfoi-1,TMA00315,False,False,False,none
nkinehci-1,TMA00315,False,False,False,none
nkiongba-1,TMA00315,False,False,False,none
nkipbfnb-1,TMA00315,False,False,False,none
nkjaoifk-1,TMA00315,False,False,False,none
nkjcpikb-1,TMA00315,False,False,False,none
nkjfhjhj-1,TMA00315,False,False,False,none
nkjfkogg-1,TMA00315,False,False,False,none
nkjhdpek-1,TMA00315,False,False,False,none
nkkehhbd-1,TMA00315,False,False,False,none
nkkjcgoj-1,TMA00315,False,False,False,none
nkkmmkgn-1,TMA00315,False,False,False,none
nklnfddh-1,TMA00315,False,False,False,none
nkmcogln-1,TMA00315,False,False,False,none
nkmehnma-1,TMA00315,False,False,False,none
nkmlikmn-1,TMA00315,False,False,False,none
nkoeailn-1,TMA00315,False,False,False,none
nkoefghh-1,TMA00315,False,False,False,none
nkofojbj-1,TMA00315,False,False,False,none
nkoimokk-1,TMA00315,False,False,False,none
nkojbffj-1,TMA00315,False,False,False,none
nkokckio-1,TMA00315,False,False,False,none
nkonbkmh-1,TMA00315,False,False,False,none
nkonemei-1,TMA00315,False,False,False,none
nkpccjnm-1,TMA00315,False,False,False,none
nkpejhap-1,TMA00315,False,False,False,none
nkplfmfb-1,TMA00315,False,False,False,none
nkppjnii-1,TMA00315,False,False,False,none
nlaclfpg-1,TMA00315,False,False,False,none
nladpcll-1,TMA00315,False,False,False,none
nlaodaij-1,TMA00315,False,False,False,none
nlapikfb-1,TMA00315,False,False,False,none
nlbfpohp-1,TMA00315,False,False,False,none
nlckommb-1,TMA00315,False,False,False,none
nldceljp-1,TMA00315,False,False,False,none
nldeajii-1,TMA00315,False,False,False,none
nldegelo-1,TMA00315,False,False,False,none
nldkkfki-1,TMA00315,False,False,False,none
nlehfoah-1,TMA00315,False,False,False,none
nleofjep-1,TMA00315,False,False,False,none
nlfahhpb-1,TMA00315,False,False,False,none
nlfdkggd-1,TMA00315,False,False,False,none
nlfdnnnf-1,TMA00315,False,False,False,none
nlfejjlk-1,TMA00315,False,False,False,none
nlfjaonb-1,TMA00315,False,False,False,none
nlfjfcnp-1,TMA00315,False,False,False,none
nlfkgecd-1,TMA00315,False,False,False,none
nlgbkbkj-1,TMA00315,False,False,False,none
nlgemgie-1,TMA00315,False,False,False,none
nlgifplp-1,TMA00315,False,False,False,none
nlheaiob-1,TMA00315,False,False,False,none
nlhmhjfj-1,TMA00315,False,False,False,none
nlhmhlgi-1,TMA00315,False,False,False,none
nlhoafhp-1,TMA00315,False,False,False,none
nlhoeoll-1,TMA00315,False,False,False,none
nliemnno-1,TMA00315,False,False,False,none
nlieneil-1,TMA00315,False,False,False,none
nliiaedi-1,TMA00315,False,False,False,none
nliihpho-1,TMA00315,False,False,False,none
nlimfdpn-1,TMA00315,False,False,False,none
nlipaleo-1,TMA00315,False,False,False,none
nljagbod-1,TMA00315,False,False,False,none
nljanagf-1,TMA00315,False,False,False,none
nljbgajo-1,TMA00315,False,False,False,none
nljbgbii-1,TMA00315,False,False,False,none
nljjdehk-1,TMA00315,False,False,False,none
nljklhnp-1,TMA00315,False,False,False,none
nljmlcpm-1,TMA00315,False,False,False,none
nljolgng-1,TMA00315,False,False,False,none
nlkhjdid-1,TMA00315,False,False,False,none
nlkkmdpo-1,TMA00315,False,False,False,none
nlkohgkh-1,TMA00315,False,False,False,none
nllelklb-1,TMA00315,False,False,False,none
nllfljfj-1,TMA00315,False,False,False,none
nllhghgd-1,TMA00315,False,False,False,none
nlljcbcl-1,TMA00315,False,False,False,none
nlmbobph-1,TMA00315,False,False,False,none
nlmbomad-1,TMA00315,False,False,False,none
nlmbpole-1,TMA00315,False,False,False,none
nlmfbmic-1,TMA00315,False,False,False,none
nlmfbnba-1,TMA00315,False,False,False,none
nlmkfkdn-1,TMA00315,False,False,False,none
nlndlaoc-1,TMA00315,False,False,False,none
nlndnfdm-1,TMA00315,False,False,False,none
nlndnhkn-1,TMA00315,False,False,False,none
nlnmcbpe-1,TMA00315,False,False,False,none
nlnpkeon-1,TMA00315,False,False,False,none
nlocjhdp-1,TMA00315,False,False,False,none
nloffabn-1,TMA00315,False,False,False,none
nloiojll-1,TMA00315,False,False,False,none
nlokjphj-1,TMA00315,False,False,False,none
nlolhohe-1,TMA00315,False,False,False,none
nlommofb-1,TMA00315,False,False,False,none
nlpbadja-1,TMA00315,False,False,False,none
nlpeodda-1,TMA00315,False,False,False,none
nlpiimic-1,TMA00315,False,False,False,none
nmaakkoc-1,TMA00315,False,False,False,none
nmacfkhi-1,TMA00315,False,False,False,none
nmadhkhp-1,TMA00315,False,False,False,none
nmaepmln-1,TMA00315,False,False,False,none
nmafmecb-1,TMA00315,False,False,False,none
nmalehdl-1,TMA00315,False,False,False,none
nmaofhao-1,TMA00315,False,False,False,none
nmaoobih-1,TMA00315,False,False,False,none
nmbgjkge-1,TMA00315,False,False,False,none
nmbhfjhe-1,TMA00315,False,False,False,none
nmcfbbbm-1,TMA00315,False,False,False,none
nmcfejfh-1,TMA00315,False,False,False,none
nmdcehjp-1,TMA00315,False,False,False,none
nmdlmfgb-1,TMA00315,False,False,False,none
nmecelpf-1,TMA00315,False,False,False,none
nmenanbl-1,TMA00315,False,False,False,none
nmfapbmp-1,TMA00315,False,False,False,none
nmfelhlo-1,TMA00315,False,False,False,none
nmfggeck-1,TMA00315,False,False,False,none
nmfpmhdk-1,TMA00315,False,False,False,none
nmggdcpn-1,TMA00315,False,False,False,none
nmgoielc-1,TMA00315,False,False,False,none
nmgpiifg-1,TMA00315,False,False,False,none
nmhdhhjl-1,TMA00315,False,False,False,none
nmhfenmp-1,TMA00315,False,False,False,none
nmhflneb-1,TMA00315,False,False,False,none
nmicjhkb-1,TMA00315,False,False,False,none
nmicmgmp-1,TMA00315,False,False,False,none
nmieccge-1,TMA00315,False,False,False,none
nmifmaai-1,TMA00315,False,False,False,none
nmimlpko-1,TMA00315,False,False,False,none
nmjhpobc-1,TMA00315,False,False,False,none
nmkjmgpk-1,TMA00315,False,False,False,none
nmkldajm-1,TMA00315,False,False,False,none
nmkpldga-1,TMA00315,False,False,False,none
nmlafkim-1,TMA00315,False,False,False,none
nmlefagf-1,TMA00315,False,False,False,none
nmleknfh-1,TMA00315,False,False,False,none
nmlincig-1,TMA00315,False,False,False,none
nmllcmkm-1,TMA00315,False,False,False,none
nmmbcmei-1,TMA00315,False,False,False,none
nmmglpde-1,TMA00315,False,False,False,none
nmmpckcf-1,TMA00315,False,False,False,none
nmnagege-1,TMA00315,False,False,False,none
nmnbeobd-1,TMA00315,False,False,False,none
nmnfcedc-1,TMA00315,False,False,False,none
nmnfchgd-1,TMA00315,False,False,False,none
nmnmacal-1,TMA00315,False,False,False,none
nmocmaad-1,TMA00315,False,False,False,none
nmofgmng-1,TMA00315,False,False,False,none
nmogibgb-1,TMA00315,False,False,False,none
nmojabkb-1,TMA00315,False,False,False,none
nmojdnff-1,TMA00315,False,False,False,none
nmojlpbd-1,TMA00315,False,False,False,none
nmoklmnd-1,TMA00315,False,False,False,none
nmommnhm-1,TMA00315,False,False,False,none
nmpcinee-1,TMA00315,False,False,False,none
nmpffkik-1,TMA00315,False,False,False,none
nmpilhjm-1,TMA00315,False,False,False,none
nmpkibpd-1,TMA00315,False,False,False,none
nmpnllie-1,TMA00315,False,False,False,none
nnagafmg-1,TMA00315,False,False,False,none
nnajjgef-1,TMA00315,False,False,False,none
nnajjoej-1,TMA00315,False,False,False,none
nnajmlln-1,TMA00315,False,False,False,none
nnalimmj-1,TMA00315,False,False,False,none
nnamiafg-1,TMA00315,False,False,False,none
nncacdnm-1,TMA00315,False,False,False,none
nncdfejl-1,TMA00315,False,False,False,none
nnclppfc-1,TMA00315,False,False,False,none
nndklcmd-1,TMA00315,False,False,False,none
nndpghjg-1,TMA00315,False,False,False,none
nneiaofc-1,TMA00315,False,False,False,none
nneockfm-1,TMA00315,False,False,False,none
nnfabhap-1,TMA00315,False,False,False,none
nnfbhfdj-1,TMA00315,False,False,False,none
nnfdhnmk-1,TMA00315,False,False,False,none
nnffhlkc-1,TMA00315,False,False,False,none
nnffiona-1,TMA00315,False,False,False,none
nnfheegh-1,TMA00315,False,False,False,none
nnfhgchb-1,TMA00315,False,False,False,none
nnfjgjpd-1,TMA00315,False,False,False,none
nnfmfmep-1,TMA00315,False,False,False,none
nnfpfild-1,TMA00315,False,False,False,none
nngalfoe-1,TMA00315,False,False,False,none
nngggjko-1,TMA00315,False,False,False,none
nnghibob-1,TMA00315,False,False,False,none
nngihffn-1,TMA00315,False,False,False,none
nngiojdl-1,TMA00315,False,False,False,none
nngjheng-1,TMA00315,False,False,False,none
nngncnka-1,TMA00315,False,False,False,none
nngngkdo-1,TMA00315,False,False,False,none
nngojkna-1,TMA00315,False,False,False,none
nniapjjd-1,TMA00315,False,False,False,none
nnicfemf-1,TMA00315,False,False,False,none
nnidfglb-1,TMA00315,False,False,False,none
nniknahi-1,TMA00315,False,False,False,none
nninaopf-1,TMA00315,False,False,False,none
nningfhf-1,TMA00315,False,False,False,none
nningpab-1,TMA00315,False,False,False,none
nnjipioj-1,TMA00315,False,False,False,none
nnkbbfok-1,TMA00315,False,False,False,none
nnkipbmd-1,TMA00315,False,False,False,none
nnlbjncf-1,TMA00315,False,False,False,none
nnljaoio-1,TMA00315,False,False,False,none
nnllpkee-1,TMA00315,False,False,False,none
nnlmdocj-1,TMA00315,False,False,False,none
nnmancjj-1,TMA00315,False,False,False,none
nnmfenjl-1,TMA00315,False,False,False,none
nnmkblhm-1,TMA00315,False,False,False,none
nnoajcgk-1,TMA00315,False,False,False,none
nnobfoei-1,TMA00315,False,False,False,none
nnopnfej-1,TMA00315,False,False,False,none
nnpaicdf-1,TMA00315,False,False,False,none
nnpbdinc-1,TMA00315,False,False,False,none
nnpdflpm-1,TMA00315,False,False,False,none
nnpgfidc-1,TMA00315,False,False,False,none
nnplemid-1,TMA00315,False,False,False,none
nnpoiplk-1,TMA00315,False,False,False,none
noacpgcg-1,TMA00315,False,False,False,none
noadncmj-1,TMA00315,False,False,False,none
noahbeco-1,TMA00315,False,False,False,none
noahipko-1,TMA00315,False,False,False,none
nobbbepb-1,TMA00315,False,False,False,none
nobcfdbh-1,TMA00315,False,False,False,none
nobnhgba-1,TMA00315,False,False,False,none
nobpopoh-1,TMA00315,False,False,False,none
nodehich-1,TMA00315,False,False,False,none
nofgopgn-1,TMA00315,False,False,False,none
nofhlagl-1,TMA00315,False,False,False,none
nofhmmol-1,TMA00315,False,False,False,none
nofmlmkp-1,TMA00315,False,False,False,none
nofoelom-1,TMA00315,False,False,False,none
nofoojad-1,TMA00315,False,False,False,none
nohaoaff-1,TMA00315,False,False,False,none
nohmhnkb-1,TMA00315,False,False,False,none
nojijhee-1,TMA00315,False,False,False,none
nolohfpf-1,TMA00315,False,False,False,none
nolpcbaa-1,TMA00315,False,False,False,none
nomfaaho-1,TMA00315,False,False,False,none
nonjkkoi-1,TMA00315,False,False,False,none
nonniepg-1,TMA00315,False,False,False,none
noobcblb-1,TMA00315,False,False,False,none
nooggcdf-1,TMA00315,False,False,False,none
noohdola-1,TMA00315,False,False,False,none
noonhfek-1,TMA00315,False,False,False,none
npcfkigh-1,TMA00315,False,False,False,none
npdabigl-1,TMA00315,False,False,False,none
npdbkdhd-1,TMA00315,False,False,False,none
npdifcna-1,TMA00315,False,False,False,none
npdijbmb-1,TMA00315,False,False,False,none
npebgjbb-1,TMA00315,False,False,False,none
npedglaj-1,TMA00315,False,False,False,none
npehhmei-1,TMA00315,False,False,False,none
npfhhphj-1,TMA00315,False,False,False,none
npflehfe-1,TMA00315,False,False,False,none
npfmfoph-1,TMA00315,False,False,False,none
npfnnpdn-1,TMA00315,False,False,False,none
npgckfla-1,TMA00315,False,False,False,none
npgehcdb-1,TMA00315,False,False,False,none
npgfdkjc-1,TMA00315,False,False,False,none
nphbcdha-1,TMA00315,False,False,False,none
nphmhbeg-1,TMA00315,False,False,False,none
nphnhpgp-1,TMA00315,False,False,False,none
npiahajn-1,TMA00315,False,False,False,none
npibbpod-1,TMA00315,False,False,False,none
npiiejln-1,TMA00315,False,False,False,none
npiiffig-1,TMA00315,False,False,False,none
npjcfona-1,TMA00315,False,False,False,none
npjdecmp-1,TMA00315,False,False,False,none
npkcijbg-1,TMA00315,False,False,False,none
npkdmbai-1,TMA00315,False,False,False,none
npkkknaf-1,TMA00315,False,False,False,none
npkobmpc-1,TMA00315,False,False,False,none
npkocdlj-1,TMA00315,False,False,False,none
npmjeapm-1,TMA00315,False,False,False,none
npmolhnn-1,TMA00315,False,False,False,none
npnbipfn-1,TMA00315,False,False,False,none
npngjbkd-1,TMA00315,False,False,False,none
npnpjblg-1,TMA00315,False,False,False,none
npobjjme-1,TMA00315,False,False,False,none
npohhgig-1,TMA00315,False,False,False,none
npppgaip-1,TMA00315,False,False,False,none
oaabkngc-1,TMA00315,False,False,False,none
oaacbooi-1,TMA00315,False,False,False,none
oaadhipf-1,TMA00315,False,False,False,none
oaafachd-1,TMA00315,False,False,False,none
oaahhidm-1,TMA00315,False,False,False,none
oaahlghh-1,TMA00315,False,False,False,none
oaahlokn-1,TMA00315,False,False,False,none
oaangied-1,TMA00315,False,False,False,none
oaaphdja-1,TMA00315,False,False,False,none
oabcgjfe-1,TMA00315,False,False,False,none
oabecedc-1,TMA00315,False,False,False,none
oabfdion-1,TMA00315,False,False,False,none
oabfknmc-1,TMA00315,False,False,False,none
oabihoik-1,TMA00315,False,False,False,none
oabmdeme-1,TMA00315,False,False,False,none
oabnmpnb-1,TMA00315,False,False,False,none
oacdaeai-1,TMA00315,False,False,False,none
oacebdep-1,TMA00315,False,False,False,none
oacpejnl-1,TMA00315,False,False,False,none
oacpngpl-1,TMA00315,False,False,False,none
oadhmmbp-1,TMA00315,False,False,False,none
oadidjfm-1,TMA00315,False,False,False,none
oadihbgj-1,TMA00315,False,False,False,none
oadiolfk-1,TMA00315,False,False,False,none
oadpgkkf-1,TMA00315,False,False,False,none
oaefgjce-1,TMA00315,False,False,False,none
oaeiklmb-1,TMA00315,False,False,False,none
oafebail-1,TMA00315,False,False,False,none
oafgafjo-1,TMA00315,False,False,False,none
oafjpemi-1,TMA00315,False,False,False,none
oafkfnca-1,TMA00315,False,False,False,none
oafmgpoc-1,TMA00315,False,False,False,none
oafmldpc-1,TMA00315,False,False,False,none
oafpcglb-1,TMA00315,False,False,False,none
oafpchha-1,TMA00315,False,False,False,none
oafpkpcj-1,TMA00315,False,False,False,none
oagabmeo-1,TMA00315,False,False,False,none
oagaghon-1,TMA00315,False,False,False,none
oagkfdge-1,TMA00315,False,False,False,none
oagomjhe-1,TMA00315,False,False,False,none
oaiiplfc-1,TMA00315,False,False,False,none
obcojegc-1,TMA00315,False,False,False,none
obdgjpmc-1,TMA00315,False,False,False,none
obdojnpk-1,TMA00315,False,False,False,none
obehdbmj-1,TMA00315,False,False,False,none
obehggah-1,TMA00315,False,False,False,none
obemplml-1,TMA00315,False,False,False,none
obfbhojp-1,TMA00315,False,False,False,none
obffgeop-1,TMA00315,False,False,False,none
obffhdhe-1,TMA00315,False,False,False,none
obfgakhp-1,TMA00315,False,False,False,none
obfgclmo-1,TMA00315,False,False,False,none
obfghpjc-1,TMA00315,False,False,False,none
obfjilik-1,TMA00315,False,False,False,none
obfkeopi-1,TMA00315,False,False,False,none
obflenfa-1,TMA00315,False,False,False,none
obfmgdde-1,TMA00315,False,False,False,none
obgbecpa-1,TMA00315,False,False,False,none
obgioonk-1,TMA00315,False,False,False,none
obhephmb-1,TMA00315,False,False,False,none
obhglkgn-1,TMA00315,False,False,False,none
obhhdhao-1,TMA00315,False,False,False,none
obhibnnm-1,TMA00315,False,False,False,none
obhjgejg-1,TMA00315,False,False,False,none
obhmiahf-1,TMA00315,False,False,False,none
obiebfag-1,TMA00315,False,False,False,none
obigpjkf-1,TMA00315,False,False,False,none
obihohoc-1,TMA00315,False,False,False,none
obiigndl-1,TMA00315,False,False,False,none
obiocifb-1,TMA00315,False,False,False,none
obiocpnj-1,TMA00315,False,False,False,none
obipkjij-1,TMA00315,False,False,False,none
objcconi-1,TMA00315,False,False,False,none
objehpnp-1,TMA00315,False,False,False,none
objflpbp-1,TMA00315,False,False,False,none
objhpdma-1,TMA00315,False,False,False,none
obkkaffk-1,TMA00315,False,False,False,none
obkokijf-1,TMA00315,False,False,False,none
oblohagd-1,TMA00315,False,False,False,none
obloppig-1,TMA00315,False,False,False,none
obmaabcl-1,TMA00315,False,False,False,none
obmbdjii-1,TMA00315,False,False,False,none
obmcaped-1,TMA00315,False,False,False,none
obmeoidl-1,TMA00315,False,False,False,none
obmgcnbp-1,TMA00315,False,False,False,none
obmlaclm-1,TMA00315,False,False,False,none
obmmahie-1,TMA00315,False,False,False,none
obmpkhkl-1,TMA00315,False,False,False,none
obnaiimp-1,TMA00315,False,False,False,none
obnkiiji-1,TMA00315,False,False,False,none
obnknnlb-1,TMA00315,False,False,False,none
obnlpiik-1,TMA00315,False,False,False,none
obobmdmf-1,TMA00315,False,False,False,none
oboddmkb-1,TMA00315,False,False,False,none
obogfnhn-1,TMA00315,False,False,False,none
oboggamc-1,TMA00315,False,False,False,none
obohadjf-1,TMA00315,False,False,False,none
obohjloe-1,TMA00315,False,False,False,none
oboibphl-1,TMA00315,False,False,False,none
obojanpc-1,TMA00315,False,False,False,none
oboldcmk-1,TMA00315,False,False,False,none
oboookgp-1,TMA00315,False,False,False,none
obopdcdm-1,TMA00315,False,False,False,none
obpecjlc-1,TMA00315,False,False,False,none
obpjebfa-1,TMA00315,False,False,False,none
ocahlodj-1,TMA00315,False,False,False,none
ocaleena-1,TMA00315,False,False,False,none
ocamobpn-1,TMA00315,False,False,False,none
ocbeaolb-1,TMA00315,False,False,False,none
ocbiccdj-1,TMA00315,False,False,False,none
ocbncfho-1,TMA00315,False,False,False,none
occbgnkn-1,TMA00315,False,False,False,none
occbihld-1,TMA00315,False,False,False,none
occdkdlo-1,TMA00315,False,False,False,none
occfhefc-1,TMA00315,False,False,False,none
occhidde-1,TMA00315,False,False,False,none
occndbeo-1,TMA00315,False,False,False,none
occojikc-1,TMA00315,False,False,False,none
occpbkcn-1,TMA00315,False,False,False,none
ocdbidkm-1,TMA00315,False,False,False,none
ocddpegf-1,TMA00315,False,False,False,none
ocdhmlgj-1,TMA00315,False,False,False,none
ocdkpdcm-1,TMA00315,False,False,False,none
ocdlifjp-1,TMA00315,False,False,False,none
ocebffki-1,TMA00315,False,False,False,none
oceblemp-1,TMA00315,False,False,False,none
ocehnjio-1,TMA00315,False,False,False,none
ocejkpog-1,TMA00315,False,False,False,none
oceldpbb-1,TMA00315,False,False,False,none
ocengfld-1,TMA00315,False,False,False,none
ocenmdde-1,TMA00315,False,False,False,none
ocfahpng-1,TMA00315,False,False,False,none
ocfbnbkm-1,TMA00315,False,False,False,none
ocfdnjkl-1,TMA00315,False,False,False,none
ocfejpfa-1,TMA00315,False,False,False,none
ocfiepgm-1,TMA00315,False,False,False,none
ocfjlnbo-1,TMA00315,False,False,False,none
ocfkjhkc-1,TMA00315,False,False,False,none
ocflbbgi-1,TMA00315,False,False,False,none
ocgaedol-1,TMA00315,False,False,False,none
ocgbjlal-1,TMA00315,False,False,False,none
ocgfijgi-1,TMA00315,False,False,False,none
ocgfmcom-1,TMA00315,False,False,False,none
ocgjmkja-1,TMA00315,False,False,False,none
ochfmilh-1,TMA00315,False,False,False,none
ochhbdje-1,TMA00315,False,False,False,none
ochlofmo-1,TMA00315,False,False,False,none
ochonkfo-1,TMA00315,False,False,False,none
ocianohd-1,TMA00315,False,False,False,none
ocickpih-1,TMA00315,False,False,False,none
ocidiffb-1,TMA00315,False,False,False,none
ociefbpa-1,TMA00315,False,False,False,none
ocihjoeo-1,TMA00315,False,False,False,none
ociiaejd-1,TMA00315,False,False,False,none
ociklpcf-1,TMA00315,False,False,False,none
ocilodho-1,TMA00315,False,False,False,none
ocjcalmm-1,TMA00315,False,False,False,none
ocjklegm-1,TMA00315,False,False,False,none
oclbfaoj-1,TMA00315,False,False,False,none
oclbkepe-1,TMA00315,False,False,False,none
oclelehc-1,TMA00315,False,False,False,none
oclfkcdi-1,TMA00315,False,False,False,none
oclofiam-1,TMA00315,False,False,False,none
oclpcdef-1,TMA00315,False,False,False,none
ocmadefd-1,TMA00315,False,False,False,none
ocmnfpij-1,TMA00315,False,False,False,none
ocmododb-1,TMA00315,False,False,False,none
ocmooipp-1,TMA00315,False,False,False,none
ocmpcemg-1,TMA00315,False,False,False,none
ocmpnjig-1,TMA00315,False,False,False,none
ocnapoik-1,TMA00315,False,False,False,none
ocnjhlll-1,TMA00315,False,False,False,none
ocnmogdj-1,TMA00315,False,False,False,none
ococnoaa-1,TMA00315,False,False,False,none
ocoedgcf-1,TMA00315,False,False,False,none
ocophomd-1,TMA00315,False,False,False,none
ocpmhcdo-1,TMA00315,False,False,False,none
ocponhid-1,TMA00315,False,False,False,none
odafkjbj-1,TMA00315,False,False,False,none
odaifiii-1,TMA00315,False,False,False,none
odakbina-1,TMA00315,False,False,False,none
odakjfcb-1,TMA00315,False,False,False,none
odaljhmi-1,TMA00315,False,False,False,none
odanlddm-1,TMA00315,False,False,False,none
odbakmcn-1,TMA00315,False,False,False,none
odbjpodf-1,TMA00315,False,False,False,none
odblgpln-1,TMA00315,False,False,False,none
odbljfgg-1,TMA00315,False,False,False,none
odcbdejf-1,TMA00315,False,False,False,none
odcgcnei-1,TMA00315,False,False,False,none
oddgkcoh-1,TMA00315,False,False,False,none
odeakopl-1,TMA00315,False,False,False,none
odebgdca-1,TMA00315,False,False,False,none
odecncmh-1,TMA00315,False,False,False,none
odedmlke-1,TMA00315,False,False,False,none
odedmnoo-1,TMA00315,False,False,False,none
odeefiai-1,TMA00315,False,False,False,none
odehlahf-1,TMA00315,False,False,False,none
odehlefk-1,TMA00315,False,False,False,none
odeibklk-1,TMA00315,False,False,False,none
odeinhpm-1,TMA00315,False,False,False,none
odejklch-1,TMA00315,False,False,False,none
odelacnk-1,TMA00315,False,False,False,none
odeobahl-1,TMA00315,False,False,False,none
odfaacmd-1,TMA00315,False,False,False,none
odfailok-1,TMA00315,False,False,False,none
odfbabhg-1,TMA00315,False,False,False,none
odfcohfg-1,TMA00315,False,False,False,none
odfdigje-1,TMA00315,False,False,False,none
odfgpbbo-1,TMA00315,False,False,False,none
odfjgjam-1,TMA00315,False,False,False,none
odfnlbmp-1,TMA00315,False,False,False,none
odgacfom-1,TMA00315,False,False,False,none
odgghbio-1,TMA00315,False,False,False,none
odghgkfc-1,TMA00315,False,False,False,none
odghkggk-1,TMA00315,False,False,False,none
odglbmej-1,TMA00315,False,False,False,none
odgnplfc-1,TMA00315,False,False,False,none
odhbocpi-1,TMA00315,False,False,False,none
odhgbnjp-1,TMA00315,False,False,False,none
odiclmnh-1,TMA00315,False,False,False,none
odieconc-1,TMA00315,False,False,False,none
odihbkon-1,TMA00315,False,False,False,none
odihlkom-1,TMA00315,False,False,False,none
odiiejae-1,TMA00315,False,False,False,none
odiimpdk-1,TMA00315,False,False,False,none
odimkpbc-1,TMA00315,False,False,False,none
odjgiojf-1,TMA00315,False,False,False,none
odjnkckg-1,TMA00315,False,False,False,none
odjonglm-1,TMA00315,False,False,False,none
odjookhe-1,TMA00315,False,False,False,none
odkhodml-1,TMA00315,False,False,False,none
odkicemp-1,TMA00315,False,False,False,none
odkncieh-1,TMA00315,False,False,False,none
odllldja-1,TMA00315,False,False,False,none
odlmbgdc-1,TMA00315,False,False,False,none
odlogfbb-1,TMA00315,False,False,False,none
odlpmfnk-1,TMA00315,False,False,False,none
odlpnfpa-1,TMA00315,False,False,False,none
odmekpmm-1,TMA00315,False,False,False,none
odminoeo-1,TMA00315,False,False,False,none
odmjapin-1,TMA00315,False,False,False,none
odmklkoe-1,TMA00315,False,False,False,none
odnmkboi-1,TMA00315,False,False,False,none
odobmnfd-1,TMA00315,False,False,False,none
oeaaolko-1,TMA00315,False,False,False,none
oeabdflh-1,TMA00315,False,False,False,none
oeabiija-1,TMA00315,False,False,False,none
oeaddgpb-1,TMA00315,False,False,False,none
oeafejnj-1,TMA00315,False,False,False,none
oeajpkhn-1,TMA00315,False,False,False,none
oeakhcoj-1,TMA00315,False,False,False,none
oebgjmll-1,TMA00315,False,False,False,none
oedamdkp-1,TMA00315,False,False,False,none
oedbpano-1,TMA00315,False,False,False,none
oeddecgb-1,TMA00315,False,False,False,none
oeddimpf-1,TMA00315,False,False,False,none
oefhjlgf-1,TMA00315,False,False,False,none
oegngice-1,TMA00315,False,False,False,none
oehjhggh-1,TMA00315,False,False,False,none
oehocjam-1,TMA00315,False,False,False,none
oeibddli-1,TMA00315,False,False,False,none
oeibgdck-1,TMA00315,False,False,False,none
oeifdfcd-1,TMA00315,False,False,False,none
oeifhopf-1,TMA00315,False,False,False,none
oeipjeom-1,TMA00315,False,False,False,none
oelgjfje-1,TMA00315,False,False,False,none
oemchjgb-1,TMA00315,False,False,False,none
oemehmif-1,TMA00315,False,False,False,none
oemkkanj-1,TMA00315,False,False,False,none
oemodaan-1,TMA00315,False,False,False,none
oempfibc-1,TMA00315,False,False,False,none
oenbgboi-1,TMA00315,False,False,False,none
oenckakd-1,TMA00315,False,False,False,none
oenepncm-1,TMA00315,False,False,False,none
oenhfdab-1,TMA00315,False,False,False,none
oeniheie-1,TMA00315,False,False,False,none
oenndmjo-1,TMA00315,False,False,False,none
oenojbom-1,TMA00315,False,False,False,none
oenpbnhn-1,TMA00315,False,False,False,none
oeobmkmi-1,TMA00315,False,False,False,none
oeoeabfk-1,TMA00315,False,False,False,none
oeogfefh-1,TMA00315,False,False,False,none
oeogpgch-1,TMA00315,False,False,False,none
oeompfdi-1,TMA00315,False,False,False,none
oeoodcaa-1,TMA00315,False,False,False,none
oepebhom-1,TMA00315,False,False,False,none
oepfohlo-1,TMA00315,False,False,False,none
oepgcjgk-1,TMA00315,False,False,False,none
ofadglgn-1,TMA00315,False,False,False,none
ofbbcdig-1,TMA00315,False,False,False,none
ofbdieoa-1,TMA00315,False,False,False,none
ofbegdif-1,TMA00315,False,False,False,none
ofbkocmc-1,TMA00315,False,False,False,none
ofbliala-1,TMA00315,False,False,False,none
ofcgjiph-1,TMA00315,False,False,False,none
ofcmknkh-1,TMA00315,False,False,False,none
ofeheccb-1,TMA00315,False,False,False,none
ofehfokm-1,TMA00315,False,False,False,none
ofehhjne-1,TMA00315,False,False,False,none
ofelfhjp-1,TMA00315,False,False,False,none
ofengpba-1,TMA00315,False,False,False,none
offbmjoi-1,TMA00315,False,False,False,none
offcpkpc-1,TMA00315,False,False,False,none
offfkaji-1,TMA00315,False,False,False,none
offgpkpf-1,TMA00315,False,False,False,none
offhgcjf-1,TMA00315,False,False,False,none
offhgnci-1,TMA00315,False,False,False,none
offidelk-1,TMA00315,False,False,False,none
offihpln-1,TMA00315,False,False,False,none
offinfij-1,TMA00315,False,False,False,none
offndkoc-1,TMA00315,False,False,False,none
offpnfdn-1,TMA00315,False,False,False,none
ofgaljjd-1,TMA00315,False,False,False,none
ofgcafnm-1,TMA00315,False,False,False,none
ofggbein-1,TMA00315,False,False,False,none
ofghcega-1,TMA00315,False,False,False,none
ofgjcfej-1,TMA00315,False,False,False,none
ofgjodll-1,TMA00315,False,False,False,none
ofgkbcob-1,TMA00315,False,False,False,none
ofgmbmfi-1,TMA00315,False,False,False,none
ofgnpjdf-1,TMA00315,False,False,False,none
ofgopamg-1,TMA00315,False,False,False,none
ofgopehh-1,TMA00315,False,False,False,none
ofhdolae-1,TMA00315,False,False,False,none
ofhhaegj-1,TMA00315,False,False,False,none
ofhndhgh-1,TMA00315,False,False,False,none
ofiadmej-1,TMA00315,False,False,False,none
ofienaai-1,TMA00315,False,False,False,none
ofiknccf-1,TMA00315,False,False,False,none
ofinfoml-1,TMA00315,False,False,False,none
ofjanncj-1,TMA00315,False,False,False,none
ofjceial-1,TMA00315,False,False,False,none
ofjeloio-1,TMA00315,False,False,False,none
ofjgbobf-1,TMA00315,False,False,False,none
ofjjoagj-1,TMA00315,False,False,False,none
ofjmcfak-1,TMA00315,False,False,False,none
ofjmohag-1,TMA00315,False,False,False,none
ofjobcja-1,TMA00315,False,False,False,none
ofkbckgk-1,TMA00315,False,False,False,none
ofkeipnk-1,TMA00315,False,False,False,none
ofkgemik-1,TMA00315,False,False,False,none
oflcjcki-1,TMA00315,False,False,False,none
ofldemgi-1,TMA00315,False,False,False,none
ofldgdkk-1,TMA00315,False,False,False,none
ofmgichp-1,TMA00315,False,False,False,none
ofmkglge-1,TMA00315,False,False,False,none
ofoeccjp-1,TMA00315,False,False,False,none
ofohbjae-1,TMA00315,False,False,False,none
ofohlofl-1,TMA00315,False,False,False,none
ofpdijjc-1,TMA00315,False,False,False,none
ogapjoih-1,TMA00315,False,False,False,none
ogbhldlm-1,TMA00315,False,False,False,none
ogblipoo-1,TMA00315,False,False,False,none
ogbmeneg-1,TMA00315,False,False,False,none
ogbohjmc-1,TMA00315,False,False,False,none
ogdfaodo-1,TMA00315,False,False,False,none
ogfhdmii-1,TMA00315,False,False,False,none
ogflfphl-1,TMA00315,False,False,False,none
ogfonmjp-1,TMA00315,False,False,False,none
oggaeebn-1,TMA00315,False,False,False,none
oggaggco-1,TMA00315,False,False,False,none
oghakmdi-1,TMA00315,False,False,False,none
oghmnabl-1,TMA00315,False,False,False,none
ogihnohh-1,TMA00315,False,False,False,none
ogjfkljn-1,TMA00315,False,False,False,none
ogjnogko-1,TMA00315,False,False,False,none
ogkgbani-1,TMA00315,False,False,False,none
oglekpee-1,TMA00315,False,False,False,none
oglfjbmd-1,TMA00315,False,False,False,none
ogllgcpa-1,TMA00315,False,False,False,none
ogmgaalf-1,TMA00315,False,False,False,none
ogmggjcd-1,TMA00315,False,False,False,none
ogmmbnfm-1,TMA00315,False,False,False,none
ognemidm-1,TMA00315,False,False,False,none
ognpcmdj-1,TMA00315,False,False,False,none
ogofhklp-1,TMA00315,False,False,False,none
ogpohccm-1,TMA00315,False,False,False,none
ohaoefki-1,TMA00315,False,False,False,none
ohapomng-1,TMA00315,False,False,False,none
ohcmfpmf-1,TMA00315,False,False,False,none
ohcpepkf-1,TMA00315,False,False,False,none
ohhdgngb-1,TMA00315,False,False,False,none
ohiddbih-1,TMA00315,False,False,False,none
ohiijljh-1,TMA00315,False,False,False,none
ohinikdn-1,TMA00315,False,False,False,none
ohiplhbg-1,TMA00315,False,False,False,none
ohjdhkid-1,TMA00315,False,False,False,none
ohjilmdl-1,TMA00315,False,False,False,none
ohjloejm-1,TMA00315,False,False,False,none
ohkahkam-1,TMA00315,False,False,False,none
ohlgmjog-1,TMA00315,False,False,False,none
ohlijghk-1,TMA00315,False,False,False,none
ohlnjpnd-1,TMA00315,False,False,False,none
ohmpmapc-1,TMA00315,False,False,False,none
ohofpfgb-1,TMA00315,False,False,False,none
ohopehfl-1,TMA00315,False,False,False,none
ohpdlnah-1,TMA00315,False,False,False,none
ohpedfnp-1,TMA00315,False,False,False,none
oicbjhcp-1,TMA00315,False,False,False,none
oieanihb-1,TMA00315,False,False,False,none
oiebbmcl-1,TMA00315,False,False,False,none
