cell_id,sample_id,neuron_label,EGFP_Seq1_hi,dTomato_Seq2_hi,EGFP_dTomato_dual_hi,group
aaahbdia-1,TMA00317,Nonpeptidergic nociceptors,False,False,False,Nonpeptidergic nociceptors
aaakgcko-1,TMA00317,Abeta-RA-LTMR,False,False,False,Abeta-RA-LTMR
aaanbmpi-1,TMA00317,Nonpeptidergic nociceptors,False,False,False,Nonpeptidergic nociceptors
aaangnjd-1,TMA00317,Adelta-LTMR,False,False,False,Adelta-LTMR
aabakkkd-1,TMA00317,CGRP-Eta,False,False,False,CGRP-Eta
aabfimef-1,TMA00317,C-LTMR,False,False,False,C-LTMR
aabldngg-1,TMA00317,Nonpeptidergic nociceptors,False,False,False,Nonpeptidergic nociceptors
aabpmlje-1,TMA00317,Nonpeptidergic nociceptors,False,False,False,Nonpeptidergic nociceptors
aacconbo-1,TMA00317,Nonpeptidergic nociceptors,False,False,False,Nonpeptidergic nociceptors
aacmjdkh-1,TMA00317,CGRP-Gamma 1,False,False,False,CGRP-Gamma 1
aacnibif-1,TMA00317,CGRP-Alpha,False,False,False,CGRP-Alpha
aadeddal-1,TMA00317,C-LTMR,False,False,False,C-LTMR
aadehopp-1,TMA00317,CGRP-Theta,False,False,False,CGRP-Theta
aadekgom-1,TMA00317,CGRP-Epsilion,False,False,False,CGRP-Epsilion
aadjhmkg-1,TMA00317,Proprioceptors,False,False,False,Proprioceptors
aadjnmld-1,TMA00317,Nonpeptidergic nociceptors,False,False,False,Nonpeptidergic nociceptors
aadkokmo-1,TMA00317,TrpM8,False,False,False,TrpM8
aadmbakn-1,TMA00317,CGRP-Zeta,False,False,False,CGRP-Zeta
aadncfdj-1,TMA00317,CGRP-Eta,False,False,False,CGRP-Eta
aadnhpaa-1,TMA00317,CGRP-Eta,False,False,False,CGRP-Eta
aadonhbp-1,TMA00317,Nonpeptidergic nociceptors,False,False,False,Nonpeptidergic nociceptors
aadooile-1,TMA00317,TrpM8,False,False,False,TrpM8
aaecgbdi-1,TMA00317,TrpM8,False,False,False,TrpM8
aaefgpnn-1,TMA00317,CGRP-Epsilion,False,False,False,CGRP-Epsilion
aaefkdee-1,TMA00317,CGRP-Theta,False,False,False,CGRP-Theta
aaeinpog-1,TMA00317,Adelta-LTMR,False,False,False,Adelta-LTMR
aaekcaho-1,TMA00317,CGRP-Theta,False,False,False,CGRP-Theta
aaepgjic-1,TMA00317,Nonpeptidergic nociceptors,False,False,False,Nonpeptidergic nociceptors
aafeldil-1,TMA00317,Abeta-RA-LTMR,False,False,False,Abeta-RA-LTMR
aaffpdcb-1,TMA00317,Abeta-RA-LTMR,False,False,False,Abeta-RA-LTMR
aahogpam-1,TMA00317,CGRP-Gamma 1,False,False,False,CGRP-Gamma 1
aahohkdl-1,TMA00317,Adelta-LTMR,False,False,False,Adelta-LTMR
aaibagfd-1,TMA00317,Nonpeptidergic nociceptors,False,False,False,Nonpeptidergic nociceptors
aaihlgfj-1,TMA00317,Proprioceptors,False,False,False,Proprioceptors
aaijpdfl-1,TMA00317,CGRP-Theta,False,False,False,CGRP-Theta
aailgdhk-1,TMA00317,Nonpeptidergic nociceptors,False,False,False,Nonpeptidergic nociceptors
aaimamok-1,TMA00317,TrpM8,False,False,False,TrpM8
aaimjeip-1,TMA00317,Proprioceptors,False,False,False,Proprioceptors
aaindeea-1,TMA00317,Abeta-RA-LTMR,False,False,False,Abeta-RA-LTMR
aaiopppb-1,TMA00317,C-LTMR,False,False,False,C-LTMR
aajcpcol-1,TMA00317,Abeta-RA-LTMR,False,False,False,Abeta-RA-LTMR
aajdgiae-1,TMA00317,Proprioceptors,False,False,False,Proprioceptors
aajjalje-1,TMA00317,Abeta-RA-LTMR,False,False,False,Abeta-RA-LTMR
aamefpka-1,TMA00317,Nonpeptidergic nociceptors,False,False,False,Nonpeptidergic nociceptors
aamehgcj-1,TMA00317,TrpM8,False,False,False,TrpM8
aamhncne-1,TMA00317,Nonpeptidergic nociceptors,False,False,False,Nonpeptidergic nociceptors
aamigkon-1,TMA00317,Nonpeptidergic nociceptors,False,False,False,Nonpeptidergic nociceptors
aampmeak-1,TMA00317,Nonpeptidergic nociceptors,False,False,False,Nonpeptidergic nociceptors
aanhbjag-1,TMA00317,CGRP-Gamma 1,False,False,False,CGRP-Gamma 1
abeniala-1,TMA00317,Proprioceptors,False,False,False,Proprioceptors
abffplnd-1,TMA00317,TrpM8,False,False,False,TrpM8
abfphgli-1,TMA00317,CGRP-Alpha,False,False,False,CGRP-Alpha
abgagmap-1,TMA00317,Sst,False,False,False,Sst
abgjecmh-1,TMA00317,Sst,False,False,False,Sst
abglpnka-1,TMA00317,Nonpeptidergic nociceptors,False,False,False,Nonpeptidergic nociceptors
abgnnmnc-1,TMA00317,CGRP-Alpha,False,False,False,CGRP-Alpha
abhceega-1,TMA00317,Nonpeptidergic nociceptors,False,False,False,Nonpeptidergic nociceptors
abhnggkd-1,TMA00317,Abeta-RA-LTMR,False,False,False,Abeta-RA-LTMR
abhpgbkn-1,TMA00317,CGRP-Zeta,False,False,False,CGRP-Zeta
abigbhfa-1,TMA00317,Abeta-RA-LTMR,False,False,False,Abeta-RA-LTMR
abiimgfh-1,TMA00317,Proprioceptors,False,False,False,Proprioceptors
abjeobfe-1,TMA00317,Abeta-RA-LTMR,False,False,False,Abeta-RA-LTMR
abjghjce-1,TMA00317,Proprioceptors,False,False,False,Proprioceptors
abjiibgm-1,TMA00317,Proprioceptors,False,False,False,Proprioceptors
abkccfhe-1,TMA00317,Abeta-Field,False,False,False,Abeta-Field
abkggehk-1,TMA00317,Abeta-RA-LTMR,False,False,False,Abeta-RA-LTMR
abkjbgol-1,TMA00317,Proprioceptors,False,False,False,Proprioceptors
abldfidd-1,TMA00317,CGRP-Theta,False,False,False,CGRP-Theta
ablkpeig-1,TMA00317,Abeta-RA-LTMR,False,False,False,Abeta-RA-LTMR
ablmdifk-1,TMA00317,Abeta-RA-LTMR,False,False,False,Abeta-RA-LTMR
abmajhpf-1,TMA00317,Abeta-RA-LTMR,False,False,False,Abeta-RA-LTMR
abmhdpbj-1,TMA00317,CGRP-Zeta,False,False,False,CGRP-Zeta
abmhjemo-1,TMA00317,Abeta-Field,False,False,False,Abeta-Field
abmifjcl-1,TMA00317,C-LTMR,False,False,False,C-LTMR
abmkfake-1,TMA00317,Adelta-LTMR,False,False,False,Adelta-LTMR
abmlebfd-1,TMA00317,Abeta-Field,False,False,False,Abeta-Field
abmmdpbi-1,TMA00317,Abeta-RA-LTMR,False,False,False,Abeta-RA-LTMR
abnbjjhl-1,TMA00317,C-LTMR,False,False,False,C-LTMR
abnckjkm-1,TMA00317,TrpM8,False,False,False,TrpM8
abndfooi-1,TMA00317,Abeta-Field,False,False,False,Abeta-Field
abnghiln-1,TMA00317,Abeta-RA-LTMR,False,False,False,Abeta-RA-LTMR
abnheecj-1,TMA00317,Abeta-RA-LTMR,False,False,False,Abeta-RA-LTMR
abnjijgh-1,TMA00317,Abeta-RA-LTMR,False,False,False,Abeta-RA-LTMR
abnmelab-1,TMA00317,Abeta-Field,False,False,False,Abeta-Field
abnmfogd-1,TMA00317,CGRP-Theta,False,False,False,CGRP-Theta
aboidaaa-1,TMA00317,CGRP-Zeta,False,False,False,CGRP-Zeta
aboipall-1,TMA00317,Adelta-LTMR,False,False,False,Adelta-LTMR
abojccak-1,TMA00317,Adelta-LTMR,False,False,False,Adelta-LTMR
abookghb-1,TMA00317,Nonpeptidergic nociceptors,False,False,False,Nonpeptidergic nociceptors
abooogao-1,TMA00317,CGRP-Theta,False,False,False,CGRP-Theta
abopgkge-1,TMA00317,Proprioceptors,False,False,False,Proprioceptors
abophkid-1,TMA00317,Abeta-Field,False,False,False,Abeta-Field
abpaiobm-1,TMA00317,Abeta-RA-LTMR,False,False,False,Abeta-RA-LTMR
abpdbekl-1,TMA00317,Abeta-RA-LTMR,False,False,False,Abeta-RA-LTMR
abpdhinf-1,TMA00317,Nonpeptidergic nociceptors,False,False,False,Nonpeptidergic nociceptors
abpeiefc-1,TMA00317,Nonpeptidergic nociceptors,False,False,False,Nonpeptidergic nociceptors
abphafip-1,TMA00317,C-LTMR,False,False,False,C-LTMR
abpjjakn-1,TMA00317,Abeta-Field,False,False,False,Abeta-Field
abpkdmbj-1,TMA00317,CGRP-Zeta,False,False,False,CGRP-Zeta
acacpdll-1,TMA00317,Nonpeptidergic nociceptors,False,False,False,Nonpeptidergic nociceptors
acafdnii-1,TMA00317,C-LTMR,False,False,False,C-LTMR
acanmigl-1,TMA00317,Nonpeptidergic nociceptors,False,False,False,Nonpeptidergic nociceptors
acaoelej-1,TMA00317,CGRP-Theta,False,False,False,CGRP-Theta
acapfpgc-1,TMA00317,CGRP-Alpha,False,False,False,CGRP-Alpha
acbcnapn-1,TMA00317,Adelta-LTMR,False,False,False,Adelta-LTMR
acbmghfe-1,TMA00317,CGRP-Gamma 1,False,False,False,CGRP-Gamma 1
acclhcii-1,TMA00317,Nonpeptidergic nociceptors,False,False,False,Nonpeptidergic nociceptors
accpkeem-1,TMA00317,Proprioceptors,False,False,False,Proprioceptors
acdccobk-1,TMA00317,Proprioceptors,False,False,False,Proprioceptors
acdiijji-1,TMA00317,Nonpeptidergic nociceptors,False,False,False,Nonpeptidergic nociceptors
acdkkecc-1,TMA00317,Proprioceptors,False,False,False,Proprioceptors
aceabdco-1,TMA00317,CGRP-Theta,False,False,False,CGRP-Theta
aceajbke-1,TMA00317,Proprioceptors,False,False,False,Proprioceptors
aceaofkk-1,TMA00317,Abeta-RA-LTMR,False,False,False,Abeta-RA-LTMR
aceebncg-1,TMA00317,TrpM8,False,False,False,TrpM8
aceeldhp-1,TMA00317,CGRP-Eta,False,False,False,CGRP-Eta
acelbamn-1,TMA00317,Sst,False,False,False,Sst
acelohgj-1,TMA00317,Sst,False,False,False,Sst
acgbjeah-1,TMA00317,Nonpeptidergic nociceptors,False,False,False,Nonpeptidergic nociceptors
acgicbfk-1,TMA00317,CGRP-Theta,False,False,False,CGRP-Theta
acgiimke-1,TMA00317,CGRP-Zeta,False,False,False,CGRP-Zeta
acgjeank-1,TMA00317,TrpM8,False,False,False,TrpM8
acgmende-1,TMA00317,TrpM8,False,False,False,TrpM8
achefamd-1,TMA00317,Nonpeptidergic nociceptors,False,False,False,Nonpeptidergic nociceptors
adahpcph-1,TMA00317,C-LTMR,False,False,False,C-LTMR
adampccf-1,TMA00317,CGRP-Gamma 1,False,False,False,CGRP-Gamma 1
adaombol-1,TMA00317,Nonpeptidergic nociceptors,False,False,False,Nonpeptidergic nociceptors
adbdffic-1,TMA00317,CGRP-Eta,False,False,False,CGRP-Eta
adbdmmii-1,TMA00317,Sst,False,False,False,Sst
adbmjknl-1,TMA00317,CGRP-Gamma 1,False,False,False,CGRP-Gamma 1
adclojgn-1,TMA00317,CGRP-Alpha,False,False,False,CGRP-Alpha
addngnnk-1,TMA00317,Abeta-Field,False,False,False,Abeta-Field
adecolik-1,TMA00317,Adelta-LTMR,False,False,False,Adelta-LTMR
adeenbpi-1,TMA00317,Abeta-RA-LTMR,False,False,False,Abeta-RA-LTMR
adehcncp-1,TMA00317,CGRP-Theta,False,False,False,CGRP-Theta
adeodkdo-1,TMA00317,Abeta-Field,False,False,False,Abeta-Field
adepamja-1,TMA00317,Nonpeptidergic nociceptors,False,False,False,Nonpeptidergic nociceptors
adfaalgi-1,TMA00317,Proprioceptors,False,False,False,Proprioceptors
adfekhmp-1,TMA00317,Abeta-RA-LTMR,False,False,False,Abeta-RA-LTMR
adffmjlj-1,TMA00317,Abeta-RA-LTMR,False,False,False,Abeta-RA-LTMR
adjckfnc-1,TMA00317,Nonpeptidergic nociceptors,False,False,False,Nonpeptidergic nociceptors
adjfnnoi-1,TMA00317,CGRP-Zeta,False,False,False,CGRP-Zeta
adjgjcnm-1,TMA00317,CGRP-Theta,False,False,False,CGRP-Theta
adjhaklh-1,TMA00317,Abeta-RA-LTMR,False,False,False,Abeta-RA-LTMR
adjhhjkp-1,TMA00317,Proprioceptors,False,False,False,Proprioceptors
adjjoejo-1,TMA00317,Proprioceptors,False,False,False,Proprioceptors
adkdildk-1,TMA00317,Abeta-Field,False,False,False,Abeta-Field
adkpcaeh-1,TMA00317,Proprioceptors,False,False,False,Proprioceptors
adljdcji-1,TMA00317,Sst,False,False,False,Sst
admdhkjf-1,TMA00317,Abeta-Field,False,False,False,Abeta-Field
admdpmmf-1,TMA00317,Abeta-Field,False,False,False,Abeta-Field
admfaiea-1,TMA00317,Nonpeptidergic nociceptors,False,False,False,Nonpeptidergic nociceptors
adncicfp-1,TMA00317,Proprioceptors,False,False,False,Proprioceptors
adncokda-1,TMA00317,CGRP-Alpha,False,False,False,CGRP-Alpha
adneikhb-1,TMA00317,CGRP-Eta,False,False,False,CGRP-Eta
adobbgmp-1,TMA00317,Sst,False,False,False,Sst
adoiommd-1,TMA00317,Abeta-RA-LTMR,False,False,False,Abeta-RA-LTMR
adombkac-1,TMA00317,Nonpeptidergic nociceptors,False,False,False,Nonpeptidergic nociceptors
adpalkib-1,TMA00317,Abeta-Field,False,False,False,Abeta-Field
adpenhbm-1,TMA00317,TrpM8,False,False,False,TrpM8
adpfmcih-1,TMA00317,C-LTMR,False,False,False,C-LTMR
adpkedfl-1,TMA00317,Abeta-Field,False,False,False,Abeta-Field
adpmcmpm-1,TMA00317,Nonpeptidergic nociceptors,False,False,False,Nonpeptidergic nociceptors
adpmkdko-1,TMA00317,TrpM8,False,False,False,TrpM8
aeackogj-1,TMA00317,C-LTMR,False,False,False,C-LTMR
aeafionn-1,TMA00317,Proprioceptors,False,False,False,Proprioceptors
aeaioolc-1,TMA00317,Abeta-RA-LTMR,False,False,False,Abeta-RA-LTMR
aebbdpbl-1,TMA00317,Proprioceptors,False,False,False,Proprioceptors
aebdnlmo-1,TMA00317,Abeta-RA-LTMR,False,False,False,Abeta-RA-LTMR
aebhlabg-1,TMA00317,Proprioceptors,False,False,False,Proprioceptors
aebjlmla-1,TMA00317,Abeta-Field,False,False,False,Abeta-Field
aecgmijg-1,TMA00317,Nonpeptidergic nociceptors,False,False,False,Nonpeptidergic nociceptors
aeckijfi-1,TMA00317,TrpM8,False,False,False,TrpM8
aecmaeng-1,TMA00317,Proprioceptors,False,False,False,Proprioceptors
aecnoalk-1,TMA00317,Proprioceptors,False,False,False,Proprioceptors
aedekcnb-1,TMA00317,CGRP-Alpha,False,False,False,CGRP-Alpha
aedjcani-1,TMA00317,CGRP-Gamma 2,False,False,False,CGRP-Gamma 2
aeehejmc-1,TMA00317,Adelta-LTMR,False,False,False,Adelta-LTMR
aeeloffp-1,TMA00317,TrpM8,False,False,False,TrpM8
aeendjld-1,TMA00317,CGRP-Gamma 1,False,False,False,CGRP-Gamma 1
aeeohmdc-1,TMA00317,Nonpeptidergic nociceptors,False,False,False,Nonpeptidergic nociceptors
aeeopojg-1,TMA00317,TrpM8,False,False,False,TrpM8
aefdgdfi-1,TMA00317,CGRP-Zeta,False,False,False,CGRP-Zeta
aegdkcpp-1,TMA00317,C-LTMR,False,False,False,C-LTMR
aegfijoa-1,TMA00317,CGRP-Eta,False,False,False,CGRP-Eta
aegfkeca-1,TMA00317,CGRP-Zeta,False,False,False,CGRP-Zeta
aegnleei-1,TMA00317,CGRP-Eta,False,False,False,CGRP-Eta
aegpafgg-1,TMA00317,Abeta-RA-LTMR,False,False,False,Abeta-RA-LTMR
aehcjamn-1,TMA00317,CGRP-Eta,False,False,False,CGRP-Eta
aehhlabg-1,TMA00317,Abeta-RA-LTMR,False,False,False,Abeta-RA-LTMR
aehmbjch-1,TMA00317,TrpM8,False,False,False,TrpM8
aehnmlbf-1,TMA00317,Adelta-LTMR,False,False,False,Adelta-LTMR
aeibgmod-1,TMA00317,CGRP-Gamma 1,False,False,False,CGRP-Gamma 1
aeidpndl-1,TMA00317,Abeta-RA-LTMR,False,False,False,Abeta-RA-LTMR
aeiefghl-1,TMA00317,CGRP-Gamma 1,False,False,False,CGRP-Gamma 1
aeimflid-1,TMA00317,C-LTMR,False,False,False,C-LTMR
aeipacka-1,TMA00317,C-LTMR,False,False,False,C-LTMR
aejckpld-1,TMA00317,Nonpeptidergic nociceptors,False,False,False,Nonpeptidergic nociceptors
aejggfnf-1,TMA00317,CGRP-Eta,False,False,False,CGRP-Eta
aejijicd-1,TMA00317,CGRP-Theta,False,False,False,CGRP-Theta
aejkbcmo-1,TMA00317,CGRP-Eta,False,False,False,CGRP-Eta
aejledfl-1,TMA00317,Sst,False,False,False,Sst
aekbmakc-1,TMA00317,C-LTMR,False,False,False,C-LTMR
aekddlbp-1,TMA00317,Nonpeptidergic nociceptors,False,False,False,Nonpeptidergic nociceptors
aekdeiok-1,TMA00317,Nonpeptidergic nociceptors,False,False,False,Nonpeptidergic nociceptors
aekffinp-1,TMA00317,CGRP-Gamma 1,False,False,False,CGRP-Gamma 1
aekhmhef-1,TMA00317,CGRP-Gamma 1,False,False,False,CGRP-Gamma 1
aekjcpjl-1,TMA00317,CGRP-Eta,False,False,False,CGRP-Eta
aekpihli-1,TMA00317,C-LTMR,False,False,False,C-LTMR
aelefnhc-1,TMA00317,CGRP-Eta,False,False,False,CGRP-Eta
aelepdnf-1,TMA00317,Sst,False,False,False,Sst
aelfclob-1,TMA00317,C-LTMR,False,False,False,C-LTMR
aeliooom-1,TMA00317,CGRP-Epsilion,False,False,False,CGRP-Epsilion
aeljbolb-1,TMA00317,TrpM8,False,False,False,TrpM8
aelkclbj-1,TMA00317,CGRP-Alpha,False,False,False,CGRP-Alpha
aelkidkp-1,TMA00317,C-LTMR,False,False,False,C-LTMR
aelodfjc-1,TMA00317,CGRP-Alpha,False,False,False,CGRP-Alpha
aelolein-1,TMA00317,Nonpeptidergic nociceptors,False,False,False,Nonpeptidergic nociceptors
aelpfoih-1,TMA00317,C-LTMR,False,False,False,C-LTMR
aemencbo-1,TMA00317,Abeta-RA-LTMR,False,False,False,Abeta-RA-LTMR
aemgkdhk-1,TMA00317,Abeta-RA-LTMR,False,False,False,Abeta-RA-LTMR
aemhlemb-1,TMA00317,CGRP-Theta,False,False,False,CGRP-Theta
aemnllaj-1,TMA00317,Nonpeptidergic nociceptors,False,False,False,Nonpeptidergic nociceptors
aencdafc-1,TMA00317,Nonpeptidergic nociceptors,False,False,False,Nonpeptidergic nociceptors
aengefam-1,TMA00317,CGRP-Eta,False,False,False,CGRP-Eta
aenhnlfh-1,TMA00317,Adelta-LTMR,False,False,False,Adelta-LTMR
aeniepfl-1,TMA00317,CGRP-Epsilion,False,False,False,CGRP-Epsilion
aeoajhmk-1,TMA00317,Nonpeptidergic nociceptors,False,False,False,Nonpeptidergic nociceptors
aeocljbl-1,TMA00317,Nonpeptidergic nociceptors,False,False,False,Nonpeptidergic nociceptors
aeoedlpo-1,TMA00317,C-LTMR,False,False,False,C-LTMR
aeohmbho-1,TMA00317,CGRP-Gamma 1,False,False,False,CGRP-Gamma 1
aeojfcde-1,TMA00317,CGRP-Eta,False,False,False,CGRP-Eta
aeologfl-1,TMA00317,CGRP-Alpha,False,False,False,CGRP-Alpha
aeomacfa-1,TMA00317,CGRP-Epsilion,False,False,False,CGRP-Epsilion
aepdijfj-1,TMA00317,Nonpeptidergic nociceptors,False,False,False,Nonpeptidergic nociceptors
aepecbch-1,TMA00317,C-LTMR,False,False,False,C-LTMR
aepeoaim-1,TMA00317,Nonpeptidergic nociceptors,False,False,False,Nonpeptidergic nociceptors
aepmonhn-1,TMA00317,C-LTMR,False,False,False,C-LTMR
aepphkpg-1,TMA00317,CGRP-Zeta,False,False,False,CGRP-Zeta
aepphpjd-1,TMA00317,Sst,False,False,False,Sst
afaabfgp-1,TMA00317,Abeta-Field,False,False,False,Abeta-Field
afacopfi-1,TMA00317,Nonpeptidergic nociceptors,False,False,False,Nonpeptidergic nociceptors
afajokhl-1,TMA00317,CGRP-Theta,False,False,False,CGRP-Theta
afandkhi-1,TMA00317,TrpM8,False,False,False,TrpM8
afbaghci-1,TMA00317,TrpM8,False,False,False,TrpM8
afbbhdgg-1,TMA00317,CGRP-Eta,False,False,False,CGRP-Eta
afbceakb-1,TMA00317,Abeta-Field,False,False,False,Abeta-Field
afbdkpjg-1,TMA00317,CGRP-Alpha,False,False,False,CGRP-Alpha
afbijbkh-1,TMA00317,Nonpeptidergic nociceptors,False,False,False,Nonpeptidergic nociceptors
afbijlec-1,TMA00317,Nonpeptidergic nociceptors,False,False,False,Nonpeptidergic nociceptors
afbikkje-1,TMA00317,CGRP-Eta,False,False,False,CGRP-Eta
afbjikjl-1,TMA00317,CGRP-Alpha,False,False,False,CGRP-Alpha
afbnehij-1,TMA00317,Nonpeptidergic nociceptors,False,False,False,Nonpeptidergic nociceptors
afboafoc-1,TMA00317,CGRP-Eta,False,False,False,CGRP-Eta
afccbngd-1,TMA00317,CGRP-Gamma 1,False,False,False,CGRP-Gamma 1
afcddbgj-1,TMA00317,Sst,False,False,False,Sst
afcfiahl-1,TMA00317,Abeta-Field,False,False,False,Abeta-Field
afdakolg-1,TMA00317,CGRP-Eta,False,False,False,CGRP-Eta
afdbagan-1,TMA00317,Proprioceptors,False,False,False,Proprioceptors
afdgndma-1,TMA00317,CGRP-Zeta,False,False,False,CGRP-Zeta
afdichmd-1,TMA00317,C-LTMR,False,False,False,C-LTMR
afdipgpj-1,TMA00317,C-LTMR,False,False,False,C-LTMR
afdjoimm-1,TMA00317,Nonpeptidergic nociceptors,False,False,False,Nonpeptidergic nociceptors
afefplgh-1,TMA00317,Abeta-RA-LTMR,False,False,False,Abeta-RA-LTMR
afehaeec-1,TMA00317,C-LTMR,False,False,False,C-LTMR
afekfnpl-1,TMA00317,CGRP-Eta,False,False,False,CGRP-Eta
afemciho-1,TMA00317,Proprioceptors,False,False,False,Proprioceptors
afepeojf-1,TMA00317,TrpM8,False,False,False,TrpM8
affbfbpk-1,TMA00317,TrpM8,False,False,False,TrpM8
affbkpje-1,TMA00317,TrpM8,False,False,False,TrpM8
affdflkm-1,TMA00317,Nonpeptidergic nociceptors,False,False,False,Nonpeptidergic nociceptors
affdhmbm-1,TMA00317,C-LTMR,False,False,False,C-LTMR
affemklg-1,TMA00317,CGRP-Eta,False,False,False,CGRP-Eta
affifcbn-1,TMA00317,CGRP-Eta,False,False,False,CGRP-Eta
affiooii-1,TMA00317,Nonpeptidergic nociceptors,False,False,False,Nonpeptidergic nociceptors
affjgnnj-1,TMA00317,CGRP-Eta,False,False,False,CGRP-Eta
afgklojn-1,TMA00317,Nonpeptidergic nociceptors,False,False,False,Nonpeptidergic nociceptors
afgppkoc-1,TMA00317,C-LTMR,False,False,False,C-LTMR
afhbdpkd-1,TMA00317,Abeta-RA-LTMR,False,False,False,Abeta-RA-LTMR
afheobnn-1,TMA00317,Nonpeptidergic nociceptors,False,False,False,Nonpeptidergic nociceptors
afhffjao-1,TMA00317,Nonpeptidergic nociceptors,False,False,False,Nonpeptidergic nociceptors
afhgkmil-1,TMA00317,Nonpeptidergic nociceptors,False,False,False,Nonpeptidergic nociceptors
afhmanff-1,TMA00317,CGRP-Eta,False,False,False,CGRP-Eta
afibgbha-1,TMA00317,Proprioceptors,False,False,False,Proprioceptors
afichfdh-1,TMA00317,Abeta-Field,False,False,False,Abeta-Field
afjcpiib-1,TMA00317,CGRP-Eta,False,False,False,CGRP-Eta
afjepgef-1,TMA00317,Proprioceptors,False,False,False,Proprioceptors
afjmijbc-1,TMA00317,CGRP-Alpha,False,False,False,CGRP-Alpha
afjnhphd-1,TMA00317,Nonpeptidergic nociceptors,False,False,False,Nonpeptidergic nociceptors
afjomojl-1,TMA00317,CGRP-Zeta,False,False,False,CGRP-Zeta
afkaijkb-1,TMA00317,Proprioceptors,False,False,False,Proprioceptors
afkfiloa-1,TMA00317,Nonpeptidergic nociceptors,False,False,False,Nonpeptidergic nociceptors
afkhcalj-1,TMA00317,Adelta-LTMR,False,False,False,Adelta-LTMR
afknmdef-1,TMA00317,Nonpeptidergic nociceptors,False,False,False,Nonpeptidergic nociceptors
afkobjia-1,TMA00317,Proprioceptors,False,False,False,Proprioceptors
aflbngff-1,TMA00317,Proprioceptors,False,False,False,Proprioceptors
aflgiobm-1,TMA00317,CGRP-Eta,False,False,False,CGRP-Eta
aflhkkbn-1,TMA00317,Abeta-RA-LTMR,False,False,False,Abeta-RA-LTMR
aflihooh-1,TMA00317,CGRP-Eta,False,False,False,CGRP-Eta
afmcaneg-1,TMA00317,Proprioceptors,False,False,False,Proprioceptors
afmdckbb-1,TMA00317,Abeta-RA-LTMR,False,False,False,Abeta-RA-LTMR
afmihnll-1,TMA00317,Proprioceptors,False,False,False,Proprioceptors
afmpaejl-1,TMA00317,Proprioceptors,False,False,False,Proprioceptors
afmpghbl-1,TMA00317,Nonpeptidergic nociceptors,False,False,False,Nonpeptidergic nociceptors
afnaphbp-1,TMA00317,CGRP-Eta,False,False,False,CGRP-Eta
afnbipga-1,TMA00317,Nonpeptidergic nociceptors,False,False,False,Nonpeptidergic nociceptors
afncegoa-1,TMA00317,Abeta-Field,False,False,False,Abeta-Field
afndajdp-1,TMA00317,CGRP-Theta,False,False,False,CGRP-Theta
afngkjof-1,TMA00317,Proprioceptors,False,False,False,Proprioceptors
afnjkhbl-1,TMA00317,Nonpeptidergic nociceptors,False,False,False,Nonpeptidergic nociceptors
afnonjjp-1,TMA00317,TrpM8,False,False,False,TrpM8
afoaecib-1,TMA00317,CGRP-Theta,False,False,False,CGRP-Theta
afodjife-1,TMA00317,Nonpeptidergic nociceptors,False,False,False,Nonpeptidergic nociceptors
afojoedg-1,TMA00317,Nonpeptidergic nociceptors,False,False,False,Nonpeptidergic nociceptors
afokedmf-1,TMA00317,Nonpeptidergic nociceptors,False,False,False,Nonpeptidergic nociceptors
afpabmjh-1,TMA00317,CGRP-Eta,False,False,False,CGRP-Eta
afpadgek-1,TMA00317,C-LTMR,False,False,False,C-LTMR
afpbmelb-1,TMA00317,CGRP-Eta,False,False,False,CGRP-Eta
afpcofcd-1,TMA00317,CGRP-Eta,False,False,False,CGRP-Eta
afpehbcl-1,TMA00317,CGRP-Eta,False,False,False,CGRP-Eta
afpjanfj-1,TMA00317,CGRP-Alpha,False,False,False,CGRP-Alpha
afppdagh-1,TMA00317,Nonpeptidergic nociceptors,False,False,False,Nonpeptidergic nociceptors
afppdmbi-1,TMA00317,Nonpeptidergic nociceptors,False,False,False,Nonpeptidergic nociceptors
agaadlgj-1,TMA00317,Nonpeptidergic nociceptors,False,False,False,Nonpeptidergic nociceptors
agafadab-1,TMA00317,Nonpeptidergic nociceptors,True,False,False,Nonpeptidergic nociceptors
agahnjnn-1,TMA00317,C-LTMR,False,False,False,C-LTMR
agaljmpl-1,TMA00317,C-LTMR,False,False,False,C-LTMR
agaocbal-1,TMA00317,Proprioceptors,False,False,False,Proprioceptors
agaocfnk-1,TMA00317,TrpM8,False,False,False,TrpM8
agbhbmld-1,TMA00317,Nonpeptidergic nociceptors,False,False,False,Nonpeptidergic nociceptors
agbldgnm-1,TMA00317,Abeta-Field,False,False,False,Abeta-Field
agcajakm-1,TMA00317,CGRP-Epsilion,False,False,False,CGRP-Epsilion
agcdccod-1,TMA00317,Adelta-LTMR,False,False,False,Adelta-LTMR
agcegjma-1,TMA00317,CGRP-Alpha,False,False,False,CGRP-Alpha
agdapbjm-1,TMA00317,TrpM8,False,False,False,TrpM8
agdjhnlh-1,TMA00317,Nonpeptidergic nociceptors,False,False,False,Nonpeptidergic nociceptors
agdpghmc-1,TMA00317,Nonpeptidergic nociceptors,False,False,False,Nonpeptidergic nociceptors
ageclada-1,TMA00317,CGRP-Gamma 1,False,False,False,CGRP-Gamma 1
ageiddff-1,TMA00317,CGRP-Zeta,False,False,False,CGRP-Zeta
agepjncp-1,TMA00317,Nonpeptidergic nociceptors,False,False,False,Nonpeptidergic nociceptors
agfaiogh-1,TMA00317,CGRP-Epsilion,False,False,False,CGRP-Epsilion
agfbidhp-1,TMA00317,CGRP-Eta,False,False,False,CGRP-Eta
agfdkojk-1,TMA00317,TrpM8,False,False,False,TrpM8
agfhjphm-1,TMA00317,Nonpeptidergic nociceptors,False,False,False,Nonpeptidergic nociceptors
aggakobd-1,TMA00317,CGRP-Theta,False,False,False,CGRP-Theta
aggbincn-1,TMA00317,Nonpeptidergic nociceptors,False,False,False,Nonpeptidergic nociceptors
aggblame-1,TMA00317,Nonpeptidergic nociceptors,False,False,False,Nonpeptidergic nociceptors
aggbmdfd-1,TMA00317,Adelta-LTMR,False,False,False,Adelta-LTMR
aggjjlkn-1,TMA00317,Proprioceptors,False,False,False,Proprioceptors
aggmbogf-1,TMA00317,CGRP-Eta,False,False,False,CGRP-Eta
aggmkbno-1,TMA00317,CGRP-Eta,False,False,False,CGRP-Eta
aggpfgid-1,TMA00317,TrpM8,False,False,False,TrpM8
aghkigkh-1,TMA00317,Proprioceptors,False,False,False,Proprioceptors
agjbloec-1,TMA00317,Abeta-RA-LTMR,False,False,False,Abeta-RA-LTMR
agjhhkae-1,TMA00317,Sst,False,False,False,Sst
agjnefea-1,TMA00317,CGRP-Eta,False,False,False,CGRP-Eta
agjnopck-1,TMA00317,CGRP-Eta,False,False,False,CGRP-Eta
agkefmbe-1,TMA00317,C-LTMR,False,False,False,C-LTMR
agkiapik-1,TMA00317,CGRP-Alpha,False,False,False,CGRP-Alpha
agkjhogm-1,TMA00317,C-LTMR,False,False,False,C-LTMR
agkjpolf-1,TMA00317,Abeta-Field,False,False,False,Abeta-Field
agkpglap-1,TMA00317,TrpM8,False,False,False,TrpM8
aglcklal-1,TMA00317,Proprioceptors,False,False,False,Proprioceptors
aglhngke-1,TMA00317,Nonpeptidergic nociceptors,False,False,False,Nonpeptidergic nociceptors
agmdifcn-1,TMA00317,Nonpeptidergic nociceptors,False,False,False,Nonpeptidergic nociceptors
agmfgden-1,TMA00317,CGRP-Theta,False,False,False,CGRP-Theta
agmhibca-1,TMA00317,Nonpeptidergic nociceptors,False,False,False,Nonpeptidergic nociceptors
agnkdgaj-1,TMA00317,C-LTMR,False,False,False,C-LTMR
agnmbige-1,TMA00317,Proprioceptors,False,False,False,Proprioceptors
agnpncfk-1,TMA00317,CGRP-Alpha,False,False,False,CGRP-Alpha
agohngnh-1,TMA00317,CGRP-Eta,False,False,False,CGRP-Eta
agokifin-1,TMA00317,Proprioceptors,False,False,False,Proprioceptors
agpaknde-1,TMA00317,Abeta-RA-LTMR,False,False,False,Abeta-RA-LTMR
agpcfnnm-1,TMA00317,Proprioceptors,False,False,False,Proprioceptors
agpdinkf-1,TMA00317,TrpM8,False,False,False,TrpM8
agpehepg-1,TMA00317,CGRP-Zeta,False,False,False,CGRP-Zeta
agpgcjoe-1,TMA00317,CGRP-Eta,False,False,False,CGRP-Eta
agphhmcf-1,TMA00317,C-LTMR,False,False,False,C-LTMR
agphnpcf-1,TMA00317,Nonpeptidergic nociceptors,False,False,False,Nonpeptidergic nociceptors
agpnloja-1,TMA00317,TrpM8,False,False,False,TrpM8
ahaalddi-1,TMA00317,Nonpeptidergic nociceptors,False,False,False,Nonpeptidergic nociceptors
ahafaonp-1,TMA00317,TrpM8,False,False,False,TrpM8
ahafapja-1,TMA00317,CGRP-Theta,False,False,False,CGRP-Theta
ahafokeh-1,TMA00317,CGRP-Alpha,False,False,False,CGRP-Alpha
ahalagkg-1,TMA00317,C-LTMR,False,False,False,C-LTMR
ahalifbe-1,TMA00317,TrpM8,False,False,False,TrpM8
ahbiijih-1,TMA00317,CGRP-Alpha,False,False,False,CGRP-Alpha
ahbkadkl-1,TMA00317,TrpM8,False,False,False,TrpM8
ahbldhpg-1,TMA00317,Nonpeptidergic nociceptors,False,False,False,Nonpeptidergic nociceptors
ahccihad-1,TMA00317,TrpM8,False,False,False,TrpM8
ahccpjcc-1,TMA00317,TrpM8,False,False,False,TrpM8
ahcdcebo-1,TMA00317,CGRP-Zeta,False,False,False,CGRP-Zeta
ahcefhek-1,TMA00317,CGRP-Zeta,False,False,False,CGRP-Zeta
ahcfblkn-1,TMA00317,TrpM8,False,False,False,TrpM8
ahcfohin-1,TMA00317,CGRP-Zeta,False,False,False,CGRP-Zeta
ahclkjme-1,TMA00317,CGRP-Epsilion,False,False,False,CGRP-Epsilion
ahcpkaoc-1,TMA00317,TrpM8,False,False,False,TrpM8
ahdikpjj-1,TMA00317,Nonpeptidergic nociceptors,False,False,False,Nonpeptidergic nociceptors
ahdliiab-1,TMA00317,C-LTMR,False,False,False,C-LTMR
ahdnhgff-1,TMA00317,Sst,False,False,False,Sst
ahdnjbdn-1,TMA00317,Sst,False,False,False,Sst
ahdoejei-1,TMA00317,C-LTMR,False,False,False,C-LTMR
ahdonjln-1,TMA00317,TrpM8,False,False,False,TrpM8
ahdpgfdb-1,TMA00317,CGRP-Alpha,False,False,False,CGRP-Alpha
ahdpkaai-1,TMA00317,TrpM8,False,False,False,TrpM8
aheannlo-1,TMA00317,TrpM8,False,False,False,TrpM8
ahemchpm-1,TMA00317,Sst,False,False,False,Sst
ahepmokh-1,TMA00317,CGRP-Gamma 1,False,False,False,CGRP-Gamma 1
ahfapmml-1,TMA00317,C-LTMR,False,False,False,C-LTMR
ahfbjbpa-1,TMA00317,C-LTMR,False,False,False,C-LTMR
ahffbhpa-1,TMA00317,C-LTMR,False,False,False,C-LTMR
ahfgcolk-1,TMA00317,CGRP-Zeta,False,False,False,CGRP-Zeta
ahfphfij-1,TMA00317,CGRP-Alpha,False,False,False,CGRP-Alpha
ahgamgma-1,TMA00317,C-LTMR,False,False,False,C-LTMR
ahgbconh-1,TMA00317,Nonpeptidergic nociceptors,False,False,False,Nonpeptidergic nociceptors
ahgcaaaf-1,TMA00317,Nonpeptidergic nociceptors,False,False,False,Nonpeptidergic nociceptors
ahgfpfkm-1,TMA00317,C-LTMR,False,False,False,C-LTMR
ahginhdi-1,TMA00317,TrpM8,False,False,False,TrpM8
ahglcmnc-1,TMA00317,TrpM8,False,False,False,TrpM8
ahglmdfm-1,TMA00317,CGRP-Eta,False,False,False,CGRP-Eta
ahgmkcfk-1,TMA00317,CGRP-Eta,False,False,False,CGRP-Eta
ahhackpb-1,TMA00317,CGRP-Gamma 1,False,False,False,CGRP-Gamma 1
ahhchebi-1,TMA00317,TrpM8,False,False,False,TrpM8
ahhfhhhh-1,TMA00317,TrpM8,False,False,False,TrpM8
ahhgnael-1,TMA00317,Nonpeptidergic nociceptors,False,False,False,Nonpeptidergic nociceptors
ahhikmlh-1,TMA00317,C-LTMR,False,False,False,C-LTMR
ahhjcdom-1,TMA00317,TrpM8,False,False,False,TrpM8
ahhjjfpc-1,TMA00317,Nonpeptidergic nociceptors,False,False,False,Nonpeptidergic nociceptors
ahijomgg-1,TMA00317,CGRP-Gamma 1,False,False,False,CGRP-Gamma 1
ahikbbba-1,TMA00317,CGRP-Gamma 1,False,False,False,CGRP-Gamma 1
ahimepii-1,TMA00317,CGRP-Gamma 2,False,True,False,CGRP-Gamma 2
ahinjblg-1,TMA00317,Nonpeptidergic nociceptors,False,False,False,Nonpeptidergic nociceptors
ahjmpahl-1,TMA00317,Abeta-RA-LTMR,False,False,False,Abeta-RA-LTMR
ahkcmhlm-1,TMA00317,CGRP-Alpha,False,False,False,CGRP-Alpha
ahkgnppn-1,TMA00317,CGRP-Epsilion,False,False,False,CGRP-Epsilion
ahkmgkfo-1,TMA00317,CGRP-Alpha,False,False,False,CGRP-Alpha
ahkooonj-1,TMA00317,CGRP-Alpha,False,False,False,CGRP-Alpha
ahphiklm-1,TMA00317,CGRP-Gamma 1,False,False,False,CGRP-Gamma 1
ahpldafi-1,TMA00317,Abeta-RA-LTMR,False,False,False,Abeta-RA-LTMR
ahpmphei-1,TMA00317,Abeta-RA-LTMR,False,False,False,Abeta-RA-LTMR
aiaadlpp-1,TMA00317,Abeta-RA-LTMR,False,False,False,Abeta-RA-LTMR
aiamohgl-1,TMA00317,C-LTMR,False,False,False,C-LTMR
aibbecio-1,TMA00317,Adelta-LTMR,False,False,False,Adelta-LTMR
aibckcfi-1,TMA00317,CGRP-Zeta,False,False,False,CGRP-Zeta
aibgdcfc-1,TMA00317,Nonpeptidergic nociceptors,False,False,False,Nonpeptidergic nociceptors
aibhmhhf-1,TMA00317,CGRP-Gamma 2,False,False,False,CGRP-Gamma 2
aibjkmnj-1,TMA00317,Adelta-LTMR,False,False,False,Adelta-LTMR
aibkbjmc-1,TMA00317,Adelta-LTMR,False,False,False,Adelta-LTMR
aiblgmla-1,TMA00317,Nonpeptidergic nociceptors,False,False,False,Nonpeptidergic nociceptors
aicilcol-1,TMA00317,CGRP-Theta,False,False,False,CGRP-Theta
aicohapl-1,TMA00317,CGRP-Gamma 2,False,False,False,CGRP-Gamma 2
aiconeon-1,TMA00317,Proprioceptors,False,False,False,Proprioceptors
aidddfil-1,TMA00317,Abeta-RA-LTMR,False,False,False,Abeta-RA-LTMR
aidjpehe-1,TMA00317,Proprioceptors,False,False,False,Proprioceptors
aidkchof-1,TMA00317,Nonpeptidergic nociceptors,False,False,False,Nonpeptidergic nociceptors
aidmdjfg-1,TMA00317,Abeta-RA-LTMR,False,False,False,Abeta-RA-LTMR
aieahcpg-1,TMA00317,CGRP-Zeta,False,False,False,CGRP-Zeta
aiebhfdk-1,TMA00317,CGRP-Zeta,False,False,False,CGRP-Zeta
aiegappf-1,TMA00317,CGRP-Theta,False,False,False,CGRP-Theta
aijapljl-1,TMA00317,CGRP-Alpha,False,False,False,CGRP-Alpha
aijcmnmm-1,TMA00317,CGRP-Zeta,False,False,False,CGRP-Zeta
aikakflb-1,TMA00317,Nonpeptidergic nociceptors,False,False,False,Nonpeptidergic nociceptors
aikgabbd-1,TMA00317,Sst,False,False,False,Sst
aiklpdbf-1,TMA00317,C-LTMR,False,False,False,C-LTMR
aiknembc-1,TMA00317,Nonpeptidergic nociceptors,False,False,False,Nonpeptidergic nociceptors
ailaliim-1,TMA00317,C-LTMR,False,False,False,C-LTMR
aildlfnf-1,TMA00317,Adelta-LTMR,False,False,False,Adelta-LTMR
aileihjc-1,TMA00317,Adelta-LTMR,False,False,False,Adelta-LTMR
ailipena-1,TMA00317,CGRP-Epsilion,False,False,False,CGRP-Epsilion
aimggklf-1,TMA00317,CGRP-Alpha,False,False,False,CGRP-Alpha
ainnamog-1,TMA00317,Adelta-LTMR,False,False,False,Adelta-LTMR
aiohpmli-1,TMA00317,CGRP-Eta,False,False,False,CGRP-Eta
aioilmhn-1,TMA00317,Proprioceptors,False,False,False,Proprioceptors
aiolhphi-1,TMA00317,Adelta-LTMR,False,False,False,Adelta-LTMR
aipjnfbh-1,TMA00317,Proprioceptors,False,False,False,Proprioceptors
aiplehfa-1,TMA00317,Abeta-RA-LTMR,False,False,False,Abeta-RA-LTMR
ajhaaapn-1,TMA00317,Nonpeptidergic nociceptors,False,False,False,Nonpeptidergic nociceptors
ajhlhcce-1,TMA00317,CGRP-Eta,False,False,False,CGRP-Eta
ajhndodp-1,TMA00317,Nonpeptidergic nociceptors,False,False,False,Nonpeptidergic nociceptors
ajhnjbci-1,TMA00317,Nonpeptidergic nociceptors,False,False,False,Nonpeptidergic nociceptors
ajieeagn-1,TMA00317,Nonpeptidergic nociceptors,False,False,False,Nonpeptidergic nociceptors
ajifhmdh-1,TMA00317,Adelta-LTMR,False,False,False,Adelta-LTMR
ajiggace-1,TMA00317,CGRP-Zeta,False,False,False,CGRP-Zeta
ajiigfpl-1,TMA00317,Abeta-RA-LTMR,False,False,False,Abeta-RA-LTMR
ajimgbjk-1,TMA00317,Abeta-RA-LTMR,False,False,False,Abeta-RA-LTMR
ajimijnh-1,TMA00317,Abeta-RA-LTMR,False,False,False,Abeta-RA-LTMR
ajiohige-1,TMA00317,CGRP-Zeta,False,False,False,CGRP-Zeta
ajjacekp-1,TMA00317,Proprioceptors,False,False,False,Proprioceptors
ajjcfhoi-1,TMA00317,Abeta-RA-LTMR,False,False,False,Abeta-RA-LTMR
ajjhllde-1,TMA00317,Nonpeptidergic nociceptors,False,False,False,Nonpeptidergic nociceptors
ajjibamj-1,TMA00317,CGRP-Theta,False,False,False,CGRP-Theta
ajjimbdp-1,TMA00317,CGRP-Theta,False,False,False,CGRP-Theta
ajjkbiim-1,TMA00317,CGRP-Theta,False,False,False,CGRP-Theta
ajjlhebh-1,TMA00317,CGRP-Zeta,False,False,False,CGRP-Zeta
ajjmnlij-1,TMA00317,Abeta-RA-LTMR,False,False,False,Abeta-RA-LTMR
ajjphbjg-1,TMA00317,CGRP-Alpha,False,False,False,CGRP-Alpha
ajkahnnf-1,TMA00317,Nonpeptidergic nociceptors,False,False,False,Nonpeptidergic nociceptors
ajkcomjd-1,TMA00317,Nonpeptidergic nociceptors,False,False,False,Nonpeptidergic nociceptors
ajkdcblo-1,TMA00317,Nonpeptidergic nociceptors,False,False,False,Nonpeptidergic nociceptors
ajkgaloe-1,TMA00317,Nonpeptidergic nociceptors,False,False,False,Nonpeptidergic nociceptors
ajkjnaal-1,TMA00317,Nonpeptidergic nociceptors,False,False,False,Nonpeptidergic nociceptors
ajkkfhii-1,TMA00317,Proprioceptors,False,False,False,Proprioceptors
ajkmgmkk-1,TMA00317,CGRP-Gamma 1,False,False,False,CGRP-Gamma 1
ajkocpjh-1,TMA00317,TrpM8,False,False,False,TrpM8
ajlbkclk-1,TMA00317,Proprioceptors,False,False,False,Proprioceptors
ajlbpkdk-1,TMA00317,TrpM8,False,False,False,TrpM8
ajlelojl-1,TMA00317,Sst,False,False,False,Sst
ajlfajoc-1,TMA00317,TrpM8,False,False,False,TrpM8
ajlfcdlo-1,TMA00317,CGRP-Alpha,False,False,False,CGRP-Alpha
ajlfiibd-1,TMA00317,TrpM8,False,False,False,TrpM8
ajlhkege-1,TMA00317,CGRP-Alpha,False,False,False,CGRP-Alpha
ajljbepm-1,TMA00317,CGRP-Epsilion,False,False,False,CGRP-Epsilion
ajlkepno-1,TMA00317,Nonpeptidergic nociceptors,False,False,False,Nonpeptidergic nociceptors
ajlmpbbo-1,TMA00317,Abeta-RA-LTMR,False,False,False,Abeta-RA-LTMR
ajlnojnn-1,TMA00317,Abeta-RA-LTMR,False,False,False,Abeta-RA-LTMR
ajmcnjkf-1,TMA00317,Proprioceptors,False,False,False,Proprioceptors
ajmegani-1,TMA00317,Abeta-RA-LTMR,False,False,False,Abeta-RA-LTMR
ajmfajjh-1,TMA00317,Nonpeptidergic nociceptors,False,False,False,Nonpeptidergic nociceptors
ajmfjinb-1,TMA00317,Nonpeptidergic nociceptors,False,False,False,Nonpeptidergic nociceptors
ajmflpmi-1,TMA00317,Nonpeptidergic nociceptors,False,False,False,Nonpeptidergic nociceptors
ajmjaodb-1,TMA00317,C-LTMR,False,False,False,C-LTMR
ajmjofhi-1,TMA00317,CGRP-Eta,False,False,False,CGRP-Eta
ajmnccel-1,TMA00317,Proprioceptors,False,False,False,Proprioceptors
ajmphblf-1,TMA00317,Abeta-RA-LTMR,False,False,False,Abeta-RA-LTMR
ajngippo-1,TMA00317,Abeta-RA-LTMR,False,False,False,Abeta-RA-LTMR
ajnpbgdc-1,TMA00317,Abeta-RA-LTMR,False,False,False,Abeta-RA-LTMR
ajoafgpi-1,TMA00317,CGRP-Zeta,False,False,False,CGRP-Zeta
ajomhooa-1,TMA00317,Nonpeptidergic nociceptors,False,False,False,Nonpeptidergic nociceptors
ajpbnpim-1,TMA00317,Nonpeptidergic nociceptors,False,False,False,Nonpeptidergic nociceptors
ajpdeipd-1,TMA00317,CGRP-Alpha,False,False,False,CGRP-Alpha
ajpdfpaf-1,TMA00317,CGRP-Alpha,False,False,False,CGRP-Alpha
ajpdlaoi-1,TMA00317,Abeta-RA-LTMR,False,False,False,Abeta-RA-LTMR
ajpdoohl-1,TMA00317,Abeta-RA-LTMR,False,False,False,Abeta-RA-LTMR
ajpibhac-1,TMA00317,Nonpeptidergic nociceptors,False,False,False,Nonpeptidergic nociceptors
akaajdda-1,TMA00317,Proprioceptors,False,False,False,Proprioceptors
akacibea-1,TMA00317,Proprioceptors,False,False,False,Proprioceptors
akagbnab-1,TMA00317,Proprioceptors,False,False,False,Proprioceptors
akagfdcj-1,TMA00317,TrpM8,False,False,False,TrpM8
akaggnal-1,TMA00317,Nonpeptidergic nociceptors,False,False,False,Nonpeptidergic nociceptors
akaimcef-1,TMA00317,Nonpeptidergic nociceptors,False,False,False,Nonpeptidergic nociceptors
akbefkdk-1,TMA00317,CGRP-Eta,False,False,False,CGRP-Eta
akbfemmd-1,TMA00317,Nonpeptidergic nociceptors,False,False,False,Nonpeptidergic nociceptors
akbffpoa-1,TMA00317,Nonpeptidergic nociceptors,False,False,False,Nonpeptidergic nociceptors
akblleob-1,TMA00317,CGRP-Alpha,False,False,False,CGRP-Alpha
akbpnmgc-1,TMA00317,Abeta-RA-LTMR,False,False,False,Abeta-RA-LTMR
akcbdhck-1,TMA00317,Abeta-RA-LTMR,False,False,False,Abeta-RA-LTMR
akcdggpg-1,TMA00317,C-LTMR,False,False,False,C-LTMR
akcfgple-1,TMA00317,Nonpeptidergic nociceptors,False,False,False,Nonpeptidergic nociceptors
akcnfaff-1,TMA00317,Abeta-Field,False,False,False,Abeta-Field
akcpaojh-1,TMA00317,TrpM8,False,False,False,TrpM8
akdemldc-1,TMA00317,CGRP-Zeta,False,False,False,CGRP-Zeta
akdfgdep-1,TMA00317,C-LTMR,False,False,False,C-LTMR
akfnimfm-1,TMA00317,CGRP-Theta,False,False,False,CGRP-Theta
akfpekjg-1,TMA00317,Nonpeptidergic nociceptors,False,False,False,Nonpeptidergic nociceptors
akfpomhh-1,TMA00317,Proprioceptors,False,False,False,Proprioceptors
akgbmdig-1,TMA00317,TrpM8,False,False,False,TrpM8
akgbnmdj-1,TMA00317,CGRP-Gamma 1,False,False,False,CGRP-Gamma 1
akggdklg-1,TMA00317,CGRP-Theta,False,False,False,CGRP-Theta
akglijgk-1,TMA00317,C-LTMR,False,False,False,C-LTMR
akgmiejc-1,TMA00317,C-LTMR,False,False,False,C-LTMR
akgmikoa-1,TMA00317,Nonpeptidergic nociceptors,False,False,False,Nonpeptidergic nociceptors
akhbbncd-1,TMA00317,C-LTMR,False,False,False,C-LTMR
akhcdkef-1,TMA00317,Proprioceptors,False,False,False,Proprioceptors
akhgbhai-1,TMA00317,Sst,False,False,False,Sst
akhifala-1,TMA00317,Proprioceptors,False,False,False,Proprioceptors
akipfhcn-1,TMA00317,CGRP-Eta,False,False,False,CGRP-Eta
akipgpgc-1,TMA00317,Proprioceptors,False,False,False,Proprioceptors
akjalffb-1,TMA00317,Proprioceptors,False,False,False,Proprioceptors
akjbbimc-1,TMA00317,Proprioceptors,False,False,False,Proprioceptors
akjhcafl-1,TMA00317,Abeta-RA-LTMR,False,False,False,Abeta-RA-LTMR
akjjkpoh-1,TMA00317,C-LTMR,False,False,False,C-LTMR
akkapbch-1,TMA00317,C-LTMR,False,False,False,C-LTMR
akkdjmjb-1,TMA00317,C-LTMR,False,False,False,C-LTMR
akkmjnan-1,TMA00317,CGRP-Gamma 1,False,False,False,CGRP-Gamma 1
aklcleeg-1,TMA00317,CGRP-Epsilion,False,False,False,CGRP-Epsilion
aklfbkem-1,TMA00317,CGRP-Gamma 1,False,False,False,CGRP-Gamma 1
aklfbpjn-1,TMA00317,TrpM8,False,False,False,TrpM8
aklhkdoa-1,TMA00317,CGRP-Epsilion,False,False,False,CGRP-Epsilion
aklpjfpk-1,TMA00317,Abeta-RA-LTMR,False,False,False,Abeta-RA-LTMR
akmgpkfi-1,TMA00317,Abeta-RA-LTMR,False,False,False,Abeta-RA-LTMR
akmhneih-1,TMA00317,Abeta-RA-LTMR,False,False,False,Abeta-RA-LTMR
alapbpfd-1,TMA00317,CGRP-Zeta,False,False,False,CGRP-Zeta
alapdkgf-1,TMA00317,CGRP-Gamma 1,False,False,False,CGRP-Gamma 1
albbbnml-1,TMA00317,CGRP-Eta,False,False,False,CGRP-Eta
albfejlp-1,TMA00317,TrpM8,False,False,False,TrpM8
aldfnjfn-1,TMA00317,CGRP-Gamma 1,False,False,False,CGRP-Gamma 1
aldhelbh-1,TMA00317,CGRP-Alpha,False,False,False,CGRP-Alpha
aldiebng-1,TMA00317,C-LTMR,False,False,False,C-LTMR
aldjbcef-1,TMA00317,CGRP-Eta,False,False,False,CGRP-Eta
aldjhfkd-1,TMA00317,CGRP-Gamma 2,False,False,False,CGRP-Gamma 2
aldjpkml-1,TMA00317,CGRP-Gamma 2,False,False,False,CGRP-Gamma 2
alegfkao-1,TMA00317,Nonpeptidergic nociceptors,False,False,False,Nonpeptidergic nociceptors
alegnlaj-1,TMA00317,CGRP-Alpha,False,False,False,CGRP-Alpha
alficnfo-1,TMA00317,C-LTMR,False,False,False,C-LTMR
alfkbceh-1,TMA00317,Sst,False,False,False,Sst
algboaha-1,TMA00317,TrpM8,False,False,False,TrpM8
algejiba-1,TMA00317,C-LTMR,False,False,False,C-LTMR
algengcd-1,TMA00317,C-LTMR,False,False,False,C-LTMR
algiakhn-1,TMA00317,Nonpeptidergic nociceptors,False,False,False,Nonpeptidergic nociceptors
algmmedh-1,TMA00317,TrpM8,False,False,False,TrpM8
alhhamgp-1,TMA00317,CGRP-Alpha,False,False,False,CGRP-Alpha
alhjlojh-1,TMA00317,CGRP-Alpha,False,False,False,CGRP-Alpha
aliahcjh-1,TMA00317,CGRP-Beta,False,False,False,CGRP-Beta
alineikm-1,TMA00317,CGRP-Gamma 1,False,False,False,CGRP-Gamma 1
aljahedn-1,TMA00317,CGRP-Theta,False,False,False,CGRP-Theta
aljcmmoc-1,TMA00317,CGRP-Gamma 1,False,False,False,CGRP-Gamma 1
aljekhnb-1,TMA00317,CGRP-Epsilion,False,False,False,CGRP-Epsilion
aljeldnd-1,TMA00317,Sst,False,False,False,Sst
aljggmla-1,TMA00317,CGRP-Eta,False,False,False,CGRP-Eta
aljkccmb-1,TMA00317,CGRP-Eta,False,False,False,CGRP-Eta
alkphhpj-1,TMA00317,CGRP-Epsilion,False,False,False,CGRP-Epsilion
alldhigg-1,TMA00317,TrpM8,False,False,False,TrpM8
allenlkk-1,TMA00317,CGRP-Epsilion,False,False,False,CGRP-Epsilion
allodgho-1,TMA00317,CGRP-Epsilion,False,False,False,CGRP-Epsilion
almefmol-1,TMA00317,CGRP-Alpha,False,False,False,CGRP-Alpha
almfnmgn-1,TMA00317,Nonpeptidergic nociceptors,False,False,False,Nonpeptidergic nociceptors
almkkhji-1,TMA00317,Nonpeptidergic nociceptors,False,False,False,Nonpeptidergic nociceptors
almokmhl-1,TMA00317,CGRP-Epsilion,False,False,False,CGRP-Epsilion
alnbmmdm-1,TMA00317,TrpM8,False,False,False,TrpM8
alnebimi-1,TMA00317,CGRP-Alpha,False,False,False,CGRP-Alpha
alnjfllo-1,TMA00317,Abeta-RA-LTMR,False,False,False,Abeta-RA-LTMR
alnkbjdc-1,TMA00317,Abeta-RA-LTMR,False,False,False,Abeta-RA-LTMR
alnljemp-1,TMA00317,CGRP-Gamma 1,False,False,False,CGRP-Gamma 1
alnnmfde-1,TMA00317,C-LTMR,False,False,False,C-LTMR
alpjakjm-1,TMA00317,Nonpeptidergic nociceptors,False,False,False,Nonpeptidergic nociceptors
alpkolja-1,TMA00317,Nonpeptidergic nociceptors,False,False,False,Nonpeptidergic nociceptors
alpmfmcl-1,TMA00317,Nonpeptidergic nociceptors,False,False,False,Nonpeptidergic nociceptors
alpmjjeo-1,TMA00317,Nonpeptidergic nociceptors,False,False,False,Nonpeptidergic nociceptors
alpmmnik-1,TMA00317,CGRP-Epsilion,False,False,False,CGRP-Epsilion
alpooggf-1,TMA00317,Nonpeptidergic nociceptors,False,False,False,Nonpeptidergic nociceptors
amadolpb-1,TMA00317,CGRP-Gamma 1,False,False,False,CGRP-Gamma 1
amafnifb-1,TMA00317,CGRP-Alpha,False,False,False,CGRP-Alpha
amagnoan-1,TMA00317,TrpM8,False,False,False,TrpM8
amajddjp-1,TMA00317,TrpM8,False,False,False,TrpM8
amaljbip-1,TMA00317,TrpM8,False,False,False,TrpM8
amaofhhf-1,TMA00317,CGRP-Eta,False,False,False,CGRP-Eta
ambfafjp-1,TMA00317,CGRP-Zeta,False,False,False,CGRP-Zeta
ambfjcph-1,TMA00317,TrpM8,False,False,False,TrpM8
ambijkca-1,TMA00317,CGRP-Gamma 1,False,False,False,CGRP-Gamma 1
ambkoffp-1,TMA00317,CGRP-Gamma 1,False,False,False,CGRP-Gamma 1
ambnbkid-1,TMA00317,Abeta-RA-LTMR,False,False,False,Abeta-RA-LTMR
amcfkgij-1,TMA00317,Proprioceptors,False,False,False,Proprioceptors
amclmpkg-1,TMA00317,CGRP-Theta,False,False,False,CGRP-Theta
amcoonnb-1,TMA00317,CGRP-Gamma 2,False,False,False,CGRP-Gamma 2
amcpkcdh-1,TMA00317,CGRP-Alpha,False,False,False,CGRP-Alpha
amdjiald-1,TMA00317,CGRP-Theta,False,False,False,CGRP-Theta
amdmdnin-1,TMA00317,CGRP-Gamma 1,False,False,False,CGRP-Gamma 1
amelenic-1,TMA00317,CGRP-Epsilion,False,False,False,CGRP-Epsilion
amepebkc-1,TMA00317,Abeta-RA-LTMR,False,False,False,Abeta-RA-LTMR
amfegibh-1,TMA00317,Abeta-RA-LTMR,False,False,False,Abeta-RA-LTMR
amfkpjhh-1,TMA00317,CGRP-Gamma 2,False,False,False,CGRP-Gamma 2
amhhbilj-1,TMA00317,Proprioceptors,False,False,False,Proprioceptors
ammajlpp-1,TMA00317,CGRP-Gamma 1,False,False,False,CGRP-Gamma 1
ammggmgl-1,TMA00317,CGRP-Eta,False,False,False,CGRP-Eta
amnaaefb-1,TMA00317,CGRP-Gamma 2,False,False,False,CGRP-Gamma 2
amncbiim-1,TMA00317,CGRP-Gamma 2,False,False,False,CGRP-Gamma 2
amoclofa-1,TMA00317,CGRP-Gamma 1,False,False,False,CGRP-Gamma 1
amoleikd-1,TMA00317,CGRP-Gamma 2,False,False,False,CGRP-Gamma 2
amoophhg-1,TMA00317,CGRP-Alpha,False,False,False,CGRP-Alpha
ampaljla-1,TMA00317,Proprioceptors,False,False,False,Proprioceptors
ampcgdio-1,TMA00317,Sst,False,False,False,Sst
ampeapdi-1,TMA00317,CGRP-Gamma 1,False,False,False,CGRP-Gamma 1
ampefblm-1,TMA00317,CGRP-Gamma 1,False,False,False,CGRP-Gamma 1
ampjjlij-1,TMA00317,CGRP-Alpha,False,False,False,CGRP-Alpha
ampmmnjc-1,TMA00317,CGRP-Gamma 2,False,False,False,CGRP-Gamma 2
ampnkekj-1,TMA00317,C-LTMR,False,False,False,C-LTMR
amppgakg-1,TMA00317,Nonpeptidergic nociceptors,False,False,False,Nonpeptidergic nociceptors
anahhaeb-1,TMA00317,CGRP-Eta,False,False,False,CGRP-Eta
anccndji-1,TMA00317,TrpM8,False,False,False,TrpM8
andbfikl-1,TMA00317,C-LTMR,False,False,False,C-LTMR
andpgknl-1,TMA00317,C-LTMR,False,False,False,C-LTMR
aneoekij-1,TMA00317,Nonpeptidergic nociceptors,False,False,False,Nonpeptidergic nociceptors
aneplihn-1,TMA00317,CGRP-Eta,False,False,False,CGRP-Eta
anfadecg-1,TMA00317,C-LTMR,False,False,False,C-LTMR
angchgmd-1,TMA00317,CGRP-Gamma 1,False,False,False,CGRP-Gamma 1
angeebbk-1,TMA00317,CGRP-Gamma 1,False,False,False,CGRP-Gamma 1
anghafjk-1,TMA00317,CGRP-Gamma 2,False,False,False,CGRP-Gamma 2
anglleen-1,TMA00317,CGRP-Gamma 2,False,False,False,CGRP-Gamma 2
angnjenc-1,TMA00317,Sst,False,False,False,Sst
angpjjgo-1,TMA00317,Adelta-LTMR,False,False,False,Adelta-LTMR
angpohco-1,TMA00317,Adelta-LTMR,False,False,False,Adelta-LTMR
anhbbbdi-1,TMA00317,Adelta-LTMR,False,False,False,Adelta-LTMR
anhdmdcl-1,TMA00317,CGRP-Gamma 2,False,False,False,CGRP-Gamma 2
anhlklek-1,TMA00317,Nonpeptidergic nociceptors,False,False,False,Nonpeptidergic nociceptors
anhlpmdn-1,TMA00317,CGRP-Eta,False,False,False,CGRP-Eta
anhnbijf-1,TMA00317,Nonpeptidergic nociceptors,False,False,False,Nonpeptidergic nociceptors
anhnobjm-1,TMA00317,Nonpeptidergic nociceptors,False,False,False,Nonpeptidergic nociceptors
anifoapp-1,TMA00317,Adelta-LTMR,False,False,False,Adelta-LTMR
anigcelc-1,TMA00317,CGRP-Gamma 1,False,False,False,CGRP-Gamma 1
anihdcih-1,TMA00317,Adelta-LTMR,False,False,False,Adelta-LTMR
anihlolj-1,TMA00317,Nonpeptidergic nociceptors,False,False,False,Nonpeptidergic nociceptors
aniinogp-1,TMA00317,CGRP-Eta,False,False,False,CGRP-Eta
anijnkib-1,TMA00317,CGRP-Gamma 1,False,False,False,CGRP-Gamma 1
anjefiie-1,TMA00317,Proprioceptors,False,False,False,Proprioceptors
anjepfaa-1,TMA00317,Proprioceptors,False,False,False,Proprioceptors
anjpappj-1,TMA00317,CGRP-Zeta,False,False,False,CGRP-Zeta
ankanopi-1,TMA00317,CGRP-Gamma 1,False,False,False,CGRP-Gamma 1
ankbjjka-1,TMA00317,Nonpeptidergic nociceptors,False,False,False,Nonpeptidergic nociceptors
ankddgkl-1,TMA00317,Nonpeptidergic nociceptors,False,False,False,Nonpeptidergic nociceptors
ankecebj-1,TMA00317,CGRP-Zeta,False,False,False,CGRP-Zeta
ankecgbj-1,TMA00317,TrpM8,False,False,False,TrpM8
ankjbhjn-1,TMA00317,C-LTMR,False,False,False,C-LTMR
ankkbojh-1,TMA00317,Nonpeptidergic nociceptors,False,False,False,Nonpeptidergic nociceptors
anklglhi-1,TMA00317,Nonpeptidergic nociceptors,False,False,False,Nonpeptidergic nociceptors
ankoakpp-1,TMA00317,Sst,False,False,False,Sst
ankpackj-1,TMA00317,C-LTMR,False,False,False,C-LTMR
anlaadic-1,TMA00317,Nonpeptidergic nociceptors,False,False,False,Nonpeptidergic nociceptors
anlbmmig-1,TMA00317,CGRP-Theta,False,False,False,CGRP-Theta
anlhhbfh-1,TMA00317,CGRP-Gamma 1,False,False,False,CGRP-Gamma 1
anllgfcn-1,TMA00317,TrpM8,False,False,False,TrpM8
anllhcnf-1,TMA00317,CGRP-Gamma 1,False,False,False,CGRP-Gamma 1
anlninko-1,TMA00317,C-LTMR,False,False,False,C-LTMR
anlodpeh-1,TMA00317,CGRP-Eta,False,False,False,CGRP-Eta
anlopeio-1,TMA00317,CGRP-Zeta,False,False,False,CGRP-Zeta
anlpaodm-1,TMA00317,CGRP-Gamma 1,False,False,False,CGRP-Gamma 1
anlpcmjo-1,TMA00317,Nonpeptidergic nociceptors,False,False,False,Nonpeptidergic nociceptors
anmecmbe-1,TMA00317,CGRP-Zeta,False,False,False,CGRP-Zeta
anncncpp-1,TMA00317,CGRP-Gamma 1,False,False,False,CGRP-Gamma 1
annddadj-1,TMA00317,Abeta-RA-LTMR,False,False,False,Abeta-RA-LTMR
annfdpih-1,TMA00317,CGRP-Gamma 1,False,False,False,CGRP-Gamma 1
anngogpk-1,TMA00317,CGRP-Gamma 1,False,False,False,CGRP-Gamma 1
anogkekh-1,TMA00317,C-LTMR,False,False,False,C-LTMR
anoianlg-1,TMA00317,TrpM8,False,False,False,TrpM8
anojdcbp-1,TMA00317,CGRP-Eta,False,False,False,CGRP-Eta
anonenkk-1,TMA00317,CGRP-Gamma 2,False,False,False,CGRP-Gamma 2
anpdgnnh-1,TMA00317,Adelta-LTMR,False,False,False,Adelta-LTMR
anpdogmm-1,TMA00317,Abeta-Field,False,False,False,Abeta-Field
anpkiabh-1,TMA00317,Nonpeptidergic nociceptors,False,False,False,Nonpeptidergic nociceptors
anpocgok-1,TMA00317,Abeta-Field,False,False,False,Abeta-Field
anppahhh-1,TMA00317,Abeta-RA-LTMR,False,False,False,Abeta-RA-LTMR
aoaafdbm-1,TMA00317,Abeta-RA-LTMR,False,False,False,Abeta-RA-LTMR
aoadgfga-1,TMA00317,Nonpeptidergic nociceptors,False,False,False,Nonpeptidergic nociceptors
aoadojio-1,TMA00317,Proprioceptors,False,False,False,Proprioceptors
aoaflomd-1,TMA00317,CGRP-Zeta,False,False,False,CGRP-Zeta
aoahbghd-1,TMA00317,Abeta-RA-LTMR,False,False,False,Abeta-RA-LTMR
aoapadmm-1,TMA00317,CGRP-Gamma 2,False,False,False,CGRP-Gamma 2
aobahemg-1,TMA00317,Proprioceptors,False,False,False,Proprioceptors
aobfokpd-1,TMA00317,Nonpeptidergic nociceptors,False,False,False,Nonpeptidergic nociceptors
aobmfego-1,TMA00317,CGRP-Gamma 2,False,False,False,CGRP-Gamma 2
aocjjomc-1,TMA00317,C-LTMR,False,False,False,C-LTMR
aocogbop-1,TMA00317,C-LTMR,False,False,False,C-LTMR
aodbaagk-1,TMA00317,Nonpeptidergic nociceptors,False,False,False,Nonpeptidergic nociceptors
aodchmeo-1,TMA00317,Nonpeptidergic nociceptors,False,False,False,Nonpeptidergic nociceptors
aoddopkk-1,TMA00317,CGRP-Gamma 2,False,False,False,CGRP-Gamma 2
aodmhlnb-1,TMA00317,Adelta-LTMR,False,False,False,Adelta-LTMR
aoebckgh-1,TMA00317,CGRP-Gamma 1,False,False,False,CGRP-Gamma 1
aoeckcme-1,TMA00317,CGRP-Gamma 1,False,False,False,CGRP-Gamma 1
aoedigkg-1,TMA00317,CGRP-Gamma 1,False,False,False,CGRP-Gamma 1
aoeebbbj-1,TMA00317,C-LTMR,False,False,False,C-LTMR
aoekkboo-1,TMA00317,CGRP-Epsilion,False,False,False,CGRP-Epsilion
aoeobkbo-1,TMA00317,CGRP-Gamma 1,False,False,False,CGRP-Gamma 1
aoepkpli-1,TMA00317,CGRP-Gamma 2,False,True,False,CGRP-Gamma 2
aofgajpf-1,TMA00317,Abeta-Field,False,False,False,Abeta-Field
aofikapb-1,TMA00317,CGRP-Gamma 1,False,False,False,CGRP-Gamma 1
aofokhfb-1,TMA00317,CGRP-Alpha,False,False,False,CGRP-Alpha
aogcigon-1,TMA00317,CGRP-Theta,False,False,False,CGRP-Theta
aoggaogh-1,TMA00317,CGRP-Gamma 1,False,False,False,CGRP-Gamma 1
aogjgopn-1,TMA00317,CGRP-Gamma 2,False,False,False,CGRP-Gamma 2
aohcmgpk-1,TMA00317,CGRP-Eta,False,False,False,CGRP-Eta
aohdnjch-1,TMA00317,CGRP-Gamma 1,False,False,False,CGRP-Gamma 1
aohgmhcl-1,TMA00317,CGRP-Gamma 2,False,False,False,CGRP-Gamma 2
aohififi-1,TMA00317,CGRP-Gamma 1,False,False,False,CGRP-Gamma 1
aohlgkma-1,TMA00317,CGRP-Gamma 1,False,False,False,CGRP-Gamma 1
aohmlncg-1,TMA00317,CGRP-Alpha,False,False,False,CGRP-Alpha
aohnonfe-1,TMA00317,CGRP-Gamma 1,False,False,False,CGRP-Gamma 1
aoijbkkn-1,TMA00317,CGRP-Alpha,False,False,False,CGRP-Alpha
aoilndom-1,TMA00317,C-LTMR,False,False,False,C-LTMR
aoinlgcl-1,TMA00317,C-LTMR,False,False,False,C-LTMR
aoinnnnh-1,TMA00317,CGRP-Gamma 1,False,False,False,CGRP-Gamma 1
aojbdlgd-1,TMA00317,CGRP-Alpha,False,False,False,CGRP-Alpha
aojflfid-1,TMA00317,C-LTMR,False,False,False,C-LTMR
aojiaoci-1,TMA00317,CGRP-Gamma 2,False,False,False,CGRP-Gamma 2
aojnleim-1,TMA00317,CGRP-Alpha,False,False,False,CGRP-Alpha
aokbclok-1,TMA00317,CGRP-Gamma 1,False,False,False,CGRP-Gamma 1
aokcjjpe-1,TMA00317,C-LTMR,False,False,False,C-LTMR
aokdacjj-1,TMA00317,CGRP-Eta,False,False,False,CGRP-Eta
aokfjpfk-1,TMA00317,CGRP-Eta,False,False,False,CGRP-Eta
aokfkjia-1,TMA00317,CGRP-Gamma 1,False,False,False,CGRP-Gamma 1
aokiakaj-1,TMA00317,CGRP-Gamma 1,False,False,False,CGRP-Gamma 1
aokpgfcg-1,TMA00317,CGRP-Gamma 1,False,False,False,CGRP-Gamma 1
aoloedkg-1,TMA00317,TrpM8,False,False,False,TrpM8
aonakbia-1,TMA00317,TrpM8,False,False,False,TrpM8
aonedokn-1,TMA00317,Sst,False,False,False,Sst
aonfccnl-1,TMA00317,CGRP-Gamma 1,False,False,False,CGRP-Gamma 1
aonilmcd-1,TMA00317,CGRP-Epsilion,False,False,False,CGRP-Epsilion
aonjegcc-1,TMA00317,Adelta-LTMR,False,False,False,Adelta-LTMR
aonjkcch-1,TMA00317,CGRP-Gamma 1,False,False,False,CGRP-Gamma 1
aonmfjfh-1,TMA00317,CGRP-Gamma 1,False,False,False,CGRP-Gamma 1
aonnbglm-1,TMA00317,CGRP-Eta,False,False,False,CGRP-Eta
aonnjhbe-1,TMA00317,Nonpeptidergic nociceptors,False,False,False,Nonpeptidergic nociceptors
aonpgald-1,TMA00317,CGRP-Beta,False,False,False,CGRP-Beta
aonpiphh-1,TMA00317,CGRP-Gamma 1,False,False,False,CGRP-Gamma 1
aooglabg-1,TMA00317,CGRP-Gamma 2,False,False,False,CGRP-Gamma 2
aooihjhb-1,TMA00317,CGRP-Gamma 2,False,False,False,CGRP-Gamma 2
aoojcdpg-1,TMA00317,CGRP-Gamma 2,False,False,False,CGRP-Gamma 2
aookhlgk-1,TMA00317,TrpM8,False,False,False,TrpM8
aoopigmn-1,TMA00317,CGRP-Gamma 1,False,False,False,CGRP-Gamma 1
aopcapnf-1,TMA00317,CGRP-Beta,False,False,False,CGRP-Beta
aopgomad-1,TMA00317,Adelta-LTMR,False,False,False,Adelta-LTMR
aopjbgkg-1,TMA00317,CGRP-Theta,False,False,False,CGRP-Theta
aopliend-1,TMA00317,CGRP-Theta,False,False,False,CGRP-Theta
aoppofph-1,TMA00317,CGRP-Gamma 1,False,False,False,CGRP-Gamma 1
apaddbpb-1,TMA00317,Nonpeptidergic nociceptors,False,False,False,Nonpeptidergic nociceptors
apaegaim-1,TMA00317,C-LTMR,False,False,False,C-LTMR
apaffgpo-1,TMA00317,CGRP-Gamma 2,False,False,False,CGRP-Gamma 2
apafkacg-1,TMA00317,Abeta-Field,False,False,False,Abeta-Field
apanboig-1,TMA00317,C-LTMR,False,False,False,C-LTMR
apcbajpj-1,TMA00317,Abeta-RA-LTMR,False,False,False,Abeta-RA-LTMR
apceapgb-1,TMA00317,Adelta-LTMR,False,False,False,Adelta-LTMR
apcnmmif-1,TMA00317,Abeta-RA-LTMR,False,False,False,Abeta-RA-LTMR
apddhgno-1,TMA00317,Abeta-Field,False,False,False,Abeta-Field
apegehdn-1,TMA00317,Adelta-LTMR,False,False,False,Adelta-LTMR
apeklobn-1,TMA00317,CGRP-Zeta,False,False,False,CGRP-Zeta
apepikoc-1,TMA00317,CGRP-Beta,False,False,False,CGRP-Beta
apfbnnio-1,TMA00317,Adelta-LTMR,False,False,False,Adelta-LTMR
apfcmaop-1,TMA00317,CGRP-Eta,False,False,False,CGRP-Eta
apfcnhic-1,TMA00317,Nonpeptidergic nociceptors,False,False,False,Nonpeptidergic nociceptors
apfecfcp-1,TMA00317,Adelta-LTMR,False,False,False,Adelta-LTMR
apfhaiab-1,TMA00317,CGRP-Theta,False,False,False,CGRP-Theta
apfphpef-1,TMA00317,CGRP-Gamma 2,False,False,False,CGRP-Gamma 2
apgaogbh-1,TMA00317,C-LTMR,False,False,False,C-LTMR
apgfkpdk-1,TMA00317,Adelta-LTMR,False,False,False,Adelta-LTMR
apgmkgcn-1,TMA00317,CGRP-Gamma 2,False,False,False,CGRP-Gamma 2
apgnlepp-1,TMA00317,Abeta-Field,False,False,False,Abeta-Field
aphaldbf-1,TMA00317,Abeta-Field,False,False,False,Abeta-Field
aphfihpe-1,TMA00317,Abeta-RA-LTMR,False,False,False,Abeta-RA-LTMR
aphgakbc-1,TMA00317,CGRP-Gamma 1,False,False,False,CGRP-Gamma 1
aphghoag-1,TMA00317,Nonpeptidergic nociceptors,False,False,False,Nonpeptidergic nociceptors
apiiomij-1,TMA00317,Proprioceptors,False,False,False,Proprioceptors
apikhohe-1,TMA00317,CGRP-Beta,False,False,False,CGRP-Beta
apilojbb-1,TMA00317,CGRP-Beta,False,False,False,CGRP-Beta
apinplpc-1,TMA00317,CGRP-Gamma 1,False,False,False,CGRP-Gamma 1
apipaaal-1,TMA00317,Nonpeptidergic nociceptors,False,False,False,Nonpeptidergic nociceptors
apjanjkb-1,TMA00317,CGRP-Gamma 1,False,False,False,CGRP-Gamma 1
apjcencd-1,TMA00317,CGRP-Gamma 1,False,False,False,CGRP-Gamma 1
apjchham-1,TMA00317,CGRP-Eta,False,False,False,CGRP-Eta
apjdhpdo-1,TMA00317,Nonpeptidergic nociceptors,True,False,False,Nonpeptidergic nociceptors
apjepfpp-1,TMA00317,Adelta-LTMR,False,False,False,Adelta-LTMR
apjldell-1,TMA00317,Nonpeptidergic nociceptors,False,False,False,Nonpeptidergic nociceptors
apjlolog-1,TMA00317,Nonpeptidergic nociceptors,False,False,False,Nonpeptidergic nociceptors
apjmhjme-1,TMA00317,Proprioceptors,False,False,False,Proprioceptors
apkedfbf-1,TMA00317,Abeta-Field,False,False,False,Abeta-Field
apkhefgl-1,TMA00317,CGRP-Eta,False,True,False,CGRP-Eta
apkiheaf-1,TMA00317,CGRP-Eta,True,False,False,CGRP-Eta
apkilcde-1,TMA00317,CGRP-Gamma 2,False,True,False,CGRP-Gamma 2
apklmiio-1,TMA00317,CGRP-Zeta,False,False,False,CGRP-Zeta
apljlegi-1,TMA00317,CGRP-Zeta,False,False,False,CGRP-Zeta
apmabnnp-1,TMA00317,CGRP-Eta,False,False,False,CGRP-Eta
apmfnfco-1,TMA00317,Nonpeptidergic nociceptors,False,False,False,Nonpeptidergic nociceptors
apmgmdoc-1,TMA00317,Proprioceptors,False,False,False,Proprioceptors
apmhlloe-1,TMA00317,Adelta-LTMR,False,False,False,Adelta-LTMR
apmjgkgb-1,TMA00317,CGRP-Alpha,False,False,False,CGRP-Alpha
apnbemah-1,TMA00317,TrpM8,False,False,False,TrpM8
apnggnjb-1,TMA00317,CGRP-Gamma 1,False,False,False,CGRP-Gamma 1
apnlbjkj-1,TMA00317,CGRP-Zeta,False,False,False,CGRP-Zeta
apodmipl-1,TMA00317,Sst,False,False,False,Sst
apphepga-1,TMA00317,CGRP-Eta,False,False,False,CGRP-Eta
apppfkfe-1,TMA00317,CGRP-Epsilion,False,False,False,CGRP-Epsilion
baaaphmj-1,TMA00317,Abeta-Field,False,False,False,Abeta-Field
baacmmpe-1,TMA00317,CGRP-Zeta,False,False,False,CGRP-Zeta
baadjmip-1,TMA00317,C-LTMR,False,False,False,C-LTMR
baakcaae-1,TMA00317,TrpM8,False,False,False,TrpM8
baanmpbj-1,TMA00317,CGRP-Gamma 1,False,False,False,CGRP-Gamma 1
babgbmnl-1,TMA00317,CGRP-Eta,False,False,False,CGRP-Eta
babnekdg-1,TMA00317,TrpM8,False,False,False,TrpM8
bachfida-1,TMA00317,C-LTMR,False,False,False,C-LTMR
bacncdhn-1,TMA00317,C-LTMR,False,False,False,C-LTMR
badehabb-1,TMA00317,TrpM8,False,False,False,TrpM8
badfbgbk-1,TMA00317,CGRP-Gamma 1,False,False,False,CGRP-Gamma 1
badhlopi-1,TMA00317,Proprioceptors,False,False,False,Proprioceptors
baeaknki-1,TMA00317,Nonpeptidergic nociceptors,False,False,False,Nonpeptidergic nociceptors
baebclbn-1,TMA00317,CGRP-Alpha,False,False,False,CGRP-Alpha
baeffbfl-1,TMA00317,Nonpeptidergic nociceptors,False,False,False,Nonpeptidergic nociceptors
baeiogal-1,TMA00317,Adelta-LTMR,False,False,False,Adelta-LTMR
baeoiben-1,TMA00317,Abeta-RA-LTMR,False,False,False,Abeta-RA-LTMR
bafapgja-1,TMA00317,CGRP-Alpha,False,False,False,CGRP-Alpha
bafcimjo-1,TMA00317,CGRP-Eta,False,False,False,CGRP-Eta
bafdchka-1,TMA00317,Nonpeptidergic nociceptors,False,False,False,Nonpeptidergic nociceptors
bafddjpb-1,TMA00317,CGRP-Gamma 1,False,False,False,CGRP-Gamma 1
baffkbli-1,TMA00317,Proprioceptors,False,False,False,Proprioceptors
bafhjikb-1,TMA00317,Abeta-Field,False,False,False,Abeta-Field
bagckecc-1,TMA00317,Nonpeptidergic nociceptors,False,False,False,Nonpeptidergic nociceptors
bagfmnpm-1,TMA00317,CGRP-Gamma 1,False,False,False,CGRP-Gamma 1
baghbppb-1,TMA00317,CGRP-Gamma 1,False,False,False,CGRP-Gamma 1
bagheglk-1,TMA00317,C-LTMR,False,False,False,C-LTMR
bagiglmn-1,TMA00317,CGRP-Gamma 1,False,False,False,CGRP-Gamma 1
bagjjdcb-1,TMA00317,CGRP-Alpha,False,False,False,CGRP-Alpha
bagnobjb-1,TMA00317,CGRP-Beta,False,False,False,CGRP-Beta
bagofdmj-1,TMA00317,Nonpeptidergic nociceptors,False,False,False,Nonpeptidergic nociceptors
bahhplbn-1,TMA00317,Nonpeptidergic nociceptors,False,False,False,Nonpeptidergic nociceptors
bahkhgkm-1,TMA00317,TrpM8,False,False,False,TrpM8
bahoebgi-1,TMA00317,Nonpeptidergic nociceptors,False,False,False,Nonpeptidergic nociceptors
baiabiaa-1,TMA00317,Nonpeptidergic nociceptors,False,False,False,Nonpeptidergic nociceptors
baifagol-1,TMA00317,CGRP-Gamma 2,False,False,False,CGRP-Gamma 2
baifahld-1,TMA00317,C-LTMR,False,False,False,C-LTMR
baifbkfj-1,TMA00317,TrpM8,False,False,False,TrpM8
baigclen-1,TMA00317,CGRP-Gamma 1,False,False,False,CGRP-Gamma 1
bainbehc-1,TMA00317,Abeta-Field,False,False,False,Abeta-Field
baipfphc-1,TMA00317,C-LTMR,False,False,False,C-LTMR
bajajbgd-1,TMA00317,C-LTMR,False,False,False,C-LTMR
bajamgkp-1,TMA00317,Nonpeptidergic nociceptors,False,False,False,Nonpeptidergic nociceptors
bajchkeo-1,TMA00317,CGRP-Epsilion,False,False,False,CGRP-Epsilion
bajmnapl-1,TMA00317,TrpM8,False,False,False,TrpM8
bajmpkph-1,TMA00317,TrpM8,False,False,False,TrpM8
baklaghb-1,TMA00317,CGRP-Gamma 2,False,False,False,CGRP-Gamma 2
baknepne-1,TMA00317,CGRP-Alpha,False,False,False,CGRP-Alpha
balcmhdo-1,TMA00317,Abeta-RA-LTMR,False,False,False,Abeta-RA-LTMR
balipfkk-1,TMA00317,Proprioceptors,False,False,False,Proprioceptors
bamdcddk-1,TMA00317,Nonpeptidergic nociceptors,False,False,False,Nonpeptidergic nociceptors
bamdkgla-1,TMA00317,CGRP-Gamma 1,False,False,False,CGRP-Gamma 1
bamhafkb-1,TMA00317,CGRP-Gamma 1,False,False,False,CGRP-Gamma 1
bamhckdi-1,TMA00317,Nonpeptidergic nociceptors,False,False,False,Nonpeptidergic nociceptors
bamjfopc-1,TMA00317,Nonpeptidergic nociceptors,False,False,False,Nonpeptidergic nociceptors
bamkhfjo-1,TMA00317,CGRP-Eta,False,False,False,CGRP-Eta
bangmcce-1,TMA00317,C-LTMR,False,False,False,C-LTMR
baofdkcd-1,TMA00317,CGRP-Eta,False,False,False,CGRP-Eta
baohadma-1,TMA00317,Nonpeptidergic nociceptors,False,False,False,Nonpeptidergic nociceptors
baohphdl-1,TMA00317,Nonpeptidergic nociceptors,False,False,False,Nonpeptidergic nociceptors
baojcbkn-1,TMA00317,Nonpeptidergic nociceptors,False,False,False,Nonpeptidergic nociceptors
baolbopc-1,TMA00317,Nonpeptidergic nociceptors,False,False,False,Nonpeptidergic nociceptors
baolnlnc-1,TMA00317,C-LTMR,False,False,False,C-LTMR
baompgeg-1,TMA00317,Nonpeptidergic nociceptors,False,False,False,Nonpeptidergic nociceptors
baongdep-1,TMA00317,Nonpeptidergic nociceptors,False,False,False,Nonpeptidergic nociceptors
bapcckdc-1,TMA00317,CGRP-Theta,False,False,False,CGRP-Theta
bapcgdbn-1,TMA00317,C-LTMR,False,False,False,C-LTMR
bapdgbli-1,TMA00317,CGRP-Eta,False,False,False,CGRP-Eta
baphjfca-1,TMA00317,Nonpeptidergic nociceptors,False,False,False,Nonpeptidergic nociceptors
bapmgecd-1,TMA00317,Sst,False,False,False,Sst
bbaaegdh-1,TMA00317,CGRP-Alpha,False,False,False,CGRP-Alpha
bbafbfhg-1,TMA00317,TrpM8,False,False,False,TrpM8
bbafdeml-1,TMA00317,CGRP-Gamma 1,False,False,False,CGRP-Gamma 1
bbalgpkb-1,TMA00317,Abeta-Field,False,False,False,Abeta-Field
bbambafj-1,TMA00317,C-LTMR,False,False,False,C-LTMR
bbbclpmh-1,TMA00317,C-LTMR,False,False,False,C-LTMR
bbbdcgoo-1,TMA00317,CGRP-Eta,False,False,False,CGRP-Eta
bbbeikbe-1,TMA00317,Nonpeptidergic nociceptors,False,False,False,Nonpeptidergic nociceptors
bbbfaoeh-1,TMA00317,Abeta-Field,False,False,False,Abeta-Field
bbbgblan-1,TMA00317,Nonpeptidergic nociceptors,False,False,False,Nonpeptidergic nociceptors
bbbignjo-1,TMA00317,CGRP-Alpha,False,False,False,CGRP-Alpha
bbbkcmek-1,TMA00317,Nonpeptidergic nociceptors,False,False,False,Nonpeptidergic nociceptors
bbbkebgj-1,TMA00317,CGRP-Gamma 1,False,False,False,CGRP-Gamma 1
bbbkkkga-1,TMA00317,C-LTMR,False,False,False,C-LTMR
bbbnjoaa-1,TMA00317,CGRP-Alpha,False,False,False,CGRP-Alpha
bbcaeffa-1,TMA00317,CGRP-Gamma 1,False,False,False,CGRP-Gamma 1
bbcimmkj-1,TMA00317,CGRP-Gamma 1,False,False,False,CGRP-Gamma 1
bbcknbea-1,TMA00317,CGRP-Alpha,False,False,False,CGRP-Alpha
bbcoeamb-1,TMA00317,Adelta-LTMR,False,False,False,Adelta-LTMR
bbcpgghb-1,TMA00317,Nonpeptidergic nociceptors,False,False,False,Nonpeptidergic nociceptors
bbdilhlj-1,TMA00317,Proprioceptors,False,False,False,Proprioceptors
bbdplmgb-1,TMA00317,Proprioceptors,False,False,False,Proprioceptors
bbeacclh-1,TMA00317,Abeta-RA-LTMR,False,False,False,Abeta-RA-LTMR
bbeechlh-1,TMA00317,CGRP-Gamma 1,False,False,False,CGRP-Gamma 1
bbeelgod-1,TMA00317,Adelta-LTMR,False,False,False,Adelta-LTMR
bbfdgheo-1,TMA00317,CGRP-Gamma 2,False,False,False,CGRP-Gamma 2
bbfjechc-1,TMA00317,CGRP-Alpha,False,False,False,CGRP-Alpha
bbfpeamh-1,TMA00317,TrpM8,False,False,False,TrpM8
bbgaafon-1,TMA00317,Nonpeptidergic nociceptors,False,False,False,Nonpeptidergic nociceptors
bbgflcbl-1,TMA00317,Abeta-RA-LTMR,False,False,False,Abeta-RA-LTMR
bbgkbamb-1,TMA00317,CGRP-Gamma 1,False,False,False,CGRP-Gamma 1
bbgkolah-1,TMA00317,CGRP-Theta,False,False,False,CGRP-Theta
bbhapdbb-1,TMA00317,C-LTMR,False,False,False,C-LTMR
bbhdpfpm-1,TMA00317,Nonpeptidergic nociceptors,False,False,False,Nonpeptidergic nociceptors
bbhgmenk-1,TMA00317,TrpM8,False,False,False,TrpM8
bbhjgaip-1,TMA00317,Nonpeptidergic nociceptors,False,False,False,Nonpeptidergic nociceptors
bbialjob-1,TMA00317,CGRP-Gamma 2,False,False,False,CGRP-Gamma 2
bbibbejb-1,TMA00317,Nonpeptidergic nociceptors,False,False,False,Nonpeptidergic nociceptors
bbicopff-1,TMA00317,C-LTMR,False,False,False,C-LTMR
bbimiodk-1,TMA00317,C-LTMR,False,False,False,C-LTMR
bbinepag-1,TMA00317,Nonpeptidergic nociceptors,False,False,False,Nonpeptidergic nociceptors
bbjgplme-1,TMA00317,Nonpeptidergic nociceptors,False,False,False,Nonpeptidergic nociceptors
bbjiakin-1,TMA00317,CGRP-Gamma 1,False,False,False,CGRP-Gamma 1
bbjicbkn-1,TMA00317,CGRP-Gamma 1,False,False,False,CGRP-Gamma 1
bbjjkobf-1,TMA00317,Abeta-Field,False,False,False,Abeta-Field
bbjkcpaj-1,TMA00317,CGRP-Gamma 1,False,False,False,CGRP-Gamma 1
bbkagdll-1,TMA00317,C-LTMR,False,False,False,C-LTMR
bbkdmkpn-1,TMA00317,Nonpeptidergic nociceptors,False,False,False,Nonpeptidergic nociceptors
bbkhmpcg-1,TMA00317,CGRP-Gamma 1,False,False,False,CGRP-Gamma 1
bbkifajc-1,TMA00317,Proprioceptors,False,False,False,Proprioceptors
bbkifkpo-1,TMA00317,Adelta-LTMR,False,False,False,Adelta-LTMR
bbkigpeb-1,TMA00317,CGRP-Epsilion,False,False,False,CGRP-Epsilion
bblaefkn-1,TMA00317,CGRP-Zeta,False,False,False,CGRP-Zeta
bblaemja-1,TMA00317,CGRP-Zeta,False,False,False,CGRP-Zeta
bblfalgf-1,TMA00317,CGRP-Theta,False,False,False,CGRP-Theta
bbllannm-1,TMA00317,TrpM8,False,False,False,TrpM8
bblleeee-1,TMA00317,CGRP-Eta,False,False,False,CGRP-Eta
bbmcjdlg-1,TMA00317,TrpM8,False,False,False,TrpM8
bbmgoled-1,TMA00317,CGRP-Gamma 1,False,False,False,CGRP-Gamma 1
bbmkkmln-1,TMA00317,CGRP-Gamma 1,False,False,False,CGRP-Gamma 1
bbmlhlja-1,TMA00317,CGRP-Alpha,False,False,False,CGRP-Alpha
bbmnhgom-1,TMA00317,Nonpeptidergic nociceptors,False,False,False,Nonpeptidergic nociceptors
bbneahhi-1,TMA00317,C-LTMR,False,False,False,C-LTMR
bbnegnio-1,TMA00317,Sst,False,False,False,Sst
bbnkjdoo-1,TMA00317,C-LTMR,False,False,False,C-LTMR
bbnmfldh-1,TMA00317,Nonpeptidergic nociceptors,False,False,False,Nonpeptidergic nociceptors
bbnmpgpl-1,TMA00317,CGRP-Alpha,False,False,False,CGRP-Alpha
bboaebfc-1,TMA00317,Nonpeptidergic nociceptors,False,False,False,Nonpeptidergic nociceptors
bbobljcd-1,TMA00317,TrpM8,False,False,False,TrpM8
bbocgigo-1,TMA00317,Proprioceptors,False,False,False,Proprioceptors
bbohedkc-1,TMA00317,Abeta-Field,False,False,False,Abeta-Field
bbokakjb-1,TMA00317,CGRP-Alpha,False,False,False,CGRP-Alpha
bboohhid-1,TMA00317,CGRP-Alpha,False,False,False,CGRP-Alpha
bbopplae-1,TMA00317,Adelta-LTMR,False,False,False,Adelta-LTMR
bbpcllog-1,TMA00317,Nonpeptidergic nociceptors,False,False,False,Nonpeptidergic nociceptors
bbpeaolg-1,TMA00317,Nonpeptidergic nociceptors,False,False,False,Nonpeptidergic nociceptors
bbpjecnn-1,TMA00317,CGRP-Epsilion,False,False,False,CGRP-Epsilion
bbpmjjpm-1,TMA00317,Nonpeptidergic nociceptors,False,False,False,Nonpeptidergic nociceptors
bcadfbfd-1,TMA00317,CGRP-Gamma 1,False,False,False,CGRP-Gamma 1
bcaeaajf-1,TMA00317,Abeta-Field,False,False,False,Abeta-Field
bcagiabn-1,TMA00317,Abeta-RA-LTMR,False,False,False,Abeta-RA-LTMR
bcbafbpa-1,TMA00317,Abeta-Field,False,False,False,Abeta-Field
bcbdgfkg-1,TMA00317,Nonpeptidergic nociceptors,False,False,False,Nonpeptidergic nociceptors
bcbfdail-1,TMA00317,Proprioceptors,False,False,False,Proprioceptors
bcbfhpna-1,TMA00317,C-LTMR,False,False,False,C-LTMR
bcbgiheg-1,TMA00317,C-LTMR,False,False,False,C-LTMR
bcbhpdnc-1,TMA00317,C-LTMR,False,False,False,C-LTMR
bcbjhndp-1,TMA00317,Sst,False,False,False,Sst
bcbpnggl-1,TMA00317,CGRP-Epsilion,False,False,False,CGRP-Epsilion
bcchhiad-1,TMA00317,CGRP-Epsilion,False,False,False,CGRP-Epsilion
bccnbicl-1,TMA00317,Abeta-RA-LTMR,False,False,False,Abeta-RA-LTMR
bcdigcco-1,TMA00317,TrpM8,False,False,False,TrpM8
bcecgfai-1,TMA00317,Abeta-RA-LTMR,False,False,False,Abeta-RA-LTMR
bcfbahdp-1,TMA00317,CGRP-Gamma 1,False,False,False,CGRP-Gamma 1
bcfhhkbc-1,TMA00317,Nonpeptidergic nociceptors,False,False,False,Nonpeptidergic nociceptors
bcfjjebl-1,TMA00317,C-LTMR,False,False,False,C-LTMR
bcfmnkho-1,TMA00317,Abeta-RA-LTMR,False,False,False,Abeta-RA-LTMR
bcfodjoc-1,TMA00317,Nonpeptidergic nociceptors,False,False,False,Nonpeptidergic nociceptors
bcfpgcle-1,TMA00317,C-LTMR,False,False,False,C-LTMR
bcganmcm-1,TMA00317,Proprioceptors,False,False,False,Proprioceptors
bcgigecb-1,TMA00317,Proprioceptors,False,False,False,Proprioceptors
bchbbdpl-1,TMA00317,C-LTMR,False,False,False,C-LTMR
bchflndm-1,TMA00317,Proprioceptors,False,False,False,Proprioceptors
bchmmogm-1,TMA00317,Sst,False,False,False,Sst
bchmokif-1,TMA00317,Proprioceptors,False,False,False,Proprioceptors
bciagabm-1,TMA00317,CGRP-Alpha,False,False,False,CGRP-Alpha
bcibeoki-1,TMA00317,Abeta-Field,False,False,False,Abeta-Field
bcicbbel-1,TMA00317,Abeta-Field,False,False,False,Abeta-Field
bcidjmea-1,TMA00317,C-LTMR,False,False,False,C-LTMR
bciefmde-1,TMA00317,TrpM8,False,False,False,TrpM8
bcigchoa-1,TMA00317,Proprioceptors,False,False,False,Proprioceptors
bcigjknl-1,TMA00317,CGRP-Eta,False,False,False,CGRP-Eta
bcigjpkb-1,TMA00317,CGRP-Eta,False,False,False,CGRP-Eta
bcildbpc-1,TMA00317,CGRP-Gamma 1,False,False,False,CGRP-Gamma 1
bcipgllh-1,TMA00317,TrpM8,False,False,False,TrpM8
bcjcbdio-1,TMA00317,Nonpeptidergic nociceptors,False,False,False,Nonpeptidergic nociceptors
bcjdghem-1,TMA00317,TrpM8,False,False,False,TrpM8
bcjdkgdo-1,TMA00317,CGRP-Theta,False,False,False,CGRP-Theta
bcjieoic-1,TMA00317,CGRP-Eta,False,False,False,CGRP-Eta
bcjkjemg-1,TMA00317,Nonpeptidergic nociceptors,False,False,False,Nonpeptidergic nociceptors
bcjkobid-1,TMA00317,CGRP-Theta,False,False,False,CGRP-Theta
bcjpcpoh-1,TMA00317,CGRP-Gamma 1,False,False,False,CGRP-Gamma 1
bckeiaog-1,TMA00317,CGRP-Alpha,False,False,False,CGRP-Alpha
bckiceed-1,TMA00317,C-LTMR,False,False,False,C-LTMR
bckjclha-1,TMA00317,C-LTMR,False,False,False,C-LTMR
bckkjbob-1,TMA00317,CGRP-Theta,False,False,False,CGRP-Theta
bclgeclm-1,TMA00317,Proprioceptors,False,False,False,Proprioceptors
bclmbphj-1,TMA00317,C-LTMR,False,False,False,C-LTMR
bcmdfbjk-1,TMA00317,C-LTMR,False,False,False,C-LTMR
bcmebiao-1,TMA00317,C-LTMR,False,False,False,C-LTMR
bcmfhbpo-1,TMA00317,Proprioceptors,False,False,False,Proprioceptors
bcmhcmpj-1,TMA00317,Adelta-LTMR,False,False,False,Adelta-LTMR
bcmjlojp-1,TMA00317,Nonpeptidergic nociceptors,False,False,False,Nonpeptidergic nociceptors
bcncbmhc-1,TMA00317,Proprioceptors,False,False,False,Proprioceptors
bcnjdmbb-1,TMA00317,Abeta-Field,False,False,False,Abeta-Field
bcnjokec-1,TMA00317,Proprioceptors,False,False,False,Proprioceptors
bcnlppoa-1,TMA00317,CGRP-Eta,False,False,False,CGRP-Eta
bcnmnpbl-1,TMA00317,Nonpeptidergic nociceptors,False,False,False,Nonpeptidergic nociceptors
bcnmpmgn-1,TMA00317,Nonpeptidergic nociceptors,False,False,False,Nonpeptidergic nociceptors
bcoffgja-1,TMA00317,TrpM8,False,False,False,TrpM8
bcogojge-1,TMA00317,Proprioceptors,False,False,False,Proprioceptors
bcohlekn-1,TMA00317,TrpM8,False,False,False,TrpM8
bcoinkei-1,TMA00317,Proprioceptors,False,False,False,Proprioceptors
bcolgobc-1,TMA00317,CGRP-Theta,False,False,False,CGRP-Theta
bcpchjfc-1,TMA00317,TrpM8,False,False,False,TrpM8
bcphbphn-1,TMA00317,Abeta-Field,False,False,False,Abeta-Field
bcpibpob-1,TMA00317,CGRP-Eta,False,False,False,CGRP-Eta
bcpojpjk-1,TMA00317,CGRP-Eta,False,False,False,CGRP-Eta
bdaaifgj-1,TMA00317,TrpM8,False,False,False,TrpM8
bdafhmnl-1,TMA00317,Abeta-Field,False,False,False,Abeta-Field
bdaihfgj-1,TMA00317,Abeta-RA-LTMR,False,False,False,Abeta-RA-LTMR
bdamnlaj-1,TMA00317,Abeta-RA-LTMR,False,False,False,Abeta-RA-LTMR
bdaomnep-1,TMA00317,CGRP-Theta,False,False,False,CGRP-Theta
bdaoolig-1,TMA00317,CGRP-Theta,False,False,False,CGRP-Theta
bdbdfahc-1,TMA00317,Abeta-Field,False,False,False,Abeta-Field
bdbdgdlb-1,TMA00317,Proprioceptors,False,False,False,Proprioceptors
bdbfclno-1,TMA00317,Nonpeptidergic nociceptors,False,False,False,Nonpeptidergic nociceptors
bdbkjbdd-1,TMA00317,Abeta-Field,False,False,False,Abeta-Field
bdbnlnjk-1,TMA00317,Abeta-Field,False,False,False,Abeta-Field
bdboahed-1,TMA00317,C-LTMR,False,False,False,C-LTMR
bdbomifg-1,TMA00317,TrpM8,False,False,False,TrpM8
bdbpjboc-1,TMA00317,CGRP-Alpha,False,False,False,CGRP-Alpha
bdcfcemb-1,TMA00317,Nonpeptidergic nociceptors,False,False,False,Nonpeptidergic nociceptors
bdcjaibk-1,TMA00317,Nonpeptidergic nociceptors,False,False,False,Nonpeptidergic nociceptors
bdckmngb-1,TMA00317,C-LTMR,False,False,False,C-LTMR
bdckpolk-1,TMA00317,C-LTMR,False,False,False,C-LTMR
bdenjfli-1,TMA00317,CGRP-Zeta,False,False,False,CGRP-Zeta
bdfaeobi-1,TMA00317,TrpM8,False,False,False,TrpM8
bdfeenel-1,TMA00317,CGRP-Alpha,False,False,False,CGRP-Alpha
bdfikhai-1,TMA00317,CGRP-Zeta,False,False,False,CGRP-Zeta
bdgibkpk-1,TMA00317,TrpM8,False,False,False,TrpM8
bdgpdpkj-1,TMA00317,TrpM8,False,False,False,TrpM8
bdhdefkm-1,TMA00317,TrpM8,False,False,False,TrpM8
bdhgaejn-1,TMA00317,Sst,False,False,False,Sst
bdhkjpmh-1,TMA00317,Sst,False,False,False,Sst
bdiapdmp-1,TMA00317,TrpM8,False,False,False,TrpM8
bdiifhng-1,TMA00317,Sst,False,False,False,Sst
bdjbjglg-1,TMA00317,CGRP-Alpha,False,False,False,CGRP-Alpha
bdjfggoo-1,TMA00317,C-LTMR,False,False,False,C-LTMR
bdjhllgj-1,TMA00317,TrpM8,False,False,False,TrpM8
bdjijigc-1,TMA00317,TrpM8,False,False,False,TrpM8
bdjkbapp-1,TMA00317,TrpM8,False,False,False,TrpM8
bdjkgloe-1,TMA00317,C-LTMR,False,False,False,C-LTMR
bdjldjfd-1,TMA00317,CGRP-Eta,False,False,False,CGRP-Eta
bdjllifd-1,TMA00317,CGRP-Eta,False,False,False,CGRP-Eta
bdjmmjli-1,TMA00317,Nonpeptidergic nociceptors,False,False,False,Nonpeptidergic nociceptors
bdjmnibb-1,TMA00317,C-LTMR,False,False,False,C-LTMR
bdjpdgfg-1,TMA00317,CGRP-Gamma 1,False,False,False,CGRP-Gamma 1
bdjpkkpm-1,TMA00317,C-LTMR,False,False,False,C-LTMR
bdkcfkjd-1,TMA00317,CGRP-Alpha,False,False,False,CGRP-Alpha
bdkcogco-1,TMA00317,C-LTMR,False,False,False,C-LTMR
bdkfjfpl-1,TMA00317,CGRP-Eta,False,False,False,CGRP-Eta
bdkhckob-1,TMA00317,Adelta-LTMR,False,False,False,Adelta-LTMR
bdkkfahd-1,TMA00317,CGRP-Eta,False,False,False,CGRP-Eta
bdknnmgo-1,TMA00317,CGRP-Zeta,True,False,False,CGRP-Zeta
bdlfepnh-1,TMA00317,CGRP-Eta,False,False,False,CGRP-Eta
bdlhpbfa-1,TMA00317,Adelta-LTMR,False,False,False,Adelta-LTMR
bdmenihe-1,TMA00317,C-LTMR,False,False,False,C-LTMR
bdmfnjbl-1,TMA00317,C-LTMR,False,False,False,C-LTMR
bdmjlpie-1,TMA00317,CGRP-Alpha,False,False,False,CGRP-Alpha
bdmlkoee-1,TMA00317,TrpM8,False,False,False,TrpM8
bdmloafo-1,TMA00317,Abeta-Field,False,False,False,Abeta-Field
bdmngbbm-1,TMA00317,CGRP-Epsilion,False,False,False,CGRP-Epsilion
bdnbndon-1,TMA00317,C-LTMR,False,False,False,C-LTMR
bdnekeeo-1,TMA00317,Abeta-RA-LTMR,False,False,False,Abeta-RA-LTMR
bdnfcdih-1,TMA00317,CGRP-Epsilion,False,False,False,CGRP-Epsilion
bdngceob-1,TMA00317,CGRP-Eta,False,False,False,CGRP-Eta
bdnhdnag-1,TMA00317,CGRP-Epsilion,False,False,False,CGRP-Epsilion
bdnhlbkg-1,TMA00317,C-LTMR,False,False,False,C-LTMR
bdnljoeb-1,TMA00317,CGRP-Eta,False,False,False,CGRP-Eta
bdoaldpk-1,TMA00317,CGRP-Alpha,False,False,False,CGRP-Alpha
bdoejake-1,TMA00317,Nonpeptidergic nociceptors,False,False,False,Nonpeptidergic nociceptors
bdoepodf-1,TMA00317,Nonpeptidergic nociceptors,False,False,False,Nonpeptidergic nociceptors
bdolkddo-1,TMA00317,Proprioceptors,False,False,False,Proprioceptors
bdonmlik-1,TMA00317,CGRP-Gamma 1,False,False,False,CGRP-Gamma 1
bdpaimbo-1,TMA00317,CGRP-Epsilion,False,False,False,CGRP-Epsilion
bdpdkljl-1,TMA00317,Nonpeptidergic nociceptors,False,False,False,Nonpeptidergic nociceptors
bdpeiifa-1,TMA00317,Abeta-RA-LTMR,False,False,False,Abeta-RA-LTMR
bdpgbnlh-1,TMA00317,Abeta-Field,False,False,False,Abeta-Field
bdpkglog-1,TMA00317,CGRP-Gamma 2,False,False,False,CGRP-Gamma 2
bdplbgfi-1,TMA00317,TrpM8,False,False,False,TrpM8
bdplebad-1,TMA00317,Abeta-Field,False,False,False,Abeta-Field
bdpneoee-1,TMA00317,Abeta-Field,False,False,False,Abeta-Field
bdppapfk-1,TMA00317,Abeta-Field,False,False,False,Abeta-Field
bdppmiib-1,TMA00317,Abeta-RA-LTMR,False,False,False,Abeta-RA-LTMR
beabojaj-1,TMA00317,Adelta-LTMR,False,False,False,Adelta-LTMR
beacjlfj-1,TMA00317,C-LTMR,False,False,False,C-LTMR
beahmmcm-1,TMA00317,Nonpeptidergic nociceptors,False,False,False,Nonpeptidergic nociceptors
bebbglkg-1,TMA00317,Proprioceptors,False,False,False,Proprioceptors
bebdjpjm-1,TMA00317,Nonpeptidergic nociceptors,False,False,False,Nonpeptidergic nociceptors
bebfaegl-1,TMA00317,TrpM8,False,False,False,TrpM8
bebhpfmi-1,TMA00317,Abeta-RA-LTMR,False,False,False,Abeta-RA-LTMR
bebodlcf-1,TMA00317,C-LTMR,False,False,False,C-LTMR
beccgkcg-1,TMA00317,Abeta-RA-LTMR,False,False,False,Abeta-RA-LTMR
becfamnn-1,TMA00317,Sst,False,False,False,Sst
beclbpij-1,TMA00317,CGRP-Eta,False,False,False,CGRP-Eta
bedcgabk-1,TMA00317,C-LTMR,False,False,False,C-LTMR
bededoom-1,TMA00317,Nonpeptidergic nociceptors,False,False,False,Nonpeptidergic nociceptors
bedpcmhb-1,TMA00317,Abeta-RA-LTMR,False,False,False,Abeta-RA-LTMR
beeiegpf-1,TMA00317,Adelta-LTMR,False,False,False,Adelta-LTMR
beelbned-1,TMA00317,Adelta-LTMR,False,False,False,Adelta-LTMR
beelopge-1,TMA00317,Abeta-Field,False,False,False,Abeta-Field
befbhdbk-1,TMA00317,TrpM8,False,False,False,TrpM8
befehgia-1,TMA00317,C-LTMR,False,False,False,C-LTMR
begadacp-1,TMA00317,Proprioceptors,False,False,False,Proprioceptors
begbgffi-1,TMA00317,CGRP-Eta,False,False,False,CGRP-Eta
begblajn-1,TMA00317,CGRP-Theta,False,False,False,CGRP-Theta
begfdndp-1,TMA00317,CGRP-Gamma 2,False,False,False,CGRP-Gamma 2
begfpnjb-1,TMA00317,Nonpeptidergic nociceptors,False,False,False,Nonpeptidergic nociceptors
begipboa-1,TMA00317,CGRP-Epsilion,False,False,False,CGRP-Epsilion
beglonal-1,TMA00317,CGRP-Epsilion,False,False,False,CGRP-Epsilion
begoclfm-1,TMA00317,Nonpeptidergic nociceptors,False,False,False,Nonpeptidergic nociceptors
behadecj-1,TMA00317,C-LTMR,False,False,False,C-LTMR
beiibigd-1,TMA00317,CGRP-Eta,False,False,False,CGRP-Eta
bejbndba-1,TMA00317,CGRP-Eta,False,False,False,CGRP-Eta
bejcheig-1,TMA00317,CGRP-Gamma 1,False,False,False,CGRP-Gamma 1
bejhfaml-1,TMA00317,CGRP-Gamma 1,False,False,False,CGRP-Gamma 1
bekalcnf-1,TMA00317,Abeta-RA-LTMR,False,False,False,Abeta-RA-LTMR
bekmeobh-1,TMA00317,Abeta-RA-LTMR,False,False,False,Abeta-RA-LTMR
beknbgoj-1,TMA00317,CGRP-Zeta,False,False,False,CGRP-Zeta
belffcle-1,TMA00317,Nonpeptidergic nociceptors,False,False,False,Nonpeptidergic nociceptors
belnhnpm-1,TMA00317,Abeta-Field,False,False,False,Abeta-Field
belnojii-1,TMA00317,CGRP-Eta,False,False,False,CGRP-Eta
belpngcp-1,TMA00317,Nonpeptidergic nociceptors,False,False,False,Nonpeptidergic nociceptors
bembbeed-1,TMA00317,Adelta-LTMR,False,False,False,Adelta-LTMR
bembockk-1,TMA00317,Abeta-Field,False,False,False,Abeta-Field
bembplke-1,TMA00317,Abeta-Field,False,False,False,Abeta-Field
bemcfpob-1,TMA00317,Abeta-Field,False,False,False,Abeta-Field
bemfgpgo-1,TMA00317,TrpM8,False,False,False,TrpM8
bemjcegn-1,TMA00317,TrpM8,False,False,False,TrpM8
benceagp-1,TMA00317,CGRP-Alpha,False,False,False,CGRP-Alpha
benghcde-1,TMA00317,TrpM8,False,False,False,TrpM8
benikoei-1,TMA00317,C-LTMR,False,False,False,C-LTMR
benmpcna-1,TMA00317,Nonpeptidergic nociceptors,False,False,False,Nonpeptidergic nociceptors
bennddpc-1,TMA00317,CGRP-Alpha,False,False,False,CGRP-Alpha
benpmcgk-1,TMA00317,C-LTMR,False,False,False,C-LTMR
benpofme-1,TMA00317,CGRP-Gamma 1,False,False,False,CGRP-Gamma 1
bfdldcja-1,TMA00317,Abeta-Field,False,False,False,Abeta-Field
bfepjpbp-1,TMA00317,C-LTMR,False,False,False,C-LTMR
bffcjkom-1,TMA00317,CGRP-Gamma 2,False,False,False,CGRP-Gamma 2
bffeojle-1,TMA00317,CGRP-Eta,False,False,False,CGRP-Eta
bfgdjhcb-1,TMA00317,TrpM8,False,False,False,TrpM8
bfgfbaii-1,TMA00317,TrpM8,False,False,False,TrpM8
bfggapjo-1,TMA00317,CGRP-Gamma 2,False,False,False,CGRP-Gamma 2
bfgkidoo-1,TMA00317,CGRP-Gamma 1,False,False,False,CGRP-Gamma 1
bfglpnea-1,TMA00317,TrpM8,False,False,False,TrpM8
bfhiljfb-1,TMA00317,TrpM8,False,False,False,TrpM8
bfhpcolj-1,TMA00317,TrpM8,False,False,False,TrpM8
bfiahodd-1,TMA00317,Nonpeptidergic nociceptors,False,False,False,Nonpeptidergic nociceptors
bfibgekb-1,TMA00317,CGRP-Epsilion,False,False,False,CGRP-Epsilion
bfibhone-1,TMA00317,TrpM8,False,False,False,TrpM8
bficpmbi-1,TMA00317,TrpM8,False,False,False,TrpM8
bfidcobc-1,TMA00317,Abeta-RA-LTMR,False,False,False,Abeta-RA-LTMR
bfimbfjg-1,TMA00317,TrpM8,False,False,False,TrpM8
bfimpagm-1,TMA00317,TrpM8,False,False,False,TrpM8
bfjicbam-1,TMA00317,TrpM8,False,False,False,TrpM8
bfkeeddl-1,TMA00317,CGRP-Alpha,False,False,False,CGRP-Alpha
bfkefelc-1,TMA00317,TrpM8,False,False,False,TrpM8
bflamnlb-1,TMA00317,TrpM8,False,False,False,TrpM8
bflhdgln-1,TMA00317,Nonpeptidergic nociceptors,False,False,False,Nonpeptidergic nociceptors
bfllgcjm-1,TMA00317,CGRP-Alpha,False,False,False,CGRP-Alpha
bfmakfpf-1,TMA00317,CGRP-Alpha,False,False,False,CGRP-Alpha
bfmhboid-1,TMA00317,CGRP-Alpha,False,False,False,CGRP-Alpha
bfmhgeih-1,TMA00317,Nonpeptidergic nociceptors,False,False,False,Nonpeptidergic nociceptors
bfmhneof-1,TMA00317,TrpM8,False,False,False,TrpM8
bfmlaelj-1,TMA00317,C-LTMR,False,False,False,C-LTMR
bfmngekg-1,TMA00317,Nonpeptidergic nociceptors,False,False,False,Nonpeptidergic nociceptors
bfmogdod-1,TMA00317,Nonpeptidergic nociceptors,False,False,False,Nonpeptidergic nociceptors
bfnciflf-1,TMA00317,C-LTMR,False,False,False,C-LTMR
bfnhdbed-1,TMA00317,Nonpeptidergic nociceptors,False,False,False,Nonpeptidergic nociceptors
bfnhijic-1,TMA00317,TrpM8,False,False,False,TrpM8
bfnhkmjh-1,TMA00317,TrpM8,False,False,False,TrpM8
bfnijalg-1,TMA00317,C-LTMR,False,False,False,C-LTMR
bfofgcjg-1,TMA00317,Abeta-Field,False,False,False,Abeta-Field
bfogdjcp-1,TMA00317,CGRP-Zeta,False,False,False,CGRP-Zeta
bfokjpld-1,TMA00317,C-LTMR,False,False,False,C-LTMR
bfolgpma-1,TMA00317,CGRP-Gamma 1,False,False,False,CGRP-Gamma 1
bfpfehgb-1,TMA00317,CGRP-Zeta,False,False,False,CGRP-Zeta
bfpipoan-1,TMA00317,TrpM8,False,False,False,TrpM8
bfpkkinn-1,TMA00317,CGRP-Gamma 1,False,False,False,CGRP-Gamma 1
bfpmbboa-1,TMA00317,TrpM8,False,False,False,TrpM8
bfpnfmdh-1,TMA00317,CGRP-Theta,False,False,False,CGRP-Theta
bfpoecea-1,TMA00317,C-LTMR,False,False,False,C-LTMR
bfppcnmn-1,TMA00317,Adelta-LTMR,False,False,False,Adelta-LTMR
bgaagjbm-1,TMA00317,Nonpeptidergic nociceptors,False,False,False,Nonpeptidergic nociceptors
bgabjidd-1,TMA00317,CGRP-Beta,False,False,False,CGRP-Beta
bgaeamen-1,TMA00317,Nonpeptidergic nociceptors,False,False,False,Nonpeptidergic nociceptors
bgajeoln-1,TMA00317,Nonpeptidergic nociceptors,False,False,False,Nonpeptidergic nociceptors
bgakfmpg-1,TMA00317,Nonpeptidergic nociceptors,False,False,False,Nonpeptidergic nociceptors
bgaldikc-1,TMA00317,Abeta-RA-LTMR,False,False,False,Abeta-RA-LTMR
bgfgfpoo-1,TMA00317,CGRP-Alpha,False,False,False,CGRP-Alpha
bgfjaknj-1,TMA00317,Abeta-RA-LTMR,False,False,False,Abeta-RA-LTMR
bgfmdbpo-1,TMA00317,C-LTMR,False,False,False,C-LTMR
bgfmobbo-1,TMA00317,Nonpeptidergic nociceptors,False,False,False,Nonpeptidergic nociceptors
bgfoneok-1,TMA00317,Adelta-LTMR,False,False,False,Adelta-LTMR
bggbcego-1,TMA00317,Abeta-Field,False,False,False,Abeta-Field
bggbkjjb-1,TMA00317,C-LTMR,False,False,False,C-LTMR
bggbpako-1,TMA00317,Abeta-RA-LTMR,False,False,False,Abeta-RA-LTMR
bgjcpphh-1,TMA00317,C-LTMR,False,False,False,C-LTMR
bgjhnmof-1,TMA00317,Abeta-RA-LTMR,False,False,False,Abeta-RA-LTMR
bgjlfilb-1,TMA00317,Nonpeptidergic nociceptors,False,False,False,Nonpeptidergic nociceptors
bgjlpnlb-1,TMA00317,CGRP-Gamma 1,False,False,False,CGRP-Gamma 1
bgjpccmd-1,TMA00317,TrpM8,False,False,False,TrpM8
bgkdfcko-1,TMA00317,Abeta-RA-LTMR,False,False,False,Abeta-RA-LTMR
bgkijkem-1,TMA00317,C-LTMR,False,False,False,C-LTMR
bglckigi-1,TMA00317,CGRP-Alpha,False,False,False,CGRP-Alpha
bgleekhd-1,TMA00317,CGRP-Gamma 1,False,False,False,CGRP-Gamma 1
bglephff-1,TMA00317,CGRP-Gamma 2,False,False,False,CGRP-Gamma 2
bglfiffd-1,TMA00317,CGRP-Gamma 1,False,False,False,CGRP-Gamma 1
bglhegdi-1,TMA00317,CGRP-Gamma 1,False,False,False,CGRP-Gamma 1
bglhplel-1,TMA00317,Adelta-LTMR,False,False,False,Adelta-LTMR
bglniamh-1,TMA00317,Proprioceptors,False,False,False,Proprioceptors
bgmcfahn-1,TMA00317,C-LTMR,False,False,False,C-LTMR
bgmfhaio-1,TMA00317,Adelta-LTMR,False,False,False,Adelta-LTMR
bgmglkci-1,TMA00317,CGRP-Beta,False,False,False,CGRP-Beta
bgmlpdcp-1,TMA00317,TrpM8,False,False,False,TrpM8
bgmplelk-1,TMA00317,CGRP-Gamma 1,False,False,False,CGRP-Gamma 1
bgnacdph-1,TMA00317,Proprioceptors,False,False,False,Proprioceptors
bgncefgb-1,TMA00317,Abeta-RA-LTMR,False,False,False,Abeta-RA-LTMR
bgndaekh-1,TMA00317,Proprioceptors,False,False,False,Proprioceptors
bgndgfam-1,TMA00317,C-LTMR,False,False,False,C-LTMR
bgnejdea-1,TMA00317,Adelta-LTMR,False,False,False,Adelta-LTMR
bgnfebbn-1,TMA00317,Nonpeptidergic nociceptors,False,False,False,Nonpeptidergic nociceptors
bgnfncpa-1,TMA00317,CGRP-Eta,False,False,False,CGRP-Eta
bgniceom-1,TMA00317,Abeta-Field,False,False,False,Abeta-Field
bgnkoiec-1,TMA00317,Adelta-LTMR,False,False,False,Adelta-LTMR
bgnlgjbm-1,TMA00317,Abeta-Field,False,False,False,Abeta-Field
bgnndpep-1,TMA00317,CGRP-Eta,False,False,False,CGRP-Eta
bgnpbaaa-1,TMA00317,C-LTMR,False,False,False,C-LTMR
bgoendaj-1,TMA00317,CGRP-Gamma 2,False,False,False,CGRP-Gamma 2
bgogapil-1,TMA00317,CGRP-Gamma 1,False,False,False,CGRP-Gamma 1
bgolidkc-1,TMA00317,CGRP-Alpha,False,False,False,CGRP-Alpha
bgoodlmn-1,TMA00317,C-LTMR,False,False,False,C-LTMR
bgopgiia-1,TMA00317,TrpM8,False,False,False,TrpM8
bgpcmgpc-1,TMA00317,CGRP-Gamma 1,False,False,False,CGRP-Gamma 1
bgpdokhd-1,TMA00317,CGRP-Gamma 1,False,False,False,CGRP-Gamma 1
bgpibmeh-1,TMA00317,CGRP-Gamma 1,False,False,False,CGRP-Gamma 1
bhamacok-1,TMA00317,CGRP-Gamma 1,False,False,False,CGRP-Gamma 1
bhapgkkb-1,TMA00317,TrpM8,False,False,False,TrpM8
bhblgjbg-1,TMA00317,CGRP-Gamma 1,False,False,False,CGRP-Gamma 1
bhbokgfk-1,TMA00317,TrpM8,False,False,False,TrpM8
bhchhjie-1,TMA00317,Sst,False,False,False,Sst
bhchhokc-1,TMA00317,CGRP-Gamma 1,False,False,False,CGRP-Gamma 1
bhcjmpko-1,TMA00317,CGRP-Gamma 1,False,False,False,CGRP-Gamma 1
bhckeiod-1,TMA00317,TrpM8,False,False,False,TrpM8
bhclijgg-1,TMA00317,TrpM8,False,False,False,TrpM8
bhcpaoba-1,TMA00317,CGRP-Eta,False,False,False,CGRP-Eta
bhcphndp-1,TMA00317,CGRP-Gamma 2,False,False,False,CGRP-Gamma 2
bhcpjjlk-1,TMA00317,CGRP-Gamma 2,False,False,False,CGRP-Gamma 2
bhdcckda-1,TMA00317,C-LTMR,False,False,False,C-LTMR
bhdlpdbp-1,TMA00317,C-LTMR,False,False,False,C-LTMR
bhdogbff-1,TMA00317,C-LTMR,False,False,False,C-LTMR
bhedpnpe-1,TMA00317,CGRP-Alpha,False,False,False,CGRP-Alpha
bhefepig-1,TMA00317,Nonpeptidergic nociceptors,False,False,False,Nonpeptidergic nociceptors
bhehlmfp-1,TMA00317,CGRP-Gamma 1,False,False,False,CGRP-Gamma 1
bheldfkb-1,TMA00317,TrpM8,False,False,False,TrpM8
bhfapmhc-1,TMA00317,CGRP-Alpha,False,False,False,CGRP-Alpha
bhfdiheo-1,TMA00317,CGRP-Gamma 1,False,False,False,CGRP-Gamma 1
bhfebalo-1,TMA00317,CGRP-Gamma 1,False,False,False,CGRP-Gamma 1
bhffjbae-1,TMA00317,CGRP-Eta,False,False,False,CGRP-Eta
bhfhfclh-1,TMA00317,CGRP-Gamma 1,False,False,False,CGRP-Gamma 1
bhfhnjlb-1,TMA00317,CGRP-Gamma 1,False,False,False,CGRP-Gamma 1
bhflilcf-1,TMA00317,CGRP-Gamma 1,False,False,False,CGRP-Gamma 1
bhfoldbp-1,TMA00317,Nonpeptidergic nociceptors,False,False,False,Nonpeptidergic nociceptors
bhgfoidc-1,TMA00317,CGRP-Gamma 2,False,False,False,CGRP-Gamma 2
bhgiphkc-1,TMA00317,CGRP-Gamma 1,False,False,False,CGRP-Gamma 1
bhgkdpaa-1,TMA00317,CGRP-Eta,False,False,False,CGRP-Eta
bhgkifab-1,TMA00317,CGRP-Gamma 1,False,False,False,CGRP-Gamma 1
bhglanjh-1,TMA00317,C-LTMR,False,False,False,C-LTMR
bhhpghmo-1,TMA00317,TrpM8,False,False,False,TrpM8
bhhpkjdh-1,TMA00317,C-LTMR,False,False,False,C-LTMR
bhhpmmip-1,TMA00317,TrpM8,False,False,False,TrpM8
bhiffbfm-1,TMA00317,TrpM8,False,False,False,TrpM8
bhiifona-1,TMA00317,CGRP-Gamma 1,False,False,False,CGRP-Gamma 1
bhijdgmi-1,TMA00317,CGRP-Gamma 1,False,False,False,CGRP-Gamma 1
bhilbceb-1,TMA00317,CGRP-Gamma 2,False,False,False,CGRP-Gamma 2
bhinobfj-1,TMA00317,CGRP-Gamma 1,False,False,False,CGRP-Gamma 1
bhipakch-1,TMA00317,CGRP-Gamma 1,False,False,False,CGRP-Gamma 1
bhjgjimk-1,TMA00317,CGRP-Eta,False,False,False,CGRP-Eta
bhjhmdnc-1,TMA00317,CGRP-Gamma 2,False,False,False,CGRP-Gamma 2
bhjlfofj-1,TMA00317,Abeta-RA-LTMR,False,False,False,Abeta-RA-LTMR
bhkejijk-1,TMA00317,Nonpeptidergic nociceptors,False,False,False,Nonpeptidergic nociceptors
bhlbpbjg-1,TMA00317,CGRP-Theta,False,False,False,CGRP-Theta
bhldgdpe-1,TMA00317,C-LTMR,False,False,False,C-LTMR
bhlkdlfi-1,TMA00317,C-LTMR,False,False,False,C-LTMR
bhmbhpab-1,TMA00317,Adelta-LTMR,False,False,False,Adelta-LTMR
bhmbpgne-1,TMA00317,CGRP-Gamma 1,False,False,False,CGRP-Gamma 1
bhmcmgaj-1,TMA00317,CGRP-Gamma 1,False,False,False,CGRP-Gamma 1
bhmecfhe-1,TMA00317,Nonpeptidergic nociceptors,False,False,False,Nonpeptidergic nociceptors
bhnaodng-1,TMA00317,Abeta-RA-LTMR,False,False,False,Abeta-RA-LTMR
bhnihepk-1,TMA00317,CGRP-Gamma 1,False,False,False,CGRP-Gamma 1
bhnjaeel-1,TMA00317,C-LTMR,False,False,False,C-LTMR
bhnmpplc-1,TMA00317,Nonpeptidergic nociceptors,False,False,False,Nonpeptidergic nociceptors
bhnnbpkn-1,TMA00317,CGRP-Zeta,False,False,False,CGRP-Zeta
bhnnookh-1,TMA00317,CGRP-Zeta,False,False,False,CGRP-Zeta
bhnpgmmm-1,TMA00317,CGRP-Zeta,False,False,False,CGRP-Zeta
bhoccieo-1,TMA00317,CGRP-Gamma 1,False,False,False,CGRP-Gamma 1
bhohccch-1,TMA00317,Abeta-Field,False,False,False,Abeta-Field
bhompgao-1,TMA00317,Abeta-Field,False,False,False,Abeta-Field
bhoopojo-1,TMA00317,CGRP-Beta,False,False,False,CGRP-Beta
bhophkpo-1,TMA00317,CGRP-Gamma 1,False,False,False,CGRP-Gamma 1
bhpclmll-1,TMA00317,CGRP-Gamma 1,False,False,False,CGRP-Gamma 1
bhpfoinp-1,TMA00317,Abeta-RA-LTMR,False,False,False,Abeta-RA-LTMR
bhpoklca-1,TMA00317,CGRP-Epsilion,False,False,False,CGRP-Epsilion
biabnjpb-1,TMA00317,TrpM8,False,False,False,TrpM8
biacenkk-1,TMA00317,CGRP-Eta,False,False,False,CGRP-Eta
biajjpkg-1,TMA00317,CGRP-Gamma 1,False,False,False,CGRP-Gamma 1
biakbhik-1,TMA00317,C-LTMR,False,False,False,C-LTMR
bibjiigl-1,TMA00317,Adelta-LTMR,False,False,False,Adelta-LTMR
biblabje-1,TMA00317,CGRP-Zeta,False,False,False,CGRP-Zeta
bichlkma-1,TMA00317,CGRP-Eta,False,False,False,CGRP-Eta
bickondb-1,TMA00317,CGRP-Eta,False,False,False,CGRP-Eta
bicpdehf-1,TMA00317,CGRP-Eta,False,False,False,CGRP-Eta
bidbbeid-1,TMA00317,CGRP-Gamma 2,False,False,False,CGRP-Gamma 2
bidiclan-1,TMA00317,Adelta-LTMR,False,False,False,Adelta-LTMR
bidimfoh-1,TMA00317,Abeta-RA-LTMR,False,False,False,Abeta-RA-LTMR
bidjkdbm-1,TMA00317,Abeta-Field,False,False,False,Abeta-Field
bidlbjpi-1,TMA00317,CGRP-Theta,False,False,False,CGRP-Theta
bidookid-1,TMA00317,TrpM8,False,False,False,TrpM8
bieeiaoo-1,TMA00317,Abeta-RA-LTMR,False,False,False,Abeta-RA-LTMR
biefbhcc-1,TMA00317,CGRP-Gamma 2,False,False,False,CGRP-Gamma 2
biejpbgf-1,TMA00317,Proprioceptors,False,False,False,Proprioceptors
bifcecno-1,TMA00317,Abeta-Field,False,False,False,Abeta-Field
bifjjcdb-1,TMA00317,C-LTMR,False,False,False,C-LTMR
bifmddoc-1,TMA00317,C-LTMR,False,False,False,C-LTMR
bigfghip-1,TMA00317,Abeta-Field,False,False,False,Abeta-Field
bignjmch-1,TMA00317,CGRP-Gamma 2,False,False,False,CGRP-Gamma 2
bigpibeb-1,TMA00317,CGRP-Gamma 2,False,False,False,CGRP-Gamma 2
bihfaghi-1,TMA00317,C-LTMR,False,False,False,C-LTMR
bihjemdn-1,TMA00317,Proprioceptors,False,False,False,Proprioceptors
bihlambh-1,TMA00317,CGRP-Gamma 2,False,True,False,CGRP-Gamma 2
bihphcgb-1,TMA00317,CGRP-Gamma 1,False,False,False,CGRP-Gamma 1
biibkjjo-1,TMA00317,CGRP-Gamma 1,False,False,False,CGRP-Gamma 1
biicmnfp-1,TMA00317,CGRP-Gamma 2,False,False,False,CGRP-Gamma 2
biiddhao-1,TMA00317,C-LTMR,False,False,False,C-LTMR
biifikhf-1,TMA00317,CGRP-Gamma 1,False,False,False,CGRP-Gamma 1
biifomea-1,TMA00317,CGRP-Eta,False,False,False,CGRP-Eta
biigfcab-1,TMA00317,CGRP-Gamma 2,False,False,False,CGRP-Gamma 2
biiifbkb-1,TMA00317,Abeta-Field,False,False,False,Abeta-Field
biijclek-1,TMA00317,CGRP-Alpha,False,False,False,CGRP-Alpha
biijgcjl-1,TMA00317,CGRP-Beta,False,False,False,CGRP-Beta
biimnhim-1,TMA00317,Nonpeptidergic nociceptors,False,False,False,Nonpeptidergic nociceptors
bijgnijb-1,TMA00317,CGRP-Gamma 1,False,False,False,CGRP-Gamma 1
bijhenno-1,TMA00317,TrpM8,False,False,False,TrpM8
bikeebeb-1,TMA00317,CGRP-Gamma 2,False,True,False,CGRP-Gamma 2
biklefpm-1,TMA00317,TrpM8,False,False,False,TrpM8
bilgmfph-1,TMA00317,C-LTMR,False,False,False,C-LTMR
bilihdpp-1,TMA00317,CGRP-Gamma 1,False,False,False,CGRP-Gamma 1
bimbncde-1,TMA00317,CGRP-Gamma 1,False,False,False,CGRP-Gamma 1
bimcejgg-1,TMA00317,CGRP-Gamma 2,False,False,False,CGRP-Gamma 2
bimchaod-1,TMA00317,CGRP-Gamma 1,False,False,False,CGRP-Gamma 1
bimcpjcn-1,TMA00317,C-LTMR,False,False,False,C-LTMR
bimdineg-1,TMA00317,C-LTMR,False,False,False,C-LTMR
bimgjkfp-1,TMA00317,C-LTMR,False,False,False,C-LTMR
bimgnece-1,TMA00317,CGRP-Eta,False,False,False,CGRP-Eta
bimhjlpi-1,TMA00317,CGRP-Theta,False,False,False,CGRP-Theta
binfgajb-1,TMA00317,CGRP-Zeta,False,False,False,CGRP-Zeta
binieiek-1,TMA00317,CGRP-Theta,False,False,False,CGRP-Theta
binljeef-1,TMA00317,CGRP-Alpha,False,False,False,CGRP-Alpha
binofike-1,TMA00317,Abeta-RA-LTMR,False,False,False,Abeta-RA-LTMR
biodkbkd-1,TMA00317,CGRP-Eta,False,False,False,CGRP-Eta
bioeigic-1,TMA00317,CGRP-Alpha,False,False,False,CGRP-Alpha
bioleobm-1,TMA00317,CGRP-Alpha,False,False,False,CGRP-Alpha
biomfjcp-1,TMA00317,CGRP-Epsilion,False,False,False,CGRP-Epsilion
bipginjp-1,TMA00317,Nonpeptidergic nociceptors,False,False,False,Nonpeptidergic nociceptors
bipliblb-1,TMA00317,CGRP-Gamma 2,False,False,False,CGRP-Gamma 2
bjaigiba-1,TMA00317,CGRP-Gamma 2,False,False,False,CGRP-Gamma 2
bjalfglg-1,TMA00317,Adelta-LTMR,False,False,False,Adelta-LTMR
bjamkkdp-1,TMA00317,CGRP-Theta,False,False,False,CGRP-Theta
bjbcicnn-1,TMA00317,CGRP-Epsilion,False,False,False,CGRP-Epsilion
bjbembop-1,TMA00317,TrpM8,False,False,False,TrpM8
bjbimdag-1,TMA00317,Proprioceptors,False,False,False,Proprioceptors
bjbknfcj-1,TMA00317,CGRP-Theta,False,False,False,CGRP-Theta
bjbodllg-1,TMA00317,C-LTMR,False,False,False,C-LTMR
bjcaeimo-1,TMA00317,C-LTMR,False,False,False,C-LTMR
bjcdojac-1,TMA00317,Abeta-Field,False,False,False,Abeta-Field
bjcebkac-1,TMA00317,CGRP-Eta,False,False,False,CGRP-Eta
bjcinhie-1,TMA00317,CGRP-Eta,False,False,False,CGRP-Eta
bjckjonf-1,TMA00317,CGRP-Theta,False,False,False,CGRP-Theta
bjdepefo-1,TMA00317,CGRP-Gamma 1,False,False,False,CGRP-Gamma 1
bjdiohno-1,TMA00317,Proprioceptors,False,False,False,Proprioceptors
bjdipmda-1,TMA00317,Nonpeptidergic nociceptors,False,False,False,Nonpeptidergic nociceptors
bjdklfdc-1,TMA00317,TrpM8,False,False,False,TrpM8
bjdnimmc-1,TMA00317,Nonpeptidergic nociceptors,False,False,False,Nonpeptidergic nociceptors
bjdnlmnc-1,TMA00317,Abeta-Field,False,False,False,Abeta-Field
bjebklhf-1,TMA00317,CGRP-Gamma 1,False,False,False,CGRP-Gamma 1
bjeblfjp-1,TMA00317,CGRP-Gamma 1,False,False,False,CGRP-Gamma 1
bjelofnf-1,TMA00317,CGRP-Gamma 1,False,False,False,CGRP-Gamma 1
bjemmnjk-1,TMA00317,CGRP-Gamma 2,False,False,False,CGRP-Gamma 2
bjfemgjj-1,TMA00317,CGRP-Zeta,False,False,False,CGRP-Zeta
bjfpmopm-1,TMA00317,Nonpeptidergic nociceptors,False,False,False,Nonpeptidergic nociceptors
bjgbmbhi-1,TMA00317,CGRP-Zeta,False,False,False,CGRP-Zeta
bjgdbpon-1,TMA00317,Nonpeptidergic nociceptors,False,False,False,Nonpeptidergic nociceptors
bjgemooj-1,TMA00317,TrpM8,False,False,False,TrpM8
bjghnpbb-1,TMA00317,CGRP-Eta,False,False,False,CGRP-Eta
bjgmedgi-1,TMA00317,TrpM8,False,False,False,TrpM8
bjgmifmk-1,TMA00317,CGRP-Epsilion,False,False,False,CGRP-Epsilion
bjgpfkaa-1,TMA00317,C-LTMR,False,False,False,C-LTMR
bjhdfcdd-1,TMA00317,TrpM8,False,False,False,TrpM8
bjhoacck-1,TMA00317,TrpM8,False,False,False,TrpM8
bjiaaall-1,TMA00317,CGRP-Gamma 1,False,False,False,CGRP-Gamma 1
bjicnbgf-1,TMA00317,C-LTMR,False,False,False,C-LTMR
bjigaadg-1,TMA00317,C-LTMR,False,False,False,C-LTMR
bjijbjmb-1,TMA00317,TrpM8,False,False,False,TrpM8
bjilcfkf-1,TMA00317,CGRP-Eta,False,False,False,CGRP-Eta
bjjamcci-1,TMA00317,CGRP-Gamma 1,False,False,False,CGRP-Gamma 1
bjjekajn-1,TMA00317,CGRP-Gamma 1,False,False,False,CGRP-Gamma 1
bjjfnokl-1,TMA00317,CGRP-Gamma 1,False,False,False,CGRP-Gamma 1
bjjjhgkf-1,TMA00317,CGRP-Eta,False,False,False,CGRP-Eta
bjjnbhka-1,TMA00317,CGRP-Gamma 1,False,False,False,CGRP-Gamma 1
bjjomokn-1,TMA00317,Adelta-LTMR,False,False,False,Adelta-LTMR
bjjpfjlo-1,TMA00317,Sst,False,False,False,Sst
bjjphnpl-1,TMA00317,CGRP-Gamma 2,False,False,False,CGRP-Gamma 2
bjkaifgp-1,TMA00317,Proprioceptors,False,False,False,Proprioceptors
bjkckild-1,TMA00317,CGRP-Gamma 1,False,False,False,CGRP-Gamma 1
bjkdlnlc-1,TMA00317,Adelta-LTMR,False,False,False,Adelta-LTMR
bjkejbbm-1,TMA00317,C-LTMR,False,False,False,C-LTMR
bjkfimfj-1,TMA00317,CGRP-Eta,False,False,False,CGRP-Eta
bjkghhch-1,TMA00317,CGRP-Zeta,False,False,False,CGRP-Zeta
bjkhkccb-1,TMA00317,CGRP-Eta,False,False,False,CGRP-Eta
bjkihbka-1,TMA00317,Nonpeptidergic nociceptors,True,False,False,Nonpeptidergic nociceptors
bjknehpd-1,TMA00317,CGRP-Gamma 1,False,False,False,CGRP-Gamma 1
bjlahmic-1,TMA00317,CGRP-Gamma 1,False,False,False,CGRP-Gamma 1
bjlboofe-1,TMA00317,CGRP-Eta,False,False,False,CGRP-Eta
bjlcdgeh-1,TMA00317,CGRP-Gamma 2,False,False,False,CGRP-Gamma 2
bjlgjcfh-1,TMA00317,Nonpeptidergic nociceptors,False,False,False,Nonpeptidergic nociceptors
bjlgpbjo-1,TMA00317,TrpM8,False,False,False,TrpM8
bjlmeljg-1,TMA00317,Nonpeptidergic nociceptors,False,False,False,Nonpeptidergic nociceptors
bjlnbboj-1,TMA00317,CGRP-Epsilion,False,False,False,CGRP-Epsilion
bjlnlhoi-1,TMA00317,CGRP-Eta,False,False,False,CGRP-Eta
bjmananl-1,TMA00317,Adelta-LTMR,True,False,False,Adelta-LTMR
bjmchfmk-1,TMA00317,CGRP-Gamma 1,False,False,False,CGRP-Gamma 1
bjmcjdoe-1,TMA00317,TrpM8,False,False,False,TrpM8
bjmliaea-1,TMA00317,CGRP-Theta,False,False,False,CGRP-Theta
bjmlichp-1,TMA00317,C-LTMR,False,False,False,C-LTMR
bjmlllan-1,TMA00317,C-LTMR,False,False,False,C-LTMR
bjmobkbp-1,TMA00317,C-LTMR,False,False,False,C-LTMR
bjmoeldk-1,TMA00317,CGRP-Gamma 1,False,False,False,CGRP-Gamma 1
bjnfjdme-1,TMA00317,CGRP-Gamma 1,False,False,False,CGRP-Gamma 1
bjnikbka-1,TMA00317,C-LTMR,False,False,False,C-LTMR
bjnjniab-1,TMA00317,CGRP-Gamma 1,False,False,False,CGRP-Gamma 1
bjnncgjj-1,TMA00317,Abeta-Field,False,False,False,Abeta-Field
bjnpmndo-1,TMA00317,CGRP-Theta,False,False,False,CGRP-Theta
bjocoand-1,TMA00317,C-LTMR,False,False,False,C-LTMR
bjooingh-1,TMA00317,CGRP-Gamma 1,False,False,False,CGRP-Gamma 1
bjpamlop-1,TMA00317,CGRP-Gamma 2,False,False,False,CGRP-Gamma 2
bjpenjcn-1,TMA00317,CGRP-Gamma 1,False,False,False,CGRP-Gamma 1
bjpgfgcl-1,TMA00317,CGRP-Gamma 1,False,False,False,CGRP-Gamma 1
bjphkdii-1,TMA00317,CGRP-Eta,False,False,False,CGRP-Eta
bjpjdkkh-1,TMA00317,TrpM8,False,False,False,TrpM8
bjppbafa-1,TMA00317,Sst,False,False,False,Sst
bkadekjn-1,TMA00317,CGRP-Gamma 1,False,False,False,CGRP-Gamma 1
bkahbplf-1,TMA00317,TrpM8,False,False,False,TrpM8
bkahilcd-1,TMA00317,CGRP-Gamma 1,False,False,False,CGRP-Gamma 1
bkahjobl-1,TMA00317,CGRP-Eta,False,False,False,CGRP-Eta
bkaldfoi-1,TMA00317,CGRP-Eta,False,False,False,CGRP-Eta
bkbdcebb-1,TMA00317,CGRP-Eta,False,False,False,CGRP-Eta
bkbelgdp-1,TMA00317,TrpM8,False,False,False,TrpM8
bkbpbkom-1,TMA00317,CGRP-Alpha,False,False,False,CGRP-Alpha
bkcdmppk-1,TMA00317,Abeta-Field,False,False,False,Abeta-Field
bkcgmmli-1,TMA00317,CGRP-Gamma 1,False,False,False,CGRP-Gamma 1
bkcjhagf-1,TMA00317,CGRP-Gamma 1,False,False,False,CGRP-Gamma 1
bkclfkpe-1,TMA00317,TrpM8,False,False,False,TrpM8
bkcmadok-1,TMA00317,CGRP-Eta,False,False,False,CGRP-Eta
bkcojikf-1,TMA00317,CGRP-Eta,False,False,False,CGRP-Eta
bkdaplbb-1,TMA00317,Abeta-Field,False,False,False,Abeta-Field
bkdbccoj-1,TMA00317,CGRP-Epsilion,False,False,False,CGRP-Epsilion
bkddoiii-1,TMA00317,Abeta-Field,False,False,False,Abeta-Field
bkdlibaj-1,TMA00317,CGRP-Epsilion,False,False,False,CGRP-Epsilion
bkjdpkmm-1,TMA00317,CGRP-Eta,False,False,False,CGRP-Eta
bkjfmfjg-1,TMA00317,CGRP-Gamma 1,False,False,False,CGRP-Gamma 1
bkjgkmni-1,TMA00317,Nonpeptidergic nociceptors,False,False,False,Nonpeptidergic nociceptors
bkjpmepp-1,TMA00317,CGRP-Alpha,False,False,False,CGRP-Alpha
bkklpmjp-1,TMA00317,CGRP-Eta,False,False,False,CGRP-Eta
bkkmklig-1,TMA00317,C-LTMR,False,False,False,C-LTMR
bklminid-1,TMA00317,CGRP-Eta,False,False,False,CGRP-Eta
bkmbicnl-1,TMA00317,CGRP-Gamma 1,False,False,False,CGRP-Gamma 1
bkmepkcl-1,TMA00317,CGRP-Gamma 1,False,False,False,CGRP-Gamma 1
bkmpfbbn-1,TMA00317,CGRP-Gamma 1,False,False,False,CGRP-Gamma 1
bknakofd-1,TMA00317,CGRP-Beta,False,False,False,CGRP-Beta
bknclacj-1,TMA00317,CGRP-Alpha,False,False,False,CGRP-Alpha
bkngfnnm-1,TMA00317,CGRP-Eta,False,False,False,CGRP-Eta
bkngndhd-1,TMA00317,TrpM8,False,False,False,TrpM8
bknidggo-1,TMA00317,CGRP-Gamma 1,False,False,False,CGRP-Gamma 1
bknmjigk-1,TMA00317,TrpM8,False,False,False,TrpM8
bknmkoka-1,TMA00317,C-LTMR,False,False,False,C-LTMR
bknngghl-1,TMA00317,Nonpeptidergic nociceptors,False,False,False,Nonpeptidergic nociceptors
bknobpda-1,TMA00317,CGRP-Theta,False,False,False,CGRP-Theta
bkobkbjb-1,TMA00317,TrpM8,False,False,False,TrpM8
bkocpokk-1,TMA00317,TrpM8,False,False,False,TrpM8
bkofgilf-1,TMA00317,CGRP-Gamma 2,False,False,False,CGRP-Gamma 2
bkolgeao-1,TMA00317,CGRP-Gamma 1,False,False,False,CGRP-Gamma 1
bkolicgm-1,TMA00317,CGRP-Theta,False,False,False,CGRP-Theta
bkomenjg-1,TMA00317,CGRP-Beta,False,False,False,CGRP-Beta
bkpkimep-1,TMA00317,Nonpeptidergic nociceptors,False,False,False,Nonpeptidergic nociceptors
bkploicg-1,TMA00317,C-LTMR,False,False,False,C-LTMR
bkpmmdmj-1,TMA00317,TrpM8,False,False,False,TrpM8
blaaipoc-1,TMA00317,CGRP-Gamma 1,False,False,False,CGRP-Gamma 1
blagecia-1,TMA00317,CGRP-Alpha,False,False,False,CGRP-Alpha
blaiikoj-1,TMA00317,CGRP-Gamma 1,False,False,False,CGRP-Gamma 1
blbcblkn-1,TMA00317,CGRP-Gamma 1,False,False,False,CGRP-Gamma 1
blbdobfm-1,TMA00317,TrpM8,False,False,False,TrpM8
blbfgceg-1,TMA00317,TrpM8,False,False,False,TrpM8
bldjnlmf-1,TMA00317,Nonpeptidergic nociceptors,False,False,False,Nonpeptidergic nociceptors
blebkmhf-1,TMA00317,CGRP-Gamma 1,False,False,False,CGRP-Gamma 1
blegpioa-1,TMA00317,CGRP-Beta,False,False,False,CGRP-Beta
bleljimh-1,TMA00317,C-LTMR,False,False,False,C-LTMR
blemmfae-1,TMA00317,Nonpeptidergic nociceptors,False,False,False,Nonpeptidergic nociceptors
blemondn-1,TMA00317,CGRP-Epsilion,False,False,False,CGRP-Epsilion
blfdgmej-1,TMA00317,CGRP-Eta,False,False,False,CGRP-Eta
blfeachm-1,TMA00317,CGRP-Eta,False,False,False,CGRP-Eta
blfglmhk-1,TMA00317,CGRP-Gamma 1,False,False,False,CGRP-Gamma 1
blfjjdbm-1,TMA00317,C-LTMR,False,False,False,C-LTMR
blfkphel-1,TMA00317,CGRP-Gamma 1,False,False,False,CGRP-Gamma 1
blfmcddi-1,TMA00317,Nonpeptidergic nociceptors,False,False,False,Nonpeptidergic nociceptors
blfmgjfh-1,TMA00317,CGRP-Gamma 1,False,False,False,CGRP-Gamma 1
blfmompk-1,TMA00317,CGRP-Eta,False,False,False,CGRP-Eta
blgadboo-1,TMA00317,C-LTMR,False,False,False,C-LTMR
blgbeobg-1,TMA00317,CGRP-Gamma 2,False,False,False,CGRP-Gamma 2
blgikneo-1,TMA00317,TrpM8,False,False,False,TrpM8
blgnbinj-1,TMA00317,CGRP-Alpha,False,False,False,CGRP-Alpha
blhbjbpf-1,TMA00317,Nonpeptidergic nociceptors,False,False,False,Nonpeptidergic nociceptors
blhfhpfk-1,TMA00317,Nonpeptidergic nociceptors,False,False,False,Nonpeptidergic nociceptors
blhjnkhm-1,TMA00317,CGRP-Gamma 2,False,False,False,CGRP-Gamma 2
blhndphi-1,TMA00317,CGRP-Beta,False,False,False,CGRP-Beta
bliagbip-1,TMA00317,TrpM8,False,False,False,TrpM8
blihccek-1,TMA00317,TrpM8,False,False,False,TrpM8
bliicjab-1,TMA00317,CGRP-Eta,False,False,False,CGRP-Eta
blimknfc-1,TMA00317,CGRP-Gamma 1,False,False,False,CGRP-Gamma 1
bljajdfd-1,TMA00317,Proprioceptors,False,False,False,Proprioceptors
bljdfajk-1,TMA00317,TrpM8,False,False,False,TrpM8
bljlbjne-1,TMA00317,TrpM8,False,False,False,TrpM8
bljoeimb-1,TMA00317,TrpM8,False,False,False,TrpM8
bljoijbn-1,TMA00317,Abeta-Field,False,False,False,Abeta-Field
blkegpjh-1,TMA00317,CGRP-Alpha,False,False,False,CGRP-Alpha
blkgmkgo-1,TMA00317,CGRP-Gamma 1,False,False,False,CGRP-Gamma 1
blkiihna-1,TMA00317,C-LTMR,False,False,False,C-LTMR
blklojii-1,TMA00317,CGRP-Gamma 1,False,False,False,CGRP-Gamma 1
blkpnjfj-1,TMA00317,CGRP-Gamma 1,False,False,False,CGRP-Gamma 1
bllcenko-1,TMA00317,CGRP-Gamma 1,False,False,False,CGRP-Gamma 1
blldhcha-1,TMA00317,CGRP-Gamma 1,False,False,False,CGRP-Gamma 1
bllpooif-1,TMA00317,CGRP-Zeta,False,False,False,CGRP-Zeta
blmfojmj-1,TMA00317,CGRP-Gamma 2,False,False,False,CGRP-Gamma 2
blnalmci-1,TMA00317,CGRP-Zeta,False,False,False,CGRP-Zeta
blnpccpp-1,TMA00317,CGRP-Gamma 1,False,False,False,CGRP-Gamma 1
bloaomhp-1,TMA00317,Nonpeptidergic nociceptors,False,False,False,Nonpeptidergic nociceptors
bloddepn-1,TMA00317,CGRP-Eta,False,False,False,CGRP-Eta
bloecbcd-1,TMA00317,CGRP-Gamma 1,False,False,False,CGRP-Gamma 1
blogcobi-1,TMA00317,Abeta-Field,False,False,False,Abeta-Field
blopmpaa-1,TMA00317,CGRP-Theta,False,False,False,CGRP-Theta
blpckmfd-1,TMA00317,CGRP-Eta,False,False,False,CGRP-Eta
blpfmgpj-1,TMA00317,Adelta-LTMR,False,False,False,Adelta-LTMR
blplnglb-1,TMA00317,CGRP-Gamma 1,False,False,False,CGRP-Gamma 1
blpmkimk-1,TMA00317,CGRP-Gamma 2,False,False,False,CGRP-Gamma 2
blpojkop-1,TMA00317,Adelta-LTMR,False,False,False,Adelta-LTMR
bmafdcdf-1,TMA00317,Nonpeptidergic nociceptors,False,False,False,Nonpeptidergic nociceptors
bmafeoag-1,TMA00317,Abeta-RA-LTMR,False,False,False,Abeta-RA-LTMR
bmajfpep-1,TMA00317,CGRP-Gamma 1,False,False,False,CGRP-Gamma 1
bmaloogo-1,TMA00317,CGRP-Theta,False,False,False,CGRP-Theta
bmamjnni-1,TMA00317,Abeta-RA-LTMR,False,False,False,Abeta-RA-LTMR
bmapjnbg-1,TMA00317,Proprioceptors,False,False,False,Proprioceptors
bmbagemo-1,TMA00317,CGRP-Gamma 2,False,False,False,CGRP-Gamma 2
bmbaoncm-1,TMA00317,CGRP-Beta,False,False,False,CGRP-Beta
bmbbfaje-1,TMA00317,Abeta-RA-LTMR,False,False,False,Abeta-RA-LTMR
bmbddnbc-1,TMA00317,Nonpeptidergic nociceptors,False,False,False,Nonpeptidergic nociceptors
bmbfoklk-1,TMA00317,Nonpeptidergic nociceptors,False,False,False,Nonpeptidergic nociceptors
bmbhaogn-1,TMA00317,Abeta-Field,False,False,False,Abeta-Field
bmblgipp-1,TMA00317,CGRP-Zeta,False,False,False,CGRP-Zeta
bmcdcobc-1,TMA00317,CGRP-Zeta,False,False,False,CGRP-Zeta
bmceecbj-1,TMA00317,CGRP-Gamma 1,False,False,False,CGRP-Gamma 1
bmcjhngn-1,TMA00317,CGRP-Gamma 1,False,False,False,CGRP-Gamma 1
bmcokdie-1,TMA00317,CGRP-Gamma 1,False,False,False,CGRP-Gamma 1
bmdacmdg-1,TMA00317,CGRP-Gamma 2,False,False,False,CGRP-Gamma 2
bmdfbgko-1,TMA00317,CGRP-Gamma 1,False,False,False,CGRP-Gamma 1
bmdhffjf-1,TMA00317,CGRP-Gamma 1,False,False,False,CGRP-Gamma 1
bmdimnlj-1,TMA00317,CGRP-Gamma 1,False,False,False,CGRP-Gamma 1
bmdjmcba-1,TMA00317,CGRP-Eta,False,False,False,CGRP-Eta
bmdokfld-1,TMA00317,CGRP-Gamma 1,False,False,False,CGRP-Gamma 1
bmecoeoa-1,TMA00317,CGRP-Zeta,False,False,False,CGRP-Zeta
bmefimia-1,TMA00317,CGRP-Zeta,False,False,False,CGRP-Zeta
bmegaopm-1,TMA00317,C-LTMR,False,False,False,C-LTMR
bmejpggn-1,TMA00317,CGRP-Gamma 1,False,False,False,CGRP-Gamma 1
bmfdchbf-1,TMA00317,C-LTMR,False,False,False,C-LTMR
bmfejaoj-1,TMA00317,CGRP-Gamma 2,False,False,False,CGRP-Gamma 2
bmfiibjm-1,TMA00317,CGRP-Gamma 1,False,False,False,CGRP-Gamma 1
bmfilplf-1,TMA00317,C-LTMR,False,False,False,C-LTMR
bmflooii-1,TMA00317,CGRP-Gamma 2,False,False,False,CGRP-Gamma 2
bmgdnfjg-1,TMA00317,CGRP-Gamma 1,False,False,False,CGRP-Gamma 1
bmgfgbai-1,TMA00317,C-LTMR,False,False,False,C-LTMR
bmgfmoaf-1,TMA00317,CGRP-Eta,False,False,False,CGRP-Eta
bmgkdodb-1,TMA00317,CGRP-Gamma 2,False,False,False,CGRP-Gamma 2
bmgleija-1,TMA00317,CGRP-Gamma 1,False,False,False,CGRP-Gamma 1
bmgljied-1,TMA00317,CGRP-Gamma 1,False,False,False,CGRP-Gamma 1
bmhcldlb-1,TMA00317,Adelta-LTMR,False,False,False,Adelta-LTMR
bmhfepdg-1,TMA00317,Adelta-LTMR,False,False,False,Adelta-LTMR
bmhjldjl-1,TMA00317,CGRP-Gamma 1,False,True,False,CGRP-Gamma 1
bmhpbhhj-1,TMA00317,CGRP-Gamma 2,False,False,False,CGRP-Gamma 2
bmibaoln-1,TMA00317,Abeta-Field,False,False,False,Abeta-Field
bmidnjmj-1,TMA00317,CGRP-Gamma 1,False,False,False,CGRP-Gamma 1
bmiepobf-1,TMA00317,Nonpeptidergic nociceptors,False,False,False,Nonpeptidergic nociceptors
bmihpnnd-1,TMA00317,CGRP-Gamma 1,False,True,False,CGRP-Gamma 1
bmikeolm-1,TMA00317,CGRP-Eta,False,False,False,CGRP-Eta
bmilhphk-1,TMA00317,CGRP-Gamma 2,False,False,False,CGRP-Gamma 2
bmioaobm-1,TMA00317,TrpM8,False,False,False,TrpM8
bmjcngkj-1,TMA00317,CGRP-Gamma 2,False,False,False,CGRP-Gamma 2
bmjeddoa-1,TMA00317,C-LTMR,False,False,False,C-LTMR
bmjeinhh-1,TMA00317,CGRP-Eta,False,False,False,CGRP-Eta
bmjgcpmf-1,TMA00317,CGRP-Zeta,False,False,False,CGRP-Zeta
bmjgogbn-1,TMA00317,CGRP-Gamma 1,False,False,False,CGRP-Gamma 1
bmjhanlk-1,TMA00317,C-LTMR,False,False,False,C-LTMR
bmjlnabc-1,TMA00317,CGRP-Gamma 2,False,False,False,CGRP-Gamma 2
bmjmkjkh-1,TMA00317,CGRP-Beta,False,False,False,CGRP-Beta
bmjphnla-1,TMA00317,CGRP-Zeta,False,False,False,CGRP-Zeta
bmjpnaad-1,TMA00317,CGRP-Eta,False,False,False,CGRP-Eta
bmkagmah-1,TMA00317,Proprioceptors,False,False,False,Proprioceptors
bmkfeipl-1,TMA00317,CGRP-Eta,False,False,False,CGRP-Eta
bmkhnfcp-1,TMA00317,CGRP-Gamma 2,False,False,False,CGRP-Gamma 2
bmklhjah-1,TMA00317,Abeta-Field,False,False,False,Abeta-Field
bmklmcgj-1,TMA00317,CGRP-Gamma 1,False,False,False,CGRP-Gamma 1
bmkmodel-1,TMA00317,CGRP-Gamma 2,False,False,False,CGRP-Gamma 2
bmknfdpd-1,TMA00317,CGRP-Gamma 1,False,False,False,CGRP-Gamma 1
bmlbjjee-1,TMA00317,CGRP-Gamma 2,False,False,False,CGRP-Gamma 2
bmlckcnd-1,TMA00317,C-LTMR,False,False,False,C-LTMR
bmldkekh-1,TMA00317,CGRP-Gamma 1,False,False,False,CGRP-Gamma 1
bmlenejo-1,TMA00317,CGRP-Alpha,False,False,False,CGRP-Alpha
bmleobam-1,TMA00317,CGRP-Eta,False,False,False,CGRP-Eta
bmlfcife-1,TMA00317,Nonpeptidergic nociceptors,False,False,False,Nonpeptidergic nociceptors
bmlgoppp-1,TMA00317,C-LTMR,False,False,False,C-LTMR
bmlobgck-1,TMA00317,TrpM8,False,False,False,TrpM8
bmmbohij-1,TMA00317,TrpM8,False,False,False,TrpM8
bmmdplai-1,TMA00317,CGRP-Gamma 1,False,False,False,CGRP-Gamma 1
bmmeclcp-1,TMA00317,Nonpeptidergic nociceptors,False,False,False,Nonpeptidergic nociceptors
bmmgnbpk-1,TMA00317,Nonpeptidergic nociceptors,False,False,False,Nonpeptidergic nociceptors
bmmjahda-1,TMA00317,Proprioceptors,False,False,False,Proprioceptors
bmmojame-1,TMA00317,Adelta-LTMR,False,False,False,Adelta-LTMR
bmniecmc-1,TMA00317,Abeta-RA-LTMR,False,False,False,Abeta-RA-LTMR
bmnijcpf-1,TMA00317,Adelta-LTMR,False,False,False,Adelta-LTMR
bmnpldha-1,TMA00317,Adelta-LTMR,False,False,False,Adelta-LTMR
bmocdhfn-1,TMA00317,CGRP-Theta,False,False,False,CGRP-Theta
bmocfmcb-1,TMA00317,Proprioceptors,False,False,False,Proprioceptors
bmofdfom-1,TMA00317,Proprioceptors,False,False,False,Proprioceptors
bmomdgnn-1,TMA00317,CGRP-Gamma 2,False,False,False,CGRP-Gamma 2
bmomjgnp-1,TMA00317,Abeta-RA-LTMR,False,False,False,Abeta-RA-LTMR
bmooilnd-1,TMA00317,CGRP-Zeta,False,False,False,CGRP-Zeta
bmpgnamp-1,TMA00317,Nonpeptidergic nociceptors,False,False,False,Nonpeptidergic nociceptors
bmplepmh-1,TMA00317,CGRP-Zeta,False,False,False,CGRP-Zeta
bmpmcmjk-1,TMA00317,CGRP-Zeta,False,False,False,CGRP-Zeta
bmpmmnno-1,TMA00317,CGRP-Gamma 1,False,False,False,CGRP-Gamma 1
bnaecdcc-1,TMA00317,C-LTMR,False,False,False,C-LTMR
bnalebie-1,TMA00317,CGRP-Eta,False,False,False,CGRP-Eta
bnamejjp-1,TMA00317,CGRP-Gamma 1,False,False,False,CGRP-Gamma 1
bnapmdai-1,TMA00317,C-LTMR,False,False,False,C-LTMR
bnbaclap-1,TMA00317,CGRP-Gamma 1,False,False,False,CGRP-Gamma 1
bnbecnle-1,TMA00317,Nonpeptidergic nociceptors,False,False,False,Nonpeptidergic nociceptors
bnbkfjen-1,TMA00317,CGRP-Gamma 1,False,False,False,CGRP-Gamma 1
bncakgma-1,TMA00317,CGRP-Gamma 1,False,False,False,CGRP-Gamma 1
bncbgbho-1,TMA00317,CGRP-Eta,False,False,False,CGRP-Eta
bnchfdoe-1,TMA00317,CGRP-Gamma 2,False,False,False,CGRP-Gamma 2
bnchokea-1,TMA00317,Adelta-LTMR,False,False,False,Adelta-LTMR
bncifpio-1,TMA00317,CGRP-Gamma 2,False,False,False,CGRP-Gamma 2
bndahnca-1,TMA00317,Adelta-LTMR,False,False,False,Adelta-LTMR
bnddgafe-1,TMA00317,CGRP-Eta,False,False,False,CGRP-Eta
bndioifg-1,TMA00317,CGRP-Gamma 1,False,False,False,CGRP-Gamma 1
bndljndj-1,TMA00317,Adelta-LTMR,False,False,False,Adelta-LTMR
bndnlnnl-1,TMA00317,CGRP-Gamma 1,False,False,False,CGRP-Gamma 1
bndogbnn-1,TMA00317,CGRP-Gamma 1,False,False,False,CGRP-Gamma 1
bndohfjk-1,TMA00317,CGRP-Eta,False,False,False,CGRP-Eta
bnegnplc-1,TMA00317,CGRP-Gamma 2,False,False,False,CGRP-Gamma 2
bnembemc-1,TMA00317,CGRP-Eta,False,False,False,CGRP-Eta
bnemhlkk-1,TMA00317,CGRP-Gamma 1,False,False,False,CGRP-Gamma 1
bnemjehd-1,TMA00317,CGRP-Gamma 1,False,False,False,CGRP-Gamma 1
bnfgmahc-1,TMA00317,Nonpeptidergic nociceptors,False,False,False,Nonpeptidergic nociceptors
bnfmmpml-1,TMA00317,Abeta-Field,False,False,False,Abeta-Field
bnfpcdgl-1,TMA00317,Nonpeptidergic nociceptors,False,False,False,Nonpeptidergic nociceptors
bngkdgel-1,TMA00317,Abeta-RA-LTMR,False,False,False,Abeta-RA-LTMR
bngohhhk-1,TMA00317,CGRP-Eta,False,False,False,CGRP-Eta
bngpjdnd-1,TMA00317,C-LTMR,False,False,False,C-LTMR
bnhbpien-1,TMA00317,CGRP-Gamma 2,False,False,False,CGRP-Gamma 2
bnigpcfa-1,TMA00317,Proprioceptors,False,False,False,Proprioceptors
bnihopgd-1,TMA00317,Nonpeptidergic nociceptors,False,False,False,Nonpeptidergic nociceptors
bniippmf-1,TMA00317,CGRP-Gamma 2,False,False,False,CGRP-Gamma 2
bnkjohce-1,TMA00317,CGRP-Beta,False,False,False,CGRP-Beta
bnkldadp-1,TMA00317,TrpM8,False,False,False,TrpM8
bnknbbbi-1,TMA00317,TrpM8,False,False,False,TrpM8
bnnbkgbp-1,TMA00317,Nonpeptidergic nociceptors,False,False,False,Nonpeptidergic nociceptors
bnnbnmpl-1,TMA00317,CGRP-Gamma 1,False,False,False,CGRP-Gamma 1
bnnbnpkh-1,TMA00317,CGRP-Gamma 1,False,False,False,CGRP-Gamma 1
bnnhpkpd-1,TMA00317,C-LTMR,False,False,False,C-LTMR
bnnjfeoa-1,TMA00317,Nonpeptidergic nociceptors,False,False,False,Nonpeptidergic nociceptors
bnnojjpf-1,TMA00317,CGRP-Alpha,False,False,False,CGRP-Alpha
bnnooigf-1,TMA00317,Abeta-Field,False,False,False,Abeta-Field
bnobkcdi-1,TMA00317,Abeta-Field,False,False,False,Abeta-Field
bnogaejc-1,TMA00317,CGRP-Epsilion,False,False,False,CGRP-Epsilion
bnomlhlo-1,TMA00317,TrpM8,False,False,False,TrpM8
bnpkdinp-1,TMA00317,CGRP-Gamma 1,False,False,False,CGRP-Gamma 1
bnpnlagj-1,TMA00317,Nonpeptidergic nociceptors,False,False,False,Nonpeptidergic nociceptors
boacdlkb-1,TMA00317,Nonpeptidergic nociceptors,False,False,False,Nonpeptidergic nociceptors
boaicnhm-1,TMA00317,Nonpeptidergic nociceptors,False,False,False,Nonpeptidergic nociceptors
boajaacg-1,TMA00317,CGRP-Gamma 2,False,False,False,CGRP-Gamma 2
boanojlm-1,TMA00317,Abeta-Field,False,False,False,Abeta-Field
bobnlnca-1,TMA00317,CGRP-Gamma 1,False,False,False,CGRP-Gamma 1
bocblaif-1,TMA00317,Nonpeptidergic nociceptors,False,False,False,Nonpeptidergic nociceptors
bocdgbnn-1,TMA00317,TrpM8,False,False,False,TrpM8
bocgmgkk-1,TMA00317,CGRP-Gamma 1,False,False,False,CGRP-Gamma 1
bocigank-1,TMA00317,CGRP-Theta,False,False,False,CGRP-Theta
bocipjmb-1,TMA00317,CGRP-Alpha,False,False,False,CGRP-Alpha
cdkanmcb-1,TMA00317,CGRP-Epsilion,False,False,False,CGRP-Epsilion
cdkebhjg-1,TMA00317,Nonpeptidergic nociceptors,False,False,False,Nonpeptidergic nociceptors
cdkmdcgn-1,TMA00317,Sst,False,False,False,Sst
cdlbehlb-1,TMA00317,Nonpeptidergic nociceptors,False,False,False,Nonpeptidergic nociceptors
cdlhbdad-1,TMA00317,Nonpeptidergic nociceptors,False,False,False,Nonpeptidergic nociceptors
cdlkbpii-1,TMA00317,CGRP-Alpha,False,False,False,CGRP-Alpha
cdngoklo-1,TMA00317,Proprioceptors,False,False,False,Proprioceptors
cedefgbk-1,TMA00317,C-LTMR,False,False,False,C-LTMR
cegbdekc-1,TMA00317,CGRP-Eta,False,False,False,CGRP-Eta
ceggapcd-1,TMA00317,Nonpeptidergic nociceptors,False,False,False,Nonpeptidergic nociceptors
cehikpag-1,TMA00317,Nonpeptidergic nociceptors,False,False,False,Nonpeptidergic nociceptors
ceiiomap-1,TMA00317,Nonpeptidergic nociceptors,False,False,False,Nonpeptidergic nociceptors
ceipfepi-1,TMA00317,Nonpeptidergic nociceptors,False,False,False,Nonpeptidergic nociceptors
celjmbpd-1,TMA00317,CGRP-Theta,False,False,False,CGRP-Theta
celpjchl-1,TMA00317,CGRP-Theta,False,False,False,CGRP-Theta
cemjgdgj-1,TMA00317,Nonpeptidergic nociceptors,False,False,False,Nonpeptidergic nociceptors
cemnfikb-1,TMA00317,Nonpeptidergic nociceptors,False,False,False,Nonpeptidergic nociceptors
cendmfoe-1,TMA00317,Sst,False,False,False,Sst
ceneapie-1,TMA00317,Nonpeptidergic nociceptors,False,False,False,Nonpeptidergic nociceptors
ceonmlel-1,TMA00317,C-LTMR,False,False,False,C-LTMR
cepjihif-1,TMA00317,CGRP-Theta,False,False,False,CGRP-Theta
cepnaenl-1,TMA00317,Sst,False,False,False,Sst
ceppaaff-1,TMA00317,Sst,False,False,False,Sst
cfadfiod-1,TMA00317,Nonpeptidergic nociceptors,False,False,False,Nonpeptidergic nociceptors
cfamjmkf-1,TMA00317,Nonpeptidergic nociceptors,False,False,False,Nonpeptidergic nociceptors
cfccicbh-1,TMA00317,CGRP-Theta,False,False,False,CGRP-Theta
cfcgdnpm-1,TMA00317,CGRP-Theta,False,False,False,CGRP-Theta
cfdgbphp-1,TMA00317,Nonpeptidergic nociceptors,False,False,False,Nonpeptidergic nociceptors
cfdijkpm-1,TMA00317,C-LTMR,False,False,False,C-LTMR
cfdnaboc-1,TMA00317,Nonpeptidergic nociceptors,False,False,False,Nonpeptidergic nociceptors
cfeanoic-1,TMA00317,CGRP-Gamma 1,False,False,False,CGRP-Gamma 1
cfhbafgh-1,TMA00317,C-LTMR,False,False,False,C-LTMR
cfhjngnd-1,TMA00317,TrpM8,False,False,False,TrpM8
cfiimohe-1,TMA00317,Nonpeptidergic nociceptors,False,False,False,Nonpeptidergic nociceptors
cfjbfjne-1,TMA00317,Nonpeptidergic nociceptors,False,False,False,Nonpeptidergic nociceptors
cfjbmpek-1,TMA00317,CGRP-Epsilion,False,False,False,CGRP-Epsilion
cfjcmcfg-1,TMA00317,C-LTMR,False,False,False,C-LTMR
cfjfinga-1,TMA00317,Nonpeptidergic nociceptors,False,False,False,Nonpeptidergic nociceptors
cfjjmfki-1,TMA00317,Nonpeptidergic nociceptors,False,False,False,Nonpeptidergic nociceptors
cfjpfdll-1,TMA00317,Proprioceptors,False,False,False,Proprioceptors
cfkcpfok-1,TMA00317,Abeta-Field,False,False,False,Abeta-Field
cfkhdodf-1,TMA00317,Abeta-Field,False,False,False,Abeta-Field
cgjconoj-1,TMA00317,Nonpeptidergic nociceptors,False,False,False,Nonpeptidergic nociceptors
cglimafo-1,TMA00317,Nonpeptidergic nociceptors,False,False,False,Nonpeptidergic nociceptors
cgmejlof-1,TMA00317,Proprioceptors,False,False,False,Proprioceptors
cgmpekjj-1,TMA00317,Sst,False,False,False,Sst
chfbhjfb-1,TMA00317,CGRP-Alpha,False,False,False,CGRP-Alpha
chgngkip-1,TMA00317,CGRP-Zeta,False,False,False,CGRP-Zeta
cicaople-1,TMA00317,Nonpeptidergic nociceptors,False,False,False,Nonpeptidergic nociceptors
cickhced-1,TMA00317,Nonpeptidergic nociceptors,False,False,False,Nonpeptidergic nociceptors
cicpbgep-1,TMA00317,Nonpeptidergic nociceptors,False,False,False,Nonpeptidergic nociceptors
ciejbnnm-1,TMA00317,Nonpeptidergic nociceptors,False,False,False,Nonpeptidergic nociceptors
cifconec-1,TMA00317,Nonpeptidergic nociceptors,False,False,False,Nonpeptidergic nociceptors
ciffhlcg-1,TMA00317,Nonpeptidergic nociceptors,False,False,False,Nonpeptidergic nociceptors
cifpcogg-1,TMA00317,CGRP-Alpha,False,False,False,CGRP-Alpha
cighckip-1,TMA00317,CGRP-Alpha,False,False,False,CGRP-Alpha
cighllca-1,TMA00317,CGRP-Alpha,False,True,False,CGRP-Alpha
cihmmcgc-1,TMA00317,Proprioceptors,False,False,False,Proprioceptors
ciicddnl-1,TMA00317,Nonpeptidergic nociceptors,False,False,False,Nonpeptidergic nociceptors
ciiedpbd-1,TMA00317,Nonpeptidergic nociceptors,False,False,False,Nonpeptidergic nociceptors
ciihbfab-1,TMA00317,Proprioceptors,False,False,False,Proprioceptors
ciilebcc-1,TMA00317,Proprioceptors,False,False,False,Proprioceptors
ciimoope-1,TMA00317,Nonpeptidergic nociceptors,False,False,False,Nonpeptidergic nociceptors
cikfkpeb-1,TMA00317,Nonpeptidergic nociceptors,False,False,False,Nonpeptidergic nociceptors
cilboeia-1,TMA00317,C-LTMR,False,False,False,C-LTMR
cilllnkl-1,TMA00317,CGRP-Alpha,False,False,False,CGRP-Alpha
cilmggop-1,TMA00317,CGRP-Eta,False,False,False,CGRP-Eta
cilokpmj-1,TMA00317,Proprioceptors,False,False,False,Proprioceptors
cimfbfhp-1,TMA00317,C-LTMR,False,False,False,C-LTMR
cimfende-1,TMA00317,C-LTMR,False,False,False,C-LTMR
cingeoap-1,TMA00317,Nonpeptidergic nociceptors,False,False,False,Nonpeptidergic nociceptors
ciocnbbp-1,TMA00317,Nonpeptidergic nociceptors,False,False,False,Nonpeptidergic nociceptors
cipdmfon-1,TMA00317,Nonpeptidergic nociceptors,False,False,False,Nonpeptidergic nociceptors
ciphmefg-1,TMA00317,Nonpeptidergic nociceptors,False,False,False,Nonpeptidergic nociceptors
cjcndpli-1,TMA00317,CGRP-Theta,False,False,False,CGRP-Theta
ckhhjlca-1,TMA00317,Nonpeptidergic nociceptors,False,False,False,Nonpeptidergic nociceptors
ckjblpoj-1,TMA00317,Proprioceptors,False,False,False,Proprioceptors
ckjjaedh-1,TMA00317,Nonpeptidergic nociceptors,False,False,False,Nonpeptidergic nociceptors
ckjndkja-1,TMA00317,Abeta-RA-LTMR,False,False,False,Abeta-RA-LTMR
ckkhljpf-1,TMA00317,Proprioceptors,False,False,False,Proprioceptors
ckknlafh-1,TMA00317,C-LTMR,False,False,False,C-LTMR
cklmdhpg-1,TMA00317,Abeta-RA-LTMR,False,False,False,Abeta-RA-LTMR
cklobkjd-1,TMA00317,CGRP-Gamma 1,False,False,False,CGRP-Gamma 1
cklpgank-1,TMA00317,Nonpeptidergic nociceptors,False,False,False,Nonpeptidergic nociceptors
ckohcmje-1,TMA00317,CGRP-Gamma 1,False,False,False,CGRP-Gamma 1
ckolcgde-1,TMA00317,Nonpeptidergic nociceptors,False,False,False,Nonpeptidergic nociceptors
ckopnoen-1,TMA00317,Nonpeptidergic nociceptors,False,False,False,Nonpeptidergic nociceptors
ckpfeogg-1,TMA00317,Nonpeptidergic nociceptors,False,False,False,Nonpeptidergic nociceptors
ckpfgcmi-1,TMA00317,C-LTMR,False,False,False,C-LTMR
ckpnenfo-1,TMA00317,Nonpeptidergic nociceptors,False,False,False,Nonpeptidergic nociceptors
clabpjmd-1,TMA00317,Nonpeptidergic nociceptors,False,False,False,Nonpeptidergic nociceptors
cladiagj-1,TMA00317,CGRP-Epsilion,False,False,False,CGRP-Epsilion
clahnmpg-1,TMA00317,Nonpeptidergic nociceptors,False,False,False,Nonpeptidergic nociceptors
clapcpia-1,TMA00317,Nonpeptidergic nociceptors,False,False,False,Nonpeptidergic nociceptors
clbbmbgd-1,TMA00317,Nonpeptidergic nociceptors,False,False,False,Nonpeptidergic nociceptors
clblfeob-1,TMA00317,CGRP-Epsilion,False,False,False,CGRP-Epsilion
clchjjme-1,TMA00317,CGRP-Eta,False,False,False,CGRP-Eta
clckimol-1,TMA00317,CGRP-Gamma 1,False,False,False,CGRP-Gamma 1
clcnmaan-1,TMA00317,C-LTMR,False,False,False,C-LTMR
cldifjda-1,TMA00317,CGRP-Zeta,False,False,False,CGRP-Zeta
clecjpap-1,TMA00317,CGRP-Gamma 1,False,False,False,CGRP-Gamma 1
clemilgf-1,TMA00317,CGRP-Epsilion,False,False,False,CGRP-Epsilion
clenoeni-1,TMA00317,CGRP-Zeta,False,False,False,CGRP-Zeta
cleohgke-1,TMA00317,CGRP-Gamma 1,False,False,False,CGRP-Gamma 1
clfckioh-1,TMA00317,CGRP-Gamma 1,False,False,False,CGRP-Gamma 1
clfdkhlc-1,TMA00317,CGRP-Zeta,False,False,False,CGRP-Zeta
clfjclmb-1,TMA00317,CGRP-Gamma 1,False,False,False,CGRP-Gamma 1
clgbfnoo-1,TMA00317,CGRP-Epsilion,False,False,False,CGRP-Epsilion
clgnjblc-1,TMA00317,Sst,False,False,False,Sst
clhkphgj-1,TMA00317,Abeta-Field,False,False,False,Abeta-Field
clhodjlg-1,TMA00317,CGRP-Epsilion,False,False,False,CGRP-Epsilion
cliobelg-1,TMA00317,TrpM8,False,False,False,TrpM8
cliolpol-1,TMA00317,CGRP-Theta,False,False,False,CGRP-Theta
cliooigg-1,TMA00317,Nonpeptidergic nociceptors,False,False,False,Nonpeptidergic nociceptors
cljinfjm-1,TMA00317,CGRP-Gamma 1,False,False,False,CGRP-Gamma 1
cljnjnmb-1,TMA00317,Nonpeptidergic nociceptors,False,False,False,Nonpeptidergic nociceptors
clkkkimi-1,TMA00317,Nonpeptidergic nociceptors,False,False,False,Nonpeptidergic nociceptors
clknnkna-1,TMA00317,Sst,False,False,False,Sst
clkpmogk-1,TMA00317,Sst,False,False,False,Sst
clnbofgb-1,TMA00317,Nonpeptidergic nociceptors,False,False,False,Nonpeptidergic nociceptors
cloploma-1,TMA00317,Nonpeptidergic nociceptors,False,False,False,Nonpeptidergic nociceptors
clpbcigp-1,TMA00317,CGRP-Gamma 1,False,False,False,CGRP-Gamma 1
clphpkcf-1,TMA00317,CGRP-Eta,False,False,False,CGRP-Eta
clpnbeio-1,TMA00317,Nonpeptidergic nociceptors,False,False,False,Nonpeptidergic nociceptors
cmabohch-1,TMA00317,CGRP-Zeta,False,False,False,CGRP-Zeta
cmacbikf-1,TMA00317,CGRP-Zeta,False,False,False,CGRP-Zeta
cmackihj-1,TMA00317,CGRP-Epsilion,False,False,False,CGRP-Epsilion
cmadnpic-1,TMA00317,Nonpeptidergic nociceptors,False,False,False,Nonpeptidergic nociceptors
cmaiella-1,TMA00317,CGRP-Alpha,False,False,False,CGRP-Alpha
cmaokpif-1,TMA00317,CGRP-Alpha,False,False,False,CGRP-Alpha
cmbjglbc-1,TMA00317,CGRP-Gamma 1,False,False,False,CGRP-Gamma 1
cmbjimfe-1,TMA00317,Nonpeptidergic nociceptors,False,False,False,Nonpeptidergic nociceptors
cmcblhif-1,TMA00317,CGRP-Gamma 1,False,False,False,CGRP-Gamma 1
cmebnamp-1,TMA00317,CGRP-Alpha,False,False,False,CGRP-Alpha
cmedgpco-1,TMA00317,CGRP-Eta,False,False,False,CGRP-Eta
cmfdchom-1,TMA00317,CGRP-Alpha,False,False,False,CGRP-Alpha
cncohdjb-1,TMA00317,CGRP-Gamma 1,False,False,False,CGRP-Gamma 1
cncpejkp-1,TMA00317,CGRP-Gamma 1,False,False,False,CGRP-Gamma 1
cngjmkad-1,TMA00317,Nonpeptidergic nociceptors,False,False,False,Nonpeptidergic nociceptors
cngodebe-1,TMA00317,CGRP-Theta,False,False,False,CGRP-Theta
cnhgiblf-1,TMA00317,Proprioceptors,False,False,False,Proprioceptors
cnhglfcj-1,TMA00317,Abeta-Field,False,False,False,Abeta-Field
cnhhjlih-1,TMA00317,CGRP-Zeta,False,False,False,CGRP-Zeta
cniafjfi-1,TMA00317,CGRP-Theta,False,False,False,CGRP-Theta
cnifjfne-1,TMA00317,CGRP-Theta,False,False,False,CGRP-Theta
cnifmaij-1,TMA00317,Nonpeptidergic nociceptors,False,False,False,Nonpeptidergic nociceptors
cniihgec-1,TMA00317,CGRP-Theta,True,False,False,CGRP-Theta
cnimfohh-1,TMA00317,Nonpeptidergic nociceptors,False,False,False,Nonpeptidergic nociceptors
cninomjj-1,TMA00317,Nonpeptidergic nociceptors,False,False,False,Nonpeptidergic nociceptors
cnjenalg-1,TMA00317,CGRP-Theta,False,False,False,CGRP-Theta
cnjhegmo-1,TMA00317,CGRP-Zeta,False,False,False,CGRP-Zeta
cnjmmljm-1,TMA00317,Nonpeptidergic nociceptors,False,False,False,Nonpeptidergic nociceptors
cnjnnbge-1,TMA00317,Nonpeptidergic nociceptors,False,False,False,Nonpeptidergic nociceptors
cnkabiij-1,TMA00317,Nonpeptidergic nociceptors,False,False,False,Nonpeptidergic nociceptors
cnkedlnl-1,TMA00317,Nonpeptidergic nociceptors,False,False,False,Nonpeptidergic nociceptors
cnkmcdmh-1,TMA00317,Nonpeptidergic nociceptors,False,False,False,Nonpeptidergic nociceptors
cnlljlno-1,TMA00317,CGRP-Zeta,False,False,False,CGRP-Zeta
cnlogndk-1,TMA00317,CGRP-Zeta,False,False,False,CGRP-Zeta
cnmflgce-1,TMA00317,TrpM8,False,False,False,TrpM8
cnmhklmp-1,TMA00317,TrpM8,False,False,False,TrpM8
cnmlnobg-1,TMA00317,Abeta-RA-LTMR,False,False,False,Abeta-RA-LTMR
cnmmcpjm-1,TMA00317,Proprioceptors,False,False,False,Proprioceptors
cnnanlbg-1,TMA00317,Nonpeptidergic nociceptors,False,False,False,Nonpeptidergic nociceptors
cnnddicn-1,TMA00317,TrpM8,False,False,False,TrpM8
cnnkpnnk-1,TMA00317,Nonpeptidergic nociceptors,False,False,False,Nonpeptidergic nociceptors
cnnldopc-1,TMA00317,Abeta-Field,False,False,False,Abeta-Field
cnnnmeeo-1,TMA00317,Abeta-Field,False,False,False,Abeta-Field
cnnoblkn-1,TMA00317,Adelta-LTMR,False,False,False,Adelta-LTMR
cnnppijl-1,TMA00317,Abeta-Field,False,False,False,Abeta-Field
cnodmagm-1,TMA00317,Proprioceptors,False,False,False,Proprioceptors
cnoeccdc-1,TMA00317,CGRP-Zeta,False,False,False,CGRP-Zeta
cnoehffj-1,TMA00317,Abeta-Field,False,False,False,Abeta-Field
cnohacda-1,TMA00317,Nonpeptidergic nociceptors,False,False,False,Nonpeptidergic nociceptors
cnpjhpif-1,TMA00317,CGRP-Theta,False,False,False,CGRP-Theta
coaamjhg-1,TMA00317,Abeta-Field,False,False,False,Abeta-Field
coahpfcf-1,TMA00317,CGRP-Zeta,False,False,False,CGRP-Zeta
cobenmin-1,TMA00317,CGRP-Zeta,False,False,False,CGRP-Zeta
cobgbabg-1,TMA00317,Proprioceptors,False,False,False,Proprioceptors
cobmbhok-1,TMA00317,CGRP-Zeta,False,False,False,CGRP-Zeta
coccfoak-1,TMA00317,CGRP-Zeta,False,False,False,CGRP-Zeta
cocckgmh-1,TMA00317,CGRP-Zeta,False,False,False,CGRP-Zeta
cocmgigj-1,TMA00317,CGRP-Theta,False,False,False,CGRP-Theta
cocngdmh-1,TMA00317,CGRP-Theta,False,False,False,CGRP-Theta
codamcoh-1,TMA00317,Abeta-RA-LTMR,False,False,False,Abeta-RA-LTMR
coekicno-1,TMA00317,Abeta-Field,False,False,False,Abeta-Field
coeklieh-1,TMA00317,CGRP-Zeta,False,False,False,CGRP-Zeta
cofecapi-1,TMA00317,CGRP-Theta,False,False,False,CGRP-Theta
cofeffip-1,TMA00317,Nonpeptidergic nociceptors,False,False,False,Nonpeptidergic nociceptors
cofkkafg-1,TMA00317,CGRP-Theta,False,False,False,CGRP-Theta
cofocnlk-1,TMA00317,CGRP-Zeta,False,False,False,CGRP-Zeta
cofpmmip-1,TMA00317,CGRP-Theta,False,False,False,CGRP-Theta
cogamdhd-1,TMA00317,Proprioceptors,False,False,False,Proprioceptors
cogienna-1,TMA00317,Proprioceptors,False,False,False,Proprioceptors
cohjjepa-1,TMA00317,CGRP-Epsilion,False,False,False,CGRP-Epsilion
coiellal-1,TMA00317,C-LTMR,False,False,False,C-LTMR
coiiaccn-1,TMA00317,CGRP-Gamma 1,False,False,False,CGRP-Gamma 1
coiielam-1,TMA00317,CGRP-Epsilion,False,False,False,CGRP-Epsilion
cojbiejd-1,TMA00317,CGRP-Eta,False,False,False,CGRP-Eta
cojcoinm-1,TMA00317,CGRP-Theta,False,False,False,CGRP-Theta
cojlgjln-1,TMA00317,CGRP-Zeta,False,False,False,CGRP-Zeta
colcekpe-1,TMA00317,CGRP-Zeta,False,False,False,CGRP-Zeta
colcmabj-1,TMA00317,CGRP-Zeta,False,False,False,CGRP-Zeta
compdonm-1,TMA00317,CGRP-Zeta,False,False,False,CGRP-Zeta
copohblh-1,TMA00317,Nonpeptidergic nociceptors,False,False,False,Nonpeptidergic nociceptors
cpachkkd-1,TMA00317,C-LTMR,False,False,False,C-LTMR
cpalgcbm-1,TMA00317,CGRP-Alpha,False,False,False,CGRP-Alpha
cpamhnlp-1,TMA00317,Abeta-Field,False,False,False,Abeta-Field
cpbbpppc-1,TMA00317,CGRP-Eta,False,False,False,CGRP-Eta
cpbfbfnc-1,TMA00317,CGRP-Theta,False,False,False,CGRP-Theta
cpblpmoh-1,TMA00317,CGRP-Gamma 1,False,False,False,CGRP-Gamma 1
cpglcfnj-1,TMA00317,CGRP-Zeta,False,False,False,CGRP-Zeta
cpglnbkc-1,TMA00317,Abeta-RA-LTMR,False,False,False,Abeta-RA-LTMR
cpgmkfnn-1,TMA00317,CGRP-Epsilion,False,False,False,CGRP-Epsilion
cpihmpjm-1,TMA00317,CGRP-Zeta,False,False,False,CGRP-Zeta
cpjbbdfb-1,TMA00317,CGRP-Eta,False,False,False,CGRP-Eta
cpkjeefo-1,TMA00317,Proprioceptors,False,False,False,Proprioceptors
cplcnnbf-1,TMA00317,CGRP-Eta,False,False,False,CGRP-Eta
cpljbihm-1,TMA00317,Proprioceptors,False,False,False,Proprioceptors
cpllogbb-1,TMA00317,Proprioceptors,False,False,False,Proprioceptors
cpmldhio-1,TMA00317,CGRP-Theta,False,False,False,CGRP-Theta
cpnclojj-1,TMA00317,Adelta-LTMR,False,False,False,Adelta-LTMR
cpngdjlo-1,TMA00317,Abeta-RA-LTMR,False,False,False,Abeta-RA-LTMR
cpofblnd-1,TMA00317,Nonpeptidergic nociceptors,False,False,False,Nonpeptidergic nociceptors
cpoohmom-1,TMA00317,Proprioceptors,False,False,False,Proprioceptors
cppihjnb-1,TMA00317,CGRP-Theta,False,False,False,CGRP-Theta
cppihnlf-1,TMA00317,CGRP-Gamma 1,False,False,False,CGRP-Gamma 1
cppnpenb-1,TMA00317,CGRP-Theta,False,False,False,CGRP-Theta
daalcfco-1,TMA00317,CGRP-Gamma 1,False,False,False,CGRP-Gamma 1
daapkepe-1,TMA00317,Proprioceptors,False,False,False,Proprioceptors
dacecgpd-1,TMA00317,Nonpeptidergic nociceptors,False,False,False,Nonpeptidergic nociceptors
dacgflch-1,TMA00317,Nonpeptidergic nociceptors,False,False,False,Nonpeptidergic nociceptors
dacicigb-1,TMA00317,Nonpeptidergic nociceptors,False,False,False,Nonpeptidergic nociceptors
dacjjflo-1,TMA00317,Nonpeptidergic nociceptors,False,False,False,Nonpeptidergic nociceptors
daeejehe-1,TMA00317,CGRP-Gamma 1,False,False,False,CGRP-Gamma 1
daeflemm-1,TMA00317,CGRP-Gamma 2,False,False,False,CGRP-Gamma 2
daefpnoh-1,TMA00317,CGRP-Gamma 2,False,False,False,CGRP-Gamma 2
daepfpoe-1,TMA00317,CGRP-Eta,False,False,False,CGRP-Eta
daepojcn-1,TMA00317,CGRP-Eta,False,False,False,CGRP-Eta
dafbcafb-1,TMA00317,CGRP-Gamma 1,False,False,False,CGRP-Gamma 1
dafcfbfe-1,TMA00317,C-LTMR,False,False,False,C-LTMR
dajhboan-1,TMA00317,CGRP-Zeta,False,False,False,CGRP-Zeta
dakaoeek-1,TMA00317,Nonpeptidergic nociceptors,False,False,False,Nonpeptidergic nociceptors
damcjecd-1,TMA00317,Nonpeptidergic nociceptors,False,False,False,Nonpeptidergic nociceptors
damheaip-1,TMA00317,Nonpeptidergic nociceptors,False,False,False,Nonpeptidergic nociceptors
daobdfaf-1,TMA00317,CGRP-Gamma 1,False,False,False,CGRP-Gamma 1
daocbckg-1,TMA00317,CGRP-Alpha,False,False,False,CGRP-Alpha
daogdkpd-1,TMA00317,CGRP-Alpha,False,False,False,CGRP-Alpha
dapcmcch-1,TMA00317,TrpM8,False,False,False,TrpM8
dapgmdgi-1,TMA00317,CGRP-Alpha,False,False,False,CGRP-Alpha
dapiklaf-1,TMA00317,CGRP-Eta,False,False,False,CGRP-Eta
dapjjabc-1,TMA00317,TrpM8,False,False,False,TrpM8
dapmakgc-1,TMA00317,Nonpeptidergic nociceptors,False,False,False,Nonpeptidergic nociceptors
dapoemkb-1,TMA00317,CGRP-Gamma 1,False,False,False,CGRP-Gamma 1
daponnbh-1,TMA00317,Nonpeptidergic nociceptors,False,False,False,Nonpeptidergic nociceptors
dbaaadfl-1,TMA00317,CGRP-Theta,False,False,False,CGRP-Theta
dbadbahp-1,TMA00317,Sst,False,False,False,Sst
dballlfc-1,TMA00317,CGRP-Eta,False,False,False,CGRP-Eta
dbapcmnc-1,TMA00317,Nonpeptidergic nociceptors,False,False,False,Nonpeptidergic nociceptors
dbbfnfoo-1,TMA00317,Adelta-LTMR,False,False,False,Adelta-LTMR
dbbknkaf-1,TMA00317,Nonpeptidergic nociceptors,False,False,False,Nonpeptidergic nociceptors
dbboimij-1,TMA00317,CGRP-Gamma 1,False,False,False,CGRP-Gamma 1
dbcdalfi-1,TMA00317,Nonpeptidergic nociceptors,False,False,False,Nonpeptidergic nociceptors
dbcdjgfo-1,TMA00317,Nonpeptidergic nociceptors,False,False,False,Nonpeptidergic nociceptors
dbcjabje-1,TMA00317,Nonpeptidergic nociceptors,False,False,False,Nonpeptidergic nociceptors
dbcodoai-1,TMA00317,Nonpeptidergic nociceptors,False,False,False,Nonpeptidergic nociceptors
dbcofmbn-1,TMA00317,CGRP-Gamma 1,False,False,False,CGRP-Gamma 1
dbcpkegn-1,TMA00317,Nonpeptidergic nociceptors,False,False,False,Nonpeptidergic nociceptors
dbdejgje-1,TMA00317,Nonpeptidergic nociceptors,False,False,False,Nonpeptidergic nociceptors
dbdfbjeg-1,TMA00317,Proprioceptors,False,False,False,Proprioceptors
dbdjpmbf-1,TMA00317,CGRP-Gamma 1,False,False,False,CGRP-Gamma 1
dbdkbnol-1,TMA00317,Nonpeptidergic nociceptors,False,False,False,Nonpeptidergic nociceptors
dbdlpnol-1,TMA00317,CGRP-Zeta,False,False,False,CGRP-Zeta
dbdndhoj-1,TMA00317,CGRP-Gamma 1,False,False,False,CGRP-Gamma 1
dbdnilpk-1,TMA00317,Abeta-Field,False,False,False,Abeta-Field
dbdpnjda-1,TMA00317,CGRP-Theta,False,False,False,CGRP-Theta
dbeaeelm-1,TMA00317,CGRP-Zeta,False,False,False,CGRP-Zeta
dbecjfag-1,TMA00317,Abeta-Field,False,False,False,Abeta-Field
dbemaigo-1,TMA00317,CGRP-Zeta,False,False,False,CGRP-Zeta
dbfhfmpp-1,TMA00317,CGRP-Gamma 1,False,False,False,CGRP-Gamma 1
dbfmchal-1,TMA00317,Nonpeptidergic nociceptors,False,False,False,Nonpeptidergic nociceptors
dbfnkibf-1,TMA00317,CGRP-Eta,False,False,False,CGRP-Eta
dbfocedb-1,TMA00317,CGRP-Eta,True,False,False,CGRP-Eta
dbfomgee-1,TMA00317,CGRP-Gamma 1,False,False,False,CGRP-Gamma 1
dbghfdlb-1,TMA00317,Nonpeptidergic nociceptors,False,False,False,Nonpeptidergic nociceptors
dbgjlafn-1,TMA00317,Nonpeptidergic nociceptors,False,False,False,Nonpeptidergic nociceptors
dbienopa-1,TMA00317,CGRP-Gamma 2,False,False,False,CGRP-Gamma 2
dbigkkfc-1,TMA00317,CGRP-Eta,False,False,False,CGRP-Eta
dbiljjdl-1,TMA00317,Abeta-Field,False,False,False,Abeta-Field
dbjfkcfm-1,TMA00317,CGRP-Alpha,False,False,False,CGRP-Alpha
dbkgihfn-1,TMA00317,Sst,False,False,False,Sst
dbkidlek-1,TMA00317,Nonpeptidergic nociceptors,False,False,False,Nonpeptidergic nociceptors
dbkjklmp-1,TMA00317,CGRP-Alpha,False,False,False,CGRP-Alpha
dbklbgmn-1,TMA00317,CGRP-Gamma 1,False,False,False,CGRP-Gamma 1
dbklemnk-1,TMA00317,CGRP-Alpha,False,False,False,CGRP-Alpha
dbldbhel-1,TMA00317,CGRP-Eta,False,False,False,CGRP-Eta
dblgignl-1,TMA00317,CGRP-Eta,False,False,False,CGRP-Eta
dbllhpej-1,TMA00317,Nonpeptidergic nociceptors,False,False,False,Nonpeptidergic nociceptors
dblmklhd-1,TMA00317,Nonpeptidergic nociceptors,False,False,False,Nonpeptidergic nociceptors
dblnngep-1,TMA00317,Nonpeptidergic nociceptors,False,False,False,Nonpeptidergic nociceptors
dbmbapic-1,TMA00317,Nonpeptidergic nociceptors,False,False,False,Nonpeptidergic nociceptors
dbmbdied-1,TMA00317,Sst,False,False,False,Sst
dbmgbppc-1,TMA00317,Sst,False,False,False,Sst
dbohgmej-1,TMA00317,Abeta-RA-LTMR,False,False,False,Abeta-RA-LTMR
dcbmaacf-1,TMA00317,CGRP-Gamma 2,False,False,False,CGRP-Gamma 2
dcbnccbh-1,TMA00317,CGRP-Gamma 1,False,False,False,CGRP-Gamma 1
dccbfppi-1,TMA00317,Nonpeptidergic nociceptors,False,False,False,Nonpeptidergic nociceptors
dcccnckn-1,TMA00317,CGRP-Eta,False,False,False,CGRP-Eta
dccliopi-1,TMA00317,Nonpeptidergic nociceptors,False,False,False,Nonpeptidergic nociceptors
dccneabb-1,TMA00317,Nonpeptidergic nociceptors,False,False,False,Nonpeptidergic nociceptors
dccoccfg-1,TMA00317,Nonpeptidergic nociceptors,False,False,False,Nonpeptidergic nociceptors
dcdcpngb-1,TMA00317,CGRP-Eta,False,False,False,CGRP-Eta
dcdeofam-1,TMA00317,Nonpeptidergic nociceptors,False,False,False,Nonpeptidergic nociceptors
dcdnhobp-1,TMA00317,CGRP-Eta,False,False,False,CGRP-Eta
dcdoogfk-1,TMA00317,C-LTMR,False,False,False,C-LTMR
dceabmjc-1,TMA00317,Nonpeptidergic nociceptors,False,False,False,Nonpeptidergic nociceptors
dcfdpnbp-1,TMA00317,CGRP-Alpha,False,False,False,CGRP-Alpha
dcfjbacg-1,TMA00317,Nonpeptidergic nociceptors,False,False,False,Nonpeptidergic nociceptors
dcfkgnid-1,TMA00317,Nonpeptidergic nociceptors,False,False,False,Nonpeptidergic nociceptors
dcgddemm-1,TMA00317,CGRP-Theta,False,False,False,CGRP-Theta
dcggkhne-1,TMA00317,CGRP-Alpha,False,False,False,CGRP-Alpha
dchcebkn-1,TMA00317,Nonpeptidergic nociceptors,False,False,False,Nonpeptidergic nociceptors
dchgipbl-1,TMA00317,Abeta-Field,False,False,False,Abeta-Field
dchnkcfj-1,TMA00317,Nonpeptidergic nociceptors,False,False,False,Nonpeptidergic nociceptors
dcjephci-1,TMA00317,CGRP-Eta,False,False,False,CGRP-Eta
dcjhhnff-1,TMA00317,Nonpeptidergic nociceptors,False,False,False,Nonpeptidergic nociceptors
dcjkonob-1,TMA00317,Nonpeptidergic nociceptors,False,False,False,Nonpeptidergic nociceptors
dckgljfe-1,TMA00317,C-LTMR,False,False,False,C-LTMR
dcknlleb-1,TMA00317,Nonpeptidergic nociceptors,False,False,False,Nonpeptidergic nociceptors
dclbamdd-1,TMA00317,CGRP-Eta,False,False,False,CGRP-Eta
dcljakaf-1,TMA00317,Nonpeptidergic nociceptors,False,False,False,Nonpeptidergic nociceptors
dcmafbno-1,TMA00317,CGRP-Eta,False,False,False,CGRP-Eta
dcmdednh-1,TMA00317,CGRP-Eta,False,False,False,CGRP-Eta
dcmffkpi-1,TMA00317,CGRP-Alpha,False,False,False,CGRP-Alpha
dcmgjhln-1,TMA00317,CGRP-Alpha,False,False,False,CGRP-Alpha
dcndegna-1,TMA00317,CGRP-Eta,False,False,False,CGRP-Eta
dcooiogo-1,TMA00317,CGRP-Theta,False,False,False,CGRP-Theta
dcpieago-1,TMA00317,Nonpeptidergic nociceptors,False,False,False,Nonpeptidergic nociceptors
dcplbaep-1,TMA00317,C-LTMR,False,False,False,C-LTMR
dcpogdhl-1,TMA00317,CGRP-Eta,False,False,False,CGRP-Eta
ddakonhn-1,TMA00317,Nonpeptidergic nociceptors,False,False,False,Nonpeptidergic nociceptors
ddbbhblc-1,TMA00317,C-LTMR,False,False,False,C-LTMR
ddbbjhcg-1,TMA00317,Nonpeptidergic nociceptors,False,False,False,Nonpeptidergic nociceptors
ddbegcgh-1,TMA00317,Nonpeptidergic nociceptors,False,False,False,Nonpeptidergic nociceptors
ddbnipko-1,TMA00317,Nonpeptidergic nociceptors,False,False,False,Nonpeptidergic nociceptors
ddbpacia-1,TMA00317,CGRP-Eta,False,False,False,CGRP-Eta
ddcjgcme-1,TMA00317,Sst,False,False,False,Sst
ddcnhmfm-1,TMA00317,Sst,False,False,False,Sst
ddcpjbhi-1,TMA00317,Nonpeptidergic nociceptors,False,False,False,Nonpeptidergic nociceptors
dddenkjk-1,TMA00317,CGRP-Alpha,False,False,False,CGRP-Alpha
dddgnmoi-1,TMA00317,CGRP-Alpha,False,False,False,CGRP-Alpha
ddeegklo-1,TMA00317,CGRP-Gamma 1,False,False,False,CGRP-Gamma 1
ddeggelp-1,TMA00317,CGRP-Gamma 1,False,False,False,CGRP-Gamma 1
ddepgccj-1,TMA00317,TrpM8,False,False,False,TrpM8
ddepkghl-1,TMA00317,TrpM8,False,False,False,TrpM8
ddfadmkg-1,TMA00317,Sst,False,False,False,Sst
ddfbgfef-1,TMA00317,Sst,False,False,False,Sst
ddfeolih-1,TMA00317,Nonpeptidergic nociceptors,False,False,False,Nonpeptidergic nociceptors
ddfheakm-1,TMA00317,Nonpeptidergic nociceptors,False,False,False,Nonpeptidergic nociceptors
ddfhlddo-1,TMA00317,Nonpeptidergic nociceptors,False,False,False,Nonpeptidergic nociceptors
ddflafad-1,TMA00317,CGRP-Eta,False,False,False,CGRP-Eta
ddfnmkjn-1,TMA00317,CGRP-Alpha,False,False,False,CGRP-Alpha
ddgjcpgi-1,TMA00317,C-LTMR,False,False,False,C-LTMR
ddhaheen-1,TMA00317,Nonpeptidergic nociceptors,False,False,False,Nonpeptidergic nociceptors
ddhcfppi-1,TMA00317,Nonpeptidergic nociceptors,False,False,False,Nonpeptidergic nociceptors
ddhkhmkf-1,TMA00317,Proprioceptors,False,False,False,Proprioceptors
ddjgdkfl-1,TMA00317,Abeta-Field,False,False,False,Abeta-Field
ddjhcboa-1,TMA00317,Nonpeptidergic nociceptors,False,False,False,Nonpeptidergic nociceptors
ddlcbhgp-1,TMA00317,Abeta-Field,False,False,False,Abeta-Field
ddlnpmfj-1,TMA00317,CGRP-Theta,False,False,False,CGRP-Theta
ddmjdcgo-1,TMA00317,Sst,False,False,False,Sst
ddmkfnoo-1,TMA00317,Sst,False,False,False,Sst
ddnabjhi-1,TMA00317,Nonpeptidergic nociceptors,False,False,False,Nonpeptidergic nociceptors
ddnadama-1,TMA00317,Nonpeptidergic nociceptors,False,False,False,Nonpeptidergic nociceptors
ddndcmbd-1,TMA00317,Nonpeptidergic nociceptors,False,False,False,Nonpeptidergic nociceptors
ddnfennh-1,TMA00317,Proprioceptors,False,False,False,Proprioceptors
ddomdmmk-1,TMA00317,Sst,False,False,False,Sst
ddonhdph-1,TMA00317,Abeta-RA-LTMR,False,False,False,Abeta-RA-LTMR
ddonmeko-1,TMA00317,Abeta-RA-LTMR,False,False,False,Abeta-RA-LTMR
ddopacgl-1,TMA00317,CGRP-Eta,False,False,False,CGRP-Eta
ddopmlgp-1,TMA00317,Abeta-RA-LTMR,False,False,False,Abeta-RA-LTMR
ddpafpin-1,TMA00317,Adelta-LTMR,False,False,False,Adelta-LTMR
debmjlck-1,TMA00317,CGRP-Theta,False,False,False,CGRP-Theta
decmoicb-1,TMA00317,Adelta-LTMR,False,False,False,Adelta-LTMR
dekembol-1,TMA00317,Proprioceptors,False,False,False,Proprioceptors
dekmpolf-1,TMA00317,Nonpeptidergic nociceptors,False,False,False,Nonpeptidergic nociceptors
delfanph-1,TMA00317,Nonpeptidergic nociceptors,False,False,False,Nonpeptidergic nociceptors
demglpmj-1,TMA00317,CGRP-Zeta,False,False,False,CGRP-Zeta
demighfn-1,TMA00317,CGRP-Zeta,False,False,False,CGRP-Zeta
denaenfd-1,TMA00317,Nonpeptidergic nociceptors,False,False,False,Nonpeptidergic nociceptors
dencflhf-1,TMA00317,CGRP-Zeta,False,False,False,CGRP-Zeta
dengfeom-1,TMA00317,C-LTMR,False,False,False,C-LTMR
deoiioma-1,TMA00317,CGRP-Theta,False,False,False,CGRP-Theta
deoikkfg-1,TMA00317,CGRP-Alpha,False,False,False,CGRP-Alpha
deoldjpg-1,TMA00317,Nonpeptidergic nociceptors,False,False,False,Nonpeptidergic nociceptors
deomfbae-1,TMA00317,Nonpeptidergic nociceptors,False,False,False,Nonpeptidergic nociceptors
dfahckbn-1,TMA00317,Proprioceptors,False,False,False,Proprioceptors
dfbolkfb-1,TMA00317,C-LTMR,False,False,False,C-LTMR
dfccpgnd-1,TMA00317,TrpM8,False,False,False,TrpM8
dfcdbhid-1,TMA00317,Sst,False,False,False,Sst
dfcmmjmm-1,TMA00317,Sst,False,False,False,Sst
dfcnjbpd-1,TMA00317,Sst,False,False,False,Sst
dfenmppa-1,TMA00317,CGRP-Eta,False,False,False,CGRP-Eta
dfhmdnjg-1,TMA00317,C-LTMR,False,False,False,C-LTMR
dfinoccg-1,TMA00317,Nonpeptidergic nociceptors,False,False,False,Nonpeptidergic nociceptors
dfjjmpih-1,TMA00317,CGRP-Alpha,False,False,False,CGRP-Alpha
dfkopfeo-1,TMA00317,Sst,False,False,False,Sst
dflipamd-1,TMA00317,Proprioceptors,False,False,False,Proprioceptors
dflocjnj-1,TMA00317,CGRP-Gamma 1,False,False,False,CGRP-Gamma 1
dflplljl-1,TMA00317,Sst,False,False,False,Sst
dfmkkpnj-1,TMA00317,CGRP-Alpha,False,False,False,CGRP-Alpha
dfmmkbnk-1,TMA00317,CGRP-Gamma 1,False,False,False,CGRP-Gamma 1
dfnfpjia-1,TMA00317,Nonpeptidergic nociceptors,False,False,False,Nonpeptidergic nociceptors
dfoelifl-1,TMA00317,CGRP-Epsilion,False,False,False,CGRP-Epsilion
dfoiocbm-1,TMA00317,TrpM8,False,False,False,TrpM8
dfphmfbb-1,TMA00317,Proprioceptors,False,False,False,Proprioceptors
dfpmeaod-1,TMA00317,Proprioceptors,False,False,False,Proprioceptors
dgbcjclo-1,TMA00317,Proprioceptors,False,False,False,Proprioceptors
dgbhoimj-1,TMA00317,C-LTMR,False,False,False,C-LTMR
dgblobik-1,TMA00317,Proprioceptors,False,False,False,Proprioceptors
dgcmohfa-1,TMA00317,C-LTMR,False,False,False,C-LTMR
dgdamfnk-1,TMA00317,CGRP-Zeta,False,False,False,CGRP-Zeta
dgdbnaag-1,TMA00317,CGRP-Zeta,False,False,False,CGRP-Zeta
dgeoapam-1,TMA00317,Nonpeptidergic nociceptors,False,False,False,Nonpeptidergic nociceptors
dgeoenob-1,TMA00317,CGRP-Gamma 1,False,False,False,CGRP-Gamma 1
dgfaffef-1,TMA00317,CGRP-Gamma 1,False,False,False,CGRP-Gamma 1
dgfkpige-1,TMA00317,Nonpeptidergic nociceptors,False,False,False,Nonpeptidergic nociceptors
dgfondlj-1,TMA00317,Nonpeptidergic nociceptors,False,False,False,Nonpeptidergic nociceptors
dggejbmk-1,TMA00317,Abeta-RA-LTMR,False,False,False,Abeta-RA-LTMR
dgggmeeo-1,TMA00317,Proprioceptors,False,False,False,Proprioceptors
dggmihgl-1,TMA00317,Nonpeptidergic nociceptors,False,False,False,Nonpeptidergic nociceptors
dghldnoa-1,TMA00317,Abeta-Field,False,False,False,Abeta-Field
dghmlfnl-1,TMA00317,CGRP-Theta,False,False,False,CGRP-Theta
dghnpnmp-1,TMA00317,CGRP-Epsilion,False,False,False,CGRP-Epsilion
dghogdno-1,TMA00317,CGRP-Theta,False,False,False,CGRP-Theta
dgidceon-1,TMA00317,Nonpeptidergic nociceptors,False,False,False,Nonpeptidergic nociceptors
dgihiblb-1,TMA00317,C-LTMR,False,False,False,C-LTMR
dgikabop-1,TMA00317,CGRP-Zeta,False,False,False,CGRP-Zeta
dgjaffhf-1,TMA00317,CGRP-Zeta,False,False,False,CGRP-Zeta
dgjeannl-1,TMA00317,CGRP-Zeta,False,False,False,CGRP-Zeta
dgjjhbaa-1,TMA00317,CGRP-Zeta,False,False,False,CGRP-Zeta
dgkkidme-1,TMA00317,CGRP-Zeta,False,False,False,CGRP-Zeta
dgkopmpo-1,TMA00317,Abeta-RA-LTMR,False,False,False,Abeta-RA-LTMR
dgldcdeo-1,TMA00317,Nonpeptidergic nociceptors,False,False,False,Nonpeptidergic nociceptors
dglfddjn-1,TMA00317,Nonpeptidergic nociceptors,False,False,False,Nonpeptidergic nociceptors
dglmknlk-1,TMA00317,Abeta-RA-LTMR,False,False,False,Abeta-RA-LTMR
dgnchpmm-1,TMA00317,CGRP-Eta,False,False,False,CGRP-Eta
dgndjifj-1,TMA00317,Nonpeptidergic nociceptors,False,False,False,Nonpeptidergic nociceptors
dgnefpof-1,TMA00317,C-LTMR,False,False,False,C-LTMR
dgnepbeh-1,TMA00317,Nonpeptidergic nociceptors,False,False,False,Nonpeptidergic nociceptors
dgnhoeoj-1,TMA00317,Nonpeptidergic nociceptors,False,False,False,Nonpeptidergic nociceptors
dgobkmgh-1,TMA00317,CGRP-Eta,False,False,False,CGRP-Eta
dgonhfbo-1,TMA00317,CGRP-Eta,False,False,False,CGRP-Eta
dhaffboe-1,TMA00317,CGRP-Eta,False,False,False,CGRP-Eta
dhanpkll-1,TMA00317,CGRP-Eta,False,False,False,CGRP-Eta
dhbafael-1,TMA00317,CGRP-Eta,False,False,False,CGRP-Eta
dhbdencc-1,TMA00317,CGRP-Eta,False,False,False,CGRP-Eta
dhbfhnal-1,TMA00317,CGRP-Theta,False,False,False,CGRP-Theta
dhbodgof-1,TMA00317,CGRP-Theta,False,False,False,CGRP-Theta
dhcdcchf-1,TMA00317,CGRP-Theta,False,False,False,CGRP-Theta
dhcehehi-1,TMA00317,CGRP-Theta,False,False,False,CGRP-Theta
dhcjjfna-1,TMA00317,CGRP-Epsilion,False,False,False,CGRP-Epsilion
dhckdbeg-1,TMA00317,Abeta-Field,False,False,False,Abeta-Field
dhdfipjc-1,TMA00317,CGRP-Epsilion,False,False,False,CGRP-Epsilion
dhdimfmd-1,TMA00317,CGRP-Alpha,False,False,False,CGRP-Alpha
dhecmbck-1,TMA00317,CGRP-Theta,False,False,False,CGRP-Theta
dhehldif-1,TMA00317,CGRP-Alpha,False,False,False,CGRP-Alpha
dheimggp-1,TMA00317,Sst,False,False,False,Sst
dhejhpgc-1,TMA00317,CGRP-Eta,False,False,False,CGRP-Eta
dhemkohc-1,TMA00317,CGRP-Zeta,False,False,False,CGRP-Zeta
dhfhhfdg-1,TMA00317,CGRP-Theta,False,False,False,CGRP-Theta
dhgijipj-1,TMA00317,Nonpeptidergic nociceptors,False,False,False,Nonpeptidergic nociceptors
dhgjnmgi-1,TMA00317,Nonpeptidergic nociceptors,False,False,False,Nonpeptidergic nociceptors
dhgkepme-1,TMA00317,CGRP-Eta,False,False,False,CGRP-Eta
dhichgme-1,TMA00317,CGRP-Eta,False,False,False,CGRP-Eta
dhienoki-1,TMA00317,Abeta-Field,False,False,False,Abeta-Field
dhipaeme-1,TMA00317,Nonpeptidergic nociceptors,False,False,False,Nonpeptidergic nociceptors
dicjbheg-1,TMA00317,Proprioceptors,False,False,False,Proprioceptors
dicnaloi-1,TMA00317,Proprioceptors,False,False,False,Proprioceptors
dicpojjl-1,TMA00317,CGRP-Theta,False,False,False,CGRP-Theta
diejhlbc-1,TMA00317,Abeta-RA-LTMR,False,False,False,Abeta-RA-LTMR
dieodmem-1,TMA00317,Nonpeptidergic nociceptors,False,False,False,Nonpeptidergic nociceptors
difidfoe-1,TMA00317,CGRP-Alpha,False,False,False,CGRP-Alpha
difijnco-1,TMA00317,CGRP-Zeta,False,False,False,CGRP-Zeta
dijjjdpk-1,TMA00317,Proprioceptors,False,False,False,Proprioceptors
dilbhdhd-1,TMA00317,Abeta-Field,False,False,False,Abeta-Field
dilihald-1,TMA00317,Proprioceptors,False,False,False,Proprioceptors
diljcnll-1,TMA00317,Proprioceptors,False,False,False,Proprioceptors
dilnjjog-1,TMA00317,Nonpeptidergic nociceptors,False,False,False,Nonpeptidergic nociceptors
dimfikpg-1,TMA00317,Nonpeptidergic nociceptors,False,False,False,Nonpeptidergic nociceptors
dinllpbn-1,TMA00317,Nonpeptidergic nociceptors,False,False,False,Nonpeptidergic nociceptors
dinlmpjc-1,TMA00317,Nonpeptidergic nociceptors,False,False,False,Nonpeptidergic nociceptors
diocdhac-1,TMA00317,Nonpeptidergic nociceptors,False,False,False,Nonpeptidergic nociceptors
diogedim-1,TMA00317,CGRP-Gamma 1,False,False,False,CGRP-Gamma 1
dipijkbn-1,TMA00317,CGRP-Gamma 1,False,False,False,CGRP-Gamma 1
djajcgha-1,TMA00317,Abeta-RA-LTMR,False,False,False,Abeta-RA-LTMR
djambelh-1,TMA00317,Proprioceptors,False,False,False,Proprioceptors
djbbggfe-1,TMA00317,Proprioceptors,False,False,False,Proprioceptors
djbihbmk-1,TMA00317,Proprioceptors,False,False,False,Proprioceptors
djccmpop-1,TMA00317,Nonpeptidergic nociceptors,False,False,False,Nonpeptidergic nociceptors
djcdhaea-1,TMA00317,Nonpeptidergic nociceptors,False,False,False,Nonpeptidergic nociceptors
djcenfmm-1,TMA00317,Nonpeptidergic nociceptors,False,False,False,Nonpeptidergic nociceptors
djdhapnl-1,TMA00317,Nonpeptidergic nociceptors,False,False,False,Nonpeptidergic nociceptors
djdmidnf-1,TMA00317,CGRP-Eta,False,False,False,CGRP-Eta
djdmmkdg-1,TMA00317,CGRP-Theta,False,False,False,CGRP-Theta
dllanjhp-1,TMA00317,Sst,False,False,False,Sst
dlleadgk-1,TMA00317,TrpM8,False,False,False,TrpM8
dllkccje-1,TMA00317,Sst,False,False,False,Sst
dllmapbp-1,TMA00317,Sst,False,False,False,Sst
dlmgnkik-1,TMA00317,Nonpeptidergic nociceptors,False,False,False,Nonpeptidergic nociceptors
dlmpbjkf-1,TMA00317,Sst,False,False,False,Sst
dlnaaacp-1,TMA00317,CGRP-Epsilion,False,False,False,CGRP-Epsilion
dlnoliec-1,TMA00317,CGRP-Epsilion,False,False,False,CGRP-Epsilion
dloahenp-1,TMA00317,CGRP-Zeta,False,False,False,CGRP-Zeta
dlobjeji-1,TMA00317,Nonpeptidergic nociceptors,False,False,False,Nonpeptidergic nociceptors
dlpaefoa-1,TMA00317,Nonpeptidergic nociceptors,False,False,False,Nonpeptidergic nociceptors
dlpahckc-1,TMA00317,Nonpeptidergic nociceptors,False,False,False,Nonpeptidergic nociceptors
dlpbjjnl-1,TMA00317,Nonpeptidergic nociceptors,False,False,False,Nonpeptidergic nociceptors
dlpdnbkd-1,TMA00317,CGRP-Gamma 1,False,False,False,CGRP-Gamma 1
dmapefjj-1,TMA00317,Nonpeptidergic nociceptors,False,False,False,Nonpeptidergic nociceptors
dmbgcekg-1,TMA00317,Nonpeptidergic nociceptors,False,False,False,Nonpeptidergic nociceptors
dmbiocoo-1,TMA00317,CGRP-Alpha,False,False,False,CGRP-Alpha
dmbklldi-1,TMA00317,Nonpeptidergic nociceptors,False,False,False,Nonpeptidergic nociceptors
dmcbcgil-1,TMA00317,CGRP-Alpha,False,False,False,CGRP-Alpha
dmcdkmbc-1,TMA00317,CGRP-Alpha,False,False,False,CGRP-Alpha
dmckafde-1,TMA00317,TrpM8,False,False,False,TrpM8
dmcmilao-1,TMA00317,TrpM8,False,False,False,TrpM8
dmdbilhh-1,TMA00317,Nonpeptidergic nociceptors,False,False,False,Nonpeptidergic nociceptors
dmdeabnn-1,TMA00317,Nonpeptidergic nociceptors,False,False,False,Nonpeptidergic nociceptors
dmdfdpbl-1,TMA00317,Abeta-Field,False,False,False,Abeta-Field
dmdldlec-1,TMA00317,Nonpeptidergic nociceptors,False,False,False,Nonpeptidergic nociceptors
dmdpggpk-1,TMA00317,Proprioceptors,False,False,False,Proprioceptors
dmefklcc-1,TMA00317,Nonpeptidergic nociceptors,False,False,False,Nonpeptidergic nociceptors
dmekkjgh-1,TMA00317,TrpM8,False,False,False,TrpM8
dmfhiaim-1,TMA00317,TrpM8,False,False,False,TrpM8
dmfkboee-1,TMA00317,Nonpeptidergic nociceptors,False,False,False,Nonpeptidergic nociceptors
dmfkdenl-1,TMA00317,Sst,False,False,False,Sst
dmhneblh-1,TMA00317,Abeta-Field,False,False,False,Abeta-Field
dmicccbd-1,TMA00317,Proprioceptors,False,False,False,Proprioceptors
dmiempje-1,TMA00317,Sst,False,False,False,Sst
dmihaieg-1,TMA00317,CGRP-Eta,False,False,False,CGRP-Eta
dmiipbag-1,TMA00317,Proprioceptors,False,False,False,Proprioceptors
dmilicmb-1,TMA00317,Nonpeptidergic nociceptors,False,False,False,Nonpeptidergic nociceptors
dmiobeap-1,TMA00317,CGRP-Epsilion,False,False,False,CGRP-Epsilion
dmjbolfp-1,TMA00317,CGRP-Epsilion,False,False,False,CGRP-Epsilion
dmjdcfng-1,TMA00317,CGRP-Epsilion,False,False,False,CGRP-Epsilion
dmjgifag-1,TMA00317,Proprioceptors,False,False,False,Proprioceptors
dmjifnlj-1,TMA00317,Nonpeptidergic nociceptors,False,False,False,Nonpeptidergic nociceptors
dmjlmdjp-1,TMA00317,CGRP-Eta,False,False,False,CGRP-Eta
dmkmahnc-1,TMA00317,CGRP-Eta,False,False,False,CGRP-Eta
dmlcdeap-1,TMA00317,Nonpeptidergic nociceptors,False,False,False,Nonpeptidergic nociceptors
dmmhpmof-1,TMA00317,Abeta-Field,False,False,False,Abeta-Field
dmopjkga-1,TMA00317,CGRP-Eta,False,False,False,CGRP-Eta
dmopjodp-1,TMA00317,C-LTMR,False,False,False,C-LTMR
dmpecejm-1,TMA00317,Nonpeptidergic nociceptors,False,False,False,Nonpeptidergic nociceptors
dnamngbi-1,TMA00317,C-LTMR,False,False,False,C-LTMR
dnbilbii-1,TMA00317,Nonpeptidergic nociceptors,False,False,False,Nonpeptidergic nociceptors
dnebjjnj-1,TMA00317,Nonpeptidergic nociceptors,False,False,False,Nonpeptidergic nociceptors
dnekmlhn-1,TMA00317,Nonpeptidergic nociceptors,False,False,False,Nonpeptidergic nociceptors
dnfamoko-1,TMA00317,Nonpeptidergic nociceptors,False,False,False,Nonpeptidergic nociceptors
dnfjdjnk-1,TMA00317,Nonpeptidergic nociceptors,False,False,False,Nonpeptidergic nociceptors
dnfkgcnm-1,TMA00317,Sst,False,False,False,Sst
dnfkhece-1,TMA00317,CGRP-Eta,False,False,False,CGRP-Eta
dngaiijg-1,TMA00317,Nonpeptidergic nociceptors,False,False,False,Nonpeptidergic nociceptors
dngnmepl-1,TMA00317,Nonpeptidergic nociceptors,False,False,False,Nonpeptidergic nociceptors
dngoaccg-1,TMA00317,Nonpeptidergic nociceptors,False,False,False,Nonpeptidergic nociceptors
dngpigch-1,TMA00317,Nonpeptidergic nociceptors,False,False,False,Nonpeptidergic nociceptors
dngpohmg-1,TMA00317,CGRP-Eta,False,False,False,CGRP-Eta
dnhcdkon-1,TMA00317,CGRP-Alpha,False,False,False,CGRP-Alpha
dniadajn-1,TMA00317,CGRP-Epsilion,False,False,False,CGRP-Epsilion
dnidfgfe-1,TMA00317,CGRP-Epsilion,False,False,False,CGRP-Epsilion
dnkgfdik-1,TMA00317,CGRP-Alpha,False,False,False,CGRP-Alpha
dnkoclgf-1,TMA00317,CGRP-Epsilion,False,False,False,CGRP-Epsilion
dnldaaif-1,TMA00317,CGRP-Zeta,False,False,False,CGRP-Zeta
dnlheehl-1,TMA00317,Nonpeptidergic nociceptors,False,False,False,Nonpeptidergic nociceptors
dnlohkfj-1,TMA00317,CGRP-Theta,False,False,False,CGRP-Theta
dnmanpej-1,TMA00317,Proprioceptors,False,False,False,Proprioceptors
dnmkoljh-1,TMA00317,Nonpeptidergic nociceptors,False,False,False,Nonpeptidergic nociceptors
dnnadiim-1,TMA00317,CGRP-Alpha,False,False,False,CGRP-Alpha
dobilenm-1,TMA00317,Sst,False,False,False,Sst
dobpehdh-1,TMA00317,Sst,False,False,False,Sst
docbfhbl-1,TMA00317,Proprioceptors,False,False,False,Proprioceptors
dodplcbp-1,TMA00317,Nonpeptidergic nociceptors,False,False,False,Nonpeptidergic nociceptors
doejjaih-1,TMA00317,Nonpeptidergic nociceptors,False,False,False,Nonpeptidergic nociceptors
doemhhph-1,TMA00317,Nonpeptidergic nociceptors,False,False,False,Nonpeptidergic nociceptors
doeolknl-1,TMA00317,CGRP-Eta,False,False,False,CGRP-Eta
dofdmkhi-1,TMA00317,C-LTMR,False,False,False,C-LTMR
doffiibm-1,TMA00317,CGRP-Alpha,False,False,False,CGRP-Alpha
dofkjnbf-1,TMA00317,C-LTMR,False,False,False,C-LTMR
dogalloa-1,TMA00317,CGRP-Alpha,False,False,False,CGRP-Alpha
dogefpnj-1,TMA00317,Nonpeptidergic nociceptors,False,False,False,Nonpeptidergic nociceptors
dogeojpe-1,TMA00317,Abeta-RA-LTMR,False,False,False,Abeta-RA-LTMR
dogfajaf-1,TMA00317,CGRP-Alpha,False,False,False,CGRP-Alpha
doggjdea-1,TMA00317,Nonpeptidergic nociceptors,False,False,False,Nonpeptidergic nociceptors
dogmadid-1,TMA00317,CGRP-Alpha,False,False,False,CGRP-Alpha
dogminob-1,TMA00317,Abeta-Field,False,False,False,Abeta-Field
dohediih-1,TMA00317,CGRP-Eta,False,False,False,CGRP-Eta
dojgdcaj-1,TMA00317,Abeta-Field,False,False,False,Abeta-Field
dokccjip-1,TMA00317,CGRP-Alpha,False,False,False,CGRP-Alpha
doknklhi-1,TMA00317,TrpM8,False,False,False,TrpM8
doknlnja-1,TMA00317,CGRP-Alpha,False,False,False,CGRP-Alpha
domcgled-1,TMA00317,Proprioceptors,False,False,False,Proprioceptors
domgdbhp-1,TMA00317,Nonpeptidergic nociceptors,False,False,False,Nonpeptidergic nociceptors
domklcdc-1,TMA00317,Nonpeptidergic nociceptors,False,False,False,Nonpeptidergic nociceptors
domnndkc-1,TMA00317,Nonpeptidergic nociceptors,False,False,False,Nonpeptidergic nociceptors
domoicle-1,TMA00317,TrpM8,False,False,False,TrpM8
domppjkc-1,TMA00317,CGRP-Beta,False,False,False,CGRP-Beta
doninkmo-1,TMA00317,Abeta-Field,False,False,False,Abeta-Field
doooiiog-1,TMA00317,Nonpeptidergic nociceptors,False,False,False,Nonpeptidergic nociceptors
dooojach-1,TMA00317,Nonpeptidergic nociceptors,False,False,False,Nonpeptidergic nociceptors
dopncbbn-1,TMA00317,Sst,False,False,False,Sst
dpanpfog-1,TMA00317,CGRP-Eta,False,False,False,CGRP-Eta
dpaodibe-1,TMA00317,CGRP-Alpha,False,False,False,CGRP-Alpha
dpbdcjne-1,TMA00317,CGRP-Epsilion,False,False,False,CGRP-Epsilion
dpboogkm-1,TMA00317,Sst,False,False,False,Sst
eahkoiem-1,TMA00317,CGRP-Epsilion,False,False,False,CGRP-Epsilion
eaoelecg-1,TMA00317,Nonpeptidergic nociceptors,False,False,False,Nonpeptidergic nociceptors
eapflloa-1,TMA00317,Nonpeptidergic nociceptors,False,False,False,Nonpeptidergic nociceptors
eapoddpm-1,TMA00317,Nonpeptidergic nociceptors,False,False,False,Nonpeptidergic nociceptors
ebhopcoh-1,TMA00317,Abeta-RA-LTMR,False,False,False,Abeta-RA-LTMR
ebhpemph-1,TMA00317,Abeta-Field,False,False,False,Abeta-Field
ebidolgk-1,TMA00317,Nonpeptidergic nociceptors,False,False,False,Nonpeptidergic nociceptors
ecidgadn-1,TMA00317,Nonpeptidergic nociceptors,False,False,False,Nonpeptidergic nociceptors
edlilmfb-1,TMA00317,CGRP-Alpha,False,False,False,CGRP-Alpha
edlkihjk-1,TMA00317,Sst,False,False,False,Sst
edmmmfaj-1,TMA00317,Sst,False,False,False,Sst
edmpcmhe-1,TMA00317,Proprioceptors,False,False,False,Proprioceptors
edmpfdcf-1,TMA00317,Sst,False,False,False,Sst
edpglpmi-1,TMA00317,Nonpeptidergic nociceptors,False,False,False,Nonpeptidergic nociceptors
edpkahdo-1,TMA00317,CGRP-Epsilion,False,False,False,CGRP-Epsilion
eebdfffi-1,TMA00317,Nonpeptidergic nociceptors,False,False,False,Nonpeptidergic nociceptors
eecelohf-1,TMA00317,Nonpeptidergic nociceptors,False,False,False,Nonpeptidergic nociceptors
eecfjohh-1,TMA00317,Abeta-Field,False,False,False,Abeta-Field
eecilbmb-1,TMA00317,Nonpeptidergic nociceptors,False,False,False,Nonpeptidergic nociceptors
eeebdpnk-1,TMA00317,Abeta-RA-LTMR,False,False,False,Abeta-RA-LTMR
eeelogpd-1,TMA00317,Proprioceptors,False,False,False,Proprioceptors
eefbmpek-1,TMA00317,Nonpeptidergic nociceptors,False,False,False,Nonpeptidergic nociceptors
eegiaccc-1,TMA00317,CGRP-Theta,False,False,False,CGRP-Theta
eeginaan-1,TMA00317,CGRP-Theta,False,False,False,CGRP-Theta
eegjbofa-1,TMA00317,Nonpeptidergic nociceptors,False,False,False,Nonpeptidergic nociceptors
eehfceoa-1,TMA00317,CGRP-Theta,False,False,False,CGRP-Theta
eehfihdf-1,TMA00317,Sst,False,False,False,Sst
eehgbkah-1,TMA00317,Proprioceptors,False,False,False,Proprioceptors
eehhedgl-1,TMA00317,Proprioceptors,False,False,False,Proprioceptors
eehhglch-1,TMA00317,CGRP-Epsilion,False,False,False,CGRP-Epsilion
eehhnelk-1,TMA00317,Abeta-Field,False,False,False,Abeta-Field
eehkelhd-1,TMA00317,Abeta-RA-LTMR,False,False,False,Abeta-RA-LTMR
efnkedpb-1,TMA00317,CGRP-Zeta,False,False,False,CGRP-Zeta
egbdmmpl-1,TMA00317,CGRP-Theta,False,False,False,CGRP-Theta
egbfppae-1,TMA00317,CGRP-Theta,False,False,False,CGRP-Theta
egbnekkf-1,TMA00317,CGRP-Theta,False,False,False,CGRP-Theta
egcbdhfa-1,TMA00317,Nonpeptidergic nociceptors,False,False,False,Nonpeptidergic nociceptors
egcealbn-1,TMA00317,Abeta-Field,False,False,False,Abeta-Field
ehegkiig-1,TMA00317,CGRP-Zeta,False,False,False,CGRP-Zeta
ehhhhikm-1,TMA00317,C-LTMR,False,False,False,C-LTMR
ehicpfoe-1,TMA00317,CGRP-Eta,False,False,False,CGRP-Eta
ehmpglpf-1,TMA00317,Nonpeptidergic nociceptors,False,False,False,Nonpeptidergic nociceptors
ehmppaea-1,TMA00317,Nonpeptidergic nociceptors,False,False,False,Nonpeptidergic nociceptors
ehnaaolo-1,TMA00317,Sst,False,False,False,Sst
ehpjcaai-1,TMA00317,CGRP-Gamma 1,False,False,False,CGRP-Gamma 1
ehplkobf-1,TMA00317,CGRP-Gamma 1,False,False,False,CGRP-Gamma 1
eiakaifi-1,TMA00317,CGRP-Gamma 1,False,False,False,CGRP-Gamma 1
eiakldna-1,TMA00317,CGRP-Gamma 2,False,False,False,CGRP-Gamma 2
eiamofne-1,TMA00317,CGRP-Gamma 1,False,False,False,CGRP-Gamma 1
eiapeicl-1,TMA00317,CGRP-Alpha,False,False,False,CGRP-Alpha
eibbelcj-1,TMA00317,CGRP-Alpha,False,False,False,CGRP-Alpha
eibdfomb-1,TMA00317,CGRP-Alpha,False,False,False,CGRP-Alpha
eicgemfc-1,TMA00317,Abeta-Field,False,False,False,Abeta-Field
eickodib-1,TMA00317,CGRP-Eta,False,False,False,CGRP-Eta
eignkbjo-1,TMA00317,Nonpeptidergic nociceptors,False,False,False,Nonpeptidergic nociceptors
eihcdpkb-1,TMA00317,Nonpeptidergic nociceptors,False,False,False,Nonpeptidergic nociceptors
eihejpli-1,TMA00317,CGRP-Gamma 1,False,False,False,CGRP-Gamma 1
eihklkoc-1,TMA00317,CGRP-Eta,False,False,False,CGRP-Eta
eikelkll-1,TMA00317,CGRP-Zeta,False,False,False,CGRP-Zeta
eikjeomh-1,TMA00317,Nonpeptidergic nociceptors,False,False,False,Nonpeptidergic nociceptors
eikohahm-1,TMA00317,Nonpeptidergic nociceptors,False,False,False,Nonpeptidergic nociceptors
eilefijo-1,TMA00317,Nonpeptidergic nociceptors,False,False,False,Nonpeptidergic nociceptors
eileokgd-1,TMA00317,Nonpeptidergic nociceptors,False,False,False,Nonpeptidergic nociceptors
eipfcdkn-1,TMA00317,Abeta-Field,False,False,False,Abeta-Field
ejenpoaj-1,TMA00317,Proprioceptors,False,False,False,Proprioceptors
ejfaabeg-1,TMA00317,Proprioceptors,False,False,False,Proprioceptors
ejfaapnm-1,TMA00317,Proprioceptors,False,False,False,Proprioceptors
ejhdbapg-1,TMA00317,Abeta-Field,False,False,False,Abeta-Field
ejmpegma-1,TMA00317,Proprioceptors,False,False,False,Proprioceptors
ejmpfobg-1,TMA00317,Proprioceptors,False,False,False,Proprioceptors
ejnaeikm-1,TMA00317,Nonpeptidergic nociceptors,False,False,False,Nonpeptidergic nociceptors
ejnfcmlm-1,TMA00317,Nonpeptidergic nociceptors,False,False,False,Nonpeptidergic nociceptors
ejnppjde-1,TMA00317,Adelta-LTMR,False,False,False,Adelta-LTMR
ekcgeepb-1,TMA00317,CGRP-Zeta,False,False,False,CGRP-Zeta
ekdbaomd-1,TMA00317,Nonpeptidergic nociceptors,False,False,False,Nonpeptidergic nociceptors
ekdkfamn-1,TMA00317,Nonpeptidergic nociceptors,False,False,False,Nonpeptidergic nociceptors
ekegjpam-1,TMA00317,Nonpeptidergic nociceptors,False,False,False,Nonpeptidergic nociceptors
ekekdppg-1,TMA00317,C-LTMR,False,False,False,C-LTMR
ekenmbbm-1,TMA00317,CGRP-Alpha,False,False,False,CGRP-Alpha
elaffbif-1,TMA00317,Nonpeptidergic nociceptors,False,False,False,Nonpeptidergic nociceptors
elbfmibp-1,TMA00317,Nonpeptidergic nociceptors,False,False,False,Nonpeptidergic nociceptors
elbjekmm-1,TMA00317,CGRP-Gamma 1,False,False,False,CGRP-Gamma 1
elbllple-1,TMA00317,CGRP-Gamma 2,False,False,False,CGRP-Gamma 2
elccofmj-1,TMA00317,CGRP-Gamma 1,False,False,False,CGRP-Gamma 1
eldlignm-1,TMA00317,CGRP-Gamma 1,False,False,False,CGRP-Gamma 1
elfbfepb-1,TMA00317,CGRP-Gamma 1,False,False,False,CGRP-Gamma 1
elfdioni-1,TMA00317,CGRP-Beta,False,False,False,CGRP-Beta
elhkdnap-1,TMA00317,TrpM8,False,False,False,TrpM8
elhkefhk-1,TMA00317,CGRP-Eta,False,False,False,CGRP-Eta
elidomki-1,TMA00317,CGRP-Eta,False,False,False,CGRP-Eta
ellcicci-1,TMA00317,CGRP-Theta,False,False,False,CGRP-Theta
ellfcobm-1,TMA00317,CGRP-Alpha,False,False,False,CGRP-Alpha
elllaiok-1,TMA00317,CGRP-Gamma 1,False,False,False,CGRP-Gamma 1
elllpmik-1,TMA00317,CGRP-Gamma 1,False,False,False,CGRP-Gamma 1
ellmjigb-1,TMA00317,CGRP-Gamma 1,False,False,False,CGRP-Gamma 1
elmgdcjn-1,TMA00317,CGRP-Gamma 1,False,False,False,CGRP-Gamma 1
elnhhnbp-1,TMA00317,CGRP-Gamma 1,False,False,False,CGRP-Gamma 1
elnhjceh-1,TMA00317,CGRP-Gamma 1,False,False,False,CGRP-Gamma 1
elnihgcb-1,TMA00317,CGRP-Gamma 1,False,False,False,CGRP-Gamma 1
elnijpoj-1,TMA00317,CGRP-Gamma 1,False,False,False,CGRP-Gamma 1
elnppmcn-1,TMA00317,C-LTMR,False,False,False,C-LTMR
elpicfjd-1,TMA00317,Sst,False,False,False,Sst
emabmaag-1,TMA00317,Sst,False,False,False,Sst
embhbppo-1,TMA00317,CGRP-Alpha,False,False,False,CGRP-Alpha
embidbop-1,TMA00317,CGRP-Alpha,False,False,False,CGRP-Alpha
emdfknjo-1,TMA00317,CGRP-Epsilion,False,False,False,CGRP-Epsilion
emefhlki-1,TMA00317,CGRP-Gamma 1,False,False,False,CGRP-Gamma 1
emefmkfg-1,TMA00317,Nonpeptidergic nociceptors,False,False,False,Nonpeptidergic nociceptors
emeoabpe-1,TMA00317,CGRP-Eta,False,False,False,CGRP-Eta
emgclnfk-1,TMA00317,CGRP-Eta,False,False,False,CGRP-Eta
emgfgcmf-1,TMA00317,TrpM8,False,False,False,TrpM8
emgfoebd-1,TMA00317,TrpM8,False,False,False,TrpM8
emggndcd-1,TMA00317,CGRP-Eta,False,False,False,CGRP-Eta
emhfnklg-1,TMA00317,TrpM8,False,False,False,TrpM8
emhggacc-1,TMA00317,CGRP-Alpha,False,False,False,CGRP-Alpha
emhoeojp-1,TMA00317,CGRP-Gamma 1,False,False,False,CGRP-Gamma 1
emieigkh-1,TMA00317,Proprioceptors,False,False,False,Proprioceptors
emjnkbhn-1,TMA00317,CGRP-Gamma 1,False,False,False,CGRP-Gamma 1
emjompga-1,TMA00317,Abeta-Field,False,False,False,Abeta-Field
emkbgbip-1,TMA00317,CGRP-Gamma 1,False,False,False,CGRP-Gamma 1
emkdfggj-1,TMA00317,Sst,False,False,False,Sst
emkkakmg-1,TMA00317,Abeta-RA-LTMR,False,False,False,Abeta-RA-LTMR
emkmfghd-1,TMA00317,Sst,False,False,False,Sst
emkooidg-1,TMA00317,Abeta-RA-LTMR,False,False,False,Abeta-RA-LTMR
empjmknn-1,TMA00317,Nonpeptidergic nociceptors,False,False,False,Nonpeptidergic nociceptors
empnahjg-1,TMA00317,Nonpeptidergic nociceptors,False,False,False,Nonpeptidergic nociceptors
enakfcmp-1,TMA00317,Sst,False,False,False,Sst
enbcelka-1,TMA00317,Nonpeptidergic nociceptors,False,False,False,Nonpeptidergic nociceptors
enbeapda-1,TMA00317,CGRP-Epsilion,False,False,False,CGRP-Epsilion
enbkflof-1,TMA00317,Nonpeptidergic nociceptors,False,False,False,Nonpeptidergic nociceptors
encgamba-1,TMA00317,Nonpeptidergic nociceptors,False,False,False,Nonpeptidergic nociceptors
enciaain-1,TMA00317,Nonpeptidergic nociceptors,False,False,False,Nonpeptidergic nociceptors
enckjeno-1,TMA00317,Nonpeptidergic nociceptors,False,False,False,Nonpeptidergic nociceptors
encllelj-1,TMA00317,CGRP-Eta,False,False,False,CGRP-Eta
encojahm-1,TMA00317,Nonpeptidergic nociceptors,False,False,False,Nonpeptidergic nociceptors
encpikgi-1,TMA00317,Nonpeptidergic nociceptors,False,False,False,Nonpeptidergic nociceptors
endbobin-1,TMA00317,CGRP-Gamma 1,False,False,False,CGRP-Gamma 1
endcbcdi-1,TMA00317,Sst,False,False,False,Sst
endjkcbp-1,TMA00317,Nonpeptidergic nociceptors,False,False,False,Nonpeptidergic nociceptors
endkakpd-1,TMA00317,Nonpeptidergic nociceptors,False,False,False,Nonpeptidergic nociceptors
enechbom-1,TMA00317,TrpM8,False,False,False,TrpM8
enejgdec-1,TMA00317,Abeta-RA-LTMR,False,False,False,Abeta-RA-LTMR
enfaigja-1,TMA00317,Nonpeptidergic nociceptors,False,False,False,Nonpeptidergic nociceptors
enfimbkb-1,TMA00317,Nonpeptidergic nociceptors,False,False,False,Nonpeptidergic nociceptors
enfionmo-1,TMA00317,Sst,False,False,False,Sst
enfkenkp-1,TMA00317,Sst,False,False,False,Sst
engckcjg-1,TMA00317,Nonpeptidergic nociceptors,False,False,False,Nonpeptidergic nociceptors
engpgicm-1,TMA00317,Nonpeptidergic nociceptors,False,False,False,Nonpeptidergic nociceptors
enhkdnfc-1,TMA00317,CGRP-Zeta,False,False,False,CGRP-Zeta
enhodonc-1,TMA00317,Nonpeptidergic nociceptors,False,False,False,Nonpeptidergic nociceptors
enjjbagk-1,TMA00317,CGRP-Theta,False,False,False,CGRP-Theta
enjjcebd-1,TMA00317,CGRP-Theta,False,False,False,CGRP-Theta
enjkelaa-1,TMA00317,Nonpeptidergic nociceptors,False,False,False,Nonpeptidergic nociceptors
enkfihmd-1,TMA00317,CGRP-Gamma 1,False,False,False,CGRP-Gamma 1
enldllio-1,TMA00317,C-LTMR,False,False,False,C-LTMR
enllknhc-1,TMA00317,C-LTMR,False,False,False,C-LTMR
enmahneg-1,TMA00317,Abeta-Field,False,False,False,Abeta-Field
enmcglci-1,TMA00317,TrpM8,False,False,False,TrpM8
enmdelph-1,TMA00317,TrpM8,False,False,False,TrpM8
enmgephk-1,TMA00317,TrpM8,False,False,False,TrpM8
enmhfjib-1,TMA00317,CGRP-Alpha,False,False,False,CGRP-Alpha
ennigmci-1,TMA00317,Nonpeptidergic nociceptors,False,False,False,Nonpeptidergic nociceptors
ennjmhbi-1,TMA00317,Nonpeptidergic nociceptors,False,False,False,Nonpeptidergic nociceptors
ennkklbi-1,TMA00317,Nonpeptidergic nociceptors,False,False,False,Nonpeptidergic nociceptors
enpakcba-1,TMA00317,TrpM8,False,False,False,TrpM8
enpapmoh-1,TMA00317,CGRP-Eta,False,False,False,CGRP-Eta
enphgije-1,TMA00317,CGRP-Gamma 1,False,False,False,CGRP-Gamma 1
enpianjl-1,TMA00317,Nonpeptidergic nociceptors,False,False,False,Nonpeptidergic nociceptors
eoapkimh-1,TMA00317,TrpM8,False,False,False,TrpM8
eobpncbg-1,TMA00317,Nonpeptidergic nociceptors,False,False,False,Nonpeptidergic nociceptors
eobppndc-1,TMA00317,CGRP-Eta,False,False,False,CGRP-Eta
eoccpnkl-1,TMA00317,Nonpeptidergic nociceptors,False,False,False,Nonpeptidergic nociceptors
eocegjli-1,TMA00317,TrpM8,False,False,False,TrpM8
eocfemca-1,TMA00317,CGRP-Alpha,False,False,False,CGRP-Alpha
eocggpin-1,TMA00317,Sst,False,False,False,Sst
eocoimjk-1,TMA00317,Nonpeptidergic nociceptors,False,False,False,Nonpeptidergic nociceptors
eodbnfpo-1,TMA00317,Nonpeptidergic nociceptors,False,False,False,Nonpeptidergic nociceptors
eodfaomc-1,TMA00317,Nonpeptidergic nociceptors,False,False,False,Nonpeptidergic nociceptors
eoegjlci-1,TMA00317,CGRP-Gamma 1,False,False,False,CGRP-Gamma 1
eoekbigp-1,TMA00317,Nonpeptidergic nociceptors,False,False,False,Nonpeptidergic nociceptors
eoemeedm-1,TMA00317,CGRP-Gamma 1,False,False,False,CGRP-Gamma 1
eoenlbie-1,TMA00317,TrpM8,False,False,False,TrpM8
eoeonhnf-1,TMA00317,CGRP-Alpha,False,False,False,CGRP-Alpha
eoepenla-1,TMA00317,Sst,False,False,False,Sst
eofamfdc-1,TMA00317,CGRP-Beta,False,False,False,CGRP-Beta
eofcnkdj-1,TMA00317,Nonpeptidergic nociceptors,False,False,False,Nonpeptidergic nociceptors
eofkknjj-1,TMA00317,Nonpeptidergic nociceptors,False,False,False,Nonpeptidergic nociceptors
eofpegde-1,TMA00317,CGRP-Gamma 1,False,False,False,CGRP-Gamma 1
eogdlnfp-1,TMA00317,Nonpeptidergic nociceptors,False,False,False,Nonpeptidergic nociceptors
eogpfgoh-1,TMA00317,Sst,False,False,False,Sst
eoibffpf-1,TMA00317,Sst,False,False,False,Sst
eoibflhc-1,TMA00317,Sst,False,False,False,Sst
eoignlmi-1,TMA00317,C-LTMR,False,False,False,C-LTMR
eoinhbab-1,TMA00317,Nonpeptidergic nociceptors,False,False,False,Nonpeptidergic nociceptors
eoinpkki-1,TMA00317,Sst,False,False,False,Sst
eojmbkhk-1,TMA00317,CGRP-Gamma 1,False,False,False,CGRP-Gamma 1
eojmidgi-1,TMA00317,C-LTMR,False,False,False,C-LTMR
eojophki-1,TMA00317,CGRP-Eta,False,False,False,CGRP-Eta
eokbobbc-1,TMA00317,CGRP-Alpha,False,False,False,CGRP-Alpha
eokdhnej-1,TMA00317,CGRP-Eta,False,False,False,CGRP-Eta
eokeoglk-1,TMA00317,CGRP-Eta,False,False,False,CGRP-Eta
eokgobng-1,TMA00317,CGRP-Gamma 2,False,False,False,CGRP-Gamma 2
eokhchdh-1,TMA00317,CGRP-Gamma 1,False,False,False,CGRP-Gamma 1
eokjhodl-1,TMA00317,CGRP-Gamma 2,False,False,False,CGRP-Gamma 2
eokppgka-1,TMA00317,CGRP-Alpha,False,False,False,CGRP-Alpha
eolfmfpc-1,TMA00317,CGRP-Alpha,False,False,False,CGRP-Alpha
eolniokd-1,TMA00317,C-LTMR,False,False,False,C-LTMR
eomclbba-1,TMA00317,Nonpeptidergic nociceptors,False,False,False,Nonpeptidergic nociceptors
eomfmojc-1,TMA00317,Nonpeptidergic nociceptors,False,False,False,Nonpeptidergic nociceptors
eomghdib-1,TMA00317,Nonpeptidergic nociceptors,False,False,False,Nonpeptidergic nociceptors
eomiilgn-1,TMA00317,Nonpeptidergic nociceptors,False,False,False,Nonpeptidergic nociceptors
eonkdjgn-1,TMA00317,Nonpeptidergic nociceptors,False,False,False,Nonpeptidergic nociceptors
eonnmbfb-1,TMA00317,Nonpeptidergic nociceptors,False,False,False,Nonpeptidergic nociceptors
eoohfkna-1,TMA00317,Nonpeptidergic nociceptors,False,False,False,Nonpeptidergic nociceptors
eoojkhda-1,TMA00317,Sst,False,False,False,Sst
eooljfcd-1,TMA00317,Nonpeptidergic nociceptors,False,False,False,Nonpeptidergic nociceptors
eoooipfj-1,TMA00317,Nonpeptidergic nociceptors,False,False,False,Nonpeptidergic nociceptors
epckcllh-1,TMA00317,Sst,False,False,False,Sst
epcnnepp-1,TMA00317,Nonpeptidergic nociceptors,False,False,False,Nonpeptidergic nociceptors
epdbihjb-1,TMA00317,CGRP-Zeta,False,False,False,CGRP-Zeta
epdgenpe-1,TMA00317,CGRP-Eta,False,False,False,CGRP-Eta
epdmcpib-1,TMA00317,Abeta-RA-LTMR,False,False,False,Abeta-RA-LTMR
epdmefpi-1,TMA00317,Abeta-Field,False,False,False,Abeta-Field
epgnibim-1,TMA00317,CGRP-Theta,False,False,False,CGRP-Theta
ephpenme-1,TMA00317,Nonpeptidergic nociceptors,False,False,False,Nonpeptidergic nociceptors
epjaacfh-1,TMA00317,Sst,False,False,False,Sst
epjfhokd-1,TMA00317,TrpM8,False,False,False,TrpM8
epjkihcp-1,TMA00317,C-LTMR,False,False,False,C-LTMR
epjmjjfo-1,TMA00317,C-LTMR,False,False,False,C-LTMR
epklhcmf-1,TMA00317,CGRP-Zeta,False,False,False,CGRP-Zeta
eplfhhca-1,TMA00317,Nonpeptidergic nociceptors,False,False,False,Nonpeptidergic nociceptors
epljfhib-1,TMA00317,Nonpeptidergic nociceptors,False,False,False,Nonpeptidergic nociceptors
eplpodio-1,TMA00317,CGRP-Eta,False,False,False,CGRP-Eta
epmcjplm-1,TMA00317,CGRP-Zeta,False,False,False,CGRP-Zeta
faecnelg-1,TMA00317,Proprioceptors,False,False,False,Proprioceptors
faioidih-1,TMA00317,Nonpeptidergic nociceptors,False,False,False,Nonpeptidergic nociceptors
fajjagpg-1,TMA00317,Nonpeptidergic nociceptors,False,False,False,Nonpeptidergic nociceptors
fajopmhd-1,TMA00317,CGRP-Zeta,False,False,False,CGRP-Zeta
fakblbhi-1,TMA00317,CGRP-Eta,False,False,False,CGRP-Eta
fakchoea-1,TMA00317,CGRP-Zeta,False,False,False,CGRP-Zeta
fakohnno-1,TMA00317,TrpM8,False,False,False,TrpM8
falmenfk-1,TMA00317,Nonpeptidergic nociceptors,False,False,False,Nonpeptidergic nociceptors
fanbfmhm-1,TMA00317,C-LTMR,False,False,False,C-LTMR
fanheada-1,TMA00317,C-LTMR,False,False,False,C-LTMR
fanlookk-1,TMA00317,C-LTMR,False,False,False,C-LTMR
faoacadf-1,TMA00317,CGRP-Eta,False,False,False,CGRP-Eta
faoapike-1,TMA00317,CGRP-Zeta,False,False,False,CGRP-Zeta
faocddeo-1,TMA00317,CGRP-Zeta,False,False,False,CGRP-Zeta
faopknol-1,TMA00317,CGRP-Eta,False,False,False,CGRP-Eta
fbaemjce-1,TMA00317,C-LTMR,False,False,False,C-LTMR
fbagginp-1,TMA00317,Abeta-RA-LTMR,False,False,False,Abeta-RA-LTMR
fbamabkk-1,TMA00317,Abeta-Field,False,False,False,Abeta-Field
fbbjenoa-1,TMA00317,Proprioceptors,False,False,False,Proprioceptors
fbbnemho-1,TMA00317,CGRP-Epsilion,False,False,False,CGRP-Epsilion
fbcdiflf-1,TMA00317,Proprioceptors,False,False,False,Proprioceptors
fbcehcgh-1,TMA00317,CGRP-Eta,False,False,False,CGRP-Eta
fbcejcfh-1,TMA00317,Proprioceptors,False,False,False,Proprioceptors
fbchcgnj-1,TMA00317,Adelta-LTMR,False,False,False,Adelta-LTMR
fbchfhkf-1,TMA00317,Proprioceptors,False,False,False,Proprioceptors
fbcjogck-1,TMA00317,TrpM8,False,False,False,TrpM8
fbdcljbc-1,TMA00317,TrpM8,False,False,False,TrpM8
fbdechdm-1,TMA00317,Nonpeptidergic nociceptors,False,False,False,Nonpeptidergic nociceptors
fbdjckdm-1,TMA00317,C-LTMR,False,False,False,C-LTMR
fbdmhlhg-1,TMA00317,Proprioceptors,False,False,False,Proprioceptors
fbdmlale-1,TMA00317,CGRP-Eta,False,False,False,CGRP-Eta
fcbeegdh-1,TMA00317,Abeta-Field,False,False,False,Abeta-Field
fcbikica-1,TMA00317,Sst,False,False,False,Sst
fcbpabdb-1,TMA00317,Adelta-LTMR,False,False,False,Adelta-LTMR
fccfinem-1,TMA00317,Adelta-LTMR,False,False,False,Adelta-LTMR
fccicadd-1,TMA00317,Proprioceptors,False,False,False,Proprioceptors
fccihjgl-1,TMA00317,Abeta-RA-LTMR,False,False,False,Abeta-RA-LTMR
fcckkmni-1,TMA00317,C-LTMR,False,False,False,C-LTMR
fcdakohh-1,TMA00317,Nonpeptidergic nociceptors,False,False,False,Nonpeptidergic nociceptors
fcedmjhk-1,TMA00317,Abeta-Field,False,False,False,Abeta-Field
fcopdhbc-1,TMA00317,Nonpeptidergic nociceptors,False,False,False,Nonpeptidergic nociceptors
fcpcgogc-1,TMA00317,Nonpeptidergic nociceptors,False,False,False,Nonpeptidergic nociceptors
fcpdenlj-1,TMA00317,C-LTMR,False,False,False,C-LTMR
fcpfpnea-1,TMA00317,Nonpeptidergic nociceptors,False,False,False,Nonpeptidergic nociceptors
fcpnkkpc-1,TMA00317,Nonpeptidergic nociceptors,False,False,False,Nonpeptidergic nociceptors
fdbcccpf-1,TMA00317,Abeta-RA-LTMR,False,False,False,Abeta-RA-LTMR
fdcgaofl-1,TMA00317,Nonpeptidergic nociceptors,False,False,False,Nonpeptidergic nociceptors
fdcidndd-1,TMA00317,Abeta-RA-LTMR,False,False,False,Abeta-RA-LTMR
fddhnnpe-1,TMA00317,Nonpeptidergic nociceptors,False,False,False,Nonpeptidergic nociceptors
fdebkgii-1,TMA00317,Proprioceptors,False,False,False,Proprioceptors
fdgkhccn-1,TMA00317,Abeta-Field,False,False,False,Abeta-Field
fdgplkgl-1,TMA00317,CGRP-Epsilion,False,False,False,CGRP-Epsilion
fdhkhkon-1,TMA00317,CGRP-Alpha,False,False,False,CGRP-Alpha
fdhpfdpe-1,TMA00317,CGRP-Epsilion,False,False,False,CGRP-Epsilion
fdifgkpe-1,TMA00317,CGRP-Epsilion,False,False,False,CGRP-Epsilion
fdiikjan-1,TMA00317,Nonpeptidergic nociceptors,False,False,False,Nonpeptidergic nociceptors
fdilmpeo-1,TMA00317,Nonpeptidergic nociceptors,False,False,False,Nonpeptidergic nociceptors
fdjmided-1,TMA00317,Nonpeptidergic nociceptors,False,False,False,Nonpeptidergic nociceptors
fdklhoco-1,TMA00317,Nonpeptidergic nociceptors,False,False,False,Nonpeptidergic nociceptors
fdkpboma-1,TMA00317,Nonpeptidergic nociceptors,False,False,False,Nonpeptidergic nociceptors
fdkpdfbd-1,TMA00317,Sst,False,False,False,Sst
fdldlfkd-1,TMA00317,Nonpeptidergic nociceptors,False,False,False,Nonpeptidergic nociceptors
fdlhbmgi-1,TMA00317,Sst,False,False,False,Sst
fdlomcdl-1,TMA00317,Nonpeptidergic nociceptors,False,False,False,Nonpeptidergic nociceptors
fdmjdndo-1,TMA00317,Adelta-LTMR,False,False,False,Adelta-LTMR
fdmopidf-1,TMA00317,CGRP-Epsilion,False,False,False,CGRP-Epsilion
fdnbcajb-1,TMA00317,CGRP-Eta,False,False,False,CGRP-Eta
fdncjanf-1,TMA00317,CGRP-Gamma 1,False,False,False,CGRP-Gamma 1
fdndemnn-1,TMA00317,CGRP-Gamma 1,False,False,False,CGRP-Gamma 1
fdndfbjn-1,TMA00317,C-LTMR,False,False,False,C-LTMR
fdnibbip-1,TMA00317,CGRP-Epsilion,False,False,False,CGRP-Epsilion
fdnnmfde-1,TMA00317,Nonpeptidergic nociceptors,False,False,False,Nonpeptidergic nociceptors
fdobhlej-1,TMA00317,Nonpeptidergic nociceptors,False,False,False,Nonpeptidergic nociceptors
fdococpj-1,TMA00317,CGRP-Gamma 1,False,False,False,CGRP-Gamma 1
fdoklepe-1,TMA00317,Nonpeptidergic nociceptors,False,False,False,Nonpeptidergic nociceptors
fdokojop-1,TMA00317,Nonpeptidergic nociceptors,False,False,False,Nonpeptidergic nociceptors
fdpagbhj-1,TMA00317,CGRP-Eta,False,False,False,CGRP-Eta
fdpbccmh-1,TMA00317,CGRP-Eta,False,False,False,CGRP-Eta
fdpcnoba-1,TMA00317,Nonpeptidergic nociceptors,False,False,False,Nonpeptidergic nociceptors
fdphegog-1,TMA00317,CGRP-Gamma 1,False,False,False,CGRP-Gamma 1
feadcbjb-1,TMA00317,TrpM8,False,False,False,TrpM8
feafpmei-1,TMA00317,Nonpeptidergic nociceptors,False,False,False,Nonpeptidergic nociceptors
feahgejg-1,TMA00317,CGRP-Eta,False,False,False,CGRP-Eta
feaianmd-1,TMA00317,Nonpeptidergic nociceptors,False,False,False,Nonpeptidergic nociceptors
feaidooh-1,TMA00317,Abeta-RA-LTMR,False,False,False,Abeta-RA-LTMR
feajpdlk-1,TMA00317,Nonpeptidergic nociceptors,False,False,False,Nonpeptidergic nociceptors
feamaeim-1,TMA00317,Abeta-RA-LTMR,False,False,False,Abeta-RA-LTMR
feapfiaj-1,TMA00317,Abeta-RA-LTMR,False,False,False,Abeta-RA-LTMR
febbknfc-1,TMA00317,Proprioceptors,False,False,False,Proprioceptors
febkncak-1,TMA00317,Abeta-RA-LTMR,False,False,False,Abeta-RA-LTMR
fedpemfj-1,TMA00317,Nonpeptidergic nociceptors,False,False,False,Nonpeptidergic nociceptors
fegdmlok-1,TMA00317,Nonpeptidergic nociceptors,False,False,False,Nonpeptidergic nociceptors
fegeahjf-1,TMA00317,Nonpeptidergic nociceptors,False,False,False,Nonpeptidergic nociceptors
fehjebel-1,TMA00317,Nonpeptidergic nociceptors,False,False,False,Nonpeptidergic nociceptors
feiiplpk-1,TMA00317,Abeta-Field,False,False,False,Abeta-Field
feilhkej-1,TMA00317,Nonpeptidergic nociceptors,False,False,False,Nonpeptidergic nociceptors
feipchgk-1,TMA00317,Abeta-Field,False,False,False,Abeta-Field
fejbbaej-1,TMA00317,CGRP-Theta,False,False,False,CGRP-Theta
fejlgoei-1,TMA00317,Abeta-Field,False,False,False,Abeta-Field
fekghomp-1,TMA00317,CGRP-Zeta,False,False,False,CGRP-Zeta
fekhkpji-1,TMA00317,Nonpeptidergic nociceptors,True,False,False,Nonpeptidergic nociceptors
felknmad-1,TMA00317,Abeta-Field,False,False,False,Abeta-Field
felpadli-1,TMA00317,Abeta-Field,False,False,False,Abeta-Field
femginph-1,TMA00317,CGRP-Eta,False,False,False,CGRP-Eta
femmmblc-1,TMA00317,CGRP-Theta,False,False,False,CGRP-Theta
fenebecd-1,TMA00317,CGRP-Theta,False,False,False,CGRP-Theta
fepbpmbf-1,TMA00317,Nonpeptidergic nociceptors,False,False,False,Nonpeptidergic nociceptors
fepinoha-1,TMA00317,Nonpeptidergic nociceptors,False,False,False,Nonpeptidergic nociceptors
ffaaejhh-1,TMA00317,Nonpeptidergic nociceptors,False,False,False,Nonpeptidergic nociceptors
ffabkcap-1,TMA00317,Nonpeptidergic nociceptors,False,False,False,Nonpeptidergic nociceptors
ffacdedc-1,TMA00317,Nonpeptidergic nociceptors,False,False,False,Nonpeptidergic nociceptors
ffcedcbf-1,TMA00317,CGRP-Gamma 1,False,False,False,CGRP-Gamma 1
ffegoklk-1,TMA00317,Abeta-Field,False,False,False,Abeta-Field
ffenbdpl-1,TMA00317,Adelta-LTMR,False,False,False,Adelta-LTMR
ffgabddf-1,TMA00317,CGRP-Zeta,False,False,False,CGRP-Zeta
ffgbbjle-1,TMA00317,CGRP-Zeta,False,False,False,CGRP-Zeta
ffhhfdle-1,TMA00317,Abeta-RA-LTMR,False,False,False,Abeta-RA-LTMR
ffjaflgc-1,TMA00317,Abeta-Field,False,False,False,Abeta-Field
ffjjekoh-1,TMA00317,Nonpeptidergic nociceptors,False,False,False,Nonpeptidergic nociceptors
ffkbenll-1,TMA00317,Nonpeptidergic nociceptors,False,False,False,Nonpeptidergic nociceptors
ffmnjkjb-1,TMA00317,CGRP-Alpha,False,False,False,CGRP-Alpha
ffponnhe-1,TMA00317,Abeta-RA-LTMR,False,False,False,Abeta-RA-LTMR
fgaeddnp-1,TMA00317,CGRP-Gamma 1,False,False,False,CGRP-Gamma 1
fgaihchl-1,TMA00317,Abeta-Field,False,False,False,Abeta-Field
fgaleeei-1,TMA00317,CGRP-Eta,False,False,False,CGRP-Eta
fgamgcba-1,TMA00317,Nonpeptidergic nociceptors,False,False,False,Nonpeptidergic nociceptors
fgamilkb-1,TMA00317,CGRP-Gamma 1,False,False,False,CGRP-Gamma 1
fgbfmmcb-1,TMA00317,Abeta-RA-LTMR,False,False,False,Abeta-RA-LTMR
fgbhpkde-1,TMA00317,Abeta-RA-LTMR,False,False,False,Abeta-RA-LTMR
fgbhpmkc-1,TMA00317,Abeta-RA-LTMR,False,False,False,Abeta-RA-LTMR
fgcghejc-1,TMA00317,CGRP-Gamma 1,False,False,False,CGRP-Gamma 1
fgcidahm-1,TMA00317,CGRP-Gamma 1,False,False,False,CGRP-Gamma 1
fgddholl-1,TMA00317,Nonpeptidergic nociceptors,False,False,False,Nonpeptidergic nociceptors
fgdhhjhh-1,TMA00317,Nonpeptidergic nociceptors,False,False,False,Nonpeptidergic nociceptors
fgdpiahg-1,TMA00317,Nonpeptidergic nociceptors,False,False,False,Nonpeptidergic nociceptors
fgemhemh-1,TMA00317,TrpM8,False,False,False,TrpM8
fgenggfl-1,TMA00317,Nonpeptidergic nociceptors,False,False,False,Nonpeptidergic nociceptors
fgenpafd-1,TMA00317,CGRP-Gamma 2,False,False,False,CGRP-Gamma 2
fgflioae-1,TMA00317,CGRP-Eta,False,False,False,CGRP-Eta
fggipolb-1,TMA00317,CGRP-Gamma 1,False,False,False,CGRP-Gamma 1
fgglnlkg-1,TMA00317,C-LTMR,False,False,False,C-LTMR
fhkenimf-1,TMA00317,Abeta-RA-LTMR,False,False,False,Abeta-RA-LTMR
fifnccbb-1,TMA00317,CGRP-Gamma 1,False,False,False,CGRP-Gamma 1
filkbjmi-1,TMA00317,Adelta-LTMR,False,False,False,Adelta-LTMR
filkkjio-1,TMA00317,CGRP-Gamma 1,False,False,False,CGRP-Gamma 1
fimfhked-1,TMA00317,Abeta-RA-LTMR,False,False,False,Abeta-RA-LTMR
fimflcfe-1,TMA00317,Adelta-LTMR,False,False,False,Adelta-LTMR
fimgdjkc-1,TMA00317,Abeta-Field,False,False,False,Abeta-Field
fimhoeca-1,TMA00317,Abeta-Field,False,False,False,Abeta-Field
fimhooae-1,TMA00317,Abeta-RA-LTMR,False,False,False,Abeta-RA-LTMR
fimpdmfm-1,TMA00317,Nonpeptidergic nociceptors,False,False,False,Nonpeptidergic nociceptors
finahgpp-1,TMA00317,CGRP-Gamma 1,False,False,False,CGRP-Gamma 1
fiongomi-1,TMA00317,CGRP-Gamma 1,False,False,False,CGRP-Gamma 1
fipchicj-1,TMA00317,CGRP-Gamma 1,False,False,False,CGRP-Gamma 1
fiplnokd-1,TMA00317,CGRP-Gamma 2,False,False,False,CGRP-Gamma 2
fipoaknf-1,TMA00317,CGRP-Gamma 1,False,False,False,CGRP-Gamma 1
fjbphbbe-1,TMA00317,Abeta-RA-LTMR,False,False,False,Abeta-RA-LTMR
fjccjedb-1,TMA00317,Abeta-Field,False,False,False,Abeta-Field
fjcdfpjm-1,TMA00317,CGRP-Gamma 1,False,False,False,CGRP-Gamma 1
fjchomgm-1,TMA00317,Proprioceptors,False,False,False,Proprioceptors
fjclkblb-1,TMA00317,Proprioceptors,False,False,False,Proprioceptors
fjclmdgo-1,TMA00317,Proprioceptors,False,False,False,Proprioceptors
fjcpclkn-1,TMA00317,Proprioceptors,False,False,False,Proprioceptors
fjdgabna-1,TMA00317,Proprioceptors,False,False,False,Proprioceptors
fjeinlid-1,TMA00317,Abeta-Field,False,False,False,Abeta-Field
fjemgjaj-1,TMA00317,CGRP-Zeta,False,False,False,CGRP-Zeta
fjenhapo-1,TMA00317,Nonpeptidergic nociceptors,False,False,False,Nonpeptidergic nociceptors
fjepggej-1,TMA00317,Nonpeptidergic nociceptors,False,False,False,Nonpeptidergic nociceptors
fjfdcjko-1,TMA00317,Abeta-Field,False,False,False,Abeta-Field
fjffipbd-1,TMA00317,CGRP-Eta,False,False,False,CGRP-Eta
fjghbeha-1,TMA00317,Abeta-Field,False,False,False,Abeta-Field
fjhgalcb-1,TMA00317,TrpM8,False,False,False,TrpM8
fjhhmjpe-1,TMA00317,CGRP-Zeta,False,False,False,CGRP-Zeta
fjhmpojp-1,TMA00317,CGRP-Gamma 2,False,False,False,CGRP-Gamma 2
fjlgnkej-1,TMA00317,CGRP-Gamma 1,False,False,False,CGRP-Gamma 1
fjnihdap-1,TMA00317,Abeta-Field,False,False,False,Abeta-Field
fjocbjbl-1,TMA00317,CGRP-Theta,False,False,False,CGRP-Theta
fjofmloo-1,TMA00317,CGRP-Gamma 1,False,False,False,CGRP-Gamma 1
fllhppdb-1,TMA00317,CGRP-Gamma 1,False,False,False,CGRP-Gamma 1
flobghni-1,TMA00317,CGRP-Gamma 2,False,False,False,CGRP-Gamma 2
flonmnek-1,TMA00317,CGRP-Alpha,False,False,False,CGRP-Alpha
fmldklin-1,TMA00317,Nonpeptidergic nociceptors,False,False,False,Nonpeptidergic nociceptors
fmmbfmmn-1,TMA00317,Nonpeptidergic nociceptors,False,False,False,Nonpeptidergic nociceptors
fmmeghig-1,TMA00317,Nonpeptidergic nociceptors,False,False,False,Nonpeptidergic nociceptors
fncmkfnf-1,TMA00317,CGRP-Gamma 1,False,False,False,CGRP-Gamma 1
fncnogal-1,TMA00317,CGRP-Eta,False,False,False,CGRP-Eta
fnfbbkjj-1,TMA00317,CGRP-Epsilion,False,False,False,CGRP-Epsilion
fngcjlol-1,TMA00317,CGRP-Gamma 1,False,False,False,CGRP-Gamma 1
fngdpgce-1,TMA00317,CGRP-Gamma 1,False,False,False,CGRP-Gamma 1
fnhknpki-1,TMA00317,CGRP-Gamma 1,False,False,False,CGRP-Gamma 1
fnjdlfcl-1,TMA00317,CGRP-Eta,False,False,False,CGRP-Eta
fnlcdfhb-1,TMA00317,CGRP-Zeta,False,False,False,CGRP-Zeta
fnlgfpap-1,TMA00317,CGRP-Zeta,False,False,False,CGRP-Zeta
fnljdajd-1,TMA00317,CGRP-Gamma 1,False,False,False,CGRP-Gamma 1
foacocan-1,TMA00317,Abeta-RA-LTMR,False,False,False,Abeta-RA-LTMR
fobnhogf-1,TMA00317,CGRP-Eta,False,False,False,CGRP-Eta
fofmlndi-1,TMA00317,Proprioceptors,False,False,False,Proprioceptors
fppkeebp-1,TMA00317,CGRP-Gamma 1,False,False,False,CGRP-Gamma 1
gaakokoi-1,TMA00317,Nonpeptidergic nociceptors,False,False,False,Nonpeptidergic nociceptors
gabejjmp-1,TMA00317,TrpM8,False,False,False,TrpM8
gabfahma-1,TMA00317,Nonpeptidergic nociceptors,False,False,False,Nonpeptidergic nociceptors
gabgnpgc-1,TMA00317,TrpM8,False,False,False,TrpM8
gabkkkhi-1,TMA00317,CGRP-Beta,False,False,False,CGRP-Beta
gabocbol-1,TMA00317,CGRP-Alpha,False,False,False,CGRP-Alpha
gabphjal-1,TMA00317,Proprioceptors,False,False,False,Proprioceptors
gacakhld-1,TMA00317,Proprioceptors,False,False,False,Proprioceptors
gacbnipl-1,TMA00317,CGRP-Gamma 1,False,False,False,CGRP-Gamma 1
gacciccb-1,TMA00317,CGRP-Gamma 1,False,False,False,CGRP-Gamma 1
gachheag-1,TMA00317,TrpM8,False,False,False,TrpM8
gacnmccd-1,TMA00317,TrpM8,False,False,False,TrpM8
gadkdngl-1,TMA00317,Nonpeptidergic nociceptors,False,False,False,Nonpeptidergic nociceptors
gadlfjco-1,TMA00317,CGRP-Theta,False,False,False,CGRP-Theta
gadlgbfg-1,TMA00317,C-LTMR,False,False,False,C-LTMR
gaedmlch-1,TMA00317,TrpM8,False,False,False,TrpM8
gaehjeco-1,TMA00317,CGRP-Alpha,False,False,False,CGRP-Alpha
gafehpcp-1,TMA00317,CGRP-Theta,False,False,False,CGRP-Theta
gaffjpii-1,TMA00317,CGRP-Beta,False,False,False,CGRP-Beta
gaffpejk-1,TMA00317,CGRP-Gamma 1,False,False,False,CGRP-Gamma 1
gafhhlol-1,TMA00317,CGRP-Gamma 1,False,False,False,CGRP-Gamma 1
gahglmfh-1,TMA00317,CGRP-Gamma 1,False,False,False,CGRP-Gamma 1
gahhbhcg-1,TMA00317,CGRP-Eta,False,False,False,CGRP-Eta
gahinekd-1,TMA00317,CGRP-Eta,False,False,False,CGRP-Eta
gahjdggh-1,TMA00317,TrpM8,False,False,False,TrpM8
gahjkdpe-1,TMA00317,C-LTMR,False,False,False,C-LTMR
gahmniig-1,TMA00317,CGRP-Gamma 2,False,False,False,CGRP-Gamma 2
gajaijhf-1,TMA00317,C-LTMR,False,False,False,C-LTMR
gajgkgee-1,TMA00317,Nonpeptidergic nociceptors,False,False,False,Nonpeptidergic nociceptors
gakandgi-1,TMA00317,CGRP-Gamma 1,False,False,False,CGRP-Gamma 1
gakifgag-1,TMA00317,CGRP-Alpha,False,False,False,CGRP-Alpha
gaknoflc-1,TMA00317,Proprioceptors,False,False,False,Proprioceptors
gamahnfb-1,TMA00317,Abeta-RA-LTMR,False,False,False,Abeta-RA-LTMR
gamcbjed-1,TMA00317,C-LTMR,False,False,False,C-LTMR
gamdmcje-1,TMA00317,CGRP-Alpha,False,False,False,CGRP-Alpha
ganacjmd-1,TMA00317,CGRP-Theta,False,False,False,CGRP-Theta
ganhnhgc-1,TMA00317,CGRP-Theta,False,False,False,CGRP-Theta
ganpmobk-1,TMA00317,CGRP-Eta,False,False,False,CGRP-Eta
gaoebjof-1,TMA00317,CGRP-Theta,False,False,False,CGRP-Theta
gaoflbha-1,TMA00317,CGRP-Theta,False,False,False,CGRP-Theta
gaphcnpf-1,TMA00317,CGRP-Gamma 2,False,False,False,CGRP-Gamma 2
gbaaciek-1,TMA00317,CGRP-Eta,False,False,False,CGRP-Eta
gbbgmmdj-1,TMA00317,Nonpeptidergic nociceptors,False,False,False,Nonpeptidergic nociceptors
gbbmchlj-1,TMA00317,CGRP-Alpha,False,False,False,CGRP-Alpha
gbcajomk-1,TMA00317,CGRP-Eta,False,False,False,CGRP-Eta
gbcdiehn-1,TMA00317,Nonpeptidergic nociceptors,False,False,False,Nonpeptidergic nociceptors
gbdfdmkf-1,TMA00317,CGRP-Theta,False,False,False,CGRP-Theta
gbdljdbk-1,TMA00317,CGRP-Theta,False,False,False,CGRP-Theta
gbeeimfk-1,TMA00317,CGRP-Gamma 1,False,False,False,CGRP-Gamma 1
gbegdadi-1,TMA00317,CGRP-Gamma 1,False,False,False,CGRP-Gamma 1
gbipcojk-1,TMA00317,CGRP-Gamma 1,False,False,False,CGRP-Gamma 1
gcaehiop-1,TMA00317,Sst,False,False,False,Sst
gcapefij-1,TMA00317,CGRP-Gamma 1,False,False,False,CGRP-Gamma 1
gcbaoedn-1,TMA00317,Nonpeptidergic nociceptors,False,False,False,Nonpeptidergic nociceptors
gcbpjngl-1,TMA00317,CGRP-Gamma 1,False,False,False,CGRP-Gamma 1
gccjncdc-1,TMA00317,CGRP-Gamma 1,False,False,False,CGRP-Gamma 1
gccldheg-1,TMA00317,CGRP-Beta,False,False,False,CGRP-Beta
gcdbibhl-1,TMA00317,CGRP-Eta,False,False,False,CGRP-Eta
gcdcpphm-1,TMA00317,CGRP-Gamma 1,False,False,False,CGRP-Gamma 1
gcdgfpgb-1,TMA00317,CGRP-Gamma 1,False,False,False,CGRP-Gamma 1
gcdnbfmc-1,TMA00317,CGRP-Alpha,False,False,False,CGRP-Alpha
gcdofllh-1,TMA00317,CGRP-Gamma 1,False,False,False,CGRP-Gamma 1
gcebbfhc-1,TMA00317,CGRP-Gamma 1,False,False,False,CGRP-Gamma 1
gcecejeo-1,TMA00317,Nonpeptidergic nociceptors,False,False,False,Nonpeptidergic nociceptors
gcfomfhb-1,TMA00317,Abeta-RA-LTMR,False,False,False,Abeta-RA-LTMR
gcgiobjm-1,TMA00317,CGRP-Beta,False,False,False,CGRP-Beta
gcgipgic-1,TMA00317,CGRP-Gamma 1,False,False,False,CGRP-Gamma 1
gcgjdlgl-1,TMA00317,CGRP-Gamma 1,False,False,False,CGRP-Gamma 1
gcgkpiac-1,TMA00317,CGRP-Gamma 1,False,False,False,CGRP-Gamma 1
gcgofabl-1,TMA00317,CGRP-Gamma 1,False,False,False,CGRP-Gamma 1
gchcpffa-1,TMA00317,Nonpeptidergic nociceptors,False,False,False,Nonpeptidergic nociceptors
gchfaomc-1,TMA00317,Nonpeptidergic nociceptors,False,False,False,Nonpeptidergic nociceptors
gchgnhkm-1,TMA00317,Nonpeptidergic nociceptors,False,False,False,Nonpeptidergic nociceptors
gchpidmo-1,TMA00317,Nonpeptidergic nociceptors,False,False,False,Nonpeptidergic nociceptors
gciophhd-1,TMA00317,CGRP-Gamma 1,False,False,False,CGRP-Gamma 1
gckhanon-1,TMA00317,Sst,False,False,False,Sst
gckhbmmc-1,TMA00317,Sst,False,False,False,Sst
gckkfioc-1,TMA00317,CGRP-Beta,False,False,False,CGRP-Beta
gckliifc-1,TMA00317,CGRP-Alpha,False,False,False,CGRP-Alpha
gckncacg-1,TMA00317,CGRP-Gamma 1,False,False,False,CGRP-Gamma 1
gcmackko-1,TMA00317,CGRP-Alpha,False,False,False,CGRP-Alpha
gcmbgjen-1,TMA00317,CGRP-Gamma 1,False,False,False,CGRP-Gamma 1
gcmjpalg-1,TMA00317,CGRP-Gamma 1,False,False,False,CGRP-Gamma 1
gcnaloii-1,TMA00317,Proprioceptors,False,False,False,Proprioceptors
gcofjecj-1,TMA00317,Abeta-RA-LTMR,False,False,False,Abeta-RA-LTMR
gcogpdpc-1,TMA00317,CGRP-Gamma 1,False,False,False,CGRP-Gamma 1
gcomdjgb-1,TMA00317,CGRP-Gamma 1,False,False,False,CGRP-Gamma 1
gdbapfbi-1,TMA00317,Nonpeptidergic nociceptors,False,False,False,Nonpeptidergic nociceptors
gddgmoen-1,TMA00317,CGRP-Gamma 1,False,False,False,CGRP-Gamma 1
gdfikafn-1,TMA00317,CGRP-Eta,False,False,False,CGRP-Eta
gdfmkgoh-1,TMA00317,CGRP-Eta,False,False,False,CGRP-Eta
gdiiceeb-1,TMA00317,CGRP-Gamma 1,False,False,False,CGRP-Gamma 1
gdpmbgff-1,TMA00317,Sst,False,False,False,Sst
geeenmgm-1,TMA00317,CGRP-Gamma 1,False,False,False,CGRP-Gamma 1
gegajmhh-1,TMA00317,CGRP-Gamma 2,False,False,False,CGRP-Gamma 2
gegbllap-1,TMA00317,CGRP-Gamma 1,False,False,False,CGRP-Gamma 1
gfkmncln-1,TMA00317,CGRP-Gamma 1,False,False,False,CGRP-Gamma 1
gfkpncbo-1,TMA00317,CGRP-Gamma 1,False,False,False,CGRP-Gamma 1
gfkppgnl-1,TMA00317,TrpM8,False,False,False,TrpM8
gfncclgi-1,TMA00317,C-LTMR,False,False,False,C-LTMR
gfoanfkn-1,TMA00317,CGRP-Gamma 1,False,False,False,CGRP-Gamma 1
gfokanpf-1,TMA00317,CGRP-Gamma 1,False,False,False,CGRP-Gamma 1
gfolacno-1,TMA00317,CGRP-Gamma 1,False,False,False,CGRP-Gamma 1
gfolpjhd-1,TMA00317,Nonpeptidergic nociceptors,False,False,False,Nonpeptidergic nociceptors
gfomdokd-1,TMA00317,Nonpeptidergic nociceptors,False,False,False,Nonpeptidergic nociceptors
gfomgeik-1,TMA00317,Sst,False,False,False,Sst
gfopliii-1,TMA00317,CGRP-Gamma 1,False,False,False,CGRP-Gamma 1
ghpkflnm-1,TMA00317,Adelta-LTMR,False,False,False,Adelta-LTMR
ghpmphjh-1,TMA00317,Nonpeptidergic nociceptors,False,False,False,Nonpeptidergic nociceptors
ghpnojpm-1,TMA00317,CGRP-Gamma 1,False,False,False,CGRP-Gamma 1
gidkkkcp-1,TMA00317,Proprioceptors,False,False,False,Proprioceptors
giebagmh-1,TMA00317,CGRP-Eta,False,False,False,CGRP-Eta
giedckbd-1,TMA00317,Adelta-LTMR,False,False,False,Adelta-LTMR
gieecbgb-1,TMA00317,CGRP-Gamma 1,False,False,False,CGRP-Gamma 1
gifbmojn-1,TMA00317,Adelta-LTMR,False,False,False,Adelta-LTMR
gifngpbm-1,TMA00317,Abeta-Field,False,False,False,Abeta-Field
gigeokbe-1,TMA00317,Abeta-Field,False,False,False,Abeta-Field
gihgogjh-1,TMA00317,Nonpeptidergic nociceptors,False,False,False,Nonpeptidergic nociceptors
giklalaa-1,TMA00317,CGRP-Eta,False,False,False,CGRP-Eta
gilhnlep-1,TMA00317,CGRP-Gamma 2,False,False,False,CGRP-Gamma 2
gimbkmci-1,TMA00317,CGRP-Eta,False,False,False,CGRP-Eta
gimblmpo-1,TMA00317,CGRP-Gamma 2,True,False,False,CGRP-Gamma 2
gimfmeea-1,TMA00317,CGRP-Epsilion,False,False,False,CGRP-Epsilion
gjcabacl-1,TMA00317,Nonpeptidergic nociceptors,False,False,False,Nonpeptidergic nociceptors
gjcbombk-1,TMA00317,C-LTMR,False,False,False,C-LTMR
gjcelneo-1,TMA00317,Abeta-Field,False,False,False,Abeta-Field
gjcmonbe-1,TMA00317,Nonpeptidergic nociceptors,False,False,False,Nonpeptidergic nociceptors
gjdhmldd-1,TMA00317,Nonpeptidergic nociceptors,False,False,False,Nonpeptidergic nociceptors
gjdjpokn-1,TMA00317,Nonpeptidergic nociceptors,False,False,False,Nonpeptidergic nociceptors
gjdkecii-1,TMA00317,Nonpeptidergic nociceptors,False,False,False,Nonpeptidergic nociceptors
gjebjhdp-1,TMA00317,CGRP-Gamma 1,False,False,False,CGRP-Gamma 1
gjecnnhg-1,TMA00317,C-LTMR,False,False,False,C-LTMR
gjeddbgk-1,TMA00317,Nonpeptidergic nociceptors,False,False,False,Nonpeptidergic nociceptors
gjefdnkj-1,TMA00317,CGRP-Gamma 1,False,False,False,CGRP-Gamma 1
gjlbfdfg-1,TMA00317,C-LTMR,False,False,False,C-LTMR
gkgdfkmk-1,TMA00317,Nonpeptidergic nociceptors,False,False,False,Nonpeptidergic nociceptors
gkgeiibm-1,TMA00317,CGRP-Eta,False,False,False,CGRP-Eta
gkhopmac-1,TMA00317,CGRP-Zeta,False,False,False,CGRP-Zeta
gkikikhp-1,TMA00317,CGRP-Zeta,False,False,False,CGRP-Zeta
gkjhfgdf-1,TMA00317,Abeta-Field,False,False,False,Abeta-Field
gkjlhmco-1,TMA00317,TrpM8,False,False,False,TrpM8
gkkjgclk-1,TMA00317,TrpM8,False,False,False,TrpM8
gkkkfmdf-1,TMA00317,TrpM8,False,False,False,TrpM8
gklfkkbb-1,TMA00317,CGRP-Theta,False,False,False,CGRP-Theta
gkmandeg-1,TMA00317,Abeta-Field,False,False,False,Abeta-Field
gkpdjoko-1,TMA00317,Nonpeptidergic nociceptors,False,False,False,Nonpeptidergic nociceptors
gkpndkca-1,TMA00317,Sst,False,False,False,Sst
gkppjfbb-1,TMA00317,Sst,False,False,False,Sst
glaccbja-1,TMA00317,Nonpeptidergic nociceptors,False,False,False,Nonpeptidergic nociceptors
glalifca-1,TMA00317,CGRP-Eta,False,False,False,CGRP-Eta
glaopjbm-1,TMA00317,C-LTMR,False,False,False,C-LTMR
glaphkmg-1,TMA00317,Nonpeptidergic nociceptors,False,False,False,Nonpeptidergic nociceptors
glbfoccl-1,TMA00317,Nonpeptidergic nociceptors,False,False,False,Nonpeptidergic nociceptors
glbhmlag-1,TMA00317,Sst,False,False,False,Sst
glbjehoa-1,TMA00317,Nonpeptidergic nociceptors,False,False,False,Nonpeptidergic nociceptors
glbkcbdf-1,TMA00317,CGRP-Theta,False,False,False,CGRP-Theta
glblhffc-1,TMA00317,C-LTMR,False,False,False,C-LTMR
glcfmmio-1,TMA00317,Nonpeptidergic nociceptors,False,False,False,Nonpeptidergic nociceptors
glchcljj-1,TMA00317,Nonpeptidergic nociceptors,False,False,False,Nonpeptidergic nociceptors
glcpdhng-1,TMA00317,Nonpeptidergic nociceptors,False,False,False,Nonpeptidergic nociceptors
gldbhoha-1,TMA00317,Nonpeptidergic nociceptors,False,False,False,Nonpeptidergic nociceptors
gldfhjkd-1,TMA00317,CGRP-Theta,False,False,False,CGRP-Theta
gldgpnjo-1,TMA00317,Nonpeptidergic nociceptors,False,False,False,Nonpeptidergic nociceptors
gldkoekp-1,TMA00317,Nonpeptidergic nociceptors,False,False,False,Nonpeptidergic nociceptors
gldmcbbp-1,TMA00317,C-LTMR,False,False,False,C-LTMR
glfbkkjd-1,TMA00317,Nonpeptidergic nociceptors,False,False,False,Nonpeptidergic nociceptors
glfefean-1,TMA00317,CGRP-Eta,False,False,False,CGRP-Eta
glfhhjdl-1,TMA00317,CGRP-Eta,False,False,False,CGRP-Eta
glhcahgc-1,TMA00317,CGRP-Theta,False,False,False,CGRP-Theta
glhfiafi-1,TMA00317,Proprioceptors,False,False,False,Proprioceptors
glhfmpea-1,TMA00317,CGRP-Eta,False,False,False,CGRP-Eta
glhhcfdh-1,TMA00317,C-LTMR,False,False,False,C-LTMR
glilckbj-1,TMA00317,CGRP-Theta,False,False,False,CGRP-Theta
glipkaen-1,TMA00317,Nonpeptidergic nociceptors,False,False,False,Nonpeptidergic nociceptors
gljfofdk-1,TMA00317,Sst,False,False,False,Sst
gljjbeid-1,TMA00317,Nonpeptidergic nociceptors,False,False,False,Nonpeptidergic nociceptors
gljnplbd-1,TMA00317,Nonpeptidergic nociceptors,False,False,False,Nonpeptidergic nociceptors
glkegoll-1,TMA00317,Abeta-RA-LTMR,False,False,False,Abeta-RA-LTMR
glkgflop-1,TMA00317,Nonpeptidergic nociceptors,False,False,False,Nonpeptidergic nociceptors
glklakbp-1,TMA00317,Nonpeptidergic nociceptors,False,False,False,Nonpeptidergic nociceptors
glklbhcj-1,TMA00317,CGRP-Theta,False,False,False,CGRP-Theta
glkpjaap-1,TMA00317,CGRP-Theta,False,False,False,CGRP-Theta
glldcbdc-1,TMA00317,CGRP-Zeta,False,False,False,CGRP-Zeta
gllghnph-1,TMA00317,Sst,False,False,False,Sst
glmmhpoo-1,TMA00317,Nonpeptidergic nociceptors,False,False,False,Nonpeptidergic nociceptors
glmmnmik-1,TMA00317,CGRP-Zeta,False,False,False,CGRP-Zeta
glncifej-1,TMA00317,CGRP-Zeta,False,False,False,CGRP-Zeta
glodaoag-1,TMA00317,CGRP-Theta,False,False,False,CGRP-Theta
gloededo-1,TMA00317,Proprioceptors,False,False,False,Proprioceptors
gloelbpd-1,TMA00317,CGRP-Theta,False,False,False,CGRP-Theta
gloiemfg-1,TMA00317,CGRP-Alpha,False,False,False,CGRP-Alpha
gloodpih-1,TMA00317,Proprioceptors,False,False,False,Proprioceptors
glpbllil-1,TMA00317,Abeta-Field,False,False,False,Abeta-Field
glpcbejm-1,TMA00317,Abeta-Field,False,False,False,Abeta-Field
gmakkdlh-1,TMA00317,Abeta-Field,False,False,False,Abeta-Field
gmbagdnm-1,TMA00317,CGRP-Epsilion,False,False,False,CGRP-Epsilion
gmbcoecl-1,TMA00317,Proprioceptors,False,False,False,Proprioceptors
gmcefeeh-1,TMA00317,Abeta-Field,False,False,False,Abeta-Field
gmegpgjo-1,TMA00317,CGRP-Epsilion,False,False,False,CGRP-Epsilion
gmhooojd-1,TMA00317,CGRP-Eta,False,False,False,CGRP-Eta
gmicfhii-1,TMA00317,CGRP-Theta,False,False,False,CGRP-Theta
gmjbhgda-1,TMA00317,Nonpeptidergic nociceptors,False,False,False,Nonpeptidergic nociceptors
gmjjgbbc-1,TMA00317,Sst,False,False,False,Sst
gmjjhhdf-1,TMA00317,Nonpeptidergic nociceptors,False,False,False,Nonpeptidergic nociceptors
gmjonfci-1,TMA00317,Nonpeptidergic nociceptors,False,False,False,Nonpeptidergic nociceptors
gmkblhap-1,TMA00317,Sst,False,False,False,Sst
gmlhkjki-1,TMA00317,Sst,False,False,False,Sst
gmlpklcj-1,TMA00317,Sst,False,False,False,Sst
gmnhjjgb-1,TMA00317,Nonpeptidergic nociceptors,False,False,False,Nonpeptidergic nociceptors
gmoapbgd-1,TMA00317,Nonpeptidergic nociceptors,False,False,False,Nonpeptidergic nociceptors
gmoeimdg-1,TMA00317,Proprioceptors,False,False,False,Proprioceptors
gmooonhb-1,TMA00317,Nonpeptidergic nociceptors,False,False,False,Nonpeptidergic nociceptors
gmpaicjd-1,TMA00317,Nonpeptidergic nociceptors,False,False,False,Nonpeptidergic nociceptors
gmpmeien-1,TMA00317,Proprioceptors,False,False,False,Proprioceptors
gnagmdil-1,TMA00317,Nonpeptidergic nociceptors,False,False,False,Nonpeptidergic nociceptors
gnajlgdp-1,TMA00317,CGRP-Zeta,False,False,False,CGRP-Zeta
gnamhphl-1,TMA00317,CGRP-Alpha,False,False,False,CGRP-Alpha
gnanfdci-1,TMA00317,Sst,False,False,False,Sst
gnbpgdbf-1,TMA00317,Proprioceptors,False,False,False,Proprioceptors
gncdnoeg-1,TMA00317,Proprioceptors,False,False,False,Proprioceptors
gnchindh-1,TMA00317,CGRP-Theta,False,False,False,CGRP-Theta
gncomkce-1,TMA00317,Nonpeptidergic nociceptors,False,False,False,Nonpeptidergic nociceptors
gndbafpb-1,TMA00317,Nonpeptidergic nociceptors,False,False,False,Nonpeptidergic nociceptors
gndfccnh-1,TMA00317,Proprioceptors,False,False,False,Proprioceptors
gndgkkgl-1,TMA00317,Proprioceptors,False,False,False,Proprioceptors
gnefoiai-1,TMA00317,CGRP-Theta,False,False,False,CGRP-Theta
gneiiiki-1,TMA00317,CGRP-Theta,False,False,False,CGRP-Theta
gngikdfl-1,TMA00317,TrpM8,False,False,False,TrpM8
gnifedki-1,TMA00317,Abeta-Field,False,False,False,Abeta-Field
gniihhjd-1,TMA00317,Proprioceptors,False,False,False,Proprioceptors
gnjikoff-1,TMA00317,Nonpeptidergic nociceptors,False,False,False,Nonpeptidergic nociceptors
gnjmeamg-1,TMA00317,C-LTMR,False,False,False,C-LTMR
gnkginll-1,TMA00317,C-LTMR,False,False,False,C-LTMR
gnkmmkbp-1,TMA00317,Sst,False,False,False,Sst
gnknbomj-1,TMA00317,CGRP-Epsilion,False,False,False,CGRP-Epsilion
gnlelogd-1,TMA00317,CGRP-Epsilion,False,False,False,CGRP-Epsilion
gnmdledd-1,TMA00317,CGRP-Theta,False,False,False,CGRP-Theta
gnmeffbg-1,TMA00317,CGRP-Theta,False,False,False,CGRP-Theta
gnnabodb-1,TMA00317,CGRP-Epsilion,False,False,False,CGRP-Epsilion
gnnjheid-1,TMA00317,CGRP-Epsilion,False,False,False,CGRP-Epsilion
gnnoinik-1,TMA00317,CGRP-Zeta,False,False,False,CGRP-Zeta
gnobkaib-1,TMA00317,CGRP-Eta,False,False,False,CGRP-Eta
gnoimmga-1,TMA00317,CGRP-Epsilion,False,False,False,CGRP-Epsilion
gnpacioe-1,TMA00317,CGRP-Alpha,False,False,False,CGRP-Alpha
gnpbeogn-1,TMA00317,Nonpeptidergic nociceptors,False,False,False,Nonpeptidergic nociceptors
gnpmhpbf-1,TMA00317,Nonpeptidergic nociceptors,False,False,False,Nonpeptidergic nociceptors
gnpnfgen-1,TMA00317,Nonpeptidergic nociceptors,False,False,False,Nonpeptidergic nociceptors
goabppnl-1,TMA00317,CGRP-Epsilion,False,False,False,CGRP-Epsilion
goafhjck-1,TMA00317,TrpM8,False,False,False,TrpM8
goajjjeg-1,TMA00317,CGRP-Alpha,False,False,False,CGRP-Alpha
gobljmpe-1,TMA00317,Sst,False,False,False,Sst
goceecbe-1,TMA00317,CGRP-Epsilion,False,False,False,CGRP-Epsilion
gocgkkpe-1,TMA00317,Nonpeptidergic nociceptors,False,False,False,Nonpeptidergic nociceptors
godmbifl-1,TMA00317,Abeta-Field,False,False,False,Abeta-Field
gofcmjjd-1,TMA00317,Nonpeptidergic nociceptors,False,False,False,Nonpeptidergic nociceptors
gofcpefe-1,TMA00317,Nonpeptidergic nociceptors,False,False,False,Nonpeptidergic nociceptors
gofghbbb-1,TMA00317,CGRP-Eta,False,False,False,CGRP-Eta
gogffolm-1,TMA00317,Nonpeptidergic nociceptors,False,False,False,Nonpeptidergic nociceptors
goglljme-1,TMA00317,CGRP-Zeta,False,False,False,CGRP-Zeta
gognlicd-1,TMA00317,CGRP-Zeta,False,False,False,CGRP-Zeta
gohcohlk-1,TMA00317,CGRP-Zeta,False,False,False,CGRP-Zeta
gohefaga-1,TMA00317,CGRP-Eta,False,False,False,CGRP-Eta
gohkngjb-1,TMA00317,CGRP-Alpha,False,False,False,CGRP-Alpha
gohpofmd-1,TMA00317,CGRP-Eta,False,False,False,CGRP-Eta
goiddiga-1,TMA00317,Nonpeptidergic nociceptors,False,False,False,Nonpeptidergic nociceptors
goiggfph-1,TMA00317,CGRP-Eta,False,False,False,CGRP-Eta
goikpdcb-1,TMA00317,Nonpeptidergic nociceptors,False,False,False,Nonpeptidergic nociceptors
gojjlmbo-1,TMA00317,Nonpeptidergic nociceptors,False,False,False,Nonpeptidergic nociceptors
gokaicfj-1,TMA00317,Nonpeptidergic nociceptors,False,False,False,Nonpeptidergic nociceptors
gokhacjo-1,TMA00317,Abeta-RA-LTMR,False,False,False,Abeta-RA-LTMR
goknmggl-1,TMA00317,Nonpeptidergic nociceptors,False,False,False,Nonpeptidergic nociceptors
goladcmk-1,TMA00317,Nonpeptidergic nociceptors,False,False,False,Nonpeptidergic nociceptors
golaggpg-1,TMA00317,Nonpeptidergic nociceptors,False,False,False,Nonpeptidergic nociceptors
golepccd-1,TMA00317,Abeta-Field,False,False,False,Abeta-Field
gomcfaje-1,TMA00317,CGRP-Zeta,False,False,False,CGRP-Zeta
gomhdjjg-1,TMA00317,Nonpeptidergic nociceptors,False,False,False,Nonpeptidergic nociceptors
gomlfdnb-1,TMA00317,Nonpeptidergic nociceptors,False,False,False,Nonpeptidergic nociceptors
gomnfkfi-1,TMA00317,Nonpeptidergic nociceptors,False,False,False,Nonpeptidergic nociceptors
gompicpi-1,TMA00317,Nonpeptidergic nociceptors,False,False,False,Nonpeptidergic nociceptors
gonaaoha-1,TMA00317,Nonpeptidergic nociceptors,False,False,False,Nonpeptidergic nociceptors
gonecnni-1,TMA00317,Nonpeptidergic nociceptors,False,False,False,Nonpeptidergic nociceptors
gonhjjlj-1,TMA00317,Nonpeptidergic nociceptors,False,False,False,Nonpeptidergic nociceptors
gonjpedi-1,TMA00317,Nonpeptidergic nociceptors,False,False,False,Nonpeptidergic nociceptors
gonkpppp-1,TMA00317,Nonpeptidergic nociceptors,False,False,False,Nonpeptidergic nociceptors
gooeidmh-1,TMA00317,Nonpeptidergic nociceptors,False,False,False,Nonpeptidergic nociceptors
gpcinmbd-1,TMA00317,C-LTMR,False,False,False,C-LTMR
gpeafegb-1,TMA00317,Proprioceptors,False,False,False,Proprioceptors
gpehlaki-1,TMA00317,Nonpeptidergic nociceptors,False,False,False,Nonpeptidergic nociceptors
gpfbjoek-1,TMA00317,Nonpeptidergic nociceptors,False,False,False,Nonpeptidergic nociceptors
gpffndgn-1,TMA00317,Sst,False,False,False,Sst
gpghkode-1,TMA00317,Nonpeptidergic nociceptors,False,False,False,Nonpeptidergic nociceptors
gphnjglj-1,TMA00317,C-LTMR,False,False,False,C-LTMR
gpihinla-1,TMA00317,CGRP-Alpha,False,False,False,CGRP-Alpha
gpihmgfk-1,TMA00317,CGRP-Alpha,False,False,False,CGRP-Alpha
gpjahbad-1,TMA00317,Nonpeptidergic nociceptors,False,False,False,Nonpeptidergic nociceptors
gpjdiife-1,TMA00317,Sst,False,False,False,Sst
gpjknnbn-1,TMA00317,Sst,False,False,False,Sst
gpjmbkee-1,TMA00317,C-LTMR,False,False,False,C-LTMR
gpnandod-1,TMA00317,Nonpeptidergic nociceptors,False,False,False,Nonpeptidergic nociceptors
gppmjkba-1,TMA00317,Nonpeptidergic nociceptors,False,False,False,Nonpeptidergic nociceptors
haafflci-1,TMA00317,C-LTMR,False,False,False,C-LTMR
haaichbj-1,TMA00317,C-LTMR,False,False,False,C-LTMR
haaknpkb-1,TMA00317,CGRP-Theta,False,False,False,CGRP-Theta
habcdkep-1,TMA00317,Nonpeptidergic nociceptors,False,False,False,Nonpeptidergic nociceptors
habifigb-1,TMA00317,Nonpeptidergic nociceptors,False,False,False,Nonpeptidergic nociceptors
habjhplb-1,TMA00317,Nonpeptidergic nociceptors,False,False,False,Nonpeptidergic nociceptors
habkidka-1,TMA00317,Nonpeptidergic nociceptors,False,False,False,Nonpeptidergic nociceptors
habojfha-1,TMA00317,Nonpeptidergic nociceptors,False,False,False,Nonpeptidergic nociceptors
hacmboik-1,TMA00317,Nonpeptidergic nociceptors,False,False,False,Nonpeptidergic nociceptors
hadalppa-1,TMA00317,CGRP-Alpha,False,False,False,CGRP-Alpha
hadflifp-1,TMA00317,CGRP-Alpha,False,False,False,CGRP-Alpha
haebmleh-1,TMA00317,C-LTMR,False,False,False,C-LTMR
haelciaj-1,TMA00317,Nonpeptidergic nociceptors,False,False,False,Nonpeptidergic nociceptors
hafkcgjj-1,TMA00317,C-LTMR,False,False,False,C-LTMR
hagmpnhd-1,TMA00317,Abeta-Field,False,False,False,Abeta-Field
hajaanbp-1,TMA00317,Nonpeptidergic nociceptors,False,False,False,Nonpeptidergic nociceptors
hakcjabe-1,TMA00317,Nonpeptidergic nociceptors,False,False,False,Nonpeptidergic nociceptors
hakiamoc-1,TMA00317,Nonpeptidergic nociceptors,False,False,False,Nonpeptidergic nociceptors
haknefhp-1,TMA00317,Nonpeptidergic nociceptors,False,False,False,Nonpeptidergic nociceptors
haknghlg-1,TMA00317,Nonpeptidergic nociceptors,False,False,False,Nonpeptidergic nociceptors
halglibi-1,TMA00317,Sst,False,False,False,Sst
hamdclep-1,TMA00317,CGRP-Zeta,False,False,False,CGRP-Zeta
hamdkapd-1,TMA00317,Sst,False,False,False,Sst
hamfopgk-1,TMA00317,CGRP-Theta,False,False,False,CGRP-Theta
hamkkikc-1,TMA00317,CGRP-Theta,False,False,False,CGRP-Theta
haolcbdb-1,TMA00317,CGRP-Alpha,False,False,False,CGRP-Alpha
hapknjel-1,TMA00317,Sst,False,False,False,Sst
hbapdddo-1,TMA00317,Sst,False,False,False,Sst
hbcbnapo-1,TMA00317,Sst,False,False,False,Sst
hbdjkjgl-1,TMA00317,CGRP-Theta,False,False,False,CGRP-Theta
hbflffbh-1,TMA00317,C-LTMR,False,False,False,C-LTMR
hblmlpin-1,TMA00317,CGRP-Theta,False,False,False,CGRP-Theta
hbmkjiee-1,TMA00317,TrpM8,False,False,False,TrpM8
hbnbfdeh-1,TMA00317,CGRP-Alpha,False,False,False,CGRP-Alpha
hbnebpke-1,TMA00317,Abeta-RA-LTMR,False,False,False,Abeta-RA-LTMR
hbobcnpk-1,TMA00317,TrpM8,False,False,False,TrpM8
hbomnhfe-1,TMA00317,Nonpeptidergic nociceptors,False,False,False,Nonpeptidergic nociceptors
hbpbalak-1,TMA00317,Sst,False,False,False,Sst
hbpjaopi-1,TMA00317,Nonpeptidergic nociceptors,False,False,False,Nonpeptidergic nociceptors
hbpjdjbm-1,TMA00317,CGRP-Alpha,False,False,False,CGRP-Alpha
hcgjkabd-1,TMA00317,Sst,False,False,False,Sst
hchglnce-1,TMA00317,Sst,False,False,False,Sst
hcjgahna-1,TMA00317,CGRP-Theta,False,False,False,CGRP-Theta
hckmgnld-1,TMA00317,Sst,False,False,False,Sst
hcloejik-1,TMA00317,TrpM8,False,False,False,TrpM8
hcpkjkaa-1,TMA00317,CGRP-Gamma 1,False,False,False,CGRP-Gamma 1
hdbkapmc-1,TMA00317,CGRP-Eta,False,False,False,CGRP-Eta
hddcdcag-1,TMA00317,Sst,False,False,False,Sst
hddmmijk-1,TMA00317,Nonpeptidergic nociceptors,False,False,False,Nonpeptidergic nociceptors
hddmochh-1,TMA00317,Nonpeptidergic nociceptors,False,False,False,Nonpeptidergic nociceptors
hdeaeoai-1,TMA00317,Nonpeptidergic nociceptors,False,False,False,Nonpeptidergic nociceptors
hdeihedg-1,TMA00317,Nonpeptidergic nociceptors,False,False,False,Nonpeptidergic nociceptors
hdffebgp-1,TMA00317,Nonpeptidergic nociceptors,False,False,False,Nonpeptidergic nociceptors
hdfhampl-1,TMA00317,Abeta-Field,False,False,False,Abeta-Field
hdgjffnm-1,TMA00317,Nonpeptidergic nociceptors,False,False,False,Nonpeptidergic nociceptors
hdgllhcj-1,TMA00317,CGRP-Theta,False,False,False,CGRP-Theta
hdgplphj-1,TMA00317,Nonpeptidergic nociceptors,False,False,False,Nonpeptidergic nociceptors
hdhaoilb-1,TMA00317,Proprioceptors,False,False,False,Proprioceptors
hdhfnbpb-1,TMA00317,Nonpeptidergic nociceptors,False,False,False,Nonpeptidergic nociceptors
hdhmdckb-1,TMA00317,CGRP-Theta,False,False,False,CGRP-Theta
hdhnpkmk-1,TMA00317,Nonpeptidergic nociceptors,False,False,False,Nonpeptidergic nociceptors
hdicjfck-1,TMA00317,Abeta-RA-LTMR,False,False,False,Abeta-RA-LTMR
hdieggdo-1,TMA00317,Nonpeptidergic nociceptors,False,False,False,Nonpeptidergic nociceptors
hdiemdin-1,TMA00317,Nonpeptidergic nociceptors,False,False,False,Nonpeptidergic nociceptors
hdifhnii-1,TMA00317,Nonpeptidergic nociceptors,False,False,False,Nonpeptidergic nociceptors
hdjnlhia-1,TMA00317,Nonpeptidergic nociceptors,False,False,False,Nonpeptidergic nociceptors
hdlclonk-1,TMA00317,Proprioceptors,False,False,False,Proprioceptors
hdlebcoc-1,TMA00317,CGRP-Theta,False,False,False,CGRP-Theta
hdlfdbib-1,TMA00317,Nonpeptidergic nociceptors,False,False,False,Nonpeptidergic nociceptors
hdliadki-1,TMA00317,Nonpeptidergic nociceptors,False,False,False,Nonpeptidergic nociceptors
hdmhmoki-1,TMA00317,CGRP-Epsilion,False,False,False,CGRP-Epsilion
hdnbjjln-1,TMA00317,CGRP-Theta,False,False,False,CGRP-Theta
hdnienok-1,TMA00317,CGRP-Theta,False,False,False,CGRP-Theta
hdnjmleg-1,TMA00317,C-LTMR,False,False,False,C-LTMR
hdoeeodn-1,TMA00317,Nonpeptidergic nociceptors,False,False,False,Nonpeptidergic nociceptors
hdpijpkm-1,TMA00317,Sst,False,False,False,Sst
hdpjgfed-1,TMA00317,Sst,False,False,False,Sst
healfdfe-1,TMA00317,Sst,False,False,False,Sst
hecpcoec-1,TMA00317,TrpM8,False,False,False,TrpM8
heecmlfi-1,TMA00317,Nonpeptidergic nociceptors,False,False,False,Nonpeptidergic nociceptors
heedbdko-1,TMA00317,Proprioceptors,False,False,False,Proprioceptors
heeeakaa-1,TMA00317,Proprioceptors,False,False,False,Proprioceptors
heeneacm-1,TMA00317,CGRP-Epsilion,False,False,False,CGRP-Epsilion
heffnhfg-1,TMA00317,C-LTMR,False,False,False,C-LTMR
hefmljnk-1,TMA00317,C-LTMR,False,False,False,C-LTMR
hehhamhb-1,TMA00317,CGRP-Alpha,False,False,False,CGRP-Alpha
hejngonn-1,TMA00317,Nonpeptidergic nociceptors,False,False,False,Nonpeptidergic nociceptors
helapjhh-1,TMA00317,CGRP-Eta,False,False,False,CGRP-Eta
higkfhlj-1,TMA00317,Nonpeptidergic nociceptors,False,False,False,Nonpeptidergic nociceptors
hihlnmgj-1,TMA00317,Nonpeptidergic nociceptors,False,False,False,Nonpeptidergic nociceptors
hilacpef-1,TMA00317,Proprioceptors,False,False,False,Proprioceptors
hilmbeem-1,TMA00317,CGRP-Gamma 2,False,False,False,CGRP-Gamma 2
hinnjfem-1,TMA00317,CGRP-Gamma 1,False,False,False,CGRP-Gamma 1
hiogiekf-1,TMA00317,CGRP-Alpha,False,False,False,CGRP-Alpha
hipcdejf-1,TMA00317,CGRP-Gamma 1,False,False,False,CGRP-Gamma 1
hipdjlpp-1,TMA00317,CGRP-Gamma 1,False,False,False,CGRP-Gamma 1
hipegpkj-1,TMA00317,CGRP-Gamma 1,False,True,False,CGRP-Gamma 1
hipkhdgn-1,TMA00317,CGRP-Alpha,False,False,False,CGRP-Alpha
hiplbngo-1,TMA00317,Nonpeptidergic nociceptors,False,False,False,Nonpeptidergic nociceptors
hjaaimip-1,TMA00317,CGRP-Gamma 1,False,False,False,CGRP-Gamma 1
hjadmcim-1,TMA00317,Sst,False,False,False,Sst
hjagljib-1,TMA00317,Sst,False,False,False,Sst
hjccbfom-1,TMA00317,Nonpeptidergic nociceptors,False,False,False,Nonpeptidergic nociceptors
hjcdcnhm-1,TMA00317,CGRP-Gamma 1,False,False,False,CGRP-Gamma 1
hjchmdhm-1,TMA00317,CGRP-Alpha,False,False,False,CGRP-Alpha
hjcljjip-1,TMA00317,CGRP-Gamma 2,False,False,False,CGRP-Gamma 2
hjenbfce-1,TMA00317,Sst,False,False,False,Sst
hjgebdlm-1,TMA00317,Abeta-Field,False,False,False,Abeta-Field
hjhjpekj-1,TMA00317,Nonpeptidergic nociceptors,False,False,False,Nonpeptidergic nociceptors
hjmdlkaf-1,TMA00317,CGRP-Beta,False,False,False,CGRP-Beta
hjolkodl-1,TMA00317,C-LTMR,False,False,False,C-LTMR
hjondddn-1,TMA00317,Nonpeptidergic nociceptors,False,False,False,Nonpeptidergic nociceptors
hkaejkac-1,TMA00317,CGRP-Theta,False,False,False,CGRP-Theta
hkagpnbp-1,TMA00317,CGRP-Gamma 1,False,False,False,CGRP-Gamma 1
hkaodflj-1,TMA00317,CGRP-Theta,False,False,False,CGRP-Theta
hkapehih-1,TMA00317,CGRP-Theta,False,False,False,CGRP-Theta
hkbgfeon-1,TMA00317,C-LTMR,False,False,False,C-LTMR
hkcichog-1,TMA00317,CGRP-Theta,False,False,False,CGRP-Theta
hkcjfifm-1,TMA00317,CGRP-Theta,False,False,False,CGRP-Theta
hkdnpbgi-1,TMA00317,Nonpeptidergic nociceptors,False,False,False,Nonpeptidergic nociceptors
hkedgdkd-1,TMA00317,TrpM8,False,False,False,TrpM8
hkefofog-1,TMA00317,CGRP-Gamma 1,False,False,False,CGRP-Gamma 1
hkeochgb-1,TMA00317,Abeta-RA-LTMR,False,False,False,Abeta-RA-LTMR
hkephhkg-1,TMA00317,Proprioceptors,False,False,False,Proprioceptors
hkfbedke-1,TMA00317,Proprioceptors,False,False,False,Proprioceptors
hkflbcod-1,TMA00317,Nonpeptidergic nociceptors,False,False,False,Nonpeptidergic nociceptors
hkfngmhb-1,TMA00317,Sst,False,False,False,Sst
hkgfpmpa-1,TMA00317,Abeta-Field,False,False,False,Abeta-Field
hkhhbnma-1,TMA00317,CGRP-Gamma 1,False,False,False,CGRP-Gamma 1
hkhiankg-1,TMA00317,CGRP-Zeta,False,False,False,CGRP-Zeta
hkhojdip-1,TMA00317,CGRP-Gamma 1,False,False,False,CGRP-Gamma 1
hkiigjmg-1,TMA00317,CGRP-Eta,False,False,False,CGRP-Eta
hkikphlb-1,TMA00317,CGRP-Eta,False,False,False,CGRP-Eta
hkildgal-1,TMA00317,Abeta-Field,False,False,False,Abeta-Field
hkimkakf-1,TMA00317,CGRP-Eta,False,False,False,CGRP-Eta
hkjkhcmi-1,TMA00317,CGRP-Eta,False,False,False,CGRP-Eta
hkkdhgfn-1,TMA00317,CGRP-Eta,False,False,False,CGRP-Eta
hkkikpad-1,TMA00317,CGRP-Gamma 2,False,False,False,CGRP-Gamma 2
hkkkiodf-1,TMA00317,C-LTMR,False,False,False,C-LTMR
hkkmalcd-1,TMA00317,C-LTMR,False,False,False,C-LTMR
hklhdpag-1,TMA00317,CGRP-Eta,False,False,False,CGRP-Eta
hklhomni-1,TMA00317,CGRP-Eta,False,False,False,CGRP-Eta
hklmhhej-1,TMA00317,CGRP-Epsilion,False,False,False,CGRP-Epsilion
hklmlogo-1,TMA00317,CGRP-Eta,False,False,False,CGRP-Eta
hkmhodci-1,TMA00317,CGRP-Eta,False,False,False,CGRP-Eta
hkmnigfl-1,TMA00317,CGRP-Eta,False,False,False,CGRP-Eta
hknmlmnd-1,TMA00317,CGRP-Eta,False,False,False,CGRP-Eta
hkolnigd-1,TMA00317,CGRP-Eta,False,False,False,CGRP-Eta
hlbgkcjn-1,TMA00317,CGRP-Alpha,False,False,False,CGRP-Alpha
hlbkeipe-1,TMA00317,Nonpeptidergic nociceptors,False,False,False,Nonpeptidergic nociceptors
hlcibjgj-1,TMA00317,Nonpeptidergic nociceptors,False,False,False,Nonpeptidergic nociceptors
hlelbboi-1,TMA00317,Nonpeptidergic nociceptors,False,False,False,Nonpeptidergic nociceptors
hlelplfb-1,TMA00317,CGRP-Eta,False,False,False,CGRP-Eta
hlfbfgbg-1,TMA00317,Sst,False,False,False,Sst
hlffcnkp-1,TMA00317,Sst,False,False,False,Sst
hlghfcoj-1,TMA00317,CGRP-Gamma 1,False,False,False,CGRP-Gamma 1
hlhmbfna-1,TMA00317,TrpM8,False,False,False,TrpM8
hlhnfnhh-1,TMA00317,CGRP-Beta,False,False,False,CGRP-Beta
hlhpmpgh-1,TMA00317,CGRP-Gamma 1,False,False,False,CGRP-Gamma 1
hlikfkjc-1,TMA00317,CGRP-Gamma 1,False,False,False,CGRP-Gamma 1
hlimlkad-1,TMA00317,CGRP-Eta,False,False,False,CGRP-Eta
hlkgejmi-1,TMA00317,CGRP-Gamma 2,False,False,False,CGRP-Gamma 2
hlkggdlh-1,TMA00317,CGRP-Alpha,False,False,False,CGRP-Alpha
hlkgngfp-1,TMA00317,CGRP-Gamma 1,False,False,False,CGRP-Gamma 1
hlkhllad-1,TMA00317,CGRP-Eta,False,False,False,CGRP-Eta
hlkhnpie-1,TMA00317,CGRP-Gamma 1,False,False,False,CGRP-Gamma 1
hllaepia-1,TMA00317,CGRP-Zeta,False,False,False,CGRP-Zeta
hllomdgn-1,TMA00317,TrpM8,False,False,False,TrpM8
hlnkokap-1,TMA00317,Sst,False,False,False,Sst
hlnplcca-1,TMA00317,C-LTMR,False,False,False,C-LTMR
hlofgeii-1,TMA00317,Sst,False,False,False,Sst
hloimgmd-1,TMA00317,CGRP-Alpha,False,False,False,CGRP-Alpha
hloomljd-1,TMA00317,CGRP-Alpha,False,False,False,CGRP-Alpha
hlopfmkf-1,TMA00317,TrpM8,False,False,False,TrpM8
hlpchecf-1,TMA00317,Nonpeptidergic nociceptors,False,False,False,Nonpeptidergic nociceptors
hlplbpoh-1,TMA00317,CGRP-Alpha,False,False,False,CGRP-Alpha
hlplfaih-1,TMA00317,CGRP-Alpha,False,False,False,CGRP-Alpha
hmagknbe-1,TMA00317,CGRP-Alpha,False,False,False,CGRP-Alpha
hmajpfkn-1,TMA00317,C-LTMR,False,False,False,C-LTMR
hmampabe-1,TMA00317,CGRP-Gamma 1,False,False,False,CGRP-Gamma 1
hmbcikom-1,TMA00317,Sst,False,False,False,Sst
hmbckbjk-1,TMA00317,Sst,False,False,False,Sst
hmbgghne-1,TMA00317,CGRP-Gamma 1,False,False,False,CGRP-Gamma 1
hmbolbbn-1,TMA00317,TrpM8,False,False,False,TrpM8
hmcdlcdi-1,TMA00317,CGRP-Gamma 1,False,False,False,CGRP-Gamma 1
hmcjiklo-1,TMA00317,CGRP-Gamma 1,False,False,False,CGRP-Gamma 1
hmcpeklp-1,TMA00317,TrpM8,False,False,False,TrpM8
hmdfbpog-1,TMA00317,CGRP-Gamma 1,False,False,False,CGRP-Gamma 1
hmdficpp-1,TMA00317,CGRP-Eta,False,False,False,CGRP-Eta
hmeflkcn-1,TMA00317,TrpM8,False,False,False,TrpM8
hmegbhoo-1,TMA00317,TrpM8,False,False,False,TrpM8
hmembfhp-1,TMA00317,CGRP-Alpha,False,False,False,CGRP-Alpha
hmemenpb-1,TMA00317,CGRP-Eta,False,False,False,CGRP-Eta
hmffpadk-1,TMA00317,CGRP-Alpha,False,False,False,CGRP-Alpha
hmfgjflp-1,TMA00317,Sst,False,False,False,Sst
hmfjmloc-1,TMA00317,CGRP-Gamma 2,False,False,False,CGRP-Gamma 2
hmflldid-1,TMA00317,Sst,False,False,False,Sst
hmfnlnbj-1,TMA00317,Sst,False,False,False,Sst
hmgfcgna-1,TMA00317,TrpM8,False,False,False,TrpM8
hmggdjoo-1,TMA00317,Nonpeptidergic nociceptors,False,False,False,Nonpeptidergic nociceptors
hmgnpnjh-1,TMA00317,CGRP-Gamma 1,False,False,False,CGRP-Gamma 1
hmhdheca-1,TMA00317,CGRP-Gamma 1,False,False,False,CGRP-Gamma 1
hmhhmkbi-1,TMA00317,CGRP-Gamma 1,False,False,False,CGRP-Gamma 1
hmiacfei-1,TMA00317,CGRP-Gamma 1,False,False,False,CGRP-Gamma 1
hmibfebp-1,TMA00317,CGRP-Gamma 1,False,False,False,CGRP-Gamma 1
hmibkjkg-1,TMA00317,Nonpeptidergic nociceptors,False,False,False,Nonpeptidergic nociceptors
hmjcofka-1,TMA00317,Nonpeptidergic nociceptors,False,False,False,Nonpeptidergic nociceptors
hmjgagkj-1,TMA00317,CGRP-Gamma 1,False,False,False,CGRP-Gamma 1
hmjhegph-1,TMA00317,Nonpeptidergic nociceptors,False,False,False,Nonpeptidergic nociceptors
hmjhoafe-1,TMA00317,Adelta-LTMR,False,False,False,Adelta-LTMR
hmjmefon-1,TMA00317,CGRP-Eta,False,False,False,CGRP-Eta
hmkielhn-1,TMA00317,CGRP-Gamma 1,False,False,False,CGRP-Gamma 1
hmkjichh-1,TMA00317,TrpM8,False,False,False,TrpM8
hmlcofpl-1,TMA00317,CGRP-Gamma 1,False,False,False,CGRP-Gamma 1
hmlicpao-1,TMA00317,Nonpeptidergic nociceptors,False,False,False,Nonpeptidergic nociceptors
hmlokjdi-1,TMA00317,C-LTMR,True,False,False,C-LTMR
hmlphedb-1,TMA00317,C-LTMR,False,False,False,C-LTMR
hmmcaobd-1,TMA00317,C-LTMR,False,False,False,C-LTMR
hmmcfehd-1,TMA00317,Nonpeptidergic nociceptors,False,False,False,Nonpeptidergic nociceptors
hmmdmddm-1,TMA00317,Nonpeptidergic nociceptors,False,False,False,Nonpeptidergic nociceptors
hmmeadja-1,TMA00317,Adelta-LTMR,False,False,False,Adelta-LTMR
hmmklofk-1,TMA00317,TrpM8,False,False,False,TrpM8
hmnipaal-1,TMA00317,CGRP-Eta,False,False,False,CGRP-Eta
hmoaggei-1,TMA00317,CGRP-Zeta,False,False,False,CGRP-Zeta
hmodfplc-1,TMA00317,CGRP-Gamma 2,False,False,False,CGRP-Gamma 2
hmooknle-1,TMA00317,CGRP-Theta,False,False,False,CGRP-Theta
hmpggigd-1,TMA00317,CGRP-Alpha,False,False,False,CGRP-Alpha
hnbobbge-1,TMA00317,CGRP-Alpha,False,False,False,CGRP-Alpha
hndigjla-1,TMA00317,CGRP-Zeta,False,False,False,CGRP-Zeta
hndjpbch-1,TMA00317,CGRP-Zeta,False,False,False,CGRP-Zeta
hndlpjen-1,TMA00317,Sst,False,False,False,Sst
hneemgnn-1,TMA00317,CGRP-Zeta,False,False,False,CGRP-Zeta
hngcnplo-1,TMA00317,Nonpeptidergic nociceptors,False,False,False,Nonpeptidergic nociceptors
hngfdjjj-1,TMA00317,Proprioceptors,False,False,False,Proprioceptors
hngjfhlc-1,TMA00317,Sst,False,False,False,Sst
hngmdfdc-1,TMA00317,CGRP-Gamma 1,False,False,False,CGRP-Gamma 1
hngmlgdj-1,TMA00317,Nonpeptidergic nociceptors,False,False,False,Nonpeptidergic nociceptors
hngobnfp-1,TMA00317,Nonpeptidergic nociceptors,False,False,False,Nonpeptidergic nociceptors
hngomilc-1,TMA00317,C-LTMR,False,False,False,C-LTMR
hnhaejgo-1,TMA00317,Adelta-LTMR,False,False,False,Adelta-LTMR
hnhfnhhd-1,TMA00317,CGRP-Gamma 1,False,False,False,CGRP-Gamma 1
hnhhghhg-1,TMA00317,CGRP-Gamma 1,False,False,False,CGRP-Gamma 1
hnhoppee-1,TMA00317,TrpM8,False,False,False,TrpM8
hniaddfg-1,TMA00317,Adelta-LTMR,False,False,False,Adelta-LTMR
hnipaefm-1,TMA00317,CGRP-Zeta,False,False,False,CGRP-Zeta
hnjeoekn-1,TMA00317,Abeta-RA-LTMR,False,False,False,Abeta-RA-LTMR
hnjepjbk-1,TMA00317,Nonpeptidergic nociceptors,False,False,False,Nonpeptidergic nociceptors
hnjgfjfn-1,TMA00317,Abeta-Field,False,False,False,Abeta-Field
hnjndbgj-1,TMA00317,Proprioceptors,False,False,False,Proprioceptors
hnkbpfcp-1,TMA00317,CGRP-Gamma 2,False,False,False,CGRP-Gamma 2
hnkejoae-1,TMA00317,CGRP-Gamma 1,False,False,False,CGRP-Gamma 1
hnlcfioi-1,TMA00317,CGRP-Gamma 1,False,False,False,CGRP-Gamma 1
hnlfhlhg-1,TMA00317,Nonpeptidergic nociceptors,False,False,False,Nonpeptidergic nociceptors
hnneiheo-1,TMA00317,CGRP-Eta,False,False,False,CGRP-Eta
hnnpimmg-1,TMA00317,CGRP-Gamma 1,False,False,False,CGRP-Gamma 1
hnoenfnm-1,TMA00317,Nonpeptidergic nociceptors,False,False,False,Nonpeptidergic nociceptors
hnogbbck-1,TMA00317,C-LTMR,False,False,False,C-LTMR
hnoghmin-1,TMA00317,Nonpeptidergic nociceptors,False,False,False,Nonpeptidergic nociceptors
hnpelcnp-1,TMA00317,Nonpeptidergic nociceptors,False,False,False,Nonpeptidergic nociceptors
hnpfccie-1,TMA00317,Nonpeptidergic nociceptors,False,False,False,Nonpeptidergic nociceptors
hoaecfjm-1,TMA00317,Nonpeptidergic nociceptors,False,False,False,Nonpeptidergic nociceptors
hoafefpm-1,TMA00317,C-LTMR,False,False,False,C-LTMR
hoakdohp-1,TMA00317,CGRP-Gamma 1,False,False,False,CGRP-Gamma 1
hoaojdnb-1,TMA00317,Nonpeptidergic nociceptors,False,False,False,Nonpeptidergic nociceptors
hoapooej-1,TMA00317,Nonpeptidergic nociceptors,False,False,False,Nonpeptidergic nociceptors
hobblcic-1,TMA00317,C-LTMR,False,False,False,C-LTMR
hobcappj-1,TMA00317,Nonpeptidergic nociceptors,False,False,False,Nonpeptidergic nociceptors
hobmmanj-1,TMA00317,C-LTMR,False,False,False,C-LTMR
hoccjjkp-1,TMA00317,Nonpeptidergic nociceptors,False,False,False,Nonpeptidergic nociceptors
hociiaid-1,TMA00317,Nonpeptidergic nociceptors,False,False,False,Nonpeptidergic nociceptors
hociifhk-1,TMA00317,Nonpeptidergic nociceptors,False,False,False,Nonpeptidergic nociceptors
hocjghgl-1,TMA00317,CGRP-Gamma 1,False,False,False,CGRP-Gamma 1
hocjjcpg-1,TMA00317,Nonpeptidergic nociceptors,False,False,False,Nonpeptidergic nociceptors
hocmlhgj-1,TMA00317,CGRP-Gamma 2,False,False,False,CGRP-Gamma 2
hodjobkh-1,TMA00317,Abeta-Field,False,False,False,Abeta-Field
hodmbljk-1,TMA00317,CGRP-Gamma 1,False,False,False,CGRP-Gamma 1
hoecjeej-1,TMA00317,CGRP-Gamma 1,False,False,False,CGRP-Gamma 1
hoekgkbp-1,TMA00317,CGRP-Gamma 2,False,False,False,CGRP-Gamma 2
hofajkkp-1,TMA00317,CGRP-Theta,False,False,False,CGRP-Theta
hofbelko-1,TMA00317,CGRP-Eta,False,False,False,CGRP-Eta
hofehcon-1,TMA00317,CGRP-Eta,False,False,False,CGRP-Eta
hoffidbl-1,TMA00317,CGRP-Eta,False,False,False,CGRP-Eta
hofjefme-1,TMA00317,Nonpeptidergic nociceptors,False,False,False,Nonpeptidergic nociceptors
hogbfacn-1,TMA00317,Proprioceptors,False,False,False,Proprioceptors
hogeille-1,TMA00317,Nonpeptidergic nociceptors,False,False,False,Nonpeptidergic nociceptors
hoggbban-1,TMA00317,CGRP-Gamma 1,False,False,False,CGRP-Gamma 1
hoiehcpi-1,TMA00317,Nonpeptidergic nociceptors,False,False,False,Nonpeptidergic nociceptors
hoiekfpi-1,TMA00317,Nonpeptidergic nociceptors,False,False,False,Nonpeptidergic nociceptors
hoigijce-1,TMA00317,Nonpeptidergic nociceptors,False,False,False,Nonpeptidergic nociceptors
hoiihmaj-1,TMA00317,TrpM8,False,False,False,TrpM8
hojapdnp-1,TMA00317,CGRP-Gamma 2,False,False,False,CGRP-Gamma 2
hojbmlko-1,TMA00317,CGRP-Eta,False,False,False,CGRP-Eta
hojjadag-1,TMA00317,CGRP-Zeta,False,False,False,CGRP-Zeta
hokambel-1,TMA00317,CGRP-Zeta,False,False,False,CGRP-Zeta
hokchpgh-1,TMA00317,Sst,False,False,False,Sst
hoklmkpp-1,TMA00317,CGRP-Alpha,False,False,False,CGRP-Alpha
homeclep-1,TMA00317,CGRP-Gamma 2,False,False,False,CGRP-Gamma 2
homgplfh-1,TMA00317,C-LTMR,False,False,False,C-LTMR
hompppmp-1,TMA00317,Nonpeptidergic nociceptors,False,False,False,Nonpeptidergic nociceptors
honbgomo-1,TMA00317,Nonpeptidergic nociceptors,False,False,False,Nonpeptidergic nociceptors
honebakp-1,TMA00317,Nonpeptidergic nociceptors,False,False,False,Nonpeptidergic nociceptors
honhfppi-1,TMA00317,Sst,False,False,False,Sst
hononopm-1,TMA00317,Sst,False,False,False,Sst
hooekaoo-1,TMA00317,CGRP-Eta,False,False,False,CGRP-Eta
hookegko-1,TMA00317,CGRP-Gamma 1,False,False,False,CGRP-Gamma 1
hoomniac-1,TMA00317,CGRP-Gamma 1,False,False,False,CGRP-Gamma 1
hopabkpe-1,TMA00317,CGRP-Gamma 1,False,False,False,CGRP-Gamma 1
hopnijjl-1,TMA00317,CGRP-Gamma 1,False,False,False,CGRP-Gamma 1
hopnobha-1,TMA00317,CGRP-Gamma 1,False,False,False,CGRP-Gamma 1
hpaeffpj-1,TMA00317,Sst,False,False,False,Sst
hpajbhnm-1,TMA00317,Sst,False,False,False,Sst
hpbbmgdl-1,TMA00317,CGRP-Eta,False,False,False,CGRP-Eta
hpbfdmhi-1,TMA00317,Sst,False,False,False,Sst
hpbhdecg-1,TMA00317,Nonpeptidergic nociceptors,False,False,False,Nonpeptidergic nociceptors
hpbijing-1,TMA00317,Nonpeptidergic nociceptors,False,False,False,Nonpeptidergic nociceptors
hpbkiekf-1,TMA00317,CGRP-Gamma 1,False,False,False,CGRP-Gamma 1
hpbmfain-1,TMA00317,CGRP-Zeta,False,False,False,CGRP-Zeta
hpcnfcpc-1,TMA00317,Nonpeptidergic nociceptors,False,False,False,Nonpeptidergic nociceptors
hpdghkdm-1,TMA00317,CGRP-Gamma 1,False,False,False,CGRP-Gamma 1
hpdglgde-1,TMA00317,CGRP-Theta,False,False,False,CGRP-Theta
hpdjolke-1,TMA00317,CGRP-Alpha,False,False,False,CGRP-Alpha
hpebplje-1,TMA00317,C-LTMR,False,False,False,C-LTMR
hpechhjn-1,TMA00317,CGRP-Beta,False,False,False,CGRP-Beta
hpeckopf-1,TMA00317,CGRP-Alpha,False,False,False,CGRP-Alpha
hpedceak-1,TMA00317,CGRP-Alpha,False,False,False,CGRP-Alpha
hpehbjjf-1,TMA00317,CGRP-Theta,False,False,False,CGRP-Theta
hpekglmg-1,TMA00317,CGRP-Theta,False,False,False,CGRP-Theta
hpeohhnn-1,TMA00317,Nonpeptidergic nociceptors,False,False,False,Nonpeptidergic nociceptors
hpeolpkf-1,TMA00317,CGRP-Gamma 1,False,False,False,CGRP-Gamma 1
hpfbgnch-1,TMA00317,CGRP-Eta,False,False,False,CGRP-Eta
hpfekhia-1,TMA00317,CGRP-Alpha,False,False,False,CGRP-Alpha
hpgpdjmi-1,TMA00317,CGRP-Alpha,False,False,False,CGRP-Alpha
hphiiafd-1,TMA00317,CGRP-Gamma 1,False,False,False,CGRP-Gamma 1
hphlllgc-1,TMA00317,TrpM8,False,False,False,TrpM8
hphnipnp-1,TMA00317,CGRP-Gamma 1,False,False,False,CGRP-Gamma 1
hplndend-1,TMA00317,CGRP-Gamma 1,False,False,False,CGRP-Gamma 1
hpmeifgn-1,TMA00317,Sst,False,False,False,Sst
hpmfohjo-1,TMA00317,C-LTMR,False,False,False,C-LTMR
hpmgadlk-1,TMA00317,CGRP-Gamma 1,False,False,False,CGRP-Gamma 1
hpmjdend-1,TMA00317,CGRP-Gamma 1,False,False,False,CGRP-Gamma 1
hpmmddhf-1,TMA00317,CGRP-Eta,False,False,False,CGRP-Eta
hpmomkjo-1,TMA00317,CGRP-Eta,False,False,False,CGRP-Eta
hpnphgem-1,TMA00317,CGRP-Gamma 1,False,False,False,CGRP-Gamma 1
hpoaogeo-1,TMA00317,TrpM8,False,False,False,TrpM8
iabidnpm-1,TMA00317,CGRP-Beta,False,False,False,CGRP-Beta
iacbcpog-1,TMA00317,CGRP-Eta,False,False,False,CGRP-Eta
iadkkncc-1,TMA00317,CGRP-Gamma 1,False,False,False,CGRP-Gamma 1
iadlackg-1,TMA00317,CGRP-Gamma 1,False,False,False,CGRP-Gamma 1
iadmfiia-1,TMA00317,CGRP-Gamma 1,False,False,False,CGRP-Gamma 1
iadmlgih-1,TMA00317,CGRP-Gamma 1,False,False,False,CGRP-Gamma 1
iadpejab-1,TMA00317,CGRP-Gamma 1,False,False,False,CGRP-Gamma 1
iaenajdf-1,TMA00317,C-LTMR,False,False,False,C-LTMR
iaenhomi-1,TMA00317,CGRP-Zeta,False,False,False,CGRP-Zeta
iaeoceac-1,TMA00317,CGRP-Gamma 1,False,False,False,CGRP-Gamma 1
iafeijnn-1,TMA00317,CGRP-Eta,False,False,False,CGRP-Eta
iafiidic-1,TMA00317,CGRP-Eta,False,False,False,CGRP-Eta
iafocnni-1,TMA00317,Abeta-Field,False,False,False,Abeta-Field
iafoebmh-1,TMA00317,CGRP-Gamma 1,False,False,False,CGRP-Gamma 1
iafpdcim-1,TMA00317,CGRP-Gamma 1,False,False,False,CGRP-Gamma 1
iaggajgi-1,TMA00317,CGRP-Eta,False,False,False,CGRP-Eta
iagngiop-1,TMA00317,CGRP-Gamma 1,False,True,False,CGRP-Gamma 1
iagnkdoi-1,TMA00317,Sst,False,True,False,Sst
iagphahn-1,TMA00317,CGRP-Zeta,False,False,False,CGRP-Zeta
iahappao-1,TMA00317,C-LTMR,False,False,False,C-LTMR
iahblnlp-1,TMA00317,Adelta-LTMR,False,False,False,Adelta-LTMR
iahhkmil-1,TMA00317,Adelta-LTMR,False,False,False,Adelta-LTMR
iahkhbok-1,TMA00317,CGRP-Gamma 1,False,False,False,CGRP-Gamma 1
iahokepb-1,TMA00317,CGRP-Gamma 1,False,False,False,CGRP-Gamma 1
iahpnfke-1,TMA00317,Nonpeptidergic nociceptors,False,False,False,Nonpeptidergic nociceptors
iaickomh-1,TMA00317,CGRP-Gamma 1,False,False,False,CGRP-Gamma 1
iaieibcm-1,TMA00317,Nonpeptidergic nociceptors,False,False,False,Nonpeptidergic nociceptors
iajbmhim-1,TMA00317,Proprioceptors,False,False,False,Proprioceptors
iajnedna-1,TMA00317,Nonpeptidergic nociceptors,False,False,False,Nonpeptidergic nociceptors
iakdnagd-1,TMA00317,CGRP-Gamma 2,False,False,False,CGRP-Gamma 2
iakmaecl-1,TMA00317,TrpM8,False,False,False,TrpM8
ialjgagn-1,TMA00317,CGRP-Gamma 1,False,False,False,CGRP-Gamma 1
ialkcglh-1,TMA00317,CGRP-Gamma 1,False,False,False,CGRP-Gamma 1
ialmepii-1,TMA00317,CGRP-Gamma 1,False,False,False,CGRP-Gamma 1
ialnmbcl-1,TMA00317,Abeta-Field,False,False,False,Abeta-Field
iamcgcnl-1,TMA00317,TrpM8,False,False,False,TrpM8
iamgbghd-1,TMA00317,CGRP-Gamma 1,False,False,False,CGRP-Gamma 1
iamglgii-1,TMA00317,TrpM8,False,False,False,TrpM8
iamhlclc-1,TMA00317,CGRP-Gamma 1,False,False,False,CGRP-Gamma 1
ianefcal-1,TMA00317,TrpM8,False,False,False,TrpM8
iannndna-1,TMA00317,CGRP-Gamma 2,False,False,False,CGRP-Gamma 2
iaocjdod-1,TMA00317,CGRP-Gamma 1,False,False,False,CGRP-Gamma 1
iaonmmgh-1,TMA00317,CGRP-Zeta,False,False,False,CGRP-Zeta
iapbbhkc-1,TMA00317,CGRP-Zeta,False,False,False,CGRP-Zeta
iapbkbik-1,TMA00317,CGRP-Theta,False,False,False,CGRP-Theta
iaphakkn-1,TMA00317,CGRP-Gamma 1,False,False,False,CGRP-Gamma 1
iaplhnoi-1,TMA00317,CGRP-Gamma 1,False,False,False,CGRP-Gamma 1
iaplipmi-1,TMA00317,Sst,False,False,False,Sst
ibbaeaob-1,TMA00317,CGRP-Gamma 1,False,False,False,CGRP-Gamma 1
ibcjnkmj-1,TMA00317,CGRP-Eta,False,False,False,CGRP-Eta
ibckdodp-1,TMA00317,CGRP-Gamma 1,False,False,False,CGRP-Gamma 1
ibdpfdhm-1,TMA00317,CGRP-Gamma 1,False,False,False,CGRP-Gamma 1
ibehpaef-1,TMA00317,CGRP-Gamma 1,False,False,False,CGRP-Gamma 1
ibeihflj-1,TMA00317,CGRP-Gamma 1,False,False,False,CGRP-Gamma 1
ibgnpnbh-1,TMA00317,CGRP-Eta,False,False,False,CGRP-Eta
ibgofabe-1,TMA00317,CGRP-Gamma 1,False,False,False,CGRP-Gamma 1
ibhggccg-1,TMA00317,CGRP-Gamma 1,False,False,False,CGRP-Gamma 1
ibkeilef-1,TMA00317,TrpM8,False,False,False,TrpM8
ibkgnbje-1,TMA00317,TrpM8,False,False,False,TrpM8
ibkmdmam-1,TMA00317,CGRP-Alpha,False,False,False,CGRP-Alpha
iblajbch-1,TMA00317,CGRP-Eta,False,False,False,CGRP-Eta
iblfklpf-1,TMA00317,CGRP-Alpha,False,False,False,CGRP-Alpha
ibmkcbob-1,TMA00317,CGRP-Gamma 1,False,False,False,CGRP-Gamma 1
ibmmfcgm-1,TMA00317,CGRP-Alpha,False,False,False,CGRP-Alpha
ibnbmead-1,TMA00317,CGRP-Gamma 1,False,False,False,CGRP-Gamma 1
ibppppco-1,TMA00317,CGRP-Gamma 1,False,False,False,CGRP-Gamma 1
icaalfdl-1,TMA00317,Sst,False,False,False,Sst
icbbpimb-1,TMA00317,CGRP-Gamma 1,False,False,False,CGRP-Gamma 1
icbojdmf-1,TMA00317,CGRP-Gamma 1,False,False,False,CGRP-Gamma 1
iccbacke-1,TMA00317,CGRP-Gamma 1,False,False,False,CGRP-Gamma 1
iccgjnkf-1,TMA00317,CGRP-Beta,False,False,False,CGRP-Beta
iccjafok-1,TMA00317,CGRP-Gamma 1,False,False,False,CGRP-Gamma 1
icfbchig-1,TMA00317,CGRP-Beta,False,False,False,CGRP-Beta
ichfdopn-1,TMA00317,C-LTMR,False,False,False,C-LTMR
icikajjl-1,TMA00317,CGRP-Alpha,False,False,False,CGRP-Alpha
icjgobfo-1,TMA00317,CGRP-Gamma 2,False,False,False,CGRP-Gamma 2
icljnajl-1,TMA00317,CGRP-Zeta,False,False,False,CGRP-Zeta
icmbgook-1,TMA00317,Nonpeptidergic nociceptors,False,False,False,Nonpeptidergic nociceptors
icnbfjgb-1,TMA00317,CGRP-Zeta,False,False,False,CGRP-Zeta
idcnljom-1,TMA00317,CGRP-Gamma 1,False,False,False,CGRP-Gamma 1
idcohfae-1,TMA00317,TrpM8,False,False,False,TrpM8
idddcidb-1,TMA00317,Nonpeptidergic nociceptors,False,False,False,Nonpeptidergic nociceptors
iddefcja-1,TMA00317,CGRP-Gamma 1,False,False,False,CGRP-Gamma 1
idedogdk-1,TMA00317,Nonpeptidergic nociceptors,False,False,False,Nonpeptidergic nociceptors
idgfgfje-1,TMA00317,CGRP-Gamma 1,False,False,False,CGRP-Gamma 1
idgpgdko-1,TMA00317,Nonpeptidergic nociceptors,False,False,False,Nonpeptidergic nociceptors
iedcncmg-1,TMA00317,Nonpeptidergic nociceptors,False,False,False,Nonpeptidergic nociceptors
ieeikbeh-1,TMA00317,CGRP-Epsilion,False,False,False,CGRP-Epsilion
ieejhaih-1,TMA00317,C-LTMR,False,False,False,C-LTMR
ieeojbnp-1,TMA00317,CGRP-Alpha,False,False,False,CGRP-Alpha
iefnfdal-1,TMA00317,C-LTMR,False,False,False,C-LTMR
iefnkilb-1,TMA00317,CGRP-Epsilion,False,False,False,CGRP-Epsilion
iegdgoho-1,TMA00317,CGRP-Epsilion,False,False,False,CGRP-Epsilion
iegdlpnc-1,TMA00317,C-LTMR,False,False,False,C-LTMR
ieinhmga-1,TMA00317,CGRP-Eta,False,False,False,CGRP-Eta
ieinpekf-1,TMA00317,Nonpeptidergic nociceptors,False,False,False,Nonpeptidergic nociceptors
iekfajce-1,TMA00317,TrpM8,False,False,False,TrpM8
iekhjklm-1,TMA00317,TrpM8,False,False,False,TrpM8
iekijbld-1,TMA00317,TrpM8,False,False,False,TrpM8
iemmnlob-1,TMA00317,CGRP-Eta,False,False,False,CGRP-Eta
iencielg-1,TMA00317,CGRP-Theta,False,False,False,CGRP-Theta
ifallake-1,TMA00317,CGRP-Eta,False,False,False,CGRP-Eta
ifanmkpe-1,TMA00317,CGRP-Eta,False,False,False,CGRP-Eta
ifbcldpb-1,TMA00317,Nonpeptidergic nociceptors,False,False,False,Nonpeptidergic nociceptors
ifblcdgc-1,TMA00317,CGRP-Eta,False,False,False,CGRP-Eta
ifcilpdm-1,TMA00317,TrpM8,False,False,False,TrpM8
ifdelfgm-1,TMA00317,CGRP-Gamma 1,False,False,False,CGRP-Gamma 1
ifffmikl-1,TMA00317,Nonpeptidergic nociceptors,False,False,False,Nonpeptidergic nociceptors
iffhahko-1,TMA00317,Abeta-RA-LTMR,False,False,False,Abeta-RA-LTMR
ifgpicki-1,TMA00317,Nonpeptidergic nociceptors,False,False,False,Nonpeptidergic nociceptors
ifgpnnpc-1,TMA00317,Nonpeptidergic nociceptors,False,False,False,Nonpeptidergic nociceptors
ifjgmebc-1,TMA00317,Abeta-RA-LTMR,False,False,False,Abeta-RA-LTMR
ifkjfnej-1,TMA00317,Nonpeptidergic nociceptors,False,False,False,Nonpeptidergic nociceptors
ifkmjghi-1,TMA00317,Abeta-RA-LTMR,False,False,False,Abeta-RA-LTMR
iflgaejh-1,TMA00317,CGRP-Gamma 1,False,False,False,CGRP-Gamma 1
iflphcmo-1,TMA00317,CGRP-Gamma 1,False,False,False,CGRP-Gamma 1
ifmijoep-1,TMA00317,CGRP-Alpha,False,False,False,CGRP-Alpha
ifmmipbb-1,TMA00317,Sst,False,False,False,Sst
ifmngomi-1,TMA00317,Sst,False,False,False,Sst
ifnapigg-1,TMA00317,CGRP-Epsilion,False,False,False,CGRP-Epsilion
ifnjhnii-1,TMA00317,CGRP-Epsilion,False,False,False,CGRP-Epsilion
ifnndnld-1,TMA00317,CGRP-Epsilion,False,False,False,CGRP-Epsilion
ifocgclc-1,TMA00317,CGRP-Epsilion,False,False,False,CGRP-Epsilion
ifoclopf-1,TMA00317,CGRP-Epsilion,False,False,False,CGRP-Epsilion
ifoifogi-1,TMA00317,CGRP-Epsilion,False,False,False,CGRP-Epsilion
ifpapohe-1,TMA00317,Abeta-RA-LTMR,False,False,False,Abeta-RA-LTMR
ifpckold-1,TMA00317,Abeta-Field,False,False,False,Abeta-Field
ifpnlokn-1,TMA00317,CGRP-Epsilion,False,False,False,CGRP-Epsilion
ifpphena-1,TMA00317,CGRP-Zeta,False,False,False,CGRP-Zeta
igaeflmd-1,TMA00317,C-LTMR,False,False,False,C-LTMR
igaiiagg-1,TMA00317,C-LTMR,False,False,False,C-LTMR
igbggphb-1,TMA00317,CGRP-Epsilion,False,False,False,CGRP-Epsilion
igbmnhck-1,TMA00317,TrpM8,False,False,False,TrpM8
igbnbghc-1,TMA00317,TrpM8,False,False,False,TrpM8
igcabmbk-1,TMA00317,Nonpeptidergic nociceptors,False,False,False,Nonpeptidergic nociceptors
igceoolh-1,TMA00317,Sst,False,False,False,Sst
igcpgbdd-1,TMA00317,Nonpeptidergic nociceptors,False,False,False,Nonpeptidergic nociceptors
igdakele-1,TMA00317,Nonpeptidergic nociceptors,False,False,False,Nonpeptidergic nociceptors
igenekdk-1,TMA00317,Sst,False,False,False,Sst
igenjjjg-1,TMA00317,TrpM8,False,False,False,TrpM8
igepgdel-1,TMA00317,Sst,False,False,False,Sst
igfbhfcf-1,TMA00317,TrpM8,False,False,False,TrpM8
igfblpod-1,TMA00317,Nonpeptidergic nociceptors,False,False,False,Nonpeptidergic nociceptors
igglocfp-1,TMA00317,Nonpeptidergic nociceptors,False,False,False,Nonpeptidergic nociceptors
iggpdfcd-1,TMA00317,Nonpeptidergic nociceptors,False,False,False,Nonpeptidergic nociceptors
iggpflmj-1,TMA00317,Nonpeptidergic nociceptors,False,False,False,Nonpeptidergic nociceptors
iggpleeb-1,TMA00317,CGRP-Eta,False,False,False,CGRP-Eta
ighcjfdl-1,TMA00317,TrpM8,False,False,False,TrpM8
ighdlljl-1,TMA00317,Abeta-RA-LTMR,False,False,False,Abeta-RA-LTMR
ighjciig-1,TMA00317,CGRP-Alpha,False,False,False,CGRP-Alpha
ighngooe-1,TMA00317,CGRP-Gamma 1,False,False,False,CGRP-Gamma 1
igibohmn-1,TMA00317,CGRP-Gamma 1,False,False,False,CGRP-Gamma 1
igiiihgk-1,TMA00317,CGRP-Theta,False,False,False,CGRP-Theta
igimmgcd-1,TMA00317,CGRP-Theta,False,False,False,CGRP-Theta
igjnolip-1,TMA00317,Nonpeptidergic nociceptors,False,False,False,Nonpeptidergic nociceptors
igkaccii-1,TMA00317,C-LTMR,False,False,False,C-LTMR
igkoabmm-1,TMA00317,Nonpeptidergic nociceptors,False,False,False,Nonpeptidergic nociceptors
igkpcagn-1,TMA00317,C-LTMR,False,False,False,C-LTMR
igmpippn-1,TMA00317,TrpM8,False,False,False,TrpM8
igncofkf-1,TMA00317,TrpM8,False,False,False,TrpM8
ignjojjg-1,TMA00317,CGRP-Beta,False,False,False,CGRP-Beta
ignmgmmc-1,TMA00317,TrpM8,False,False,False,TrpM8
igokaohf-1,TMA00317,Sst,False,False,False,Sst
igpidfol-1,TMA00317,Nonpeptidergic nociceptors,False,False,False,Nonpeptidergic nociceptors
igpjffcb-1,TMA00317,Nonpeptidergic nociceptors,False,False,False,Nonpeptidergic nociceptors
ihadoppp-1,TMA00317,Nonpeptidergic nociceptors,False,False,False,Nonpeptidergic nociceptors
ihcbdjaa-1,TMA00317,CGRP-Gamma 1,False,False,False,CGRP-Gamma 1
ihcbhied-1,TMA00317,TrpM8,False,False,False,TrpM8
ihcbikki-1,TMA00317,TrpM8,False,False,False,TrpM8
ihcegone-1,TMA00317,TrpM8,False,False,False,TrpM8
ihcfimgk-1,TMA00317,Sst,False,False,False,Sst
ihcmajje-1,TMA00317,CGRP-Epsilion,False,False,False,CGRP-Epsilion
ihfibich-1,TMA00317,CGRP-Theta,False,False,False,CGRP-Theta
ihfmchmp-1,TMA00317,CGRP-Theta,False,False,False,CGRP-Theta
ihgmapbf-1,TMA00317,CGRP-Eta,False,False,False,CGRP-Eta
ihhadfom-1,TMA00317,Abeta-RA-LTMR,False,False,False,Abeta-RA-LTMR
ihhbfmbo-1,TMA00317,CGRP-Eta,False,False,False,CGRP-Eta
ihhegpci-1,TMA00317,CGRP-Theta,False,False,False,CGRP-Theta
ihhfcdff-1,TMA00317,CGRP-Gamma 1,False,False,False,CGRP-Gamma 1
ihhocbej-1,TMA00317,CGRP-Theta,False,False,False,CGRP-Theta
ihigegpb-1,TMA00317,CGRP-Zeta,False,False,False,CGRP-Zeta
ihiihndi-1,TMA00317,Nonpeptidergic nociceptors,False,False,False,Nonpeptidergic nociceptors
ihjcfckm-1,TMA00317,Nonpeptidergic nociceptors,False,False,False,Nonpeptidergic nociceptors
ihjhgajk-1,TMA00317,Nonpeptidergic nociceptors,False,False,False,Nonpeptidergic nociceptors
ihjoelcc-1,TMA00317,Nonpeptidergic nociceptors,False,False,False,Nonpeptidergic nociceptors
ihkbemin-1,TMA00317,CGRP-Alpha,False,False,False,CGRP-Alpha
ihkhjacc-1,TMA00317,Nonpeptidergic nociceptors,False,False,False,Nonpeptidergic nociceptors
ihkikncc-1,TMA00317,CGRP-Eta,False,False,False,CGRP-Eta
ihknoeeb-1,TMA00317,Nonpeptidergic nociceptors,False,False,False,Nonpeptidergic nociceptors
ihlgcgln-1,TMA00317,CGRP-Epsilion,False,False,False,CGRP-Epsilion
ihlkoldi-1,TMA00317,Abeta-Field,False,False,False,Abeta-Field
ihmdmpjp-1,TMA00317,CGRP-Gamma 1,False,False,False,CGRP-Gamma 1
ihmdpcif-1,TMA00317,CGRP-Alpha,False,False,False,CGRP-Alpha
ihmhbphd-1,TMA00317,CGRP-Gamma 1,False,False,False,CGRP-Gamma 1
ihnbcamp-1,TMA00317,Abeta-Field,False,False,False,Abeta-Field
ihnfapah-1,TMA00317,CGRP-Gamma 1,False,False,False,CGRP-Gamma 1
ihnpnkkc-1,TMA00317,Nonpeptidergic nociceptors,False,False,False,Nonpeptidergic nociceptors
ihpcffpa-1,TMA00317,Sst,False,False,False,Sst
iibniakh-1,TMA00317,Nonpeptidergic nociceptors,False,False,False,Nonpeptidergic nociceptors
iigoglhd-1,TMA00317,CGRP-Eta,False,False,False,CGRP-Eta
iipehflh-1,TMA00317,Nonpeptidergic nociceptors,False,False,False,Nonpeptidergic nociceptors
ijaeccip-1,TMA00317,Nonpeptidergic nociceptors,False,False,False,Nonpeptidergic nociceptors
ijdiiaom-1,TMA00317,Sst,False,False,False,Sst
ijeblinf-1,TMA00317,Nonpeptidergic nociceptors,False,False,False,Nonpeptidergic nociceptors
ijedbpak-1,TMA00317,Nonpeptidergic nociceptors,False,False,False,Nonpeptidergic nociceptors
ijeogook-1,TMA00317,TrpM8,False,False,False,TrpM8
ijfdemcj-1,TMA00317,TrpM8,False,False,False,TrpM8
ijfekgob-1,TMA00317,TrpM8,False,False,False,TrpM8
ijfindfj-1,TMA00317,TrpM8,False,False,False,TrpM8
ijkjkpmp-1,TMA00317,Sst,False,False,False,Sst
ijkkmkne-1,TMA00317,Sst,False,False,False,Sst
ijlcogbh-1,TMA00317,Sst,False,False,False,Sst
ijldgkpl-1,TMA00317,Nonpeptidergic nociceptors,False,False,False,Nonpeptidergic nociceptors
ijlfofnh-1,TMA00317,CGRP-Theta,False,False,False,CGRP-Theta
ijlgjfgf-1,TMA00317,Nonpeptidergic nociceptors,False,False,False,Nonpeptidergic nociceptors
ijlmgbdc-1,TMA00317,Nonpeptidergic nociceptors,False,False,False,Nonpeptidergic nociceptors
ijmajkdb-1,TMA00317,Sst,False,False,False,Sst
ijnpamim-1,TMA00317,CGRP-Gamma 1,False,False,False,CGRP-Gamma 1
ikamgeim-1,TMA00317,Nonpeptidergic nociceptors,False,False,False,Nonpeptidergic nociceptors
ikbeecfh-1,TMA00317,CGRP-Gamma 2,False,False,False,CGRP-Gamma 2
ikbgijmh-1,TMA00317,Nonpeptidergic nociceptors,False,False,False,Nonpeptidergic nociceptors
ikliaebl-1,TMA00317,CGRP-Alpha,False,False,False,CGRP-Alpha
ikllikid-1,TMA00317,CGRP-Alpha,False,False,False,CGRP-Alpha
ikmjdhco-1,TMA00317,CGRP-Alpha,False,False,False,CGRP-Alpha
ikpnppli-1,TMA00317,Sst,False,False,False,Sst
ilcgipfl-1,TMA00317,C-LTMR,False,False,False,C-LTMR
ilelbnei-1,TMA00317,CGRP-Gamma 1,False,False,False,CGRP-Gamma 1
illcbofj-1,TMA00317,TrpM8,False,False,False,TrpM8
imbdobgf-1,TMA00317,Sst,False,False,False,Sst
imbeopof-1,TMA00317,Sst,False,False,False,Sst
imcghlmj-1,TMA00317,CGRP-Theta,False,False,False,CGRP-Theta
imchcipc-1,TMA00317,CGRP-Epsilion,False,False,False,CGRP-Epsilion
imckempm-1,TMA00317,CGRP-Epsilion,False,False,False,CGRP-Epsilion
imdceion-1,TMA00317,Proprioceptors,False,False,False,Proprioceptors
imnlklld-1,TMA00317,C-LTMR,False,False,False,C-LTMR
impaneoc-1,TMA00317,CGRP-Alpha,False,False,False,CGRP-Alpha
impaocki-1,TMA00317,Sst,False,False,False,Sst
inacgahd-1,TMA00317,CGRP-Gamma 1,False,False,False,CGRP-Gamma 1
inadmeab-1,TMA00317,CGRP-Beta,False,False,False,CGRP-Beta
inaglheg-1,TMA00317,Sst,False,False,False,Sst
inaioabb-1,TMA00317,CGRP-Beta,False,False,False,CGRP-Beta
inaljgbg-1,TMA00317,Sst,False,False,False,Sst
inbaonli-1,TMA00317,CGRP-Theta,False,False,False,CGRP-Theta
incdhddg-1,TMA00317,Sst,False,False,False,Sst
incfpchd-1,TMA00317,CGRP-Zeta,False,False,False,CGRP-Zeta
indafhnh-1,TMA00317,CGRP-Theta,False,False,False,CGRP-Theta
indehffl-1,TMA00317,Sst,False,False,False,Sst
indigadm-1,TMA00317,Sst,False,False,False,Sst
indjbple-1,TMA00317,CGRP-Theta,False,False,False,CGRP-Theta
ioaebahl-1,TMA00317,Abeta-Field,False,False,False,Abeta-Field
ioeknimf-1,TMA00317,Nonpeptidergic nociceptors,False,False,False,Nonpeptidergic nociceptors
ipblbmae-1,TMA00317,Nonpeptidergic nociceptors,False,False,False,Nonpeptidergic nociceptors
ipcbnfkb-1,TMA00317,CGRP-Theta,False,False,False,CGRP-Theta
ipdphfjc-1,TMA00317,Nonpeptidergic nociceptors,False,False,False,Nonpeptidergic nociceptors
ipgicbnh-1,TMA00317,CGRP-Eta,False,False,False,CGRP-Eta
ipicojfc-1,TMA00317,CGRP-Zeta,False,False,False,CGRP-Zeta
ipiflnpl-1,TMA00317,CGRP-Gamma 1,False,False,False,CGRP-Gamma 1
ipiifbaf-1,TMA00317,Nonpeptidergic nociceptors,False,False,False,Nonpeptidergic nociceptors
ipjbmebh-1,TMA00317,Proprioceptors,False,False,False,Proprioceptors
ipjfgdbh-1,TMA00317,CGRP-Zeta,False,False,False,CGRP-Zeta
ipkilcpe-1,TMA00317,CGRP-Alpha,False,False,False,CGRP-Alpha
ipmkmijd-1,TMA00317,Abeta-Field,False,False,False,Abeta-Field
ipmnfbjo-1,TMA00317,CGRP-Gamma 1,False,False,False,CGRP-Gamma 1
ipnipbfm-1,TMA00317,CGRP-Zeta,False,False,False,CGRP-Zeta
jaddfpmh-1,TMA00317,Nonpeptidergic nociceptors,False,False,False,Nonpeptidergic nociceptors
jaehcfdd-1,TMA00317,Nonpeptidergic nociceptors,False,False,False,Nonpeptidergic nociceptors
jafggecj-1,TMA00317,TrpM8,False,False,False,TrpM8
jagjcogg-1,TMA00317,CGRP-Alpha,False,False,False,CGRP-Alpha
jahbfmfe-1,TMA00317,TrpM8,False,False,False,TrpM8
jahdffmk-1,TMA00317,CGRP-Theta,False,False,False,CGRP-Theta
jahepbmn-1,TMA00317,Nonpeptidergic nociceptors,False,False,False,Nonpeptidergic nociceptors
jaidgagc-1,TMA00317,Nonpeptidergic nociceptors,False,False,False,Nonpeptidergic nociceptors
jaijmeoh-1,TMA00317,Nonpeptidergic nociceptors,False,False,False,Nonpeptidergic nociceptors
jaimnicn-1,TMA00317,Sst,False,False,False,Sst
jainpkki-1,TMA00317,Sst,False,False,False,Sst
jaiojflo-1,TMA00317,Sst,False,False,False,Sst
jaipopgc-1,TMA00317,CGRP-Gamma 1,False,False,False,CGRP-Gamma 1
jajjgpdk-1,TMA00317,CGRP-Eta,False,False,False,CGRP-Eta
jajlcmgg-1,TMA00317,Sst,False,False,False,Sst
jajngmll-1,TMA00317,TrpM8,False,False,False,TrpM8
jccmleeg-1,TMA00317,CGRP-Epsilion,False,False,False,CGRP-Epsilion
jccpgcce-1,TMA00317,CGRP-Eta,False,False,False,CGRP-Eta
jcoobemp-1,TMA00317,Abeta-Field,True,False,False,Abeta-Field
jcpdoilj-1,TMA00317,Nonpeptidergic nociceptors,False,False,False,Nonpeptidergic nociceptors
jcpmgidj-1,TMA00317,CGRP-Zeta,False,False,False,CGRP-Zeta
jdadlfin-1,TMA00317,Nonpeptidergic nociceptors,False,False,False,Nonpeptidergic nociceptors
jdbbpdml-1,TMA00317,CGRP-Zeta,False,False,False,CGRP-Zeta
jegceenp-1,TMA00317,Nonpeptidergic nociceptors,False,False,False,Nonpeptidergic nociceptors
jegcgeeb-1,TMA00317,TrpM8,False,False,False,TrpM8
jeghhbbc-1,TMA00317,Nonpeptidergic nociceptors,False,False,False,Nonpeptidergic nociceptors
jegmeoik-1,TMA00317,Nonpeptidergic nociceptors,False,False,False,Nonpeptidergic nociceptors
jehkccck-1,TMA00317,CGRP-Epsilion,False,False,False,CGRP-Epsilion
jeicelic-1,TMA00317,CGRP-Gamma 1,False,False,False,CGRP-Gamma 1
jeidagmf-1,TMA00317,TrpM8,False,False,False,TrpM8
jeimcmpc-1,TMA00317,CGRP-Gamma 1,False,False,False,CGRP-Gamma 1
jejkgned-1,TMA00317,Abeta-Field,False,False,False,Abeta-Field
jejogbik-1,TMA00317,C-LTMR,False,False,False,C-LTMR
jekbhlhl-1,TMA00317,C-LTMR,False,False,False,C-LTMR
jekdbmnn-1,TMA00317,Nonpeptidergic nociceptors,False,False,False,Nonpeptidergic nociceptors
jelaocdp-1,TMA00317,CGRP-Zeta,False,False,False,CGRP-Zeta
jelfmkag-1,TMA00317,Nonpeptidergic nociceptors,False,False,False,Nonpeptidergic nociceptors
jelijpoo-1,TMA00317,Nonpeptidergic nociceptors,False,False,False,Nonpeptidergic nociceptors
jemfceom-1,TMA00317,CGRP-Theta,False,False,False,CGRP-Theta
jenaaneo-1,TMA00317,Nonpeptidergic nociceptors,False,False,False,Nonpeptidergic nociceptors
jendhbia-1,TMA00317,TrpM8,False,False,False,TrpM8
jepingli-1,TMA00317,CGRP-Gamma 1,False,False,False,CGRP-Gamma 1
jfdbaipi-1,TMA00317,CGRP-Eta,False,False,False,CGRP-Eta
jfehdpha-1,TMA00317,Sst,False,False,False,Sst
jfemnepb-1,TMA00317,CGRP-Alpha,False,False,False,CGRP-Alpha
jfhdemdi-1,TMA00317,CGRP-Alpha,False,False,False,CGRP-Alpha
jfhdkpho-1,TMA00317,CGRP-Epsilion,False,False,False,CGRP-Epsilion
jfikogcl-1,TMA00317,Abeta-RA-LTMR,False,False,False,Abeta-RA-LTMR
jfkeolij-1,TMA00317,Nonpeptidergic nociceptors,False,False,False,Nonpeptidergic nociceptors
jfkjoaca-1,TMA00317,Nonpeptidergic nociceptors,False,False,False,Nonpeptidergic nociceptors
jgcbdije-1,TMA00317,CGRP-Theta,False,False,False,CGRP-Theta
jgcbiakm-1,TMA00317,CGRP-Theta,False,False,False,CGRP-Theta
jgcdafdj-1,TMA00317,CGRP-Theta,False,False,False,CGRP-Theta
jgfinafe-1,TMA00317,Nonpeptidergic nociceptors,False,False,False,Nonpeptidergic nociceptors
jgkamjcn-1,TMA00317,CGRP-Epsilion,False,False,False,CGRP-Epsilion
jglininn-1,TMA00317,TrpM8,False,False,False,TrpM8
jgnhldlp-1,TMA00317,CGRP-Gamma 1,False,False,False,CGRP-Gamma 1
jgnimbmo-1,TMA00317,CGRP-Gamma 1,False,False,False,CGRP-Gamma 1
jgpfjnfh-1,TMA00317,CGRP-Alpha,False,False,False,CGRP-Alpha
jhdhkaai-1,TMA00317,CGRP-Alpha,False,False,False,CGRP-Alpha
jhgnjmpd-1,TMA00317,CGRP-Eta,False,False,False,CGRP-Eta
jidiedam-1,TMA00317,CGRP-Eta,False,False,False,CGRP-Eta
jiijllng-1,TMA00317,CGRP-Epsilion,False,False,False,CGRP-Epsilion
jiikiokd-1,TMA00317,Nonpeptidergic nociceptors,False,False,False,Nonpeptidergic nociceptors
jijicjap-1,TMA00317,Nonpeptidergic nociceptors,False,False,False,Nonpeptidergic nociceptors
jijjonkk-1,TMA00317,CGRP-Epsilion,False,False,False,CGRP-Epsilion
jikocfca-1,TMA00317,CGRP-Alpha,False,False,False,CGRP-Alpha
jkllenep-1,TMA00317,Proprioceptors,False,False,False,Proprioceptors
jlbnifeo-1,TMA00317,Nonpeptidergic nociceptors,False,False,False,Nonpeptidergic nociceptors
jlbnnnbh-1,TMA00317,Nonpeptidergic nociceptors,False,False,False,Nonpeptidergic nociceptors
jldphdcf-1,TMA00317,Nonpeptidergic nociceptors,False,False,False,Nonpeptidergic nociceptors
jlfbhfbn-1,TMA00317,Nonpeptidergic nociceptors,False,False,False,Nonpeptidergic nociceptors
jlgfikhj-1,TMA00317,Proprioceptors,False,False,False,Proprioceptors
jlgoiefi-1,TMA00317,CGRP-Theta,False,False,False,CGRP-Theta
jlhedgdm-1,TMA00317,CGRP-Theta,False,False,False,CGRP-Theta
jlhedhdi-1,TMA00317,CGRP-Theta,False,False,False,CGRP-Theta
jllhjgpe-1,TMA00317,Sst,False,False,False,Sst
jmcbnjlk-1,TMA00317,Proprioceptors,False,False,False,Proprioceptors
jmflbnkl-1,TMA00317,Sst,False,False,False,Sst
jmflgcpm-1,TMA00317,Sst,False,False,False,Sst
jnojpabp-1,TMA00317,Abeta-RA-LTMR,False,False,False,Abeta-RA-LTMR
jocbaanb-1,TMA00317,Nonpeptidergic nociceptors,False,False,False,Nonpeptidergic nociceptors
jocfikph-1,TMA00317,CGRP-Theta,False,False,False,CGRP-Theta
jodgdelp-1,TMA00317,Nonpeptidergic nociceptors,False,False,False,Nonpeptidergic nociceptors
jodocaak-1,TMA00317,Proprioceptors,False,False,False,Proprioceptors
joebccpg-1,TMA00317,CGRP-Zeta,False,False,False,CGRP-Zeta
jofcfllm-1,TMA00317,CGRP-Epsilion,False,False,False,CGRP-Epsilion
jofcmkon-1,TMA00317,CGRP-Theta,False,False,False,CGRP-Theta
joghnhoj-1,TMA00317,CGRP-Theta,False,False,False,CGRP-Theta
jogjjmlb-1,TMA00317,Sst,False,False,False,Sst
jogmgmdk-1,TMA00317,CGRP-Theta,False,False,False,CGRP-Theta
johhhdko-1,TMA00317,CGRP-Zeta,False,False,False,CGRP-Zeta
jojejfpf-1,TMA00317,CGRP-Alpha,False,False,False,CGRP-Alpha
jokpgkbd-1,TMA00317,Nonpeptidergic nociceptors,False,False,False,Nonpeptidergic nociceptors
jolcffjp-1,TMA00317,Nonpeptidergic nociceptors,False,False,False,Nonpeptidergic nociceptors
jomkfgek-1,TMA00317,Nonpeptidergic nociceptors,False,False,False,Nonpeptidergic nociceptors
joobpihk-1,TMA00317,Abeta-RA-LTMR,False,False,False,Abeta-RA-LTMR
joooghjb-1,TMA00317,Abeta-Field,False,False,False,Abeta-Field
jpoaboja-1,TMA00317,TrpM8,False,False,False,TrpM8
kabfeejk-1,TMA00317,CGRP-Gamma 1,False,False,False,CGRP-Gamma 1
kadacalg-1,TMA00317,TrpM8,False,False,False,TrpM8
kadgdbme-1,TMA00317,CGRP-Gamma 2,False,False,False,CGRP-Gamma 2
kadnkopk-1,TMA00317,CGRP-Gamma 1,False,False,False,CGRP-Gamma 1
kafnhaei-1,TMA00317,Sst,False,False,False,Sst
kagdpode-1,TMA00317,Sst,False,False,False,Sst
kakebdja-1,TMA00317,CGRP-Gamma 2,False,False,False,CGRP-Gamma 2
kakjijkh-1,TMA00317,CGRP-Gamma 1,False,False,False,CGRP-Gamma 1
kamedbmj-1,TMA00317,CGRP-Eta,False,False,False,CGRP-Eta
kamfjcpc-1,TMA00317,CGRP-Gamma 1,False,False,False,CGRP-Gamma 1
kbaphajg-1,TMA00317,TrpM8,False,False,False,TrpM8
kgfkmjim-1,TMA00317,CGRP-Epsilion,False,False,False,CGRP-Epsilion
kggfidje-1,TMA00317,CGRP-Eta,False,False,False,CGRP-Eta
kggichnk-1,TMA00317,CGRP-Gamma 1,False,False,False,CGRP-Gamma 1
kggmegch-1,TMA00317,CGRP-Epsilion,False,False,False,CGRP-Epsilion
kggpfkla-1,TMA00317,CGRP-Gamma 1,False,False,False,CGRP-Gamma 1
kghaeedk-1,TMA00317,CGRP-Eta,False,False,False,CGRP-Eta
kghlhkpa-1,TMA00317,CGRP-Eta,False,False,False,CGRP-Eta
kghmbdni-1,TMA00317,CGRP-Gamma 1,False,True,False,CGRP-Gamma 1
kgicjcfi-1,TMA00317,CGRP-Gamma 1,False,True,False,CGRP-Gamma 1
kgigcedi-1,TMA00317,CGRP-Gamma 2,False,False,False,CGRP-Gamma 2
kgihopgf-1,TMA00317,CGRP-Gamma 2,False,False,False,CGRP-Gamma 2
kgingfgg-1,TMA00317,CGRP-Eta,False,False,False,CGRP-Eta
kgjaocec-1,TMA00317,Abeta-Field,False,False,False,Abeta-Field
kgjbaibd-1,TMA00317,Abeta-Field,False,False,False,Abeta-Field
kgjcpaae-1,TMA00317,CGRP-Eta,False,False,False,CGRP-Eta
kgjdoham-1,TMA00317,TrpM8,False,False,False,TrpM8
kgjecanf-1,TMA00317,CGRP-Theta,False,False,False,CGRP-Theta
kgjfdgel-1,TMA00317,Abeta-RA-LTMR,False,False,False,Abeta-RA-LTMR
kgjfhpif-1,TMA00317,CGRP-Theta,False,False,False,CGRP-Theta
kgjfjbda-1,TMA00317,Abeta-Field,False,False,False,Abeta-Field
kgjmneba-1,TMA00317,CGRP-Epsilion,False,False,False,CGRP-Epsilion
kgjndcmn-1,TMA00317,CGRP-Eta,False,False,False,CGRP-Eta
kgjpejjl-1,TMA00317,CGRP-Zeta,False,False,False,CGRP-Zeta
kgkbhfje-1,TMA00317,Nonpeptidergic nociceptors,False,False,False,Nonpeptidergic nociceptors
kglcmadk-1,TMA00317,CGRP-Alpha,False,False,False,CGRP-Alpha
kglemahf-1,TMA00317,CGRP-Zeta,False,False,False,CGRP-Zeta
kgllfamk-1,TMA00317,CGRP-Eta,False,False,False,CGRP-Eta
kgmegioa-1,TMA00317,TrpM8,False,False,False,TrpM8
kgmgnjce-1,TMA00317,CGRP-Zeta,False,False,False,CGRP-Zeta
kgmmlpnb-1,TMA00317,CGRP-Gamma 1,False,False,False,CGRP-Gamma 1
kgmnfldo-1,TMA00317,CGRP-Gamma 1,False,False,False,CGRP-Gamma 1
kgncfecc-1,TMA00317,CGRP-Gamma 1,False,False,False,CGRP-Gamma 1
kgnfnddc-1,TMA00317,CGRP-Gamma 1,False,False,False,CGRP-Gamma 1
kgochhic-1,TMA00317,Adelta-LTMR,False,False,False,Adelta-LTMR
kgocpeln-1,TMA00317,CGRP-Gamma 1,False,False,False,CGRP-Gamma 1
kgonoiii-1,TMA00317,Nonpeptidergic nociceptors,False,False,False,Nonpeptidergic nociceptors
kgoobijj-1,TMA00317,Nonpeptidergic nociceptors,False,False,False,Nonpeptidergic nociceptors
kgpcocfg-1,TMA00317,Nonpeptidergic nociceptors,False,False,False,Nonpeptidergic nociceptors
kgpffemb-1,TMA00317,Nonpeptidergic nociceptors,False,False,False,Nonpeptidergic nociceptors
khaacgbi-1,TMA00317,TrpM8,False,False,False,TrpM8
khaciolb-1,TMA00317,CGRP-Eta,False,False,False,CGRP-Eta
khaeenlc-1,TMA00317,Nonpeptidergic nociceptors,False,False,False,Nonpeptidergic nociceptors
khafchld-1,TMA00317,CGRP-Eta,False,False,False,CGRP-Eta
khahpbnb-1,TMA00317,CGRP-Gamma 1,False,False,False,CGRP-Gamma 1
khbigphh-1,TMA00317,Sst,False,False,False,Sst
khlkmjlj-1,TMA00317,Proprioceptors,False,False,False,Proprioceptors
kiakcgmg-1,TMA00317,Abeta-RA-LTMR,False,False,False,Abeta-RA-LTMR
kiandklo-1,TMA00317,Abeta-Field,False,False,False,Abeta-Field
kibplomb-1,TMA00317,TrpM8,False,False,False,TrpM8
kjcaoddj-1,TMA00317,Nonpeptidergic nociceptors,False,False,False,Nonpeptidergic nociceptors
kjcgeoch-1,TMA00317,Proprioceptors,False,False,False,Proprioceptors
kjcjgjkj-1,TMA00317,CGRP-Eta,False,False,False,CGRP-Eta
kjckbnik-1,TMA00317,Adelta-LTMR,False,False,False,Adelta-LTMR
kjcmlkgk-1,TMA00317,CGRP-Eta,False,False,False,CGRP-Eta
kjdblgna-1,TMA00317,Nonpeptidergic nociceptors,False,False,False,Nonpeptidergic nociceptors
kjddjgaf-1,TMA00317,Nonpeptidergic nociceptors,False,False,False,Nonpeptidergic nociceptors
kjdealfp-1,TMA00317,Nonpeptidergic nociceptors,False,False,False,Nonpeptidergic nociceptors
kjdmfjda-1,TMA00317,CGRP-Eta,False,False,False,CGRP-Eta
kjdncmkj-1,TMA00317,CGRP-Gamma 1,False,False,False,CGRP-Gamma 1
kjdnojec-1,TMA00317,Nonpeptidergic nociceptors,False,False,False,Nonpeptidergic nociceptors
kjeafkpe-1,TMA00317,CGRP-Gamma 1,False,False,False,CGRP-Gamma 1
kjfifhmo-1,TMA00317,CGRP-Gamma 1,False,False,False,CGRP-Gamma 1
kjfmbnan-1,TMA00317,CGRP-Gamma 1,False,False,False,CGRP-Gamma 1
kjfmfide-1,TMA00317,CGRP-Gamma 2,False,False,False,CGRP-Gamma 2
kjgfhiaf-1,TMA00317,CGRP-Eta,False,False,False,CGRP-Eta
kjgnbadh-1,TMA00317,Adelta-LTMR,False,False,False,Adelta-LTMR
kjgojeoj-1,TMA00317,Nonpeptidergic nociceptors,False,False,False,Nonpeptidergic nociceptors
kjhkalek-1,TMA00317,Nonpeptidergic nociceptors,False,False,False,Nonpeptidergic nociceptors
kjhkjmle-1,TMA00317,CGRP-Eta,True,False,False,CGRP-Eta
kjhmponp-1,TMA00317,CGRP-Gamma 1,False,False,False,CGRP-Gamma 1
kjicdkcb-1,TMA00317,Sst,False,False,False,Sst
kjidghdk-1,TMA00317,Sst,False,False,False,Sst
kjidmklk-1,TMA00317,CGRP-Eta,False,False,False,CGRP-Eta
kjiohjif-1,TMA00317,CGRP-Gamma 1,False,False,False,CGRP-Gamma 1
kjjdnghd-1,TMA00317,CGRP-Gamma 1,False,False,False,CGRP-Gamma 1
kjjdnnli-1,TMA00317,Sst,False,False,False,Sst
kjjepclj-1,TMA00317,CGRP-Gamma 1,False,False,False,CGRP-Gamma 1
kjlmklpc-1,TMA00317,TrpM8,False,False,False,TrpM8
kjohpjfc-1,TMA00317,Sst,False,False,False,Sst
kjoiamob-1,TMA00317,CGRP-Gamma 1,False,False,False,CGRP-Gamma 1
kjomcdbi-1,TMA00317,CGRP-Beta,False,False,False,CGRP-Beta
kjoompgj-1,TMA00317,CGRP-Gamma 1,False,False,False,CGRP-Gamma 1
kkahgmca-1,TMA00317,CGRP-Gamma 1,False,False,False,CGRP-Gamma 1
kkahkeng-1,TMA00317,CGRP-Alpha,False,False,False,CGRP-Alpha
kkahohhi-1,TMA00317,CGRP-Alpha,False,False,False,CGRP-Alpha
kkaifphc-1,TMA00317,CGRP-Gamma 1,False,False,False,CGRP-Gamma 1
kkaipdjp-1,TMA00317,CGRP-Gamma 2,False,False,False,CGRP-Gamma 2
kkcddfmh-1,TMA00317,CGRP-Gamma 1,False,False,False,CGRP-Gamma 1
kkclonil-1,TMA00317,CGRP-Gamma 2,False,False,False,CGRP-Gamma 2
kkcppkbn-1,TMA00317,Sst,False,False,False,Sst
kkdaoiel-1,TMA00317,Abeta-Field,False,False,False,Abeta-Field
kkdaonam-1,TMA00317,Nonpeptidergic nociceptors,False,False,False,Nonpeptidergic nociceptors
kkeadhcm-1,TMA00317,Nonpeptidergic nociceptors,False,False,False,Nonpeptidergic nociceptors
kkedinpk-1,TMA00317,Nonpeptidergic nociceptors,False,False,False,Nonpeptidergic nociceptors
kkeeiacl-1,TMA00317,CGRP-Theta,False,False,False,CGRP-Theta
kkekicod-1,TMA00317,Nonpeptidergic nociceptors,False,False,False,Nonpeptidergic nociceptors
kkekjgpm-1,TMA00317,CGRP-Theta,False,False,False,CGRP-Theta
kkgfkmhp-1,TMA00317,Nonpeptidergic nociceptors,False,False,False,Nonpeptidergic nociceptors
kkggmpbe-1,TMA00317,CGRP-Eta,False,False,False,CGRP-Eta
kkgikoga-1,TMA00317,CGRP-Gamma 1,False,False,False,CGRP-Gamma 1
kkhbabaf-1,TMA00317,Nonpeptidergic nociceptors,False,False,False,Nonpeptidergic nociceptors
kkhjfcii-1,TMA00317,Nonpeptidergic nociceptors,False,False,False,Nonpeptidergic nociceptors
kkibdbag-1,TMA00317,CGRP-Gamma 1,False,False,False,CGRP-Gamma 1
kkiknjon-1,TMA00317,CGRP-Gamma 1,False,False,False,CGRP-Gamma 1
kkingjfk-1,TMA00317,CGRP-Gamma 1,False,False,False,CGRP-Gamma 1
kkjkfnae-1,TMA00317,CGRP-Gamma 1,False,False,False,CGRP-Gamma 1
kkklnlmg-1,TMA00317,CGRP-Eta,False,False,False,CGRP-Eta
kkkobnie-1,TMA00317,CGRP-Beta,False,False,False,CGRP-Beta
kkljeljh-1,TMA00317,CGRP-Gamma 1,False,False,False,CGRP-Gamma 1
kklnbdll-1,TMA00317,CGRP-Alpha,False,False,False,CGRP-Alpha
kklpgdcg-1,TMA00317,CGRP-Gamma 1,False,False,False,CGRP-Gamma 1
kkmcehfa-1,TMA00317,CGRP-Eta,False,False,False,CGRP-Eta
kkmdlblp-1,TMA00317,CGRP-Epsilion,False,False,False,CGRP-Epsilion
kkmkbodk-1,TMA00317,CGRP-Gamma 1,False,False,False,CGRP-Gamma 1
kkmlaifl-1,TMA00317,CGRP-Gamma 1,False,False,False,CGRP-Gamma 1
kkmobhde-1,TMA00317,CGRP-Gamma 1,False,False,False,CGRP-Gamma 1
kknadpgk-1,TMA00317,CGRP-Gamma 1,False,False,False,CGRP-Gamma 1
kknncdid-1,TMA00317,CGRP-Gamma 1,False,False,False,CGRP-Gamma 1
kknngkcm-1,TMA00317,CGRP-Gamma 1,False,False,False,CGRP-Gamma 1
kknpphgp-1,TMA00317,CGRP-Gamma 1,False,False,False,CGRP-Gamma 1
kkokikla-1,TMA00317,CGRP-Gamma 1,False,False,False,CGRP-Gamma 1
kkooflpc-1,TMA00317,CGRP-Gamma 2,False,False,False,CGRP-Gamma 2
kkopoino-1,TMA00317,TrpM8,False,False,False,TrpM8
kkpmeink-1,TMA00317,CGRP-Epsilion,False,False,False,CGRP-Epsilion
kkpnlgfj-1,TMA00317,CGRP-Epsilion,False,False,False,CGRP-Epsilion
kkpnlncm-1,TMA00317,CGRP-Gamma 1,False,False,False,CGRP-Gamma 1
klaijkgm-1,TMA00317,CGRP-Gamma 1,False,False,False,CGRP-Gamma 1
klbggolj-1,TMA00317,Sst,False,False,False,Sst
klbmgmmg-1,TMA00317,CGRP-Zeta,False,False,False,CGRP-Zeta
klbpdjii-1,TMA00317,CGRP-Zeta,False,False,False,CGRP-Zeta
klcjejka-1,TMA00317,CGRP-Eta,False,False,False,CGRP-Eta
klcmiico-1,TMA00317,Abeta-Field,False,True,False,Abeta-Field
klcndcel-1,TMA00317,CGRP-Gamma 1,False,False,False,CGRP-Gamma 1
kldfenec-1,TMA00317,Nonpeptidergic nociceptors,False,False,False,Nonpeptidergic nociceptors
klecgnaj-1,TMA00317,CGRP-Eta,False,False,False,CGRP-Eta
klefdjcn-1,TMA00317,Nonpeptidergic nociceptors,False,False,False,Nonpeptidergic nociceptors
klefihei-1,TMA00317,CGRP-Epsilion,False,False,False,CGRP-Epsilion
klkhfehj-1,TMA00317,CGRP-Gamma 2,False,False,False,CGRP-Gamma 2
kmebimop-1,TMA00317,Nonpeptidergic nociceptors,False,False,False,Nonpeptidergic nociceptors
kmeeeacf-1,TMA00317,Nonpeptidergic nociceptors,False,False,False,Nonpeptidergic nociceptors
kmelgnik-1,TMA00317,CGRP-Alpha,False,False,False,CGRP-Alpha
kmgbfobc-1,TMA00317,Sst,False,False,False,Sst
kmgccmpf-1,TMA00317,CGRP-Gamma 1,False,False,False,CGRP-Gamma 1
kmgcmbcg-1,TMA00317,Sst,False,False,False,Sst
kmgecomm-1,TMA00317,CGRP-Gamma 1,False,False,False,CGRP-Gamma 1
kmglfnem-1,TMA00317,CGRP-Epsilion,False,False,False,CGRP-Epsilion
kmgocgpf-1,TMA00317,CGRP-Gamma 1,False,False,False,CGRP-Gamma 1
kmhdemnk-1,TMA00317,CGRP-Gamma 1,False,False,False,CGRP-Gamma 1
kmhdingn-1,TMA00317,CGRP-Alpha,False,False,False,CGRP-Alpha
kmhebjio-1,TMA00317,CGRP-Eta,False,False,False,CGRP-Eta
kmhejloc-1,TMA00317,CGRP-Gamma 1,False,False,False,CGRP-Gamma 1
kmhfnnhf-1,TMA00317,CGRP-Gamma 1,False,False,False,CGRP-Gamma 1
kmhogllm-1,TMA00317,CGRP-Zeta,False,False,False,CGRP-Zeta
kmiolljn-1,TMA00317,C-LTMR,False,False,False,C-LTMR
kmkabhdc-1,TMA00317,Sst,False,False,False,Sst
kmleldfd-1,TMA00317,CGRP-Epsilion,False,False,False,CGRP-Epsilion
kmnkmlfi-1,TMA00317,Nonpeptidergic nociceptors,False,False,False,Nonpeptidergic nociceptors
kmodmoad-1,TMA00317,Nonpeptidergic nociceptors,False,False,False,Nonpeptidergic nociceptors
kmodnjhk-1,TMA00317,CGRP-Eta,False,False,False,CGRP-Eta
kmoienlg-1,TMA00317,CGRP-Alpha,False,False,False,CGRP-Alpha
kmoifehi-1,TMA00317,CGRP-Gamma 2,False,False,False,CGRP-Gamma 2
kmpdlmjc-1,TMA00317,Proprioceptors,False,False,False,Proprioceptors
kmpebdpi-1,TMA00317,Nonpeptidergic nociceptors,False,False,False,Nonpeptidergic nociceptors
kmpehkjl-1,TMA00317,Nonpeptidergic nociceptors,False,False,False,Nonpeptidergic nociceptors
kmpinleb-1,TMA00317,Nonpeptidergic nociceptors,False,False,False,Nonpeptidergic nociceptors
knaglbbn-1,TMA00317,Abeta-Field,False,False,False,Abeta-Field
knahclmp-1,TMA00317,Nonpeptidergic nociceptors,False,False,False,Nonpeptidergic nociceptors
knnjdgli-1,TMA00317,Proprioceptors,False,False,False,Proprioceptors
knodokkj-1,TMA00317,CGRP-Zeta,False,False,False,CGRP-Zeta
koanofhh-1,TMA00317,CGRP-Zeta,False,False,False,CGRP-Zeta
koeghdmd-1,TMA00317,CGRP-Eta,False,False,False,CGRP-Eta
kohmhicf-1,TMA00317,CGRP-Alpha,False,False,False,CGRP-Alpha
kohmnfok-1,TMA00317,CGRP-Alpha,False,False,False,CGRP-Alpha
koibgphb-1,TMA00317,Sst,False,False,False,Sst
koijnhfl-1,TMA00317,Abeta-RA-LTMR,False,False,False,Abeta-RA-LTMR
kojoamim-1,TMA00317,C-LTMR,False,False,False,C-LTMR
kokgedko-1,TMA00317,Nonpeptidergic nociceptors,False,False,False,Nonpeptidergic nociceptors
koklbfdg-1,TMA00317,Abeta-RA-LTMR,False,False,False,Abeta-RA-LTMR
kokodpjo-1,TMA00317,Nonpeptidergic nociceptors,False,False,False,Nonpeptidergic nociceptors
kokopbhl-1,TMA00317,Nonpeptidergic nociceptors,False,False,False,Nonpeptidergic nociceptors
kokopeem-1,TMA00317,CGRP-Zeta,False,False,False,CGRP-Zeta
komncaoc-1,TMA00317,Nonpeptidergic nociceptors,False,False,False,Nonpeptidergic nociceptors
konamhkk-1,TMA00317,CGRP-Gamma 1,False,False,False,CGRP-Gamma 1
koneohai-1,TMA00317,Nonpeptidergic nociceptors,False,False,False,Nonpeptidergic nociceptors
konfbbag-1,TMA00317,Nonpeptidergic nociceptors,False,False,False,Nonpeptidergic nociceptors
kongbmhp-1,TMA00317,Nonpeptidergic nociceptors,False,False,False,Nonpeptidergic nociceptors
konhnagf-1,TMA00317,C-LTMR,False,False,False,C-LTMR
kononipj-1,TMA00317,CGRP-Zeta,False,False,False,CGRP-Zeta
lbdionel-1,TMA00317,C-LTMR,False,False,False,C-LTMR
lbfjapmj-1,TMA00317,Nonpeptidergic nociceptors,False,False,False,Nonpeptidergic nociceptors
lbfmddfg-1,TMA00317,CGRP-Gamma 1,False,False,False,CGRP-Gamma 1
lbfmfghh-1,TMA00317,Nonpeptidergic nociceptors,False,False,False,Nonpeptidergic nociceptors
lbfpjiik-1,TMA00317,Nonpeptidergic nociceptors,False,False,False,Nonpeptidergic nociceptors
lbhecoif-1,TMA00317,CGRP-Gamma 1,False,False,False,CGRP-Gamma 1
lbhloldp-1,TMA00317,CGRP-Gamma 1,False,False,False,CGRP-Gamma 1
lbiohjpb-1,TMA00317,CGRP-Gamma 1,False,False,False,CGRP-Gamma 1
lbkfjedd-1,TMA00317,Nonpeptidergic nociceptors,False,False,False,Nonpeptidergic nociceptors
lblaiinp-1,TMA00317,CGRP-Theta,False,False,False,CGRP-Theta
lblcapep-1,TMA00317,CGRP-Gamma 1,False,False,False,CGRP-Gamma 1
lblgcaek-1,TMA00317,Nonpeptidergic nociceptors,False,False,False,Nonpeptidergic nociceptors
ldaclagn-1,TMA00317,Sst,False,False,False,Sst
ldacmhhn-1,TMA00317,Sst,False,False,False,Sst
ldbbecob-1,TMA00317,Nonpeptidergic nociceptors,False,False,False,Nonpeptidergic nociceptors
ldfnllpm-1,TMA00317,CGRP-Gamma 1,False,False,False,CGRP-Gamma 1
ldgddnke-1,TMA00317,CGRP-Eta,False,False,False,CGRP-Eta
ldgdkgmc-1,TMA00317,Sst,False,False,False,Sst
ldgegjdf-1,TMA00317,Nonpeptidergic nociceptors,False,False,False,Nonpeptidergic nociceptors
ldgkgoao-1,TMA00317,TrpM8,False,False,False,TrpM8
ldglglmd-1,TMA00317,Abeta-RA-LTMR,False,False,False,Abeta-RA-LTMR
ldhdeifg-1,TMA00317,Sst,False,False,False,Sst
ldhkbacj-1,TMA00317,CGRP-Gamma 1,False,False,False,CGRP-Gamma 1
ldjanghk-1,TMA00317,CGRP-Epsilion,False,False,False,CGRP-Epsilion
ldkmckee-1,TMA00317,CGRP-Alpha,False,False,False,CGRP-Alpha
ldkocfna-1,TMA00317,CGRP-Epsilion,False,False,False,CGRP-Epsilion
lebibipc-1,TMA00317,Adelta-LTMR,False,False,False,Adelta-LTMR
lfandmpf-1,TMA00317,CGRP-Alpha,False,False,False,CGRP-Alpha
lfbbpdhn-1,TMA00317,Sst,False,False,False,Sst
lfblgjgg-1,TMA00317,CGRP-Gamma 1,False,False,False,CGRP-Gamma 1
lfcepgpg-1,TMA00317,TrpM8,False,False,False,TrpM8
lfclfcio-1,TMA00317,TrpM8,False,False,False,TrpM8
lfclfpmb-1,TMA00317,CGRP-Beta,False,False,False,CGRP-Beta
lfcndgef-1,TMA00317,CGRP-Gamma 1,False,False,False,CGRP-Gamma 1
lfebnlmj-1,TMA00317,CGRP-Gamma 1,False,False,False,CGRP-Gamma 1
lffkicim-1,TMA00317,CGRP-Alpha,False,False,False,CGRP-Alpha
lfhkkfop-1,TMA00317,C-LTMR,False,False,False,C-LTMR
lfhmckaj-1,TMA00317,TrpM8,False,False,False,TrpM8
lfiikcfm-1,TMA00317,CGRP-Gamma 1,False,False,False,CGRP-Gamma 1
lfijnlia-1,TMA00317,CGRP-Gamma 1,False,False,False,CGRP-Gamma 1
lfjcodia-1,TMA00317,CGRP-Gamma 1,False,False,False,CGRP-Gamma 1
lfjocihi-1,TMA00317,CGRP-Gamma 1,False,False,False,CGRP-Gamma 1
lflgfghg-1,TMA00317,TrpM8,False,False,False,TrpM8
lgbjojif-1,TMA00317,CGRP-Eta,False,False,False,CGRP-Eta
lgccnpmh-1,TMA00317,CGRP-Gamma 1,False,False,False,CGRP-Gamma 1
lgdedepc-1,TMA00317,CGRP-Gamma 1,False,False,False,CGRP-Gamma 1
lgdfkmag-1,TMA00317,CGRP-Eta,False,False,False,CGRP-Eta
lgenckim-1,TMA00317,CGRP-Gamma 2,False,False,False,CGRP-Gamma 2
lggoobjp-1,TMA00317,CGRP-Gamma 1,False,False,False,CGRP-Gamma 1
lgheeoke-1,TMA00317,CGRP-Gamma 1,False,False,False,CGRP-Gamma 1
lghfjhei-1,TMA00317,Nonpeptidergic nociceptors,True,False,False,Nonpeptidergic nociceptors
lgilgiep-1,TMA00317,CGRP-Gamma 1,False,False,False,CGRP-Gamma 1
lgjlnjjh-1,TMA00317,CGRP-Gamma 1,False,False,False,CGRP-Gamma 1
lglnlojb-1,TMA00317,TrpM8,False,False,False,TrpM8
lhcpfldf-1,TMA00317,Nonpeptidergic nociceptors,False,False,False,Nonpeptidergic nociceptors
lhkoalme-1,TMA00317,Abeta-Field,False,False,False,Abeta-Field
lhlfngdl-1,TMA00317,C-LTMR,False,False,False,C-LTMR
lhndhgah-1,TMA00317,Abeta-Field,False,False,False,Abeta-Field
lhoglihd-1,TMA00317,Abeta-Field,False,False,False,Abeta-Field
lhpgkmeb-1,TMA00317,TrpM8,False,False,False,TrpM8
liaieelg-1,TMA00317,CGRP-Zeta,False,False,False,CGRP-Zeta
liakhimd-1,TMA00317,CGRP-Gamma 1,False,False,False,CGRP-Gamma 1
liapcgcb-1,TMA00317,CGRP-Gamma 1,False,False,False,CGRP-Gamma 1
liehpijb-1,TMA00317,C-LTMR,False,False,False,C-LTMR
ligehpcg-1,TMA00317,CGRP-Gamma 1,False,False,False,CGRP-Gamma 1
ligfggdm-1,TMA00317,CGRP-Gamma 1,False,False,False,CGRP-Gamma 1
liggeidf-1,TMA00317,CGRP-Gamma 1,False,False,False,CGRP-Gamma 1
lihaoplb-1,TMA00317,CGRP-Alpha,False,False,False,CGRP-Alpha
lihdpoio-1,TMA00317,CGRP-Gamma 1,False,False,False,CGRP-Gamma 1
liihaipd-1,TMA00317,CGRP-Gamma 2,False,False,False,CGRP-Gamma 2
liihenmj-1,TMA00317,CGRP-Gamma 1,False,False,False,CGRP-Gamma 1
liiijjkl-1,TMA00317,CGRP-Eta,False,False,False,CGRP-Eta
liikghob-1,TMA00317,TrpM8,False,False,False,TrpM8
liindepm-1,TMA00317,CGRP-Gamma 1,False,False,False,CGRP-Gamma 1
lijeddmp-1,TMA00317,CGRP-Gamma 1,False,False,False,CGRP-Gamma 1
limcpnah-1,TMA00317,CGRP-Alpha,False,False,False,CGRP-Alpha
limggjml-1,TMA00317,C-LTMR,False,False,False,C-LTMR
limhlgfg-1,TMA00317,C-LTMR,False,False,False,C-LTMR
linicbng-1,TMA00317,C-LTMR,False,False,False,C-LTMR
linjllkc-1,TMA00317,CGRP-Gamma 1,False,False,False,CGRP-Gamma 1
lioblooj-1,TMA00317,CGRP-Gamma 1,False,False,False,CGRP-Gamma 1
liofecmi-1,TMA00317,CGRP-Eta,False,False,False,CGRP-Eta
ljbhedad-1,TMA00317,Nonpeptidergic nociceptors,False,False,False,Nonpeptidergic nociceptors
ljbkmjfn-1,TMA00317,CGRP-Gamma 1,False,False,False,CGRP-Gamma 1
ljbnelig-1,TMA00317,Abeta-RA-LTMR,False,False,False,Abeta-RA-LTMR
ljcjpfjh-1,TMA00317,CGRP-Gamma 1,False,False,False,CGRP-Gamma 1
ljfbncbp-1,TMA00317,CGRP-Gamma 1,False,False,False,CGRP-Gamma 1
ljfcamah-1,TMA00317,Nonpeptidergic nociceptors,False,False,False,Nonpeptidergic nociceptors
ljfdoiag-1,TMA00317,Nonpeptidergic nociceptors,False,False,False,Nonpeptidergic nociceptors
ljfjmkfg-1,TMA00317,Sst,False,False,False,Sst
ljgcionk-1,TMA00317,C-LTMR,False,False,False,C-LTMR
ljgkoghn-1,TMA00317,Sst,False,False,False,Sst
ljhhkeij-1,TMA00317,CGRP-Gamma 1,False,False,False,CGRP-Gamma 1
ljhlijgg-1,TMA00317,CGRP-Gamma 1,False,False,False,CGRP-Gamma 1
ljhnmpka-1,TMA00317,CGRP-Zeta,False,False,False,CGRP-Zeta
ljhofolb-1,TMA00317,CGRP-Gamma 1,False,False,False,CGRP-Gamma 1
ljhplcmk-1,TMA00317,CGRP-Gamma 2,False,False,False,CGRP-Gamma 2
ljiaijgi-1,TMA00317,CGRP-Gamma 1,False,False,False,CGRP-Gamma 1
ljiefipm-1,TMA00317,Sst,False,False,False,Sst
ljjacicd-1,TMA00317,TrpM8,False,False,False,TrpM8
ljjfbfjk-1,TMA00317,CGRP-Eta,False,False,False,CGRP-Eta
ljjfledl-1,TMA00317,CGRP-Eta,False,False,False,CGRP-Eta
ljjoofel-1,TMA00317,Nonpeptidergic nociceptors,False,False,False,Nonpeptidergic nociceptors
ljjpiohg-1,TMA00317,CGRP-Alpha,False,False,False,CGRP-Alpha
ljkggikd-1,TMA00317,Sst,False,False,False,Sst
ljkjoace-1,TMA00317,Nonpeptidergic nociceptors,False,False,False,Nonpeptidergic nociceptors
ljkjoeej-1,TMA00317,Nonpeptidergic nociceptors,False,False,False,Nonpeptidergic nociceptors
ljkkeaol-1,TMA00317,C-LTMR,False,False,False,C-LTMR
ljkmaibp-1,TMA00317,Sst,False,False,False,Sst
ljlddpem-1,TMA00317,Sst,False,False,False,Sst
ljldpmhf-1,TMA00317,Sst,False,False,False,Sst
ljmanhdc-1,TMA00317,TrpM8,False,False,False,TrpM8
ljmcpbhl-1,TMA00317,CGRP-Zeta,False,False,False,CGRP-Zeta
ljmgimjo-1,TMA00317,Sst,False,False,False,Sst
lkaccdib-1,TMA00317,CGRP-Epsilion,False,False,False,CGRP-Epsilion
lkbdbkce-1,TMA00317,Sst,False,False,False,Sst
lkbjelgp-1,TMA00317,Nonpeptidergic nociceptors,False,False,False,Nonpeptidergic nociceptors
lkbopojn-1,TMA00317,CGRP-Theta,False,False,False,CGRP-Theta
lkcfiele-1,TMA00317,Sst,False,False,False,Sst
lkcjlipl-1,TMA00317,CGRP-Gamma 1,False,False,False,CGRP-Gamma 1
lkdeidbb-1,TMA00317,CGRP-Zeta,False,False,False,CGRP-Zeta
lkdimfnd-1,TMA00317,Abeta-Field,False,False,False,Abeta-Field
lkfdemmd-1,TMA00317,CGRP-Gamma 1,False,False,False,CGRP-Gamma 1
lkfiebcb-1,TMA00317,CGRP-Epsilion,False,False,False,CGRP-Epsilion
lkflfphk-1,TMA00317,CGRP-Epsilion,False,False,False,CGRP-Epsilion
lkgddadm-1,TMA00317,CGRP-Gamma 1,False,False,False,CGRP-Gamma 1
lkgdnhfb-1,TMA00317,CGRP-Gamma 1,False,False,False,CGRP-Gamma 1
lkggnjkp-1,TMA00317,CGRP-Gamma 1,False,False,False,CGRP-Gamma 1
lkgjpgml-1,TMA00317,CGRP-Zeta,False,False,False,CGRP-Zeta
lkglcpio-1,TMA00317,Nonpeptidergic nociceptors,False,False,False,Nonpeptidergic nociceptors
lkgmkkbp-1,TMA00317,CGRP-Eta,False,False,False,CGRP-Eta
lkgocjhm-1,TMA00317,CGRP-Zeta,False,False,False,CGRP-Zeta
lkhecgeh-1,TMA00317,CGRP-Gamma 1,False,False,False,CGRP-Gamma 1
lkhnfmjo-1,TMA00317,Nonpeptidergic nociceptors,False,False,False,Nonpeptidergic nociceptors
lkiejkfd-1,TMA00317,Nonpeptidergic nociceptors,False,False,False,Nonpeptidergic nociceptors
lkikcnbc-1,TMA00317,CGRP-Gamma 1,False,False,False,CGRP-Gamma 1
lkimnnep-1,TMA00317,CGRP-Gamma 1,False,False,False,CGRP-Gamma 1
lkjcafla-1,TMA00317,CGRP-Gamma 1,False,False,False,CGRP-Gamma 1
lkjcoikl-1,TMA00317,Proprioceptors,False,False,False,Proprioceptors
lkjjfdhc-1,TMA00317,TrpM8,False,False,False,TrpM8
lkkbacfk-1,TMA00317,Abeta-Field,False,False,False,Abeta-Field
lkkhoipd-1,TMA00317,CGRP-Gamma 2,False,False,False,CGRP-Gamma 2
lkkjinbj-1,TMA00317,CGRP-Gamma 1,False,False,False,CGRP-Gamma 1
lkkklfgg-1,TMA00317,CGRP-Gamma 2,False,False,False,CGRP-Gamma 2
lkknbebn-1,TMA00317,CGRP-Gamma 1,False,False,False,CGRP-Gamma 1
lklokikn-1,TMA00317,TrpM8,False,False,False,TrpM8
lklpnkdn-1,TMA00317,Nonpeptidergic nociceptors,False,False,False,Nonpeptidergic nociceptors
lljnhaim-1,TMA00317,CGRP-Zeta,False,False,False,CGRP-Zeta
llkcfkal-1,TMA00317,CGRP-Zeta,False,False,False,CGRP-Zeta
llkhkbjd-1,TMA00317,CGRP-Eta,False,False,False,CGRP-Eta
lloohjco-1,TMA00317,CGRP-Theta,False,False,False,CGRP-Theta
llpgaloa-1,TMA00317,Abeta-RA-LTMR,False,False,False,Abeta-RA-LTMR
lmpookcg-1,TMA00317,Proprioceptors,False,False,False,Proprioceptors
lnebpohe-1,TMA00317,Nonpeptidergic nociceptors,False,False,False,Nonpeptidergic nociceptors
lnehhgll-1,TMA00317,C-LTMR,False,False,False,C-LTMR
lnfcgndk-1,TMA00317,CGRP-Eta,False,False,False,CGRP-Eta
lnfdeohl-1,TMA00317,C-LTMR,False,False,False,C-LTMR
lnfdodbo-1,TMA00317,Nonpeptidergic nociceptors,False,False,False,Nonpeptidergic nociceptors
lnfejooi-1,TMA00317,CGRP-Gamma 1,False,False,False,CGRP-Gamma 1
lnfknobg-1,TMA00317,Adelta-LTMR,False,False,False,Adelta-LTMR
lnfllfhm-1,TMA00317,C-LTMR,False,False,False,C-LTMR
lnflpfac-1,TMA00317,Nonpeptidergic nociceptors,False,False,False,Nonpeptidergic nociceptors
lngjdeee-1,TMA00317,Nonpeptidergic nociceptors,False,False,False,Nonpeptidergic nociceptors
lngjljdf-1,TMA00317,Abeta-RA-LTMR,False,False,False,Abeta-RA-LTMR
lnhejjje-1,TMA00317,Sst,False,False,False,Sst
lnhgpmlg-1,TMA00317,CGRP-Alpha,False,False,False,CGRP-Alpha
lnhiaddl-1,TMA00317,CGRP-Beta,False,False,False,CGRP-Beta
lnikimdd-1,TMA00317,CGRP-Gamma 1,False,False,False,CGRP-Gamma 1
lnjeokce-1,TMA00317,CGRP-Gamma 1,False,False,False,CGRP-Gamma 1
lnkcjnah-1,TMA00317,CGRP-Eta,False,False,False,CGRP-Eta
lnkigpji-1,TMA00317,C-LTMR,False,False,False,C-LTMR
lnkjjlai-1,TMA00317,TrpM8,False,False,False,TrpM8
lnknbeol-1,TMA00317,Nonpeptidergic nociceptors,False,False,False,Nonpeptidergic nociceptors
lnknjfng-1,TMA00317,Nonpeptidergic nociceptors,False,False,False,Nonpeptidergic nociceptors
lnkpnmae-1,TMA00317,CGRP-Alpha,False,False,False,CGRP-Alpha
loammcin-1,TMA00317,Adelta-LTMR,False,False,False,Adelta-LTMR
lobeekab-1,TMA00317,Nonpeptidergic nociceptors,False,False,False,Nonpeptidergic nociceptors
lojjceia-1,TMA00317,Sst,False,False,False,Sst
lojjdnoo-1,TMA00317,C-LTMR,False,False,False,C-LTMR
loknhafo-1,TMA00317,Sst,False,False,False,Sst
loknhgjb-1,TMA00317,Sst,False,False,False,Sst
lolackbh-1,TMA00317,TrpM8,False,False,False,TrpM8
lolhkefi-1,TMA00317,Sst,False,False,False,Sst
lomfbjja-1,TMA00317,Sst,False,False,False,Sst
lomhphii-1,TMA00317,Sst,False,False,False,Sst
lomkjime-1,TMA00317,Sst,False,False,False,Sst
lopbomgb-1,TMA00317,TrpM8,False,False,False,TrpM8
lopgcffe-1,TMA00317,CGRP-Eta,False,False,False,CGRP-Eta
lopglene-1,TMA00317,CGRP-Gamma 1,False,False,False,CGRP-Gamma 1
lopicpne-1,TMA00317,CGRP-Gamma 2,False,False,False,CGRP-Gamma 2
lpaclfca-1,TMA00317,CGRP-Alpha,False,False,False,CGRP-Alpha
lpagoike-1,TMA00317,CGRP-Gamma 1,False,False,False,CGRP-Gamma 1
lpcjcoee-1,TMA00317,Sst,False,False,False,Sst
lpckllla-1,TMA00317,Sst,False,False,False,Sst
lpffldaf-1,TMA00317,Sst,False,False,False,Sst
lpghjmmm-1,TMA00317,CGRP-Eta,False,False,False,CGRP-Eta
lphpngmn-1,TMA00317,Nonpeptidergic nociceptors,False,False,False,Nonpeptidergic nociceptors
lpinjpah-1,TMA00317,CGRP-Gamma 1,False,False,False,CGRP-Gamma 1
lpioehpm-1,TMA00317,CGRP-Gamma 1,False,False,False,CGRP-Gamma 1
lpmibbcp-1,TMA00317,Sst,False,False,False,Sst
lpniamjl-1,TMA00317,Sst,False,False,False,Sst
lpnlcoia-1,TMA00317,Sst,False,False,False,Sst
lpobgeic-1,TMA00317,Sst,False,False,False,Sst
mbengdhe-1,TMA00317,Nonpeptidergic nociceptors,False,False,False,Nonpeptidergic nociceptors
mbeoofnc-1,TMA00317,C-LTMR,False,False,False,C-LTMR
mbfgeopp-1,TMA00317,TrpM8,False,False,False,TrpM8
mbicjbcd-1,TMA00317,TrpM8,False,False,False,TrpM8
mbjmgobf-1,TMA00317,Nonpeptidergic nociceptors,False,False,False,Nonpeptidergic nociceptors
mblkigch-1,TMA00317,CGRP-Alpha,False,False,False,CGRP-Alpha
mbngdknb-1,TMA00317,Nonpeptidergic nociceptors,False,False,False,Nonpeptidergic nociceptors
mbnmjfeh-1,TMA00317,Nonpeptidergic nociceptors,False,False,False,Nonpeptidergic nociceptors
mbnolomj-1,TMA00317,C-LTMR,False,False,False,C-LTMR
mbojelog-1,TMA00317,Nonpeptidergic nociceptors,False,False,False,Nonpeptidergic nociceptors
mbpfebel-1,TMA00317,Nonpeptidergic nociceptors,False,False,False,Nonpeptidergic nociceptors
mbpjjbdl-1,TMA00317,Nonpeptidergic nociceptors,False,False,False,Nonpeptidergic nociceptors
mbppbdpn-1,TMA00317,Nonpeptidergic nociceptors,False,False,False,Nonpeptidergic nociceptors
mbpppjjl-1,TMA00317,Nonpeptidergic nociceptors,False,False,False,Nonpeptidergic nociceptors
mcaahdpp-1,TMA00317,Sst,False,False,False,Sst
mcabibpc-1,TMA00317,TrpM8,False,False,False,TrpM8
mcbanbbg-1,TMA00317,Abeta-Field,False,False,False,Abeta-Field
mcbbgnif-1,TMA00317,Sst,False,False,False,Sst
mcbhoibc-1,TMA00317,TrpM8,False,False,False,TrpM8
mcbjomaa-1,TMA00317,Sst,False,False,False,Sst
mcbllhan-1,TMA00317,Nonpeptidergic nociceptors,False,False,False,Nonpeptidergic nociceptors
mcgnegbi-1,TMA00317,CGRP-Alpha,False,False,False,CGRP-Alpha
mcgpdmbm-1,TMA00317,TrpM8,False,False,False,TrpM8
mchdeaoh-1,TMA00317,Abeta-RA-LTMR,False,False,False,Abeta-RA-LTMR
mcheldce-1,TMA00317,Abeta-Field,False,False,False,Abeta-Field
mchjkpbn-1,TMA00317,Nonpeptidergic nociceptors,False,False,False,Nonpeptidergic nociceptors
mcicbgpa-1,TMA00317,Nonpeptidergic nociceptors,False,False,False,Nonpeptidergic nociceptors
mcimibjo-1,TMA00317,Nonpeptidergic nociceptors,False,False,False,Nonpeptidergic nociceptors
mcinloel-1,TMA00317,TrpM8,False,False,False,TrpM8
mcjafkoj-1,TMA00317,Sst,False,False,False,Sst
mcjgoodd-1,TMA00317,Sst,False,False,False,Sst
mcjkcopf-1,TMA00317,Proprioceptors,False,False,False,Proprioceptors
mcjmjbml-1,TMA00317,Abeta-RA-LTMR,False,False,False,Abeta-RA-LTMR
mcjokooh-1,TMA00317,CGRP-Alpha,False,False,False,CGRP-Alpha
mckaebka-1,TMA00317,CGRP-Alpha,True,False,False,CGRP-Alpha
mckphjmi-1,TMA00317,CGRP-Eta,False,False,False,CGRP-Eta
mcngcjkg-1,TMA00317,CGRP-Eta,False,False,False,CGRP-Eta
mdchoafl-1,TMA00317,CGRP-Gamma 1,False,False,False,CGRP-Gamma 1
mdcpdphd-1,TMA00317,CGRP-Alpha,False,False,False,CGRP-Alpha
mddoajfk-1,TMA00317,CGRP-Beta,False,False,False,CGRP-Beta
mddohapa-1,TMA00317,CGRP-Alpha,False,False,False,CGRP-Alpha
mdedlkeg-1,TMA00317,Nonpeptidergic nociceptors,False,False,False,Nonpeptidergic nociceptors
mdhdllfc-1,TMA00317,Nonpeptidergic nociceptors,False,False,False,Nonpeptidergic nociceptors
mdkfgddn-1,TMA00317,Adelta-LTMR,False,False,False,Adelta-LTMR
mdklgmej-1,TMA00317,Nonpeptidergic nociceptors,False,False,False,Nonpeptidergic nociceptors
mdknneeb-1,TMA00317,Nonpeptidergic nociceptors,False,False,False,Nonpeptidergic nociceptors
mdkpnapd-1,TMA00317,Nonpeptidergic nociceptors,False,False,False,Nonpeptidergic nociceptors
mdldfdlf-1,TMA00317,Sst,False,False,False,Sst
mdlehcoe-1,TMA00317,Nonpeptidergic nociceptors,False,False,False,Nonpeptidergic nociceptors
mdlgffli-1,TMA00317,CGRP-Theta,False,False,False,CGRP-Theta
mdlhkpai-1,TMA00317,CGRP-Alpha,False,False,False,CGRP-Alpha
mdmdhhoi-1,TMA00317,Nonpeptidergic nociceptors,False,False,False,Nonpeptidergic nociceptors
mdmpjacg-1,TMA00317,Nonpeptidergic nociceptors,False,False,False,Nonpeptidergic nociceptors
mdnabogj-1,TMA00317,Adelta-LTMR,False,False,False,Adelta-LTMR
mdnnofid-1,TMA00317,CGRP-Alpha,False,False,False,CGRP-Alpha
mdnpdnje-1,TMA00317,Abeta-Field,False,False,False,Abeta-Field
mdociekj-1,TMA00317,TrpM8,False,False,False,TrpM8
mdololda-1,TMA00317,Nonpeptidergic nociceptors,False,False,False,Nonpeptidergic nociceptors
mdpcdkkh-1,TMA00317,Abeta-Field,False,False,False,Abeta-Field
mdpdkbhj-1,TMA00317,Nonpeptidergic nociceptors,False,False,False,Nonpeptidergic nociceptors
mdpgeago-1,TMA00317,Nonpeptidergic nociceptors,False,False,False,Nonpeptidergic nociceptors
mdpiajcc-1,TMA00317,Nonpeptidergic nociceptors,False,False,False,Nonpeptidergic nociceptors
mdpjddmd-1,TMA00317,Proprioceptors,False,False,False,Proprioceptors
meegmlhl-1,TMA00317,Proprioceptors,False,False,False,Proprioceptors
megjbhkb-1,TMA00317,Proprioceptors,False,False,False,Proprioceptors
mglmaich-1,TMA00317,CGRP-Gamma 1,False,False,False,CGRP-Gamma 1
mglnaiab-1,TMA00317,Abeta-Field,False,False,False,Abeta-Field
mglodghp-1,TMA00317,Nonpeptidergic nociceptors,False,False,False,Nonpeptidergic nociceptors
mgmbhpbc-1,TMA00317,Nonpeptidergic nociceptors,False,False,False,Nonpeptidergic nociceptors
mgmdcpbo-1,TMA00317,CGRP-Gamma 1,False,False,False,CGRP-Gamma 1
mgmimhka-1,TMA00317,Nonpeptidergic nociceptors,False,False,False,Nonpeptidergic nociceptors
mgmlmipo-1,TMA00317,C-LTMR,False,False,False,C-LTMR
mgmmnpkj-1,TMA00317,Nonpeptidergic nociceptors,False,False,False,Nonpeptidergic nociceptors
mgnfemkg-1,TMA00317,Nonpeptidergic nociceptors,False,False,False,Nonpeptidergic nociceptors
mgopblif-1,TMA00317,Abeta-Field,False,False,False,Abeta-Field
mhagohmg-1,TMA00317,CGRP-Epsilion,False,False,False,CGRP-Epsilion
mhajfcpl-1,TMA00317,CGRP-Epsilion,False,False,False,CGRP-Epsilion
mhbldmce-1,TMA00317,Nonpeptidergic nociceptors,False,False,False,Nonpeptidergic nociceptors
mhbmmfam-1,TMA00317,Proprioceptors,False,False,False,Proprioceptors
mhbninoc-1,TMA00317,Proprioceptors,False,False,False,Proprioceptors
mhcodlkh-1,TMA00317,CGRP-Theta,False,False,False,CGRP-Theta
mhdfkpin-1,TMA00317,Abeta-RA-LTMR,False,False,False,Abeta-RA-LTMR
mhdgbmec-1,TMA00317,CGRP-Theta,False,False,False,CGRP-Theta
mhdjpohd-1,TMA00317,Abeta-RA-LTMR,False,False,False,Abeta-RA-LTMR
mhdlmfoa-1,TMA00317,Nonpeptidergic nociceptors,False,False,False,Nonpeptidergic nociceptors
mhdlopeg-1,TMA00317,Adelta-LTMR,False,False,False,Adelta-LTMR
mhebfhao-1,TMA00317,C-LTMR,False,False,False,C-LTMR
mhffijfc-1,TMA00317,CGRP-Epsilion,False,False,False,CGRP-Epsilion
mhfhfnla-1,TMA00317,Nonpeptidergic nociceptors,False,False,False,Nonpeptidergic nociceptors
mhhjicbh-1,TMA00317,CGRP-Eta,False,False,False,CGRP-Eta
mhhmiaip-1,TMA00317,CGRP-Zeta,False,False,False,CGRP-Zeta
mhianhoj-1,TMA00317,CGRP-Alpha,False,False,False,CGRP-Alpha
mhijhgdm-1,TMA00317,CGRP-Epsilion,True,False,False,CGRP-Epsilion
mhijlknh-1,TMA00317,Nonpeptidergic nociceptors,False,False,False,Nonpeptidergic nociceptors
mhillpdc-1,TMA00317,CGRP-Gamma 1,False,False,False,CGRP-Gamma 1
mhiophoj-1,TMA00317,Nonpeptidergic nociceptors,False,False,False,Nonpeptidergic nociceptors
mhjeenib-1,TMA00317,C-LTMR,False,False,False,C-LTMR
mhjjclfh-1,TMA00317,Abeta-RA-LTMR,False,False,False,Abeta-RA-LTMR
mhkeiaof-1,TMA00317,Proprioceptors,False,False,False,Proprioceptors
mhklbofm-1,TMA00317,CGRP-Epsilion,False,False,False,CGRP-Epsilion
mhldbnbf-1,TMA00317,Abeta-RA-LTMR,False,False,False,Abeta-RA-LTMR
mhlgebgo-1,TMA00317,Nonpeptidergic nociceptors,False,False,False,Nonpeptidergic nociceptors
mhljeocf-1,TMA00317,Adelta-LTMR,False,False,False,Adelta-LTMR
mhlkmnmf-1,TMA00317,Nonpeptidergic nociceptors,False,False,False,Nonpeptidergic nociceptors
mhmgcabo-1,TMA00317,CGRP-Alpha,False,False,False,CGRP-Alpha
mhmppcln-1,TMA00317,CGRP-Zeta,False,False,False,CGRP-Zeta
mhoflmac-1,TMA00317,Nonpeptidergic nociceptors,False,False,False,Nonpeptidergic nociceptors
mhoioncj-1,TMA00317,CGRP-Theta,False,False,False,CGRP-Theta
mhpelhee-1,TMA00317,Nonpeptidergic nociceptors,False,False,False,Nonpeptidergic nociceptors
mhphecle-1,TMA00317,CGRP-Beta,False,False,False,CGRP-Beta
mhpijahj-1,TMA00317,C-LTMR,False,False,False,C-LTMR
mhpjclil-1,TMA00317,Proprioceptors,False,False,False,Proprioceptors
mhpoonhh-1,TMA00317,Proprioceptors,False,False,False,Proprioceptors
mijhpngl-1,TMA00317,CGRP-Eta,False,False,False,CGRP-Eta
mijkkmpd-1,TMA00317,Sst,False,False,False,Sst
mijlohpm-1,TMA00317,Nonpeptidergic nociceptors,False,False,False,Nonpeptidergic nociceptors
mimjoana-1,TMA00317,Nonpeptidergic nociceptors,False,False,False,Nonpeptidergic nociceptors
mjmpmaon-1,TMA00317,CGRP-Theta,False,False,False,CGRP-Theta
mjnjhifm-1,TMA00317,CGRP-Eta,False,False,False,CGRP-Eta
mjoinooe-1,TMA00317,C-LTMR,False,False,False,C-LTMR
mkacfnbl-1,TMA00317,Nonpeptidergic nociceptors,False,False,False,Nonpeptidergic nociceptors
mkacnjne-1,TMA00317,CGRP-Zeta,False,False,False,CGRP-Zeta
mkaldbkc-1,TMA00317,CGRP-Theta,False,False,False,CGRP-Theta
mkbklgbo-1,TMA00317,Nonpeptidergic nociceptors,False,False,False,Nonpeptidergic nociceptors
mkbpnhnp-1,TMA00317,CGRP-Epsilion,False,False,False,CGRP-Epsilion
mkcadeam-1,TMA00317,CGRP-Gamma 1,False,False,False,CGRP-Gamma 1
mkdfkkbc-1,TMA00317,CGRP-Zeta,False,False,False,CGRP-Zeta
mkdigbha-1,TMA00317,CGRP-Zeta,False,False,False,CGRP-Zeta
mkdjpmik-1,TMA00317,Abeta-RA-LTMR,False,False,False,Abeta-RA-LTMR
mkekmpkm-1,TMA00317,Nonpeptidergic nociceptors,False,False,False,Nonpeptidergic nociceptors
mkemekca-1,TMA00317,CGRP-Gamma 1,False,False,False,CGRP-Gamma 1
mkfaghek-1,TMA00317,Nonpeptidergic nociceptors,False,False,False,Nonpeptidergic nociceptors
mkfbgfio-1,TMA00317,Nonpeptidergic nociceptors,False,False,False,Nonpeptidergic nociceptors
mkfbhlcl-1,TMA00317,CGRP-Epsilion,False,False,False,CGRP-Epsilion
mkffjokp-1,TMA00317,CGRP-Alpha,False,False,False,CGRP-Alpha
mkfgmpph-1,TMA00317,CGRP-Eta,False,False,False,CGRP-Eta
mkfhgbmn-1,TMA00317,CGRP-Alpha,False,False,False,CGRP-Alpha
mkfooahg-1,TMA00317,CGRP-Gamma 1,False,False,False,CGRP-Gamma 1
mkfpfinl-1,TMA00317,CGRP-Theta,False,False,False,CGRP-Theta
mkgcmkoj-1,TMA00317,C-LTMR,False,False,False,C-LTMR
mkgeehlh-1,TMA00317,Abeta-RA-LTMR,False,False,False,Abeta-RA-LTMR
mkghhhnn-1,TMA00317,Nonpeptidergic nociceptors,False,False,False,Nonpeptidergic nociceptors
mkgiablc-1,TMA00317,Sst,False,False,False,Sst
mkgiphbn-1,TMA00317,Abeta-RA-LTMR,False,False,False,Abeta-RA-LTMR
mkgpbcac-1,TMA00317,CGRP-Eta,False,False,False,CGRP-Eta
mkhbpaef-1,TMA00317,CGRP-Epsilion,False,False,False,CGRP-Epsilion
mkhcmjcj-1,TMA00317,C-LTMR,False,False,False,C-LTMR
mkhfghel-1,TMA00317,Nonpeptidergic nociceptors,False,False,False,Nonpeptidergic nociceptors
mkhhnici-1,TMA00317,CGRP-Theta,False,False,False,CGRP-Theta
mkhmmdaa-1,TMA00317,Adelta-LTMR,False,False,False,Adelta-LTMR
mkiclhgk-1,TMA00317,CGRP-Theta,False,False,False,CGRP-Theta
mkiklndf-1,TMA00317,Nonpeptidergic nociceptors,False,False,False,Nonpeptidergic nociceptors
mkioliga-1,TMA00317,C-LTMR,False,False,False,C-LTMR
mkjabnbb-1,TMA00317,CGRP-Theta,False,False,False,CGRP-Theta
mkjggpak-1,TMA00317,C-LTMR,False,False,False,C-LTMR
mkjjgool-1,TMA00317,Sst,False,False,False,Sst
mkjpdflo-1,TMA00317,Nonpeptidergic nociceptors,False,False,False,Nonpeptidergic nociceptors
mkkhoioj-1,TMA00317,Sst,False,False,False,Sst
mkkmdbea-1,TMA00317,Nonpeptidergic nociceptors,False,False,False,Nonpeptidergic nociceptors
mkkongcg-1,TMA00317,Nonpeptidergic nociceptors,False,False,False,Nonpeptidergic nociceptors
mklabmpa-1,TMA00317,CGRP-Epsilion,False,False,False,CGRP-Epsilion
mklfihnd-1,TMA00317,CGRP-Eta,False,False,False,CGRP-Eta
mkmncepg-1,TMA00317,Nonpeptidergic nociceptors,False,False,False,Nonpeptidergic nociceptors
mkmoceim-1,TMA00317,C-LTMR,False,False,False,C-LTMR
mkmpnonp-1,TMA00317,Nonpeptidergic nociceptors,False,False,False,Nonpeptidergic nociceptors
mknaoafm-1,TMA00317,C-LTMR,False,False,False,C-LTMR
mknhlpil-1,TMA00317,Abeta-Field,False,False,False,Abeta-Field
mknhpiag-1,TMA00317,Nonpeptidergic nociceptors,False,False,False,Nonpeptidergic nociceptors
mknnbofm-1,TMA00317,Sst,False,False,False,Sst
mkoecajg-1,TMA00317,Nonpeptidergic nociceptors,False,False,False,Nonpeptidergic nociceptors
mkomeooh-1,TMA00317,Nonpeptidergic nociceptors,False,False,False,Nonpeptidergic nociceptors
mkpahefe-1,TMA00317,Sst,False,False,False,Sst
mkpahnln-1,TMA00317,Abeta-Field,False,False,False,Abeta-Field
mlcekdgh-1,TMA00317,CGRP-Epsilion,False,False,False,CGRP-Epsilion
mlcnolgl-1,TMA00317,Nonpeptidergic nociceptors,False,False,False,Nonpeptidergic nociceptors
mldfjdbb-1,TMA00317,CGRP-Beta,False,False,False,CGRP-Beta
mldgkmhg-1,TMA00317,Nonpeptidergic nociceptors,False,False,False,Nonpeptidergic nociceptors
mlifdnij-1,TMA00317,Abeta-RA-LTMR,False,False,False,Abeta-RA-LTMR
mlikddmo-1,TMA00317,TrpM8,False,False,False,TrpM8
mljhmjef-1,TMA00317,CGRP-Theta,False,False,False,CGRP-Theta
mljpcicp-1,TMA00317,CGRP-Gamma 1,False,False,False,CGRP-Gamma 1
mlkbcikm-1,TMA00317,Nonpeptidergic nociceptors,False,False,False,Nonpeptidergic nociceptors
mlkfjmll-1,TMA00317,CGRP-Gamma 1,False,False,False,CGRP-Gamma 1
mlkfoipf-1,TMA00317,TrpM8,False,False,False,TrpM8
mlkiikjk-1,TMA00317,Nonpeptidergic nociceptors,False,False,False,Nonpeptidergic nociceptors
mlklfhjj-1,TMA00317,CGRP-Alpha,False,False,False,CGRP-Alpha
mlkmmhki-1,TMA00317,Nonpeptidergic nociceptors,False,False,False,Nonpeptidergic nociceptors
mlkpgcpd-1,TMA00317,CGRP-Eta,False,False,False,CGRP-Eta
mllodhpi-1,TMA00317,TrpM8,False,False,False,TrpM8
mlmafkfc-1,TMA00317,C-LTMR,False,False,False,C-LTMR
mlmfkngh-1,TMA00317,Nonpeptidergic nociceptors,False,False,False,Nonpeptidergic nociceptors
mlmmpnpg-1,TMA00317,Abeta-RA-LTMR,False,False,False,Abeta-RA-LTMR
mlncmobo-1,TMA00317,CGRP-Eta,False,False,False,CGRP-Eta
mlpdmncf-1,TMA00317,C-LTMR,False,False,False,C-LTMR
mlpehdhc-1,TMA00317,Nonpeptidergic nociceptors,False,False,False,Nonpeptidergic nociceptors
mlpmnphn-1,TMA00317,Nonpeptidergic nociceptors,False,False,False,Nonpeptidergic nociceptors
mmagmljn-1,TMA00317,CGRP-Zeta,False,False,False,CGRP-Zeta
mmaliind-1,TMA00317,CGRP-Gamma 1,False,False,False,CGRP-Gamma 1
mmaopfbp-1,TMA00317,Nonpeptidergic nociceptors,False,False,False,Nonpeptidergic nociceptors
mmapigob-1,TMA00317,CGRP-Epsilion,False,False,False,CGRP-Epsilion
mmbeflae-1,TMA00317,CGRP-Theta,False,False,False,CGRP-Theta
mmbjjale-1,TMA00317,Nonpeptidergic nociceptors,False,False,False,Nonpeptidergic nociceptors
mmcacefa-1,TMA00317,C-LTMR,False,False,False,C-LTMR
mmcajfij-1,TMA00317,Adelta-LTMR,False,False,False,Adelta-LTMR
mmcalelm-1,TMA00317,CGRP-Eta,False,False,False,CGRP-Eta
mmchijed-1,TMA00317,Abeta-Field,False,False,False,Abeta-Field
mmdahekj-1,TMA00317,C-LTMR,False,False,False,C-LTMR
mmdhoidn-1,TMA00317,CGRP-Zeta,False,False,False,CGRP-Zeta
mmdijepm-1,TMA00317,CGRP-Zeta,False,False,False,CGRP-Zeta
mmljabdg-1,TMA00317,Adelta-LTMR,False,False,False,Adelta-LTMR
mmlmgmhb-1,TMA00317,CGRP-Gamma 1,False,False,False,CGRP-Gamma 1
mmmangog-1,TMA00317,Proprioceptors,False,False,False,Proprioceptors
mmmefjep-1,TMA00317,Abeta-RA-LTMR,False,False,False,Abeta-RA-LTMR
mmmhkjia-1,TMA00317,Abeta-RA-LTMR,False,False,False,Abeta-RA-LTMR
mmmkjcoj-1,TMA00317,Nonpeptidergic nociceptors,False,False,False,Nonpeptidergic nociceptors
mmmnaflj-1,TMA00317,Nonpeptidergic nociceptors,False,False,False,Nonpeptidergic nociceptors
mmmpbedi-1,TMA00317,CGRP-Zeta,False,False,False,CGRP-Zeta
mmoajome-1,TMA00317,Abeta-RA-LTMR,False,False,False,Abeta-RA-LTMR
mnaampog-1,TMA00317,Abeta-Field,False,False,False,Abeta-Field
mnabkojk-1,TMA00317,CGRP-Gamma 1,False,False,False,CGRP-Gamma 1
mnceehia-1,TMA00317,CGRP-Gamma 2,False,False,False,CGRP-Gamma 2
mncfpnlg-1,TMA00317,CGRP-Alpha,False,False,False,CGRP-Alpha
mncgbabj-1,TMA00317,CGRP-Gamma 1,False,False,False,CGRP-Gamma 1
mndiicee-1,TMA00317,CGRP-Eta,False,False,False,CGRP-Eta
mndjbkcj-1,TMA00317,TrpM8,False,False,False,TrpM8
mndkmpdf-1,TMA00317,CGRP-Eta,False,False,False,CGRP-Eta
mnffdedm-1,TMA00317,Sst,False,False,False,Sst
mnfheeng-1,TMA00317,Sst,False,False,False,Sst
mnfiilhg-1,TMA00317,CGRP-Gamma 1,False,False,False,CGRP-Gamma 1
mnfolcbk-1,TMA00317,CGRP-Gamma 1,False,False,False,CGRP-Gamma 1
mngahfjj-1,TMA00317,CGRP-Gamma 1,False,False,False,CGRP-Gamma 1
mngbekcn-1,TMA00317,Nonpeptidergic nociceptors,False,False,False,Nonpeptidergic nociceptors
mnhefnbh-1,TMA00317,CGRP-Zeta,False,False,False,CGRP-Zeta
mnhldcmg-1,TMA00317,TrpM8,False,False,False,TrpM8
mnkfimia-1,TMA00317,Nonpeptidergic nociceptors,False,False,False,Nonpeptidergic nociceptors
mnkgfail-1,TMA00317,Abeta-Field,False,False,False,Abeta-Field
mnlfnafc-1,TMA00317,Abeta-Field,False,False,False,Abeta-Field
mnmjilla-1,TMA00317,CGRP-Eta,False,False,False,CGRP-Eta
mnmnncmd-1,TMA00317,C-LTMR,False,False,False,C-LTMR
mnmokile-1,TMA00317,Nonpeptidergic nociceptors,False,False,False,Nonpeptidergic nociceptors
mnnbddea-1,TMA00317,Nonpeptidergic nociceptors,False,False,False,Nonpeptidergic nociceptors
mnnchikb-1,TMA00317,Sst,False,False,False,Sst
mnnjdoml-1,TMA00317,CGRP-Gamma 1,False,False,False,CGRP-Gamma 1
mnnkfcad-1,TMA00317,CGRP-Theta,False,False,False,CGRP-Theta
mnopglad-1,TMA00317,CGRP-Theta,False,False,False,CGRP-Theta
mnophgjf-1,TMA00317,Nonpeptidergic nociceptors,False,False,False,Nonpeptidergic nociceptors
mnpgblmi-1,TMA00317,Nonpeptidergic nociceptors,False,False,False,Nonpeptidergic nociceptors
mnpkooll-1,TMA00317,CGRP-Theta,False,False,False,CGRP-Theta
mnplfnni-1,TMA00317,Sst,False,False,False,Sst
mnpnamhh-1,TMA00317,Nonpeptidergic nociceptors,False,False,False,Nonpeptidergic nociceptors
moaaedll-1,TMA00317,Nonpeptidergic nociceptors,False,False,False,Nonpeptidergic nociceptors
moabpmje-1,TMA00317,Nonpeptidergic nociceptors,False,False,False,Nonpeptidergic nociceptors
moachfco-1,TMA00317,CGRP-Theta,False,False,False,CGRP-Theta
moahiape-1,TMA00317,Adelta-LTMR,False,False,False,Adelta-LTMR
moajahnh-1,TMA00317,TrpM8,False,False,False,TrpM8
moajmjod-1,TMA00317,Sst,False,False,False,Sst
moaloopj-1,TMA00317,CGRP-Epsilion,False,False,False,CGRP-Epsilion
mobbapbo-1,TMA00317,Nonpeptidergic nociceptors,False,False,False,Nonpeptidergic nociceptors
mobdapim-1,TMA00317,Nonpeptidergic nociceptors,False,False,False,Nonpeptidergic nociceptors
mobgpfkl-1,TMA00317,Nonpeptidergic nociceptors,False,False,False,Nonpeptidergic nociceptors
mochcfgl-1,TMA00317,Nonpeptidergic nociceptors,False,False,False,Nonpeptidergic nociceptors
mociaokd-1,TMA00317,Nonpeptidergic nociceptors,False,False,False,Nonpeptidergic nociceptors
modbjide-1,TMA00317,CGRP-Theta,False,False,False,CGRP-Theta
moddalih-1,TMA00317,CGRP-Epsilion,False,False,False,CGRP-Epsilion
modjbjfm-1,TMA00317,C-LTMR,False,False,False,C-LTMR
modokhnm-1,TMA00317,Proprioceptors,False,False,False,Proprioceptors
moedhioc-1,TMA00317,Nonpeptidergic nociceptors,False,False,False,Nonpeptidergic nociceptors
moeeaheg-1,TMA00317,Nonpeptidergic nociceptors,False,False,False,Nonpeptidergic nociceptors
moegnlof-1,TMA00317,Nonpeptidergic nociceptors,False,False,False,Nonpeptidergic nociceptors
moehiicj-1,TMA00317,Nonpeptidergic nociceptors,False,False,False,Nonpeptidergic nociceptors
mofhnbkj-1,TMA00317,TrpM8,False,False,False,TrpM8
moggkkdj-1,TMA00317,CGRP-Theta,False,False,False,CGRP-Theta
moiliidm-1,TMA00317,CGRP-Gamma 1,False,False,False,CGRP-Gamma 1
moipafoi-1,TMA00317,Nonpeptidergic nociceptors,False,False,False,Nonpeptidergic nociceptors
mojbijfi-1,TMA00317,Nonpeptidergic nociceptors,False,False,False,Nonpeptidergic nociceptors
mojkkndg-1,TMA00317,Abeta-Field,False,False,False,Abeta-Field
momhbhbl-1,TMA00317,Nonpeptidergic nociceptors,False,False,False,Nonpeptidergic nociceptors
monhfmpg-1,TMA00317,CGRP-Gamma 1,False,False,False,CGRP-Gamma 1
mpadcnil-1,TMA00317,CGRP-Alpha,False,False,False,CGRP-Alpha
mpbcihbc-1,TMA00317,CGRP-Gamma 1,False,False,False,CGRP-Gamma 1
mpbdoplg-1,TMA00317,CGRP-Gamma 1,False,False,False,CGRP-Gamma 1
mpbjkhkh-1,TMA00317,CGRP-Eta,False,False,False,CGRP-Eta
mpbmafpo-1,TMA00317,Sst,False,False,False,Sst
mpbmjcll-1,TMA00317,Nonpeptidergic nociceptors,False,False,False,Nonpeptidergic nociceptors
mpccbnde-1,TMA00317,Sst,False,False,False,Sst
mpcmnepg-1,TMA00317,Sst,False,False,False,Sst
mpdbfiib-1,TMA00317,Sst,False,False,False,Sst
mpdkahgm-1,TMA00317,Nonpeptidergic nociceptors,False,False,False,Nonpeptidergic nociceptors
mpdllkcc-1,TMA00317,CGRP-Eta,False,False,False,CGRP-Eta
mpdlokoa-1,TMA00317,CGRP-Theta,False,False,False,CGRP-Theta
mpedckke-1,TMA00317,CGRP-Eta,False,False,False,CGRP-Eta
mpeefllb-1,TMA00317,CGRP-Theta,False,False,False,CGRP-Theta
mpehkpdj-1,TMA00317,CGRP-Gamma 2,False,False,False,CGRP-Gamma 2
mpekfekk-1,TMA00317,CGRP-Gamma 1,False,False,False,CGRP-Gamma 1
mpfakjfh-1,TMA00317,Nonpeptidergic nociceptors,False,False,False,Nonpeptidergic nociceptors
mpfbbmhk-1,TMA00317,CGRP-Gamma 1,False,False,False,CGRP-Gamma 1
mpffkhol-1,TMA00317,C-LTMR,False,False,False,C-LTMR
mpflpmoh-1,TMA00317,Nonpeptidergic nociceptors,False,False,False,Nonpeptidergic nociceptors
mpfnjncj-1,TMA00317,CGRP-Gamma 1,False,False,False,CGRP-Gamma 1
mpgnfgce-1,TMA00317,CGRP-Gamma 1,False,False,False,CGRP-Gamma 1
mphabkpm-1,TMA00317,CGRP-Gamma 1,False,False,False,CGRP-Gamma 1
mphmlepl-1,TMA00317,CGRP-Eta,False,False,False,CGRP-Eta
mphojkfg-1,TMA00317,CGRP-Theta,False,False,False,CGRP-Theta
mpidhohm-1,TMA00317,Abeta-RA-LTMR,False,False,False,Abeta-RA-LTMR
mpjaipgh-1,TMA00317,Sst,False,False,False,Sst
mpjdfgbf-1,TMA00317,CGRP-Gamma 2,False,False,False,CGRP-Gamma 2
mpjhkach-1,TMA00317,CGRP-Zeta,False,False,False,CGRP-Zeta
mpjklnbp-1,TMA00317,Nonpeptidergic nociceptors,False,False,False,Nonpeptidergic nociceptors
mpjmjjid-1,TMA00317,Sst,False,False,False,Sst
mplgehle-1,TMA00317,CGRP-Eta,False,False,False,CGRP-Eta
mplmbdfg-1,TMA00317,CGRP-Gamma 1,False,False,False,CGRP-Gamma 1
mplpanfc-1,TMA00317,CGRP-Epsilion,False,False,False,CGRP-Epsilion
mpmbilnp-1,TMA00317,CGRP-Gamma 1,False,False,False,CGRP-Gamma 1
mpmkladb-1,TMA00317,Sst,False,False,False,Sst
mpnkfjlk-1,TMA00317,CGRP-Gamma 1,False,False,False,CGRP-Gamma 1
mpnkhbpn-1,TMA00317,CGRP-Eta,False,False,False,CGRP-Eta
mpodcapc-1,TMA00317,Sst,False,False,False,Sst
mpomcddf-1,TMA00317,CGRP-Gamma 1,False,False,False,CGRP-Gamma 1
mpopbhok-1,TMA00317,CGRP-Eta,False,False,False,CGRP-Eta
mppdmeoo-1,TMA00317,CGRP-Gamma 1,False,False,False,CGRP-Gamma 1
mppjlfib-1,TMA00317,CGRP-Gamma 1,False,False,False,CGRP-Gamma 1
mppkddpf-1,TMA00317,Sst,False,False,False,Sst
naalbahm-1,TMA00317,CGRP-Gamma 1,False,False,False,CGRP-Gamma 1
naamllmm-1,TMA00317,CGRP-Eta,False,False,False,CGRP-Eta
nadfdkcp-1,TMA00317,CGRP-Gamma 2,False,False,False,CGRP-Gamma 2
naecogae-1,TMA00317,CGRP-Gamma 1,False,False,False,CGRP-Gamma 1
naedjlgk-1,TMA00317,TrpM8,False,False,False,TrpM8
naeoomda-1,TMA00317,CGRP-Gamma 1,False,False,False,CGRP-Gamma 1
nagagedb-1,TMA00317,C-LTMR,False,False,False,C-LTMR
nageenpa-1,TMA00317,Nonpeptidergic nociceptors,False,False,False,Nonpeptidergic nociceptors
nagkljog-1,TMA00317,Sst,False,False,False,Sst
nahffeak-1,TMA00317,CGRP-Gamma 1,False,False,False,CGRP-Gamma 1
nahjbibh-1,TMA00317,CGRP-Eta,False,False,False,CGRP-Eta
nahmhpmb-1,TMA00317,Sst,False,False,False,Sst
nahmlkmj-1,TMA00317,CGRP-Gamma 1,False,False,False,CGRP-Gamma 1
naibkilo-1,TMA00317,CGRP-Gamma 1,False,False,False,CGRP-Gamma 1
naihglbi-1,TMA00317,Nonpeptidergic nociceptors,False,False,False,Nonpeptidergic nociceptors
naijgjop-1,TMA00317,TrpM8,False,False,False,TrpM8
naikionj-1,TMA00317,CGRP-Gamma 1,False,False,False,CGRP-Gamma 1
naimnhdp-1,TMA00317,Nonpeptidergic nociceptors,False,False,False,Nonpeptidergic nociceptors
najcifmm-1,TMA00317,Proprioceptors,False,False,False,Proprioceptors
najdfeon-1,TMA00317,CGRP-Alpha,False,False,False,CGRP-Alpha
najgmple-1,TMA00317,CGRP-Alpha,False,False,False,CGRP-Alpha
nakkglof-1,TMA00317,CGRP-Theta,False,False,False,CGRP-Theta
nampnnkf-1,TMA00317,CGRP-Gamma 1,False,False,False,CGRP-Gamma 1
nanelfdm-1,TMA00317,CGRP-Gamma 1,False,False,False,CGRP-Gamma 1
nanfonap-1,TMA00317,CGRP-Epsilion,False,False,False,CGRP-Epsilion
nbbbemoc-1,TMA00317,CGRP-Alpha,False,False,False,CGRP-Alpha
nbbdikof-1,TMA00317,CGRP-Epsilion,False,False,False,CGRP-Epsilion
nbcaafog-1,TMA00317,CGRP-Gamma 2,False,False,False,CGRP-Gamma 2
nbdfjfbi-1,TMA00317,CGRP-Epsilion,False,False,False,CGRP-Epsilion
nbglfebk-1,TMA00317,Sst,False,False,False,Sst
nbhbpcap-1,TMA00317,Sst,False,False,False,Sst
nbhhjpbm-1,TMA00317,TrpM8,False,False,False,TrpM8
nbiaoeco-1,TMA00317,CGRP-Gamma 1,False,False,False,CGRP-Gamma 1
nbibgeen-1,TMA00317,Proprioceptors,False,False,False,Proprioceptors
nbicflid-1,TMA00317,CGRP-Theta,False,False,False,CGRP-Theta
nbjdnohh-1,TMA00317,Abeta-RA-LTMR,False,False,False,Abeta-RA-LTMR
nbjfbngg-1,TMA00317,C-LTMR,False,False,False,C-LTMR
nbkkmoee-1,TMA00317,CGRP-Theta,False,False,False,CGRP-Theta
nbmdanao-1,TMA00317,Sst,False,False,False,Sst
nbmenbjn-1,TMA00317,TrpM8,False,False,False,TrpM8
nbmgooni-1,TMA00317,Proprioceptors,False,False,False,Proprioceptors
nbonhnic-1,TMA00317,Nonpeptidergic nociceptors,False,False,False,Nonpeptidergic nociceptors
nccfgnhh-1,TMA00317,C-LTMR,False,False,False,C-LTMR
ncejifgf-1,TMA00317,CGRP-Zeta,False,False,False,CGRP-Zeta
ncfbccga-1,TMA00317,Abeta-Field,False,False,False,Abeta-Field
ncffldkn-1,TMA00317,TrpM8,False,False,False,TrpM8
ncgjfllk-1,TMA00317,CGRP-Eta,False,False,False,CGRP-Eta
ncmdiihp-1,TMA00317,CGRP-Eta,False,False,False,CGRP-Eta
ncmkmemj-1,TMA00317,CGRP-Gamma 2,False,False,False,CGRP-Gamma 2
ncmpnekn-1,TMA00317,Abeta-Field,False,False,False,Abeta-Field
ncnbghpd-1,TMA00317,CGRP-Eta,False,False,False,CGRP-Eta
ncnbnmdd-1,TMA00317,TrpM8,False,False,False,TrpM8
ncngigcn-1,TMA00317,CGRP-Eta,False,False,False,CGRP-Eta
ncnjokla-1,TMA00317,CGRP-Zeta,False,False,False,CGRP-Zeta
ncnkocbo-1,TMA00317,CGRP-Eta,False,False,False,CGRP-Eta
ncnppmlk-1,TMA00317,Nonpeptidergic nociceptors,False,False,False,Nonpeptidergic nociceptors
ncoambnk-1,TMA00317,Nonpeptidergic nociceptors,False,False,False,Nonpeptidergic nociceptors
ncpccdfe-1,TMA00317,CGRP-Gamma 1,False,False,False,CGRP-Gamma 1
ndbdamaj-1,TMA00317,CGRP-Gamma 1,False,False,False,CGRP-Gamma 1
ndbhefhc-1,TMA00317,CGRP-Theta,False,False,False,CGRP-Theta
ndbilpag-1,TMA00317,TrpM8,False,False,False,TrpM8
ndbnelbj-1,TMA00317,CGRP-Gamma 1,False,False,False,CGRP-Gamma 1
ndcbjfpk-1,TMA00317,Nonpeptidergic nociceptors,False,False,False,Nonpeptidergic nociceptors
ndcdfajd-1,TMA00317,CGRP-Gamma 1,False,False,False,CGRP-Gamma 1
ndcegabj-1,TMA00317,Nonpeptidergic nociceptors,False,False,False,Nonpeptidergic nociceptors
ndcheamh-1,TMA00317,CGRP-Gamma 2,False,False,False,CGRP-Gamma 2
ndcjhanh-1,TMA00317,CGRP-Gamma 1,False,False,False,CGRP-Gamma 1
ndckfaee-1,TMA00317,CGRP-Eta,False,False,False,CGRP-Eta
nddbhenk-1,TMA00317,Abeta-Field,False,True,False,Abeta-Field
nddjncla-1,TMA00317,Nonpeptidergic nociceptors,False,False,False,Nonpeptidergic nociceptors
ndebjmol-1,TMA00317,CGRP-Alpha,False,False,False,CGRP-Alpha
ndemhhec-1,TMA00317,C-LTMR,False,False,False,C-LTMR
ndeniibb-1,TMA00317,Abeta-RA-LTMR,False,False,False,Abeta-RA-LTMR
ndfecdmg-1,TMA00317,Nonpeptidergic nociceptors,False,False,False,Nonpeptidergic nociceptors
ndffaaek-1,TMA00317,CGRP-Epsilion,False,False,False,CGRP-Epsilion
ndfncnfi-1,TMA00317,CGRP-Gamma 1,False,False,False,CGRP-Gamma 1
ndfpmfoj-1,TMA00317,CGRP-Gamma 1,False,False,False,CGRP-Gamma 1
ndgdhpkn-1,TMA00317,CGRP-Epsilion,False,False,False,CGRP-Epsilion
ndggmbjk-1,TMA00317,Nonpeptidergic nociceptors,False,False,False,Nonpeptidergic nociceptors
ndggojbp-1,TMA00317,Nonpeptidergic nociceptors,False,False,False,Nonpeptidergic nociceptors
ndlmcoaj-1,TMA00317,C-LTMR,False,False,False,C-LTMR
ndnllgho-1,TMA00317,CGRP-Alpha,False,False,False,CGRP-Alpha
ndoaoahn-1,TMA00317,Sst,False,False,False,Sst
ndoengok-1,TMA00317,CGRP-Gamma 1,False,False,False,CGRP-Gamma 1
ndoibppp-1,TMA00317,TrpM8,False,False,False,TrpM8
ndonjmpp-1,TMA00317,CGRP-Gamma 1,False,False,False,CGRP-Gamma 1
ndpejknp-1,TMA00317,CGRP-Zeta,False,False,False,CGRP-Zeta
ndpgjfjm-1,TMA00317,CGRP-Zeta,False,False,False,CGRP-Zeta
ndplkjod-1,TMA00317,CGRP-Alpha,False,False,False,CGRP-Alpha
neakokgd-1,TMA00317,CGRP-Eta,False,False,False,CGRP-Eta
nebainfk-1,TMA00317,CGRP-Gamma 1,False,False,False,CGRP-Gamma 1
nedbcbik-1,TMA00317,CGRP-Gamma 1,False,False,False,CGRP-Gamma 1
nedegnbd-1,TMA00317,CGRP-Zeta,False,False,False,CGRP-Zeta
nedklokf-1,TMA00317,CGRP-Gamma 1,False,False,False,CGRP-Gamma 1
nedmefha-1,TMA00317,CGRP-Gamma 1,False,False,False,CGRP-Gamma 1
nednbhcl-1,TMA00317,CGRP-Zeta,False,False,False,CGRP-Zeta
nedopneg-1,TMA00317,CGRP-Eta,False,False,False,CGRP-Eta
needhijg-1,TMA00317,CGRP-Zeta,False,False,False,CGRP-Zeta
neegnmam-1,TMA00317,CGRP-Zeta,False,False,False,CGRP-Zeta
negnemkh-1,TMA00317,Nonpeptidergic nociceptors,False,False,False,Nonpeptidergic nociceptors
nejpephg-1,TMA00317,Sst,False,False,False,Sst
nekfipam-1,TMA00317,CGRP-Beta,False,False,False,CGRP-Beta
nemkblbh-1,TMA00317,Nonpeptidergic nociceptors,False,False,False,Nonpeptidergic nociceptors
nemmoefj-1,TMA00317,CGRP-Zeta,False,False,False,CGRP-Zeta
nempekad-1,TMA00317,CGRP-Alpha,False,False,False,CGRP-Alpha
nenamiml-1,TMA00317,Nonpeptidergic nociceptors,False,False,False,Nonpeptidergic nociceptors
nengmfpo-1,TMA00317,Nonpeptidergic nociceptors,False,False,False,Nonpeptidergic nociceptors
nenjipcg-1,TMA00317,Abeta-Field,False,False,False,Abeta-Field
nepfdhfe-1,TMA00317,Abeta-RA-LTMR,False,False,False,Abeta-RA-LTMR
nfaeoeme-1,TMA00317,Nonpeptidergic nociceptors,False,False,False,Nonpeptidergic nociceptors
nfagedej-1,TMA00317,Nonpeptidergic nociceptors,False,False,False,Nonpeptidergic nociceptors
nfapfinl-1,TMA00317,Nonpeptidergic nociceptors,False,False,False,Nonpeptidergic nociceptors
nfapmepn-1,TMA00317,Abeta-RA-LTMR,False,False,False,Abeta-RA-LTMR
nfbfjjlj-1,TMA00317,Nonpeptidergic nociceptors,False,False,False,Nonpeptidergic nociceptors
nfbggdpa-1,TMA00317,CGRP-Gamma 1,False,False,False,CGRP-Gamma 1
nfbklfih-1,TMA00317,Nonpeptidergic nociceptors,False,False,False,Nonpeptidergic nociceptors
nfbmmeei-1,TMA00317,Sst,False,False,False,Sst
nfcaipbc-1,TMA00317,Nonpeptidergic nociceptors,False,False,False,Nonpeptidergic nociceptors
nhedmean-1,TMA00317,Proprioceptors,False,False,False,Proprioceptors
nihacdpg-1,TMA00317,Abeta-RA-LTMR,False,False,False,Abeta-RA-LTMR
njmnccea-1,TMA00317,Nonpeptidergic nociceptors,False,False,False,Nonpeptidergic nociceptors
nkknkmnc-1,TMA00317,Nonpeptidergic nociceptors,False,False,False,Nonpeptidergic nociceptors
nlapmikh-1,TMA00317,CGRP-Gamma 1,False,False,False,CGRP-Gamma 1
nmcimjoh-1,TMA00317,CGRP-Alpha,False,False,False,CGRP-Alpha
nocddobe-1,TMA00317,Sst,False,False,False,Sst
nojgpcoo-1,TMA00317,CGRP-Gamma 1,False,False,False,CGRP-Gamma 1
nomepoim-1,TMA00317,Nonpeptidergic nociceptors,False,False,False,Nonpeptidergic nociceptors
nomlakje-1,TMA00317,Proprioceptors,False,False,False,Proprioceptors
noojplkg-1,TMA00317,Nonpeptidergic nociceptors,False,False,False,Nonpeptidergic nociceptors
npfdaejo-1,TMA00317,CGRP-Gamma 1,False,False,False,CGRP-Gamma 1
nplgdman-1,TMA00317,CGRP-Eta,False,False,False,CGRP-Eta
oainbhae-1,TMA00317,CGRP-Zeta,False,False,False,CGRP-Zeta
oaklkmlo-1,TMA00317,Proprioceptors,False,False,False,Proprioceptors
oambiddg-1,TMA00317,Nonpeptidergic nociceptors,False,False,False,Nonpeptidergic nociceptors
obdigkah-1,TMA00317,Nonpeptidergic nociceptors,False,False,False,Nonpeptidergic nociceptors
obopnoka-1,TMA00317,CGRP-Gamma 1,False,False,False,CGRP-Gamma 1
obphldhm-1,TMA00317,TrpM8,False,False,False,TrpM8
odcegnne-1,TMA00317,Nonpeptidergic nociceptors,False,False,False,Nonpeptidergic nociceptors
oebelblh-1,TMA00317,Abeta-Field,False,False,False,Abeta-Field
oebnaegb-1,TMA00317,Abeta-RA-LTMR,False,False,False,Abeta-RA-LTMR
ofcgddbe-1,TMA00317,CGRP-Alpha,False,False,False,CGRP-Alpha
ofcipmfh-1,TMA00317,CGRP-Gamma 1,False,False,False,CGRP-Gamma 1
ogahdlnn-1,TMA00317,Nonpeptidergic nociceptors,False,False,False,Nonpeptidergic nociceptors
ogjhdoil-1,TMA00317,CGRP-Eta,False,False,False,CGRP-Eta
ogkfjnpj-1,TMA00317,CGRP-Gamma 1,False,False,False,CGRP-Gamma 1
oglfingm-1,TMA00317,Nonpeptidergic nociceptors,False,False,False,Nonpeptidergic nociceptors
ognclgfb-1,TMA00317,Nonpeptidergic nociceptors,False,False,False,Nonpeptidergic nociceptors
