cell_id,sample_id,neuron_label,EGFP_Seq1_hi,dTomato_Seq2_hi,EGFP_dTomato_dual_hi,group
aagigeib-1,TMA00316,Nonpeptidergic nociceptors,False,False,False,none
aagiofkl-1,TMA00316,Abeta-RA-LTMR,False,False,False,none
aagjepdf-1,TMA00316,Proprioceptors,False,False,False,none
aagnchan-1,TMA00316,Adelta-LTMR,False,False,False,none
aahbfdme-1,TMA00316,Nonpeptidergic nociceptors,False,False,False,none
aaheppjd-1,TMA00316,Abeta-RA-LTMR,False,False,False,none
aahiadbb-1,TMA00316,Adelta-LTMR,False,False,False,none
aahmhlhf-1,TMA00316,CGRP-Epsilion,False,False,False,none
aaiflail-1,TMA00316,Abeta-RA-LTMR,False,False,False,none
aaihdajn-1,TMA00316,Adelta-LTMR,False,False,False,none
aaijeafj-1,TMA00316,Abeta-RA-LTMR,False,False,False,none
aaimebfi-1,TMA00316,Nonpeptidergic nociceptors,False,False,False,none
aainiopi-1,TMA00316,CGRP-Eta,False,False,False,none
aainmmmk-1,TMA00316,CGRP-Zeta,False,False,False,none
aajadini-1,TMA00316,Proprioceptors,False,False,False,none
aajcojlp-1,TMA00316,C-LTMR,False,False,False,none
aajjkeha-1,TMA00316,CGRP-Alpha,False,False,False,none
aakbnfki-1,TMA00316,CGRP-Eta,False,False,False,none
aaknlifp-1,TMA00316,Nonpeptidergic nociceptors,False,False,False,none
aaknndjl-1,TMA00316,Abeta-Field,False,False,False,none
aaknpgjl-1,TMA00316,CGRP-Alpha,False,False,False,none
aamdacmh-1,TMA00316,Nonpeptidergic nociceptors,False,False,False,none
aanfpdfh-1,TMA00316,CGRP-Eta,False,False,False,none
aanhhmda-1,TMA00316,CGRP-Epsilion,False,False,False,none
aanimgjg-1,TMA00316,Abeta-RA-LTMR,False,False,False,none
aanlcpii-1,TMA00316,Nonpeptidergic nociceptors,False,False,False,none
aaoaffcf-1,TMA00316,Nonpeptidergic nociceptors,False,False,False,none
aaodfikg-1,TMA00316,CGRP-Theta,True,False,False,EGFP_Seq1_hi
abainlfj-1,TMA00316,C-LTMR,False,False,False,none
abajllde-1,TMA00316,C-LTMR,False,False,False,none
abakodng-1,TMA00316,Nonpeptidergic nociceptors,False,False,False,none
abalchgg-1,TMA00316,C-LTMR,False,False,False,none
abaoeege-1,TMA00316,CGRP-Gamma 1,False,False,False,none
abaonecm-1,TMA00316,CGRP-Zeta,False,False,False,none
abapebne-1,TMA00316,Nonpeptidergic nociceptors,False,False,False,none
abbaoeji-1,TMA00316,TrpM8,False,False,False,none
abbdkolj-1,TMA00316,CGRP-Zeta,False,False,False,none
abbfcioc-1,TMA00316,Abeta-Field,False,False,False,none
abbgmgpi-1,TMA00316,CGRP-Eta,False,False,False,none
abbhbijp-1,TMA00316,C-LTMR,False,False,False,none
abbhgfal-1,TMA00316,CGRP-Zeta,False,False,False,none
abbilenp-1,TMA00316,Proprioceptors,False,False,False,none
abbnephc-1,TMA00316,Nonpeptidergic nociceptors,False,False,False,none
abbpkmde-1,TMA00316,Nonpeptidergic nociceptors,False,False,False,none
abcbpbbf-1,TMA00316,TrpM8,False,False,False,none
abchgkjo-1,TMA00316,CGRP-Zeta,False,False,False,none
abcjafkf-1,TMA00316,Abeta-Field,False,False,False,none
abcjmocn-1,TMA00316,Adelta-LTMR,False,False,False,none
abcledia-1,TMA00316,Proprioceptors,False,False,False,none
abcmgmmg-1,TMA00316,CGRP-Zeta,False,False,False,none
abcpjajm-1,TMA00316,Nonpeptidergic nociceptors,False,False,False,none
abdbajba-1,TMA00316,CGRP-Eta,False,False,False,none
abdcjgle-1,TMA00316,TrpM8,False,False,False,none
abdhmioa-1,TMA00316,Abeta-RA-LTMR,False,False,False,none
abdjbpji-1,TMA00316,C-LTMR,False,False,False,none
abdjgfac-1,TMA00316,Nonpeptidergic nociceptors,False,False,False,none
abdjnoma-1,TMA00316,CGRP-Gamma 1,False,False,False,none
abdkelah-1,TMA00316,Nonpeptidergic nociceptors,False,False,False,none
abdlhbng-1,TMA00316,Nonpeptidergic nociceptors,False,False,False,none
abdmjhne-1,TMA00316,Nonpeptidergic nociceptors,False,False,False,none
abdnfljh-1,TMA00316,C-LTMR,False,False,False,none
abdnhcfb-1,TMA00316,Nonpeptidergic nociceptors,False,False,False,none
abdnomcf-1,TMA00316,C-LTMR,False,False,False,none
abdogkha-1,TMA00316,Sst,False,False,False,none
abdoleab-1,TMA00316,CGRP-Gamma 1,False,False,False,none
abebhofk-1,TMA00316,CGRP-Eta,False,False,False,none
abecgnjh-1,TMA00316,C-LTMR,False,False,False,none
abehjodn-1,TMA00316,Proprioceptors,False,False,False,none
abeooacb-1,TMA00316,Abeta-RA-LTMR,False,False,False,none
abepdcge-1,TMA00316,Proprioceptors,False,False,False,none
abfcfbda-1,TMA00316,CGRP-Zeta,False,False,False,none
abfdkobc-1,TMA00316,TrpM8,False,False,False,none
abfgdfck-1,TMA00316,CGRP-Gamma 1,False,False,False,none
abfmlnjg-1,TMA00316,TrpM8,False,False,False,none
abfogkpb-1,TMA00316,Adelta-LTMR,False,False,False,none
abgajbaf-1,TMA00316,CGRP-Alpha,False,False,False,none
abgamlgo-1,TMA00316,CGRP-Gamma 1,False,False,False,none
abgbjfdb-1,TMA00316,C-LTMR,False,False,False,none
abgcepii-1,TMA00316,Abeta-Field,False,False,False,none
abgciccp-1,TMA00316,Nonpeptidergic nociceptors,False,False,False,none
abgdakgn-1,TMA00316,CGRP-Epsilion,False,False,False,none
abgefoeg-1,TMA00316,CGRP-Alpha,False,False,False,none
abgkgeom-1,TMA00316,Abeta-Field,False,False,False,none
abgocibg-1,TMA00316,Abeta-Field,False,False,False,none
abhepdmk-1,TMA00316,CGRP-Eta,False,False,False,none
abhlfgfl-1,TMA00316,CGRP-Epsilion,False,False,False,none
abhmllga-1,TMA00316,C-LTMR,False,False,False,none
abhopdbf-1,TMA00316,C-LTMR,False,False,False,none
abhplenf-1,TMA00316,Nonpeptidergic nociceptors,False,False,False,none
abieccbb-1,TMA00316,CGRP-Eta,False,False,False,none
abiecjmb-1,TMA00316,C-LTMR,False,False,False,none
abifeiio-1,TMA00316,Nonpeptidergic nociceptors,False,False,False,none
abifllfj-1,TMA00316,CGRP-Gamma 2,False,False,False,none
abigmpop-1,TMA00316,CGRP-Gamma 1,False,False,False,none
abihblol-1,TMA00316,Nonpeptidergic nociceptors,False,False,False,none
abijankb-1,TMA00316,Adelta-LTMR,False,False,False,none
abingaoo-1,TMA00316,Nonpeptidergic nociceptors,False,False,False,none
abingnni-1,TMA00316,Nonpeptidergic nociceptors,False,False,False,none
abioghlh-1,TMA00316,CGRP-Gamma 1,False,False,False,none
abjajkhm-1,TMA00316,CGRP-Gamma 1,False,False,False,none
abjbiemc-1,TMA00316,Abeta-Field,False,False,False,none
abjcdppf-1,TMA00316,Nonpeptidergic nociceptors,False,False,False,none
abjgjlhm-1,TMA00316,CGRP-Gamma 2,False,False,False,none
abkcbdof-1,TMA00316,Abeta-RA-LTMR,False,False,False,none
abkeliej-1,TMA00316,C-LTMR,False,False,False,none
abkgckei-1,TMA00316,CGRP-Gamma 1,False,False,False,none
abklmeab-1,TMA00316,Nonpeptidergic nociceptors,False,False,False,none
ablcbjbe-1,TMA00316,TrpM8,False,False,False,none
ablcekkk-1,TMA00316,TrpM8,False,False,False,none
abldhjhc-1,TMA00316,CGRP-Eta,False,True,False,dTomato_Seq2_hi
ablfhgop-1,TMA00316,CGRP-Gamma 2,False,False,False,none
ablheebb-1,TMA00316,C-LTMR,False,False,False,none
ablhfeai-1,TMA00316,Nonpeptidergic nociceptors,False,False,False,none
ablijmgh-1,TMA00316,CGRP-Theta,False,False,False,none
abmaljki-1,TMA00316,Sst,False,False,False,none
abmedlnj-1,TMA00316,CGRP-Eta,False,False,False,none
abmeflkb-1,TMA00316,CGRP-Gamma 2,False,False,False,none
abmfbpka-1,TMA00316,CGRP-Gamma 2,False,False,False,none
abmfcnfb-1,TMA00316,CGRP-Gamma 1,False,False,False,none
abmjbojp-1,TMA00316,C-LTMR,False,False,False,none
abnibcib-1,TMA00316,TrpM8,False,False,False,none
abnibndb-1,TMA00316,C-LTMR,False,False,False,none
abnlalpb-1,TMA00316,CGRP-Gamma 1,False,False,False,none
abnmlehk-1,TMA00316,CGRP-Gamma 1,False,False,False,none
abnoogmd-1,TMA00316,TrpM8,False,False,False,none
abnpdmim-1,TMA00316,CGRP-Gamma 1,False,False,False,none
abnpfemb-1,TMA00316,CGRP-Zeta,False,False,False,none
aboebmbb-1,TMA00316,CGRP-Gamma 1,False,False,False,none
abofmjjg-1,TMA00316,CGRP-Gamma 1,False,False,False,none
abofoddk-1,TMA00316,CGRP-Gamma 2,False,False,False,none
aboihepn-1,TMA00316,CGRP-Beta,False,False,False,none
abojhmpf-1,TMA00316,CGRP-Gamma 1,False,False,False,none
abpekkji-1,TMA00316,CGRP-Gamma 1,False,False,False,none
abpjmhia-1,TMA00316,Proprioceptors,False,False,False,none
abplajhi-1,TMA00316,C-LTMR,False,False,False,none
acaajmce-1,TMA00316,CGRP-Theta,False,False,False,none
acafaegl-1,TMA00316,CGRP-Gamma 1,False,False,False,none
acahcfnm-1,TMA00316,CGRP-Eta,False,False,False,none
acahplcf-1,TMA00316,CGRP-Zeta,False,False,False,none
acakcedj-1,TMA00316,CGRP-Gamma 2,False,False,False,none
acalflbf-1,TMA00316,Nonpeptidergic nociceptors,False,False,False,none
acamlkib-1,TMA00316,CGRP-Gamma 1,False,False,False,none
acbblhmg-1,TMA00316,Adelta-LTMR,False,False,False,none
acbhcodp-1,TMA00316,CGRP-Theta,False,False,False,none
acbhkdpd-1,TMA00316,CGRP-Epsilion,False,False,False,none
acbiokjb-1,TMA00316,CGRP-Zeta,False,False,False,none
acbkeeij-1,TMA00316,C-LTMR,False,False,False,none
acbkpiaa-1,TMA00316,CGRP-Gamma 2,False,False,False,none
accaghmn-1,TMA00316,Nonpeptidergic nociceptors,False,False,False,none
accenmpf-1,TMA00316,C-LTMR,False,False,False,none
accfdghb-1,TMA00316,Abeta-Field,False,False,False,none
acdfkhog-1,TMA00316,CGRP-Zeta,False,False,False,none
acdmckfc-1,TMA00316,C-LTMR,False,False,False,none
acdpdlap-1,TMA00316,CGRP-Gamma 2,False,False,False,none
aceaecde-1,TMA00316,CGRP-Gamma 2,False,False,False,none
aceahekb-1,TMA00316,CGRP-Gamma 2,False,False,False,none
aceajhbc-1,TMA00316,CGRP-Gamma 1,False,False,False,none
acecohok-1,TMA00316,CGRP-Gamma 2,False,False,False,none
acejeobf-1,TMA00316,CGRP-Gamma 1,False,False,False,none
acekhfma-1,TMA00316,CGRP-Gamma 1,False,False,False,none
acenojjp-1,TMA00316,C-LTMR,False,False,False,none
aceocaoa-1,TMA00316,CGRP-Gamma 2,False,False,False,none
acfbeoio-1,TMA00316,CGRP-Gamma 2,False,False,False,none
acfehdln-1,TMA00316,CGRP-Eta,False,False,False,none
acffgcja-1,TMA00316,TrpM8,False,False,False,none
acfgdfdd-1,TMA00316,CGRP-Gamma 1,False,False,False,none
acfhfkam-1,TMA00316,C-LTMR,False,False,False,none
acgabnlc-1,TMA00316,CGRP-Gamma 1,False,False,False,none
acgeknde-1,TMA00316,Nonpeptidergic nociceptors,False,False,False,none
acgkbfgp-1,TMA00316,CGRP-Gamma 1,False,False,False,none
achajhki-1,TMA00316,CGRP-Theta,False,False,False,none
achdaaae-1,TMA00316,CGRP-Gamma 1,False,False,False,none
achecohi-1,TMA00316,Nonpeptidergic nociceptors,False,False,False,none
achikfkj-1,TMA00316,CGRP-Gamma 2,False,False,False,none
achjeimh-1,TMA00316,Abeta-RA-LTMR,False,False,False,none
achjhifp-1,TMA00316,CGRP-Eta,False,False,False,none
achjnkff-1,TMA00316,C-LTMR,False,False,False,none
achpmdem-1,TMA00316,CGRP-Beta,False,False,False,none
acibfccd-1,TMA00316,Abeta-Field,False,False,False,none
acihddkp-1,TMA00316,Abeta-Field,False,False,False,none
acihgokl-1,TMA00316,CGRP-Gamma 1,False,False,False,none
acilfjol-1,TMA00316,CGRP-Eta,False,False,False,none
acimiakc-1,TMA00316,C-LTMR,False,False,False,none
aciolpio-1,TMA00316,Adelta-LTMR,False,False,False,none
acjbamma-1,TMA00316,CGRP-Eta,False,False,False,none
acjcpapg-1,TMA00316,CGRP-Gamma 1,False,False,False,none
acjdeffk-1,TMA00316,CGRP-Gamma 1,False,False,False,none
acjdkfba-1,TMA00316,C-LTMR,False,False,False,none
acjdoohj-1,TMA00316,TrpM8,False,False,False,none
acjellji-1,TMA00316,CGRP-Gamma 2,False,False,False,none
acjfgbeg-1,TMA00316,CGRP-Gamma 1,False,False,False,none
acjflbea-1,TMA00316,Abeta-RA-LTMR,False,False,False,none
acjflgol-1,TMA00316,CGRP-Gamma 1,False,False,False,none
acjnaimg-1,TMA00316,CGRP-Gamma 1,False,False,False,none
acjojlni-1,TMA00316,CGRP-Gamma 2,False,False,False,none
ackalfho-1,TMA00316,CGRP-Gamma 2,False,False,False,none
ackfhpec-1,TMA00316,C-LTMR,False,False,False,none
acldbdmc-1,TMA00316,C-LTMR,False,False,False,none
acldoola-1,TMA00316,C-LTMR,False,False,False,none
acleilkh-1,TMA00316,CGRP-Gamma 1,False,False,False,none
aclfjkpl-1,TMA00316,CGRP-Gamma 2,False,False,False,none
aclhnadp-1,TMA00316,Adelta-LTMR,False,False,False,none
acmdjhki-1,TMA00316,CGRP-Gamma 2,False,False,False,none
acmffajl-1,TMA00316,CGRP-Gamma 1,False,False,False,none
acmfkhbc-1,TMA00316,CGRP-Gamma 1,False,False,False,none
acmlanei-1,TMA00316,CGRP-Gamma 2,False,False,False,none
acmmoeja-1,TMA00316,C-LTMR,False,False,False,none
acnaieje-1,TMA00316,Nonpeptidergic nociceptors,False,False,False,none
acncjmfn-1,TMA00316,TrpM8,False,False,False,none
acnebene-1,TMA00316,TrpM8,False,False,False,none
acngigjj-1,TMA00316,TrpM8,False,False,False,none
acnhhcnh-1,TMA00316,CGRP-Gamma 2,False,False,False,none
acnkgleh-1,TMA00316,CGRP-Gamma 2,False,False,False,none
acnmepnn-1,TMA00316,CGRP-Alpha,False,False,False,none
acnndfag-1,TMA00316,CGRP-Gamma 1,False,False,False,none
acnodfne-1,TMA00316,CGRP-Theta,False,False,False,none
acoiinen-1,TMA00316,Nonpeptidergic nociceptors,False,False,False,none
acojhdgf-1,TMA00316,Adelta-LTMR,False,False,False,none
acokolce-1,TMA00316,CGRP-Gamma 2,False,False,False,none
acolbkch-1,TMA00316,CGRP-Eta,False,False,False,none
acomdlcg-1,TMA00316,C-LTMR,False,False,False,none
aconjned-1,TMA00316,CGRP-Gamma 1,False,False,False,none
acpdhnlb-1,TMA00316,TrpM8,False,False,False,none
acpejojn-1,TMA00316,CGRP-Alpha,False,False,False,none
acpgahlp-1,TMA00316,CGRP-Gamma 2,False,False,False,none
adakmkhl-1,TMA00316,CGRP-Eta,False,False,False,none
adakpnna-1,TMA00316,TrpM8,False,False,False,none
adalggei-1,TMA00316,TrpM8,False,False,False,none
adaphkea-1,TMA00316,CGRP-Alpha,False,False,False,none
adbhcdmj-1,TMA00316,CGRP-Alpha,False,False,False,none
adbobddj-1,TMA00316,CGRP-Gamma 1,False,False,False,none
adbpcooo-1,TMA00316,CGRP-Alpha,False,False,False,none
adeegkbk-1,TMA00316,Adelta-LTMR,False,False,False,none
adeghaid-1,TMA00316,CGRP-Gamma 2,False,False,False,none
adejenim-1,TMA00316,CGRP-Gamma 2,False,False,False,none
adempidi-1,TMA00316,Abeta-Field,False,False,False,none
adepiiad-1,TMA00316,C-LTMR,False,False,False,none
adfeaign-1,TMA00316,Abeta-Field,False,False,False,none
adfmlmdj-1,TMA00316,TrpM8,False,False,False,none
adfnohog-1,TMA00316,CGRP-Alpha,False,False,False,none
adfpmked-1,TMA00316,TrpM8,False,False,False,none
adgamimd-1,TMA00316,CGRP-Gamma 2,False,False,False,none
adgaplio-1,TMA00316,TrpM8,False,False,False,none
adgbnmik-1,TMA00316,CGRP-Epsilion,False,False,False,none
adggpbba-1,TMA00316,TrpM8,False,False,False,none
adgjgghi-1,TMA00316,TrpM8,False,False,False,none
adgkgmff-1,TMA00316,CGRP-Gamma 1,False,False,False,none
adjaepml-1,TMA00316,CGRP-Beta,False,False,False,none
adlfenaj-1,TMA00316,Nonpeptidergic nociceptors,False,False,False,none
adlfiipn-1,TMA00316,Abeta-Field,False,False,False,none
adlgaekl-1,TMA00316,Nonpeptidergic nociceptors,False,False,False,none
adlgfdpo-1,TMA00316,Abeta-Field,False,False,False,none
adlhfdil-1,TMA00316,Proprioceptors,False,False,False,none
adllcloe-1,TMA00316,Nonpeptidergic nociceptors,False,False,False,none
adllmcgh-1,TMA00316,Nonpeptidergic nociceptors,False,False,False,none
adogimfi-1,TMA00316,Nonpeptidergic nociceptors,False,False,False,none
adoiieej-1,TMA00316,Nonpeptidergic nociceptors,False,False,False,none
adoilnfa-1,TMA00316,C-LTMR,False,False,False,none
adojbcjh-1,TMA00316,CGRP-Gamma 1,False,False,False,none
adondcen-1,TMA00316,Nonpeptidergic nociceptors,False,False,False,none
adonkcai-1,TMA00316,Nonpeptidergic nociceptors,False,False,False,none
aegiflml-1,TMA00316,CGRP-Eta,False,False,False,none
aegkghlg-1,TMA00316,CGRP-Eta,False,False,False,none
aehkiica-1,TMA00316,C-LTMR,False,False,False,none
aehmmgag-1,TMA00316,Abeta-RA-LTMR,False,False,False,none
aehnljja-1,TMA00316,CGRP-Alpha,False,False,False,none
aehnpala-1,TMA00316,Abeta-RA-LTMR,False,False,False,none
aehpkbek-1,TMA00316,CGRP-Gamma 1,False,False,False,none
aeihicna-1,TMA00316,CGRP-Gamma 2,False,False,False,none
aeihmnmk-1,TMA00316,CGRP-Theta,False,False,False,none
aejdihde-1,TMA00316,Nonpeptidergic nociceptors,False,False,False,none
aejfnkkh-1,TMA00316,Proprioceptors,False,False,False,none
aejlpbka-1,TMA00316,TrpM8,False,False,False,none
aejoainc-1,TMA00316,Adelta-LTMR,False,False,False,none
aekdomlo-1,TMA00316,CGRP-Eta,False,False,False,none
aekfaade-1,TMA00316,CGRP-Theta,False,False,False,none
aekifcjl-1,TMA00316,Nonpeptidergic nociceptors,False,False,False,none
aekjjaed-1,TMA00316,Adelta-LTMR,False,False,False,none
aelbpnkm-1,TMA00316,Abeta-Field,False,False,False,none
aelcihnk-1,TMA00316,CGRP-Eta,False,False,False,none
aelciofl-1,TMA00316,C-LTMR,False,False,False,none
aelcmiof-1,TMA00316,Nonpeptidergic nociceptors,False,False,False,none
afffgnpi-1,TMA00316,Proprioceptors,False,False,False,none
affgbfoe-1,TMA00316,CGRP-Eta,False,False,False,none
affhgbfm-1,TMA00316,CGRP-Alpha,False,False,False,none
affldpdn-1,TMA00316,C-LTMR,False,False,False,none
affokjpa-1,TMA00316,Abeta-Field,False,False,False,none
afhffaii-1,TMA00316,Abeta-Field,False,False,False,none
afhhkadc-1,TMA00316,Adelta-LTMR,False,False,False,none
afibmbnl-1,TMA00316,C-LTMR,False,False,False,none
afidcjjo-1,TMA00316,Sst,False,False,False,none
afijbien-1,TMA00316,CGRP-Alpha,False,False,False,none
afimgamm-1,TMA00316,Nonpeptidergic nociceptors,False,False,False,none
afioolmn-1,TMA00316,Nonpeptidergic nociceptors,False,False,False,none
afjdjpcb-1,TMA00316,CGRP-Epsilion,False,False,False,none
afjeoinj-1,TMA00316,CGRP-Theta,False,False,False,none
afjglifm-1,TMA00316,Abeta-Field,False,False,False,none
afjihfek-1,TMA00316,CGRP-Zeta,False,False,False,none
afkcjfck-1,TMA00316,CGRP-Eta,False,False,False,none
afkdgoge-1,TMA00316,CGRP-Eta,False,False,False,none
afkgbalm-1,TMA00316,Abeta-RA-LTMR,False,False,False,none
afklikpp-1,TMA00316,Nonpeptidergic nociceptors,False,False,False,none
afkllccg-1,TMA00316,Nonpeptidergic nociceptors,False,False,False,none
afkmojnd-1,TMA00316,CGRP-Epsilion,False,False,False,none
afkngohn-1,TMA00316,CGRP-Theta,False,False,False,none
afknllnp-1,TMA00316,Nonpeptidergic nociceptors,False,False,False,none
afkpcjal-1,TMA00316,Abeta-Field,False,False,False,none
aflbmjlc-1,TMA00316,CGRP-Alpha,False,False,False,none
afliginb-1,TMA00316,Proprioceptors,False,False,False,none
aflijeag-1,TMA00316,Abeta-Field,False,False,False,none
aflojdjb-1,TMA00316,Adelta-LTMR,False,False,False,none
aflppocn-1,TMA00316,C-LTMR,False,False,False,none
afmbeljm-1,TMA00316,C-LTMR,False,False,False,none
afmfimjd-1,TMA00316,CGRP-Gamma 1,False,False,False,none
afmkcceh-1,TMA00316,CGRP-Theta,False,False,False,none
afmmlmle-1,TMA00316,CGRP-Alpha,False,False,False,none
afmnaklk-1,TMA00316,Nonpeptidergic nociceptors,False,False,False,none
afnbcbem-1,TMA00316,CGRP-Theta,False,False,False,none
afnbcejn-1,TMA00316,Adelta-LTMR,False,False,False,none
afnfgofo-1,TMA00316,Proprioceptors,False,False,False,none
afnikmjh-1,TMA00316,C-LTMR,False,False,False,none
afnjbmlc-1,TMA00316,Nonpeptidergic nociceptors,False,False,False,none
afnlclpj-1,TMA00316,TrpM8,False,False,False,none
afnlkbhj-1,TMA00316,CGRP-Eta,False,False,False,none
afnnkkaj-1,TMA00316,Nonpeptidergic nociceptors,False,False,False,none
afnolbkn-1,TMA00316,Proprioceptors,False,False,False,none
afnpolig-1,TMA00316,Nonpeptidergic nociceptors,False,False,False,none
afocflfg-1,TMA00316,CGRP-Gamma 1,False,False,False,none
afodfcjd-1,TMA00316,CGRP-Alpha,False,False,False,none
afogfkic-1,TMA00316,Abeta-RA-LTMR,False,False,False,none
afolflin-1,TMA00316,CGRP-Gamma 1,False,False,False,none
afomkjnp-1,TMA00316,Nonpeptidergic nociceptors,False,False,False,none
afopbebk-1,TMA00316,Abeta-Field,False,False,False,none
afpamjjd-1,TMA00316,Nonpeptidergic nociceptors,False,False,False,none
afpcgbki-1,TMA00316,C-LTMR,False,False,False,none
afpfemae-1,TMA00316,Abeta-Field,False,False,False,none
afpiicbc-1,TMA00316,C-LTMR,False,False,False,none
afpkpcke-1,TMA00316,CGRP-Eta,False,False,False,none
afppfkoc-1,TMA00316,TrpM8,False,False,False,none
agacfdcg-1,TMA00316,TrpM8,False,False,False,none
agafcajh-1,TMA00316,CGRP-Alpha,False,False,False,none
agagfggo-1,TMA00316,TrpM8,False,False,False,none
agahbkmd-1,TMA00316,Sst,False,False,False,none
agbhiaad-1,TMA00316,Nonpeptidergic nociceptors,False,False,False,none
agbiohnn-1,TMA00316,CGRP-Gamma 2,False,False,False,none
agbkleeg-1,TMA00316,CGRP-Gamma 1,False,False,False,none
agbpblco-1,TMA00316,CGRP-Beta,False,False,False,none
agcaafkg-1,TMA00316,CGRP-Gamma 1,False,False,False,none
agcalcnn-1,TMA00316,TrpM8,False,False,False,none
agcblkad-1,TMA00316,Sst,False,False,False,none
agccddic-1,TMA00316,TrpM8,False,False,False,none
agcebedo-1,TMA00316,CGRP-Gamma 2,False,False,False,none
agcjhfhh-1,TMA00316,Nonpeptidergic nociceptors,False,False,False,none
agdcpfki-1,TMA00316,TrpM8,False,False,False,none
agdldbgj-1,TMA00316,CGRP-Beta,False,False,False,none
aghgljal-1,TMA00316,Nonpeptidergic nociceptors,False,False,False,none
aghnbacm-1,TMA00316,CGRP-Gamma 1,False,False,False,none
aghnekpl-1,TMA00316,CGRP-Gamma 1,False,False,False,none
aghpmgib-1,TMA00316,CGRP-Eta,False,False,False,none
agicclbj-1,TMA00316,CGRP-Gamma 2,False,False,False,none
agkkfpgd-1,TMA00316,Adelta-LTMR,False,False,False,none
agkkoank-1,TMA00316,CGRP-Epsilion,False,False,False,none
agkmedjc-1,TMA00316,TrpM8,False,False,False,none
agkoblmf-1,TMA00316,TrpM8,False,False,False,none
agkoplni-1,TMA00316,Nonpeptidergic nociceptors,False,False,False,none
agkpobim-1,TMA00316,CGRP-Gamma 1,False,False,False,none
agladpep-1,TMA00316,CGRP-Gamma 1,False,False,False,none
aglamkdk-1,TMA00316,CGRP-Epsilion,False,False,False,none
aglfgeck-1,TMA00316,CGRP-Gamma 1,False,False,False,none
aglfjlpd-1,TMA00316,CGRP-Gamma 1,False,False,False,none
aglolcei-1,TMA00316,TrpM8,False,False,False,none
aglpncnh-1,TMA00316,TrpM8,False,False,False,none
agmabbdm-1,TMA00316,C-LTMR,False,False,False,none
agmabpoa-1,TMA00316,TrpM8,False,False,False,none
agmeebgo-1,TMA00316,C-LTMR,False,False,False,none
agmgibok-1,TMA00316,CGRP-Eta,False,False,False,none
agmhhllk-1,TMA00316,Nonpeptidergic nociceptors,False,False,False,none
agmhpeoe-1,TMA00316,Nonpeptidergic nociceptors,False,False,False,none
agmkmldh-1,TMA00316,Adelta-LTMR,False,False,False,none
agmlpmpc-1,TMA00316,CGRP-Gamma 2,False,False,False,none
agnacgpd-1,TMA00316,CGRP-Gamma 1,False,False,False,none
agnbdefh-1,TMA00316,CGRP-Gamma 1,False,False,False,none
agnenook-1,TMA00316,C-LTMR,False,False,False,none
agnfflao-1,TMA00316,CGRP-Gamma 1,False,False,False,none
agngjajk-1,TMA00316,CGRP-Gamma 1,False,False,False,none
agnjkokf-1,TMA00316,CGRP-Gamma 1,False,False,False,none
agnkmdhb-1,TMA00316,TrpM8,False,False,False,none
agnmknal-1,TMA00316,Nonpeptidergic nociceptors,False,False,False,none
agnnafoa-1,TMA00316,Nonpeptidergic nociceptors,False,False,False,none
agoeheco-1,TMA00316,C-LTMR,False,False,False,none
agogkdij-1,TMA00316,CGRP-Eta,False,False,False,none
agoifpgd-1,TMA00316,CGRP-Eta,False,False,False,none
agoklale-1,TMA00316,CGRP-Gamma 2,False,False,False,none
agokmaon-1,TMA00316,Abeta-Field,True,False,False,EGFP_Seq1_hi
agomkgdm-1,TMA00316,Adelta-LTMR,False,False,False,none
agpbhdeg-1,TMA00316,CGRP-Gamma 2,False,False,False,none
agpekaao-1,TMA00316,Abeta-Field,False,False,False,none
agphcdgo-1,TMA00316,Abeta-Field,False,False,False,none
agphljjg-1,TMA00316,CGRP-Eta,False,False,False,none
agppllno-1,TMA00316,Proprioceptors,False,False,False,none
ahabicef-1,TMA00316,Abeta-RA-LTMR,False,False,False,none
ahadfped-1,TMA00316,Adelta-LTMR,False,False,False,none
ahahmelc-1,TMA00316,CGRP-Eta,False,False,False,none
ahajpkjf-1,TMA00316,CGRP-Gamma 2,False,False,False,none
ahambfpe-1,TMA00316,Nonpeptidergic nociceptors,False,False,False,none
ahaoofag-1,TMA00316,CGRP-Theta,False,False,False,none
ahbadafe-1,TMA00316,CGRP-Zeta,False,False,False,none
ahbaiada-1,TMA00316,Nonpeptidergic nociceptors,False,False,False,none
ahbfgicj-1,TMA00316,Nonpeptidergic nociceptors,False,False,False,none
ahbhpeed-1,TMA00316,CGRP-Epsilion,False,False,False,none
ahbjgacm-1,TMA00316,Proprioceptors,False,False,False,none
ahbkoaag-1,TMA00316,C-LTMR,False,False,False,none
ahbmgdki-1,TMA00316,C-LTMR,False,False,False,none
ahbmjpjj-1,TMA00316,CGRP-Gamma 1,False,False,False,none
ahboaadk-1,TMA00316,C-LTMR,False,False,False,none
ahbpmnjf-1,TMA00316,TrpM8,False,False,False,none
ahccigmg-1,TMA00316,CGRP-Zeta,False,False,False,none
ahcdddig-1,TMA00316,TrpM8,False,False,False,none
ahcdhcfb-1,TMA00316,CGRP-Gamma 2,False,False,False,none
ahcndmba-1,TMA00316,C-LTMR,False,False,False,none
ahcoonap-1,TMA00316,Nonpeptidergic nociceptors,False,False,False,none
ahdcmfgj-1,TMA00316,Nonpeptidergic nociceptors,False,False,False,none
ahdeldog-1,TMA00316,CGRP-Zeta,False,False,False,none
ahfgagdc-1,TMA00316,CGRP-Gamma 1,False,False,False,none
ahfkmlhd-1,TMA00316,Nonpeptidergic nociceptors,False,False,False,none
ahfmcofj-1,TMA00316,CGRP-Theta,False,False,False,none
ahfmpjdl-1,TMA00316,CGRP-Alpha,False,False,False,none
ahfolegk-1,TMA00316,Nonpeptidergic nociceptors,False,False,False,none
ahgeldio-1,TMA00316,Nonpeptidergic nociceptors,False,False,False,none
ahggpilj-1,TMA00316,TrpM8,False,False,False,none
ahgikgkp-1,TMA00316,CGRP-Theta,False,False,False,none
ahglppmb-1,TMA00316,Abeta-RA-LTMR,False,False,False,none
ahgnmngj-1,TMA00316,Nonpeptidergic nociceptors,False,False,False,none
ahgnpjhd-1,TMA00316,CGRP-Eta,False,False,False,none
ahhcnkjb-1,TMA00316,CGRP-Gamma 2,False,False,False,none
ahhieeml-1,TMA00316,Nonpeptidergic nociceptors,False,False,False,none
ahhlgepp-1,TMA00316,CGRP-Zeta,False,False,False,none
ahhmihcl-1,TMA00316,Abeta-Field,False,False,False,none
ahhochmd-1,TMA00316,Abeta-Field,False,False,False,none
ahhopbcb-1,TMA00316,Abeta-RA-LTMR,False,False,False,none
ahhpffpl-1,TMA00316,CGRP-Eta,False,False,False,none
ahhplknj-1,TMA00316,Abeta-RA-LTMR,False,False,False,none
ahjddgoh-1,TMA00316,CGRP-Eta,False,False,False,none
ahjdmkfg-1,TMA00316,TrpM8,False,False,False,none
ahjgajef-1,TMA00316,CGRP-Eta,False,False,False,none
ahjggdec-1,TMA00316,Abeta-Field,False,False,False,none
ahjhhgad-1,TMA00316,Nonpeptidergic nociceptors,False,False,False,none
ahjifgmd-1,TMA00316,Nonpeptidergic nociceptors,False,False,False,none
ahnpgadk-1,TMA00316,TrpM8,False,False,False,none
ahogjnje-1,TMA00316,CGRP-Eta,False,False,False,none
ahohhlpm-1,TMA00316,CGRP-Gamma 1,False,False,False,none
aholnkee-1,TMA00316,TrpM8,False,False,False,none
ahomocdf-1,TMA00316,TrpM8,False,False,False,none
ahpconln-1,TMA00316,Nonpeptidergic nociceptors,False,False,False,none
ahpfhnfd-1,TMA00316,C-LTMR,False,False,False,none
ahpibcgk-1,TMA00316,C-LTMR,False,False,False,none
ahpiikcd-1,TMA00316,C-LTMR,False,False,False,none
ahpkgidi-1,TMA00316,CGRP-Gamma 2,False,False,False,none
ahpocepc-1,TMA00316,TrpM8,False,False,False,none
aidbagaa-1,TMA00316,Abeta-RA-LTMR,False,False,False,none
aidddfad-1,TMA00316,Nonpeptidergic nociceptors,False,False,False,none
aidifajm-1,TMA00316,Nonpeptidergic nociceptors,False,False,False,none
aidihdli-1,TMA00316,Nonpeptidergic nociceptors,False,False,False,none
aidjfaob-1,TMA00316,Nonpeptidergic nociceptors,False,False,False,none
aidknnkh-1,TMA00316,CGRP-Gamma 1,False,False,False,none
aieailpm-1,TMA00316,CGRP-Epsilion,False,False,False,none
aiecakcc-1,TMA00316,Nonpeptidergic nociceptors,False,False,False,none
aieeeppp-1,TMA00316,CGRP-Eta,False,False,False,none
aieeloff-1,TMA00316,CGRP-Epsilion,True,False,False,EGFP_Seq1_hi
aieenbon-1,TMA00316,TrpM8,False,False,False,none
aieepihg-1,TMA00316,C-LTMR,False,False,False,none
aiefhaco-1,TMA00316,CGRP-Eta,False,False,False,none
aiegdpkn-1,TMA00316,CGRP-Theta,False,False,False,none
aiehilja-1,TMA00316,Nonpeptidergic nociceptors,False,False,False,none
aiehlbno-1,TMA00316,CGRP-Alpha,False,False,False,none
aiehobmd-1,TMA00316,Nonpeptidergic nociceptors,False,False,False,none
aiemppoo-1,TMA00316,Abeta-Field,False,False,False,none
aifhgacl-1,TMA00316,CGRP-Gamma 1,False,False,False,none
aifjkgeg-1,TMA00316,Nonpeptidergic nociceptors,False,False,False,none
aiflndnc-1,TMA00316,C-LTMR,False,False,False,none
aifmbckl-1,TMA00316,Abeta-Field,False,False,False,none
aifmhpac-1,TMA00316,Abeta-Field,False,False,False,none
aifndhgm-1,TMA00316,Nonpeptidergic nociceptors,False,False,False,none
aigbfacf-1,TMA00316,CGRP-Gamma 2,False,False,False,none
aigdphna-1,TMA00316,C-LTMR,False,False,False,none
aigjpplh-1,TMA00316,C-LTMR,False,False,False,none
aigkeomi-1,TMA00316,C-LTMR,False,False,False,none
aigpoefn-1,TMA00316,C-LTMR,False,False,False,none
aihbagmi-1,TMA00316,CGRP-Epsilion,False,False,False,none
aihekfdk-1,TMA00316,Abeta-Field,False,False,False,none
aihfpaef-1,TMA00316,CGRP-Eta,False,False,False,none
aihgnhlc-1,TMA00316,Nonpeptidergic nociceptors,False,False,False,none
aihikeki-1,TMA00316,CGRP-Epsilion,False,False,False,none
aihlbelj-1,TMA00316,Abeta-RA-LTMR,False,False,False,none
aihnnpcn-1,TMA00316,Adelta-LTMR,False,False,False,none
aihogffn-1,TMA00316,Adelta-LTMR,False,False,False,none
aiibdkec-1,TMA00316,Abeta-Field,False,False,False,none
aiibdmgf-1,TMA00316,CGRP-Epsilion,False,False,False,none
aiibpjpi-1,TMA00316,CGRP-Gamma 1,False,False,False,none
aiihjlnn-1,TMA00316,Nonpeptidergic nociceptors,False,False,False,none
aiipbcic-1,TMA00316,CGRP-Epsilion,False,False,False,none
aijapcgh-1,TMA00316,Nonpeptidergic nociceptors,False,False,False,none
aijcmpee-1,TMA00316,Nonpeptidergic nociceptors,False,False,False,none
aijekplj-1,TMA00316,CGRP-Theta,False,False,False,none
aijfdokl-1,TMA00316,CGRP-Zeta,False,False,False,none
aijgfego-1,TMA00316,TrpM8,False,False,False,none
aijgkolm-1,TMA00316,TrpM8,False,False,False,none
aijhcofe-1,TMA00316,Abeta-RA-LTMR,False,False,False,none
aijhcpji-1,TMA00316,CGRP-Beta,False,False,False,none
aijhikod-1,TMA00316,CGRP-Eta,False,False,False,none
aijhnjkl-1,TMA00316,CGRP-Epsilion,False,False,False,none
aijjgkoe-1,TMA00316,Proprioceptors,False,False,False,none
aikddhdl-1,TMA00316,Abeta-Field,False,False,False,none
aikdeakp-1,TMA00316,CGRP-Gamma 1,False,False,False,none
aikdmnjd-1,TMA00316,CGRP-Gamma 1,False,False,False,none
aikkgpoc-1,TMA00316,CGRP-Beta,False,False,False,none
aikleljh-1,TMA00316,Abeta-Field,False,False,False,none
aikmdbjo-1,TMA00316,Proprioceptors,False,False,False,none
aikpichj-1,TMA00316,Nonpeptidergic nociceptors,False,False,False,none
ailbhcaa-1,TMA00316,TrpM8,False,False,False,none
ailbiikg-1,TMA00316,CGRP-Gamma 2,False,False,False,none
ailhapel-1,TMA00316,C-LTMR,False,False,False,none
ailpbjeo-1,TMA00316,C-LTMR,False,False,False,none
ailpgdla-1,TMA00316,CGRP-Zeta,False,False,False,none
aimdghnc-1,TMA00316,CGRP-Epsilion,False,False,False,none
aimfiaae-1,TMA00316,Nonpeptidergic nociceptors,False,False,False,none
aimgnghp-1,TMA00316,C-LTMR,False,False,False,none
aimjlfnm-1,TMA00316,Nonpeptidergic nociceptors,False,False,False,none
aimlcgoh-1,TMA00316,CGRP-Gamma 2,False,False,False,none
aimnmlke-1,TMA00316,Abeta-RA-LTMR,False,False,False,none
aimoooba-1,TMA00316,C-LTMR,False,False,False,none
ainegjad-1,TMA00316,Proprioceptors,False,False,False,none
ainjcfnn-1,TMA00316,CGRP-Gamma 1,False,False,False,none
ainjlddl-1,TMA00316,Proprioceptors,False,False,False,none
ainkifml-1,TMA00316,Abeta-Field,False,False,False,none
ainoagjc-1,TMA00316,CGRP-Gamma 2,False,False,False,none
aiobnmjg-1,TMA00316,CGRP-Epsilion,False,False,False,none
aiobojbi-1,TMA00316,Abeta-Field,False,False,False,none
aiofbfmh-1,TMA00316,Abeta-Field,False,False,False,none
aiofhghk-1,TMA00316,CGRP-Gamma 2,False,False,False,none
aiohbbhc-1,TMA00316,Adelta-LTMR,False,False,False,none
aiohjhlp-1,TMA00316,Proprioceptors,False,False,False,none
aiojpihb-1,TMA00316,CGRP-Gamma 1,False,False,False,none
aipapofh-1,TMA00316,Nonpeptidergic nociceptors,False,False,False,none
aipcehjo-1,TMA00316,Abeta-Field,False,False,False,none
aipciamp-1,TMA00316,Abeta-Field,False,False,False,none
aipemnlb-1,TMA00316,Abeta-Field,False,False,False,none
aipkbmml-1,TMA00316,CGRP-Zeta,False,False,False,none
aiplhfla-1,TMA00316,CGRP-Epsilion,False,False,False,none
aiplipcg-1,TMA00316,CGRP-Gamma 1,False,False,False,none
aippjkdl-1,TMA00316,C-LTMR,False,False,False,none
ajajjphm-1,TMA00316,Abeta-RA-LTMR,False,False,False,none
ajbadbfd-1,TMA00316,Abeta-Field,False,False,False,none
ajbeofhe-1,TMA00316,C-LTMR,False,False,False,none
ajbfblbd-1,TMA00316,CGRP-Gamma 2,False,False,False,none
ajbjpobp-1,TMA00316,CGRP-Zeta,False,False,False,none
ajbleenk-1,TMA00316,Abeta-RA-LTMR,False,False,False,none
ajblgljp-1,TMA00316,Nonpeptidergic nociceptors,False,False,False,none
ajbmaljn-1,TMA00316,CGRP-Gamma 2,False,False,False,none
ajbocnkl-1,TMA00316,CGRP-Gamma 2,False,False,False,none
ajcbilhn-1,TMA00316,CGRP-Alpha,False,False,False,none
ajcdndol-1,TMA00316,CGRP-Gamma 1,False,False,False,none
ajcelmek-1,TMA00316,CGRP-Gamma 1,False,False,False,none
ajckpfbi-1,TMA00316,C-LTMR,False,False,False,none
ajdaollo-1,TMA00316,C-LTMR,False,False,False,none
ajdbchdi-1,TMA00316,CGRP-Gamma 1,False,False,False,none
ajdbkjko-1,TMA00316,CGRP-Gamma 1,False,False,False,none
ajfijine-1,TMA00316,CGRP-Gamma 1,False,False,False,none
ajfkpppf-1,TMA00316,CGRP-Beta,False,False,False,none
ajflnhod-1,TMA00316,CGRP-Gamma 1,False,False,False,none
ajfmhlog-1,TMA00316,CGRP-Gamma 1,False,False,False,none
ajgaoeip-1,TMA00316,Nonpeptidergic nociceptors,False,False,False,none
ajgcoifc-1,TMA00316,CGRP-Gamma 1,False,False,False,none
ajgcpbke-1,TMA00316,CGRP-Gamma 1,False,False,False,none
ajggehda-1,TMA00316,CGRP-Gamma 1,False,False,False,none
ajggklpc-1,TMA00316,TrpM8,False,False,False,none
ajghlhgn-1,TMA00316,CGRP-Gamma 1,False,False,False,none
ajghmadp-1,TMA00316,CGRP-Gamma 1,False,False,False,none
ajginbmj-1,TMA00316,CGRP-Gamma 2,False,False,False,none
ajgkicdo-1,TMA00316,CGRP-Gamma 1,False,False,False,none
ajgmgndh-1,TMA00316,Adelta-LTMR,False,False,False,none
ajgnkgfi-1,TMA00316,CGRP-Gamma 1,False,False,False,none
ajgoiplp-1,TMA00316,CGRP-Gamma 2,False,False,False,none
ajgpdmak-1,TMA00316,CGRP-Gamma 1,False,False,False,none
ajgpimdj-1,TMA00316,CGRP-Zeta,False,False,False,none
ajhachje-1,TMA00316,Abeta-RA-LTMR,False,False,False,none
ajhacoho-1,TMA00316,C-LTMR,False,False,False,none
ajhahipk-1,TMA00316,Abeta-Field,False,False,False,none
ajhdamid-1,TMA00316,Abeta-RA-LTMR,False,False,False,none
ajhhmgdl-1,TMA00316,Adelta-LTMR,False,False,False,none
ajhikijm-1,TMA00316,CGRP-Gamma 2,False,False,False,none
ajhlhihe-1,TMA00316,Abeta-RA-LTMR,False,False,False,none
ajhljbie-1,TMA00316,CGRP-Eta,False,False,False,none
ajhmbfdn-1,TMA00316,CGRP-Gamma 2,False,False,False,none
ajhmbmkf-1,TMA00316,CGRP-Gamma 2,False,False,False,none
ajhmgkid-1,TMA00316,CGRP-Zeta,False,False,False,none
ajhnjmoj-1,TMA00316,Adelta-LTMR,False,False,False,none
ajhpbmah-1,TMA00316,CGRP-Gamma 1,False,False,False,none
ajicidhl-1,TMA00316,CGRP-Gamma 2,False,False,False,none
ajiibjnh-1,TMA00316,Abeta-RA-LTMR,False,False,False,none
ajikeaja-1,TMA00316,CGRP-Gamma 1,False,False,False,none
ajimoacb-1,TMA00316,Adelta-LTMR,False,False,False,none
ajinhkeo-1,TMA00316,Nonpeptidergic nociceptors,False,False,False,none
ajiondkm-1,TMA00316,Proprioceptors,False,False,False,none
ajjbjban-1,TMA00316,Abeta-RA-LTMR,False,False,False,none
ajjcplde-1,TMA00316,Adelta-LTMR,False,False,False,none
ajjgfpln-1,TMA00316,Adelta-LTMR,False,False,False,none
ajmjngof-1,TMA00316,Proprioceptors,False,False,False,none
ajmohing-1,TMA00316,TrpM8,False,False,False,none
ajmoncnp-1,TMA00316,TrpM8,False,False,False,none
ajmpkgkk-1,TMA00316,CGRP-Gamma 1,False,False,False,none
ajnamjhn-1,TMA00316,Nonpeptidergic nociceptors,False,False,False,none
ajnddnjo-1,TMA00316,Nonpeptidergic nociceptors,False,False,False,none
ajngcmca-1,TMA00316,CGRP-Gamma 2,False,False,False,none
ajngnpni-1,TMA00316,TrpM8,False,False,False,none
ajnlmked-1,TMA00316,CGRP-Eta,False,False,False,none
ajogacff-1,TMA00316,TrpM8,False,False,False,none
ajohmlda-1,TMA00316,TrpM8,False,False,False,none
ajohoeja-1,TMA00316,CGRP-Eta,False,False,False,none
ajoncepd-1,TMA00316,CGRP-Gamma 1,False,False,False,none
ajondkcf-1,TMA00316,CGRP-Gamma 2,False,False,False,none
ajpffanc-1,TMA00316,CGRP-Eta,False,False,False,none
ajpjbben-1,TMA00316,TrpM8,False,False,False,none
ajpmdpnf-1,TMA00316,CGRP-Gamma 1,False,False,False,none
akacmjhh-1,TMA00316,CGRP-Gamma 1,False,False,False,none
akadlngc-1,TMA00316,Nonpeptidergic nociceptors,False,False,False,none
akafckoe-1,TMA00316,C-LTMR,False,False,False,none
akajmcjc-1,TMA00316,CGRP-Gamma 1,False,False,False,none
akbimali-1,TMA00316,Abeta-RA-LTMR,False,False,False,none
akblgldi-1,TMA00316,CGRP-Eta,False,False,False,none
akbniiap-1,TMA00316,CGRP-Gamma 1,False,False,False,none
akboldjn-1,TMA00316,CGRP-Gamma 1,False,False,False,none
akcbmjdf-1,TMA00316,CGRP-Gamma 2,False,False,False,none
akchfead-1,TMA00316,CGRP-Gamma 1,False,False,False,none
akcilmjl-1,TMA00316,Nonpeptidergic nociceptors,False,False,False,none
akcjfghp-1,TMA00316,TrpM8,False,False,False,none
akcjlodi-1,TMA00316,CGRP-Alpha,False,False,False,none
akckhijm-1,TMA00316,Nonpeptidergic nociceptors,False,False,False,none
akdaalbk-1,TMA00316,Abeta-Field,False,False,False,none
akdaplff-1,TMA00316,C-LTMR,False,False,False,none
akdcmgoh-1,TMA00316,Nonpeptidergic nociceptors,False,False,False,none
akdheald-1,TMA00316,CGRP-Theta,False,False,False,none
akdhjcoe-1,TMA00316,TrpM8,False,False,False,none
akdhnfcf-1,TMA00316,CGRP-Epsilion,False,False,False,none
akdjgagh-1,TMA00316,TrpM8,False,False,False,none
akdnmpjf-1,TMA00316,C-LTMR,False,False,False,none
akdoeplg-1,TMA00316,Abeta-Field,False,False,False,none
akdogcch-1,TMA00316,CGRP-Gamma 2,False,False,False,none
akdpacci-1,TMA00316,CGRP-Gamma 1,False,False,False,none
akejecbi-1,TMA00316,Adelta-LTMR,False,False,False,none
akelfghf-1,TMA00316,CGRP-Theta,False,False,False,none
akfckmhk-1,TMA00316,C-LTMR,False,False,False,none
akfnbajc-1,TMA00316,Adelta-LTMR,False,False,False,none
akfocmbn-1,TMA00316,CGRP-Gamma 1,False,False,False,none
akgdeknm-1,TMA00316,CGRP-Alpha,False,False,False,none
akgeadkd-1,TMA00316,CGRP-Alpha,False,False,False,none
akgkphne-1,TMA00316,CGRP-Beta,False,False,False,none
akglledb-1,TMA00316,CGRP-Eta,False,False,False,none
akgmcnkg-1,TMA00316,TrpM8,False,False,False,none
akgobkod-1,TMA00316,Abeta-Field,False,False,False,none
akgpmeop-1,TMA00316,C-LTMR,False,False,False,none
akhiiban-1,TMA00316,CGRP-Eta,False,False,False,none
akhjoenj-1,TMA00316,CGRP-Alpha,False,False,False,none
akhkaaeg-1,TMA00316,TrpM8,False,False,False,none
akhnbeeb-1,TMA00316,Proprioceptors,False,False,False,none
akholefc-1,TMA00316,CGRP-Alpha,False,False,False,none
akiaadeh-1,TMA00316,CGRP-Gamma 1,False,False,False,none
akjbfjhm-1,TMA00316,CGRP-Epsilion,False,False,False,none
akjchlmm-1,TMA00316,CGRP-Epsilion,False,False,False,none
akkfndlk-1,TMA00316,CGRP-Eta,False,False,False,none
akkjfblb-1,TMA00316,CGRP-Eta,False,False,False,none
aknkdeij-1,TMA00316,Abeta-RA-LTMR,False,False,False,none
aknppmao-1,TMA00316,Nonpeptidergic nociceptors,False,False,False,none
akogenkk-1,TMA00316,Nonpeptidergic nociceptors,False,False,False,none
akooggaf-1,TMA00316,C-LTMR,False,False,False,none
akpmfodc-1,TMA00316,Sst,False,False,False,none
alahnoin-1,TMA00316,Nonpeptidergic nociceptors,False,False,False,none
alaichii-1,TMA00316,C-LTMR,False,False,False,none
alaiojga-1,TMA00316,CGRP-Epsilion,False,False,False,none
alciifko-1,TMA00316,CGRP-Theta,False,False,False,none
alcmdkan-1,TMA00316,CGRP-Alpha,False,False,False,none
alcmjjdl-1,TMA00316,CGRP-Epsilion,False,False,False,none
alddanna-1,TMA00316,CGRP-Epsilion,False,False,False,none
alddphnc-1,TMA00316,Proprioceptors,False,False,False,none
aldemnep-1,TMA00316,Nonpeptidergic nociceptors,False,False,False,none
aldgfell-1,TMA00316,CGRP-Eta,False,False,False,none
aldiffnp-1,TMA00316,Adelta-LTMR,False,False,False,none
aldklang-1,TMA00316,Nonpeptidergic nociceptors,False,False,False,none
aleacecm-1,TMA00316,Adelta-LTMR,False,False,False,none
alebdnje-1,TMA00316,C-LTMR,False,False,False,none
aleblmin-1,TMA00316,Sst,False,False,False,none
alefhcil-1,TMA00316,Nonpeptidergic nociceptors,False,False,False,none
alefllcp-1,TMA00316,Nonpeptidergic nociceptors,False,False,False,none
alehkdbe-1,TMA00316,CGRP-Zeta,False,False,False,none
alejgokl-1,TMA00316,Proprioceptors,False,False,False,none
alelikfl-1,TMA00316,CGRP-Alpha,False,False,False,none
alffjckj-1,TMA00316,Nonpeptidergic nociceptors,False,False,False,none
alfgfepe-1,TMA00316,Nonpeptidergic nociceptors,False,False,False,none
alfmbnek-1,TMA00316,Nonpeptidergic nociceptors,False,False,False,none
alfoahnp-1,TMA00316,Nonpeptidergic nociceptors,False,False,False,none
alfoillc-1,TMA00316,C-LTMR,False,False,False,none
algdgoff-1,TMA00316,Nonpeptidergic nociceptors,False,False,False,none
algffbmm-1,TMA00316,Nonpeptidergic nociceptors,False,False,False,none
alggbfii-1,TMA00316,Nonpeptidergic nociceptors,False,False,False,none
alghjlnn-1,TMA00316,CGRP-Epsilion,False,False,False,none
alghkepi-1,TMA00316,Nonpeptidergic nociceptors,False,False,False,none
algkhgoc-1,TMA00316,Nonpeptidergic nociceptors,False,False,False,none
algmlndd-1,TMA00316,CGRP-Eta,True,False,False,EGFP_Seq1_hi
algmmpec-1,TMA00316,CGRP-Gamma 1,False,False,False,none
algobapg-1,TMA00316,CGRP-Eta,False,False,False,none
algobgbm-1,TMA00316,Nonpeptidergic nociceptors,False,False,False,none
alhbnnad-1,TMA00316,Proprioceptors,False,False,False,none
alhgengp-1,TMA00316,C-LTMR,False,False,False,none
alhkmejl-1,TMA00316,CGRP-Alpha,False,False,False,none
alidnjpb-1,TMA00316,CGRP-Epsilion,False,False,False,none
alihppha-1,TMA00316,Nonpeptidergic nociceptors,False,False,False,none
alipdpfm-1,TMA00316,Adelta-LTMR,False,False,False,none
aljaffaa-1,TMA00316,CGRP-Eta,False,False,False,none
aljbgacm-1,TMA00316,Proprioceptors,False,False,False,none
aljeecnp-1,TMA00316,Abeta-Field,False,False,False,none
aljkccgc-1,TMA00316,CGRP-Epsilion,False,False,False,none
aljlgabi-1,TMA00316,CGRP-Alpha,False,False,False,none
aljnmimd-1,TMA00316,C-LTMR,False,False,False,none
alkcjkne-1,TMA00316,Nonpeptidergic nociceptors,False,False,False,none
alkdpogb-1,TMA00316,CGRP-Epsilion,False,False,False,none
alkfcefm-1,TMA00316,CGRP-Alpha,False,False,False,none
alkglcac-1,TMA00316,Abeta-RA-LTMR,False,False,False,none
alkjnhpj-1,TMA00316,CGRP-Theta,False,False,False,none
alkkdgai-1,TMA00316,Proprioceptors,False,False,False,none
alkkiceh-1,TMA00316,Proprioceptors,False,False,False,none
alknalfh-1,TMA00316,CGRP-Theta,False,False,False,none
alkodahd-1,TMA00316,Nonpeptidergic nociceptors,False,False,False,none
alkpnoem-1,TMA00316,CGRP-Zeta,False,False,False,none
allciioa-1,TMA00316,Nonpeptidergic nociceptors,False,False,False,none
allcnlai-1,TMA00316,CGRP-Epsilion,False,False,False,none
allfjfmg-1,TMA00316,Nonpeptidergic nociceptors,False,False,False,none
allibole-1,TMA00316,C-LTMR,False,False,False,none
allkcpni-1,TMA00316,Abeta-RA-LTMR,False,False,False,none
allnnabe-1,TMA00316,C-LTMR,False,False,False,none
almajgdh-1,TMA00316,Nonpeptidergic nociceptors,False,False,False,none
almfdhhj-1,TMA00316,Nonpeptidergic nociceptors,False,False,False,none
almghbdc-1,TMA00316,Nonpeptidergic nociceptors,False,False,False,none
almhacgi-1,TMA00316,Nonpeptidergic nociceptors,False,False,False,none
almmdlae-1,TMA00316,Proprioceptors,False,False,False,none
almphpid-1,TMA00316,Nonpeptidergic nociceptors,False,False,False,none
alnammin-1,TMA00316,CGRP-Theta,False,False,False,none
alnbkhpn-1,TMA00316,CGRP-Epsilion,False,False,False,none
alnfhfkf-1,TMA00316,CGRP-Gamma 1,False,False,False,none
alnfmhol-1,TMA00316,CGRP-Epsilion,False,False,False,none
alnhnicd-1,TMA00316,Nonpeptidergic nociceptors,False,False,False,none
alnllhld-1,TMA00316,Nonpeptidergic nociceptors,False,False,False,none
alnpdgch-1,TMA00316,Nonpeptidergic nociceptors,False,False,False,none
alogacdn-1,TMA00316,Nonpeptidergic nociceptors,False,False,False,none
alonbhge-1,TMA00316,C-LTMR,False,False,False,none
alooankg-1,TMA00316,Adelta-LTMR,False,False,False,none
alopajdf-1,TMA00316,Abeta-Field,False,False,False,none
alpghlbd-1,TMA00316,TrpM8,False,False,False,none
alpgnobp-1,TMA00316,CGRP-Gamma 1,False,False,False,none
ambdbnfd-1,TMA00316,Abeta-Field,False,False,False,none
ambefgmo-1,TMA00316,Nonpeptidergic nociceptors,False,False,False,none
ambgljjc-1,TMA00316,Nonpeptidergic nociceptors,False,False,False,none
ambglope-1,TMA00316,CGRP-Alpha,False,False,False,none
ambjifjm-1,TMA00316,Abeta-RA-LTMR,False,False,False,none
amcecnce-1,TMA00316,Nonpeptidergic nociceptors,False,False,False,none
amcfoppc-1,TMA00316,Nonpeptidergic nociceptors,False,False,False,none
amcgipka-1,TMA00316,TrpM8,False,False,False,none
amckcfko-1,TMA00316,TrpM8,False,False,False,none
amckflml-1,TMA00316,Nonpeptidergic nociceptors,False,False,False,none
amdkoodl-1,TMA00316,Adelta-LTMR,False,False,False,none
amdnoigm-1,TMA00316,Abeta-RA-LTMR,False,False,False,none
amdodbaf-1,TMA00316,Proprioceptors,False,False,False,none
ameamfoo-1,TMA00316,Abeta-Field,False,False,False,none
amedjabb-1,TMA00316,C-LTMR,False,False,False,none
ameeking-1,TMA00316,C-LTMR,False,False,False,none
amffkcch-1,TMA00316,Nonpeptidergic nociceptors,False,False,False,none
amffldoc-1,TMA00316,Abeta-RA-LTMR,False,False,False,none
amfihkdd-1,TMA00316,CGRP-Epsilion,False,False,False,none
amfjpbdh-1,TMA00316,CGRP-Eta,False,False,False,none
amfkiilb-1,TMA00316,Nonpeptidergic nociceptors,False,False,False,none
amfklkpc-1,TMA00316,C-LTMR,False,False,False,none
amhnajkm-1,TMA00316,CGRP-Gamma 1,False,False,False,none
amiddnln-1,TMA00316,CGRP-Epsilion,False,False,False,none
amkidebn-1,TMA00316,Proprioceptors,False,False,False,none
amklaejc-1,TMA00316,CGRP-Eta,False,False,False,none
amkmmceh-1,TMA00316,Nonpeptidergic nociceptors,False,False,False,none
amlcghmm-1,TMA00316,C-LTMR,False,False,False,none
amlcipco-1,TMA00316,CGRP-Eta,False,False,False,none
amlehopf-1,TMA00316,Nonpeptidergic nociceptors,False,False,False,none
amlfkegj-1,TMA00316,CGRP-Zeta,False,False,False,none
amlfpcfm-1,TMA00316,Proprioceptors,False,False,False,none
amlgopac-1,TMA00316,Adelta-LTMR,False,False,False,none
amlhjaef-1,TMA00316,CGRP-Zeta,False,False,False,none
amlljomh-1,TMA00316,Adelta-LTMR,False,False,False,none
amlmihof-1,TMA00316,CGRP-Eta,False,False,False,none
amlpjiok-1,TMA00316,Nonpeptidergic nociceptors,False,False,False,none
ammagjac-1,TMA00316,CGRP-Zeta,False,False,False,none
ammalodm-1,TMA00316,CGRP-Eta,False,False,False,none
ammckeaa-1,TMA00316,Nonpeptidergic nociceptors,False,False,False,none
ammeenfk-1,TMA00316,Nonpeptidergic nociceptors,False,False,False,none
ammflnpl-1,TMA00316,CGRP-Gamma 1,False,False,False,none
ammhlhjg-1,TMA00316,C-LTMR,False,False,False,none
ammhnkhc-1,TMA00316,CGRP-Gamma 1,False,False,False,none
ammiblfo-1,TMA00316,TrpM8,False,False,False,none
ammkebhb-1,TMA00316,CGRP-Gamma 2,False,False,False,none
ammkllbm-1,TMA00316,Abeta-Field,False,False,False,none
ammoammh-1,TMA00316,CGRP-Gamma 2,False,False,False,none
ammonbeo-1,TMA00316,CGRP-Gamma 1,False,False,False,none
amnblkei-1,TMA00316,CGRP-Gamma 1,False,False,False,none
amneofod-1,TMA00316,CGRP-Epsilion,False,False,False,none
amnfpnpo-1,TMA00316,C-LTMR,False,False,False,none
amnhcjjo-1,TMA00316,Abeta-Field,False,False,False,none
amnhmcan-1,TMA00316,CGRP-Zeta,False,False,False,none
amnlhflf-1,TMA00316,Abeta-Field,False,False,False,none
amnlpdfl-1,TMA00316,Abeta-RA-LTMR,False,False,False,none
amnmccem-1,TMA00316,CGRP-Zeta,False,False,False,none
amnmkdbn-1,TMA00316,C-LTMR,False,False,False,none
amoahgdl-1,TMA00316,Abeta-RA-LTMR,False,False,False,none
amoenmlc-1,TMA00316,Nonpeptidergic nociceptors,False,False,False,none
amofjnpb-1,TMA00316,CGRP-Theta,False,False,False,none
amohpnfi-1,TMA00316,CGRP-Zeta,False,False,False,none
amoljbpi-1,TMA00316,Nonpeptidergic nociceptors,False,False,False,none
amolpiec-1,TMA00316,CGRP-Zeta,False,False,False,none
amopafem-1,TMA00316,Nonpeptidergic nociceptors,False,False,False,none
amopkbfm-1,TMA00316,CGRP-Zeta,False,False,False,none
ampeiige-1,TMA00316,CGRP-Epsilion,False,False,False,none
ampeppcg-1,TMA00316,CGRP-Alpha,False,False,False,none
ampfdjfc-1,TMA00316,CGRP-Gamma 1,False,False,False,none
ampgaajn-1,TMA00316,CGRP-Alpha,False,False,False,none
ampggonf-1,TMA00316,C-LTMR,False,False,False,none
ampnhhhb-1,TMA00316,TrpM8,False,False,False,none
ampopbga-1,TMA00316,Nonpeptidergic nociceptors,False,False,False,none
amppbnem-1,TMA00316,CGRP-Eta,True,False,False,EGFP_Seq1_hi
anabmlaf-1,TMA00316,Proprioceptors,False,False,False,none
anaccjoc-1,TMA00316,CGRP-Beta,False,False,False,none
anacebel-1,TMA00316,Nonpeptidergic nociceptors,False,False,False,none
anadojio-1,TMA00316,Proprioceptors,False,False,False,none
anaemjbg-1,TMA00316,TrpM8,False,False,False,none
anagaobm-1,TMA00316,CGRP-Gamma 1,False,False,False,none
anaiaain-1,TMA00316,Proprioceptors,False,False,False,none
anainmcb-1,TMA00316,Abeta-RA-LTMR,False,False,False,none
anajjnhn-1,TMA00316,CGRP-Beta,False,False,False,none
anaoekcf-1,TMA00316,CGRP-Eta,False,False,False,none
anapkdgo-1,TMA00316,Abeta-RA-LTMR,False,False,False,none
anbbhham-1,TMA00316,C-LTMR,False,False,False,none
anbbmklf-1,TMA00316,Abeta-RA-LTMR,False,False,False,none
anbdfppa-1,TMA00316,TrpM8,False,False,False,none
anbfojjb-1,TMA00316,CGRP-Gamma 1,False,False,False,none
anbgldhf-1,TMA00316,Nonpeptidergic nociceptors,False,False,False,none
anbipcjf-1,TMA00316,Nonpeptidergic nociceptors,False,False,False,none
anbkakgb-1,TMA00316,CGRP-Gamma 1,False,False,False,none
anbkkncb-1,TMA00316,CGRP-Gamma 1,False,False,False,none
anbnjobp-1,TMA00316,TrpM8,False,False,False,none
anccecdc-1,TMA00316,CGRP-Gamma 2,False,False,False,none
ancfjojn-1,TMA00316,CGRP-Gamma 1,False,False,False,none
anchekof-1,TMA00316,TrpM8,False,False,False,none
anckajdf-1,TMA00316,TrpM8,False,False,False,none
anclcolb-1,TMA00316,TrpM8,False,False,False,none
andfllip-1,TMA00316,TrpM8,False,False,False,none
andibdon-1,TMA00316,Nonpeptidergic nociceptors,False,False,False,none
aneapclp-1,TMA00316,Nonpeptidergic nociceptors,False,False,False,none
aneeiahj-1,TMA00316,CGRP-Gamma 1,False,False,False,none
anehbkbl-1,TMA00316,Sst,False,False,False,none
anfegggl-1,TMA00316,CGRP-Gamma 1,False,False,False,none
anfembdc-1,TMA00316,CGRP-Eta,False,False,False,none
anfhbpao-1,TMA00316,CGRP-Gamma 1,False,False,False,none
anfkcpih-1,TMA00316,CGRP-Alpha,False,False,False,none
anflcalk-1,TMA00316,Sst,False,False,False,none
angaaeol-1,TMA00316,Proprioceptors,False,False,False,none
angabpaj-1,TMA00316,CGRP-Zeta,False,False,False,none
angbioec-1,TMA00316,C-LTMR,False,False,False,none
angcejgi-1,TMA00316,TrpM8,False,False,False,none
angejjph-1,TMA00316,TrpM8,False,False,False,none
anggclfg-1,TMA00316,C-LTMR,False,False,False,none
anghnfpm-1,TMA00316,TrpM8,False,False,False,none
angmfmfj-1,TMA00316,TrpM8,False,False,False,none
angncnbo-1,TMA00316,CGRP-Alpha,False,False,False,none
anhbfjmo-1,TMA00316,Nonpeptidergic nociceptors,False,False,False,none
anhphmkh-1,TMA00316,CGRP-Eta,False,False,False,none
anhpmhoo-1,TMA00316,Abeta-RA-LTMR,False,False,False,none
aniaahgk-1,TMA00316,C-LTMR,False,False,False,none
anicnhln-1,TMA00316,Nonpeptidergic nociceptors,False,False,False,none
anidejen-1,TMA00316,CGRP-Eta,False,False,False,none
aniiipoj-1,TMA00316,Nonpeptidergic nociceptors,False,False,False,none
animaheo-1,TMA00316,Nonpeptidergic nociceptors,False,False,False,none
animkcfg-1,TMA00316,CGRP-Gamma 1,False,False,False,none
anipcldg-1,TMA00316,Nonpeptidergic nociceptors,False,False,False,none
anjabadm-1,TMA00316,CGRP-Gamma 1,False,False,False,none
anjabjmi-1,TMA00316,CGRP-Theta,False,False,False,none
anjaedla-1,TMA00316,Nonpeptidergic nociceptors,False,False,False,none
anjbmbif-1,TMA00316,Nonpeptidergic nociceptors,False,False,False,none
anjelpig-1,TMA00316,TrpM8,False,False,False,none
anjgblhh-1,TMA00316,Abeta-RA-LTMR,False,False,False,none
anjjllof-1,TMA00316,TrpM8,False,False,False,none
anjmadnn-1,TMA00316,CGRP-Gamma 1,False,False,False,none
ankockic-1,TMA00316,Nonpeptidergic nociceptors,False,False,False,none
anlcilpi-1,TMA00316,CGRP-Gamma 1,False,False,False,none
anldohlo-1,TMA00316,TrpM8,False,False,False,none
anlehgbi-1,TMA00316,Nonpeptidergic nociceptors,False,False,False,none
anlmhbkn-1,TMA00316,CGRP-Gamma 1,False,False,False,none
anmaejnn-1,TMA00316,C-LTMR,False,False,False,none
anmbknko-1,TMA00316,C-LTMR,False,False,False,none
anmdimlg-1,TMA00316,TrpM8,False,False,False,none
anmhklnp-1,TMA00316,Nonpeptidergic nociceptors,False,False,False,none
anmihjgb-1,TMA00316,Abeta-Field,False,False,False,none
anmlkhhj-1,TMA00316,CGRP-Gamma 1,False,False,False,none
anmndglc-1,TMA00316,C-LTMR,False,False,False,none
anngndjd-1,TMA00316,CGRP-Epsilion,False,False,False,none
annkcbco-1,TMA00316,CGRP-Alpha,False,False,False,none
anojljlj-1,TMA00316,CGRP-Alpha,False,False,False,none
anokjkhe-1,TMA00316,Sst,False,False,False,none
anomkiio-1,TMA00316,Proprioceptors,False,False,False,none
anoncgig-1,TMA00316,C-LTMR,False,False,False,none
anpaeabf-1,TMA00316,Abeta-Field,False,False,False,none
anpbcfhb-1,TMA00316,C-LTMR,False,False,False,none
anpcdjgg-1,TMA00316,CGRP-Theta,False,False,False,none
anpcpcmk-1,TMA00316,CGRP-Eta,False,False,False,none
anpdnlho-1,TMA00316,Nonpeptidergic nociceptors,False,False,False,none
anpgagnc-1,TMA00316,Nonpeptidergic nociceptors,False,False,False,none
anpicfcn-1,TMA00316,Abeta-RA-LTMR,False,False,False,none
anpjiobm-1,TMA00316,CGRP-Zeta,False,False,False,none
anpnlmem-1,TMA00316,Nonpeptidergic nociceptors,False,False,False,none
anpomnpf-1,TMA00316,TrpM8,False,False,False,none
anppjmho-1,TMA00316,Nonpeptidergic nociceptors,False,False,False,none
anppnkmj-1,TMA00316,Nonpeptidergic nociceptors,False,False,False,none
aoaagfme-1,TMA00316,CGRP-Eta,False,False,False,none
aoabnnfd-1,TMA00316,Nonpeptidergic nociceptors,False,False,False,none
aoacmcig-1,TMA00316,Abeta-Field,False,False,False,none
aoadgdgc-1,TMA00316,CGRP-Theta,False,False,False,none
aoadmbcd-1,TMA00316,Nonpeptidergic nociceptors,False,False,False,none
aoafgoaf-1,TMA00316,Nonpeptidergic nociceptors,False,False,False,none
aoaibhnp-1,TMA00316,Adelta-LTMR,False,False,False,none
aoakccjm-1,TMA00316,Abeta-RA-LTMR,False,False,False,none
aoangofn-1,TMA00316,Abeta-Field,False,False,False,none
aoaolmhc-1,TMA00316,Adelta-LTMR,False,False,False,none
aoapdchi-1,TMA00316,Nonpeptidergic nociceptors,False,False,False,none
aobbiabl-1,TMA00316,Nonpeptidergic nociceptors,False,False,False,none
aobffbjh-1,TMA00316,Abeta-Field,False,False,False,none
aobffmho-1,TMA00316,Abeta-Field,False,False,False,none
aobknjhi-1,TMA00316,Abeta-Field,False,False,False,none
aobnlhca-1,TMA00316,CGRP-Zeta,False,False,False,none
aobpeabk-1,TMA00316,Nonpeptidergic nociceptors,False,False,False,none
aocdkdfk-1,TMA00316,Proprioceptors,False,False,False,none
aocgegdf-1,TMA00316,Nonpeptidergic nociceptors,False,False,False,none
aocjehak-1,TMA00316,CGRP-Eta,False,False,False,none
aocjmeji-1,TMA00316,CGRP-Alpha,False,False,False,none
aocnkbld-1,TMA00316,Nonpeptidergic nociceptors,False,False,False,none
aocnkndb-1,TMA00316,CGRP-Alpha,False,False,False,none
aocnldmp-1,TMA00316,Nonpeptidergic nociceptors,False,False,False,none
aodbehfg-1,TMA00316,Adelta-LTMR,False,False,False,none
aoddmigb-1,TMA00316,Nonpeptidergic nociceptors,False,False,False,none
aodgfgab-1,TMA00316,CGRP-Eta,False,False,False,none
aodhjfdb-1,TMA00316,Nonpeptidergic nociceptors,False,False,False,none
aoebegpm-1,TMA00316,Abeta-RA-LTMR,False,False,False,none
aoefjlna-1,TMA00316,Proprioceptors,False,False,False,none
aoeggiin-1,TMA00316,Abeta-RA-LTMR,False,False,False,none
aoeiljkm-1,TMA00316,Proprioceptors,False,False,False,none
aoejdndl-1,TMA00316,Nonpeptidergic nociceptors,False,False,False,none
aoemging-1,TMA00316,Proprioceptors,False,False,False,none
aofcffhe-1,TMA00316,C-LTMR,False,False,False,none
aofdpoib-1,TMA00316,CGRP-Theta,False,False,False,none
aofhlida-1,TMA00316,CGRP-Epsilion,False,False,False,none
aofmcmec-1,TMA00316,CGRP-Alpha,False,False,False,none
aofnhinj-1,TMA00316,Sst,False,False,False,none
aogfhckc-1,TMA00316,TrpM8,False,False,False,none
aoghhfbi-1,TMA00316,CGRP-Theta,False,False,False,none
aogjengj-1,TMA00316,C-LTMR,False,False,False,none
aogkibhl-1,TMA00316,Nonpeptidergic nociceptors,False,False,False,none
aognnngc-1,TMA00316,TrpM8,False,False,False,none
aogoalpc-1,TMA00316,Nonpeptidergic nociceptors,False,False,False,none
aohbapap-1,TMA00316,C-LTMR,False,False,False,none
aohjdpje-1,TMA00316,Abeta-Field,False,False,False,none
aohkmegl-1,TMA00316,Proprioceptors,False,False,False,none
aohogbkn-1,TMA00316,Abeta-RA-LTMR,False,False,False,none
aoibeecf-1,TMA00316,Nonpeptidergic nociceptors,False,False,False,none
aoicebep-1,TMA00316,Nonpeptidergic nociceptors,False,False,False,none
aoifoepi-1,TMA00316,Nonpeptidergic nociceptors,False,False,False,none
aoihmhej-1,TMA00316,Nonpeptidergic nociceptors,False,False,False,none
aoiidila-1,TMA00316,CGRP-Eta,False,False,False,none
aoiimjdc-1,TMA00316,Nonpeptidergic nociceptors,False,False,False,none
aoilpknh-1,TMA00316,TrpM8,False,False,False,none
aoingfcn-1,TMA00316,Abeta-RA-LTMR,False,False,False,none
aojahlkc-1,TMA00316,Proprioceptors,False,False,False,none
aojgjakh-1,TMA00316,Nonpeptidergic nociceptors,False,False,False,none
aojgnmbn-1,TMA00316,Nonpeptidergic nociceptors,False,False,False,none
aojlgnii-1,TMA00316,CGRP-Alpha,False,False,False,none
aojnepjj-1,TMA00316,Nonpeptidergic nociceptors,False,False,False,none
aojnnbee-1,TMA00316,Abeta-Field,False,False,False,none
aojoccip-1,TMA00316,TrpM8,False,False,False,none
aojomddd-1,TMA00316,Nonpeptidergic nociceptors,False,False,False,none
aokciimh-1,TMA00316,CGRP-Alpha,False,False,False,none
aoklpamd-1,TMA00316,Abeta-Field,False,False,False,none
aokmjihm-1,TMA00316,CGRP-Zeta,False,False,False,none
aolblahh-1,TMA00316,Nonpeptidergic nociceptors,False,False,False,none
aoleojbk-1,TMA00316,C-LTMR,False,False,False,none
aolepegb-1,TMA00316,Abeta-Field,False,False,False,none
aolfbbdi-1,TMA00316,CGRP-Zeta,False,False,False,none
aolfiplo-1,TMA00316,Abeta-Field,False,False,False,none
aolhamie-1,TMA00316,Abeta-RA-LTMR,False,False,False,none
aoljidda-1,TMA00316,Nonpeptidergic nociceptors,False,False,False,none
aoljkloj-1,TMA00316,CGRP-Zeta,False,False,False,none
aolkaaem-1,TMA00316,Abeta-RA-LTMR,False,False,False,none
aolkenak-1,TMA00316,TrpM8,False,False,False,none
aollakah-1,TMA00316,Nonpeptidergic nociceptors,False,False,False,none
aolngdjd-1,TMA00316,C-LTMR,False,False,False,none
aolpbjlj-1,TMA00316,Abeta-Field,False,False,False,none
aomahcbo-1,TMA00316,Abeta-RA-LTMR,False,False,False,none
aombecmi-1,TMA00316,Proprioceptors,False,False,False,none
aomefoan-1,TMA00316,Abeta-RA-LTMR,False,False,False,none
aomijilp-1,TMA00316,Nonpeptidergic nociceptors,False,False,False,none
aomklfck-1,TMA00316,Abeta-RA-LTMR,False,False,False,none
aomlimee-1,TMA00316,CGRP-Zeta,False,False,False,none
aomncfom-1,TMA00316,CGRP-Theta,False,False,False,none
aomnfgdm-1,TMA00316,CGRP-Zeta,False,False,False,none
aondpfmd-1,TMA00316,CGRP-Theta,False,False,False,none
aonilfgj-1,TMA00316,Proprioceptors,False,False,False,none
aonoollc-1,TMA00316,C-LTMR,False,False,False,none
aoodalej-1,TMA00316,Abeta-Field,False,False,False,none
aooflmcm-1,TMA00316,Abeta-Field,False,False,False,none
aoogepei-1,TMA00316,Abeta-Field,False,False,False,none
aookanff-1,TMA00316,Nonpeptidergic nociceptors,False,False,False,none
aoolgoia-1,TMA00316,Proprioceptors,False,False,False,none
aoolkkja-1,TMA00316,Abeta-RA-LTMR,False,False,False,none
aopbicki-1,TMA00316,Proprioceptors,False,False,False,none
aopfeepo-1,TMA00316,Nonpeptidergic nociceptors,False,False,False,none
aophikin-1,TMA00316,CGRP-Zeta,False,False,False,none
aopilila-1,TMA00316,CGRP-Eta,False,False,False,none
aopiphfh-1,TMA00316,Proprioceptors,False,False,False,none
aopkkkfa-1,TMA00316,Sst,False,False,False,none
apacembg-1,TMA00316,TrpM8,False,False,False,none
apadpnnj-1,TMA00316,C-LTMR,False,False,False,none
apbfibbj-1,TMA00316,C-LTMR,False,False,False,none
apbfnghp-1,TMA00316,CGRP-Eta,False,False,False,none
apbgmkag-1,TMA00316,TrpM8,False,False,False,none
apbjnlkl-1,TMA00316,C-LTMR,False,False,False,none
apbpfdaf-1,TMA00316,CGRP-Theta,False,False,False,none
apcgkjac-1,TMA00316,Nonpeptidergic nociceptors,False,False,False,none
apcjfnme-1,TMA00316,Nonpeptidergic nociceptors,False,False,False,none
apdeaebp-1,TMA00316,TrpM8,False,False,False,none
apdeehgi-1,TMA00316,Proprioceptors,False,False,False,none
apdiahja-1,TMA00316,Nonpeptidergic nociceptors,False,False,False,none
apeinghc-1,TMA00316,Sst,False,False,False,none
apfcbceb-1,TMA00316,Abeta-RA-LTMR,False,False,False,none
apfkbgmd-1,TMA00316,CGRP-Eta,False,False,False,none
apgceaej-1,TMA00316,C-LTMR,False,False,False,none
apgepfjb-1,TMA00316,Nonpeptidergic nociceptors,False,False,False,none
apheomhe-1,TMA00316,Nonpeptidergic nociceptors,False,False,False,none
aphfcdgm-1,TMA00316,CGRP-Eta,False,False,False,none
aphflinj-1,TMA00316,Nonpeptidergic nociceptors,False,False,False,none
aphibfoh-1,TMA00316,Nonpeptidergic nociceptors,False,False,False,none
aphkpcdp-1,TMA00316,Abeta-Field,False,False,False,none
apiclcjm-1,TMA00316,Proprioceptors,False,False,False,none
apiddoil-1,TMA00316,TrpM8,False,False,False,none
apieibmd-1,TMA00316,Nonpeptidergic nociceptors,False,False,False,none
apnoojld-1,TMA00316,Abeta-RA-LTMR,False,False,False,none
apoapgpm-1,TMA00316,Abeta-RA-LTMR,False,False,False,none
apobjlho-1,TMA00316,Abeta-Field,False,False,False,none
apodldem-1,TMA00316,Adelta-LTMR,False,False,False,none
apolfnfl-1,TMA00316,CGRP-Gamma 2,False,False,False,none
appcjobd-1,TMA00316,CGRP-Eta,False,False,False,none
appdblno-1,TMA00316,CGRP-Gamma 1,False,False,False,none
appjadbp-1,TMA00316,CGRP-Gamma 1,False,False,False,none
appjijjk-1,TMA00316,CGRP-Gamma 2,False,False,False,none
appkhipn-1,TMA00316,Proprioceptors,False,False,False,none
applkfki-1,TMA00316,C-LTMR,False,False,False,none
appmbjgk-1,TMA00316,C-LTMR,False,False,False,none
babmjngh-1,TMA00316,TrpM8,False,False,False,none
babmkoij-1,TMA00316,CGRP-Gamma 1,False,False,False,none
babnjaoa-1,TMA00316,Abeta-RA-LTMR,False,False,False,none
babopplm-1,TMA00316,Proprioceptors,False,False,False,none
babpgonn-1,TMA00316,CGRP-Gamma 1,False,False,False,none
bacadnon-1,TMA00316,Abeta-RA-LTMR,False,False,False,none
bacbodhg-1,TMA00316,Sst,False,False,False,none
bacfgfel-1,TMA00316,Proprioceptors,False,False,False,none
baffmdjj-1,TMA00316,CGRP-Gamma 1,False,False,False,none
baffnefk-1,TMA00316,CGRP-Gamma 1,False,False,False,none
bafhckoa-1,TMA00316,Abeta-RA-LTMR,False,False,False,none
bafibeno-1,TMA00316,CGRP-Eta,False,False,False,none
baficeea-1,TMA00316,CGRP-Eta,False,False,False,none
bafnajko-1,TMA00316,Abeta-Field,False,False,False,none
bahecelg-1,TMA00316,Abeta-Field,False,False,False,none
baibaapn-1,TMA00316,Adelta-LTMR,False,False,False,none
baiekile-1,TMA00316,Adelta-LTMR,False,False,False,none
baiennpo-1,TMA00316,Adelta-LTMR,False,False,False,none
baiiipmk-1,TMA00316,Abeta-RA-LTMR,False,False,False,none
baijjoce-1,TMA00316,C-LTMR,False,False,False,none
bajclpaf-1,TMA00316,CGRP-Gamma 1,False,False,False,none
bajkmlmp-1,TMA00316,CGRP-Gamma 1,False,False,False,none
bajloala-1,TMA00316,CGRP-Eta,True,False,False,EGFP_Seq1_hi
bajmogmf-1,TMA00316,CGRP-Gamma 1,False,False,False,none
bakbihio-1,TMA00316,CGRP-Gamma 2,False,False,False,none
bakcacmf-1,TMA00316,CGRP-Gamma 2,True,False,False,EGFP_Seq1_hi
bakdgiaj-1,TMA00316,Nonpeptidergic nociceptors,False,False,False,none
bakdhbpd-1,TMA00316,CGRP-Gamma 2,False,False,False,none
bakeebej-1,TMA00316,TrpM8,False,False,False,none
bakhlpcc-1,TMA00316,TrpM8,False,False,False,none
bakieolc-1,TMA00316,TrpM8,False,False,False,none
bakippea-1,TMA00316,CGRP-Gamma 2,False,False,False,none
bakljckp-1,TMA00316,C-LTMR,False,False,False,none
balakkao-1,TMA00316,C-LTMR,False,False,False,none
baledene-1,TMA00316,CGRP-Gamma 1,False,False,False,none
bamggggl-1,TMA00316,Adelta-LTMR,False,False,False,none
bamipadf-1,TMA00316,CGRP-Alpha,False,False,False,none
bamncdkc-1,TMA00316,C-LTMR,False,False,False,none
bamohakb-1,TMA00316,C-LTMR,False,False,False,none
banibjoa-1,TMA00316,C-LTMR,False,False,False,none
banjingb-1,TMA00316,C-LTMR,False,False,False,none
bankbogn-1,TMA00316,CGRP-Alpha,True,False,False,EGFP_Seq1_hi
bapmpdmc-1,TMA00316,Nonpeptidergic nociceptors,False,False,False,none
bapncicj-1,TMA00316,CGRP-Alpha,False,False,False,none
bbagnhon-1,TMA00316,CGRP-Alpha,False,False,False,none
bbaidhaf-1,TMA00316,CGRP-Gamma 1,False,False,False,none
bbakdcjc-1,TMA00316,CGRP-Eta,False,False,False,none
bbamgakh-1,TMA00316,CGRP-Gamma 1,False,False,False,none
bbanalkj-1,TMA00316,CGRP-Epsilion,False,False,False,none
bbcfjoga-1,TMA00316,CGRP-Gamma 1,False,False,False,none
bbcgpgih-1,TMA00316,CGRP-Gamma 1,False,False,False,none
bbcocgdk-1,TMA00316,Proprioceptors,False,False,False,none
bbepknaf-1,TMA00316,Nonpeptidergic nociceptors,False,False,False,none
bbfegagl-1,TMA00316,Nonpeptidergic nociceptors,False,False,False,none
bbfpgjee-1,TMA00316,Proprioceptors,False,False,False,none
bbgdebni-1,TMA00316,Nonpeptidergic nociceptors,False,False,False,none
bbggjjbp-1,TMA00316,CGRP-Gamma 1,False,False,False,none
bbgjnljh-1,TMA00316,Abeta-Field,False,False,False,none
bbgmdnic-1,TMA00316,Abeta-Field,False,False,False,none
bbgofnab-1,TMA00316,CGRP-Alpha,False,False,False,none
bbhdbgcc-1,TMA00316,Adelta-LTMR,False,False,False,none
bbhdoagf-1,TMA00316,CGRP-Alpha,False,False,False,none
bbhiekoj-1,TMA00316,CGRP-Theta,False,False,False,none
bbhjbfac-1,TMA00316,CGRP-Epsilion,False,False,False,none
bbhkbllm-1,TMA00316,C-LTMR,False,False,False,none
bbhkpihf-1,TMA00316,TrpM8,False,False,False,none
bbhkpkan-1,TMA00316,C-LTMR,False,False,False,none
bbhmedpe-1,TMA00316,C-LTMR,False,False,False,none
bbhmilbh-1,TMA00316,C-LTMR,False,False,False,none
bbjbdjhm-1,TMA00316,Proprioceptors,False,False,False,none
bbjcefgb-1,TMA00316,Nonpeptidergic nociceptors,False,False,False,none
bbjebhjj-1,TMA00316,TrpM8,False,False,False,none
bbjifjic-1,TMA00316,Adelta-LTMR,False,False,False,none
bbjnlgjo-1,TMA00316,C-LTMR,False,False,False,none
bbkflngn-1,TMA00316,CGRP-Eta,False,False,False,none
bbkhnfej-1,TMA00316,Sst,False,False,False,none
bbkihiip-1,TMA00316,CGRP-Gamma 1,False,False,False,none
bbkkgplf-1,TMA00316,C-LTMR,False,False,False,none
bbkkpmkj-1,TMA00316,CGRP-Zeta,False,False,False,none
bbldhjoo-1,TMA00316,TrpM8,False,False,False,none
bblgeohb-1,TMA00316,CGRP-Eta,False,False,False,none
bbljkbpm-1,TMA00316,Nonpeptidergic nociceptors,False,False,False,none
bblmjgpe-1,TMA00316,CGRP-Gamma 2,False,False,False,none
bblmojjp-1,TMA00316,CGRP-Gamma 1,False,False,False,none
bblmpkbh-1,TMA00316,CGRP-Eta,False,False,False,none
bblnfcfe-1,TMA00316,Nonpeptidergic nociceptors,False,False,False,none
bbmfmmng-1,TMA00316,CGRP-Alpha,False,False,False,none
bbmhcbee-1,TMA00316,Nonpeptidergic nociceptors,False,False,False,none
bbmiimpi-1,TMA00316,Proprioceptors,False,False,False,none
bbmnodkl-1,TMA00316,Proprioceptors,False,False,False,none
bbmnpndm-1,TMA00316,TrpM8,False,False,False,none
bbmooied-1,TMA00316,CGRP-Eta,False,False,False,none
bbnadfie-1,TMA00316,Proprioceptors,False,False,False,none
bbneifib-1,TMA00316,TrpM8,False,False,False,none
bbnfemae-1,TMA00316,Nonpeptidergic nociceptors,False,False,False,none
bbngbmgd-1,TMA00316,C-LTMR,False,False,False,none
bbnnnkin-1,TMA00316,TrpM8,False,False,False,none
bboclbki-1,TMA00316,C-LTMR,True,False,False,EGFP_Seq1_hi
bboilcem-1,TMA00316,Sst,False,False,False,none
bbokgjbd-1,TMA00316,Abeta-RA-LTMR,False,False,False,none
bbonemnc-1,TMA00316,CGRP-Gamma 1,False,False,False,none
bbonfadm-1,TMA00316,C-LTMR,False,False,False,none
bboonjph-1,TMA00316,CGRP-Gamma 1,False,False,False,none
bboopapi-1,TMA00316,C-LTMR,False,False,False,none
bbpafkoo-1,TMA00316,CGRP-Eta,False,False,False,none
bbpakaga-1,TMA00316,Nonpeptidergic nociceptors,False,False,False,none
bbpcoggb-1,TMA00316,CGRP-Gamma 1,False,False,False,none
bbpcpple-1,TMA00316,CGRP-Gamma 1,False,False,False,none
bbpgnakb-1,TMA00316,CGRP-Theta,False,False,False,none
bbphbfok-1,TMA00316,CGRP-Alpha,False,False,False,none
bbpogehi-1,TMA00316,CGRP-Gamma 2,False,False,False,none
bbpoijka-1,TMA00316,TrpM8,False,False,False,none
bcabefoi-1,TMA00316,CGRP-Beta,False,False,False,none
bcacgpho-1,TMA00316,CGRP-Gamma 2,False,False,False,none
bcahohan-1,TMA00316,C-LTMR,False,False,False,none
bcaicibk-1,TMA00316,CGRP-Alpha,False,False,False,none
bcaimnee-1,TMA00316,CGRP-Gamma 1,False,False,False,none
bcaockfe-1,TMA00316,C-LTMR,False,False,False,none
bcbchkmh-1,TMA00316,CGRP-Eta,False,False,False,none
bcbebooj-1,TMA00316,CGRP-Gamma 1,False,False,False,none
bcbidbei-1,TMA00316,Nonpeptidergic nociceptors,False,False,False,none
bcbmigok-1,TMA00316,TrpM8,False,False,False,none
bcbmobbl-1,TMA00316,CGRP-Gamma 1,False,False,False,none
bcbnpnbg-1,TMA00316,CGRP-Alpha,False,False,False,none
bccdillm-1,TMA00316,CGRP-Gamma 1,False,False,False,none
bccdlbna-1,TMA00316,CGRP-Eta,False,False,False,none
bccefnpa-1,TMA00316,CGRP-Gamma 2,False,False,False,none
bccgmopi-1,TMA00316,CGRP-Gamma 1,False,False,False,none
bccmjonh-1,TMA00316,CGRP-Gamma 1,False,False,False,none
bcdchlpp-1,TMA00316,CGRP-Eta,False,False,False,none
bcdghhkk-1,TMA00316,C-LTMR,False,False,False,none
bcdihgjf-1,TMA00316,TrpM8,False,False,False,none
bcdkahlb-1,TMA00316,CGRP-Eta,False,False,False,none
bcdkhpml-1,TMA00316,CGRP-Gamma 2,False,False,False,none
bceamigh-1,TMA00316,TrpM8,False,False,False,none
bcebfged-1,TMA00316,CGRP-Gamma 2,False,False,False,none
bcefhcme-1,TMA00316,Abeta-Field,False,False,False,none
bcefjpgh-1,TMA00316,CGRP-Gamma 1,False,False,False,none
bcejfpff-1,TMA00316,Nonpeptidergic nociceptors,False,False,False,none
bcekidpl-1,TMA00316,CGRP-Eta,False,False,False,none
bcemgbgn-1,TMA00316,Nonpeptidergic nociceptors,False,False,False,none
bcemhkij-1,TMA00316,Proprioceptors,False,False,False,none
bcepnlan-1,TMA00316,CGRP-Alpha,False,False,False,none
bceppeno-1,TMA00316,TrpM8,False,False,False,none
bcfejjnf-1,TMA00316,CGRP-Beta,False,False,False,none
bcfjgbph-1,TMA00316,CGRP-Theta,False,False,False,none
bcfjhiea-1,TMA00316,CGRP-Gamma 1,False,False,False,none
bcfohhha-1,TMA00316,Sst,False,False,False,none
bcfpeahh-1,TMA00316,Sst,False,False,False,none
bcgcchbi-1,TMA00316,CGRP-Gamma 1,False,False,False,none
bcgdkcbd-1,TMA00316,Nonpeptidergic nociceptors,False,False,False,none
bcgmgfid-1,TMA00316,CGRP-Eta,False,False,False,none
bcgnaebd-1,TMA00316,Nonpeptidergic nociceptors,False,False,False,none
bchakdgb-1,TMA00316,CGRP-Epsilion,False,False,False,none
bchccimk-1,TMA00316,C-LTMR,False,False,False,none
bchcnppc-1,TMA00316,Nonpeptidergic nociceptors,False,False,False,none
bchdpebn-1,TMA00316,CGRP-Alpha,False,False,False,none
bchfpojo-1,TMA00316,Nonpeptidergic nociceptors,False,False,False,none
bchhfago-1,TMA00316,Proprioceptors,False,False,False,none
bchleojk-1,TMA00316,CGRP-Gamma 1,False,False,False,none
bchlimml-1,TMA00316,CGRP-Gamma 2,False,False,False,none
bchnaplj-1,TMA00316,CGRP-Alpha,False,False,False,none
bchncado-1,TMA00316,C-LTMR,False,False,False,none
bchobjag-1,TMA00316,CGRP-Gamma 2,False,False,False,none
bcibbgen-1,TMA00316,CGRP-Zeta,False,False,False,none
bcidgblh-1,TMA00316,Proprioceptors,False,False,False,none
bcidggmo-1,TMA00316,CGRP-Theta,False,False,False,none
bcijblof-1,TMA00316,CGRP-Beta,False,False,False,none
bcijkchn-1,TMA00316,Nonpeptidergic nociceptors,False,False,False,none
bciklmcf-1,TMA00316,TrpM8,False,False,False,none
bciojhja-1,TMA00316,TrpM8,False,False,False,none
bcjgngkf-1,TMA00316,CGRP-Gamma 1,False,False,False,none
bcjheikg-1,TMA00316,CGRP-Gamma 1,False,False,False,none
bcjnnoeh-1,TMA00316,Proprioceptors,False,False,False,none
bckbhjme-1,TMA00316,Abeta-Field,False,False,False,none
bckbmigb-1,TMA00316,Abeta-RA-LTMR,False,False,False,none
bckcjjjg-1,TMA00316,Abeta-RA-LTMR,False,False,False,none
bckjoofh-1,TMA00316,Proprioceptors,False,False,False,none
bckkcgfa-1,TMA00316,CGRP-Eta,False,False,False,none
bckmhapc-1,TMA00316,Abeta-Field,False,False,False,none
bclckool-1,TMA00316,Adelta-LTMR,False,False,False,none
bcldackg-1,TMA00316,Nonpeptidergic nociceptors,False,False,False,none
bclnehjm-1,TMA00316,CGRP-Zeta,False,False,False,none
bclnibcb-1,TMA00316,CGRP-Epsilion,False,False,False,none
bcmbbcof-1,TMA00316,C-LTMR,False,False,False,none
bcmcbajc-1,TMA00316,CGRP-Zeta,False,False,False,none
bcmdamjm-1,TMA00316,Abeta-RA-LTMR,False,False,False,none
bcmejgjg-1,TMA00316,Abeta-RA-LTMR,False,False,False,none
bcmgjjhe-1,TMA00316,Nonpeptidergic nociceptors,False,False,False,none
bcmheppg-1,TMA00316,Nonpeptidergic nociceptors,False,False,False,none
bcncobhd-1,TMA00316,Abeta-RA-LTMR,False,False,False,none
bcnggiol-1,TMA00316,C-LTMR,False,False,False,none
bcnhbofc-1,TMA00316,Adelta-LTMR,False,False,False,none
bcninmml-1,TMA00316,CGRP-Theta,False,False,False,none
bcnkjnmh-1,TMA00316,C-LTMR,False,False,False,none
bcnpajjc-1,TMA00316,CGRP-Epsilion,False,False,False,none
bcohmocd-1,TMA00316,CGRP-Eta,False,False,False,none
bcojfeap-1,TMA00316,CGRP-Eta,False,False,False,none
bcongjof-1,TMA00316,CGRP-Epsilion,False,False,False,none
bcpdfpgf-1,TMA00316,CGRP-Eta,False,False,False,none
bcpdkiom-1,TMA00316,Nonpeptidergic nociceptors,False,False,False,none
bcpegjod-1,TMA00316,CGRP-Eta,False,False,False,none
bcpfafcc-1,TMA00316,CGRP-Epsilion,False,False,False,none
bcpgjkph-1,TMA00316,CGRP-Gamma 1,False,False,False,none
bcplndin-1,TMA00316,Nonpeptidergic nociceptors,False,False,False,none
bcpokglg-1,TMA00316,CGRP-Epsilion,False,False,False,none
bdahifpj-1,TMA00316,Proprioceptors,False,False,False,none
bdaibmcd-1,TMA00316,C-LTMR,False,False,False,none
bdanbdjn-1,TMA00316,CGRP-Eta,False,False,False,none
bdbalohk-1,TMA00316,CGRP-Gamma 2,False,False,False,none
bdbbafck-1,TMA00316,Nonpeptidergic nociceptors,False,False,False,none
bdbcbped-1,TMA00316,CGRP-Epsilion,False,False,False,none
bdbcdpnj-1,TMA00316,Nonpeptidergic nociceptors,False,False,False,none
bdbfbknf-1,TMA00316,Nonpeptidergic nociceptors,False,False,False,none
bdcakboi-1,TMA00316,Abeta-RA-LTMR,False,False,False,none
bdchiaic-1,TMA00316,Abeta-Field,False,False,False,none
bdcimhhd-1,TMA00316,Adelta-LTMR,False,False,False,none
bdcppmjn-1,TMA00316,CGRP-Theta,False,False,False,none
bdddakbc-1,TMA00316,CGRP-Zeta,False,False,False,none
bdddkfbi-1,TMA00316,CGRP-Eta,False,False,False,none
bddgkohm-1,TMA00316,CGRP-Zeta,False,False,False,none
bddhbmce-1,TMA00316,C-LTMR,False,False,False,none
bddhddjg-1,TMA00316,CGRP-Gamma 2,False,False,False,none
bddklgol-1,TMA00316,Nonpeptidergic nociceptors,False,False,False,none
bddmncbg-1,TMA00316,CGRP-Gamma 1,False,False,False,none
bdeffnmi-1,TMA00316,CGRP-Gamma 2,False,False,False,none
bdegfckp-1,TMA00316,Abeta-RA-LTMR,False,False,False,none
bdehdogi-1,TMA00316,CGRP-Eta,False,False,False,none
bdejhbme-1,TMA00316,CGRP-Gamma 1,False,False,False,none
bdenmhnh-1,TMA00316,Nonpeptidergic nociceptors,False,False,False,none
bdennbeg-1,TMA00316,Abeta-RA-LTMR,False,False,False,none
bdennnmi-1,TMA00316,CGRP-Zeta,False,False,False,none
bdfachej-1,TMA00316,CGRP-Eta,False,False,False,none
bdfecjda-1,TMA00316,CGRP-Gamma 1,False,False,False,none
bdfgofjp-1,TMA00316,CGRP-Gamma 2,False,False,False,none
bdfpoajn-1,TMA00316,Adelta-LTMR,False,False,False,none
bdgbcajm-1,TMA00316,CGRP-Gamma 2,False,False,False,none
bdgcpbfg-1,TMA00316,Sst,False,False,False,none
bdgncjjo-1,TMA00316,Nonpeptidergic nociceptors,False,False,False,none
bdgpmaii-1,TMA00316,Adelta-LTMR,False,False,False,none
bdheapfd-1,TMA00316,CGRP-Gamma 1,False,False,False,none
bdhhpnda-1,TMA00316,C-LTMR,False,False,False,none
bdhinhil-1,TMA00316,Adelta-LTMR,False,False,False,none
bdhplagm-1,TMA00316,Nonpeptidergic nociceptors,False,False,False,none
bdibeefi-1,TMA00316,C-LTMR,False,False,False,none
bdifepna-1,TMA00316,Proprioceptors,False,False,False,none
bdifmeib-1,TMA00316,CGRP-Eta,False,False,False,none
bdijgjie-1,TMA00316,Adelta-LTMR,False,False,False,none
bdimcoia-1,TMA00316,C-LTMR,False,False,False,none
bdimeiph-1,TMA00316,Abeta-Field,False,False,False,none
bdippkcl-1,TMA00316,CGRP-Gamma 2,False,True,False,dTomato_Seq2_hi
bdjbloob-1,TMA00316,CGRP-Eta,False,False,False,none
bdjcmcen-1,TMA00316,TrpM8,False,False,False,none
bdjejepe-1,TMA00316,Sst,False,False,False,none
bdjlolca-1,TMA00316,Sst,False,False,False,none
bdjmckcj-1,TMA00316,CGRP-Gamma 2,False,False,False,none
bdjnjnni-1,TMA00316,CGRP-Gamma 1,False,False,False,none
bdkbpclc-1,TMA00316,CGRP-Epsilion,False,False,False,none
bdkdefho-1,TMA00316,C-LTMR,False,False,False,none
bdkgpkaa-1,TMA00316,CGRP-Gamma 2,False,False,False,none
bdkiekba-1,TMA00316,Sst,False,False,False,none
bdkilbcg-1,TMA00316,CGRP-Eta,False,False,False,none
bdkkagjf-1,TMA00316,TrpM8,False,False,False,none
bdkkgddi-1,TMA00316,CGRP-Alpha,False,False,False,none
bdklfefl-1,TMA00316,Nonpeptidergic nociceptors,False,False,False,none
bdkmghbj-1,TMA00316,C-LTMR,False,False,False,none
bdknebpf-1,TMA00316,CGRP-Eta,False,False,False,none
bdlblhek-1,TMA00316,CGRP-Gamma 1,False,False,False,none
bdlimgee-1,TMA00316,TrpM8,False,False,False,none
bdlkfije-1,TMA00316,CGRP-Gamma 2,False,False,False,none
bdlocdih-1,TMA00316,C-LTMR,False,False,False,none
bdlpjfak-1,TMA00316,CGRP-Eta,False,False,False,none
bdmbankl-1,TMA00316,TrpM8,False,False,False,none
bdmcpokb-1,TMA00316,CGRP-Gamma 1,False,False,False,none
bdmehfmd-1,TMA00316,CGRP-Alpha,False,False,False,none
bdmfecag-1,TMA00316,Abeta-RA-LTMR,False,False,False,none
bdmhkdma-1,TMA00316,CGRP-Gamma 1,False,False,False,none
bdmonlnk-1,TMA00316,CGRP-Zeta,False,False,False,none
bdnakcmo-1,TMA00316,Adelta-LTMR,False,False,False,none
bdnbehoc-1,TMA00316,CGRP-Zeta,False,False,False,none
bdnilcpc-1,TMA00316,Nonpeptidergic nociceptors,False,False,False,none
bdnjclkg-1,TMA00316,Abeta-RA-LTMR,False,False,False,none
bdnndcoi-1,TMA00316,Adelta-LTMR,False,False,False,none
bdnnkall-1,TMA00316,CGRP-Theta,False,False,False,none
bdocgkle-1,TMA00316,Adelta-LTMR,False,False,False,none
bdohkceg-1,TMA00316,CGRP-Epsilion,False,False,False,none
bdoicmgg-1,TMA00316,C-LTMR,False,False,False,none
bdoiiphc-1,TMA00316,C-LTMR,False,False,False,none
bdomcgjb-1,TMA00316,CGRP-Gamma 1,False,False,False,none
bdooaaci-1,TMA00316,C-LTMR,False,False,False,none
bdpaalnl-1,TMA00316,Abeta-Field,False,False,False,none
bdpffkpg-1,TMA00316,Abeta-Field,False,False,False,none
bdpjcbka-1,TMA00316,Proprioceptors,False,False,False,none
beafenni-1,TMA00316,Sst,False,False,False,none
beafpkid-1,TMA00316,CGRP-Gamma 1,False,False,False,none
beaifpoo-1,TMA00316,Nonpeptidergic nociceptors,False,False,False,none
beajeoih-1,TMA00316,C-LTMR,False,False,False,none
beamcojj-1,TMA00316,CGRP-Gamma 1,False,False,False,none
beamejfn-1,TMA00316,Nonpeptidergic nociceptors,False,False,False,none
beanngha-1,TMA00316,Nonpeptidergic nociceptors,False,False,False,none
beaphkcp-1,TMA00316,Abeta-RA-LTMR,False,False,False,none
bebepifk-1,TMA00316,Abeta-RA-LTMR,False,False,False,none
bebhjolo-1,TMA00316,Abeta-Field,False,False,False,none
bebikkfl-1,TMA00316,Abeta-Field,False,False,False,none
bebjhcpl-1,TMA00316,Nonpeptidergic nociceptors,False,False,False,none
bebkdibj-1,TMA00316,C-LTMR,False,False,False,none
bebmhhla-1,TMA00316,CGRP-Gamma 1,False,False,False,none
becoegod-1,TMA00316,CGRP-Theta,False,False,False,none
becomidn-1,TMA00316,CGRP-Zeta,False,False,False,none
bedbaicb-1,TMA00316,C-LTMR,False,False,False,none
bedfpdbo-1,TMA00316,Abeta-RA-LTMR,False,False,False,none
bedjceob-1,TMA00316,CGRP-Alpha,False,False,False,none
bedjcncj-1,TMA00316,Nonpeptidergic nociceptors,False,False,False,none
bedjplgp-1,TMA00316,CGRP-Zeta,False,False,False,none
bedlkfpj-1,TMA00316,Abeta-Field,False,False,False,none
beeadnef-1,TMA00316,Proprioceptors,False,False,False,none
beeecmgi-1,TMA00316,Proprioceptors,False,False,False,none
beenadea-1,TMA00316,Nonpeptidergic nociceptors,False,False,False,none
beenebcp-1,TMA00316,Abeta-RA-LTMR,False,False,False,none
befdpamb-1,TMA00316,Sst,False,False,False,none
beflmbcn-1,TMA00316,Sst,False,False,False,none
befmbolc-1,TMA00316,Sst,False,False,False,none
befmcild-1,TMA00316,CGRP-Eta,False,False,False,none
befmebcb-1,TMA00316,CGRP-Alpha,False,False,False,none
begbjnnj-1,TMA00316,Nonpeptidergic nociceptors,False,False,False,none
begbmefb-1,TMA00316,CGRP-Zeta,False,False,False,none
begmbeok-1,TMA00316,CGRP-Gamma 1,False,False,False,none
begmmkdk-1,TMA00316,CGRP-Gamma 1,False,False,False,none
begnelol-1,TMA00316,Nonpeptidergic nociceptors,False,False,False,none
begnohde-1,TMA00316,CGRP-Gamma 2,False,False,False,none
begodbka-1,TMA00316,C-LTMR,False,False,False,none
begplmfm-1,TMA00316,CGRP-Zeta,False,False,False,none
behgaoem-1,TMA00316,Proprioceptors,False,False,False,none
behghelk-1,TMA00316,Proprioceptors,False,False,False,none
behpchll-1,TMA00316,CGRP-Zeta,False,False,False,none
behpmfkk-1,TMA00316,CGRP-Zeta,False,False,False,none
beiecapa-1,TMA00316,Abeta-RA-LTMR,False,False,False,none
beinmjad-1,TMA00316,Adelta-LTMR,False,False,False,none
beioaibh-1,TMA00316,Proprioceptors,True,False,False,EGFP_Seq1_hi
beiodfpa-1,TMA00316,CGRP-Theta,False,False,False,none
beiodikj-1,TMA00316,Adelta-LTMR,False,False,False,none
bejdhjnf-1,TMA00316,Adelta-LTMR,False,False,False,none
bejeidmo-1,TMA00316,CGRP-Alpha,False,False,False,none
bejfhljh-1,TMA00316,C-LTMR,False,False,False,none
bejgcjcb-1,TMA00316,CGRP-Eta,False,False,False,none
bejhikmg-1,TMA00316,C-LTMR,False,False,False,none
bejhkcon-1,TMA00316,Abeta-Field,False,False,False,none
bejmjeoo-1,TMA00316,Nonpeptidergic nociceptors,False,False,False,none
bejohkfj-1,TMA00316,CGRP-Zeta,False,False,False,none
bekdkceh-1,TMA00316,Adelta-LTMR,False,False,False,none
bekfiipj-1,TMA00316,TrpM8,False,False,False,none
bekifdid-1,TMA00316,CGRP-Eta,False,False,False,none
bekniene-1,TMA00316,CGRP-Gamma 1,False,False,False,none
beldnhic-1,TMA00316,Abeta-RA-LTMR,False,False,False,none
beleclke-1,TMA00316,Adelta-LTMR,False,False,False,none
belfebaf-1,TMA00316,Proprioceptors,False,False,False,none
bellikad-1,TMA00316,Abeta-Field,False,False,False,none
belnodbf-1,TMA00316,CGRP-Epsilion,False,False,False,none
bemciejg-1,TMA00316,Abeta-RA-LTMR,False,False,False,none
bemebkem-1,TMA00316,Abeta-RA-LTMR,False,False,False,none
bemggmad-1,TMA00316,CGRP-Gamma 2,False,False,False,none
bemncoej-1,TMA00316,CGRP-Gamma 2,False,False,False,none
bemnmjmm-1,TMA00316,CGRP-Gamma 1,False,False,False,none
bempfjee-1,TMA00316,TrpM8,False,False,False,none
benbcbjn-1,TMA00316,CGRP-Gamma 1,False,False,False,none
benggkoa-1,TMA00316,C-LTMR,False,False,False,none
benkdccl-1,TMA00316,CGRP-Gamma 1,False,False,False,none
benldcch-1,TMA00316,CGRP-Gamma 1,False,False,False,none
bepabhil-1,TMA00316,CGRP-Alpha,False,False,False,none
bepfhanc-1,TMA00316,CGRP-Gamma 1,False,False,False,none
bepkhmca-1,TMA00316,CGRP-Alpha,False,False,False,none
bepknnai-1,TMA00316,CGRP-Alpha,False,False,False,none
bfaahknl-1,TMA00316,TrpM8,False,False,False,none
bfafpoco-1,TMA00316,CGRP-Alpha,False,False,False,none
bfagnkpk-1,TMA00316,Nonpeptidergic nociceptors,False,False,False,none
bfbaicpm-1,TMA00316,CGRP-Zeta,False,False,False,none
bfbajijl-1,TMA00316,CGRP-Gamma 1,False,False,False,none
bfbfidkj-1,TMA00316,CGRP-Gamma 1,False,False,False,none
bfbkihfn-1,TMA00316,CGRP-Gamma 1,False,False,False,none
bfbloapa-1,TMA00316,CGRP-Gamma 1,False,False,False,none
bfbmppeo-1,TMA00316,TrpM8,False,False,False,none
bfchachf-1,TMA00316,CGRP-Eta,False,False,False,none
bfcicndn-1,TMA00316,CGRP-Gamma 1,False,False,False,none
bfcioegc-1,TMA00316,CGRP-Gamma 2,False,False,False,none
bfclncbk-1,TMA00316,TrpM8,False,False,False,none
bfdaelpj-1,TMA00316,CGRP-Epsilion,False,False,False,none
bfdehlbk-1,TMA00316,Abeta-RA-LTMR,False,False,False,none
bfdihcdl-1,TMA00316,Abeta-Field,False,False,False,none
bfdkghhc-1,TMA00316,CGRP-Alpha,False,False,False,none
bfdmdmbl-1,TMA00316,Nonpeptidergic nociceptors,False,False,False,none
bfdoalin-1,TMA00316,CGRP-Theta,False,False,False,none
bfdojcjg-1,TMA00316,C-LTMR,False,False,False,none
bfefhjao-1,TMA00316,Proprioceptors,False,False,False,none
bfekhhbl-1,TMA00316,Proprioceptors,False,False,False,none
bfekkafh-1,TMA00316,C-LTMR,False,False,False,none
bfenhdfh-1,TMA00316,CGRP-Epsilion,False,False,False,none
bffaeoma-1,TMA00316,C-LTMR,False,False,False,none
bffakocp-1,TMA00316,CGRP-Gamma 1,False,False,False,none
bffanbpd-1,TMA00316,Nonpeptidergic nociceptors,False,False,False,none
bffigclo-1,TMA00316,CGRP-Zeta,False,False,False,none
bffjaabc-1,TMA00316,CGRP-Gamma 1,False,False,False,none
bfghnapo-1,TMA00316,Nonpeptidergic nociceptors,False,False,False,none
bfgjdcbj-1,TMA00316,Nonpeptidergic nociceptors,False,False,False,none
bfgjndip-1,TMA00316,Nonpeptidergic nociceptors,False,False,False,none
bfhdhabc-1,TMA00316,CGRP-Epsilion,False,False,False,none
bfhmahmp-1,TMA00316,CGRP-Epsilion,False,False,False,none
bfhmjoea-1,TMA00316,TrpM8,False,False,False,none
bfhnjeah-1,TMA00316,Sst,False,False,False,none
bfhofbfc-1,TMA00316,Nonpeptidergic nociceptors,False,False,False,none
bfiahaeh-1,TMA00316,Nonpeptidergic nociceptors,False,False,False,none
bfiamoho-1,TMA00316,Nonpeptidergic nociceptors,False,False,False,none
bfiikdel-1,TMA00316,Abeta-RA-LTMR,False,False,False,none
bfimlbeo-1,TMA00316,CGRP-Zeta,False,False,False,none
bfioccpl-1,TMA00316,Nonpeptidergic nociceptors,False,False,False,none
bfjbkhhf-1,TMA00316,Abeta-RA-LTMR,False,False,False,none
bfjdmmnf-1,TMA00316,Proprioceptors,False,False,False,none
bfjemckm-1,TMA00316,CGRP-Zeta,False,False,False,none
bfjiajkj-1,TMA00316,Abeta-Field,False,False,False,none
bfjilbig-1,TMA00316,Abeta-RA-LTMR,False,False,False,none
bfjmbeji-1,TMA00316,CGRP-Eta,False,False,False,none
bfjmljcp-1,TMA00316,CGRP-Eta,False,False,False,none
bfjngmbe-1,TMA00316,CGRP-Alpha,False,False,False,none
bfkbhabl-1,TMA00316,Nonpeptidergic nociceptors,False,False,False,none
bfkcjgig-1,TMA00316,CGRP-Epsilion,False,False,False,none
bfkhcjco-1,TMA00316,CGRP-Theta,False,False,False,none
bfkhcpfc-1,TMA00316,Abeta-RA-LTMR,False,False,False,none
bfkhfpck-1,TMA00316,CGRP-Eta,False,False,False,none
bfkjndci-1,TMA00316,Abeta-Field,False,False,False,none
bfkkfoaj-1,TMA00316,CGRP-Eta,False,False,False,none
bfkpnfpd-1,TMA00316,CGRP-Theta,False,False,False,none
bflcclko-1,TMA00316,Nonpeptidergic nociceptors,False,False,False,none
bflecocb-1,TMA00316,CGRP-Gamma 1,False,False,False,none
bflgninj-1,TMA00316,TrpM8,False,False,False,none
bfljlhig-1,TMA00316,Abeta-RA-LTMR,False,False,False,none
bflnklhl-1,TMA00316,Adelta-LTMR,False,False,False,none
bfmecmmn-1,TMA00316,CGRP-Eta,False,False,False,none
bfmimljn-1,TMA00316,Proprioceptors,False,False,False,none
bfmkmbek-1,TMA00316,CGRP-Eta,False,False,False,none
bfnbdmpc-1,TMA00316,CGRP-Alpha,False,False,False,none
bfnbenmj-1,TMA00316,CGRP-Eta,False,False,False,none
bfncalga-1,TMA00316,CGRP-Alpha,False,False,False,none
bfnfnicg-1,TMA00316,C-LTMR,False,False,False,none
bfnhcpff-1,TMA00316,CGRP-Theta,False,False,False,none
bfnhjpmb-1,TMA00316,CGRP-Theta,False,False,False,none
bfnlnhnb-1,TMA00316,Proprioceptors,False,False,False,none
bfnocnam-1,TMA00316,Nonpeptidergic nociceptors,False,False,False,none
bfobfceo-1,TMA00316,CGRP-Epsilion,False,False,False,none
bfoebdnb-1,TMA00316,CGRP-Alpha,False,False,False,none
bfoggnfg-1,TMA00316,Nonpeptidergic nociceptors,False,False,False,none
bfohclgj-1,TMA00316,Nonpeptidergic nociceptors,False,False,False,none
bfojeeho-1,TMA00316,CGRP-Theta,False,False,False,none
bfomkjbn-1,TMA00316,Proprioceptors,False,False,False,none
bfophkph-1,TMA00316,Abeta-RA-LTMR,False,False,False,none
bfpaccdb-1,TMA00316,Nonpeptidergic nociceptors,False,False,False,none
bfpaehjh-1,TMA00316,Nonpeptidergic nociceptors,False,False,False,none
bfpbeapc-1,TMA00316,Abeta-Field,False,False,False,none
bfppchbf-1,TMA00316,Abeta-RA-LTMR,False,False,False,none
bfppcnok-1,TMA00316,CGRP-Theta,False,False,False,none
bfppmnae-1,TMA00316,CGRP-Theta,False,False,False,none
bgaglkkh-1,TMA00316,Abeta-RA-LTMR,False,False,False,none
bgahnmoa-1,TMA00316,Proprioceptors,False,False,False,none
bgaimbbg-1,TMA00316,Abeta-RA-LTMR,False,False,False,none
bgalgimm-1,TMA00316,CGRP-Epsilion,False,False,False,none
bgamfgdp-1,TMA00316,C-LTMR,False,False,False,none
bgapkecn-1,TMA00316,Nonpeptidergic nociceptors,False,False,False,none
bgbblblc-1,TMA00316,Nonpeptidergic nociceptors,False,False,False,none
bgbfojol-1,TMA00316,Abeta-RA-LTMR,False,False,False,none
bgbmblcc-1,TMA00316,CGRP-Theta,False,False,False,none
bgcaligj-1,TMA00316,CGRP-Epsilion,False,False,False,none
bgcfmdlf-1,TMA00316,CGRP-Eta,False,False,False,none
bgcgdmeg-1,TMA00316,TrpM8,False,False,False,none
bgcgkdge-1,TMA00316,TrpM8,False,False,False,none
bgcoeohb-1,TMA00316,Abeta-RA-LTMR,False,False,False,none
bgdcbgeh-1,TMA00316,Abeta-Field,False,False,False,none
bgdiabaf-1,TMA00316,CGRP-Alpha,False,False,False,none
bgdjnmoh-1,TMA00316,CGRP-Epsilion,False,False,False,none
bgdmijcj-1,TMA00316,C-LTMR,False,False,False,none
bgecnlnh-1,TMA00316,TrpM8,False,False,False,none
bgedpgjn-1,TMA00316,TrpM8,False,False,False,none
bgefmpeb-1,TMA00316,Abeta-RA-LTMR,False,False,False,none
bgejdldl-1,TMA00316,Proprioceptors,False,False,False,none
bgejhhfl-1,TMA00316,Sst,False,False,False,none
bgelkibh-1,TMA00316,TrpM8,False,False,False,none
bgepfdcd-1,TMA00316,TrpM8,False,False,False,none
bgeppnmo-1,TMA00316,Nonpeptidergic nociceptors,False,False,False,none
bgfaijip-1,TMA00316,Nonpeptidergic nociceptors,False,False,False,none
bgfajppc-1,TMA00316,Nonpeptidergic nociceptors,False,False,False,none
bgffkdme-1,TMA00316,C-LTMR,False,False,False,none
bgfjgebp-1,TMA00316,Nonpeptidergic nociceptors,False,False,False,none
bggcbjce-1,TMA00316,Nonpeptidergic nociceptors,False,False,False,none
bggcppmg-1,TMA00316,Sst,False,False,False,none
bggfkkcl-1,TMA00316,C-LTMR,False,False,False,none
bggidmlj-1,TMA00316,Nonpeptidergic nociceptors,False,False,False,none
bggmkmll-1,TMA00316,Nonpeptidergic nociceptors,False,False,False,none
bggncbdf-1,TMA00316,Proprioceptors,False,False,False,none
bgheieii-1,TMA00316,Nonpeptidergic nociceptors,False,False,False,none
bgiahpdb-1,TMA00316,Abeta-Field,False,False,False,none
bgiffelo-1,TMA00316,C-LTMR,False,False,False,none
bgiigmjo-1,TMA00316,Nonpeptidergic nociceptors,False,False,False,none
bgikeooh-1,TMA00316,Nonpeptidergic nociceptors,False,False,False,none
bgimkjem-1,TMA00316,CGRP-Alpha,False,False,False,none
bgjclebb-1,TMA00316,Proprioceptors,False,False,False,none
bgjimiee-1,TMA00316,Abeta-Field,False,False,False,none
bgjjlhfk-1,TMA00316,CGRP-Eta,False,False,False,none
bgjkcndf-1,TMA00316,CGRP-Eta,False,False,False,none
bgjkgfgc-1,TMA00316,Proprioceptors,False,False,False,none
bgjkiagb-1,TMA00316,CGRP-Alpha,False,False,False,none
bgjmpjeg-1,TMA00316,Proprioceptors,False,False,False,none
bgjnichj-1,TMA00316,CGRP-Theta,False,False,False,none
bgllnmdb-1,TMA00316,Nonpeptidergic nociceptors,False,False,False,none
bglnnafj-1,TMA00316,TrpM8,False,False,False,none
bglpnhac-1,TMA00316,CGRP-Alpha,False,False,False,none
bgmglfkm-1,TMA00316,Proprioceptors,False,False,False,none
bgmjaehb-1,TMA00316,Proprioceptors,False,False,False,none
bgmkplid-1,TMA00316,Abeta-RA-LTMR,False,False,False,none
bgmmhddl-1,TMA00316,Proprioceptors,False,False,False,none
bgndbaje-1,TMA00316,TrpM8,False,False,False,none
bgnlmjme-1,TMA00316,C-LTMR,False,False,False,none
bgnnpbkl-1,TMA00316,Nonpeptidergic nociceptors,False,False,False,none
bgobhija-1,TMA00316,Proprioceptors,False,False,False,none
bgocdapf-1,TMA00316,Nonpeptidergic nociceptors,False,False,False,none
bgodlddf-1,TMA00316,CGRP-Epsilion,False,False,False,none
bgoejcmc-1,TMA00316,CGRP-Alpha,False,False,False,none
bgpdkidb-1,TMA00316,C-LTMR,False,False,False,none
bgpfipel-1,TMA00316,CGRP-Alpha,False,False,False,none
bgphkfhp-1,TMA00316,Abeta-Field,False,False,False,none
bhbefnpp-1,TMA00316,TrpM8,False,False,False,none
bhbhmkbg-1,TMA00316,CGRP-Gamma 1,False,False,False,none
bhfhmjnl-1,TMA00316,Nonpeptidergic nociceptors,False,False,False,none
bhfnkncp-1,TMA00316,Nonpeptidergic nociceptors,False,False,False,none
bhfpabhl-1,TMA00316,CGRP-Epsilion,False,False,False,none
bhgfopoo-1,TMA00316,CGRP-Zeta,False,False,False,none
bhghfbgb-1,TMA00316,CGRP-Alpha,False,False,False,none
bhglnbdi-1,TMA00316,CGRP-Epsilion,False,False,False,none
bhgmdemd-1,TMA00316,CGRP-Zeta,False,False,False,none
bhgnhemp-1,TMA00316,Adelta-LTMR,False,False,False,none
bhhbacfa-1,TMA00316,Proprioceptors,False,False,False,none
bhhkbilk-1,TMA00316,Nonpeptidergic nociceptors,False,False,False,none
bhhlkdfp-1,TMA00316,CGRP-Zeta,False,False,False,none
bhhnpejj-1,TMA00316,CGRP-Zeta,False,False,False,none
bhiceeej-1,TMA00316,TrpM8,False,False,False,none
bhigfplf-1,TMA00316,TrpM8,False,False,False,none
bhinnmhd-1,TMA00316,CGRP-Eta,False,False,False,none
bhjaccjf-1,TMA00316,CGRP-Eta,False,False,False,none
bhkkcdem-1,TMA00316,CGRP-Gamma 1,False,False,False,none
bhkleeih-1,TMA00316,C-LTMR,False,False,False,none
bhknnhgj-1,TMA00316,CGRP-Eta,False,False,False,none
bhknnidc-1,TMA00316,CGRP-Gamma 2,False,False,False,none
bhlfoiag-1,TMA00316,CGRP-Gamma 1,False,False,False,none
bhlgkaen-1,TMA00316,CGRP-Gamma 1,False,False,False,none
bhlimben-1,TMA00316,Proprioceptors,False,False,False,none
bhlkikbn-1,TMA00316,CGRP-Zeta,False,False,False,none
bhllhnmn-1,TMA00316,CGRP-Gamma 1,False,False,False,none
bhmhfbna-1,TMA00316,Abeta-Field,False,False,False,none
bhmigjib-1,TMA00316,Abeta-Field,False,False,False,none
bhnaibgd-1,TMA00316,CGRP-Gamma 2,False,False,False,none
bhnddfof-1,TMA00316,CGRP-Eta,False,False,False,none
bhnifkhh-1,TMA00316,Adelta-LTMR,False,False,False,none
bhniindk-1,TMA00316,Adelta-LTMR,False,False,False,none
bhnkkojj-1,TMA00316,Adelta-LTMR,False,False,False,none
bhnljmne-1,TMA00316,TrpM8,False,False,False,none
bhoamchj-1,TMA00316,CGRP-Gamma 1,False,False,False,none
bhodilom-1,TMA00316,CGRP-Gamma 1,False,False,False,none
bhoiccgj-1,TMA00316,Abeta-RA-LTMR,False,False,False,none
bhojbikp-1,TMA00316,CGRP-Epsilion,False,False,False,none
bhojhemb-1,TMA00316,CGRP-Gamma 1,False,False,False,none
bhokibpb-1,TMA00316,TrpM8,False,False,False,none
bhokjhbd-1,TMA00316,C-LTMR,False,False,False,none
bhomahgk-1,TMA00316,CGRP-Gamma 1,False,False,False,none
bhonallk-1,TMA00316,Proprioceptors,False,False,False,none
bhpaeaip-1,TMA00316,Nonpeptidergic nociceptors,False,False,False,none
bhpdnjao-1,TMA00316,CGRP-Gamma 2,False,False,False,none
bhpemaca-1,TMA00316,Nonpeptidergic nociceptors,False,False,False,none
bhpgampm-1,TMA00316,CGRP-Gamma 1,False,False,False,none
bhpgbcim-1,TMA00316,Proprioceptors,False,False,False,none
bhpjlchk-1,TMA00316,Adelta-LTMR,False,False,False,none
bhpkiana-1,TMA00316,CGRP-Gamma 2,False,False,False,none
bhplieba-1,TMA00316,CGRP-Gamma 2,False,False,False,none
bhpndekb-1,TMA00316,CGRP-Gamma 2,False,False,False,none
bhpnomal-1,TMA00316,Adelta-LTMR,False,False,False,none
bhpphlkl-1,TMA00316,Abeta-Field,False,False,False,none
biabhbai-1,TMA00316,Adelta-LTMR,False,False,False,none
biaeaocg-1,TMA00316,C-LTMR,False,False,False,none
biandcmc-1,TMA00316,CGRP-Gamma 2,False,False,False,none
bibblipj-1,TMA00316,CGRP-Alpha,False,False,False,none
biblifac-1,TMA00316,Adelta-LTMR,False,False,False,none
bidgenkj-1,TMA00316,Nonpeptidergic nociceptors,False,False,False,none
bidhmehk-1,TMA00316,TrpM8,False,False,False,none
bidnmmck-1,TMA00316,C-LTMR,False,False,False,none
biekdhab-1,TMA00316,TrpM8,False,False,False,none
bienabcj-1,TMA00316,Nonpeptidergic nociceptors,False,False,False,none
biencmee-1,TMA00316,Abeta-RA-LTMR,False,False,False,none
bieniogi-1,TMA00316,Abeta-RA-LTMR,False,False,False,none
bieogmha-1,TMA00316,Nonpeptidergic nociceptors,False,False,False,none
bihcjnjb-1,TMA00316,TrpM8,False,False,False,none
bihfmkjf-1,TMA00316,Adelta-LTMR,False,False,False,none
bihgdlgm-1,TMA00316,C-LTMR,False,False,False,none
bihociib-1,TMA00316,Abeta-Field,False,False,False,none
biholbeo-1,TMA00316,C-LTMR,False,False,False,none
biidgimn-1,TMA00316,Proprioceptors,False,False,False,none
biiidcmd-1,TMA00316,TrpM8,False,False,False,none
biilbgag-1,TMA00316,CGRP-Gamma 2,False,False,False,none
biilbool-1,TMA00316,CGRP-Zeta,False,False,False,none
biildkec-1,TMA00316,CGRP-Epsilion,False,False,False,none
biilnfgb-1,TMA00316,TrpM8,False,False,False,none
bijahcnh-1,TMA00316,C-LTMR,False,False,False,none
bijcigbk-1,TMA00316,CGRP-Gamma 1,False,False,False,none
bijeajkl-1,TMA00316,C-LTMR,False,False,False,none
bijecfah-1,TMA00316,CGRP-Gamma 2,False,False,False,none
bijeejii-1,TMA00316,C-LTMR,False,False,False,none
bijnipfg-1,TMA00316,Adelta-LTMR,False,False,False,none
bijpbeak-1,TMA00316,CGRP-Eta,False,False,False,none
bikhecjp-1,TMA00316,C-LTMR,False,False,False,none
biknngfa-1,TMA00316,Abeta-Field,False,False,False,none
bilccfhn-1,TMA00316,Sst,False,False,False,none
bildgdge-1,TMA00316,Abeta-Field,False,False,False,none
bilfklnb-1,TMA00316,Abeta-Field,False,False,False,none
billncli-1,TMA00316,CGRP-Alpha,False,False,False,none
bimapdii-1,TMA00316,TrpM8,False,False,False,none
bimgmlpd-1,TMA00316,Sst,False,False,False,none
bimjapoc-1,TMA00316,Nonpeptidergic nociceptors,False,False,False,none
bimnafbo-1,TMA00316,Nonpeptidergic nociceptors,False,False,False,none
bipaakne-1,TMA00316,CGRP-Gamma 2,False,False,False,none
bipanjjg-1,TMA00316,Proprioceptors,False,False,False,none
bipdjkab-1,TMA00316,Proprioceptors,False,False,False,none
bipecjop-1,TMA00316,C-LTMR,False,False,False,none
bipfamlc-1,TMA00316,C-LTMR,False,False,False,none
bipgbbhn-1,TMA00316,TrpM8,False,False,False,none
bipjoood-1,TMA00316,Abeta-Field,False,False,False,none
biplllof-1,TMA00316,CGRP-Gamma 1,False,False,False,none
bipmgdbm-1,TMA00316,TrpM8,False,False,False,none
bjabdlbo-1,TMA00316,C-LTMR,False,False,False,none
bjacpdgl-1,TMA00316,Proprioceptors,False,False,False,none
bjcifpck-1,TMA00316,CGRP-Beta,False,False,False,none
bjcjjela-1,TMA00316,CGRP-Gamma 2,False,False,False,none
bjcljcgj-1,TMA00316,CGRP-Gamma 2,False,False,False,none
bjcmjhmp-1,TMA00316,CGRP-Eta,False,False,False,none
bjcpigbc-1,TMA00316,TrpM8,False,False,False,none
bjdgjjjj-1,TMA00316,CGRP-Gamma 1,False,False,False,none
bjdhnkil-1,TMA00316,Abeta-Field,False,False,False,none
bjdigono-1,TMA00316,TrpM8,False,False,False,none
bjebmncm-1,TMA00316,CGRP-Gamma 2,False,False,False,none
bjegehcp-1,TMA00316,CGRP-Gamma 1,False,False,False,none
bjekgcml-1,TMA00316,TrpM8,False,False,False,none
bjepljga-1,TMA00316,Nonpeptidergic nociceptors,False,False,False,none
bjfecmdg-1,TMA00316,CGRP-Gamma 1,False,False,False,none
bjfeeoid-1,TMA00316,C-LTMR,False,False,False,none
bjfefhia-1,TMA00316,CGRP-Gamma 1,False,False,False,none
bjfflbmf-1,TMA00316,TrpM8,False,False,False,none
bjfmeijo-1,TMA00316,CGRP-Beta,False,False,False,none
bjfmfjfo-1,TMA00316,CGRP-Gamma 1,False,False,False,none
bjfokkpf-1,TMA00316,CGRP-Beta,False,False,False,none
bjggieac-1,TMA00316,CGRP-Gamma 2,False,False,False,none
bjggmkjf-1,TMA00316,CGRP-Eta,False,False,False,none
bjgkiioj-1,TMA00316,CGRP-Gamma 1,False,False,False,none
bjglohnm-1,TMA00316,CGRP-Gamma 1,False,False,False,none
bjgnfofd-1,TMA00316,TrpM8,False,False,False,none
bjgpimah-1,TMA00316,Proprioceptors,False,False,False,none
bjhbclpo-1,TMA00316,TrpM8,False,False,False,none
bjhbohoi-1,TMA00316,Abeta-Field,False,False,False,none
bjhbpndp-1,TMA00316,CGRP-Eta,False,False,False,none
bjhgnbgb-1,TMA00316,C-LTMR,False,False,False,none
bjhnjjnj-1,TMA00316,Nonpeptidergic nociceptors,False,False,False,none
bjhpclii-1,TMA00316,CGRP-Gamma 1,False,False,False,none
bjiapceg-1,TMA00316,CGRP-Eta,False,False,False,none
bjicnnha-1,TMA00316,CGRP-Zeta,False,False,False,none
bjiejfhf-1,TMA00316,CGRP-Zeta,False,False,False,none
bjigcdfk-1,TMA00316,Sst,False,False,False,none
bjinbbfj-1,TMA00316,CGRP-Gamma 1,False,False,False,none
bjjainaa-1,TMA00316,CGRP-Eta,False,False,False,none
bjjanddj-1,TMA00316,CGRP-Gamma 2,False,False,False,none
bjjigmnk-1,TMA00316,CGRP-Gamma 2,False,False,False,none
bjjiikkp-1,TMA00316,CGRP-Gamma 1,False,False,False,none
bjjlelcp-1,TMA00316,CGRP-Theta,False,False,False,none
bjjlolbc-1,TMA00316,CGRP-Gamma 2,False,True,False,dTomato_Seq2_hi
bjjmfmmo-1,TMA00316,Nonpeptidergic nociceptors,False,False,False,none
bjjnkida-1,TMA00316,CGRP-Gamma 1,False,False,False,none
bjjoehbd-1,TMA00316,C-LTMR,False,False,False,none
bjjoojlh-1,TMA00316,CGRP-Gamma 1,False,False,False,none
bjjpcaip-1,TMA00316,CGRP-Alpha,False,False,False,none
bjkajahh-1,TMA00316,CGRP-Epsilion,False,False,False,none
bjkbcppa-1,TMA00316,Nonpeptidergic nociceptors,False,False,False,none
bjkddflf-1,TMA00316,C-LTMR,False,False,False,none
bjkhopel-1,TMA00316,Nonpeptidergic nociceptors,False,False,False,none
bjkjbobh-1,TMA00316,Abeta-RA-LTMR,False,False,False,none
bjkppobl-1,TMA00316,Abeta-RA-LTMR,False,False,False,none
bjlfkomh-1,TMA00316,Abeta-RA-LTMR,False,False,False,none
bjlhlgdn-1,TMA00316,TrpM8,False,False,False,none
bjljbkdg-1,TMA00316,CGRP-Gamma 1,False,False,False,none
bjmappmk-1,TMA00316,CGRP-Eta,False,False,False,none
bjmbdljd-1,TMA00316,TrpM8,False,False,False,none
bjmboihc-1,TMA00316,Abeta-RA-LTMR,False,False,False,none
bjmebcje-1,TMA00316,Abeta-RA-LTMR,False,False,False,none
bjmglipb-1,TMA00316,CGRP-Gamma 2,False,False,False,none
bjmjbajj-1,TMA00316,CGRP-Eta,False,False,False,none
bjmmkhjg-1,TMA00316,Nonpeptidergic nociceptors,False,False,False,none
bjnbkeoh-1,TMA00316,CGRP-Gamma 2,False,False,False,none
bjnddjbh-1,TMA00316,CGRP-Gamma 1,False,False,False,none
bjnjopcd-1,TMA00316,CGRP-Beta,False,False,False,none
bjnmobid-1,TMA00316,CGRP-Alpha,False,False,False,none
bjnohbfa-1,TMA00316,CGRP-Gamma 1,False,False,False,none
bjobihbg-1,TMA00316,TrpM8,False,False,False,none
bjoefnho-1,TMA00316,TrpM8,False,False,False,none
bjogjklk-1,TMA00316,CGRP-Alpha,False,False,False,none
bjohilph-1,TMA00316,CGRP-Epsilion,False,False,False,none
bjoilggc-1,TMA00316,TrpM8,False,False,False,none
bjomkbej-1,TMA00316,C-LTMR,False,False,False,none
bjpapgkn-1,TMA00316,Nonpeptidergic nociceptors,False,False,False,none
bjphbnoj-1,TMA00316,CGRP-Zeta,False,False,False,none
bkahkffi-1,TMA00316,Abeta-RA-LTMR,False,False,False,none
bkajfchf-1,TMA00316,C-LTMR,False,False,False,none
bkakjpdc-1,TMA00316,C-LTMR,False,False,False,none
bkceakih-1,TMA00316,Abeta-Field,False,False,False,none
bkcgobio-1,TMA00316,Adelta-LTMR,False,False,False,none
bkcjcnkj-1,TMA00316,C-LTMR,False,False,False,none
bkckdbbn-1,TMA00316,Abeta-Field,False,False,False,none
bkcknjem-1,TMA00316,Nonpeptidergic nociceptors,False,False,False,none
bkclbfhb-1,TMA00316,Nonpeptidergic nociceptors,False,False,False,none
bkcnklam-1,TMA00316,Sst,False,False,False,none
bkdaojki-1,TMA00316,C-LTMR,False,False,False,none
bkdddkba-1,TMA00316,Abeta-RA-LTMR,False,False,False,none
bkdenege-1,TMA00316,CGRP-Alpha,False,False,False,none
bkdfmilc-1,TMA00316,CGRP-Gamma 2,False,False,False,none
bkdfoppb-1,TMA00316,C-LTMR,False,False,False,none
bkdiofdm-1,TMA00316,CGRP-Eta,False,False,False,none
bkdllidf-1,TMA00316,CGRP-Gamma 1,False,False,False,none
bkebcokg-1,TMA00316,CGRP-Gamma 1,False,False,False,none
bkeeagmf-1,TMA00316,Nonpeptidergic nociceptors,False,False,False,none
bkeghpje-1,TMA00316,CGRP-Gamma 1,False,False,False,none
bkeogppn-1,TMA00316,CGRP-Zeta,False,False,False,none
bkeppacl-1,TMA00316,CGRP-Eta,False,False,False,none
bkfbmmpi-1,TMA00316,CGRP-Eta,False,False,False,none
bkfcipjo-1,TMA00316,CGRP-Gamma 1,False,False,False,none
bkfdgole-1,TMA00316,CGRP-Alpha,False,False,False,none
bkfgdedo-1,TMA00316,Nonpeptidergic nociceptors,False,False,False,none
bkgafaoc-1,TMA00316,CGRP-Gamma 1,False,False,False,none
bkgbpmbj-1,TMA00316,CGRP-Theta,False,False,False,none
bkgcldhc-1,TMA00316,CGRP-Epsilion,False,False,False,none
bkgdbhee-1,TMA00316,CGRP-Gamma 2,False,False,False,none
bkgjejjg-1,TMA00316,CGRP-Beta,False,False,False,none
bkhcemab-1,TMA00316,C-LTMR,False,False,False,none
bkiclkmk-1,TMA00316,Nonpeptidergic nociceptors,False,False,False,none
bkidhikf-1,TMA00316,CGRP-Eta,False,False,False,none
bkiiccob-1,TMA00316,CGRP-Eta,False,False,False,none
bkijoepm-1,TMA00316,CGRP-Gamma 1,False,False,False,none
bkiledhi-1,TMA00316,CGRP-Gamma 2,False,False,False,none
bkjincjh-1,TMA00316,Abeta-RA-LTMR,False,False,False,none
bkjndmhi-1,TMA00316,CGRP-Alpha,False,False,False,none
bkjpfdfl-1,TMA00316,Nonpeptidergic nociceptors,False,False,False,none
bkkdnhdo-1,TMA00316,CGRP-Gamma 2,False,False,False,none
bkkfkjnc-1,TMA00316,Adelta-LTMR,False,False,False,none
bkkgkgcn-1,TMA00316,CGRP-Alpha,False,False,False,none
bkklnbfe-1,TMA00316,CGRP-Gamma 1,False,False,False,none
bmlohcoo-1,TMA00316,CGRP-Alpha,False,False,False,none
bmlpgffp-1,TMA00316,Nonpeptidergic nociceptors,False,False,False,none
bmmljdmg-1,TMA00316,CGRP-Theta,False,False,False,none
bmmpjblm-1,TMA00316,CGRP-Theta,False,False,False,none
bmmpncpj-1,TMA00316,Nonpeptidergic nociceptors,False,False,False,none
bmnccdnp-1,TMA00316,CGRP-Theta,False,False,False,none
bmolcdmc-1,TMA00316,Nonpeptidergic nociceptors,False,False,False,none
bmolobee-1,TMA00316,CGRP-Gamma 1,False,False,False,none
bmpacghp-1,TMA00316,CGRP-Alpha,False,False,False,none
bmpadfgi-1,TMA00316,CGRP-Theta,False,False,False,none
bmpamhhb-1,TMA00316,Abeta-RA-LTMR,False,False,False,none
bmpegbnl-1,TMA00316,CGRP-Theta,False,False,False,none
bmpninak-1,TMA00316,CGRP-Theta,False,False,False,none
bnakepnp-1,TMA00316,Sst,False,False,False,none
bnalllln-1,TMA00316,Nonpeptidergic nociceptors,False,False,False,none
bnbfhhph-1,TMA00316,Abeta-RA-LTMR,False,False,False,none
bnbogkbh-1,TMA00316,CGRP-Alpha,False,False,False,none
bncalpgl-1,TMA00316,CGRP-Theta,False,False,False,none
bncefong-1,TMA00316,CGRP-Theta,False,False,False,none
bncjfjlj-1,TMA00316,C-LTMR,False,False,False,none
bncmnefb-1,TMA00316,CGRP-Alpha,False,False,False,none
bndadibn-1,TMA00316,CGRP-Epsilion,False,False,False,none
bndcjfke-1,TMA00316,C-LTMR,False,False,False,none
bndeneck-1,TMA00316,Sst,False,False,False,none
bndgahpd-1,TMA00316,Adelta-LTMR,False,False,False,none
bndhgekk-1,TMA00316,CGRP-Theta,False,False,False,none
bndiaeij-1,TMA00316,CGRP-Eta,False,False,False,none
bndjgppj-1,TMA00316,CGRP-Eta,False,False,False,none
bndmikjl-1,TMA00316,Abeta-Field,False,False,False,none
bndpieej-1,TMA00316,CGRP-Alpha,False,False,False,none
bneehdma-1,TMA00316,Nonpeptidergic nociceptors,False,False,False,none
bneenioe-1,TMA00316,Nonpeptidergic nociceptors,False,False,False,none
bnehfinl-1,TMA00316,Nonpeptidergic nociceptors,False,False,False,none
bneldfbp-1,TMA00316,Abeta-Field,False,False,False,none
bnembjme-1,TMA00316,Nonpeptidergic nociceptors,False,False,False,none
bneojbna-1,TMA00316,Abeta-Field,False,False,False,none
bnfbkahk-1,TMA00316,Nonpeptidergic nociceptors,False,False,False,none
bnfobnpl-1,TMA00316,C-LTMR,False,False,False,none
bnghbcei-1,TMA00316,CGRP-Eta,False,False,False,none
bnibeiei-1,TMA00316,CGRP-Alpha,False,False,False,none
bnibmfop-1,TMA00316,Nonpeptidergic nociceptors,False,False,False,none
bnkchbpm-1,TMA00316,Nonpeptidergic nociceptors,False,False,False,none
bnkigpko-1,TMA00316,CGRP-Zeta,False,False,False,none
bnkihica-1,TMA00316,CGRP-Eta,False,False,False,none
bnkmeiil-1,TMA00316,CGRP-Alpha,False,False,False,none
bnkpefoh-1,TMA00316,CGRP-Alpha,False,False,False,none
bnkpjhbn-1,TMA00316,Sst,False,False,False,none
bnmekcpc-1,TMA00316,Nonpeptidergic nociceptors,False,False,False,none
bnmkjnce-1,TMA00316,Nonpeptidergic nociceptors,False,False,False,none
bnncmnln-1,TMA00316,Nonpeptidergic nociceptors,False,False,False,none
bnnoefje-1,TMA00316,Nonpeptidergic nociceptors,False,False,False,none
bnoadffa-1,TMA00316,Nonpeptidergic nociceptors,False,False,False,none
boamjobl-1,TMA00316,CGRP-Alpha,False,False,False,none
boaoobdn-1,TMA00316,CGRP-Eta,False,False,False,none
bodddpfk-1,TMA00316,Proprioceptors,False,False,False,none
boddkili-1,TMA00316,Nonpeptidergic nociceptors,False,False,False,none
boeddaof-1,TMA00316,Proprioceptors,False,False,False,none
bofapjbm-1,TMA00316,Proprioceptors,False,False,False,none
boflcaol-1,TMA00316,TrpM8,False,False,False,none
bofllemg-1,TMA00316,C-LTMR,False,False,False,none
bofphpjm-1,TMA00316,CGRP-Gamma 1,False,False,False,none
bogjigaa-1,TMA00316,Nonpeptidergic nociceptors,False,False,False,none
bohckmpp-1,TMA00316,Nonpeptidergic nociceptors,False,False,False,none
bohgbonk-1,TMA00316,Nonpeptidergic nociceptors,False,False,False,none
bohjmbll-1,TMA00316,Nonpeptidergic nociceptors,False,False,False,none
boieebec-1,TMA00316,Proprioceptors,False,False,False,none
boihabge-1,TMA00316,Nonpeptidergic nociceptors,False,False,False,none
boineapj-1,TMA00316,Abeta-Field,False,False,False,none
boipmakd-1,TMA00316,CGRP-Alpha,False,False,False,none
bojdbhno-1,TMA00316,Nonpeptidergic nociceptors,False,False,False,none
bojfbpie-1,TMA00316,Nonpeptidergic nociceptors,False,False,False,none
bojjgapl-1,TMA00316,CGRP-Alpha,False,False,False,none
bojkbohj-1,TMA00316,CGRP-Epsilion,False,False,False,none
bojmdnef-1,TMA00316,Proprioceptors,False,False,False,none
bojmelmc-1,TMA00316,Nonpeptidergic nociceptors,False,False,False,none
boleglle-1,TMA00316,Nonpeptidergic nociceptors,False,False,False,none
bolicdib-1,TMA00316,CGRP-Eta,False,False,False,none
bolicfnl-1,TMA00316,Abeta-Field,False,False,False,none
bomhjoin-1,TMA00316,CGRP-Epsilion,False,False,False,none
bondpaof-1,TMA00316,Nonpeptidergic nociceptors,False,False,False,none
bonelabj-1,TMA00316,Nonpeptidergic nociceptors,False,False,False,none
bonhfmln-1,TMA00316,CGRP-Theta,False,False,False,none
booakjcl-1,TMA00316,Nonpeptidergic nociceptors,False,False,False,none
booeigpd-1,TMA00316,TrpM8,False,False,False,none
booejgmd-1,TMA00316,CGRP-Epsilion,False,False,False,none
booekkgk-1,TMA00316,TrpM8,False,False,False,none
boofgdij-1,TMA00316,CGRP-Theta,False,False,False,none
boomcjhe-1,TMA00316,Nonpeptidergic nociceptors,False,False,False,none
boomgeil-1,TMA00316,Nonpeptidergic nociceptors,False,False,False,none
boopilih-1,TMA00316,Nonpeptidergic nociceptors,False,False,False,none
bopajbhh-1,TMA00316,Nonpeptidergic nociceptors,False,False,False,none
bopdnmaa-1,TMA00316,Nonpeptidergic nociceptors,False,False,False,none
bopjjnkj-1,TMA00316,Nonpeptidergic nociceptors,False,False,False,none
bopmblhk-1,TMA00316,CGRP-Theta,False,False,False,none
bpaebhhm-1,TMA00316,Sst,False,False,False,none
bpaegmhp-1,TMA00316,Nonpeptidergic nociceptors,False,False,False,none
camolclf-1,TMA00316,Nonpeptidergic nociceptors,False,False,False,none
camopfop-1,TMA00316,Nonpeptidergic nociceptors,False,False,False,none
canfnmco-1,TMA00316,Nonpeptidergic nociceptors,False,False,False,none
cannmjob-1,TMA00316,CGRP-Eta,False,False,False,none
caodldgf-1,TMA00316,TrpM8,False,False,False,none
caoeneih-1,TMA00316,CGRP-Eta,False,False,False,none
caopnofm-1,TMA00316,Nonpeptidergic nociceptors,False,False,False,none
capabkff-1,TMA00316,Proprioceptors,False,False,False,none
capcflgh-1,TMA00316,Abeta-Field,False,False,False,none
capdfkkb-1,TMA00316,Nonpeptidergic nociceptors,False,False,False,none
capedocl-1,TMA00316,CGRP-Theta,False,False,False,none
capfmilk-1,TMA00316,Proprioceptors,False,False,False,none
capgcpdo-1,TMA00316,Proprioceptors,False,False,False,none
capiignh-1,TMA00316,Proprioceptors,False,False,False,none
capmbmph-1,TMA00316,Proprioceptors,False,False,False,none
cappmcjo-1,TMA00316,Nonpeptidergic nociceptors,False,False,False,none
cbgnmkgi-1,TMA00316,Proprioceptors,False,False,False,none
cbgpnppf-1,TMA00316,CGRP-Alpha,False,False,False,none
cbhbacnl-1,TMA00316,CGRP-Beta,False,False,False,none
cbiehnik-1,TMA00316,CGRP-Theta,False,False,False,none
cbmalphc-1,TMA00316,CGRP-Theta,False,False,False,none
cbnkicjf-1,TMA00316,CGRP-Epsilion,False,False,False,none
cbnolbak-1,TMA00316,CGRP-Theta,False,False,False,none
cbphlflp-1,TMA00316,CGRP-Epsilion,False,False,False,none
cbpohmdn-1,TMA00316,CGRP-Alpha,False,False,False,none
cbppdhca-1,TMA00316,C-LTMR,False,False,False,none
ccaaibgn-1,TMA00316,C-LTMR,False,False,False,none
ccaaljci-1,TMA00316,CGRP-Theta,False,False,False,none
ccajcnmb-1,TMA00316,Nonpeptidergic nociceptors,False,False,False,none
ccalkmed-1,TMA00316,CGRP-Alpha,False,False,False,none
ccbagfao-1,TMA00316,CGRP-Eta,False,False,False,none
ccbbieop-1,TMA00316,CGRP-Epsilion,False,False,False,none
ccbfcfni-1,TMA00316,TrpM8,False,False,False,none
ccbhlcjl-1,TMA00316,TrpM8,False,False,False,none
ccbnlnkj-1,TMA00316,CGRP-Theta,False,False,False,none
ccbohlda-1,TMA00316,CGRP-Theta,False,False,False,none
ccdcobbe-1,TMA00316,CGRP-Eta,False,False,False,none
ccdcopgh-1,TMA00316,CGRP-Eta,False,False,False,none
cceombgo-1,TMA00316,CGRP-Eta,False,False,False,none
ccfgpaim-1,TMA00316,Nonpeptidergic nociceptors,False,False,False,none
ccfmkfcm-1,TMA00316,CGRP-Eta,False,False,False,none
ccgihlli-1,TMA00316,Nonpeptidergic nociceptors,False,False,False,none
cchepjgo-1,TMA00316,Proprioceptors,False,False,False,none
cchlpghk-1,TMA00316,CGRP-Gamma 1,False,False,False,none
cchoffha-1,TMA00316,Nonpeptidergic nociceptors,False,False,False,none
cciahjjb-1,TMA00316,CGRP-Zeta,False,False,False,none
ccibdkpg-1,TMA00316,CGRP-Theta,False,False,False,none
ccibkncg-1,TMA00316,Proprioceptors,False,False,False,none
ccjkmdoo-1,TMA00316,CGRP-Gamma 1,False,False,False,none
ccjoahkk-1,TMA00316,Proprioceptors,False,False,False,none
ccjpilim-1,TMA00316,TrpM8,False,False,False,none
ccleapjg-1,TMA00316,CGRP-Theta,False,False,False,none
cclgffio-1,TMA00316,CGRP-Theta,False,False,False,none
cclgndjp-1,TMA00316,CGRP-Theta,False,False,False,none
cclifgal-1,TMA00316,CGRP-Theta,False,False,False,none
ccllippc-1,TMA00316,Nonpeptidergic nociceptors,False,False,False,none
cclnniii-1,TMA00316,C-LTMR,False,False,False,none
ccmcgbkf-1,TMA00316,Sst,False,False,False,none
ccmieoef-1,TMA00316,Sst,False,False,False,none
ccpfdacl-1,TMA00316,CGRP-Zeta,False,False,False,none
cdbbjfgm-1,TMA00316,CGRP-Zeta,False,False,False,none
cdbnhnef-1,TMA00316,Sst,False,False,False,none
cdcagmfb-1,TMA00316,Nonpeptidergic nociceptors,False,False,False,none
cdcclpeo-1,TMA00316,Nonpeptidergic nociceptors,False,False,False,none
cddciljb-1,TMA00316,CGRP-Theta,False,False,False,none
cdeaflnl-1,TMA00316,Sst,False,False,False,none
cdflnfeh-1,TMA00316,Nonpeptidergic nociceptors,False,False,False,none
cdhbfpfh-1,TMA00316,CGRP-Gamma 1,False,False,False,none
cdhdeabe-1,TMA00316,Nonpeptidergic nociceptors,False,False,False,none
cdhgepnc-1,TMA00316,Nonpeptidergic nociceptors,False,False,False,none
cdkdjiac-1,TMA00316,CGRP-Gamma 1,False,False,False,none
cdkgmagd-1,TMA00316,Sst,False,False,False,none
cdkhpkbp-1,TMA00316,Abeta-Field,False,False,False,none
cdljhfem-1,TMA00316,Nonpeptidergic nociceptors,False,False,False,none
cdlpacli-1,TMA00316,CGRP-Theta,False,False,False,none
cdlplplc-1,TMA00316,Sst,False,False,False,none
cdmabgfn-1,TMA00316,C-LTMR,False,False,False,none
cdnlcdng-1,TMA00316,TrpM8,False,False,False,none
cefomhhb-1,TMA00316,Sst,False,False,False,none
cefplpge-1,TMA00316,Sst,False,False,False,none
cegapnjm-1,TMA00316,CGRP-Gamma 1,False,False,False,none
cegbeopp-1,TMA00316,CGRP-Gamma 1,False,False,False,none
cegbjlen-1,TMA00316,CGRP-Gamma 1,False,False,False,none
cegfhnbf-1,TMA00316,CGRP-Gamma 1,False,False,False,none
cegjojem-1,TMA00316,Nonpeptidergic nociceptors,False,False,False,none
cegmmoig-1,TMA00316,Sst,False,False,False,none
cegnbpml-1,TMA00316,C-LTMR,False,False,False,none
cegnohfc-1,TMA00316,Nonpeptidergic nociceptors,False,False,False,none
cegoagdk-1,TMA00316,Nonpeptidergic nociceptors,False,False,False,none
cehdfhkl-1,TMA00316,CGRP-Theta,False,False,False,none
cehhobmi-1,TMA00316,Abeta-Field,False,False,False,none
cehiidcj-1,TMA00316,CGRP-Zeta,False,False,False,none
cehkmlfa-1,TMA00316,Nonpeptidergic nociceptors,False,False,False,none
cehojjaa-1,TMA00316,Nonpeptidergic nociceptors,False,False,False,none
ceiaefld-1,TMA00316,TrpM8,False,False,False,none
ceieibjm-1,TMA00316,TrpM8,False,False,False,none
cejmcdbb-1,TMA00316,CGRP-Gamma 2,False,False,False,none
cejmdelg-1,TMA00316,CGRP-Eta,False,False,False,none
cfbiohca-1,TMA00316,CGRP-Theta,False,False,False,none
cfbljeip-1,TMA00316,Nonpeptidergic nociceptors,False,False,False,none
cfboedfp-1,TMA00316,Nonpeptidergic nociceptors,False,False,False,none
cfdfmiml-1,TMA00316,Proprioceptors,False,False,False,none
cfhfcblm-1,TMA00316,Sst,False,False,False,none
cfhgbglj-1,TMA00316,CGRP-Gamma 1,False,False,False,none
cfhgddke-1,TMA00316,Nonpeptidergic nociceptors,False,False,False,none
cfhjoolc-1,TMA00316,Sst,False,False,False,none
cfhnoabo-1,TMA00316,Sst,False,False,False,none
cfjlopdl-1,TMA00316,Nonpeptidergic nociceptors,False,False,False,none
cjhnigdo-1,TMA00316,Proprioceptors,False,False,False,none
cjilcbge-1,TMA00316,Nonpeptidergic nociceptors,False,False,False,none
clpbnlnc-1,TMA00316,CGRP-Zeta,False,False,False,none
clpieabd-1,TMA00316,Nonpeptidergic nociceptors,False,False,False,none
clplkehc-1,TMA00316,CGRP-Zeta,False,False,False,none
clpmbflj-1,TMA00316,Nonpeptidergic nociceptors,False,False,False,none
cmaegajm-1,TMA00316,Nonpeptidergic nociceptors,False,False,False,none
cmaelpmo-1,TMA00316,Nonpeptidergic nociceptors,False,False,False,none
cmaikgff-1,TMA00316,Nonpeptidergic nociceptors,False,False,False,none
cmajchil-1,TMA00316,CGRP-Epsilion,False,False,False,none
cmanekon-1,TMA00316,Nonpeptidergic nociceptors,False,False,False,none
cmapjgkm-1,TMA00316,Nonpeptidergic nociceptors,False,False,False,none
cmbiieok-1,TMA00316,Nonpeptidergic nociceptors,False,False,False,none
cmcdocie-1,TMA00316,Nonpeptidergic nociceptors,False,False,False,none
cmcefelc-1,TMA00316,Nonpeptidergic nociceptors,False,False,False,none
cmdcadao-1,TMA00316,Abeta-RA-LTMR,False,False,False,none
cmdglbed-1,TMA00316,Nonpeptidergic nociceptors,False,False,False,none
cmdocicf-1,TMA00316,CGRP-Theta,False,False,False,none
cmdohfck-1,TMA00316,Proprioceptors,False,False,False,none
cmecnnpa-1,TMA00316,CGRP-Theta,False,False,False,none
cmekailh-1,TMA00316,Abeta-RA-LTMR,False,False,False,none
cmelklba-1,TMA00316,CGRP-Alpha,False,False,False,none
cmgnkklp-1,TMA00316,TrpM8,False,False,False,none
cmgpfiec-1,TMA00316,Nonpeptidergic nociceptors,False,False,False,none
cmhbfcnb-1,TMA00316,TrpM8,False,False,False,none
cmhbijkg-1,TMA00316,Nonpeptidergic nociceptors,False,False,False,none
cmheckke-1,TMA00316,Nonpeptidergic nociceptors,False,False,False,none
cmheoopn-1,TMA00316,CGRP-Epsilion,False,False,False,none
cmhmamgl-1,TMA00316,Sst,False,False,False,none
cmimilni-1,TMA00316,Nonpeptidergic nociceptors,False,False,False,none
cmjhglpb-1,TMA00316,C-LTMR,False,False,False,none
cmjjbcii-1,TMA00316,Nonpeptidergic nociceptors,False,False,False,none
cmknemmj-1,TMA00316,Sst,False,False,False,none
cmkonffa-1,TMA00316,Sst,False,False,False,none
cmmgeohd-1,TMA00316,CGRP-Alpha,False,False,False,none
cmmlgnlj-1,TMA00316,CGRP-Gamma 1,False,False,False,none
cmoaikfm-1,TMA00316,CGRP-Zeta,False,False,False,none
cmooiaoe-1,TMA00316,CGRP-Gamma 1,False,False,False,none
cnckkbdk-1,TMA00316,Sst,False,False,False,none
cookknid-1,TMA00316,CGRP-Eta,False,False,False,none
cookknnm-1,TMA00316,CGRP-Eta,False,False,False,none
cpahclbb-1,TMA00316,CGRP-Eta,False,False,False,none
cpemfmck-1,TMA00316,CGRP-Eta,False,False,False,none
cphhlggc-1,TMA00316,CGRP-Eta,False,False,False,none
cphjbgkg-1,TMA00316,CGRP-Eta,False,False,False,none
cpjddcdf-1,TMA00316,CGRP-Theta,False,False,False,none
cpjdknle-1,TMA00316,Sst,False,False,False,none
cpjemjoj-1,TMA00316,CGRP-Theta,False,False,False,none
cpjggaep-1,TMA00316,Nonpeptidergic nociceptors,False,False,False,none
cpjglfpe-1,TMA00316,Nonpeptidergic nociceptors,False,False,False,none
cpknifjb-1,TMA00316,Nonpeptidergic nociceptors,False,False,False,none
cpkogepg-1,TMA00316,CGRP-Epsilion,False,False,False,none
cplcijam-1,TMA00316,Abeta-Field,False,False,False,none
cpleiheb-1,TMA00316,Nonpeptidergic nociceptors,False,False,False,none
cpmoijpn-1,TMA00316,Nonpeptidergic nociceptors,False,False,False,none
cpnkngdj-1,TMA00316,Nonpeptidergic nociceptors,False,False,False,none
cpnpnghf-1,TMA00316,CGRP-Theta,False,False,False,none
cpomionn-1,TMA00316,Nonpeptidergic nociceptors,False,False,False,none
cppcgcmh-1,TMA00316,Nonpeptidergic nociceptors,False,False,False,none
cppkpbhl-1,TMA00316,Nonpeptidergic nociceptors,False,False,False,none
cppphfca-1,TMA00316,C-LTMR,False,False,False,none
daacladc-1,TMA00316,Nonpeptidergic nociceptors,False,False,False,none
daaegkne-1,TMA00316,C-LTMR,False,False,False,none
dabooalh-1,TMA00316,Nonpeptidergic nociceptors,False,False,False,none
dabpammg-1,TMA00316,Nonpeptidergic nociceptors,False,False,False,none
dacbdhbf-1,TMA00316,Nonpeptidergic nociceptors,False,False,False,none
dackdpdj-1,TMA00316,Sst,False,False,False,none
daclnabl-1,TMA00316,CGRP-Eta,False,False,False,none
dacnnflh-1,TMA00316,CGRP-Eta,False,False,False,none
dadicekj-1,TMA00316,Sst,False,False,False,none
dafababl-1,TMA00316,CGRP-Theta,False,False,False,none
dagmmmgh-1,TMA00316,CGRP-Theta,False,False,False,none
dagneobl-1,TMA00316,Sst,False,False,False,none
dahamjof-1,TMA00316,Nonpeptidergic nociceptors,False,False,False,none
dahiocjb-1,TMA00316,CGRP-Zeta,False,False,False,none
daicdlka-1,TMA00316,CGRP-Zeta,False,False,False,none
dchglilo-1,TMA00316,C-LTMR,False,False,False,none
dcjccehi-1,TMA00316,Proprioceptors,False,False,False,none
dclbceik-1,TMA00316,Proprioceptors,False,False,False,none
ddbpclcg-1,TMA00316,CGRP-Alpha,False,False,False,none
ddbplbcd-1,TMA00316,CGRP-Epsilion,False,False,False,none
dddgfjff-1,TMA00316,CGRP-Alpha,False,False,False,none
dddhogai-1,TMA00316,CGRP-Gamma 1,False,False,False,none
dddknmhg-1,TMA00316,CGRP-Alpha,False,False,False,none
dddkojkn-1,TMA00316,CGRP-Gamma 2,False,False,False,none
ddffodml-1,TMA00316,Sst,False,False,False,none
deeackmc-1,TMA00316,Sst,False,False,False,none
dejjichp-1,TMA00316,CGRP-Epsilion,False,False,False,none
dekhnemk-1,TMA00316,CGRP-Alpha,False,False,False,none
dekoijke-1,TMA00316,Nonpeptidergic nociceptors,False,False,False,none
deldifem-1,TMA00316,CGRP-Eta,False,False,False,none
deldjafb-1,TMA00316,Sst,False,False,False,none
deleldib-1,TMA00316,TrpM8,False,False,False,none
delflmhi-1,TMA00316,Nonpeptidergic nociceptors,False,False,False,none
delgleja-1,TMA00316,CGRP-Alpha,False,False,False,none
demghplc-1,TMA00316,Sst,False,False,False,none
demhbedh-1,TMA00316,Sst,False,False,False,none
denamoek-1,TMA00316,Sst,False,False,False,none
denokdfk-1,TMA00316,Proprioceptors,False,False,False,none
deohafbj-1,TMA00316,Proprioceptors,False,False,False,none
deoipkjj-1,TMA00316,Nonpeptidergic nociceptors,False,False,False,none
depecfdn-1,TMA00316,Nonpeptidergic nociceptors,False,False,False,none
depfhafl-1,TMA00316,Proprioceptors,False,False,False,none
dephacpl-1,TMA00316,Abeta-Field,False,False,False,none
depmnhlh-1,TMA00316,Abeta-Field,False,False,False,none
dfabkklo-1,TMA00316,CGRP-Theta,False,False,False,none
dfadmpdi-1,TMA00316,Nonpeptidergic nociceptors,False,False,False,none
dfadpapb-1,TMA00316,Nonpeptidergic nociceptors,False,False,False,none
dfagdcdc-1,TMA00316,Nonpeptidergic nociceptors,False,False,False,none
dfaigofi-1,TMA00316,Nonpeptidergic nociceptors,False,False,False,none
dfalmcgf-1,TMA00316,Nonpeptidergic nociceptors,False,False,False,none
dfbaajfm-1,TMA00316,C-LTMR,False,False,False,none
dfbamjbp-1,TMA00316,Proprioceptors,False,False,False,none
dfbbalkg-1,TMA00316,Nonpeptidergic nociceptors,False,False,False,none
dfbcclan-1,TMA00316,Nonpeptidergic nociceptors,False,False,False,none
dfilojhm-1,TMA00316,CGRP-Alpha,False,False,False,none
dflkonmp-1,TMA00316,Sst,False,False,False,none
dfmallgd-1,TMA00316,Sst,False,False,False,none
dfodgnij-1,TMA00316,CGRP-Alpha,False,False,False,none
dgaljlok-1,TMA00316,TrpM8,False,False,False,none
dgdhocpd-1,TMA00316,Proprioceptors,False,False,False,none
dgdibepb-1,TMA00316,Sst,False,False,False,none
dgdmgebn-1,TMA00316,Nonpeptidergic nociceptors,False,False,False,none
dgdpjndf-1,TMA00316,Nonpeptidergic nociceptors,False,False,False,none
dgealhap-1,TMA00316,CGRP-Epsilion,False,False,False,none
dgegepll-1,TMA00316,CGRP-Theta,False,False,False,none
dgelplfo-1,TMA00316,CGRP-Theta,False,False,False,none
dgemjbpl-1,TMA00316,Nonpeptidergic nociceptors,False,False,False,none
dgfgkdce-1,TMA00316,TrpM8,False,False,False,none
dgfkjpjg-1,TMA00316,CGRP-Gamma 1,False,False,False,none
dgfpbgdm-1,TMA00316,CGRP-Theta,False,False,False,none
dggmdbkg-1,TMA00316,TrpM8,False,False,False,none
dghaojap-1,TMA00316,CGRP-Theta,False,False,False,none
dgklbdak-1,TMA00316,Abeta-Field,False,False,False,none
dgokfajo-1,TMA00316,Nonpeptidergic nociceptors,False,False,False,none
dgpcehjf-1,TMA00316,C-LTMR,False,False,False,none
dgpkaoci-1,TMA00316,CGRP-Gamma 1,False,False,False,none
dgpliekj-1,TMA00316,CGRP-Gamma 1,False,False,False,none
dgppoiob-1,TMA00316,CGRP-Gamma 1,False,False,False,none
dhcliebl-1,TMA00316,Nonpeptidergic nociceptors,False,False,False,none
dhfjmhab-1,TMA00316,Proprioceptors,False,False,False,none
dhfjoide-1,TMA00316,C-LTMR,False,False,False,none
dhgcebka-1,TMA00316,TrpM8,False,False,False,none
dhghfmke-1,TMA00316,C-LTMR,False,False,False,none
dhgmkchp-1,TMA00316,TrpM8,False,False,False,none
dhgobahi-1,TMA00316,CGRP-Gamma 1,False,False,False,none
dhhbaigc-1,TMA00316,Adelta-LTMR,False,False,False,none
dhimaapo-1,TMA00316,Nonpeptidergic nociceptors,False,False,False,none
dhkiicln-1,TMA00316,CGRP-Gamma 1,False,False,False,none
dhkoemca-1,TMA00316,CGRP-Eta,False,False,False,none
dhlciapa-1,TMA00316,CGRP-Gamma 1,False,False,False,none
dhlddlfb-1,TMA00316,CGRP-Gamma 1,False,False,False,none
digekiif-1,TMA00316,CGRP-Gamma 1,False,False,False,none
dighndhp-1,TMA00316,CGRP-Gamma 1,False,False,False,none
digijocg-1,TMA00316,CGRP-Gamma 1,False,True,False,dTomato_Seq2_hi
digolage-1,TMA00316,CGRP-Gamma 1,False,False,False,none
dihbjhkl-1,TMA00316,CGRP-Gamma 1,False,True,False,dTomato_Seq2_hi
dihdjffe-1,TMA00316,CGRP-Gamma 1,False,False,False,none
djbblkfb-1,TMA00316,CGRP-Theta,False,False,False,none
djcoggbp-1,TMA00316,CGRP-Gamma 1,False,False,False,none
djhdaopk-1,TMA00316,CGRP-Gamma 1,False,False,False,none
djhmdmkg-1,TMA00316,Nonpeptidergic nociceptors,False,False,False,none
djhohljo-1,TMA00316,Nonpeptidergic nociceptors,False,False,False,none
djhpphjg-1,TMA00316,Adelta-LTMR,False,False,False,none
djigicka-1,TMA00316,CGRP-Gamma 1,False,False,False,none
djjbbile-1,TMA00316,Adelta-LTMR,False,False,False,none
djmbhdbn-1,TMA00316,Nonpeptidergic nociceptors,False,False,False,none
djmgckje-1,TMA00316,Nonpeptidergic nociceptors,False,False,False,none
djmhgiom-1,TMA00316,CGRP-Eta,False,False,False,none
djnidpjo-1,TMA00316,Nonpeptidergic nociceptors,False,False,False,none
djobebnd-1,TMA00316,Nonpeptidergic nociceptors,False,False,False,none
djonfmhf-1,TMA00316,CGRP-Gamma 1,False,False,False,none
djpenfii-1,TMA00316,TrpM8,False,False,False,none
dkadpfdl-1,TMA00316,CGRP-Eta,False,False,False,none
dkbbimnj-1,TMA00316,Proprioceptors,False,False,False,none
dkbgjkmm-1,TMA00316,CGRP-Beta,False,False,False,none
dkbpnbah-1,TMA00316,Nonpeptidergic nociceptors,False,False,False,none
dkcbblah-1,TMA00316,Nonpeptidergic nociceptors,False,False,False,none
dkdchfhn-1,TMA00316,TrpM8,False,False,False,none
dkdhjcff-1,TMA00316,TrpM8,False,False,False,none
dkdjagij-1,TMA00316,TrpM8,False,False,False,none
dkeilgej-1,TMA00316,CGRP-Gamma 1,False,False,False,none
dkfbbnde-1,TMA00316,Abeta-Field,False,False,False,none
dkgcpgao-1,TMA00316,CGRP-Eta,False,False,False,none
dkiddlfp-1,TMA00316,CGRP-Alpha,False,False,False,none
dkkdlcdh-1,TMA00316,CGRP-Eta,False,False,False,none
dkkngkge-1,TMA00316,CGRP-Eta,False,False,False,none
dknfejgd-1,TMA00316,Sst,False,False,False,none
dknifgje-1,TMA00316,TrpM8,False,False,False,none
dkooojag-1,TMA00316,CGRP-Gamma 1,False,False,False,none
dlcfohfk-1,TMA00316,CGRP-Gamma 1,False,False,False,none
dldpphfi-1,TMA00316,CGRP-Gamma 1,False,False,False,none
dlfiinpc-1,TMA00316,CGRP-Alpha,False,False,False,none
dlgcljbl-1,TMA00316,Nonpeptidergic nociceptors,False,False,False,none
dlhdmloj-1,TMA00316,Sst,True,False,False,EGFP_Seq1_hi
dlhfocio-1,TMA00316,Nonpeptidergic nociceptors,False,False,False,none
dlhijnfl-1,TMA00316,Nonpeptidergic nociceptors,False,False,False,none
dlhnldbf-1,TMA00316,Abeta-RA-LTMR,False,False,False,none
dligeffc-1,TMA00316,Abeta-Field,False,False,False,none
dlihgngm-1,TMA00316,Nonpeptidergic nociceptors,False,False,False,none
dlikkibf-1,TMA00316,CGRP-Theta,False,False,False,none
dlilladj-1,TMA00316,Sst,False,False,False,none
dlipcgam-1,TMA00316,CGRP-Zeta,True,False,False,EGFP_Seq1_hi
dljhhhco-1,TMA00316,Adelta-LTMR,False,False,False,none
dljopmcb-1,TMA00316,Nonpeptidergic nociceptors,False,False,False,none
dljpgeeg-1,TMA00316,Nonpeptidergic nociceptors,False,False,False,none
dlkbbfna-1,TMA00316,CGRP-Gamma 1,False,False,False,none
dlkgddmj-1,TMA00316,Nonpeptidergic nociceptors,False,False,False,none
dlkjapmi-1,TMA00316,Nonpeptidergic nociceptors,False,False,False,none
dlkkoabn-1,TMA00316,Abeta-Field,False,False,False,none
dlkommga-1,TMA00316,Nonpeptidergic nociceptors,False,False,False,none
dlkpoinm-1,TMA00316,Nonpeptidergic nociceptors,False,False,False,none
dllamdcm-1,TMA00316,CGRP-Theta,False,False,False,none
dllehjdc-1,TMA00316,CGRP-Zeta,True,False,False,EGFP_Seq1_hi
dlmbnonf-1,TMA00316,CGRP-Zeta,False,False,False,none
dlmmgamc-1,TMA00316,CGRP-Gamma 1,False,False,False,none
dlmogdej-1,TMA00316,CGRP-Zeta,False,False,False,none
dlmojhpb-1,TMA00316,Abeta-Field,False,False,False,none
dlmoojnk-1,TMA00316,Abeta-Field,False,False,False,none
dlmplidb-1,TMA00316,Abeta-Field,False,False,False,none
dlncmpfc-1,TMA00316,CGRP-Gamma 1,False,False,False,none
dlndjebj-1,TMA00316,Nonpeptidergic nociceptors,False,False,False,none
dlnnceoc-1,TMA00316,Nonpeptidergic nociceptors,False,False,False,none
dlogbccb-1,TMA00316,CGRP-Theta,False,False,False,none
dlogjlge-1,TMA00316,CGRP-Theta,False,False,False,none
dlohfcgf-1,TMA00316,CGRP-Theta,False,False,False,none
dlpnekip-1,TMA00316,Sst,False,False,False,none
dlpnmaff-1,TMA00316,CGRP-Gamma 1,False,False,False,none
dlpoelbp-1,TMA00316,CGRP-Gamma 1,False,False,False,none
dmbbicnh-1,TMA00316,CGRP-Eta,False,False,False,none
dmbncldp-1,TMA00316,CGRP-Gamma 2,False,False,False,none
dmcapknc-1,TMA00316,CGRP-Gamma 1,False,False,False,none
dmccjadi-1,TMA00316,CGRP-Alpha,False,False,False,none
dmcfebad-1,TMA00316,CGRP-Gamma 1,False,False,False,none
dmdaadhn-1,TMA00316,Nonpeptidergic nociceptors,False,False,False,none
dmdeoogd-1,TMA00316,Nonpeptidergic nociceptors,False,False,False,none
dmdgoelm-1,TMA00316,CGRP-Zeta,False,False,False,none
dmdhpgkc-1,TMA00316,CGRP-Zeta,False,False,False,none
dmdncfnd-1,TMA00316,Abeta-Field,False,False,False,none
dmdnegbc-1,TMA00316,CGRP-Gamma 2,False,False,False,none
dmdngpko-1,TMA00316,Abeta-Field,False,False,False,none
dmdpembm-1,TMA00316,Sst,False,False,False,none
dmeedhel-1,TMA00316,CGRP-Gamma 2,False,False,False,none
dmfnbegf-1,TMA00316,CGRP-Gamma 1,False,False,False,none
dmfokeon-1,TMA00316,CGRP-Eta,False,False,False,none
dmgcaiak-1,TMA00316,CGRP-Gamma 1,False,False,False,none
dmgeaflf-1,TMA00316,CGRP-Gamma 1,False,False,False,none
dmgibgfe-1,TMA00316,C-LTMR,False,False,False,none
dmhepaep-1,TMA00316,CGRP-Gamma 1,False,False,False,none
dmhfhjec-1,TMA00316,CGRP-Gamma 1,False,False,False,none
dmialeoo-1,TMA00316,CGRP-Zeta,False,False,False,none
dmimccoa-1,TMA00316,CGRP-Gamma 1,False,False,False,none
dmjeghml-1,TMA00316,CGRP-Gamma 1,False,False,False,none
dmjlgmdf-1,TMA00316,CGRP-Alpha,False,False,False,none
dmjlpckd-1,TMA00316,CGRP-Gamma 1,False,False,False,none
dmjmmnki-1,TMA00316,CGRP-Gamma 1,False,False,False,none
dmjomnkf-1,TMA00316,CGRP-Gamma 1,False,False,False,none
dmkanaje-1,TMA00316,CGRP-Eta,False,False,False,none
dmkblljp-1,TMA00316,CGRP-Theta,False,False,False,none
dmkedlga-1,TMA00316,CGRP-Theta,False,False,False,none
dmkfoele-1,TMA00316,CGRP-Eta,False,False,False,none
dmldimng-1,TMA00316,CGRP-Theta,False,False,False,none
dmlecmfm-1,TMA00316,CGRP-Eta,False,False,False,none
dmlkfjjb-1,TMA00316,C-LTMR,False,False,False,none
dmlmhgog-1,TMA00316,CGRP-Theta,False,False,False,none
dmmhjcja-1,TMA00316,TrpM8,False,False,False,none
dmofkmml-1,TMA00316,CGRP-Eta,True,False,False,EGFP_Seq1_hi
dmolmhia-1,TMA00316,CGRP-Theta,False,False,False,none
dmoohdci-1,TMA00316,CGRP-Eta,False,False,False,none
dmpmfgng-1,TMA00316,CGRP-Theta,False,False,False,none
dmpmjckc-1,TMA00316,CGRP-Theta,False,False,False,none
dmppghhf-1,TMA00316,Nonpeptidergic nociceptors,False,False,False,none
dnaapcfp-1,TMA00316,Abeta-Field,False,False,False,none
dnbadima-1,TMA00316,Nonpeptidergic nociceptors,False,False,False,none
dndafido-1,TMA00316,CGRP-Gamma 2,False,False,False,none
dndcmmnn-1,TMA00316,CGRP-Gamma 1,False,False,False,none
dndeoknb-1,TMA00316,CGRP-Gamma 1,False,False,False,none
dndfolaf-1,TMA00316,CGRP-Gamma 2,False,False,False,none
dndhpofb-1,TMA00316,CGRP-Alpha,False,False,False,none
dnginffk-1,TMA00316,CGRP-Gamma 1,False,False,False,none
dnglhnab-1,TMA00316,CGRP-Gamma 1,False,False,False,none
dnhcmodj-1,TMA00316,CGRP-Eta,False,False,False,none
dnhgaakk-1,TMA00316,CGRP-Epsilion,False,False,False,none
dnhljfhc-1,TMA00316,CGRP-Gamma 1,False,False,False,none
dnhpglne-1,TMA00316,CGRP-Gamma 1,False,False,False,none
dnliakmf-1,TMA00316,TrpM8,False,False,False,none
dnlmhpio-1,TMA00316,TrpM8,False,False,False,none
dnmgmgna-1,TMA00316,CGRP-Alpha,False,False,False,none
dnmljcch-1,TMA00316,TrpM8,False,False,False,none
dnmmfhfg-1,TMA00316,Abeta-Field,False,False,False,none
dnnbgijo-1,TMA00316,TrpM8,False,False,False,none
dnofmflh-1,TMA00316,CGRP-Gamma 1,False,False,False,none
dnoppmfo-1,TMA00316,TrpM8,False,False,False,none
dnpcnlhn-1,TMA00316,CGRP-Gamma 1,False,False,False,none
dnpdaiif-1,TMA00316,CGRP-Gamma 1,False,False,False,none
dnpppjee-1,TMA00316,TrpM8,False,False,False,none
doaghlla-1,TMA00316,CGRP-Gamma 1,False,False,False,none
doahfdhj-1,TMA00316,CGRP-Gamma 1,False,False,False,none
doanigec-1,TMA00316,Sst,False,False,False,none
dobnggec-1,TMA00316,CGRP-Eta,False,False,False,none
dobnnang-1,TMA00316,CGRP-Eta,False,False,False,none
doconfnp-1,TMA00316,Nonpeptidergic nociceptors,False,False,False,none
dodfgckn-1,TMA00316,CGRP-Zeta,False,False,False,none
dodhadhc-1,TMA00316,CGRP-Gamma 2,False,False,False,none
dodlihfb-1,TMA00316,CGRP-Eta,False,False,False,none
dodliilp-1,TMA00316,Nonpeptidergic nociceptors,False,False,False,none
doekjani-1,TMA00316,CGRP-Gamma 1,False,False,False,none
doeojdho-1,TMA00316,Nonpeptidergic nociceptors,False,False,False,none
dofcilhk-1,TMA00316,CGRP-Theta,False,False,False,none
dogbphbf-1,TMA00316,CGRP-Gamma 1,False,False,False,none
dogcffdh-1,TMA00316,CGRP-Gamma 1,False,False,False,none
doiebnjn-1,TMA00316,CGRP-Beta,False,False,False,none
doifiloa-1,TMA00316,TrpM8,False,False,False,none
doilhkca-1,TMA00316,CGRP-Gamma 1,False,False,False,none
doipgfop-1,TMA00316,CGRP-Beta,False,False,False,none
dojfneni-1,TMA00316,CGRP-Beta,False,False,False,none
dojmdoep-1,TMA00316,CGRP-Gamma 1,False,False,False,none
doldfcan-1,TMA00316,CGRP-Zeta,False,False,False,none
doliilhi-1,TMA00316,CGRP-Epsilion,False,False,False,none
domdfaaa-1,TMA00316,CGRP-Alpha,False,False,False,none
domiglkm-1,TMA00316,CGRP-Gamma 1,False,False,False,none
domjniol-1,TMA00316,CGRP-Zeta,False,False,False,none
donpkddn-1,TMA00316,CGRP-Gamma 2,False,False,False,none
doodenfm-1,TMA00316,CGRP-Gamma 2,False,False,False,none
doohlmbd-1,TMA00316,CGRP-Gamma 2,False,False,False,none
doomokig-1,TMA00316,Nonpeptidergic nociceptors,False,False,False,none
dopjjcko-1,TMA00316,CGRP-Theta,False,False,False,none
dopojmlc-1,TMA00316,CGRP-Alpha,False,False,False,none
dpaeliim-1,TMA00316,Nonpeptidergic nociceptors,False,False,False,none
dpaeonie-1,TMA00316,CGRP-Alpha,False,False,False,none
dpaiapfe-1,TMA00316,Nonpeptidergic nociceptors,False,False,False,none
dpamfkob-1,TMA00316,CGRP-Eta,False,False,False,none
dpapednl-1,TMA00316,CGRP-Eta,False,False,False,none
dpcaglgd-1,TMA00316,CGRP-Gamma 1,False,False,False,none
dpccfmoo-1,TMA00316,Nonpeptidergic nociceptors,False,False,False,none
dpcgnpfg-1,TMA00316,Nonpeptidergic nociceptors,False,False,False,none
dpeacjdf-1,TMA00316,CGRP-Theta,False,False,False,none
dpegkldg-1,TMA00316,CGRP-Theta,False,False,False,none
dpekfncb-1,TMA00316,Nonpeptidergic nociceptors,False,False,False,none
dpenonjc-1,TMA00316,Nonpeptidergic nociceptors,False,False,False,none
dpeoolmj-1,TMA00316,Nonpeptidergic nociceptors,False,False,False,none
dpfmdpna-1,TMA00316,Nonpeptidergic nociceptors,False,False,False,none
dpfokkai-1,TMA00316,CGRP-Gamma 1,False,False,False,none
dpggodnb-1,TMA00316,CGRP-Alpha,False,False,False,none
dpghkgpk-1,TMA00316,C-LTMR,False,False,False,none
dpgnkaab-1,TMA00316,CGRP-Theta,False,False,False,none
dphhgfib-1,TMA00316,CGRP-Gamma 1,False,False,False,none
dphknlji-1,TMA00316,Sst,False,False,False,none
dphmfihh-1,TMA00316,Proprioceptors,False,False,False,none
dphoehkb-1,TMA00316,CGRP-Zeta,False,False,False,none
dpiabfcj-1,TMA00316,C-LTMR,False,False,False,none
dpibcgle-1,TMA00316,C-LTMR,False,False,False,none
dpikajhg-1,TMA00316,Sst,False,False,False,none
dpimbnnj-1,TMA00316,Abeta-Field,False,False,False,none
dpjidnip-1,TMA00316,CGRP-Gamma 1,False,False,False,none
dpjpijna-1,TMA00316,CGRP-Gamma 1,False,False,False,none
dpkbeppa-1,TMA00316,CGRP-Gamma 1,False,False,False,none
dpkbgheo-1,TMA00316,Sst,False,False,False,none
dpkkbgmb-1,TMA00316,CGRP-Theta,False,False,False,none
dpldlgbm-1,TMA00316,TrpM8,False,False,False,none
dplipibk-1,TMA00316,CGRP-Eta,False,False,False,none
dpljmncn-1,TMA00316,C-LTMR,False,False,False,none
dplkmmhn-1,TMA00316,CGRP-Gamma 1,False,False,False,none
dplkpnhf-1,TMA00316,CGRP-Gamma 1,False,False,False,none
dplkpooi-1,TMA00316,CGRP-Alpha,False,False,False,none
dpllpcpa-1,TMA00316,CGRP-Beta,False,False,False,none
dplmgnmi-1,TMA00316,CGRP-Gamma 1,False,False,False,none
dplplohd-1,TMA00316,Nonpeptidergic nociceptors,False,False,False,none
dpmapibe-1,TMA00316,C-LTMR,False,False,False,none
dpmbeegh-1,TMA00316,CGRP-Zeta,False,False,False,none
dpmlgmda-1,TMA00316,CGRP-Gamma 1,False,False,False,none
dpmonkdd-1,TMA00316,CGRP-Zeta,False,False,False,none
dpnapike-1,TMA00316,CGRP-Epsilion,False,False,False,none
dpndophp-1,TMA00316,CGRP-Eta,False,False,False,none
dpndpppi-1,TMA00316,CGRP-Eta,False,False,False,none
dpnohggf-1,TMA00316,CGRP-Gamma 1,False,False,False,none
dpoflkma-1,TMA00316,CGRP-Eta,False,False,False,none
dppgaeag-1,TMA00316,Sst,False,False,False,none
eaafgbkk-1,TMA00316,Sst,False,False,False,none
eaahpcie-1,TMA00316,Sst,False,False,False,none
eabdlmgp-1,TMA00316,CGRP-Gamma 1,False,False,False,none
eabeajij-1,TMA00316,CGRP-Gamma 1,False,False,False,none
eakgkpho-1,TMA00316,CGRP-Gamma 2,False,False,False,none
ealenllc-1,TMA00316,CGRP-Gamma 1,False,False,False,none
ebfehbmj-1,TMA00316,Abeta-Field,False,False,False,none
ebfnaefk-1,TMA00316,Abeta-Field,False,False,False,none
ebgacoic-1,TMA00316,Nonpeptidergic nociceptors,False,False,False,none
ebgahmkk-1,TMA00316,CGRP-Eta,False,False,False,none
ebgnhjce-1,TMA00316,Abeta-RA-LTMR,False,False,False,none
ebgphphj-1,TMA00316,CGRP-Eta,False,False,False,none
ebhcgagn-1,TMA00316,Nonpeptidergic nociceptors,False,False,False,none
ebidehol-1,TMA00316,Nonpeptidergic nociceptors,False,False,False,none
ebiiefnj-1,TMA00316,CGRP-Gamma 1,False,False,False,none
ebimkeid-1,TMA00316,CGRP-Gamma 1,False,False,False,none
ebimlfkg-1,TMA00316,Nonpeptidergic nociceptors,False,False,False,none
ebkcegpa-1,TMA00316,CGRP-Eta,False,False,False,none
ebllkpca-1,TMA00316,CGRP-Gamma 1,False,False,False,none
ebmfkdbb-1,TMA00316,Nonpeptidergic nociceptors,False,False,False,none
ebmfmddi-1,TMA00316,Nonpeptidergic nociceptors,False,False,False,none
ecpaelgm-1,TMA00316,Abeta-Field,False,False,False,none
edangeoo-1,TMA00316,CGRP-Gamma 1,False,False,False,none
edaofmde-1,TMA00316,CGRP-Theta,False,False,False,none
edbhgfab-1,TMA00316,CGRP-Eta,False,False,False,none
edbpkilm-1,TMA00316,CGRP-Eta,False,False,False,none
edccnoff-1,TMA00316,CGRP-Gamma 1,False,False,False,none
edcdojhf-1,TMA00316,CGRP-Theta,False,False,False,none
edddmnhp-1,TMA00316,CGRP-Zeta,False,False,False,none
edeiheap-1,TMA00316,CGRP-Gamma 1,False,False,False,none
edekajpd-1,TMA00316,CGRP-Gamma 1,False,False,False,none
edgabica-1,TMA00316,C-LTMR,False,False,False,none
edgdbglb-1,TMA00316,CGRP-Gamma 1,False,False,False,none
edgnlcmh-1,TMA00316,CGRP-Eta,False,False,False,none
edhndboc-1,TMA00316,CGRP-Gamma 1,False,False,False,none
ediapopj-1,TMA00316,Sst,False,False,False,none
ediclfmj-1,TMA00316,CGRP-Gamma 1,False,False,False,none
edidapik-1,TMA00316,Sst,False,False,False,none
ediflbkm-1,TMA00316,CGRP-Gamma 1,False,False,False,none
ediojcnn-1,TMA00316,CGRP-Eta,False,False,False,none
edjelcnk-1,TMA00316,Nonpeptidergic nociceptors,False,False,False,none
edjfmepf-1,TMA00316,Nonpeptidergic nociceptors,False,False,False,none
edjkicia-1,TMA00316,CGRP-Gamma 1,False,False,False,none
edjmpejf-1,TMA00316,CGRP-Beta,False,False,False,none
edoicohp-1,TMA00316,CGRP-Eta,False,False,False,none
edpjjfgi-1,TMA00316,CGRP-Eta,False,False,False,none
edpnnfff-1,TMA00316,CGRP-Gamma 1,False,False,False,none
eeaakapf-1,TMA00316,CGRP-Gamma 1,False,False,False,none
eeaohafm-1,TMA00316,CGRP-Theta,False,False,False,none
eebcfomg-1,TMA00316,Abeta-Field,False,False,False,none
eeccgigg-1,TMA00316,CGRP-Gamma 1,False,False,False,none
eefflcgm-1,TMA00316,TrpM8,False,False,False,none
eefkgenc-1,TMA00316,CGRP-Gamma 1,False,False,False,none
eefpeeak-1,TMA00316,CGRP-Gamma 1,False,False,False,none
eefpocfd-1,TMA00316,CGRP-Gamma 1,False,False,False,none
eeggglab-1,TMA00316,CGRP-Alpha,False,False,False,none
eegmlemh-1,TMA00316,CGRP-Gamma 1,False,False,False,none
eehhapmg-1,TMA00316,CGRP-Alpha,False,False,False,none
eehlhccb-1,TMA00316,Sst,False,False,False,none
eeidkebd-1,TMA00316,CGRP-Gamma 1,False,False,False,none
eeifiblj-1,TMA00316,Abeta-Field,False,False,False,none
eeiicnem-1,TMA00316,CGRP-Gamma 1,False,False,False,none
eeilmphn-1,TMA00316,Proprioceptors,False,False,False,none
eejdelad-1,TMA00316,CGRP-Gamma 1,False,False,False,none
eejdoeoj-1,TMA00316,C-LTMR,False,False,False,none
eejeadmo-1,TMA00316,CGRP-Alpha,False,False,False,none
eejibjjf-1,TMA00316,Sst,False,False,False,none
eejiciib-1,TMA00316,CGRP-Gamma 1,False,False,False,none
eejlpahk-1,TMA00316,CGRP-Epsilion,False,False,False,none
eejnnlmk-1,TMA00316,CGRP-Epsilion,False,False,False,none
eekcjmcc-1,TMA00316,CGRP-Gamma 1,False,False,False,none
eekdhchc-1,TMA00316,CGRP-Gamma 2,False,False,False,none
eelcaamk-1,TMA00316,CGRP-Theta,False,False,False,none
eelcamoc-1,TMA00316,Nonpeptidergic nociceptors,False,False,False,none
eelcecjd-1,TMA00316,Nonpeptidergic nociceptors,False,False,False,none
eellglhp-1,TMA00316,CGRP-Zeta,False,False,False,none
eemiefjc-1,TMA00316,CGRP-Theta,False,False,False,none
eemoppji-1,TMA00316,Nonpeptidergic nociceptors,False,False,False,none
eenleoel-1,TMA00316,CGRP-Gamma 1,False,False,False,none
eenmiind-1,TMA00316,Nonpeptidergic nociceptors,False,False,False,none
eennkfnc-1,TMA00316,CGRP-Gamma 1,False,False,False,none
eeojjgcm-1,TMA00316,CGRP-Gamma 1,False,False,False,none
efegamkl-1,TMA00316,CGRP-Gamma 1,False,False,False,none
efeheooc-1,TMA00316,CGRP-Gamma 1,False,False,False,none
efennpbm-1,TMA00316,CGRP-Gamma 1,False,False,False,none
effamcmg-1,TMA00316,CGRP-Eta,False,False,False,none
efffdmcg-1,TMA00316,Abeta-Field,False,False,False,none
efjbfmnd-1,TMA00316,C-LTMR,False,False,False,none
eggieden-1,TMA00316,Nonpeptidergic nociceptors,False,False,False,none
ehgdgleb-1,TMA00316,CGRP-Eta,False,False,False,none
ehgpjdaf-1,TMA00316,CGRP-Gamma 1,False,False,False,none
ehhdbjbj-1,TMA00316,Nonpeptidergic nociceptors,False,False,False,none
ehhdkihg-1,TMA00316,Nonpeptidergic nociceptors,False,False,False,none
ehhgmfmk-1,TMA00316,Sst,False,False,False,none
ehhhomep-1,TMA00316,Sst,False,False,False,none
ehhjgcfp-1,TMA00316,Nonpeptidergic nociceptors,False,False,False,none
ehjekinj-1,TMA00316,Sst,False,False,False,none
ehjjdibl-1,TMA00316,Nonpeptidergic nociceptors,False,False,False,none
ehjmepdh-1,TMA00316,Nonpeptidergic nociceptors,False,False,False,none
ehkbildi-1,TMA00316,Nonpeptidergic nociceptors,False,False,False,none
ehliokef-1,TMA00316,Sst,False,False,False,none
eibjbjjk-1,TMA00316,Proprioceptors,False,False,False,none
eiehckeo-1,TMA00316,Proprioceptors,False,False,False,none
eiemmgme-1,TMA00316,TrpM8,False,False,False,none
eiepknec-1,TMA00316,TrpM8,False,False,False,none
eifglodo-1,TMA00316,TrpM8,False,False,False,none
eifmllhp-1,TMA00316,Nonpeptidergic nociceptors,False,False,False,none
eifnfacb-1,TMA00316,Nonpeptidergic nociceptors,False,False,False,none
eifniemd-1,TMA00316,CGRP-Gamma 2,False,False,False,none
eifpcjpf-1,TMA00316,CGRP-Eta,False,False,False,none
eifpgelh-1,TMA00316,Abeta-Field,False,False,False,none
eigaibij-1,TMA00316,Abeta-Field,False,False,False,none
eigoeppl-1,TMA00316,CGRP-Eta,False,False,False,none
eihcdnmj-1,TMA00316,CGRP-Gamma 1,False,False,False,none
eihdipkn-1,TMA00316,C-LTMR,False,False,False,none
eiibfbie-1,TMA00316,CGRP-Theta,False,False,False,none
eiiehkcn-1,TMA00316,CGRP-Eta,False,False,False,none
eilgaceg-1,TMA00316,CGRP-Gamma 1,False,False,False,none
eimcgkef-1,TMA00316,TrpM8,False,False,False,none
einfbanm-1,TMA00316,TrpM8,False,False,False,none
einfpnod-1,TMA00316,Nonpeptidergic nociceptors,False,False,False,none
eingfpjg-1,TMA00316,CGRP-Gamma 1,False,False,False,none
einhmnil-1,TMA00316,TrpM8,False,False,False,none
eioejgbk-1,TMA00316,Nonpeptidergic nociceptors,False,False,False,none
eioejogl-1,TMA00316,CGRP-Alpha,False,False,False,none
eiogieal-1,TMA00316,CGRP-Gamma 1,False,False,False,none
eiojgdjf-1,TMA00316,Sst,False,False,False,none
eiojncco-1,TMA00316,CGRP-Gamma 1,False,False,False,none
eiommacm-1,TMA00316,Nonpeptidergic nociceptors,False,False,False,none
eioogach-1,TMA00316,Nonpeptidergic nociceptors,False,False,False,none
eioohiob-1,TMA00316,CGRP-Gamma 1,False,False,False,none
eipfebke-1,TMA00316,CGRP-Gamma 1,False,False,False,none
eipfeppg-1,TMA00316,CGRP-Gamma 1,False,False,False,none
eipkobid-1,TMA00316,Nonpeptidergic nociceptors,False,False,False,none
eiplhhgb-1,TMA00316,Nonpeptidergic nociceptors,False,False,False,none
eipmfkoa-1,TMA00316,Nonpeptidergic nociceptors,False,False,False,none
eipmghcd-1,TMA00316,Nonpeptidergic nociceptors,False,False,False,none
ejagjajn-1,TMA00316,Nonpeptidergic nociceptors,False,False,False,none
ejaihdmi-1,TMA00316,Nonpeptidergic nociceptors,False,False,False,none
ejajknnc-1,TMA00316,Nonpeptidergic nociceptors,False,False,False,none
ejakabjn-1,TMA00316,Nonpeptidergic nociceptors,False,False,False,none
ejakdpka-1,TMA00316,Nonpeptidergic nociceptors,False,False,False,none
ejapbnkj-1,TMA00316,Nonpeptidergic nociceptors,False,False,False,none
ejbapcch-1,TMA00316,Nonpeptidergic nociceptors,False,False,False,none
ejbbfcji-1,TMA00316,CGRP-Theta,False,False,False,none
ejbgmcia-1,TMA00316,Nonpeptidergic nociceptors,False,False,False,none
ejbgogjn-1,TMA00316,Nonpeptidergic nociceptors,False,False,False,none
ejbkphan-1,TMA00316,CGRP-Theta,False,False,False,none
ejbnifak-1,TMA00316,CGRP-Theta,False,False,False,none
ejckipmn-1,TMA00316,CGRP-Eta,False,False,False,none
ejckknbj-1,TMA00316,TrpM8,False,False,False,none
ejdeikok-1,TMA00316,CGRP-Eta,False,False,False,none
ejdhldil-1,TMA00316,Nonpeptidergic nociceptors,False,False,False,none
ejdjdbof-1,TMA00316,C-LTMR,False,False,False,none
ejdjjeek-1,TMA00316,C-LTMR,False,False,False,none
ejdpbfhl-1,TMA00316,C-LTMR,False,False,False,none
ejecmmpe-1,TMA00316,TrpM8,False,False,False,none
ejekcaei-1,TMA00316,Nonpeptidergic nociceptors,False,False,False,none
ejeongmf-1,TMA00316,Nonpeptidergic nociceptors,False,False,False,none
ejfalooh-1,TMA00316,TrpM8,False,False,False,none
ejfbfobm-1,TMA00316,CGRP-Zeta,False,False,False,none
ejfecoln-1,TMA00316,Nonpeptidergic nociceptors,False,False,False,none
ejfikhei-1,TMA00316,CGRP-Gamma 1,False,False,False,none
ejfjdnph-1,TMA00316,CGRP-Gamma 1,False,False,False,none
ejfjmdjn-1,TMA00316,CGRP-Alpha,False,False,False,none
ejhkdhbg-1,TMA00316,Sst,False,False,False,none
ejhomgmd-1,TMA00316,CGRP-Alpha,False,False,False,none
ejhpaelf-1,TMA00316,TrpM8,False,False,False,none
ejhpleid-1,TMA00316,Sst,False,False,False,none
ejianmba-1,TMA00316,Sst,False,False,False,none
ejifafln-1,TMA00316,TrpM8,False,False,False,none
ejifjnmf-1,TMA00316,CGRP-Gamma 2,False,False,False,none
ejmgbmja-1,TMA00316,CGRP-Alpha,False,False,False,none
ejnciiee-1,TMA00316,CGRP-Gamma 1,False,False,False,none
ejnpfbpb-1,TMA00316,C-LTMR,False,False,False,none
ejoamnpb-1,TMA00316,TrpM8,False,False,False,none
ejobkgog-1,TMA00316,CGRP-Alpha,False,False,False,none
ekdbbcii-1,TMA00316,CGRP-Zeta,False,False,False,none
ekdepndc-1,TMA00316,CGRP-Epsilion,False,False,False,none
ekoodjln-1,TMA00316,CGRP-Theta,False,False,False,none
enncejcb-1,TMA00316,Nonpeptidergic nociceptors,False,False,False,none
ennciohe-1,TMA00316,CGRP-Gamma 2,False,False,False,none
enndnlge-1,TMA00316,Nonpeptidergic nociceptors,False,False,False,none
ennkbiib-1,TMA00316,Nonpeptidergic nociceptors,False,False,False,none
enpcdpal-1,TMA00316,TrpM8,False,False,False,none
enpjoifc-1,TMA00316,CGRP-Eta,False,False,False,none
enppagfg-1,TMA00316,CGRP-Gamma 1,False,False,False,none
enppjllo-1,TMA00316,CGRP-Eta,False,False,False,none
eobcoiof-1,TMA00316,CGRP-Gamma 1,False,False,False,none
eocojbcn-1,TMA00316,CGRP-Gamma 1,False,False,False,none
eodbcdeg-1,TMA00316,CGRP-Gamma 1,False,False,False,none
eodclcfn-1,TMA00316,CGRP-Gamma 1,False,False,False,none
eodlnamm-1,TMA00316,TrpM8,False,False,False,none
eodmiehc-1,TMA00316,Nonpeptidergic nociceptors,False,False,False,none
eodogjcp-1,TMA00316,CGRP-Alpha,False,False,False,none
eoeiaddp-1,TMA00316,CGRP-Eta,False,False,False,none
eoekbnjd-1,TMA00316,CGRP-Epsilion,False,False,False,none
eoenhkon-1,TMA00316,CGRP-Gamma 1,False,False,False,none
eoenmlaf-1,TMA00316,TrpM8,False,False,False,none
eofapbfd-1,TMA00316,Nonpeptidergic nociceptors,False,False,False,none
eofbecge-1,TMA00316,Nonpeptidergic nociceptors,False,False,False,none
eofbefnh-1,TMA00316,C-LTMR,False,False,False,none
eoibbeko-1,TMA00316,C-LTMR,False,False,False,none
eoidgdap-1,TMA00316,C-LTMR,False,False,False,none
eojaldll-1,TMA00316,Nonpeptidergic nociceptors,False,False,False,none
eojfijcl-1,TMA00316,Sst,False,False,False,none
eojhcjhe-1,TMA00316,Abeta-Field,False,False,False,none
eojhglik-1,TMA00316,Nonpeptidergic nociceptors,False,False,False,none
eojofcab-1,TMA00316,Proprioceptors,False,False,False,none
epcngfad-1,TMA00316,CGRP-Zeta,False,False,False,none
epdfbeab-1,TMA00316,Nonpeptidergic nociceptors,False,False,False,none
epeabmim-1,TMA00316,CGRP-Zeta,False,False,False,none
epefebpi-1,TMA00316,Nonpeptidergic nociceptors,False,False,False,none
epegjpbg-1,TMA00316,Nonpeptidergic nociceptors,False,False,False,none
epegkhan-1,TMA00316,Nonpeptidergic nociceptors,False,True,False,dTomato_Seq2_hi
epemappf-1,TMA00316,Nonpeptidergic nociceptors,False,False,False,none
epfbdjeo-1,TMA00316,TrpM8,False,False,False,none
epgcahkj-1,TMA00316,Nonpeptidergic nociceptors,False,False,False,none
epgggbjg-1,TMA00316,Abeta-RA-LTMR,False,False,False,none
epggjpfe-1,TMA00316,Nonpeptidergic nociceptors,False,False,False,none
epgkenpc-1,TMA00316,Proprioceptors,False,False,False,none
epheooco-1,TMA00316,Nonpeptidergic nociceptors,False,False,False,none
ephlcjje-1,TMA00316,Nonpeptidergic nociceptors,False,False,False,none
epjcdgoc-1,TMA00316,Nonpeptidergic nociceptors,False,False,False,none
epjdhlfi-1,TMA00316,Nonpeptidergic nociceptors,False,False,False,none
epjkhafd-1,TMA00316,TrpM8,False,False,False,none
epjmjhcc-1,TMA00316,CGRP-Beta,False,False,False,none
epkbnoci-1,TMA00316,CGRP-Alpha,False,False,False,none
epkfncbn-1,TMA00316,Nonpeptidergic nociceptors,False,False,False,none
epkjedmh-1,TMA00316,Nonpeptidergic nociceptors,False,False,False,none
eplhjgdf-1,TMA00316,Nonpeptidergic nociceptors,False,False,False,none
epljagpf-1,TMA00316,Nonpeptidergic nociceptors,False,False,False,none
epljoibe-1,TMA00316,Proprioceptors,False,False,False,none
epmaadjd-1,TMA00316,Nonpeptidergic nociceptors,False,False,False,none
epmbgdjn-1,TMA00316,Nonpeptidergic nociceptors,False,False,False,none
epmbifpl-1,TMA00316,Sst,False,False,False,none
epmppecb-1,TMA00316,Nonpeptidergic nociceptors,False,False,False,none
epodpooi-1,TMA00316,Nonpeptidergic nociceptors,False,False,False,none
epoknigp-1,TMA00316,Proprioceptors,False,False,False,none
fabbnpcp-1,TMA00316,TrpM8,False,False,False,none
fabcejeo-1,TMA00316,Nonpeptidergic nociceptors,False,False,False,none
fabmbgcc-1,TMA00316,TrpM8,False,False,False,none
faccdmno-1,TMA00316,Sst,False,False,False,none
faclgojb-1,TMA00316,C-LTMR,False,False,False,none
fadcofbi-1,TMA00316,Sst,False,False,False,none
fadconhk-1,TMA00316,Sst,False,False,False,none
faddbidf-1,TMA00316,CGRP-Epsilion,False,False,False,none
faecohmn-1,TMA00316,CGRP-Gamma 1,False,False,False,none
faekpmfd-1,TMA00316,CGRP-Gamma 1,False,False,False,none
faeoloej-1,TMA00316,Sst,False,False,False,none
fafbbjil-1,TMA00316,Sst,False,False,False,none
fafffgef-1,TMA00316,Sst,False,False,False,none
fafocbga-1,TMA00316,Sst,False,False,False,none
fafokobl-1,TMA00316,Sst,False,False,False,none
fagcfcif-1,TMA00316,Sst,False,False,False,none
fagdjadg-1,TMA00316,CGRP-Alpha,False,False,False,none
fagogiee-1,TMA00316,CGRP-Zeta,False,False,False,none
fahgakgo-1,TMA00316,Nonpeptidergic nociceptors,False,False,False,none
fahhbkkl-1,TMA00316,Nonpeptidergic nociceptors,False,False,False,none
fahmllpe-1,TMA00316,Nonpeptidergic nociceptors,False,False,False,none
fahnpnla-1,TMA00316,Sst,False,False,False,none
fahofhel-1,TMA00316,Sst,False,False,False,none
faiccllf-1,TMA00316,Sst,False,False,False,none
faicpkkl-1,TMA00316,Sst,False,False,False,none
faimemkf-1,TMA00316,Sst,False,False,False,none
fakdcgig-1,TMA00316,CGRP-Alpha,False,False,False,none
fakjdnfa-1,TMA00316,Sst,False,False,False,none
falgianf-1,TMA00316,CGRP-Gamma 1,False,False,False,none
famalecf-1,TMA00316,Sst,False,False,False,none
famknkfp-1,TMA00316,Sst,False,False,False,none
fanadplc-1,TMA00316,Sst,False,False,False,none
fancgeae-1,TMA00316,CGRP-Theta,False,False,False,none
fanclkhp-1,TMA00316,Sst,False,False,False,none
fanjdldg-1,TMA00316,Sst,False,False,False,none
faplfjaj-1,TMA00316,Sst,False,False,False,none
fbdfjcgf-1,TMA00316,Nonpeptidergic nociceptors,False,False,False,none
fbdmggcp-1,TMA00316,Nonpeptidergic nociceptors,False,False,False,none
fbdmhiom-1,TMA00316,Sst,False,False,False,none
fbdomkki-1,TMA00316,Sst,False,False,False,none
fbemhffo-1,TMA00316,Nonpeptidergic nociceptors,False,False,False,none
fbepnbop-1,TMA00316,CGRP-Eta,False,False,False,none
fbfgelik-1,TMA00316,Nonpeptidergic nociceptors,False,False,False,none
fbfhhaaf-1,TMA00316,Nonpeptidergic nociceptors,False,False,False,none
fbfjaelg-1,TMA00316,Nonpeptidergic nociceptors,False,False,False,none
fbfopeel-1,TMA00316,Nonpeptidergic nociceptors,False,False,False,none
fbgejfjm-1,TMA00316,Nonpeptidergic nociceptors,False,False,False,none
fbgnelgm-1,TMA00316,TrpM8,False,False,False,none
fbhoceoe-1,TMA00316,CGRP-Epsilion,False,False,False,none
fbicmfgo-1,TMA00316,CGRP-Alpha,False,False,False,none
fbieddni-1,TMA00316,Proprioceptors,False,False,False,none
fbikmhdg-1,TMA00316,CGRP-Alpha,False,False,False,none
fbipkinf-1,TMA00316,CGRP-Alpha,False,False,False,none
fbjcgedc-1,TMA00316,CGRP-Gamma 1,False,False,False,none
fbjdcgjc-1,TMA00316,Nonpeptidergic nociceptors,False,False,False,none
fbjiecdd-1,TMA00316,Nonpeptidergic nociceptors,False,False,False,none
fbnbfpeo-1,TMA00316,CGRP-Eta,False,False,False,none
fbndefdf-1,TMA00316,Nonpeptidergic nociceptors,False,False,False,none
fbnhnacl-1,TMA00316,Nonpeptidergic nociceptors,False,False,False,none
fbnldaic-1,TMA00316,Nonpeptidergic nociceptors,False,False,False,none
fbopijjk-1,TMA00316,CGRP-Eta,True,False,False,EGFP_Seq1_hi
fbphhokg-1,TMA00316,Nonpeptidergic nociceptors,False,False,False,none
fbpkbkhf-1,TMA00316,Nonpeptidergic nociceptors,False,False,False,none
fbpkilli-1,TMA00316,Nonpeptidergic nociceptors,False,False,False,none
fbpldipc-1,TMA00316,CGRP-Epsilion,False,False,False,none
fbploddd-1,TMA00316,Nonpeptidergic nociceptors,False,False,False,none
fbpmnicc-1,TMA00316,CGRP-Eta,False,False,False,none
fcacgihk-1,TMA00316,Nonpeptidergic nociceptors,False,False,False,none
fcadcchf-1,TMA00316,CGRP-Theta,False,False,False,none
fcaeokcm-1,TMA00316,CGRP-Theta,False,False,False,none
fcakgflp-1,TMA00316,CGRP-Zeta,False,False,False,none
fcangmnc-1,TMA00316,Sst,False,False,False,none
fcaojlpe-1,TMA00316,Abeta-Field,False,False,False,none
fcbfgicb-1,TMA00316,Sst,False,False,False,none
fcgoddaa-1,TMA00316,Nonpeptidergic nociceptors,False,False,False,none
fchbnfdh-1,TMA00316,Nonpeptidergic nociceptors,False,False,False,none
fciadiko-1,TMA00316,Adelta-LTMR,False,False,False,none
fcjfdccj-1,TMA00316,Adelta-LTMR,False,False,False,none
fckmobfd-1,TMA00316,CGRP-Zeta,False,False,False,none
fcknjlid-1,TMA00316,CGRP-Zeta,False,False,False,none
fckpjjlk-1,TMA00316,C-LTMR,False,False,False,none
fdheilnl-1,TMA00316,Abeta-RA-LTMR,False,False,False,none
fdhighpj-1,TMA00316,Nonpeptidergic nociceptors,False,False,False,none
fdhjlkii-1,TMA00316,Nonpeptidergic nociceptors,False,False,False,none
fdhlahdk-1,TMA00316,Abeta-Field,False,False,False,none
fdindcmn-1,TMA00316,CGRP-Zeta,False,False,False,none
fdiopcll-1,TMA00316,Abeta-Field,False,False,False,none
fdjcfedh-1,TMA00316,Nonpeptidergic nociceptors,False,False,False,none
fdjlbpbf-1,TMA00316,CGRP-Zeta,False,False,False,none
fdjpgchh-1,TMA00316,TrpM8,False,False,False,none
fdkbphok-1,TMA00316,CGRP-Gamma 1,False,False,False,none
fdkneedp-1,TMA00316,Abeta-Field,False,False,False,none
fdlknpkb-1,TMA00316,Abeta-RA-LTMR,False,False,False,none
fdlkolnj-1,TMA00316,Sst,False,False,False,none
fdlnagil-1,TMA00316,TrpM8,False,False,False,none
fdmgdhen-1,TMA00316,Sst,False,False,False,none
fdmikceb-1,TMA00316,CGRP-Theta,False,False,False,none
fdmobnli-1,TMA00316,Adelta-LTMR,False,False,False,none
fdnfinlo-1,TMA00316,Sst,False,False,False,none
fdoplpme-1,TMA00316,CGRP-Theta,False,False,False,none
fdpacnbm-1,TMA00316,CGRP-Theta,False,False,False,none
fdpdlebf-1,TMA00316,CGRP-Theta,False,False,False,none
fdpenonc-1,TMA00316,CGRP-Zeta,False,False,False,none
fdpffmko-1,TMA00316,CGRP-Zeta,False,False,False,none
feakpfop-1,TMA00316,TrpM8,False,False,False,none
fekkfpog-1,TMA00316,Nonpeptidergic nociceptors,False,False,False,none
feladblb-1,TMA00316,Nonpeptidergic nociceptors,False,False,False,none
feljihhn-1,TMA00316,Abeta-RA-LTMR,False,False,False,none
felmjjol-1,TMA00316,Proprioceptors,False,False,False,none
felpgghh-1,TMA00316,CGRP-Zeta,False,False,False,none
femenlkh-1,TMA00316,Nonpeptidergic nociceptors,False,False,False,none
femidcfj-1,TMA00316,Proprioceptors,False,False,False,none
fenfdhoc-1,TMA00316,CGRP-Eta,False,False,False,none
fengmhia-1,TMA00316,CGRP-Eta,False,False,False,none
fenkacja-1,TMA00316,CGRP-Zeta,False,False,False,none
fenllbdb-1,TMA00316,CGRP-Gamma 1,False,False,False,none
fenmldoj-1,TMA00316,Nonpeptidergic nociceptors,False,False,False,none
fennckda-1,TMA00316,CGRP-Theta,False,False,False,none
fenpacpl-1,TMA00316,CGRP-Theta,False,False,False,none
feoelmed-1,TMA00316,TrpM8,False,False,False,none
feoiefoi-1,TMA00316,TrpM8,False,False,False,none
feokjklj-1,TMA00316,Nonpeptidergic nociceptors,False,False,False,none
feomaghl-1,TMA00316,Nonpeptidergic nociceptors,False,False,False,none
feonoffo-1,TMA00316,Nonpeptidergic nociceptors,False,False,False,none
feoofgpp-1,TMA00316,Nonpeptidergic nociceptors,False,False,False,none
feoplbno-1,TMA00316,Nonpeptidergic nociceptors,False,False,False,none
fepmncim-1,TMA00316,Nonpeptidergic nociceptors,False,False,False,none
ffaaacen-1,TMA00316,Nonpeptidergic nociceptors,False,False,False,none
ffacekai-1,TMA00316,CGRP-Theta,False,False,False,none
ffadkhfn-1,TMA00316,CGRP-Gamma 1,False,False,False,none
ffamhkgd-1,TMA00316,Nonpeptidergic nociceptors,False,False,False,none
ffbmooah-1,TMA00316,CGRP-Gamma 1,False,False,False,none
ffcebhod-1,TMA00316,CGRP-Eta,False,False,False,none
ffdfgmdb-1,TMA00316,Nonpeptidergic nociceptors,False,False,False,none
ffdgmlmm-1,TMA00316,Nonpeptidergic nociceptors,False,False,False,none
ffdkfoaj-1,TMA00316,Nonpeptidergic nociceptors,False,False,False,none
ffdpjbik-1,TMA00316,CGRP-Gamma 1,False,False,False,none
fffielke-1,TMA00316,CGRP-Gamma 1,False,False,False,none
fffilgad-1,TMA00316,Nonpeptidergic nociceptors,False,False,False,none
fffkapep-1,TMA00316,CGRP-Eta,False,False,False,none
ffflemog-1,TMA00316,CGRP-Gamma 1,False,False,False,none
ffflnmkh-1,TMA00316,Nonpeptidergic nociceptors,False,False,False,none
fffpcmgb-1,TMA00316,Sst,False,False,False,none
fffpllbd-1,TMA00316,Sst,False,False,False,none
ffgeikid-1,TMA00316,Proprioceptors,False,False,False,none
ffggjcae-1,TMA00316,Nonpeptidergic nociceptors,False,False,False,none
ffhfgkhg-1,TMA00316,CGRP-Gamma 1,False,False,False,none
ffhlkghh-1,TMA00316,Abeta-Field,False,False,False,none
ffhllned-1,TMA00316,Sst,False,False,False,none
ffhpgkfn-1,TMA00316,CGRP-Gamma 1,False,False,False,none
ffhpmfof-1,TMA00316,Abeta-Field,False,False,False,none
ffiecmgd-1,TMA00316,Nonpeptidergic nociceptors,False,False,False,none
ffjjblch-1,TMA00316,Nonpeptidergic nociceptors,False,False,False,none
ffjlmaii-1,TMA00316,Nonpeptidergic nociceptors,False,False,False,none
ffjmagge-1,TMA00316,Nonpeptidergic nociceptors,False,False,False,none
ffkgfcgj-1,TMA00316,Abeta-Field,False,False,False,none
fflajphj-1,TMA00316,Nonpeptidergic nociceptors,False,False,False,none
ffleahba-1,TMA00316,CGRP-Gamma 1,False,False,False,none
fflffann-1,TMA00316,Sst,False,False,False,none
fflflcgh-1,TMA00316,CGRP-Eta,False,False,False,none
ffljlikc-1,TMA00316,Nonpeptidergic nociceptors,False,False,False,none
fflmnifd-1,TMA00316,CGRP-Eta,False,False,False,none
fflnheaj-1,TMA00316,CGRP-Gamma 1,False,False,False,none
fflpdgpo-1,TMA00316,Adelta-LTMR,False,False,False,none
ffmgggke-1,TMA00316,Adelta-LTMR,False,False,False,none
ffmhafhi-1,TMA00316,Adelta-LTMR,False,False,False,none
ffmhgfli-1,TMA00316,Abeta-Field,False,False,False,none
ffmkllfa-1,TMA00316,Abeta-RA-LTMR,False,False,False,none
ffmpffeg-1,TMA00316,Proprioceptors,False,False,False,none
ffmphkmc-1,TMA00316,CGRP-Zeta,False,False,False,none
ffnhjobm-1,TMA00316,Sst,False,False,False,none
ffnloecj-1,TMA00316,CGRP-Gamma 1,False,False,False,none
fgabakke-1,TMA00316,CGRP-Alpha,False,False,False,none
fgabobbo-1,TMA00316,CGRP-Gamma 2,False,False,False,none
fgajdfjp-1,TMA00316,CGRP-Gamma 2,False,False,False,none
fgcgcgoj-1,TMA00316,TrpM8,False,False,False,none
fgcgfghp-1,TMA00316,TrpM8,False,False,False,none
fgcgnmbn-1,TMA00316,TrpM8,False,False,False,none
fgdhbjnm-1,TMA00316,CGRP-Alpha,False,False,False,none
fgffjbcm-1,TMA00316,CGRP-Gamma 1,False,False,False,none
fgfojphg-1,TMA00316,CGRP-Gamma 1,False,False,False,none
fgfpofcn-1,TMA00316,TrpM8,False,False,False,none
fggdhcjd-1,TMA00316,CGRP-Gamma 1,False,False,False,none
fggenmop-1,TMA00316,CGRP-Alpha,False,False,False,none
fghdamhn-1,TMA00316,CGRP-Gamma 1,False,False,False,none
fghfcaem-1,TMA00316,Nonpeptidergic nociceptors,False,False,False,none
fgifhfof-1,TMA00316,Nonpeptidergic nociceptors,False,False,False,none
fgilmjea-1,TMA00316,Nonpeptidergic nociceptors,False,False,False,none
fgjammll-1,TMA00316,CGRP-Theta,False,False,False,none
fgjjmlia-1,TMA00316,Sst,False,False,False,none
fgjnkbae-1,TMA00316,Nonpeptidergic nociceptors,False,False,False,none
fgkabidp-1,TMA00316,Abeta-Field,False,False,False,none
fgkapine-1,TMA00316,TrpM8,False,False,False,none
fgkapjff-1,TMA00316,Abeta-Field,False,False,False,none
fgkbbbdh-1,TMA00316,Abeta-Field,False,False,False,none
fgkgbpjk-1,TMA00316,CGRP-Theta,False,False,False,none
fgkghopd-1,TMA00316,CGRP-Theta,False,False,False,none
fgkgpomc-1,TMA00316,CGRP-Gamma 1,False,False,False,none
fglhelhl-1,TMA00316,Sst,False,False,False,none
fglijnck-1,TMA00316,Abeta-RA-LTMR,False,False,False,none
fgljibln-1,TMA00316,CGRP-Eta,False,False,False,none
fglodjkj-1,TMA00316,Abeta-RA-LTMR,False,False,False,none
fgmgnaoi-1,TMA00316,CGRP-Eta,False,False,False,none
fgmijmkl-1,TMA00316,Nonpeptidergic nociceptors,False,False,False,none
fgmoeooa-1,TMA00316,Sst,False,False,False,none
fgnnmhfj-1,TMA00316,CGRP-Theta,False,False,False,none
fgnnpolc-1,TMA00316,Sst,False,False,False,none
fgnpkbng-1,TMA00316,Sst,False,False,False,none
fgoabldd-1,TMA00316,Nonpeptidergic nociceptors,False,False,False,none
fgobbdll-1,TMA00316,C-LTMR,False,False,False,none
fhbinjdc-1,TMA00316,CGRP-Theta,False,False,False,none
fhceibhp-1,TMA00316,CGRP-Theta,False,False,False,none
fhdfofjl-1,TMA00316,Nonpeptidergic nociceptors,False,False,False,none
fhebgffb-1,TMA00316,CGRP-Gamma 1,False,False,False,none
fhedenhm-1,TMA00316,Sst,False,False,False,none
fhehmaka-1,TMA00316,Nonpeptidergic nociceptors,False,False,False,none
fhenebej-1,TMA00316,Sst,False,False,False,none
fhepjhfd-1,TMA00316,CGRP-Eta,False,False,False,none
fhgdcnji-1,TMA00316,Sst,False,False,False,none
fhgendge-1,TMA00316,Sst,False,False,False,none
fhhaallm-1,TMA00316,Sst,False,False,False,none
fhhepknd-1,TMA00316,CGRP-Alpha,False,False,False,none
fhhgjlng-1,TMA00316,CGRP-Epsilion,False,False,False,none
fhilpgag-1,TMA00316,Abeta-Field,False,False,False,none
fhiolfdf-1,TMA00316,CGRP-Zeta,False,False,False,none
fhjflpgo-1,TMA00316,Abeta-Field,False,False,False,none
fhjmmpom-1,TMA00316,Adelta-LTMR,False,False,False,none
fhkbhcbi-1,TMA00316,Abeta-RA-LTMR,False,False,False,none
fhkchfbj-1,TMA00316,CGRP-Zeta,False,False,False,none
fhkmmhlk-1,TMA00316,Sst,False,False,False,none
fhkpmmnn-1,TMA00316,CGRP-Theta,False,False,False,none
fhlakilm-1,TMA00316,Nonpeptidergic nociceptors,False,False,False,none
fhlbebij-1,TMA00316,Nonpeptidergic nociceptors,False,False,False,none
fhlbjmhd-1,TMA00316,Nonpeptidergic nociceptors,False,False,False,none
fhlpmpbo-1,TMA00316,Nonpeptidergic nociceptors,False,False,False,none
fhmdjgij-1,TMA00316,CGRP-Zeta,False,False,False,none
fhmhcfbp-1,TMA00316,CGRP-Zeta,False,False,False,none
fhmjacak-1,TMA00316,CGRP-Theta,False,False,False,none
fhmjbgno-1,TMA00316,CGRP-Zeta,False,False,False,none
fhmlhgbn-1,TMA00316,TrpM8,False,False,False,none
fhmmcabh-1,TMA00316,CGRP-Eta,False,False,False,none
fhmmigjc-1,TMA00316,CGRP-Zeta,False,False,False,none
fhnfjojd-1,TMA00316,Proprioceptors,False,False,False,none
fhnpnefp-1,TMA00316,CGRP-Zeta,False,False,False,none
fjdgdoge-1,TMA00316,CGRP-Zeta,False,False,False,none
fjdmdigj-1,TMA00316,Abeta-RA-LTMR,False,False,False,none
fjdphfeh-1,TMA00316,Abeta-RA-LTMR,False,False,False,none
fjefjmpo-1,TMA00316,Adelta-LTMR,False,False,False,none
fjfaidbf-1,TMA00316,CGRP-Gamma 2,False,False,False,none
fjfajmjd-1,TMA00316,Abeta-Field,False,False,False,none
fjfbpclh-1,TMA00316,CGRP-Gamma 1,False,False,False,none
fjfcabjg-1,TMA00316,Sst,False,False,False,none
fjfidbmo-1,TMA00316,Abeta-RA-LTMR,False,False,False,none
fjfnpcab-1,TMA00316,Proprioceptors,False,False,False,none
fjfobigl-1,TMA00316,CGRP-Epsilion,False,False,False,none
fjfpkioe-1,TMA00316,CGRP-Gamma 1,False,False,False,none
fjfppdgc-1,TMA00316,CGRP-Gamma 2,False,False,False,none
fjgdfacc-1,TMA00316,Proprioceptors,False,False,False,none
fjgfonih-1,TMA00316,Nonpeptidergic nociceptors,False,False,False,none
fjghecle-1,TMA00316,Nonpeptidergic nociceptors,False,False,False,none
fjgkkjfo-1,TMA00316,CGRP-Alpha,False,False,False,none
fjhbgikb-1,TMA00316,CGRP-Eta,False,False,False,none
fjhbmanl-1,TMA00316,CGRP-Alpha,False,False,False,none
fjhooahg-1,TMA00316,Nonpeptidergic nociceptors,False,False,False,none
fjjaiedn-1,TMA00316,Abeta-Field,False,False,False,none
fjjbemnl-1,TMA00316,Abeta-Field,False,False,False,none
fjjifjfk-1,TMA00316,CGRP-Zeta,False,False,False,none
fjjkfjog-1,TMA00316,Nonpeptidergic nociceptors,False,False,False,none
fjkdibhi-1,TMA00316,CGRP-Eta,False,False,False,none
fjkohbhl-1,TMA00316,CGRP-Zeta,False,False,False,none
fjlimegc-1,TMA00316,Abeta-RA-LTMR,False,False,False,none
fjlkiiko-1,TMA00316,Abeta-RA-LTMR,False,False,False,none
fjlnobfo-1,TMA00316,Abeta-RA-LTMR,False,False,False,none
fkjccbbf-1,TMA00316,CGRP-Gamma 1,False,False,False,none
fkjpbfpa-1,TMA00316,Nonpeptidergic nociceptors,False,False,False,none
fkkaagdk-1,TMA00316,Nonpeptidergic nociceptors,False,False,False,none
fkkooiin-1,TMA00316,CGRP-Gamma 1,False,False,False,none
fklhdggo-1,TMA00316,CGRP-Alpha,False,False,False,none
fklipflj-1,TMA00316,CGRP-Alpha,False,False,False,none
fkllfhaf-1,TMA00316,CGRP-Gamma 1,False,False,False,none
fkloebnk-1,TMA00316,CGRP-Gamma 1,False,False,False,none
fkmhhgll-1,TMA00316,TrpM8,False,False,False,none
fkmjhpef-1,TMA00316,CGRP-Alpha,False,False,False,none
fkmkkpcf-1,TMA00316,CGRP-Gamma 1,False,False,False,none
fkmllgob-1,TMA00316,CGRP-Beta,False,False,False,none
fkmlpndh-1,TMA00316,CGRP-Gamma 1,False,False,False,none
fkmomjmf-1,TMA00316,Sst,False,False,False,none
fknlakcd-1,TMA00316,CGRP-Gamma 1,False,False,False,none
fknphhpc-1,TMA00316,CGRP-Gamma 1,False,False,False,none
fkoahjjn-1,TMA00316,TrpM8,False,False,False,none
fkpcgalc-1,TMA00316,CGRP-Beta,False,False,False,none
fkpeafbn-1,TMA00316,TrpM8,False,False,False,none
fkphneke-1,TMA00316,TrpM8,False,False,False,none
fkpjljob-1,TMA00316,CGRP-Beta,False,False,False,none
fkpngmjg-1,TMA00316,C-LTMR,False,False,False,none
flagkgia-1,TMA00316,Nonpeptidergic nociceptors,False,False,False,none
flagokfn-1,TMA00316,Abeta-Field,False,False,False,none
flajfgne-1,TMA00316,Nonpeptidergic nociceptors,False,False,False,none
flajkodj-1,TMA00316,C-LTMR,False,False,False,none
flaocdjm-1,TMA00316,CGRP-Epsilion,False,False,False,none
flaodmgl-1,TMA00316,Abeta-Field,False,False,False,none
flbbhafh-1,TMA00316,TrpM8,False,False,False,none
flbimmfc-1,TMA00316,CGRP-Eta,False,False,False,none
flbohnla-1,TMA00316,CGRP-Gamma 1,False,False,False,none
flbpekme-1,TMA00316,CGRP-Gamma 1,False,False,False,none
flcbdoej-1,TMA00316,Sst,False,False,False,none
flcbnffi-1,TMA00316,Sst,False,False,False,none
flcimlpd-1,TMA00316,TrpM8,False,False,False,none
flclpggp-1,TMA00316,TrpM8,False,False,False,none
flcmhgil-1,TMA00316,TrpM8,False,False,False,none
flcnnged-1,TMA00316,Nonpeptidergic nociceptors,False,False,False,none
fldbajpl-1,TMA00316,CGRP-Eta,False,False,False,none
fldgecfo-1,TMA00316,CGRP-Eta,False,False,False,none
fldiacee-1,TMA00316,Nonpeptidergic nociceptors,False,False,False,none
fldjffgk-1,TMA00316,CGRP-Eta,False,False,False,none
fldkgpca-1,TMA00316,Nonpeptidergic nociceptors,False,False,False,none
fldninal-1,TMA00316,Nonpeptidergic nociceptors,False,False,False,none
fldpfmoj-1,TMA00316,CGRP-Eta,False,False,False,none
fleglajf-1,TMA00316,CGRP-Eta,False,False,False,none
fleojcbm-1,TMA00316,Nonpeptidergic nociceptors,False,False,False,none
flfademm-1,TMA00316,Proprioceptors,False,False,False,none
flfpfbdc-1,TMA00316,Nonpeptidergic nociceptors,False,False,False,none
flgbndnb-1,TMA00316,Nonpeptidergic nociceptors,False,False,False,none
flgdlnpi-1,TMA00316,Nonpeptidergic nociceptors,False,False,False,none
flgehkbb-1,TMA00316,Proprioceptors,False,False,False,none
flgmbfgn-1,TMA00316,C-LTMR,False,False,False,none
flhampbj-1,TMA00316,Nonpeptidergic nociceptors,False,False,False,none
flhehpcl-1,TMA00316,Nonpeptidergic nociceptors,False,False,False,none
flhfiaho-1,TMA00316,Nonpeptidergic nociceptors,False,False,False,none
flhghjma-1,TMA00316,Nonpeptidergic nociceptors,False,False,False,none
flhlmafg-1,TMA00316,CGRP-Eta,False,False,False,none
flhnhlho-1,TMA00316,CGRP-Beta,False,False,False,none
flibickc-1,TMA00316,CGRP-Gamma 1,False,False,False,none
flicfjme-1,TMA00316,Nonpeptidergic nociceptors,False,False,False,none
flifnmoh-1,TMA00316,CGRP-Beta,False,False,False,none
fligkddi-1,TMA00316,TrpM8,False,False,False,none
fliiencf-1,TMA00316,TrpM8,False,False,False,none
flijhfnm-1,TMA00316,Nonpeptidergic nociceptors,False,False,False,none
fliklhhm-1,TMA00316,Nonpeptidergic nociceptors,False,False,False,none
flipholj-1,TMA00316,Abeta-Field,False,False,False,none
fljepbjg-1,TMA00316,CGRP-Gamma 1,False,False,False,none
fljgbcpc-1,TMA00316,Sst,False,False,False,none
fljnigof-1,TMA00316,Nonpeptidergic nociceptors,False,False,False,none
fljodgpp-1,TMA00316,Nonpeptidergic nociceptors,False,False,False,none
fljomchl-1,TMA00316,TrpM8,False,False,False,none
fljpnblj-1,TMA00316,TrpM8,False,False,False,none
flkaeeil-1,TMA00316,Nonpeptidergic nociceptors,False,False,False,none
flkmglmj-1,TMA00316,Nonpeptidergic nociceptors,False,False,False,none
fllaohhh-1,TMA00316,CGRP-Gamma 1,False,False,False,none
fllapffo-1,TMA00316,CGRP-Beta,False,False,False,none
fllmichf-1,TMA00316,Nonpeptidergic nociceptors,False,False,False,none
flmmaggj-1,TMA00316,Nonpeptidergic nociceptors,False,False,False,none
flmmdodb-1,TMA00316,Nonpeptidergic nociceptors,False,False,False,none
flngleag-1,TMA00316,Sst,False,False,False,none
fmljlhhg-1,TMA00316,CGRP-Gamma 1,False,False,False,none
fmomcngo-1,TMA00316,Sst,False,False,False,none
fmpdighd-1,TMA00316,Nonpeptidergic nociceptors,False,False,False,none
fmpdinki-1,TMA00316,TrpM8,False,False,False,none
fmpejbda-1,TMA00316,Nonpeptidergic nociceptors,False,False,False,none
fmpjcnkf-1,TMA00316,Nonpeptidergic nociceptors,False,False,False,none
fnmcoion-1,TMA00316,CGRP-Gamma 1,False,False,False,none
fnngpnhm-1,TMA00316,CGRP-Epsilion,False,False,False,none
fokejcpj-1,TMA00316,CGRP-Zeta,False,False,False,none
fokkakcp-1,TMA00316,CGRP-Alpha,False,False,False,none
fokmdhmc-1,TMA00316,CGRP-Gamma 1,False,False,False,none
foknohnj-1,TMA00316,Nonpeptidergic nociceptors,False,False,False,none
foleomci-1,TMA00316,Nonpeptidergic nociceptors,False,False,False,none
folgiido-1,TMA00316,CGRP-Theta,False,False,False,none
folibidf-1,TMA00316,Abeta-RA-LTMR,False,False,False,none
folmdlbg-1,TMA00316,CGRP-Zeta,False,False,False,none
fonepfkc-1,TMA00316,Nonpeptidergic nociceptors,False,False,False,none
fooapehi-1,TMA00316,CGRP-Alpha,False,False,False,none
foofebbf-1,TMA00316,CGRP-Alpha,False,False,False,none
fooiloif-1,TMA00316,CGRP-Gamma 1,False,False,False,none
fpclgemk-1,TMA00316,C-LTMR,False,False,False,none
fpdagida-1,TMA00316,Nonpeptidergic nociceptors,False,False,False,none
fpddmiio-1,TMA00316,C-LTMR,False,False,False,none
fpedobdi-1,TMA00316,CGRP-Zeta,False,False,False,none
fpegfnjb-1,TMA00316,Adelta-LTMR,False,False,False,none
fpegmklh-1,TMA00316,CGRP-Zeta,False,False,False,none
fpfcfcma-1,TMA00316,Nonpeptidergic nociceptors,False,False,False,none
fpfhbjoi-1,TMA00316,Abeta-Field,False,False,False,none
fpfjoapo-1,TMA00316,Abeta-Field,False,False,False,none
fpgbbnak-1,TMA00316,CGRP-Gamma 1,False,False,False,none
fpgceifo-1,TMA00316,CGRP-Alpha,False,False,False,none
fpgebope-1,TMA00316,TrpM8,False,False,False,none
fpgkdkjm-1,TMA00316,Adelta-LTMR,False,False,False,none
fpgliofm-1,TMA00316,Adelta-LTMR,False,False,False,none
fpgocjdn-1,TMA00316,CGRP-Gamma 1,False,False,False,none
fphbkahl-1,TMA00316,TrpM8,False,False,False,none
fphcknij-1,TMA00316,TrpM8,False,False,False,none
fphkaffb-1,TMA00316,C-LTMR,False,False,False,none
fphlnndf-1,TMA00316,C-LTMR,False,False,False,none
fpigcmei-1,TMA00316,CGRP-Eta,False,False,False,none
fpindici-1,TMA00316,Adelta-LTMR,False,False,False,none
fpinjlmj-1,TMA00316,CGRP-Eta,False,False,False,none
fpjfnpda-1,TMA00316,Abeta-Field,False,False,False,none
fplhbigj-1,TMA00316,Proprioceptors,False,False,False,none
gaddnmpn-1,TMA00316,TrpM8,False,False,False,none
gadjbddm-1,TMA00316,CGRP-Zeta,False,False,False,none
gadndfjm-1,TMA00316,CGRP-Theta,False,False,False,none
gaeplcld-1,TMA00316,Nonpeptidergic nociceptors,False,False,False,none
gaipchkk-1,TMA00316,TrpM8,False,False,False,none
gcbjofpc-1,TMA00316,CGRP-Theta,False,False,False,none
gcbmjbfm-1,TMA00316,CGRP-Theta,False,False,False,none
gccgpemg-1,TMA00316,Nonpeptidergic nociceptors,False,False,False,none
gcchmcpc-1,TMA00316,Nonpeptidergic nociceptors,False,False,False,none
gccjpfdc-1,TMA00316,Sst,False,False,False,none
gcckahce-1,TMA00316,CGRP-Eta,False,False,False,none
gcckjibo-1,TMA00316,CGRP-Eta,False,False,False,none
gccpgplk-1,TMA00316,CGRP-Gamma 1,False,False,False,none
gcdckdbe-1,TMA00316,CGRP-Eta,False,False,False,none
gcdhcell-1,TMA00316,CGRP-Gamma 1,False,False,False,none
gcdhmfdl-1,TMA00316,CGRP-Gamma 2,False,False,False,none
gcdkmdge-1,TMA00316,CGRP-Eta,False,False,False,none
gcdogfdf-1,TMA00316,Sst,False,False,False,none
gceabgfh-1,TMA00316,CGRP-Eta,False,False,False,none
gcebebep-1,TMA00316,CGRP-Gamma 1,False,False,False,none
gcebeicb-1,TMA00316,CGRP-Alpha,False,False,False,none
gcehdhcd-1,TMA00316,CGRP-Gamma 1,False,False,False,none
gcejgdma-1,TMA00316,CGRP-Zeta,False,False,False,none
gcekjbod-1,TMA00316,CGRP-Gamma 1,False,False,False,none
gceligpa-1,TMA00316,CGRP-Zeta,False,False,False,none
gceodkbh-1,TMA00316,CGRP-Gamma 1,False,False,False,none
gceokehi-1,TMA00316,TrpM8,False,False,False,none
gcfaemek-1,TMA00316,CGRP-Zeta,False,False,False,none
gcfblgok-1,TMA00316,TrpM8,False,False,False,none
gcfdfdmg-1,TMA00316,TrpM8,False,False,False,none
gcfdjmom-1,TMA00316,CGRP-Zeta,False,False,False,none
gcfkkiin-1,TMA00316,Nonpeptidergic nociceptors,False,False,False,none
gcfmdjdi-1,TMA00316,C-LTMR,False,False,False,none
gcfnhnpd-1,TMA00316,Nonpeptidergic nociceptors,False,False,False,none
gcgaeijm-1,TMA00316,CGRP-Zeta,False,False,False,none
gcgdbbpp-1,TMA00316,CGRP-Epsilion,False,False,False,none
gcgemblp-1,TMA00316,CGRP-Epsilion,False,False,False,none
gepeeiah-1,TMA00316,CGRP-Alpha,False,False,False,none
gepfedbc-1,TMA00316,CGRP-Alpha,False,False,False,none
gepnfmlb-1,TMA00316,CGRP-Alpha,False,False,False,none
gfbahgnm-1,TMA00316,CGRP-Gamma 1,False,False,False,none
gfbbbmbe-1,TMA00316,CGRP-Gamma 1,False,False,False,none
gfbbkmlf-1,TMA00316,CGRP-Gamma 1,False,False,False,none
gfbfilpc-1,TMA00316,Nonpeptidergic nociceptors,False,False,False,none
gfbhchpj-1,TMA00316,Proprioceptors,False,False,False,none
gfbhjgnp-1,TMA00316,CGRP-Eta,False,False,False,none
gfbikaee-1,TMA00316,Nonpeptidergic nociceptors,False,False,False,none
gfbmbbgj-1,TMA00316,CGRP-Alpha,False,False,False,none
gfcgcngo-1,TMA00316,CGRP-Alpha,False,False,False,none
gfcnelil-1,TMA00316,Nonpeptidergic nociceptors,False,False,False,none
gfcpnjaj-1,TMA00316,CGRP-Zeta,False,False,False,none
gfdgfneg-1,TMA00316,CGRP-Zeta,False,False,False,none
gfdmeamk-1,TMA00316,CGRP-Gamma 1,False,False,False,none
gfdoippk-1,TMA00316,Adelta-LTMR,False,False,False,none
gfebcilj-1,TMA00316,CGRP-Eta,False,False,False,none
gffihcke-1,TMA00316,CGRP-Zeta,False,False,False,none
gffmofpn-1,TMA00316,CGRP-Gamma 1,False,False,False,none
gfgdlahl-1,TMA00316,CGRP-Gamma 1,False,False,False,none
gfgjfjlh-1,TMA00316,CGRP-Gamma 1,False,False,False,none
ggmlafhe-1,TMA00316,Nonpeptidergic nociceptors,False,False,False,none
ggmmdiae-1,TMA00316,CGRP-Theta,False,False,False,none
ggnakafd-1,TMA00316,CGRP-Theta,False,False,False,none
ghekimga-1,TMA00316,CGRP-Gamma 1,False,False,False,none
ghfaifdj-1,TMA00316,CGRP-Gamma 1,False,False,False,none
ghfoaafe-1,TMA00316,CGRP-Gamma 1,False,False,False,none
ghgboooe-1,TMA00316,C-LTMR,False,False,False,none
ghgcjfgd-1,TMA00316,CGRP-Gamma 1,False,False,False,none
ghhaklpe-1,TMA00316,CGRP-Theta,False,False,False,none
ghhcejna-1,TMA00316,CGRP-Alpha,False,False,False,none
ghicppjc-1,TMA00316,CGRP-Eta,False,False,False,none
ghieggcf-1,TMA00316,CGRP-Gamma 1,False,False,False,none
ghihpiai-1,TMA00316,C-LTMR,False,False,False,none
ghijaphp-1,TMA00316,Nonpeptidergic nociceptors,False,False,False,none
ghilijbe-1,TMA00316,Nonpeptidergic nociceptors,False,False,False,none
ghimndcb-1,TMA00316,CGRP-Gamma 2,False,False,False,none
ghjbcmcg-1,TMA00316,CGRP-Gamma 1,False,False,False,none
ghjhjkll-1,TMA00316,C-LTMR,False,False,False,none
ghkbbcnl-1,TMA00316,CGRP-Gamma 1,False,False,False,none
ghkbgbpn-1,TMA00316,Adelta-LTMR,False,False,False,none
ghkbillk-1,TMA00316,CGRP-Gamma 1,False,False,False,none
ghkifpme-1,TMA00316,CGRP-Eta,False,False,False,none
ghkkeepd-1,TMA00316,CGRP-Gamma 2,False,False,False,none
ghlbkakj-1,TMA00316,CGRP-Eta,False,False,False,none
ghljigko-1,TMA00316,C-LTMR,False,False,False,none
ghllhdaj-1,TMA00316,CGRP-Gamma 2,False,False,False,none
gibheokj-1,TMA00316,Nonpeptidergic nociceptors,False,False,False,none
gibhipdl-1,TMA00316,Nonpeptidergic nociceptors,False,False,False,none
giccfoed-1,TMA00316,CGRP-Gamma 1,False,False,False,none
giclflgi-1,TMA00316,Nonpeptidergic nociceptors,False,False,False,none
gidgkfok-1,TMA00316,CGRP-Eta,False,False,False,none
gidkpfnm-1,TMA00316,CGRP-Eta,False,False,False,none
gidnekgh-1,TMA00316,CGRP-Eta,False,False,False,none
gifacjjf-1,TMA00316,CGRP-Eta,False,False,False,none
gifcecfl-1,TMA00316,CGRP-Gamma 1,False,False,False,none
gifolldf-1,TMA00316,C-LTMR,False,False,False,none
gihhffdg-1,TMA00316,CGRP-Gamma 1,False,False,False,none
gihhjnoo-1,TMA00316,CGRP-Gamma 1,False,False,False,none
giholkka-1,TMA00316,CGRP-Gamma 1,False,False,False,none
giickpfk-1,TMA00316,CGRP-Eta,True,False,False,EGFP_Seq1_hi
giiobmhp-1,TMA00316,Nonpeptidergic nociceptors,False,False,False,none
gijmhceo-1,TMA00316,Nonpeptidergic nociceptors,False,False,False,none
gikcjhhk-1,TMA00316,CGRP-Alpha,False,False,False,none
giladhfe-1,TMA00316,CGRP-Eta,False,False,False,none
gilbmlbd-1,TMA00316,TrpM8,False,False,False,none
gilcoibn-1,TMA00316,Nonpeptidergic nociceptors,False,False,False,none
gileinap-1,TMA00316,CGRP-Gamma 1,False,False,False,none
gilkcipm-1,TMA00316,CGRP-Gamma 1,False,False,False,none
gilkhmkb-1,TMA00316,Nonpeptidergic nociceptors,False,False,False,none
gilmgkgg-1,TMA00316,CGRP-Alpha,False,False,False,none
gilooalc-1,TMA00316,Sst,False,False,False,none
gimdokdb-1,TMA00316,CGRP-Gamma 1,False,False,False,none
gipbnfel-1,TMA00316,CGRP-Theta,False,False,False,none
gipfdhhm-1,TMA00316,Nonpeptidergic nociceptors,False,False,False,none
gipfkdkg-1,TMA00316,CGRP-Theta,False,False,False,none
gipgakec-1,TMA00316,Nonpeptidergic nociceptors,False,False,False,none
giphabim-1,TMA00316,Nonpeptidergic nociceptors,False,False,False,none
gipindhb-1,TMA00316,Proprioceptors,False,False,False,none
gipkondb-1,TMA00316,Nonpeptidergic nociceptors,False,False,False,none
gipokfgn-1,TMA00316,Nonpeptidergic nociceptors,False,False,False,none
gjacfdbl-1,TMA00316,CGRP-Gamma 1,False,False,False,none
gjalicme-1,TMA00316,CGRP-Theta,False,False,False,none
gjaljnkl-1,TMA00316,Proprioceptors,False,False,False,none
gjbmgeon-1,TMA00316,Nonpeptidergic nociceptors,False,False,False,none
gjbmpfme-1,TMA00316,Nonpeptidergic nociceptors,False,False,False,none
gjcdnoch-1,TMA00316,CGRP-Alpha,False,False,False,none
gjcgffeg-1,TMA00316,Nonpeptidergic nociceptors,False,False,False,none
gjcjlbmn-1,TMA00316,CGRP-Beta,False,False,False,none
gjclogoi-1,TMA00316,CGRP-Theta,False,False,False,none
gjcmeidi-1,TMA00316,Nonpeptidergic nociceptors,True,False,False,EGFP_Seq1_hi
gjcnjdgp-1,TMA00316,CGRP-Gamma 1,False,False,False,none
gjdckngk-1,TMA00316,CGRP-Eta,False,False,False,none
gjdhmijp-1,TMA00316,Abeta-Field,False,False,False,none
gjdkmbni-1,TMA00316,CGRP-Eta,False,False,False,none
gjdkmfco-1,TMA00316,CGRP-Gamma 1,False,False,False,none
gjegiijf-1,TMA00316,Abeta-RA-LTMR,False,False,False,none
gjeiekgf-1,TMA00316,CGRP-Eta,False,False,False,none
gjejaagh-1,TMA00316,Proprioceptors,False,False,False,none
gjejnlgk-1,TMA00316,Nonpeptidergic nociceptors,False,False,False,none
gjglijeo-1,TMA00316,Adelta-LTMR,False,False,False,none
gjhgdaem-1,TMA00316,Abeta-RA-LTMR,False,False,False,none
gjiamkpe-1,TMA00316,Nonpeptidergic nociceptors,False,False,False,none
gjiehccc-1,TMA00316,CGRP-Gamma 1,False,False,False,none
gjikadip-1,TMA00316,CGRP-Gamma 1,False,False,False,none
gjimeipi-1,TMA00316,CGRP-Gamma 1,False,False,False,none
gjipagdh-1,TMA00316,CGRP-Gamma 1,False,False,False,none
gjipeijb-1,TMA00316,Proprioceptors,False,False,False,none
gjjnclpc-1,TMA00316,Abeta-Field,False,False,False,none
gjkdeldj-1,TMA00316,Proprioceptors,False,False,False,none
gjkdjobj-1,TMA00316,Nonpeptidergic nociceptors,False,False,False,none
gjkdlnjg-1,TMA00316,Nonpeptidergic nociceptors,False,False,False,none
gjkigfid-1,TMA00316,Abeta-Field,False,False,False,none
gjliaiam-1,TMA00316,CGRP-Zeta,False,False,False,none
gjlklomh-1,TMA00316,Nonpeptidergic nociceptors,False,False,False,none
gjlonmnp-1,TMA00316,Nonpeptidergic nociceptors,False,False,False,none
gjmaopii-1,TMA00316,Nonpeptidergic nociceptors,False,False,False,none
gjmcpdpo-1,TMA00316,CGRP-Alpha,False,False,False,none
gjmdnaei-1,TMA00316,CGRP-Zeta,False,False,False,none
gjmdpmkf-1,TMA00316,CGRP-Eta,False,False,False,none
gjmeilio-1,TMA00316,CGRP-Eta,False,False,False,none
gjmigegk-1,TMA00316,CGRP-Eta,False,False,False,none
gjmipjgi-1,TMA00316,TrpM8,False,False,False,none
gjmmkfpd-1,TMA00316,C-LTMR,False,False,False,none
gjmnaola-1,TMA00316,Nonpeptidergic nociceptors,False,False,False,none
gjnafnae-1,TMA00316,Abeta-Field,False,False,False,none
gjncbfch-1,TMA00316,Nonpeptidergic nociceptors,False,False,False,none
gjnckdai-1,TMA00316,CGRP-Gamma 1,False,False,False,none
gjnlndfb-1,TMA00316,Nonpeptidergic nociceptors,False,False,False,none
gjnpbhcn-1,TMA00316,CGRP-Gamma 1,False,False,False,none
gjohommi-1,TMA00316,Sst,False,False,False,none
gjoiecmd-1,TMA00316,Proprioceptors,False,False,False,none
gjondndf-1,TMA00316,Abeta-Field,False,False,False,none
gjonokea-1,TMA00316,Nonpeptidergic nociceptors,False,False,False,none
gjpcemfe-1,TMA00316,Abeta-Field,False,False,False,none
gjpcojke-1,TMA00316,TrpM8,False,False,False,none
gjpggcla-1,TMA00316,Nonpeptidergic nociceptors,False,False,False,none
gjpianje-1,TMA00316,CGRP-Theta,False,False,False,none
gjpmnlbe-1,TMA00316,Nonpeptidergic nociceptors,False,False,False,none
gjpopfbo-1,TMA00316,Abeta-Field,False,False,False,none
gkaaghji-1,TMA00316,Nonpeptidergic nociceptors,False,False,False,none
gkadpphh-1,TMA00316,Nonpeptidergic nociceptors,False,False,False,none
gkakogeg-1,TMA00316,CGRP-Alpha,False,False,False,none
gkaonfpe-1,TMA00316,Nonpeptidergic nociceptors,False,False,False,none
gkbbohpm-1,TMA00316,Sst,False,False,False,none
gkbinpbg-1,TMA00316,CGRP-Gamma 1,False,False,False,none
gkbplfhp-1,TMA00316,Nonpeptidergic nociceptors,False,False,False,none
gkcbmpcn-1,TMA00316,Nonpeptidergic nociceptors,False,False,False,none
gkccmpfp-1,TMA00316,Nonpeptidergic nociceptors,False,False,False,none
gkcdepkj-1,TMA00316,Sst,False,False,False,none
gkcglcfg-1,TMA00316,Sst,False,False,False,none
gkdcppcd-1,TMA00316,Proprioceptors,False,False,False,none
gkdjoehn-1,TMA00316,CGRP-Epsilion,False,False,False,none
gkdjpfdd-1,TMA00316,Nonpeptidergic nociceptors,False,False,False,none
gkdkakhm-1,TMA00316,Abeta-Field,False,False,False,none
gkdlbccg-1,TMA00316,CGRP-Epsilion,False,False,False,none
gkebnicn-1,TMA00316,CGRP-Eta,False,False,False,none
gkefboma-1,TMA00316,C-LTMR,False,False,False,none
gkegjngl-1,TMA00316,CGRP-Theta,False,False,False,none
gkfnfmki-1,TMA00316,Nonpeptidergic nociceptors,False,False,False,none
gkfoaeki-1,TMA00316,Proprioceptors,False,False,False,none
gkgabddb-1,TMA00316,CGRP-Beta,False,False,False,none
gkgngghd-1,TMA00316,TrpM8,False,False,False,none
gkhandjg-1,TMA00316,CGRP-Gamma 1,False,False,False,none
gkhhcpnn-1,TMA00316,Sst,False,False,False,none
gkhnhhbp-1,TMA00316,Sst,False,False,False,none
gkigdibm-1,TMA00316,CGRP-Gamma 1,False,False,False,none
gkijhhck-1,TMA00316,CGRP-Gamma 2,False,False,False,none
gkimmeal-1,TMA00316,TrpM8,False,False,False,none
gkjfnpab-1,TMA00316,CGRP-Gamma 1,False,False,False,none
gkjlgpfo-1,TMA00316,CGRP-Gamma 1,False,False,False,none
gkkbikbb-1,TMA00316,CGRP-Gamma 1,False,False,False,none
gkldikjf-1,TMA00316,C-LTMR,False,False,False,none
gklfpamn-1,TMA00316,Nonpeptidergic nociceptors,False,False,False,none
gkmfjpee-1,TMA00316,CGRP-Gamma 1,False,False,False,none
gkmgomnn-1,TMA00316,CGRP-Gamma 1,False,False,False,none
gkmlldme-1,TMA00316,Proprioceptors,False,False,False,none
gkndhika-1,TMA00316,Sst,False,False,False,none
gknfdplc-1,TMA00316,Proprioceptors,False,False,False,none
gknjefnd-1,TMA00316,TrpM8,False,False,False,none
gknpdang-1,TMA00316,CGRP-Gamma 1,False,False,False,none
gkpeaofk-1,TMA00316,Nonpeptidergic nociceptors,False,False,False,none
gkpgaelc-1,TMA00316,Nonpeptidergic nociceptors,False,False,False,none
gkpnlfdb-1,TMA00316,CGRP-Gamma 1,False,False,False,none
gkpoiimn-1,TMA00316,CGRP-Gamma 1,False,False,False,none
glaiecke-1,TMA00316,CGRP-Gamma 1,False,False,False,none
glaogmep-1,TMA00316,Nonpeptidergic nociceptors,False,False,False,none
glcealmi-1,TMA00316,Nonpeptidergic nociceptors,False,False,False,none
glchppbn-1,TMA00316,Sst,False,False,False,none
glcpnfam-1,TMA00316,CGRP-Gamma 2,False,False,False,none
glemapcd-1,TMA00316,TrpM8,False,False,False,none
glendkbh-1,TMA00316,CGRP-Gamma 2,False,False,False,none
gleogebi-1,TMA00316,TrpM8,False,False,False,none
glfaklmc-1,TMA00316,TrpM8,False,False,False,none
glfflelk-1,TMA00316,TrpM8,False,False,False,none
glfokmde-1,TMA00316,CGRP-Gamma 1,False,False,False,none
glfpkldb-1,TMA00316,Sst,False,False,False,none
glganhbg-1,TMA00316,CGRP-Gamma 1,False,False,False,none
glgcpppf-1,TMA00316,CGRP-Gamma 1,False,False,False,none
glgfbkeo-1,TMA00316,Nonpeptidergic nociceptors,False,False,False,none
glgfjhik-1,TMA00316,Sst,False,False,False,none
glgkmadj-1,TMA00316,CGRP-Gamma 1,False,False,False,none
glhfcfpl-1,TMA00316,CGRP-Gamma 1,False,False,False,none
glhnllfn-1,TMA00316,CGRP-Gamma 1,False,False,False,none
glhnonlh-1,TMA00316,CGRP-Eta,False,False,False,none
glhokpco-1,TMA00316,CGRP-Gamma 1,False,False,False,none
glieomld-1,TMA00316,CGRP-Gamma 1,False,False,False,none
glkdhbnk-1,TMA00316,CGRP-Gamma 1,False,False,False,none
glkecfpe-1,TMA00316,Nonpeptidergic nociceptors,False,False,False,none
glkgngfh-1,TMA00316,CGRP-Eta,False,False,False,none
glkhojik-1,TMA00316,CGRP-Gamma 2,False,False,False,none
glklnbfk-1,TMA00316,CGRP-Gamma 2,False,False,False,none
glkphngk-1,TMA00316,Nonpeptidergic nociceptors,False,False,False,none
gllaaega-1,TMA00316,Sst,False,False,False,none
gllbijjk-1,TMA00316,Abeta-Field,False,False,False,none
gllnmamg-1,TMA00316,CGRP-Gamma 1,False,False,False,none
glmdphig-1,TMA00316,CGRP-Gamma 2,False,False,False,none
glmenipa-1,TMA00316,CGRP-Eta,False,False,False,none
glmhjffp-1,TMA00316,CGRP-Gamma 2,False,False,False,none
glmmfbno-1,TMA00316,CGRP-Gamma 1,False,False,False,none
glmocjlc-1,TMA00316,Nonpeptidergic nociceptors,False,False,False,none
glnainoa-1,TMA00316,Nonpeptidergic nociceptors,False,False,False,none
glncapfk-1,TMA00316,Nonpeptidergic nociceptors,False,False,False,none
glnclolo-1,TMA00316,Nonpeptidergic nociceptors,False,False,False,none
glndfneg-1,TMA00316,CGRP-Gamma 2,False,False,False,none
glnlekpc-1,TMA00316,TrpM8,False,False,False,none
glnlnfeo-1,TMA00316,CGRP-Epsilion,False,False,False,none
glnomgmk-1,TMA00316,CGRP-Eta,False,False,False,none
glodbcec-1,TMA00316,CGRP-Eta,False,False,False,none
glodjkjb-1,TMA00316,Nonpeptidergic nociceptors,False,False,False,none
glogodal-1,TMA00316,Nonpeptidergic nociceptors,False,False,False,none
gloiadge-1,TMA00316,Proprioceptors,False,False,False,none
gloinjka-1,TMA00316,Proprioceptors,False,False,False,none
glpekjon-1,TMA00316,Proprioceptors,False,False,False,none
glpllhno-1,TMA00316,CGRP-Gamma 1,False,False,False,none
glpnimpo-1,TMA00316,Proprioceptors,False,False,False,none
gmaahkne-1,TMA00316,CGRP-Theta,False,False,False,none
gmaanddb-1,TMA00316,CGRP-Theta,False,False,False,none
gmadmjpe-1,TMA00316,CGRP-Theta,False,False,False,none
gmaekdpf-1,TMA00316,CGRP-Epsilion,False,False,False,none
gmajgmio-1,TMA00316,CGRP-Eta,False,False,False,none
gmaoclmi-1,TMA00316,Nonpeptidergic nociceptors,False,False,False,none
gmbbopdf-1,TMA00316,CGRP-Eta,False,False,False,none
gmbfapdb-1,TMA00316,Proprioceptors,False,False,False,none
gmbgmkfg-1,TMA00316,CGRP-Gamma 1,False,False,False,none
gmbonkih-1,TMA00316,Proprioceptors,False,False,False,none
gmbpmjoi-1,TMA00316,CGRP-Gamma 1,False,False,False,none
gmchffkk-1,TMA00316,CGRP-Gamma 1,False,False,False,none
gmdcpgmg-1,TMA00316,Nonpeptidergic nociceptors,False,False,False,none
gmdgofld-1,TMA00316,CGRP-Gamma 1,False,False,False,none
gmdichdl-1,TMA00316,CGRP-Gamma 1,False,False,False,none
gmdjcccg-1,TMA00316,Nonpeptidergic nociceptors,False,False,False,none
gmdkbfgp-1,TMA00316,Nonpeptidergic nociceptors,False,False,False,none
gmdpdnpb-1,TMA00316,CGRP-Gamma 1,False,False,False,none
gmdpnkdl-1,TMA00316,CGRP-Gamma 1,False,False,False,none
gmefcjni-1,TMA00316,Sst,False,False,False,none
gmeieghp-1,TMA00316,Nonpeptidergic nociceptors,False,False,False,none
gmeklmpe-1,TMA00316,CGRP-Beta,False,False,False,none
gmeppkdb-1,TMA00316,CGRP-Gamma 2,False,False,False,none
gmfajhgo-1,TMA00316,CGRP-Eta,False,False,False,none
gmfhifje-1,TMA00316,CGRP-Gamma 1,False,False,False,none
gmhcacli-1,TMA00316,CGRP-Gamma 1,False,False,False,none
gmhggefd-1,TMA00316,TrpM8,False,False,False,none
gmhmongl-1,TMA00316,CGRP-Gamma 1,False,False,False,none
gmhmpnho-1,TMA00316,Sst,False,False,False,none
gmhndagf-1,TMA00316,CGRP-Gamma 1,False,False,False,none
gmidnkek-1,TMA00316,CGRP-Alpha,False,False,False,none
gmifmkaf-1,TMA00316,CGRP-Gamma 1,False,False,False,none
gmihabgo-1,TMA00316,Sst,False,False,False,none
gmikcepl-1,TMA00316,CGRP-Gamma 1,False,False,False,none
gmilkbbk-1,TMA00316,TrpM8,False,False,False,none
gmioboma-1,TMA00316,CGRP-Gamma 1,False,False,False,none
gmjbcbcp-1,TMA00316,CGRP-Gamma 1,False,False,False,none
gmjbddmi-1,TMA00316,CGRP-Gamma 1,False,False,False,none
gmjdjfim-1,TMA00316,CGRP-Beta,False,False,False,none
gmjdomff-1,TMA00316,Nonpeptidergic nociceptors,False,False,False,none
gmjdpmel-1,TMA00316,CGRP-Eta,False,False,False,none
gmjkcnpb-1,TMA00316,TrpM8,False,False,False,none
gmjpmlpn-1,TMA00316,CGRP-Gamma 1,False,False,False,none
gmkajioh-1,TMA00316,CGRP-Gamma 1,False,False,False,none
gmkbcfbg-1,TMA00316,CGRP-Beta,False,False,False,none
gmkblbik-1,TMA00316,Sst,False,False,False,none
gmkdpndg-1,TMA00316,CGRP-Gamma 1,False,False,False,none
gmkfoaok-1,TMA00316,CGRP-Gamma 1,False,False,False,none
gmkogncn-1,TMA00316,CGRP-Gamma 1,False,False,False,none
gmkokmlh-1,TMA00316,Nonpeptidergic nociceptors,False,False,False,none
gmlapimj-1,TMA00316,CGRP-Alpha,False,False,False,none
gmlbbbaj-1,TMA00316,C-LTMR,False,False,False,none
gmlbndhe-1,TMA00316,CGRP-Gamma 1,False,False,False,none
gmldedlb-1,TMA00316,CGRP-Epsilion,False,False,False,none
gmlhdpeb-1,TMA00316,C-LTMR,False,False,False,none
gmlkichj-1,TMA00316,TrpM8,False,False,False,none
gmlmgbdi-1,TMA00316,Nonpeptidergic nociceptors,False,False,False,none
gmlmnedg-1,TMA00316,CGRP-Beta,False,False,False,none
gmmbibeh-1,TMA00316,CGRP-Beta,False,False,False,none
gmmgdgon-1,TMA00316,CGRP-Gamma 2,False,False,False,none
gmmgncpa-1,TMA00316,CGRP-Zeta,True,False,False,EGFP_Seq1_hi
gmmhdeld-1,TMA00316,CGRP-Alpha,False,False,False,none
gmmmbeef-1,TMA00316,CGRP-Gamma 1,False,False,False,none
gmmmopek-1,TMA00316,CGRP-Gamma 1,False,False,False,none
gmmnhnnd-1,TMA00316,CGRP-Gamma 1,False,False,False,none
gmmoddgd-1,TMA00316,C-LTMR,False,False,False,none
gmnbhmld-1,TMA00316,CGRP-Gamma 1,False,False,False,none
gmneilnm-1,TMA00316,Nonpeptidergic nociceptors,False,False,False,none
gmnjomeo-1,TMA00316,C-LTMR,False,False,False,none
gmoakiga-1,TMA00316,C-LTMR,False,False,False,none
gmokeeel-1,TMA00316,Nonpeptidergic nociceptors,False,False,False,none
gmooaocd-1,TMA00316,CGRP-Eta,False,False,False,none
gmpcpldd-1,TMA00316,CGRP-Gamma 1,False,False,False,none
gmpdaiib-1,TMA00316,CGRP-Gamma 1,False,False,False,none
gmpelebj-1,TMA00316,CGRP-Eta,False,False,False,none
gmpnoapo-1,TMA00316,CGRP-Theta,False,False,False,none
gnaegabo-1,TMA00316,Nonpeptidergic nociceptors,False,False,False,none
gnakpmmk-1,TMA00316,Nonpeptidergic nociceptors,False,False,False,none
gnbaikhc-1,TMA00316,Nonpeptidergic nociceptors,False,False,False,none
gnbbealh-1,TMA00316,CGRP-Eta,False,False,False,none
gnbbeebn-1,TMA00316,CGRP-Gamma 1,False,False,False,none
gnbbgbia-1,TMA00316,CGRP-Gamma 1,False,False,False,none
gnbbggif-1,TMA00316,CGRP-Eta,False,False,False,none
gncomelh-1,TMA00316,Nonpeptidergic nociceptors,False,False,False,none
gndepigm-1,TMA00316,Nonpeptidergic nociceptors,False,False,False,none
gndfmnjh-1,TMA00316,Nonpeptidergic nociceptors,False,False,False,none
gndgpdmi-1,TMA00316,CGRP-Gamma 1,False,False,False,none
gndhegii-1,TMA00316,CGRP-Epsilion,False,False,False,none
gnegfbed-1,TMA00316,CGRP-Gamma 2,False,False,False,none
gnfldibd-1,TMA00316,CGRP-Zeta,False,False,False,none
gnfomjae-1,TMA00316,CGRP-Gamma 1,False,False,False,none
gngahnbn-1,TMA00316,CGRP-Alpha,False,False,False,none
gnhjkipa-1,TMA00316,CGRP-Gamma 1,False,False,False,none
gnhlmgif-1,TMA00316,CGRP-Gamma 1,False,False,False,none
gnhoddcb-1,TMA00316,CGRP-Theta,False,False,False,none
gnkpmgnc-1,TMA00316,CGRP-Beta,False,False,False,none
gnlfdpic-1,TMA00316,CGRP-Zeta,False,False,False,none
gnmfepbf-1,TMA00316,CGRP-Gamma 1,False,False,False,none
gnmikjkn-1,TMA00316,CGRP-Theta,False,False,False,none
gnmlpacf-1,TMA00316,CGRP-Epsilion,False,False,False,none
gnnbknkc-1,TMA00316,CGRP-Theta,False,False,False,none
gnnnhgao-1,TMA00316,CGRP-Gamma 1,False,False,False,none
gnnppafp-1,TMA00316,CGRP-Beta,False,False,False,none
gnobeege-1,TMA00316,CGRP-Eta,False,False,False,none
gnobfgao-1,TMA00316,CGRP-Eta,False,False,False,none
gnpffmld-1,TMA00316,CGRP-Alpha,False,False,False,none
gnpkbgge-1,TMA00316,CGRP-Beta,False,False,False,none
goaceogc-1,TMA00316,Abeta-Field,False,False,False,none
gobboiad-1,TMA00316,CGRP-Gamma 1,False,False,False,none
gobdggla-1,TMA00316,CGRP-Gamma 1,False,False,False,none
gobohemh-1,TMA00316,CGRP-Eta,False,False,False,none
gocgmbji-1,TMA00316,CGRP-Alpha,False,False,False,none
gocicgmj-1,TMA00316,CGRP-Alpha,False,False,False,none
gococpic-1,TMA00316,CGRP-Gamma 1,False,False,False,none
goeaocff-1,TMA00316,Abeta-RA-LTMR,False,False,False,none
goebncke-1,TMA00316,Proprioceptors,False,False,False,none
goefmokp-1,TMA00316,Abeta-Field,False,False,False,none
gofdcchn-1,TMA00316,CGRP-Gamma 2,False,False,False,none
gohancno-1,TMA00316,Proprioceptors,False,False,False,none
gohnhjcg-1,TMA00316,CGRP-Alpha,False,False,False,none
goholnad-1,TMA00316,CGRP-Gamma 1,False,False,False,none
goildaln-1,TMA00316,CGRP-Epsilion,False,False,False,none
gojlplmm-1,TMA00316,CGRP-Alpha,False,False,False,none
gokfgfag-1,TMA00316,CGRP-Alpha,False,False,False,none
golbcohe-1,TMA00316,Proprioceptors,False,False,False,none
golkgodb-1,TMA00316,Nonpeptidergic nociceptors,False,False,False,none
golnjfpi-1,TMA00316,Sst,False,False,False,none
golnjnip-1,TMA00316,CGRP-Gamma 1,False,False,False,none
gomcgbhk-1,TMA00316,CGRP-Gamma 2,False,False,False,none
gomdbjnb-1,TMA00316,CGRP-Alpha,False,False,False,none
gomjaled-1,TMA00316,CGRP-Gamma 1,False,False,False,none
gomjeemd-1,TMA00316,CGRP-Gamma 1,False,False,False,none
gonadjhb-1,TMA00316,Sst,False,False,False,none
gononejb-1,TMA00316,CGRP-Eta,False,False,False,none
gooclnli-1,TMA00316,CGRP-Gamma 2,False,False,False,none
gooogili-1,TMA00316,CGRP-Eta,False,False,False,none
gopmedmp-1,TMA00316,Nonpeptidergic nociceptors,False,False,False,none
gpjafofb-1,TMA00316,CGRP-Zeta,False,False,False,none
gpjoapcm-1,TMA00316,CGRP-Gamma 1,False,False,False,none
gpkgjggk-1,TMA00316,Nonpeptidergic nociceptors,False,False,False,none
gplegiei-1,TMA00316,CGRP-Alpha,False,False,False,none
gplegjck-1,TMA00316,CGRP-Alpha,False,False,False,none
gplfmjdc-1,TMA00316,CGRP-Gamma 1,False,False,False,none
gplhejjk-1,TMA00316,CGRP-Epsilion,False,False,False,none
gplhpeoc-1,TMA00316,CGRP-Gamma 1,False,False,False,none
gplkgcfp-1,TMA00316,Nonpeptidergic nociceptors,False,False,False,none
gplkghca-1,TMA00316,Sst,False,False,False,none
gplnanoe-1,TMA00316,CGRP-Theta,False,False,False,none
gpmeclff-1,TMA00316,CGRP-Zeta,False,False,False,none
gpmemglm-1,TMA00316,Abeta-Field,False,False,False,none
gpmhbnho-1,TMA00316,CGRP-Theta,False,False,False,none
gpminmdb-1,TMA00316,CGRP-Epsilion,False,False,False,none
gpmlcmcn-1,TMA00316,CGRP-Gamma 1,False,False,False,none
gpmlinfb-1,TMA00316,CGRP-Theta,False,False,False,none
gpmoeiec-1,TMA00316,CGRP-Gamma 1,False,False,False,none
gpnacedk-1,TMA00316,Nonpeptidergic nociceptors,False,False,False,none
gpnagapp-1,TMA00316,CGRP-Theta,False,False,False,none
gpndleek-1,TMA00316,Nonpeptidergic nociceptors,False,False,False,none
gpnjfhll-1,TMA00316,Nonpeptidergic nociceptors,False,False,False,none
gpnlfgmp-1,TMA00316,Nonpeptidergic nociceptors,False,False,False,none
gpnmdejo-1,TMA00316,Nonpeptidergic nociceptors,False,False,False,none
gpnnnlmj-1,TMA00316,Nonpeptidergic nociceptors,False,False,False,none
gpnopdko-1,TMA00316,Nonpeptidergic nociceptors,False,False,False,none
gpoaeodm-1,TMA00316,Nonpeptidergic nociceptors,False,False,False,none
gpoelgmd-1,TMA00316,Abeta-Field,False,False,False,none
gpohiing-1,TMA00316,Adelta-LTMR,False,False,False,none
gpokfaia-1,TMA00316,CGRP-Zeta,False,False,False,none
gppbacha-1,TMA00316,Abeta-RA-LTMR,False,False,False,none
gppfflha-1,TMA00316,Abeta-RA-LTMR,False,False,False,none
gppgommp-1,TMA00316,CGRP-Zeta,False,False,False,none
gppijbgn-1,TMA00316,CGRP-Gamma 1,False,False,False,none
gppjeknl-1,TMA00316,CGRP-Zeta,False,False,False,none
haaaackd-1,TMA00316,Adelta-LTMR,False,False,False,none
haabfmdd-1,TMA00316,Nonpeptidergic nociceptors,False,False,False,none
haackjme-1,TMA00316,Nonpeptidergic nociceptors,False,False,False,none
haadakha-1,TMA00316,Nonpeptidergic nociceptors,False,False,False,none
haagodhc-1,TMA00316,CGRP-Eta,False,False,False,none
haambnhf-1,TMA00316,CGRP-Gamma 2,False,False,False,none
haamjnii-1,TMA00316,Nonpeptidergic nociceptors,False,False,False,none
haankdkk-1,TMA00316,Nonpeptidergic nociceptors,False,False,False,none
habajieg-1,TMA00316,Nonpeptidergic nociceptors,False,False,False,none
habdnjjb-1,TMA00316,Nonpeptidergic nociceptors,False,False,False,none
habfmalk-1,TMA00316,CGRP-Gamma 2,False,False,False,none
habgmcpp-1,TMA00316,Sst,False,False,False,none
habhchdi-1,TMA00316,Sst,False,False,False,none
habigcoo-1,TMA00316,Nonpeptidergic nociceptors,False,False,False,none
habkfnml-1,TMA00316,CGRP-Gamma 1,False,False,False,none
habmndeb-1,TMA00316,CGRP-Gamma 1,False,False,False,none
habphjhf-1,TMA00316,CGRP-Eta,False,False,False,none
hacchanh-1,TMA00316,CGRP-Gamma 1,False,False,False,none
hacebdfo-1,TMA00316,Abeta-Field,False,False,False,none
hacfpili-1,TMA00316,CGRP-Eta,False,False,False,none
hacpkiom-1,TMA00316,Abeta-Field,False,False,False,none
hadoodmb-1,TMA00316,CGRP-Eta,False,False,False,none
hadpldgi-1,TMA00316,Abeta-RA-LTMR,False,False,False,none
haebgofg-1,TMA00316,CGRP-Alpha,False,False,False,none
haedhadk-1,TMA00316,CGRP-Epsilion,False,False,False,none
haedodai-1,TMA00316,CGRP-Gamma 1,False,False,False,none
haeknion-1,TMA00316,CGRP-Eta,False,False,False,none
hafeokjm-1,TMA00316,Nonpeptidergic nociceptors,False,False,False,none
hafgfbap-1,TMA00316,CGRP-Epsilion,False,False,False,none
hafhchah-1,TMA00316,CGRP-Eta,False,False,False,none
hafjilpj-1,TMA00316,CGRP-Epsilion,False,False,False,none
hafmgoaj-1,TMA00316,CGRP-Gamma 1,False,False,False,none
hafogmii-1,TMA00316,CGRP-Epsilion,False,False,False,none
hagdcaia-1,TMA00316,CGRP-Gamma 1,False,False,False,none
hagnoeib-1,TMA00316,CGRP-Gamma 1,False,False,False,none
hagolpgl-1,TMA00316,CGRP-Beta,False,False,False,none
hahbgdco-1,TMA00316,Nonpeptidergic nociceptors,False,False,False,none
hahdicgn-1,TMA00316,CGRP-Gamma 1,False,False,False,none
hahgefpp-1,TMA00316,Abeta-Field,False,False,False,none
hahhahmm-1,TMA00316,Sst,False,False,False,none
hahjejok-1,TMA00316,C-LTMR,False,False,False,none
hahjoelk-1,TMA00316,CGRP-Zeta,False,False,False,none
hahmgcde-1,TMA00316,CGRP-Zeta,False,False,False,none
hahnmkjo-1,TMA00316,CGRP-Zeta,False,False,False,none
haiaojbe-1,TMA00316,Proprioceptors,False,False,False,none
haibajki-1,TMA00316,CGRP-Gamma 1,False,False,False,none
haihfijc-1,TMA00316,CGRP-Theta,False,False,False,none
haihmkmi-1,TMA00316,CGRP-Gamma 1,False,False,False,none
haiijndi-1,TMA00316,CGRP-Eta,False,False,False,none
haijafnf-1,TMA00316,CGRP-Gamma 1,False,False,False,none
haijjaen-1,TMA00316,Nonpeptidergic nociceptors,False,False,False,none
haiphgma-1,TMA00316,C-LTMR,False,False,False,none
hajdonfb-1,TMA00316,CGRP-Eta,False,False,False,none
hajgpcej-1,TMA00316,CGRP-Gamma 1,False,False,False,none
hajjkfgg-1,TMA00316,CGRP-Gamma 1,False,False,False,none
hajkgamj-1,TMA00316,CGRP-Eta,False,False,False,none
hajpajop-1,TMA00316,CGRP-Alpha,False,False,False,none
hajpedfc-1,TMA00316,CGRP-Alpha,False,False,False,none
hakamihl-1,TMA00316,CGRP-Gamma 1,False,False,False,none
hakdalkn-1,TMA00316,CGRP-Gamma 1,False,False,False,none
hakdleaj-1,TMA00316,Nonpeptidergic nociceptors,False,False,False,none
hakeddpk-1,TMA00316,C-LTMR,False,False,False,none
hakiakig-1,TMA00316,CGRP-Eta,False,False,False,none
halcphef-1,TMA00316,Nonpeptidergic nociceptors,False,False,False,none
haldljkl-1,TMA00316,CGRP-Gamma 1,False,False,False,none
halnfcbl-1,TMA00316,CGRP-Alpha,False,False,False,none
hameadfn-1,TMA00316,CGRP-Alpha,False,False,False,none
hamkbceo-1,TMA00316,CGRP-Gamma 1,False,False,False,none
hanambgj-1,TMA00316,CGRP-Eta,False,False,False,none
hancmgko-1,TMA00316,CGRP-Epsilion,False,False,False,none
haobagdj-1,TMA00316,CGRP-Theta,False,False,False,none
haoeflmb-1,TMA00316,CGRP-Gamma 2,False,False,False,none
haomoofd-1,TMA00316,CGRP-Gamma 1,False,False,False,none
haopmldb-1,TMA00316,TrpM8,False,False,False,none
hapbfihe-1,TMA00316,CGRP-Gamma 1,False,False,False,none
hapbgbni-1,TMA00316,TrpM8,False,False,False,none
hapmlpih-1,TMA00316,CGRP-Gamma 1,False,False,False,none
hbahdkff-1,TMA00316,C-LTMR,False,False,False,none
hbahibdj-1,TMA00316,Sst,False,False,False,none
hbaphnbb-1,TMA00316,CGRP-Gamma 1,False,False,False,none
hbbkhmhi-1,TMA00316,CGRP-Gamma 1,False,False,False,none
hbcalpck-1,TMA00316,CGRP-Beta,False,False,False,none
hbefobmk-1,TMA00316,TrpM8,False,False,False,none
hbeielol-1,TMA00316,Nonpeptidergic nociceptors,False,False,False,none
hbfnlpej-1,TMA00316,CGRP-Gamma 1,False,False,False,none
hbfoefle-1,TMA00316,Nonpeptidergic nociceptors,False,False,False,none
hbgikbof-1,TMA00316,CGRP-Gamma 1,False,False,False,none
hbgjfkgi-1,TMA00316,Nonpeptidergic nociceptors,False,False,False,none
hbglbjjc-1,TMA00316,Nonpeptidergic nociceptors,False,False,False,none
hbhganfd-1,TMA00316,C-LTMR,False,False,False,none
hbhoajlg-1,TMA00316,CGRP-Gamma 1,False,False,False,none
hbibkkli-1,TMA00316,TrpM8,False,False,False,none
hbidocjo-1,TMA00316,CGRP-Gamma 1,False,False,False,none
hbifgehh-1,TMA00316,CGRP-Gamma 1,False,False,False,none
hbigegnd-1,TMA00316,CGRP-Gamma 1,False,False,False,none
hbjkghjg-1,TMA00316,Sst,False,False,False,none
hbjkmcco-1,TMA00316,Sst,False,False,False,none
hcofedpg-1,TMA00316,Sst,False,False,False,none
hcofkgbl-1,TMA00316,TrpM8,False,False,False,none
hcolkcik-1,TMA00316,CGRP-Eta,False,False,False,none
hcondkac-1,TMA00316,Sst,False,False,False,none
hcpbjigj-1,TMA00316,TrpM8,False,False,False,none
hcpflblg-1,TMA00316,CGRP-Eta,False,False,False,none
hddobbih-1,TMA00316,CGRP-Gamma 1,False,False,False,none
hdeaooni-1,TMA00316,CGRP-Gamma 1,False,False,False,none
hdeebcii-1,TMA00316,CGRP-Gamma 1,False,False,False,none
hdeedooa-1,TMA00316,TrpM8,False,False,False,none
hdefbfnf-1,TMA00316,TrpM8,False,False,False,none
hdgdndii-1,TMA00316,Proprioceptors,True,False,False,EGFP_Seq1_hi
hdglgcji-1,TMA00316,TrpM8,False,False,False,none
hdkajpbc-1,TMA00316,Sst,False,False,False,none
hdkppnhl-1,TMA00316,Nonpeptidergic nociceptors,False,False,False,none
hdlahmmf-1,TMA00316,Nonpeptidergic nociceptors,False,False,False,none
heaagglk-1,TMA00316,CGRP-Gamma 2,False,False,False,none
heacbech-1,TMA00316,Sst,False,False,False,none
headfhld-1,TMA00316,Sst,False,False,False,none
heahnlgh-1,TMA00316,CGRP-Gamma 1,False,False,False,none
heaienam-1,TMA00316,CGRP-Eta,False,False,False,none
heajabge-1,TMA00316,CGRP-Alpha,False,False,False,none
hebahbmm-1,TMA00316,CGRP-Eta,False,False,False,none
hebaommh-1,TMA00316,CGRP-Eta,False,False,False,none
hebhkkfp-1,TMA00316,TrpM8,False,False,False,none
hecekajf-1,TMA00316,Sst,False,False,False,none
hecgganf-1,TMA00316,CGRP-Gamma 2,False,False,False,none
hecnblld-1,TMA00316,CGRP-Gamma 2,False,False,False,none
hedclogo-1,TMA00316,CGRP-Gamma 1,False,False,False,none
hedfgdnf-1,TMA00316,Nonpeptidergic nociceptors,False,False,False,none
hedfjkec-1,TMA00316,C-LTMR,False,False,False,none
hedhinmp-1,TMA00316,CGRP-Gamma 1,False,False,False,none
hedibkdk-1,TMA00316,Nonpeptidergic nociceptors,False,False,False,none
hedjcacp-1,TMA00316,Nonpeptidergic nociceptors,False,False,False,none
hedjlglc-1,TMA00316,Nonpeptidergic nociceptors,False,False,False,none
hedjodla-1,TMA00316,Nonpeptidergic nociceptors,False,False,False,none
hedlnjec-1,TMA00316,C-LTMR,False,False,False,none
hedloemi-1,TMA00316,C-LTMR,False,False,False,none
hedmepic-1,TMA00316,CGRP-Zeta,False,False,False,none
hedmlcbc-1,TMA00316,CGRP-Zeta,False,False,False,none
hednjhoa-1,TMA00316,Adelta-LTMR,False,False,False,none
heecmemc-1,TMA00316,Nonpeptidergic nociceptors,False,False,False,none
heegdiei-1,TMA00316,CGRP-Zeta,False,False,False,none
heemjocb-1,TMA00316,Proprioceptors,False,False,False,none
hefaphkj-1,TMA00316,Proprioceptors,False,False,False,none
heffheaj-1,TMA00316,Abeta-Field,False,False,False,none
hefgchcb-1,TMA00316,Sst,False,False,False,none
hefmijnc-1,TMA00316,Adelta-LTMR,False,False,False,none
hegchomb-1,TMA00316,Nonpeptidergic nociceptors,False,False,False,none
hehhjakc-1,TMA00316,Nonpeptidergic nociceptors,False,False,False,none
hehhkehj-1,TMA00316,Nonpeptidergic nociceptors,False,False,False,none
hehmmdll-1,TMA00316,Nonpeptidergic nociceptors,False,False,False,none
heihplok-1,TMA00316,Proprioceptors,False,False,False,none
heiillkh-1,TMA00316,Proprioceptors,False,False,False,none
hejhkcao-1,TMA00316,Abeta-Field,False,False,False,none
hejljhdd-1,TMA00316,Abeta-Field,False,False,False,none
hejllgkh-1,TMA00316,CGRP-Zeta,False,False,False,none
hejokkac-1,TMA00316,Abeta-Field,False,False,False,none
hejpjbnp-1,TMA00316,CGRP-Zeta,False,False,False,none
hekbmiij-1,TMA00316,Abeta-Field,False,False,False,none
hgjkiljn-1,TMA00316,Proprioceptors,False,False,False,none
hgloaado-1,TMA00316,CGRP-Alpha,False,False,False,none
hgmaklhk-1,TMA00316,CGRP-Gamma 1,False,False,False,none
hgnhomeg-1,TMA00316,CGRP-Gamma 1,False,False,False,none
hgomdnom-1,TMA00316,Adelta-LTMR,False,False,False,none
hgpdcmki-1,TMA00316,Adelta-LTMR,False,False,False,none
hgpdmnhl-1,TMA00316,Abeta-RA-LTMR,False,False,False,none
hgpekamo-1,TMA00316,Adelta-LTMR,False,False,False,none
hhadlhoi-1,TMA00316,CGRP-Alpha,False,False,False,none
hhageaaj-1,TMA00316,Proprioceptors,False,False,False,none
hhahahnb-1,TMA00316,CGRP-Theta,False,False,False,none
hhajdabg-1,TMA00316,TrpM8,False,False,False,none
hhcfbbac-1,TMA00316,Adelta-LTMR,False,False,False,none
hhchiogo-1,TMA00316,Nonpeptidergic nociceptors,False,False,False,none
hhcibkpb-1,TMA00316,CGRP-Eta,False,False,False,none
hhcknekm-1,TMA00316,Nonpeptidergic nociceptors,False,False,False,none
hhdapbbc-1,TMA00316,Sst,False,False,False,none
hhdcohfd-1,TMA00316,Nonpeptidergic nociceptors,False,False,False,none
hhddjhgl-1,TMA00316,CGRP-Eta,False,False,False,none
hhdflnoo-1,TMA00316,TrpM8,False,False,False,none
hhdjghdb-1,TMA00316,Nonpeptidergic nociceptors,False,False,False,none
hhdkkigj-1,TMA00316,Nonpeptidergic nociceptors,False,False,False,none
hheadnhn-1,TMA00316,Nonpeptidergic nociceptors,False,False,False,none
hhehocki-1,TMA00316,Nonpeptidergic nociceptors,False,False,False,none
hheimeii-1,TMA00316,Nonpeptidergic nociceptors,False,False,False,none
hhejabgf-1,TMA00316,Nonpeptidergic nociceptors,False,False,False,none
hhelmdhj-1,TMA00316,Sst,False,False,False,none
hhemklfl-1,TMA00316,TrpM8,False,False,False,none
hhfaceoi-1,TMA00316,TrpM8,False,False,False,none
hhfgjkol-1,TMA00316,C-LTMR,False,False,False,none
hhgeifka-1,TMA00316,CGRP-Gamma 1,False,False,False,none
hhggobmc-1,TMA00316,TrpM8,False,False,False,none
hhgjhmco-1,TMA00316,CGRP-Epsilion,False,False,False,none
hhgloogn-1,TMA00316,TrpM8,False,False,False,none
hhglpgcj-1,TMA00316,Nonpeptidergic nociceptors,False,False,False,none
hhhajjio-1,TMA00316,CGRP-Alpha,False,False,False,none
hhhfdlgf-1,TMA00316,Nonpeptidergic nociceptors,False,False,False,none
hhhhickk-1,TMA00316,Nonpeptidergic nociceptors,False,False,False,none
hhhijibh-1,TMA00316,CGRP-Alpha,False,False,False,none
hhibglhl-1,TMA00316,Sst,False,False,False,none
hhibjpob-1,TMA00316,C-LTMR,False,False,False,none
hhiibejp-1,TMA00316,Nonpeptidergic nociceptors,False,False,False,none
hhjfngfo-1,TMA00316,TrpM8,False,False,False,none
hhjfplle-1,TMA00316,Nonpeptidergic nociceptors,False,False,False,none
hhjgcpca-1,TMA00316,Nonpeptidergic nociceptors,False,False,False,none
hhjhjplp-1,TMA00316,CGRP-Zeta,False,False,False,none
hhjihmlp-1,TMA00316,C-LTMR,False,False,False,none
hhjihomp-1,TMA00316,Nonpeptidergic nociceptors,False,False,False,none
hhjkdbkk-1,TMA00316,CGRP-Zeta,False,False,False,none
hhjnkhpj-1,TMA00316,CGRP-Eta,False,False,False,none
hhjpfcfa-1,TMA00316,CGRP-Eta,False,False,False,none
hhkicjhd-1,TMA00316,Adelta-LTMR,False,False,False,none
hhkimall-1,TMA00316,Nonpeptidergic nociceptors,False,False,False,none
hhkolcdh-1,TMA00316,CGRP-Eta,False,False,False,none
hhleliog-1,TMA00316,CGRP-Zeta,False,False,False,none
hhlfmoeb-1,TMA00316,Abeta-Field,False,False,False,none
hhligfnb-1,TMA00316,Nonpeptidergic nociceptors,False,False,False,none
hhljchkc-1,TMA00316,CGRP-Alpha,False,False,False,none
hhmepnfl-1,TMA00316,Sst,False,False,False,none
hhmjbhgp-1,TMA00316,Nonpeptidergic nociceptors,False,False,False,none
hhmnennj-1,TMA00316,C-LTMR,False,False,False,none
hhnahhei-1,TMA00316,Adelta-LTMR,False,False,False,none
hhnfcjpn-1,TMA00316,CGRP-Gamma 1,False,False,False,none
hhnkjjlf-1,TMA00316,TrpM8,False,False,False,none
hhnlangn-1,TMA00316,C-LTMR,False,False,False,none
hhnopojc-1,TMA00316,Adelta-LTMR,False,False,False,none
hhomjbcf-1,TMA00316,CGRP-Zeta,False,False,False,none
hhonoije-1,TMA00316,CGRP-Gamma 1,False,False,False,none
hhpcoead-1,TMA00316,Abeta-Field,False,False,False,none
hhpdajib-1,TMA00316,Abeta-Field,False,False,False,none
hhpkinci-1,TMA00316,Nonpeptidergic nociceptors,False,False,False,none
hhpnkfmg-1,TMA00316,CGRP-Theta,False,False,False,none
hiafihbm-1,TMA00316,CGRP-Zeta,False,False,False,none
hiaibpfk-1,TMA00316,Adelta-LTMR,False,False,False,none
hiajeopg-1,TMA00316,Proprioceptors,False,False,False,none
hiaobfld-1,TMA00316,CGRP-Eta,False,False,False,none
hiaoigha-1,TMA00316,Abeta-Field,False,False,False,none
hibegonb-1,TMA00316,CGRP-Alpha,False,False,False,none
hibjpggm-1,TMA00316,CGRP-Zeta,False,False,False,none
hibkblom-1,TMA00316,CGRP-Epsilion,False,False,False,none
hibnekeo-1,TMA00316,Adelta-LTMR,False,False,False,none
hicbaahb-1,TMA00316,Adelta-LTMR,False,False,False,none
hicgfbdp-1,TMA00316,C-LTMR,False,False,False,none
hicgjmki-1,TMA00316,Abeta-Field,False,False,False,none
hidjldfm-1,TMA00316,CGRP-Alpha,False,False,False,none
hidkliin-1,TMA00316,CGRP-Epsilion,False,False,False,none
hidlajod-1,TMA00316,Sst,False,False,False,none
hidlcamj-1,TMA00316,C-LTMR,False,False,False,none
hidnehgh-1,TMA00316,CGRP-Alpha,False,False,False,none
hidpcfdm-1,TMA00316,C-LTMR,False,False,False,none
hiefibnm-1,TMA00316,CGRP-Epsilion,False,False,False,none
hienijhb-1,TMA00316,Abeta-RA-LTMR,False,False,False,none
hifbcbfe-1,TMA00316,CGRP-Zeta,False,False,False,none
hifbofip-1,TMA00316,Nonpeptidergic nociceptors,False,False,False,none
hifcfnii-1,TMA00316,Nonpeptidergic nociceptors,False,False,False,none
hifeaiic-1,TMA00316,CGRP-Zeta,False,False,False,none
hiffoljn-1,TMA00316,Nonpeptidergic nociceptors,False,False,False,none
hifhelhj-1,TMA00316,Nonpeptidergic nociceptors,False,False,False,none
hifhjnpa-1,TMA00316,Sst,False,False,False,none
hiflgkif-1,TMA00316,Sst,False,False,False,none
hifmkgil-1,TMA00316,Nonpeptidergic nociceptors,False,False,False,none
hifobdna-1,TMA00316,Nonpeptidergic nociceptors,False,False,False,none
higaljjj-1,TMA00316,Nonpeptidergic nociceptors,False,False,False,none
highiffn-1,TMA00316,Nonpeptidergic nociceptors,False,False,False,none
higkjkpi-1,TMA00316,Nonpeptidergic nociceptors,False,False,False,none
hihdoebe-1,TMA00316,Nonpeptidergic nociceptors,False,False,False,none
hihecilg-1,TMA00316,TrpM8,False,False,False,none
hihfmnkg-1,TMA00316,Nonpeptidergic nociceptors,False,False,False,none
hihmmnln-1,TMA00316,Nonpeptidergic nociceptors,False,False,False,none
hiicdmmd-1,TMA00316,Nonpeptidergic nociceptors,False,False,False,none
hkppbeia-1,TMA00316,Proprioceptors,False,False,False,none
hlhjjaih-1,TMA00316,Nonpeptidergic nociceptors,False,False,False,none
hlpmgeej-1,TMA00316,Adelta-LTMR,False,False,False,none
hmbblccp-1,TMA00316,CGRP-Eta,False,False,False,none
hmbdgkpo-1,TMA00316,CGRP-Epsilion,False,False,False,none
hmbeemch-1,TMA00316,Nonpeptidergic nociceptors,False,False,False,none
hmbfgccn-1,TMA00316,CGRP-Gamma 1,False,False,False,none
hmbgbfkb-1,TMA00316,CGRP-Gamma 1,False,False,False,none
hmbkblli-1,TMA00316,Nonpeptidergic nociceptors,False,False,False,none
hmblnfdm-1,TMA00316,Nonpeptidergic nociceptors,False,False,False,none
hmilkdcj-1,TMA00316,CGRP-Zeta,False,False,False,none
hmilmgfn-1,TMA00316,Nonpeptidergic nociceptors,False,False,False,none
hmimjbcl-1,TMA00316,Nonpeptidergic nociceptors,False,False,False,none
hmiofgjc-1,TMA00316,TrpM8,False,False,False,none
hmjcagib-1,TMA00316,CGRP-Eta,False,False,False,none
hmjepeml-1,TMA00316,CGRP-Epsilion,False,False,False,none
hmkbkddd-1,TMA00316,CGRP-Zeta,False,False,False,none
hmncggfp-1,TMA00316,CGRP-Eta,False,False,False,none
hmoimhde-1,TMA00316,Sst,False,False,False,none
hmoleafl-1,TMA00316,Nonpeptidergic nociceptors,False,False,False,none
hnaffnof-1,TMA00316,Nonpeptidergic nociceptors,False,False,False,none
hnagmhaj-1,TMA00316,Nonpeptidergic nociceptors,False,False,False,none
hnaklmel-1,TMA00316,TrpM8,False,False,False,none
hnbegbko-1,TMA00316,TrpM8,False,False,False,none
hnbhbpgj-1,TMA00316,C-LTMR,False,False,False,none
hnbmpmld-1,TMA00316,Nonpeptidergic nociceptors,False,False,False,none
hnccchmh-1,TMA00316,Nonpeptidergic nociceptors,False,False,False,none
hnccgjkp-1,TMA00316,Nonpeptidergic nociceptors,False,False,False,none
hncidlck-1,TMA00316,Nonpeptidergic nociceptors,False,False,False,none
hncliaih-1,TMA00316,Nonpeptidergic nociceptors,False,False,False,none
hndblffj-1,TMA00316,TrpM8,False,False,False,none
hndcbbkn-1,TMA00316,Nonpeptidergic nociceptors,False,False,False,none
hndechjc-1,TMA00316,C-LTMR,False,False,False,none
hndfcpge-1,TMA00316,CGRP-Gamma 2,False,False,False,none
hndlafkf-1,TMA00316,CGRP-Gamma 1,False,False,False,none
hnenbjfh-1,TMA00316,Nonpeptidergic nociceptors,False,False,False,none
hnfahigo-1,TMA00316,C-LTMR,False,False,False,none
hnffnncg-1,TMA00316,TrpM8,False,False,False,none
hnfkbick-1,TMA00316,C-LTMR,False,False,False,none
hnflpmhj-1,TMA00316,TrpM8,False,False,False,none
hnghbjnk-1,TMA00316,CGRP-Gamma 1,False,False,False,none
hngklbhg-1,TMA00316,TrpM8,False,False,False,none
hnhchome-1,TMA00316,C-LTMR,False,False,False,none
hnhjiick-1,TMA00316,CGRP-Eta,False,False,False,none
hnhloeoj-1,TMA00316,Abeta-Field,False,False,False,none
hnhmobdi-1,TMA00316,CGRP-Theta,False,False,False,none
hnifmkad-1,TMA00316,CGRP-Epsilion,False,False,False,none
hnijcjak-1,TMA00316,Adelta-LTMR,False,False,False,none
hnijfnoi-1,TMA00316,CGRP-Gamma 1,False,False,False,none
hnjbmcfn-1,TMA00316,CGRP-Epsilion,False,False,False,none
hnjelblc-1,TMA00316,Nonpeptidergic nociceptors,False,False,False,none
hnjgbgna-1,TMA00316,Nonpeptidergic nociceptors,False,False,False,none
hnjgoidg-1,TMA00316,Nonpeptidergic nociceptors,False,False,False,none
hnjihako-1,TMA00316,CGRP-Gamma 1,False,False,False,none
hnjijcdo-1,TMA00316,CGRP-Gamma 1,False,False,False,none
hnjkfagn-1,TMA00316,Abeta-RA-LTMR,False,False,False,none
hnjkhjhh-1,TMA00316,CGRP-Eta,False,False,False,none
hnjpaomm-1,TMA00316,Nonpeptidergic nociceptors,False,False,False,none
hnkafeja-1,TMA00316,Nonpeptidergic nociceptors,False,False,False,none
hnkconla-1,TMA00316,Nonpeptidergic nociceptors,False,False,False,none
hnkfdcem-1,TMA00316,Nonpeptidergic nociceptors,False,False,False,none
hnkgnbbh-1,TMA00316,Nonpeptidergic nociceptors,False,False,False,none
hnkldadb-1,TMA00316,CGRP-Eta,False,False,False,none
hnkondgd-1,TMA00316,Nonpeptidergic nociceptors,False,False,False,none
hnlnebmi-1,TMA00316,CGRP-Gamma 1,False,False,False,none
hnmdogke-1,TMA00316,Nonpeptidergic nociceptors,False,False,False,none
hnmmkock-1,TMA00316,Nonpeptidergic nociceptors,False,False,False,none
hnnbjmcj-1,TMA00316,Nonpeptidergic nociceptors,False,False,False,none
hnpmkdei-1,TMA00316,C-LTMR,False,False,False,none
hnppmjfc-1,TMA00316,CGRP-Gamma 1,False,False,False,none
hoajggkc-1,TMA00316,Nonpeptidergic nociceptors,False,False,False,none
hoanbmng-1,TMA00316,C-LTMR,False,False,False,none
hobdiopj-1,TMA00316,CGRP-Gamma 1,False,False,False,none
hobmelgo-1,TMA00316,CGRP-Gamma 1,False,False,False,none
hoddnlmk-1,TMA00316,Nonpeptidergic nociceptors,False,False,False,none
hooogmbb-1,TMA00316,C-LTMR,False,False,False,none
hoopddee-1,TMA00316,C-LTMR,False,False,False,none
hooplcdj-1,TMA00316,Nonpeptidergic nociceptors,False,False,False,none
hpapdafp-1,TMA00316,CGRP-Zeta,False,False,False,none
hpbajeof-1,TMA00316,CGRP-Zeta,False,False,False,none
hpbbfidg-1,TMA00316,CGRP-Zeta,False,False,False,none
hpceoijm-1,TMA00316,CGRP-Epsilion,False,False,False,none
hpchbpgc-1,TMA00316,CGRP-Alpha,False,False,False,none
hpchjhmn-1,TMA00316,CGRP-Zeta,False,False,False,none
hpchmdpf-1,TMA00316,Nonpeptidergic nociceptors,False,False,False,none
hpcipfda-1,TMA00316,CGRP-Alpha,False,False,False,none
hpcjcgdf-1,TMA00316,CGRP-Epsilion,False,False,False,none
hpdcbphn-1,TMA00316,Nonpeptidergic nociceptors,False,False,False,none
hpdejban-1,TMA00316,Nonpeptidergic nociceptors,False,False,False,none
hpdncane-1,TMA00316,Nonpeptidergic nociceptors,False,False,False,none
hpehkgek-1,TMA00316,Abeta-RA-LTMR,False,False,False,none
hpejhpmm-1,TMA00316,Proprioceptors,False,False,False,none
hpemabne-1,TMA00316,Nonpeptidergic nociceptors,False,False,False,none
hpenigpj-1,TMA00316,TrpM8,False,False,False,none
hpeolghd-1,TMA00316,Proprioceptors,False,False,False,none
hpfacjkp-1,TMA00316,Proprioceptors,False,False,False,none
hpfcjbac-1,TMA00316,CGRP-Epsilion,False,False,False,none
hpfgofkl-1,TMA00316,Abeta-RA-LTMR,False,False,False,none
hpfhogig-1,TMA00316,Abeta-Field,False,False,False,none
hpfinkbd-1,TMA00316,Abeta-Field,False,False,False,none
hpfljllm-1,TMA00316,C-LTMR,False,False,False,none
hpfmclam-1,TMA00316,Nonpeptidergic nociceptors,False,False,False,none
hpfmmoba-1,TMA00316,Nonpeptidergic nociceptors,False,False,False,none
hpgijele-1,TMA00316,CGRP-Zeta,False,False,False,none
hpgpdcki-1,TMA00316,Nonpeptidergic nociceptors,False,False,False,none
hphbamia-1,TMA00316,Nonpeptidergic nociceptors,False,False,False,none
hphcamkk-1,TMA00316,Nonpeptidergic nociceptors,False,False,False,none
hphebmdn-1,TMA00316,CGRP-Zeta,False,False,False,none
hphkcben-1,TMA00316,C-LTMR,False,False,False,none
hpiijnbo-1,TMA00316,CGRP-Epsilion,False,False,False,none
hpijllcl-1,TMA00316,Nonpeptidergic nociceptors,False,False,False,none
hpijllea-1,TMA00316,Nonpeptidergic nociceptors,False,False,False,none
hpinoiae-1,TMA00316,Nonpeptidergic nociceptors,False,False,False,none
hpkbingb-1,TMA00316,C-LTMR,False,False,False,none
hpkmofnf-1,TMA00316,TrpM8,False,False,False,none
hpknaahk-1,TMA00316,CGRP-Epsilion,False,False,False,none
hpmfbceo-1,TMA00316,CGRP-Zeta,False,False,False,none
hpmgflfp-1,TMA00316,Abeta-RA-LTMR,False,False,False,none
hpmgmfij-1,TMA00316,CGRP-Zeta,False,False,False,none
iagpgdjl-1,TMA00316,TrpM8,False,False,False,none
ibladbmk-1,TMA00316,Nonpeptidergic nociceptors,False,False,False,none
ibnpooia-1,TMA00316,CGRP-Gamma 2,False,False,False,none
iboiniap-1,TMA00316,Nonpeptidergic nociceptors,False,False,False,none
iboknpon-1,TMA00316,CGRP-Alpha,False,False,False,none
iboncpnl-1,TMA00316,CGRP-Eta,False,False,False,none
iboodggl-1,TMA00316,CGRP-Eta,False,False,False,none
ibpbfmip-1,TMA00316,CGRP-Gamma 1,False,False,False,none
ibpdpipp-1,TMA00316,CGRP-Gamma 1,False,False,False,none
ibpegkme-1,TMA00316,CGRP-Gamma 1,False,False,False,none
ibpiibbp-1,TMA00316,Nonpeptidergic nociceptors,False,False,False,none
ibpncoed-1,TMA00316,CGRP-Eta,False,False,False,none
icaekela-1,TMA00316,CGRP-Zeta,False,False,False,none
icaeldld-1,TMA00316,Nonpeptidergic nociceptors,False,False,False,none
icahmihl-1,TMA00316,CGRP-Eta,False,False,False,none
icakccog-1,TMA00316,Nonpeptidergic nociceptors,False,False,False,none
icakebpn-1,TMA00316,CGRP-Zeta,False,False,False,none
icblfnfe-1,TMA00316,Nonpeptidergic nociceptors,False,False,False,none
icbpmecj-1,TMA00316,Nonpeptidergic nociceptors,False,False,False,none
iccbbdoo-1,TMA00316,Nonpeptidergic nociceptors,False,False,False,none
iccgfcbh-1,TMA00316,CGRP-Eta,False,False,False,none
iccgkllp-1,TMA00316,CGRP-Gamma 1,False,False,False,none
icchkpfk-1,TMA00316,Abeta-RA-LTMR,False,False,False,none
icdheaip-1,TMA00316,CGRP-Gamma 1,False,False,False,none
icdjbedg-1,TMA00316,CGRP-Gamma 1,False,False,False,none
icdmjgnk-1,TMA00316,CGRP-Eta,False,False,False,none
iceancce-1,TMA00316,CGRP-Gamma 1,False,False,False,none
iceejcpl-1,TMA00316,CGRP-Gamma 2,False,False,False,none
icegnmmn-1,TMA00316,CGRP-Gamma 1,False,False,False,none
icehpjjf-1,TMA00316,CGRP-Gamma 1,False,False,False,none
icelpgdd-1,TMA00316,Abeta-Field,False,False,False,none
icemmnfh-1,TMA00316,Abeta-Field,False,False,False,none
icfbbbij-1,TMA00316,CGRP-Eta,False,False,False,none
icfbijlj-1,TMA00316,CGRP-Eta,False,False,False,none
icfdinhh-1,TMA00316,CGRP-Alpha,False,False,False,none
icfghofj-1,TMA00316,CGRP-Eta,False,False,False,none
icfhilna-1,TMA00316,CGRP-Epsilion,False,False,False,none
icfkdkoo-1,TMA00316,CGRP-Epsilion,False,False,False,none
icifbpjc-1,TMA00316,CGRP-Gamma 2,False,False,False,none
icigmooj-1,TMA00316,Abeta-Field,False,False,False,none
icimkbep-1,TMA00316,TrpM8,False,False,False,none
icjeagpf-1,TMA00316,C-LTMR,False,False,False,none
icjffbep-1,TMA00316,CGRP-Gamma 1,False,False,False,none
icjkoioe-1,TMA00316,C-LTMR,False,False,False,none
icjlkmhn-1,TMA00316,Abeta-Field,False,False,False,none
ickpipbf-1,TMA00316,CGRP-Eta,False,False,False,none
iclhlogj-1,TMA00316,C-LTMR,False,False,False,none
iclkfgef-1,TMA00316,CGRP-Eta,False,False,False,none
iclkfnoe-1,TMA00316,Adelta-LTMR,False,False,False,none
iclmipom-1,TMA00316,Abeta-RA-LTMR,False,False,False,none
iclopaii-1,TMA00316,CGRP-Gamma 1,False,False,False,none
iclpobnh-1,TMA00316,Adelta-LTMR,False,False,False,none
icmajkac-1,TMA00316,Nonpeptidergic nociceptors,False,False,False,none
icmbdcek-1,TMA00316,Proprioceptors,False,False,False,none
icmckdam-1,TMA00316,Nonpeptidergic nociceptors,False,False,False,none
icmeolph-1,TMA00316,CGRP-Gamma 1,False,False,False,none
icmggedf-1,TMA00316,CGRP-Eta,False,False,False,none
icmjcjdk-1,TMA00316,Nonpeptidergic nociceptors,False,False,False,none
icmngpdm-1,TMA00316,Nonpeptidergic nociceptors,False,False,False,none
icnbghif-1,TMA00316,Abeta-RA-LTMR,False,False,False,none
icnhpikh-1,TMA00316,Nonpeptidergic nociceptors,False,False,False,none
icnimecn-1,TMA00316,CGRP-Gamma 1,False,False,False,none
icnjddgn-1,TMA00316,Nonpeptidergic nociceptors,False,False,False,none
icodgndp-1,TMA00316,Nonpeptidergic nociceptors,False,False,False,none
icodjbdb-1,TMA00316,CGRP-Gamma 1,False,False,False,none
icoemeoc-1,TMA00316,CGRP-Gamma 1,False,False,False,none
icoggdpo-1,TMA00316,CGRP-Gamma 1,False,False,False,none
icollfhm-1,TMA00316,CGRP-Gamma 1,False,False,False,none
icoogdnm-1,TMA00316,CGRP-Gamma 2,False,False,False,none
idaapfob-1,TMA00316,Abeta-Field,False,False,False,none
idakhigm-1,TMA00316,CGRP-Theta,False,False,False,none
idaogmld-1,TMA00316,CGRP-Gamma 2,False,False,False,none
idbaabpj-1,TMA00316,Abeta-Field,False,False,False,none
idbicbpa-1,TMA00316,CGRP-Eta,False,False,False,none
idbjdgna-1,TMA00316,Nonpeptidergic nociceptors,False,False,False,none
idbjphii-1,TMA00316,Nonpeptidergic nociceptors,False,False,False,none
idbnhanc-1,TMA00316,CGRP-Eta,False,False,False,none
idcdgbef-1,TMA00316,C-LTMR,False,False,False,none
idcdgjkd-1,TMA00316,CGRP-Gamma 1,False,False,False,none
idclegne-1,TMA00316,Abeta-Field,False,False,False,none
idclolnl-1,TMA00316,CGRP-Eta,False,False,False,none
idcnhope-1,TMA00316,Nonpeptidergic nociceptors,False,False,False,none
iddbhlfm-1,TMA00316,C-LTMR,False,False,False,none
iddcjncp-1,TMA00316,CGRP-Gamma 1,False,False,False,none
iddkfink-1,TMA00316,Nonpeptidergic nociceptors,False,False,False,none
iddplhbg-1,TMA00316,CGRP-Eta,False,False,False,none
ideaoime-1,TMA00316,Nonpeptidergic nociceptors,False,False,False,none
idebbnfg-1,TMA00316,TrpM8,False,False,False,none
idedipoj-1,TMA00316,TrpM8,False,False,False,none
idedmefi-1,TMA00316,CGRP-Gamma 1,False,False,False,none
idehfmka-1,TMA00316,CGRP-Gamma 1,False,False,False,none
idekiila-1,TMA00316,CGRP-Eta,False,False,False,none
idekjhoc-1,TMA00316,CGRP-Gamma 1,False,False,False,none
idelpfia-1,TMA00316,CGRP-Zeta,False,False,False,none
idfajenj-1,TMA00316,CGRP-Eta,False,False,False,none
idfbhdih-1,TMA00316,TrpM8,False,False,False,none
idfcnjfk-1,TMA00316,CGRP-Gamma 1,False,False,False,none
idfdddca-1,TMA00316,CGRP-Gamma 1,False,False,False,none
idfhecam-1,TMA00316,Nonpeptidergic nociceptors,False,False,False,none
idfljoif-1,TMA00316,Proprioceptors,False,False,False,none
idfmddko-1,TMA00316,CGRP-Gamma 1,False,False,False,none
idfofjkp-1,TMA00316,Abeta-Field,False,False,False,none
idgdbmnm-1,TMA00316,CGRP-Gamma 1,False,False,False,none
idgieifj-1,TMA00316,CGRP-Gamma 2,False,False,False,none
idglekjl-1,TMA00316,CGRP-Gamma 1,False,False,False,none
idhaggal-1,TMA00316,CGRP-Alpha,False,False,False,none
idhclalj-1,TMA00316,CGRP-Gamma 1,False,False,False,none
idhjklob-1,TMA00316,CGRP-Eta,False,False,False,none
idhlflim-1,TMA00316,CGRP-Gamma 1,False,False,False,none
idiapnnh-1,TMA00316,CGRP-Alpha,False,False,False,none
idigcaio-1,TMA00316,CGRP-Gamma 1,False,False,False,none
idjbhdhp-1,TMA00316,CGRP-Theta,False,False,False,none
idjdbmdk-1,TMA00316,C-LTMR,False,False,False,none
idjhfncg-1,TMA00316,CGRP-Theta,False,False,False,none
idjifpnf-1,TMA00316,CGRP-Eta,False,False,False,none
idjmmmmi-1,TMA00316,Nonpeptidergic nociceptors,True,False,False,EGFP_Seq1_hi
idjmmokp-1,TMA00316,Adelta-LTMR,False,False,False,none
idjpoojn-1,TMA00316,CGRP-Gamma 1,False,False,False,none
idkalmmc-1,TMA00316,CGRP-Eta,False,False,False,none
idkblmcj-1,TMA00316,CGRP-Eta,False,False,False,none
idkcljmi-1,TMA00316,CGRP-Gamma 1,False,False,False,none
idkgdajd-1,TMA00316,CGRP-Alpha,False,False,False,none
idkhohcm-1,TMA00316,CGRP-Gamma 1,False,False,False,none
idkjngck-1,TMA00316,Nonpeptidergic nociceptors,False,False,False,none
idklcllg-1,TMA00316,CGRP-Gamma 2,False,True,False,dTomato_Seq2_hi
idknjnfe-1,TMA00316,CGRP-Eta,False,False,False,none
idkphfaa-1,TMA00316,CGRP-Epsilion,False,False,False,none
idlgbdcm-1,TMA00316,Nonpeptidergic nociceptors,False,False,False,none
idlpnjoe-1,TMA00316,CGRP-Gamma 1,False,False,False,none
idmdfpgd-1,TMA00316,CGRP-Alpha,False,False,False,none
idmfdhpi-1,TMA00316,CGRP-Gamma 1,False,True,False,dTomato_Seq2_hi
idnbnmcn-1,TMA00316,Abeta-Field,False,False,False,none
idndaljl-1,TMA00316,Abeta-Field,False,False,False,none
idnephap-1,TMA00316,CGRP-Eta,False,False,False,none
idnjlabm-1,TMA00316,C-LTMR,False,False,False,none
idnnnlej-1,TMA00316,CGRP-Alpha,False,False,False,none
idoedjod-1,TMA00316,CGRP-Gamma 1,False,False,False,none
idonlcee-1,TMA00316,TrpM8,False,False,False,none
idpcpkgc-1,TMA00316,CGRP-Gamma 1,False,False,False,none
idpfajmj-1,TMA00316,CGRP-Theta,False,False,False,none
idpinagf-1,TMA00316,CGRP-Gamma 1,False,False,False,none
idpkbofd-1,TMA00316,CGRP-Gamma 1,False,False,False,none
idploeim-1,TMA00316,CGRP-Theta,False,False,False,none
ieaggmoc-1,TMA00316,CGRP-Theta,False,False,False,none
ieajbppp-1,TMA00316,Nonpeptidergic nociceptors,False,False,False,none
ieakdeka-1,TMA00316,Nonpeptidergic nociceptors,False,False,False,none
iecbgkae-1,TMA00316,CGRP-Eta,False,False,False,none
ieciifin-1,TMA00316,CGRP-Gamma 1,False,False,False,none
iecjiofa-1,TMA00316,TrpM8,False,False,False,none
iecnealh-1,TMA00316,Sst,False,False,False,none
iecneclk-1,TMA00316,CGRP-Alpha,False,False,False,none
iecpkifo-1,TMA00316,CGRP-Alpha,False,False,False,none
iedfnebk-1,TMA00316,CGRP-Gamma 1,False,False,False,none
iedjbill-1,TMA00316,Abeta-Field,False,False,False,none
iednjmgp-1,TMA00316,CGRP-Gamma 1,False,False,False,none
iedofhml-1,TMA00316,CGRP-Gamma 1,False,False,False,none
iedphjnk-1,TMA00316,CGRP-Gamma 1,False,False,False,none
ieeapoce-1,TMA00316,Abeta-RA-LTMR,False,False,False,none
ieeihdff-1,TMA00316,Proprioceptors,False,False,False,none
ieejeakl-1,TMA00316,CGRP-Gamma 1,False,False,False,none
iefeakip-1,TMA00316,CGRP-Gamma 1,False,False,False,none
iefofoip-1,TMA00316,Nonpeptidergic nociceptors,False,False,False,none
ieggdhca-1,TMA00316,Proprioceptors,False,False,False,none
iegkefac-1,TMA00316,C-LTMR,False,False,False,none
iegohmhj-1,TMA00316,CGRP-Eta,False,False,False,none
iegolkop-1,TMA00316,Nonpeptidergic nociceptors,False,False,False,none
iehcchpd-1,TMA00316,CGRP-Eta,False,False,False,none
iehdjkgm-1,TMA00316,Abeta-Field,False,False,False,none
iehfjmmn-1,TMA00316,CGRP-Gamma 1,False,False,False,none
iehhpend-1,TMA00316,CGRP-Eta,False,False,False,none
iehideaa-1,TMA00316,CGRP-Gamma 1,False,False,False,none
iehkeonn-1,TMA00316,CGRP-Gamma 1,False,False,False,none
iehkjcln-1,TMA00316,CGRP-Eta,False,True,False,dTomato_Seq2_hi
iejdfkck-1,TMA00316,CGRP-Eta,False,False,False,none
iejeopfa-1,TMA00316,CGRP-Eta,False,False,False,none
iejggbdk-1,TMA00316,CGRP-Eta,False,False,False,none
iejhdhfo-1,TMA00316,Abeta-Field,False,False,False,none
iejjlkkg-1,TMA00316,Abeta-Field,False,False,False,none
iejoompf-1,TMA00316,CGRP-Eta,False,False,False,none
iekfbobh-1,TMA00316,Abeta-Field,False,False,False,none
iekgpenb-1,TMA00316,CGRP-Gamma 1,False,False,False,none
iekiffgc-1,TMA00316,Nonpeptidergic nociceptors,False,False,False,none
ieklngec-1,TMA00316,CGRP-Gamma 1,False,False,False,none
iekloeic-1,TMA00316,CGRP-Gamma 1,False,False,False,none
iekpnnbl-1,TMA00316,Nonpeptidergic nociceptors,False,False,False,none
ielcnebm-1,TMA00316,Adelta-LTMR,False,False,False,none
iemkpejp-1,TMA00316,CGRP-Beta,False,False,False,none
ienabihg-1,TMA00316,Proprioceptors,False,False,False,none
ienkgand-1,TMA00316,CGRP-Gamma 1,False,False,False,none
ienlfnoo-1,TMA00316,CGRP-Gamma 1,False,False,False,none
ienlnnij-1,TMA00316,CGRP-Gamma 1,False,False,False,none
ienngfom-1,TMA00316,Nonpeptidergic nociceptors,False,False,False,none
ieoahcok-1,TMA00316,Proprioceptors,False,False,False,none
ieokocoh-1,TMA00316,CGRP-Gamma 1,False,False,False,none
ieoofmpe-1,TMA00316,CGRP-Gamma 1,False,False,False,none
iepeiili-1,TMA00316,CGRP-Gamma 1,False,False,False,none
iepfohal-1,TMA00316,Nonpeptidergic nociceptors,False,False,False,none
ifcmdbkl-1,TMA00316,CGRP-Gamma 1,False,False,False,none
ifdcpohd-1,TMA00316,Sst,False,False,False,none
ifdpfgdp-1,TMA00316,CGRP-Alpha,False,False,False,none
ifdplpbm-1,TMA00316,CGRP-Gamma 1,False,False,False,none
ifmainel-1,TMA00316,Abeta-Field,False,False,False,none
ifnnecbh-1,TMA00316,Abeta-Field,False,False,False,none
ifogjnof-1,TMA00316,CGRP-Eta,False,False,False,none
ifoimbpf-1,TMA00316,CGRP-Eta,False,False,False,none
ifolmena-1,TMA00316,CGRP-Gamma 2,False,False,False,none
ifomljpg-1,TMA00316,CGRP-Gamma 2,False,False,False,none
ifpajpkm-1,TMA00316,CGRP-Gamma 2,False,False,False,none
ifpeaaff-1,TMA00316,CGRP-Gamma 1,False,False,False,none
ifpgjkja-1,TMA00316,CGRP-Eta,False,False,False,none
igabbkof-1,TMA00316,CGRP-Alpha,False,False,False,none
igdpnfhn-1,TMA00316,CGRP-Gamma 1,False,False,False,none
igecbocm-1,TMA00316,CGRP-Alpha,False,False,False,none
igekkepl-1,TMA00316,TrpM8,False,False,False,none
igfaifle-1,TMA00316,TrpM8,False,False,False,none
igfpppfo-1,TMA00316,CGRP-Eta,False,False,False,none
iggdpfmk-1,TMA00316,Abeta-Field,False,False,False,none
iggfpnah-1,TMA00316,CGRP-Eta,False,False,False,none
igggnfbc-1,TMA00316,CGRP-Eta,False,False,False,none
igghapnm-1,TMA00316,CGRP-Eta,False,False,False,none
iggpmbbm-1,TMA00316,CGRP-Eta,False,False,False,none
ighfhekl-1,TMA00316,CGRP-Eta,False,False,False,none
ighnklek-1,TMA00316,TrpM8,False,False,False,none
igjlcilb-1,TMA00316,Sst,False,False,False,none
igjlijag-1,TMA00316,TrpM8,False,False,False,none
igkiekcc-1,TMA00316,CGRP-Epsilion,False,False,False,none
iglipcpo-1,TMA00316,CGRP-Gamma 1,False,False,False,none
igmffdpm-1,TMA00316,CGRP-Gamma 1,False,False,False,none
igmgipme-1,TMA00316,CGRP-Epsilion,False,False,False,none
igmiopgp-1,TMA00316,TrpM8,False,False,False,none
igmjjjam-1,TMA00316,CGRP-Gamma 1,False,False,False,none
igmlhjon-1,TMA00316,CGRP-Gamma 1,False,False,False,none
igmnbgom-1,TMA00316,TrpM8,False,False,False,none
igndogpf-1,TMA00316,TrpM8,False,False,False,none
igofgoec-1,TMA00316,CGRP-Eta,False,False,False,none
igopidkm-1,TMA00316,CGRP-Gamma 2,False,False,False,none
igpadlfb-1,TMA00316,CGRP-Eta,False,False,False,none
igpfnmon-1,TMA00316,CGRP-Gamma 2,False,False,False,none
igpgpecn-1,TMA00316,TrpM8,False,False,False,none
igphficd-1,TMA00316,CGRP-Gamma 1,False,False,False,none
igpljkkb-1,TMA00316,CGRP-Eta,False,False,False,none
ihbcjmbl-1,TMA00316,CGRP-Theta,False,False,False,none
ihccoegn-1,TMA00316,CGRP-Theta,False,False,False,none
ihceonej-1,TMA00316,CGRP-Theta,False,False,False,none
ihcfmkii-1,TMA00316,CGRP-Theta,False,False,False,none
ihenbdbp-1,TMA00316,Sst,False,False,False,none
iheniolo-1,TMA00316,Sst,False,False,False,none
ihfdmkdn-1,TMA00316,Sst,False,False,False,none
ihlgkgak-1,TMA00316,CGRP-Alpha,False,False,False,none
ihlmcjkp-1,TMA00316,CGRP-Eta,False,False,False,none
ihpdkefc-1,TMA00316,CGRP-Eta,False,False,False,none
ihpdofmk-1,TMA00316,Abeta-Field,False,False,False,none
iionljlb-1,TMA00316,CGRP-Gamma 1,False,False,False,none
iiooaacl-1,TMA00316,CGRP-Alpha,False,False,False,none
iiopobkj-1,TMA00316,CGRP-Gamma 1,False,False,False,none
iipdafop-1,TMA00316,CGRP-Gamma 1,False,False,False,none
ijmebolj-1,TMA00316,CGRP-Gamma 2,False,False,False,none
ijmgfbmi-1,TMA00316,TrpM8,False,False,False,none
ijmkfkgb-1,TMA00316,CGRP-Theta,False,False,False,none
ijmlaioa-1,TMA00316,Nonpeptidergic nociceptors,False,False,False,none
ijmlgdob-1,TMA00316,CGRP-Alpha,False,False,False,none
ijmmdboj-1,TMA00316,CGRP-Alpha,False,False,False,none
ijmmnoco-1,TMA00316,Nonpeptidergic nociceptors,False,False,False,none
ijmobkcf-1,TMA00316,Sst,False,False,False,none
ijmpkhjc-1,TMA00316,Nonpeptidergic nociceptors,False,False,False,none
ijmpldol-1,TMA00316,Sst,False,False,False,none
ijnacnmh-1,TMA00316,CGRP-Theta,False,False,False,none
ijncdphn-1,TMA00316,Sst,False,False,False,none
ijndahbk-1,TMA00316,C-LTMR,False,False,False,none
ijneinhd-1,TMA00316,C-LTMR,False,False,False,none
ijnlbpmc-1,TMA00316,CGRP-Beta,False,False,False,none
ijnocojp-1,TMA00316,CGRP-Gamma 1,False,False,False,none
ijofbafo-1,TMA00316,CGRP-Alpha,False,False,False,none
ijokcekn-1,TMA00316,C-LTMR,False,False,False,none
ijooefko-1,TMA00316,CGRP-Gamma 1,False,False,False,none
ijoolgfd-1,TMA00316,C-LTMR,False,False,False,none
ijpbppdc-1,TMA00316,CGRP-Beta,False,False,False,none
ijpdfjfg-1,TMA00316,Nonpeptidergic nociceptors,False,False,False,none
ijpecicc-1,TMA00316,C-LTMR,False,False,False,none
ijpgkmia-1,TMA00316,CGRP-Gamma 1,False,False,False,none
ijpgledi-1,TMA00316,Nonpeptidergic nociceptors,False,False,False,none
ijpjhdml-1,TMA00316,CGRP-Gamma 1,False,False,False,none
ijplgpfe-1,TMA00316,CGRP-Beta,False,False,False,none
ijpmhmje-1,TMA00316,Nonpeptidergic nociceptors,False,False,False,none
ijpnekca-1,TMA00316,CGRP-Eta,False,False,False,none
ikabjnof-1,TMA00316,TrpM8,False,False,False,none
ikaeifoa-1,TMA00316,Nonpeptidergic nociceptors,False,False,False,none
ikafphdg-1,TMA00316,TrpM8,False,False,False,none
ikagapio-1,TMA00316,TrpM8,False,False,False,none
ikbeammf-1,TMA00316,Sst,False,False,False,none
ikbjdgmg-1,TMA00316,Nonpeptidergic nociceptors,False,False,False,none
ikbjnokl-1,TMA00316,TrpM8,False,False,False,none
ikbpodmo-1,TMA00316,TrpM8,False,False,False,none
ikcfdpmo-1,TMA00316,Nonpeptidergic nociceptors,False,False,False,none
ikcplpfl-1,TMA00316,Nonpeptidergic nociceptors,False,False,False,none
ikddioda-1,TMA00316,Nonpeptidergic nociceptors,False,False,False,none
ikebgeli-1,TMA00316,Sst,False,False,False,none
ikeehjhh-1,TMA00316,TrpM8,False,False,False,none
ikehjabo-1,TMA00316,Nonpeptidergic nociceptors,False,False,False,none
ikejmmoo-1,TMA00316,CGRP-Gamma 1,False,False,False,none
ikemfhjb-1,TMA00316,Nonpeptidergic nociceptors,False,False,False,none
ikfodnle-1,TMA00316,Nonpeptidergic nociceptors,False,False,False,none
ikfpkgng-1,TMA00316,CGRP-Epsilion,False,False,False,none
ikfpndmk-1,TMA00316,TrpM8,False,False,False,none
ikgbcbod-1,TMA00316,CGRP-Zeta,False,False,False,none
ikgfjgmo-1,TMA00316,Proprioceptors,False,False,False,none
ikhcanll-1,TMA00316,CGRP-Zeta,False,False,False,none
ikhfbpdl-1,TMA00316,TrpM8,False,False,False,none
ikhjegpj-1,TMA00316,CGRP-Theta,False,False,False,none
ikieiblo-1,TMA00316,Sst,False,False,False,none
ikipbegp-1,TMA00316,CGRP-Gamma 1,False,False,False,none
ikjidafl-1,TMA00316,CGRP-Theta,False,False,False,none
ikjkfdbi-1,TMA00316,CGRP-Theta,False,False,False,none
ikjojidj-1,TMA00316,CGRP-Gamma 1,False,False,False,none
ikjomeoo-1,TMA00316,CGRP-Gamma 1,False,False,False,none
ikjpengf-1,TMA00316,CGRP-Eta,False,False,False,none
ikkckhpi-1,TMA00316,Nonpeptidergic nociceptors,False,False,False,none
ikkdibeo-1,TMA00316,Sst,False,False,False,none
ikkkaiin-1,TMA00316,Nonpeptidergic nociceptors,False,False,False,none
ikknmoia-1,TMA00316,Sst,False,False,False,none
iklaocoj-1,TMA00316,Sst,False,False,False,none
ikldkneh-1,TMA00316,Sst,False,False,False,none
iklkfomp-1,TMA00316,CGRP-Gamma 1,False,False,False,none
ikmmbpap-1,TMA00316,C-LTMR,False,False,False,none
iknaiokd-1,TMA00316,CGRP-Gamma 1,False,False,False,none
ikockcij-1,TMA00316,CGRP-Gamma 1,False,False,False,none
ikodaohm-1,TMA00316,CGRP-Gamma 2,False,False,False,none
ikodojhp-1,TMA00316,CGRP-Gamma 1,False,False,False,none
ikoikood-1,TMA00316,CGRP-Gamma 1,False,False,False,none
ikonmjpm-1,TMA00316,CGRP-Gamma 1,False,False,False,none
ikpnlfdp-1,TMA00316,CGRP-Gamma 1,False,False,False,none
ikpooiei-1,TMA00316,CGRP-Gamma 1,False,False,False,none
ilaibbga-1,TMA00316,CGRP-Gamma 1,False,False,False,none
ilandacp-1,TMA00316,C-LTMR,False,False,False,none
ilapkmlm-1,TMA00316,TrpM8,False,False,False,none
ilbejekc-1,TMA00316,TrpM8,False,False,False,none
ilbfmnlm-1,TMA00316,C-LTMR,False,False,False,none
ilbhpiep-1,TMA00316,TrpM8,False,False,False,none
ilcboaee-1,TMA00316,CGRP-Gamma 1,False,False,False,none
ilcfdggk-1,TMA00316,CGRP-Gamma 2,False,False,False,none
ilcjekdp-1,TMA00316,Nonpeptidergic nociceptors,False,False,False,none
ilcnclgk-1,TMA00316,Nonpeptidergic nociceptors,False,False,False,none
ilcpffgl-1,TMA00316,Nonpeptidergic nociceptors,False,False,False,none
ildamlon-1,TMA00316,Nonpeptidergic nociceptors,False,False,False,none
ildhhcmf-1,TMA00316,Sst,False,False,False,none
ildkhcfg-1,TMA00316,Sst,False,False,False,none
ilejniol-1,TMA00316,Nonpeptidergic nociceptors,False,False,False,none
ileoclce-1,TMA00316,Nonpeptidergic nociceptors,False,False,False,none
ileofnbg-1,TMA00316,Sst,False,False,False,none
ilfajjhp-1,TMA00316,Sst,False,False,False,none
ilfaoolm-1,TMA00316,Nonpeptidergic nociceptors,False,False,False,none
ilfcfinh-1,TMA00316,Sst,False,False,False,none
ilfeahla-1,TMA00316,Nonpeptidergic nociceptors,False,False,False,none
ilfedhli-1,TMA00316,Sst,False,False,False,none
ilfldebp-1,TMA00316,Sst,False,False,False,none
ilfohkpl-1,TMA00316,CGRP-Gamma 1,False,False,False,none
ilfpeeof-1,TMA00316,CGRP-Alpha,False,False,False,none
ilgcnofh-1,TMA00316,TrpM8,False,False,False,none
ilgdbkjf-1,TMA00316,TrpM8,False,False,False,none
ilgeokec-1,TMA00316,TrpM8,False,False,False,none
ilggcblf-1,TMA00316,Nonpeptidergic nociceptors,False,False,False,none
ilgjhfeh-1,TMA00316,CGRP-Eta,False,False,False,none
ilgjnicc-1,TMA00316,CGRP-Gamma 2,False,False,False,none
ilgpcidb-1,TMA00316,Sst,False,False,False,none
ilhcicoe-1,TMA00316,Sst,False,False,False,none
ilheonnm-1,TMA00316,Sst,False,False,False,none
ilhjibpo-1,TMA00316,CGRP-Eta,False,False,False,none
ilhjpcje-1,TMA00316,Sst,False,False,False,none
ilhljcpd-1,TMA00316,Sst,False,False,False,none
ilhmhfje-1,TMA00316,Abeta-Field,False,False,False,none
ilhphbnb-1,TMA00316,CGRP-Eta,False,False,False,none
ilimbjkm-1,TMA00316,TrpM8,False,False,False,none
ilimjipe-1,TMA00316,TrpM8,False,False,False,none
ilimocjm-1,TMA00316,CGRP-Beta,False,False,False,none
ilinegfm-1,TMA00316,CGRP-Gamma 1,False,False,False,none
iljdegjm-1,TMA00316,CGRP-Epsilion,False,False,False,none
iljgbggo-1,TMA00316,TrpM8,False,False,False,none
iljigkja-1,TMA00316,TrpM8,False,False,False,none
iljipllk-1,TMA00316,CGRP-Eta,False,False,False,none
iljjclni-1,TMA00316,TrpM8,False,False,False,none
iljjmmaa-1,TMA00316,Nonpeptidergic nociceptors,False,False,False,none
iljjnobc-1,TMA00316,Nonpeptidergic nociceptors,False,False,False,none
iljleckh-1,TMA00316,Nonpeptidergic nociceptors,False,False,False,none
iljlgglg-1,TMA00316,Nonpeptidergic nociceptors,False,False,False,none
iljonbmj-1,TMA00316,Nonpeptidergic nociceptors,False,False,False,none
ilkadjjg-1,TMA00316,Nonpeptidergic nociceptors,False,False,False,none
ilkbnngc-1,TMA00316,CGRP-Theta,False,False,False,none
ilkcngkk-1,TMA00316,Nonpeptidergic nociceptors,False,False,False,none
ilkhjffh-1,TMA00316,CGRP-Theta,False,False,False,none
ilkkhmnp-1,TMA00316,Nonpeptidergic nociceptors,False,False,False,none
ilkmakae-1,TMA00316,TrpM8,False,False,False,none
ilkpekeh-1,TMA00316,Abeta-Field,False,False,False,none
illbpadf-1,TMA00316,TrpM8,False,False,False,none
illcpdoa-1,TMA00316,CGRP-Eta,False,False,False,none
illlblnk-1,TMA00316,CGRP-Gamma 1,False,False,False,none
ilmfmilo-1,TMA00316,Proprioceptors,False,False,False,none
ilmhjjig-1,TMA00316,Sst,False,False,False,none
ilmilpgg-1,TMA00316,TrpM8,False,False,False,none
ilmmchme-1,TMA00316,CGRP-Gamma 1,False,False,False,none
ilmnmofm-1,TMA00316,CGRP-Gamma 1,False,False,False,none
ilmomolm-1,TMA00316,CGRP-Gamma 1,False,False,False,none
ilnebdam-1,TMA00316,Abeta-Field,False,False,False,none
ilnipeap-1,TMA00316,CGRP-Gamma 1,False,False,False,none
ilocdjkb-1,TMA00316,Nonpeptidergic nociceptors,False,False,False,none
iloclaaf-1,TMA00316,CGRP-Gamma 1,False,False,False,none
ilodekgg-1,TMA00316,CGRP-Gamma 1,False,False,False,none
ilokeabp-1,TMA00316,CGRP-Beta,False,False,False,none
ilpfiiea-1,TMA00316,CGRP-Gamma 1,False,False,False,none
ilpfioba-1,TMA00316,TrpM8,False,False,False,none
ilpfpalk-1,TMA00316,TrpM8,False,False,False,none
ilpicgdf-1,TMA00316,CGRP-Eta,False,False,False,none
ilpkafjh-1,TMA00316,CGRP-Eta,False,False,False,none
imacnkfp-1,TMA00316,CGRP-Gamma 1,False,False,False,none
imaeklpb-1,TMA00316,CGRP-Gamma 1,False,False,False,none
imaemlai-1,TMA00316,CGRP-Gamma 2,False,False,False,none
imajpmmf-1,TMA00316,CGRP-Gamma 1,False,False,False,none
imambefd-1,TMA00316,CGRP-Gamma 1,False,False,False,none
imcbcjhf-1,TMA00316,CGRP-Beta,False,False,False,none
imckghgc-1,TMA00316,CGRP-Gamma 2,False,False,False,none
imclpngb-1,TMA00316,CGRP-Gamma 2,False,False,False,none
imcmdbbg-1,TMA00316,CGRP-Eta,True,False,False,EGFP_Seq1_hi
imcopfak-1,TMA00316,Nonpeptidergic nociceptors,False,False,False,none
imcpgdkf-1,TMA00316,CGRP-Gamma 2,False,False,False,none
imcphlme-1,TMA00316,CGRP-Eta,False,False,False,none
imdciapj-1,TMA00316,CGRP-Eta,False,False,False,none
imdljhec-1,TMA00316,Nonpeptidergic nociceptors,False,False,False,none
imdoohlf-1,TMA00316,CGRP-Gamma 1,False,False,False,none
imephfim-1,TMA00316,CGRP-Gamma 1,False,False,False,none
imfbedbh-1,TMA00316,CGRP-Eta,False,False,False,none
imfeknfm-1,TMA00316,CGRP-Gamma 2,False,False,False,none
imfhpffj-1,TMA00316,CGRP-Eta,False,False,False,none
imgnopdo-1,TMA00316,CGRP-Gamma 2,False,False,False,none
imhoglnn-1,TMA00316,CGRP-Theta,False,False,False,none
incddgip-1,TMA00316,CGRP-Zeta,False,False,False,none
inceihja-1,TMA00316,CGRP-Gamma 1,False,False,False,none
indaginh-1,TMA00316,TrpM8,False,False,False,none
indchkmd-1,TMA00316,TrpM8,False,False,False,none
indelhml-1,TMA00316,CGRP-Zeta,False,False,False,none
indgejnd-1,TMA00316,Nonpeptidergic nociceptors,False,False,False,none
indgijkb-1,TMA00316,CGRP-Eta,False,False,False,none
ineeoano-1,TMA00316,Nonpeptidergic nociceptors,False,False,False,none
infbamkl-1,TMA00316,Nonpeptidergic nociceptors,False,False,False,none
inhabgda-1,TMA00316,TrpM8,False,False,False,none
inhbnhee-1,TMA00316,TrpM8,False,False,False,none
inhfopog-1,TMA00316,CGRP-Alpha,False,False,False,none
inhhjakg-1,TMA00316,CGRP-Alpha,False,False,False,none
inhkogbh-1,TMA00316,TrpM8,False,False,False,none
inkfgibe-1,TMA00316,TrpM8,False,False,False,none
inkfpdgh-1,TMA00316,CGRP-Gamma 1,False,False,False,none
inklmaij-1,TMA00316,TrpM8,False,False,False,none
inkmeinj-1,TMA00316,C-LTMR,False,False,False,none
inkoioag-1,TMA00316,CGRP-Gamma 2,False,False,False,none
inlaojbn-1,TMA00316,TrpM8,False,False,False,none
inlbfpkb-1,TMA00316,TrpM8,False,False,False,none
inlfgkjo-1,TMA00316,Sst,False,False,False,none
inlhklnk-1,TMA00316,Sst,False,False,False,none
inllljfp-1,TMA00316,CGRP-Eta,False,False,False,none
inlodpjk-1,TMA00316,CGRP-Gamma 1,False,False,False,none
inlojkbk-1,TMA00316,TrpM8,False,False,False,none
inloloid-1,TMA00316,CGRP-Eta,False,False,False,none
inmkfibd-1,TMA00316,TrpM8,False,False,False,none
inmpgmbo-1,TMA00316,CGRP-Gamma 1,False,False,False,none
inncccco-1,TMA00316,CGRP-Alpha,False,False,False,none
innhcplf-1,TMA00316,Abeta-Field,False,False,False,none
innimoje-1,TMA00316,CGRP-Gamma 1,False,False,False,none
innjckhm-1,TMA00316,CGRP-Gamma 2,False,False,False,none
innjhcbe-1,TMA00316,CGRP-Gamma 1,False,False,False,none
innkalpo-1,TMA00316,CGRP-Gamma 2,False,False,False,none
innlmfeb-1,TMA00316,CGRP-Gamma 1,False,False,False,none
innmflad-1,TMA00316,CGRP-Gamma 1,False,False,False,none
inoalhep-1,TMA00316,CGRP-Eta,False,False,False,none
inoblpdg-1,TMA00316,CGRP-Eta,False,False,False,none
inodnkgn-1,TMA00316,TrpM8,False,False,False,none
inojopbg-1,TMA00316,CGRP-Eta,False,False,False,none
inpalhmp-1,TMA00316,CGRP-Gamma 1,False,False,False,none
inpanbbg-1,TMA00316,Sst,False,False,False,none
inpclfmn-1,TMA00316,CGRP-Gamma 1,False,False,False,none
inpelbdk-1,TMA00316,CGRP-Gamma 2,False,False,False,none
inphcepp-1,TMA00316,CGRP-Gamma 1,False,False,False,none
inpiejfo-1,TMA00316,CGRP-Gamma 1,False,False,False,none
ioabfngk-1,TMA00316,C-LTMR,False,False,False,none
ioaclbgb-1,TMA00316,CGRP-Gamma 1,False,False,False,none
iocbndmc-1,TMA00316,TrpM8,False,False,False,none
iocgmdmd-1,TMA00316,Sst,False,False,False,none
iocgpadd-1,TMA00316,TrpM8,False,False,False,none
iochlnpm-1,TMA00316,CGRP-Beta,False,False,False,none
iockkgnk-1,TMA00316,TrpM8,False,False,False,none
ioedjpok-1,TMA00316,C-LTMR,False,False,False,none
iofbnkdc-1,TMA00316,Nonpeptidergic nociceptors,False,False,False,none
iofkkfka-1,TMA00316,Nonpeptidergic nociceptors,False,False,False,none
iohmagff-1,TMA00316,CGRP-Eta,False,False,False,none
iohnnlal-1,TMA00316,Nonpeptidergic nociceptors,False,False,False,none
ioiacnle-1,TMA00316,Nonpeptidergic nociceptors,False,False,False,none
ioippoja-1,TMA00316,Nonpeptidergic nociceptors,False,False,False,none
iokonnjg-1,TMA00316,Nonpeptidergic nociceptors,False,False,False,none
ionfhnie-1,TMA00316,Sst,False,False,False,none
ionnfepn-1,TMA00316,CGRP-Eta,False,False,False,none
iooekhla-1,TMA00316,CGRP-Zeta,False,False,False,none
ioolohgi-1,TMA00316,Nonpeptidergic nociceptors,False,False,False,none
ioooonhl-1,TMA00316,Nonpeptidergic nociceptors,False,False,False,none
iopafgoh-1,TMA00316,CGRP-Theta,False,False,False,none
iopcemob-1,TMA00316,Nonpeptidergic nociceptors,False,False,False,none
iopionip-1,TMA00316,CGRP-Zeta,False,False,False,none
iopkecmj-1,TMA00316,CGRP-Zeta,False,False,False,none
iopljoka-1,TMA00316,CGRP-Gamma 2,False,False,False,none
ipajlkhd-1,TMA00316,Sst,False,False,False,none
ipamncea-1,TMA00316,Sst,False,False,False,none
ipanodfi-1,TMA00316,Nonpeptidergic nociceptors,False,False,False,none
ipaoeneb-1,TMA00316,Abeta-Field,False,False,False,none
ipbgbmcc-1,TMA00316,Nonpeptidergic nociceptors,False,False,False,none
ipbiicho-1,TMA00316,Nonpeptidergic nociceptors,False,False,False,none
ipbmjbno-1,TMA00316,Nonpeptidergic nociceptors,False,False,False,none
ipcblgjg-1,TMA00316,Nonpeptidergic nociceptors,False,False,False,none
ipcdlcgb-1,TMA00316,Nonpeptidergic nociceptors,False,False,False,none
ipcfbppo-1,TMA00316,Nonpeptidergic nociceptors,False,False,False,none
ipcgifie-1,TMA00316,Abeta-Field,True,False,False,EGFP_Seq1_hi
ipcpcdmc-1,TMA00316,CGRP-Zeta,False,False,False,none
ipcpmndc-1,TMA00316,C-LTMR,False,False,False,none
ipdipcbf-1,TMA00316,CGRP-Zeta,False,False,False,none
ipdjdfcm-1,TMA00316,CGRP-Eta,False,False,False,none
ipdllpli-1,TMA00316,Abeta-RA-LTMR,False,False,False,none
ipdmaddn-1,TMA00316,Abeta-RA-LTMR,False,False,False,none
ipdoopni-1,TMA00316,CGRP-Eta,False,False,False,none
ipebdeei-1,TMA00316,CGRP-Gamma 1,False,False,False,none
ipecjdkn-1,TMA00316,CGRP-Gamma 1,False,False,False,none
ipegfkfo-1,TMA00316,Proprioceptors,False,False,False,none
ipeiiofe-1,TMA00316,Abeta-RA-LTMR,False,False,False,none
ipemmkbg-1,TMA00316,CGRP-Zeta,False,False,False,none
ipenpboa-1,TMA00316,Abeta-Field,False,False,False,none
ipfbjgmn-1,TMA00316,Abeta-Field,False,False,False,none
ipfceinl-1,TMA00316,CGRP-Epsilion,False,False,False,none
ipffcecm-1,TMA00316,CGRP-Epsilion,False,False,False,none
ipgajmco-1,TMA00316,CGRP-Zeta,False,False,False,none
ipgiepmg-1,TMA00316,CGRP-Zeta,False,False,False,none
ipgkhamh-1,TMA00316,CGRP-Epsilion,False,False,False,none
ipgkkkce-1,TMA00316,Adelta-LTMR,False,False,False,none
ipgnmlap-1,TMA00316,Adelta-LTMR,False,False,False,none
ipioieke-1,TMA00316,CGRP-Zeta,False,False,False,none
ipjjmpdc-1,TMA00316,CGRP-Gamma 1,False,False,False,none
ipjnloda-1,TMA00316,C-LTMR,False,False,False,none
ipjnpgfi-1,TMA00316,CGRP-Theta,False,False,False,none
ipjpfokm-1,TMA00316,Sst,False,False,False,none
ipkgepko-1,TMA00316,Sst,False,False,False,none
ipkgpjho-1,TMA00316,Nonpeptidergic nociceptors,False,False,False,none
ipkjkmce-1,TMA00316,Nonpeptidergic nociceptors,False,False,False,none
ipklmchb-1,TMA00316,CGRP-Gamma 1,False,False,False,none
ipkpjgfh-1,TMA00316,CGRP-Gamma 1,False,False,False,none
iplmnfgc-1,TMA00316,CGRP-Theta,False,False,False,none
iplnddff-1,TMA00316,CGRP-Theta,False,False,False,none
ipmebdin-1,TMA00316,Abeta-RA-LTMR,False,False,False,none
ipmeiobl-1,TMA00316,Nonpeptidergic nociceptors,False,False,False,none
ipmfckdb-1,TMA00316,CGRP-Gamma 1,False,False,False,none
ipmgkiif-1,TMA00316,CGRP-Zeta,False,False,False,none
ipmkmdae-1,TMA00316,CGRP-Theta,False,False,False,none
ipncoibi-1,TMA00316,Abeta-Field,False,False,False,none
ipndfdno-1,TMA00316,CGRP-Zeta,False,False,False,none
ipneokol-1,TMA00316,CGRP-Gamma 2,False,True,False,dTomato_Seq2_hi
ipnlmiko-1,TMA00316,CGRP-Gamma 1,False,False,False,none
ipnocpeg-1,TMA00316,Abeta-Field,False,False,False,none
ipocoaof-1,TMA00316,CGRP-Zeta,False,False,False,none
ipofldfk-1,TMA00316,Abeta-Field,False,False,False,none
ipohnbcf-1,TMA00316,CGRP-Theta,False,False,False,none
ipokldgn-1,TMA00316,Nonpeptidergic nociceptors,False,False,False,none
ipomnodn-1,TMA00316,Nonpeptidergic nociceptors,False,False,False,none
ippbfilm-1,TMA00316,CGRP-Gamma 1,False,False,False,none
ippbhhmj-1,TMA00316,Nonpeptidergic nociceptors,False,False,False,none
ippfcjig-1,TMA00316,CGRP-Gamma 1,False,False,False,none
ipphfkbn-1,TMA00316,Nonpeptidergic nociceptors,False,False,False,none
jaadcmne-1,TMA00316,CGRP-Eta,False,False,False,none
jaadfdbp-1,TMA00316,CGRP-Eta,False,False,False,none
jaaldnnm-1,TMA00316,CGRP-Zeta,False,False,False,none
jaapnmbc-1,TMA00316,CGRP-Epsilion,False,False,False,none
jabegoni-1,TMA00316,CGRP-Zeta,False,False,False,none
jabgnmpi-1,TMA00316,TrpM8,False,False,False,none
jabihgan-1,TMA00316,CGRP-Gamma 1,False,False,False,none
jabnglih-1,TMA00316,CGRP-Epsilion,False,False,False,none
jacgemmi-1,TMA00316,Adelta-LTMR,False,False,False,none
jadcffhi-1,TMA00316,Nonpeptidergic nociceptors,False,False,False,none
jadidejc-1,TMA00316,CGRP-Theta,False,False,False,none
jadmfdil-1,TMA00316,CGRP-Theta,False,False,False,none
jadncjeb-1,TMA00316,CGRP-Gamma 1,False,False,False,none
jadohmnl-1,TMA00316,Adelta-LTMR,False,False,False,none
jaeaiajg-1,TMA00316,CGRP-Gamma 1,False,False,False,none
jaecbjid-1,TMA00316,CGRP-Zeta,False,False,False,none
jaecdjgb-1,TMA00316,CGRP-Zeta,False,False,False,none
jaefjiej-1,TMA00316,CGRP-Zeta,False,False,False,none
jaefkfjh-1,TMA00316,CGRP-Gamma 1,False,False,False,none
jafdnlom-1,TMA00316,Nonpeptidergic nociceptors,False,False,False,none
jafepeda-1,TMA00316,Nonpeptidergic nociceptors,False,False,False,none
jaffihbm-1,TMA00316,CGRP-Gamma 1,False,False,False,none
jafialad-1,TMA00316,CGRP-Gamma 1,False,False,False,none
jafilach-1,TMA00316,CGRP-Eta,False,False,False,none
jafkomio-1,TMA00316,CGRP-Gamma 2,False,False,False,none
jafpggpp-1,TMA00316,CGRP-Gamma 2,True,True,True,EGFP_dTomato_dual_hi
jafpnked-1,TMA00316,CGRP-Gamma 1,True,True,True,EGFP_dTomato_dual_hi
jagcbdpp-1,TMA00316,CGRP-Gamma 1,False,False,False,none
jagcghoi-1,TMA00316,CGRP-Zeta,False,False,False,none
jageeidd-1,TMA00316,TrpM8,False,False,False,none
jahcenco-1,TMA00316,CGRP-Gamma 1,False,False,False,none
jahjohfh-1,TMA00316,CGRP-Gamma 1,False,False,False,none
jaiaibel-1,TMA00316,CGRP-Gamma 1,False,False,False,none
jaidmdcd-1,TMA00316,Nonpeptidergic nociceptors,False,False,False,none
jaieiapg-1,TMA00316,Nonpeptidergic nociceptors,False,False,False,none
jaijafef-1,TMA00316,Nonpeptidergic nociceptors,False,False,False,none
jaikgmei-1,TMA00316,Nonpeptidergic nociceptors,False,False,False,none
jailmnln-1,TMA00316,Nonpeptidergic nociceptors,False,False,False,none
jainafph-1,TMA00316,CGRP-Eta,False,False,False,none
jaioaihc-1,TMA00316,Nonpeptidergic nociceptors,False,False,False,none
jajdaaao-1,TMA00316,CGRP-Theta,False,False,False,none
jajfobpn-1,TMA00316,Abeta-RA-LTMR,False,False,False,none
jajglmkn-1,TMA00316,CGRP-Eta,False,False,False,none
jajljehk-1,TMA00316,CGRP-Gamma 1,False,False,False,none
jajnkblm-1,TMA00316,CGRP-Gamma 1,False,False,False,none
jajodbpo-1,TMA00316,CGRP-Gamma 1,False,False,False,none
jakaaolb-1,TMA00316,Nonpeptidergic nociceptors,False,False,False,none
jakdfldh-1,TMA00316,C-LTMR,False,False,False,none
jalbbgdf-1,TMA00316,CGRP-Zeta,False,False,False,none
jalhgkih-1,TMA00316,CGRP-Zeta,False,False,False,none
jaliabij-1,TMA00316,CGRP-Gamma 1,False,False,False,none
jalleogj-1,TMA00316,CGRP-Gamma 1,False,False,False,none
jalnkbma-1,TMA00316,Nonpeptidergic nociceptors,False,False,False,none
jaloojkm-1,TMA00316,Nonpeptidergic nociceptors,False,False,False,none
jalpieop-1,TMA00316,CGRP-Eta,False,False,False,none
jalppfof-1,TMA00316,CGRP-Gamma 1,True,True,True,EGFP_dTomato_dual_hi
jamamene-1,TMA00316,Nonpeptidergic nociceptors,False,False,False,none
jamfeajb-1,TMA00316,CGRP-Zeta,False,False,False,none
jamgllgl-1,TMA00316,CGRP-Gamma 2,False,False,False,none
jamkoccb-1,TMA00316,TrpM8,False,False,False,none
jammahlo-1,TMA00316,Proprioceptors,False,False,False,none
jbfoefjl-1,TMA00316,CGRP-Eta,False,False,False,none
jbfojedl-1,TMA00316,CGRP-Gamma 1,False,False,False,none
jbgehcle-1,TMA00316,Sst,False,False,False,none
jbgghgco-1,TMA00316,CGRP-Gamma 1,False,False,False,none
jbgpbfno-1,TMA00316,CGRP-Epsilion,False,False,False,none
jbhbchfl-1,TMA00316,CGRP-Gamma 1,False,False,False,none
jbhfekgj-1,TMA00316,CGRP-Epsilion,False,False,False,none
jbhgcjji-1,TMA00316,CGRP-Eta,False,False,False,none
jbhggkia-1,TMA00316,CGRP-Eta,False,False,False,none
jbibfmam-1,TMA00316,TrpM8,False,False,False,none
jbigdnmj-1,TMA00316,CGRP-Gamma 1,False,False,False,none
jbincnjn-1,TMA00316,C-LTMR,False,False,False,none
jbjbfibf-1,TMA00316,CGRP-Gamma 1,False,False,False,none
jbjfnhfh-1,TMA00316,CGRP-Theta,False,False,False,none
jbjhehea-1,TMA00316,CGRP-Theta,False,False,False,none
jbjinjhf-1,TMA00316,Sst,False,False,False,none
jbjjfikg-1,TMA00316,CGRP-Gamma 1,False,False,False,none
jbjphdea-1,TMA00316,CGRP-Alpha,False,False,False,none
jbkknidl-1,TMA00316,CGRP-Epsilion,False,False,False,none
jbklfjhi-1,TMA00316,CGRP-Gamma 2,False,False,False,none
jbkpcgdb-1,TMA00316,Nonpeptidergic nociceptors,False,False,False,none
jblblnce-1,TMA00316,Nonpeptidergic nociceptors,False,False,False,none
jblenemd-1,TMA00316,C-LTMR,False,False,False,none
jblfdddj-1,TMA00316,CGRP-Gamma 1,False,False,False,none
jblfpmjd-1,TMA00316,CGRP-Gamma 1,False,False,False,none
jblhnlik-1,TMA00316,Nonpeptidergic nociceptors,False,False,False,none
jblpjdjl-1,TMA00316,Abeta-Field,False,False,False,none
jbmabfhi-1,TMA00316,CGRP-Eta,False,False,False,none
jbmfndcl-1,TMA00316,CGRP-Eta,False,False,False,none
jbmhgeme-1,TMA00316,CGRP-Alpha,False,False,False,none
jbmjhpgd-1,TMA00316,CGRP-Eta,False,False,False,none
jbmljlcm-1,TMA00316,CGRP-Gamma 1,False,False,False,none
jbnalkjl-1,TMA00316,CGRP-Zeta,False,False,False,none
jbnbfndf-1,TMA00316,CGRP-Eta,False,False,False,none
jbnfleld-1,TMA00316,Adelta-LTMR,False,False,False,none
jbnjlnmd-1,TMA00316,Adelta-LTMR,False,False,False,none
jbnkfkeb-1,TMA00316,C-LTMR,False,False,False,none
jboknbaf-1,TMA00316,CGRP-Gamma 1,False,False,False,none
jbomhmed-1,TMA00316,Adelta-LTMR,False,False,False,none
jbpdnnpc-1,TMA00316,C-LTMR,False,False,False,none
jbpedfio-1,TMA00316,CGRP-Gamma 1,False,False,False,none
jbpeihnc-1,TMA00316,CGRP-Gamma 2,False,False,False,none
jbpejdao-1,TMA00316,CGRP-Gamma 1,False,False,False,none
jbpfmkbn-1,TMA00316,TrpM8,False,False,False,none
jbphbhkp-1,TMA00316,CGRP-Zeta,False,False,False,none
jcaagehb-1,TMA00316,CGRP-Gamma 1,False,False,False,none
jcachgda-1,TMA00316,CGRP-Eta,False,False,False,none
jcadklkm-1,TMA00316,Sst,False,False,False,none
jcadmmne-1,TMA00316,CGRP-Eta,False,False,False,none
jcaeieaa-1,TMA00316,CGRP-Gamma 1,False,False,False,none
jcaiiike-1,TMA00316,TrpM8,False,False,False,none
jcalcnem-1,TMA00316,CGRP-Gamma 1,False,False,False,none
jcamfkjj-1,TMA00316,C-LTMR,False,False,False,none
jcccogle-1,TMA00316,TrpM8,False,False,False,none
jccdacpf-1,TMA00316,TrpM8,False,False,False,none
jcciklgj-1,TMA00316,TrpM8,False,False,False,none
jccliefi-1,TMA00316,CGRP-Zeta,False,False,False,none
jcdedali-1,TMA00316,CGRP-Eta,False,False,False,none
jcdjipbi-1,TMA00316,CGRP-Gamma 1,False,False,False,none
jcdnljbd-1,TMA00316,CGRP-Zeta,False,False,False,none
jceohfjk-1,TMA00316,Proprioceptors,False,False,False,none
jcepojce-1,TMA00316,CGRP-Gamma 1,False,False,False,none
jcfinpdk-1,TMA00316,Nonpeptidergic nociceptors,False,False,False,none
jcfloica-1,TMA00316,CGRP-Gamma 1,False,False,False,none
jcfnblie-1,TMA00316,CGRP-Gamma 1,False,False,False,none
jcfomoim-1,TMA00316,CGRP-Gamma 1,False,False,False,none
jcfpdabp-1,TMA00316,TrpM8,False,False,False,none
jcgbambg-1,TMA00316,CGRP-Gamma 1,False,False,False,none
jcgfjlem-1,TMA00316,CGRP-Gamma 1,False,False,False,none
jcggkieo-1,TMA00316,CGRP-Beta,False,False,False,none
jcghppio-1,TMA00316,Nonpeptidergic nociceptors,False,False,False,none
jcgilmbl-1,TMA00316,Abeta-Field,False,False,False,none
jcglajna-1,TMA00316,Nonpeptidergic nociceptors,False,False,False,none
jcgnappn-1,TMA00316,C-LTMR,False,False,False,none
jcgnniie-1,TMA00316,Nonpeptidergic nociceptors,False,False,False,none
jcgpnijd-1,TMA00316,Abeta-RA-LTMR,False,False,False,none
jchabacp-1,TMA00316,C-LTMR,False,False,False,none
jchdlhha-1,TMA00316,C-LTMR,False,False,False,none
jchgihbd-1,TMA00316,C-LTMR,False,False,False,none
jchmahok-1,TMA00316,Abeta-Field,False,False,False,none
jciaodmj-1,TMA00316,CGRP-Gamma 1,False,False,False,none
jcieodkp-1,TMA00316,TrpM8,False,False,False,none
jciepmep-1,TMA00316,TrpM8,False,False,False,none
jcihidlg-1,TMA00316,CGRP-Zeta,False,False,False,none
jcijbeok-1,TMA00316,CGRP-Zeta,False,False,False,none
jcijinhi-1,TMA00316,CGRP-Eta,False,False,False,none
jciocigi-1,TMA00316,CGRP-Eta,False,False,False,none
jcjagamf-1,TMA00316,CGRP-Beta,False,False,False,none
jcjmcoee-1,TMA00316,C-LTMR,False,False,False,none
jckbahmj-1,TMA00316,Nonpeptidergic nociceptors,False,False,False,none
jckbkbdg-1,TMA00316,C-LTMR,False,False,False,none
jckldhdd-1,TMA00316,CGRP-Gamma 1,False,False,False,none
jckofacm-1,TMA00316,Proprioceptors,False,False,False,none
jclcikja-1,TMA00316,CGRP-Zeta,False,False,False,none
jclgpiil-1,TMA00316,CGRP-Gamma 1,False,False,False,none
jclhbmpo-1,TMA00316,CGRP-Gamma 2,False,False,False,none
jclhhneb-1,TMA00316,CGRP-Gamma 1,False,False,False,none
jclhiaae-1,TMA00316,CGRP-Gamma 1,False,False,False,none
jcllemcj-1,TMA00316,CGRP-Gamma 1,False,False,False,none
jclneooa-1,TMA00316,CGRP-Gamma 1,False,False,False,none
jclpkkoe-1,TMA00316,Nonpeptidergic nociceptors,False,False,False,none
jcmbelle-1,TMA00316,CGRP-Gamma 1,False,False,False,none
jcmgkcem-1,TMA00316,Abeta-Field,False,False,False,none
jcmjmmlg-1,TMA00316,C-LTMR,False,False,False,none
jcmnpgkm-1,TMA00316,Abeta-Field,False,False,False,none
jcmppbdi-1,TMA00316,Abeta-Field,False,False,False,none
jcnbmiop-1,TMA00316,CGRP-Beta,False,False,False,none
jcnchgdi-1,TMA00316,Nonpeptidergic nociceptors,False,False,False,none
jcnildan-1,TMA00316,CGRP-Gamma 1,False,False,False,none
jcnkdklh-1,TMA00316,TrpM8,False,False,False,none
jcnlmajf-1,TMA00316,CGRP-Gamma 2,False,False,False,none
jcnnfnef-1,TMA00316,CGRP-Gamma 1,False,False,False,none
jcnpfide-1,TMA00316,CGRP-Gamma 1,False,False,False,none
jcobdhpd-1,TMA00316,CGRP-Gamma 2,False,False,False,none
jcobkpgg-1,TMA00316,CGRP-Gamma 1,False,False,False,none
jcpcodmk-1,TMA00316,Nonpeptidergic nociceptors,False,False,False,none
jcpjiohp-1,TMA00316,TrpM8,False,False,False,none
jcpkfjcb-1,TMA00316,TrpM8,False,False,False,none
jcpokmkp-1,TMA00316,CGRP-Gamma 1,False,False,False,none
jdaajlbm-1,TMA00316,Nonpeptidergic nociceptors,False,False,False,none
jdbcbknh-1,TMA00316,CGRP-Beta,False,False,False,none
jdbfhljm-1,TMA00316,CGRP-Zeta,False,False,False,none
jdbjgdae-1,TMA00316,CGRP-Zeta,False,False,False,none
jdbpohji-1,TMA00316,Abeta-Field,False,False,False,none
jdcdkeeh-1,TMA00316,CGRP-Zeta,False,False,False,none
jdcecfej-1,TMA00316,CGRP-Zeta,False,False,False,none
jdcnijoa-1,TMA00316,TrpM8,False,False,False,none
jddbalbl-1,TMA00316,CGRP-Gamma 1,False,False,False,none
jddblgfh-1,TMA00316,CGRP-Eta,False,False,False,none
jddbmfbh-1,TMA00316,CGRP-Eta,False,False,False,none
jddglhff-1,TMA00316,CGRP-Eta,False,False,False,none
jddgokei-1,TMA00316,C-LTMR,False,False,False,none
jddjbnbp-1,TMA00316,CGRP-Eta,False,False,False,none
jddjecid-1,TMA00316,CGRP-Gamma 1,False,False,False,none
jddjnclm-1,TMA00316,CGRP-Zeta,False,False,False,none
jdhiefbb-1,TMA00316,CGRP-Zeta,False,False,False,none
jdhmpiim-1,TMA00316,CGRP-Theta,False,False,False,none
jdioeloo-1,TMA00316,Proprioceptors,False,False,False,none
jdjhamab-1,TMA00316,Nonpeptidergic nociceptors,False,False,False,none
jdjhppdf-1,TMA00316,Nonpeptidergic nociceptors,False,False,False,none
jdlgpelp-1,TMA00316,Proprioceptors,False,False,False,none
jdlhbolb-1,TMA00316,Abeta-RA-LTMR,False,False,False,none
jdlmdded-1,TMA00316,Abeta-RA-LTMR,False,False,False,none
jdlmfjgn-1,TMA00316,CGRP-Gamma 1,False,False,False,none
jdmbckpd-1,TMA00316,CGRP-Gamma 1,False,False,False,none
jdncgecm-1,TMA00316,Abeta-RA-LTMR,False,False,False,none
jdndokbf-1,TMA00316,Abeta-RA-LTMR,False,False,False,none
jdnnjaal-1,TMA00316,CGRP-Epsilion,False,False,False,none
jdoeepic-1,TMA00316,Abeta-RA-LTMR,False,False,False,none
jdokkepb-1,TMA00316,Nonpeptidergic nociceptors,False,False,False,none
jdomemmn-1,TMA00316,C-LTMR,False,False,False,none
jdoojjbb-1,TMA00316,CGRP-Zeta,False,False,False,none
jdpcncid-1,TMA00316,CGRP-Zeta,False,False,False,none
jdpddifp-1,TMA00316,CGRP-Zeta,False,False,False,none
jdpiglcg-1,TMA00316,CGRP-Zeta,False,False,False,none
jeabofjp-1,TMA00316,CGRP-Alpha,False,False,False,none
jeafbdpk-1,TMA00316,CGRP-Alpha,False,False,False,none
jeagnkel-1,TMA00316,CGRP-Gamma 1,False,False,False,none
jeajnlki-1,TMA00316,TrpM8,False,False,False,none
jebidllc-1,TMA00316,Abeta-RA-LTMR,False,False,False,none
jebiijla-1,TMA00316,Proprioceptors,False,False,False,none
jebjnido-1,TMA00316,Abeta-RA-LTMR,False,False,False,none
jebpgldh-1,TMA00316,C-LTMR,False,False,False,none
jecckomd-1,TMA00316,Sst,False,False,False,none
jeddfgcm-1,TMA00316,Nonpeptidergic nociceptors,False,False,False,none
jedoodba-1,TMA00316,Abeta-Field,False,False,False,none
jeecfinm-1,TMA00316,CGRP-Eta,False,False,False,none
jeedbbhi-1,TMA00316,CGRP-Theta,False,False,False,none
jeedojdp-1,TMA00316,CGRP-Eta,False,False,False,none
jeeecmek-1,TMA00316,Nonpeptidergic nociceptors,False,False,False,none
jeeekdih-1,TMA00316,Nonpeptidergic nociceptors,False,False,False,none
jeeencpo-1,TMA00316,Nonpeptidergic nociceptors,False,False,False,none
jeegbeoj-1,TMA00316,CGRP-Theta,False,False,False,none
jeelgkdm-1,TMA00316,CGRP-Theta,False,False,False,none
jeffnhcl-1,TMA00316,Adelta-LTMR,False,False,False,none
jefglope-1,TMA00316,Adelta-LTMR,False,False,False,none
jeflgjcp-1,TMA00316,Adelta-LTMR,False,False,False,none
jegpaphj-1,TMA00316,Nonpeptidergic nociceptors,False,False,False,none
jehkngfj-1,TMA00316,CGRP-Gamma 1,False,False,False,none
jehmeddp-1,TMA00316,TrpM8,False,False,False,none
jehnchbk-1,TMA00316,CGRP-Eta,False,False,False,none
jeijmmmn-1,TMA00316,TrpM8,False,False,False,none
jfckepnm-1,TMA00316,CGRP-Eta,False,False,False,none
jfcmfnbj-1,TMA00316,CGRP-Eta,False,False,False,none
jfdcdgmh-1,TMA00316,Proprioceptors,False,False,False,none
jfdekilf-1,TMA00316,Proprioceptors,False,False,False,none
jfdiiooh-1,TMA00316,CGRP-Alpha,False,False,False,none
jfdleoek-1,TMA00316,CGRP-Eta,False,False,False,none
jfdooihj-1,TMA00316,Proprioceptors,False,False,False,none
jfebhcld-1,TMA00316,CGRP-Gamma 1,False,False,False,none
jfecjcaj-1,TMA00316,CGRP-Gamma 1,False,False,False,none
jfehojao-1,TMA00316,CGRP-Gamma 1,False,False,False,none
jfejhgai-1,TMA00316,Proprioceptors,False,False,False,none
jfekdcoi-1,TMA00316,CGRP-Gamma 1,False,False,False,none
jffiekcb-1,TMA00316,CGRP-Epsilion,False,False,False,none
jfgdabmc-1,TMA00316,Proprioceptors,False,False,False,none
jfgeknfk-1,TMA00316,Nonpeptidergic nociceptors,False,False,False,none
jfggaeie-1,TMA00316,Nonpeptidergic nociceptors,False,False,False,none
jfgmjggm-1,TMA00316,TrpM8,False,False,False,none
jfhbkphm-1,TMA00316,Nonpeptidergic nociceptors,False,False,False,none
jfhfdpoc-1,TMA00316,Nonpeptidergic nociceptors,False,False,False,none
jfhmafgp-1,TMA00316,Nonpeptidergic nociceptors,False,False,False,none
jfhoihnf-1,TMA00316,Nonpeptidergic nociceptors,False,False,False,none
jfibcheh-1,TMA00316,Nonpeptidergic nociceptors,False,False,False,none
jfidkfak-1,TMA00316,CGRP-Gamma 1,False,False,False,none
jfifdofd-1,TMA00316,CGRP-Beta,False,False,False,none
jfioomjj-1,TMA00316,Proprioceptors,False,False,False,none
jfjmfilf-1,TMA00316,CGRP-Eta,False,False,False,none
jfjmglfk-1,TMA00316,TrpM8,False,False,False,none
jfjnceja-1,TMA00316,CGRP-Eta,False,False,False,none
jfjonjck-1,TMA00316,CGRP-Gamma 1,False,False,False,none
jfkbdnbc-1,TMA00316,CGRP-Alpha,False,False,False,none
jfkbniio-1,TMA00316,CGRP-Gamma 1,False,False,False,none
jfkfegjj-1,TMA00316,Proprioceptors,False,False,False,none
jfkjheof-1,TMA00316,CGRP-Gamma 1,False,False,False,none
jfklegik-1,TMA00316,TrpM8,False,False,False,none
jfkmmmmn-1,TMA00316,Proprioceptors,False,False,False,none
jfknphen-1,TMA00316,Proprioceptors,False,False,False,none
jflkjmea-1,TMA00316,CGRP-Gamma 1,False,False,False,none
jfmagpgh-1,TMA00316,Nonpeptidergic nociceptors,False,False,False,none
jfmbblmd-1,TMA00316,CGRP-Gamma 1,False,False,False,none
jfmcccao-1,TMA00316,TrpM8,False,False,False,none
jfppkjge-1,TMA00316,C-LTMR,False,False,False,none
jgbhoalc-1,TMA00316,CGRP-Theta,False,False,False,none
jgdlgfhb-1,TMA00316,CGRP-Eta,False,False,False,none
jgdmoejk-1,TMA00316,Nonpeptidergic nociceptors,False,False,False,none
jgdpgmom-1,TMA00316,CGRP-Eta,False,False,False,none
jgfcbhna-1,TMA00316,CGRP-Gamma 1,False,False,False,none
jgfcmfdl-1,TMA00316,CGRP-Gamma 1,False,False,False,none
jgfebodf-1,TMA00316,CGRP-Gamma 1,False,False,False,none
jgffihjm-1,TMA00316,Sst,False,False,False,none
jgidhmob-1,TMA00316,CGRP-Gamma 1,False,False,False,none
jgipcecm-1,TMA00316,CGRP-Gamma 1,False,False,False,none
jglomgcj-1,TMA00316,CGRP-Gamma 1,False,False,False,none
jgmblidk-1,TMA00316,CGRP-Gamma 2,False,False,False,none
jgmiigbi-1,TMA00316,CGRP-Gamma 1,False,False,False,none
jgmjaohh-1,TMA00316,CGRP-Gamma 1,False,False,False,none
jgmlfdee-1,TMA00316,Sst,False,False,False,none
jgnbjoae-1,TMA00316,CGRP-Gamma 1,False,False,False,none
jgnfiblh-1,TMA00316,CGRP-Gamma 1,False,False,False,none
jgnfiing-1,TMA00316,Sst,False,False,False,none
jgohhljc-1,TMA00316,Sst,False,False,False,none
jgpdkjoi-1,TMA00316,CGRP-Gamma 1,False,False,False,none
jgphaebk-1,TMA00316,CGRP-Gamma 1,False,False,False,none
jhcijogf-1,TMA00316,CGRP-Beta,False,False,False,none
jhclgomb-1,TMA00316,CGRP-Gamma 1,False,False,False,none
jhehmnlk-1,TMA00316,Nonpeptidergic nociceptors,False,False,False,none
jhejeppi-1,TMA00316,CGRP-Gamma 1,False,False,False,none
jheodgnk-1,TMA00316,Abeta-RA-LTMR,False,False,False,none
jheoibjj-1,TMA00316,CGRP-Gamma 1,False,False,False,none
jhfelafo-1,TMA00316,CGRP-Gamma 1,False,False,False,none
jhfhejpg-1,TMA00316,Proprioceptors,False,False,False,none
jhfkggfn-1,TMA00316,CGRP-Epsilion,False,False,False,none
jhfkingo-1,TMA00316,Nonpeptidergic nociceptors,False,False,False,none
jhfleclb-1,TMA00316,CGRP-Gamma 1,False,False,False,none
jhggffnm-1,TMA00316,CGRP-Gamma 1,False,False,False,none
jhgighje-1,TMA00316,CGRP-Alpha,False,False,False,none
jhgknhmh-1,TMA00316,CGRP-Gamma 1,False,False,False,none
jhglfgmb-1,TMA00316,CGRP-Gamma 1,False,False,False,none
jhhmgbon-1,TMA00316,Nonpeptidergic nociceptors,False,False,False,none
jhhngcof-1,TMA00316,Nonpeptidergic nociceptors,False,False,False,none
jhhnjfbd-1,TMA00316,CGRP-Gamma 1,False,False,False,none
jhifiach-1,TMA00316,Nonpeptidergic nociceptors,False,False,False,none
jhioankd-1,TMA00316,CGRP-Gamma 1,False,False,False,none
jhkliddh-1,TMA00316,Nonpeptidergic nociceptors,False,False,False,none
jhldknfl-1,TMA00316,CGRP-Gamma 1,False,False,False,none
jhlfjmia-1,TMA00316,CGRP-Gamma 1,False,False,False,none
jhlicman-1,TMA00316,CGRP-Gamma 1,False,False,False,none
jhlnminf-1,TMA00316,Abeta-Field,False,False,False,none
jhlpflki-1,TMA00316,CGRP-Eta,False,False,False,none
jhmhbmio-1,TMA00316,CGRP-Gamma 1,False,False,False,none
jhmibpik-1,TMA00316,CGRP-Gamma 1,False,False,False,none
jibjodgn-1,TMA00316,TrpM8,False,False,False,none
kabaeked-1,TMA00316,Proprioceptors,False,False,False,none
kabbjdpg-1,TMA00316,Proprioceptors,False,False,False,none
kanpcmgf-1,TMA00316,CGRP-Zeta,False,False,False,none
kaolhifm-1,TMA00316,CGRP-Zeta,False,False,False,none
kapnlpen-1,TMA00316,Abeta-Field,False,False,False,none
kappofan-1,TMA00316,C-LTMR,False,False,False,none
kbakcijk-1,TMA00316,TrpM8,False,False,False,none
kbalmdch-1,TMA00316,CGRP-Epsilion,False,False,False,none
kbalmphj-1,TMA00316,CGRP-Epsilion,False,False,False,none
kbbgblio-1,TMA00316,Adelta-LTMR,False,False,False,none
kbbhdcbh-1,TMA00316,CGRP-Zeta,False,False,False,none
kbbhhmkh-1,TMA00316,Sst,False,False,False,none
kbbnjkjp-1,TMA00316,Adelta-LTMR,False,False,False,none
kbcabikc-1,TMA00316,Abeta-Field,False,False,False,none
kbccgipg-1,TMA00316,Nonpeptidergic nociceptors,False,False,False,none
kbcckicn-1,TMA00316,Nonpeptidergic nociceptors,False,False,False,none
kbddimch-1,TMA00316,Nonpeptidergic nociceptors,False,False,False,none
kbdeblni-1,TMA00316,Nonpeptidergic nociceptors,False,False,False,none
kbdlpomc-1,TMA00316,Nonpeptidergic nociceptors,False,False,False,none
kbdpcmia-1,TMA00316,Sst,False,False,False,none
kbeagikk-1,TMA00316,Nonpeptidergic nociceptors,False,False,False,none
kbegjlbj-1,TMA00316,Abeta-Field,False,False,False,none
kbehoafp-1,TMA00316,Nonpeptidergic nociceptors,False,False,False,none
kbencdnh-1,TMA00316,Nonpeptidergic nociceptors,False,False,False,none
kbepgnof-1,TMA00316,Nonpeptidergic nociceptors,False,False,False,none
kbfaeaeo-1,TMA00316,Abeta-RA-LTMR,False,False,False,none
kbgfbhom-1,TMA00316,Abeta-Field,False,False,False,none
kbgiiapj-1,TMA00316,CGRP-Zeta,False,False,False,none
kbioceln-1,TMA00316,CGRP-Theta,False,False,False,none
kbjmonkl-1,TMA00316,CGRP-Theta,False,False,False,none
kbjoeknk-1,TMA00316,Abeta-RA-LTMR,False,False,False,none
kbkahall-1,TMA00316,Adelta-LTMR,False,False,False,none
kbkfdhga-1,TMA00316,Nonpeptidergic nociceptors,False,False,False,none
kbknnjfc-1,TMA00316,Nonpeptidergic nociceptors,False,False,False,none
kbkpghld-1,TMA00316,Abeta-Field,False,False,False,none
kblelmjl-1,TMA00316,Abeta-Field,False,False,False,none
kbmnejci-1,TMA00316,CGRP-Theta,False,False,False,none
kbnahcbk-1,TMA00316,CGRP-Theta,False,False,False,none
kckhpfcd-1,TMA00316,CGRP-Gamma 1,False,False,False,none
kcklmlbm-1,TMA00316,Nonpeptidergic nociceptors,False,False,False,none
kcklngmn-1,TMA00316,Nonpeptidergic nociceptors,False,False,False,none
kegmkhna-1,TMA00316,Nonpeptidergic nociceptors,False,False,False,none
kegpimod-1,TMA00316,Nonpeptidergic nociceptors,False,False,False,none
kehdnkch-1,TMA00316,CGRP-Eta,False,False,False,none
kehlgili-1,TMA00316,Nonpeptidergic nociceptors,False,False,False,none
kehmjemn-1,TMA00316,Nonpeptidergic nociceptors,False,False,False,none
kehokdhp-1,TMA00316,Nonpeptidergic nociceptors,False,False,False,none
keijapgg-1,TMA00316,Nonpeptidergic nociceptors,False,False,False,none
keobdlla-1,TMA00316,CGRP-Zeta,False,False,False,none
keocfpln-1,TMA00316,Abeta-RA-LTMR,False,False,False,none
keofbdim-1,TMA00316,C-LTMR,False,False,False,none
keofomkg-1,TMA00316,Abeta-RA-LTMR,False,False,False,none
keoicokp-1,TMA00316,CGRP-Alpha,False,False,False,none
keojaaag-1,TMA00316,CGRP-Alpha,False,False,False,none
kfcgdckj-1,TMA00316,Nonpeptidergic nociceptors,False,False,False,none
kfcmfdjk-1,TMA00316,TrpM8,False,False,False,none
kfdekpoe-1,TMA00316,CGRP-Epsilion,False,False,False,none
kfdjdneg-1,TMA00316,TrpM8,False,False,False,none
kfdjhmch-1,TMA00316,C-LTMR,False,False,False,none
kfdjmjep-1,TMA00316,CGRP-Epsilion,False,False,False,none
kfdpgelp-1,TMA00316,Sst,False,False,False,none
kfeahdcc-1,TMA00316,CGRP-Zeta,False,False,False,none
kfebonoo-1,TMA00316,Sst,False,False,False,none
kfecilck-1,TMA00316,CGRP-Zeta,False,False,False,none
kfggapom-1,TMA00316,Nonpeptidergic nociceptors,False,False,False,none
kfhkaeck-1,TMA00316,Nonpeptidergic nociceptors,False,False,False,none
kfhlmmma-1,TMA00316,Nonpeptidergic nociceptors,False,False,False,none
kfilcdfh-1,TMA00316,Nonpeptidergic nociceptors,False,False,False,none
kfkgapeo-1,TMA00316,Nonpeptidergic nociceptors,False,False,False,none
kflcjfgj-1,TMA00316,Sst,False,False,False,none
kfldmfej-1,TMA00316,C-LTMR,False,False,False,none
kfllijbk-1,TMA00316,TrpM8,False,False,False,none
kfmlinib-1,TMA00316,CGRP-Theta,False,False,False,none
kfmljcah-1,TMA00316,CGRP-Theta,False,False,False,none
kfoigcle-1,TMA00316,CGRP-Alpha,False,False,False,none
kfopnlii-1,TMA00316,Nonpeptidergic nociceptors,False,False,False,none
kfpcbjco-1,TMA00316,CGRP-Eta,False,False,False,none
kfpelhea-1,TMA00316,C-LTMR,False,False,False,none
kfphkeng-1,TMA00316,CGRP-Eta,False,False,False,none
kgdmnoec-1,TMA00316,Nonpeptidergic nociceptors,False,False,False,none
kgebjllc-1,TMA00316,Nonpeptidergic nociceptors,False,False,False,none
kgehjpkc-1,TMA00316,Nonpeptidergic nociceptors,False,False,False,none
kgemmkbn-1,TMA00316,CGRP-Gamma 1,False,False,False,none
kgfkgfke-1,TMA00316,Proprioceptors,False,False,False,none
kgfnphhk-1,TMA00316,Nonpeptidergic nociceptors,False,False,False,none
kggbadkp-1,TMA00316,Nonpeptidergic nociceptors,False,False,False,none
kggemfbe-1,TMA00316,Nonpeptidergic nociceptors,False,False,False,none
khbfmmcd-1,TMA00316,Proprioceptors,False,False,False,none
khcieopo-1,TMA00316,Nonpeptidergic nociceptors,False,False,False,none
khckecnc-1,TMA00316,Abeta-Field,False,False,False,none
khdchpid-1,TMA00316,Proprioceptors,False,False,False,none
khdiadlh-1,TMA00316,TrpM8,False,False,False,none
khdkogoi-1,TMA00316,TrpM8,False,False,False,none
khdlemab-1,TMA00316,Abeta-RA-LTMR,False,False,False,none
kheajgll-1,TMA00316,Proprioceptors,False,False,False,none
khebceoo-1,TMA00316,Abeta-RA-LTMR,False,False,False,none
kheefhna-1,TMA00316,Proprioceptors,False,False,False,none
khehohlk-1,TMA00316,Proprioceptors,False,False,False,none
kheighfp-1,TMA00316,CGRP-Theta,False,False,False,none
khfdlgpn-1,TMA00316,Nonpeptidergic nociceptors,False,False,False,none
khffcgfh-1,TMA00316,Nonpeptidergic nociceptors,False,False,False,none
khfmgkfb-1,TMA00316,Abeta-RA-LTMR,False,False,False,none
khghofeb-1,TMA00316,Sst,False,False,False,none
khgniehd-1,TMA00316,Abeta-Field,False,False,False,none
khjgaimf-1,TMA00316,Nonpeptidergic nociceptors,False,False,False,none
khokkebh-1,TMA00316,Proprioceptors,False,False,False,none
khpkghmg-1,TMA00316,Nonpeptidergic nociceptors,False,False,False,none
kiabpafk-1,TMA00316,C-LTMR,False,False,False,none
kiceeene-1,TMA00316,Proprioceptors,False,False,False,none
kicekoej-1,TMA00316,Proprioceptors,False,False,False,none
kiifdhme-1,TMA00316,Proprioceptors,False,False,False,none
kiilpdka-1,TMA00316,TrpM8,False,False,False,none
kijgkgbg-1,TMA00316,Nonpeptidergic nociceptors,False,False,False,none
kjieikod-1,TMA00316,Sst,False,False,False,none
kjncclae-1,TMA00316,Nonpeptidergic nociceptors,False,False,False,none
kjnldike-1,TMA00316,Abeta-RA-LTMR,False,False,False,none
kjofijkc-1,TMA00316,Nonpeptidergic nociceptors,False,False,False,none
kjojhcfc-1,TMA00316,Nonpeptidergic nociceptors,False,False,False,none
kjpbmbbk-1,TMA00316,CGRP-Gamma 1,False,False,False,none
kkajdhfg-1,TMA00316,Abeta-Field,False,False,False,none
kkakimhn-1,TMA00316,Abeta-RA-LTMR,False,False,False,none
kkamacob-1,TMA00316,Proprioceptors,False,False,False,none
kkbgfpec-1,TMA00316,Abeta-Field,False,False,False,none
kkbianhe-1,TMA00316,Abeta-Field,False,False,False,none
kkccpega-1,TMA00316,Nonpeptidergic nociceptors,False,False,False,none
kkfbmjen-1,TMA00316,CGRP-Theta,False,False,False,none
kkonjbao-1,TMA00316,Nonpeptidergic nociceptors,False,False,False,none
klajfcbm-1,TMA00316,CGRP-Eta,False,False,False,none
klbegajp-1,TMA00316,TrpM8,False,False,False,none
klcdinmn-1,TMA00316,TrpM8,False,False,False,none
klcemfgj-1,TMA00316,Nonpeptidergic nociceptors,False,False,False,none
klcnlahh-1,TMA00316,Abeta-Field,False,False,False,none
klcojmid-1,TMA00316,CGRP-Eta,False,False,False,none
kldhgpjf-1,TMA00316,CGRP-Eta,False,False,False,none
kldnlacj-1,TMA00316,Nonpeptidergic nociceptors,False,False,False,none
kleabjkh-1,TMA00316,Nonpeptidergic nociceptors,False,False,False,none
klehgalm-1,TMA00316,Nonpeptidergic nociceptors,False,False,False,none
klemhkki-1,TMA00316,Nonpeptidergic nociceptors,False,False,False,none
klfgnhnm-1,TMA00316,CGRP-Theta,False,False,False,none
klfpmhbc-1,TMA00316,CGRP-Gamma 1,False,False,False,none
klgdhomh-1,TMA00316,Abeta-Field,False,False,False,none
kljobdgp-1,TMA00316,TrpM8,False,False,False,none
kljpedbj-1,TMA00316,CGRP-Epsilion,False,False,False,none
klkfnaci-1,TMA00316,CGRP-Theta,False,False,False,none
klliliac-1,TMA00316,CGRP-Theta,False,False,False,none
klmgcgig-1,TMA00316,Nonpeptidergic nociceptors,False,False,False,none
klmimppa-1,TMA00316,Nonpeptidergic nociceptors,False,False,False,none
klnciilk-1,TMA00316,CGRP-Theta,False,False,False,none
klnmkahf-1,TMA00316,CGRP-Theta,False,False,False,none
kloanhme-1,TMA00316,CGRP-Alpha,False,False,False,none
klobbaaj-1,TMA00316,CGRP-Theta,False,False,False,none
kloedfjh-1,TMA00316,CGRP-Theta,False,False,False,none
klomjgfm-1,TMA00316,Sst,False,False,False,none
klpcnofp-1,TMA00316,Nonpeptidergic nociceptors,False,False,False,none
klpeamfn-1,TMA00316,Nonpeptidergic nociceptors,False,False,False,none
klppcodo-1,TMA00316,Proprioceptors,False,False,False,none
kmaileoi-1,TMA00316,CGRP-Epsilion,False,False,False,none
kmbfphed-1,TMA00316,Nonpeptidergic nociceptors,False,False,False,none
kmccfeji-1,TMA00316,Nonpeptidergic nociceptors,False,False,False,none
kmcenakg-1,TMA00316,CGRP-Epsilion,False,False,False,none
kmcocloi-1,TMA00316,CGRP-Epsilion,False,False,False,none
kmcpogll-1,TMA00316,CGRP-Epsilion,False,False,False,none
kmdijocm-1,TMA00316,Sst,False,False,False,none
kmdjmndi-1,TMA00316,Proprioceptors,False,False,False,none
kmdjpomb-1,TMA00316,Sst,False,False,False,none
kmdmmlpb-1,TMA00316,CGRP-Zeta,False,False,False,none
kmejmine-1,TMA00316,C-LTMR,False,False,False,none
kmgegfjc-1,TMA00316,C-LTMR,False,False,False,none
kmhcifge-1,TMA00316,CGRP-Epsilion,False,False,False,none
kmhjbkmg-1,TMA00316,Nonpeptidergic nociceptors,False,False,False,none
kmhjlhkl-1,TMA00316,Nonpeptidergic nociceptors,False,False,False,none
kmiifjpo-1,TMA00316,Abeta-Field,False,False,False,none
kminladl-1,TMA00316,C-LTMR,False,False,False,none
kmipljpp-1,TMA00316,Abeta-Field,False,False,False,none
kmjaoefp-1,TMA00316,Abeta-Field,False,False,False,none
kmjinjfc-1,TMA00316,Abeta-Field,False,False,False,none
kmjlhkjj-1,TMA00316,CGRP-Gamma 1,False,False,False,none
kmjnaaoj-1,TMA00316,CGRP-Zeta,False,False,False,none
kmjpkglh-1,TMA00316,CGRP-Theta,False,False,False,none
kmldjeje-1,TMA00316,Nonpeptidergic nociceptors,False,False,False,none
kmlnkehf-1,TMA00316,Nonpeptidergic nociceptors,False,False,False,none
kmmaonhd-1,TMA00316,Nonpeptidergic nociceptors,False,False,False,none
kmmhelkg-1,TMA00316,Nonpeptidergic nociceptors,False,False,False,none
kmmjbhhi-1,TMA00316,Nonpeptidergic nociceptors,False,False,False,none
kmnkaeae-1,TMA00316,Nonpeptidergic nociceptors,False,False,False,none
kmokpfog-1,TMA00316,C-LTMR,False,False,False,none
kmpgmcdo-1,TMA00316,CGRP-Theta,False,False,False,none
kmpilhcj-1,TMA00316,CGRP-Theta,False,False,False,none
knabbojp-1,TMA00316,CGRP-Epsilion,False,False,False,none
knaifpkf-1,TMA00316,CGRP-Epsilion,False,False,False,none
knajaifo-1,TMA00316,CGRP-Theta,False,False,False,none
knbedjho-1,TMA00316,Nonpeptidergic nociceptors,False,False,False,none
knblmaid-1,TMA00316,CGRP-Epsilion,False,False,False,none
knblnmeg-1,TMA00316,Abeta-Field,False,False,False,none
knbnjpik-1,TMA00316,CGRP-Epsilion,False,False,False,none
kncadekd-1,TMA00316,CGRP-Alpha,False,False,False,none
kncechek-1,TMA00316,Abeta-Field,False,False,False,none
kncipghg-1,TMA00316,Abeta-RA-LTMR,False,False,False,none
knclcfnl-1,TMA00316,TrpM8,False,False,False,none
kndenijf-1,TMA00316,Nonpeptidergic nociceptors,False,False,False,none
kndmlddj-1,TMA00316,Proprioceptors,False,False,False,none
knedpoff-1,TMA00316,Nonpeptidergic nociceptors,False,False,False,none
knefhhbi-1,TMA00316,Nonpeptidergic nociceptors,False,False,False,none
knehdflj-1,TMA00316,CGRP-Eta,False,False,False,none
knekkphm-1,TMA00316,CGRP-Theta,False,False,False,none
knelcaan-1,TMA00316,Nonpeptidergic nociceptors,False,False,False,none
knemkjfo-1,TMA00316,CGRP-Eta,False,False,False,none
knfjmada-1,TMA00316,CGRP-Theta,False,False,False,none
knfmaogn-1,TMA00316,Abeta-Field,False,False,False,none
knfmdnbn-1,TMA00316,Nonpeptidergic nociceptors,False,False,False,none
kngbdali-1,TMA00316,Abeta-RA-LTMR,False,False,False,none
kniddnji-1,TMA00316,C-LTMR,False,False,False,none
knjalekh-1,TMA00316,CGRP-Zeta,False,False,False,none
knjecohj-1,TMA00316,C-LTMR,False,False,False,none
knjhmoej-1,TMA00316,CGRP-Eta,False,False,False,none
knjhnfnp-1,TMA00316,CGRP-Eta,False,False,False,none
knjjipof-1,TMA00316,Nonpeptidergic nociceptors,False,False,False,none
knjmbepd-1,TMA00316,CGRP-Epsilion,False,False,False,none
knjndaid-1,TMA00316,CGRP-Zeta,False,False,False,none
knkaggbc-1,TMA00316,CGRP-Eta,False,False,False,none
knkcffaf-1,TMA00316,CGRP-Alpha,False,False,False,none
knkfpoko-1,TMA00316,Abeta-RA-LTMR,False,False,False,none
knkigaii-1,TMA00316,Abeta-Field,False,False,False,none
knlihofc-1,TMA00316,CGRP-Eta,False,False,False,none
knliiken-1,TMA00316,Proprioceptors,False,False,False,none
knlkohgj-1,TMA00316,Abeta-Field,False,False,False,none
knmcmfil-1,TMA00316,Abeta-RA-LTMR,False,False,False,none
knmfkkef-1,TMA00316,Abeta-Field,False,False,False,none
knmjgomj-1,TMA00316,CGRP-Theta,False,False,False,none
knmnnblg-1,TMA00316,Proprioceptors,False,False,False,none
knngggoo-1,TMA00316,Abeta-RA-LTMR,False,False,False,none
knnnmjfl-1,TMA00316,Abeta-RA-LTMR,False,False,False,none
knobbpki-1,TMA00316,Abeta-RA-LTMR,False,False,False,none
knohfgcl-1,TMA00316,CGRP-Zeta,False,False,False,none
knpmbpgo-1,TMA00316,Nonpeptidergic nociceptors,False,False,False,none
knppbmfg-1,TMA00316,Nonpeptidergic nociceptors,False,False,False,none
koahfnkb-1,TMA00316,Proprioceptors,False,False,False,none
koamdfja-1,TMA00316,Nonpeptidergic nociceptors,False,False,False,none
koamenag-1,TMA00316,Nonpeptidergic nociceptors,False,False,False,none
koammlko-1,TMA00316,CGRP-Theta,False,False,False,none
kobbphgj-1,TMA00316,Nonpeptidergic nociceptors,False,False,False,none
kobcoafg-1,TMA00316,Nonpeptidergic nociceptors,False,False,False,none
kobdimag-1,TMA00316,CGRP-Theta,False,False,False,none
kobfflal-1,TMA00316,CGRP-Zeta,False,False,False,none
kobimhje-1,TMA00316,CGRP-Theta,False,False,False,none
kobmckkg-1,TMA00316,CGRP-Theta,False,False,False,none
koceblka-1,TMA00316,C-LTMR,False,False,False,none
kocedccp-1,TMA00316,Nonpeptidergic nociceptors,False,False,False,none
kocgjfkf-1,TMA00316,CGRP-Alpha,False,False,False,none
kodnniao-1,TMA00316,Nonpeptidergic nociceptors,False,False,False,none
kodoamdj-1,TMA00316,CGRP-Epsilion,False,False,False,none
kododhjc-1,TMA00316,CGRP-Alpha,False,False,False,none
kodphngn-1,TMA00316,Nonpeptidergic nociceptors,False,False,False,none
koecjkke-1,TMA00316,Nonpeptidergic nociceptors,False,False,False,none
koenghfk-1,TMA00316,Nonpeptidergic nociceptors,False,False,False,none
kofaiphp-1,TMA00316,Nonpeptidergic nociceptors,False,False,False,none
kofmhfho-1,TMA00316,Nonpeptidergic nociceptors,False,False,False,none
kofnmjpp-1,TMA00316,CGRP-Epsilion,False,False,False,none
koghemnp-1,TMA00316,Abeta-Field,False,False,False,none
kohcddgl-1,TMA00316,CGRP-Eta,False,False,False,none
kohenllc-1,TMA00316,CGRP-Epsilion,False,False,False,none
kohnpggk-1,TMA00316,Proprioceptors,False,False,False,none
koicnpfa-1,TMA00316,CGRP-Epsilion,False,False,False,none
koifnelj-1,TMA00316,CGRP-Zeta,False,False,False,none
koimhigk-1,TMA00316,Nonpeptidergic nociceptors,False,False,False,none
koinmgjb-1,TMA00316,Nonpeptidergic nociceptors,False,False,False,none
koinmlbb-1,TMA00316,Nonpeptidergic nociceptors,False,False,False,none
koinpmdf-1,TMA00316,Nonpeptidergic nociceptors,False,False,False,none
kokakfhf-1,TMA00316,Adelta-LTMR,False,False,False,none
kokknbjo-1,TMA00316,Nonpeptidergic nociceptors,False,False,False,none
koklccbi-1,TMA00316,C-LTMR,False,False,False,none
koniillm-1,TMA00316,CGRP-Theta,False,False,False,none
kpdjdjkf-1,TMA00316,CGRP-Alpha,False,False,False,none
kpgabjhn-1,TMA00316,CGRP-Theta,False,False,False,none
kpgalajf-1,TMA00316,Nonpeptidergic nociceptors,False,False,False,none
kpgbanfg-1,TMA00316,CGRP-Eta,False,False,False,none
kpmpchgc-1,TMA00316,Abeta-RA-LTMR,False,False,False,none
kpnabcnk-1,TMA00316,CGRP-Alpha,False,False,False,none
kpncipne-1,TMA00316,CGRP-Gamma 1,False,False,False,none
kpogbola-1,TMA00316,Abeta-RA-LTMR,False,False,False,none
lapkmgcj-1,TMA00316,CGRP-Zeta,False,False,False,none
lbabdfjj-1,TMA00316,Nonpeptidergic nociceptors,False,False,False,none
lbabhlol-1,TMA00316,CGRP-Theta,False,False,False,none
lbabmmbc-1,TMA00316,CGRP-Theta,False,False,False,none
lbadpmhm-1,TMA00316,Nonpeptidergic nociceptors,False,False,False,none
lbagfbkp-1,TMA00316,CGRP-Eta,False,False,False,none
lbakonnp-1,TMA00316,Sst,False,False,False,none
lbaonfpk-1,TMA00316,CGRP-Alpha,False,False,False,none
lbckgjpf-1,TMA00316,Nonpeptidergic nociceptors,False,False,False,none
lbdnbhgd-1,TMA00316,Nonpeptidergic nociceptors,False,False,False,none
lbfaihgb-1,TMA00316,CGRP-Gamma 1,False,False,False,none
lbfdllkk-1,TMA00316,CGRP-Epsilion,False,False,False,none
lbgfhlpj-1,TMA00316,Nonpeptidergic nociceptors,False,False,False,none
lbgfocpm-1,TMA00316,Nonpeptidergic nociceptors,False,False,False,none
lbhfkccb-1,TMA00316,Nonpeptidergic nociceptors,False,False,False,none
lbicipph-1,TMA00316,Nonpeptidergic nociceptors,False,False,False,none
lbilailg-1,TMA00316,Abeta-Field,False,False,False,none
lbindknj-1,TMA00316,CGRP-Zeta,False,False,False,none
lbiojnfk-1,TMA00316,CGRP-Zeta,False,False,False,none
lbjjbeha-1,TMA00316,Nonpeptidergic nociceptors,False,False,False,none
lbjlplpa-1,TMA00316,CGRP-Alpha,False,False,False,none
lbkehaka-1,TMA00316,CGRP-Alpha,False,False,False,none
lbkgfbel-1,TMA00316,Nonpeptidergic nociceptors,False,False,False,none
lblbbkah-1,TMA00316,Nonpeptidergic nociceptors,False,False,False,none
lbloieej-1,TMA00316,Nonpeptidergic nociceptors,False,False,False,none
lbmabahc-1,TMA00316,Nonpeptidergic nociceptors,False,False,False,none
lbmhmmbh-1,TMA00316,Nonpeptidergic nociceptors,False,False,False,none
lbmkbdnd-1,TMA00316,Nonpeptidergic nociceptors,False,False,False,none
lbmkkcim-1,TMA00316,Nonpeptidergic nociceptors,False,False,False,none
lbmofcne-1,TMA00316,CGRP-Theta,False,False,False,none
lbngalpo-1,TMA00316,CGRP-Theta,False,False,False,none
lbohbacd-1,TMA00316,Nonpeptidergic nociceptors,False,False,False,none
lcdmfahp-1,TMA00316,Proprioceptors,False,False,False,none
lcenhhoh-1,TMA00316,Nonpeptidergic nociceptors,False,False,False,none
lcgaonmo-1,TMA00316,Proprioceptors,False,False,False,none
lcgmpnjp-1,TMA00316,CGRP-Zeta,False,False,False,none
lchpnhgf-1,TMA00316,Proprioceptors,False,False,False,none
lciegjjb-1,TMA00316,Proprioceptors,False,False,False,none
lckellfh-1,TMA00316,Nonpeptidergic nociceptors,False,False,False,none
lckepbij-1,TMA00316,TrpM8,False,False,False,none
lcknjpjb-1,TMA00316,Nonpeptidergic nociceptors,False,False,False,none
lclgflod-1,TMA00316,CGRP-Theta,False,False,False,none
lclhchel-1,TMA00316,CGRP-Eta,False,False,False,none
lclheoih-1,TMA00316,Nonpeptidergic nociceptors,False,False,False,none
lclifpkb-1,TMA00316,Nonpeptidergic nociceptors,False,False,False,none
lclkepkl-1,TMA00316,TrpM8,False,False,False,none
lclmlbmh-1,TMA00316,CGRP-Alpha,False,False,False,none
lcmcggbf-1,TMA00316,Nonpeptidergic nociceptors,False,False,False,none
lcmgbbip-1,TMA00316,C-LTMR,False,False,False,none
lcmgmkda-1,TMA00316,CGRP-Theta,False,False,False,none
lcmgnddc-1,TMA00316,Nonpeptidergic nociceptors,False,False,False,none
lcmnhkpa-1,TMA00316,Nonpeptidergic nociceptors,False,False,False,none
lcmokjli-1,TMA00316,Abeta-Field,False,False,False,none
lcndpiaa-1,TMA00316,Nonpeptidergic nociceptors,False,False,False,none
lcnecdml-1,TMA00316,Nonpeptidergic nociceptors,False,False,False,none
lcnemcnb-1,TMA00316,Nonpeptidergic nociceptors,False,False,False,none
ldblhhnb-1,TMA00316,Nonpeptidergic nociceptors,False,False,False,none
ldcbhifa-1,TMA00316,Proprioceptors,False,False,False,none
ldcigpeh-1,TMA00316,Proprioceptors,False,False,False,none
ldcpaakc-1,TMA00316,Nonpeptidergic nociceptors,False,False,False,none
ldddoidj-1,TMA00316,Proprioceptors,False,False,False,none
ldgmlhfg-1,TMA00316,Nonpeptidergic nociceptors,False,False,False,none
ldhehgpg-1,TMA00316,C-LTMR,False,False,False,none
ldhlmmbp-1,TMA00316,Nonpeptidergic nociceptors,False,False,False,none
ldidfioa-1,TMA00316,CGRP-Alpha,False,False,False,none
ldnjkkdk-1,TMA00316,CGRP-Gamma 1,False,False,False,none
lhcpeald-1,TMA00316,CGRP-Alpha,False,False,False,none
lhemjoia-1,TMA00316,Nonpeptidergic nociceptors,False,False,False,none
lhglcale-1,TMA00316,Proprioceptors,False,False,False,none
lhgomdeb-1,TMA00316,Nonpeptidergic nociceptors,False,False,False,none
lhijmbgk-1,TMA00316,Nonpeptidergic nociceptors,False,False,False,none
lhjfkkhb-1,TMA00316,Nonpeptidergic nociceptors,False,False,False,none
lhjikpen-1,TMA00316,CGRP-Epsilion,False,False,False,none
lhjnghjb-1,TMA00316,CGRP-Alpha,False,False,False,none
lhjnhohc-1,TMA00316,Nonpeptidergic nociceptors,False,False,False,none
lhkamnbk-1,TMA00316,Nonpeptidergic nociceptors,False,False,False,none
lhkfoeom-1,TMA00316,Nonpeptidergic nociceptors,False,False,False,none
lhkjmmoh-1,TMA00316,Abeta-Field,False,False,False,none
lhlhlmog-1,TMA00316,Nonpeptidergic nociceptors,False,False,False,none
lhlkecbd-1,TMA00316,Abeta-Field,False,False,False,none
lhloocjg-1,TMA00316,Abeta-RA-LTMR,False,False,False,none
lhlpckdn-1,TMA00316,Nonpeptidergic nociceptors,False,False,False,none
lhmblpmn-1,TMA00316,Abeta-RA-LTMR,False,False,False,none
lhmjnjgj-1,TMA00316,Nonpeptidergic nociceptors,False,False,False,none
lhnjlmap-1,TMA00316,CGRP-Epsilion,False,False,False,none
lhnnpgid-1,TMA00316,Nonpeptidergic nociceptors,False,False,False,none
lhogepdp-1,TMA00316,Nonpeptidergic nociceptors,False,False,False,none
lhpbjjie-1,TMA00316,Abeta-Field,False,False,False,none
lhpeebha-1,TMA00316,C-LTMR,False,False,False,none
lhpeohif-1,TMA00316,Sst,False,False,False,none
lhpljgdd-1,TMA00316,Proprioceptors,False,False,False,none
lhpmpjfe-1,TMA00316,Proprioceptors,False,False,False,none
liaieppd-1,TMA00316,Nonpeptidergic nociceptors,False,False,False,none
lianfhjn-1,TMA00316,CGRP-Alpha,False,False,False,none
libkgfpl-1,TMA00316,Nonpeptidergic nociceptors,False,False,False,none
liblgjbh-1,TMA00316,Abeta-RA-LTMR,False,False,False,none
libphgep-1,TMA00316,Abeta-Field,False,False,False,none
liccchhk-1,TMA00316,Nonpeptidergic nociceptors,False,False,False,none
lidjniip-1,TMA00316,Nonpeptidergic nociceptors,False,False,False,none
lidlfkoe-1,TMA00316,Sst,False,False,False,none
lieaakca-1,TMA00316,Sst,False,False,False,none
liemmmkl-1,TMA00316,CGRP-Theta,False,False,False,none
lifacaig-1,TMA00316,Nonpeptidergic nociceptors,False,False,False,none
lifnpcbn-1,TMA00316,Nonpeptidergic nociceptors,False,False,False,none
ligfbode-1,TMA00316,Nonpeptidergic nociceptors,False,False,False,none
liggpknp-1,TMA00316,Nonpeptidergic nociceptors,False,False,False,none
ligpejdc-1,TMA00316,Nonpeptidergic nociceptors,False,False,False,none
lihaemmn-1,TMA00316,Nonpeptidergic nociceptors,False,False,False,none
lihmkfid-1,TMA00316,Nonpeptidergic nociceptors,False,False,False,none
lijpehbc-1,TMA00316,Sst,False,False,False,none
likfcenh-1,TMA00316,CGRP-Alpha,False,False,False,none
likinmbl-1,TMA00316,CGRP-Eta,False,False,False,none
likpkfhh-1,TMA00316,Nonpeptidergic nociceptors,False,False,False,none
limkdefd-1,TMA00316,Nonpeptidergic nociceptors,False,False,False,none
limmfamm-1,TMA00316,Nonpeptidergic nociceptors,False,False,False,none
linjmlan-1,TMA00316,CGRP-Theta,False,False,False,none
linkcknj-1,TMA00316,CGRP-Theta,False,False,False,none
linojcie-1,TMA00316,Nonpeptidergic nociceptors,False,False,False,none
lioddpab-1,TMA00316,Sst,False,False,False,none
liodjaij-1,TMA00316,Nonpeptidergic nociceptors,False,False,False,none
lioofgfl-1,TMA00316,Proprioceptors,False,False,False,none
lipcaakm-1,TMA00316,Nonpeptidergic nociceptors,False,False,False,none
lipdfaje-1,TMA00316,CGRP-Theta,False,False,False,none
ljabipeh-1,TMA00316,Nonpeptidergic nociceptors,False,False,False,none
ljaigfnl-1,TMA00316,Nonpeptidergic nociceptors,False,False,False,none
llhjkhim-1,TMA00316,Nonpeptidergic nociceptors,False,False,False,none
llhogfik-1,TMA00316,Abeta-Field,False,False,False,none
llieblno-1,TMA00316,TrpM8,False,False,False,none
llifdnjp-1,TMA00316,Nonpeptidergic nociceptors,False,False,False,none
llkebjgd-1,TMA00316,Nonpeptidergic nociceptors,False,False,False,none
llkhelkb-1,TMA00316,CGRP-Zeta,False,False,False,none
llklglla-1,TMA00316,Nonpeptidergic nociceptors,False,False,False,none
llkojhdm-1,TMA00316,Abeta-Field,False,False,False,none
llkpfboi-1,TMA00316,C-LTMR,False,False,False,none
lllkabfk-1,TMA00316,C-LTMR,False,False,False,none
llloimmp-1,TMA00316,Nonpeptidergic nociceptors,False,False,False,none
lllpcgjc-1,TMA00316,Abeta-Field,False,False,False,none
llmdjidi-1,TMA00316,Abeta-Field,False,False,False,none
llnnjnil-1,TMA00316,C-LTMR,False,False,False,none
llofmnpc-1,TMA00316,Sst,False,False,False,none
llohedcn-1,TMA00316,CGRP-Zeta,False,False,False,none
llohemag-1,TMA00316,CGRP-Theta,False,False,False,none
llojlpoh-1,TMA00316,Nonpeptidergic nociceptors,False,False,False,none
llopjcdp-1,TMA00316,CGRP-Epsilion,False,False,False,none
llpclfna-1,TMA00316,Nonpeptidergic nociceptors,False,False,False,none
llpdphac-1,TMA00316,Nonpeptidergic nociceptors,False,False,False,none
llphjnnh-1,TMA00316,CGRP-Epsilion,False,False,False,none
llppbpgn-1,TMA00316,Sst,False,False,False,none
llppmklk-1,TMA00316,Nonpeptidergic nociceptors,False,False,False,none
lmalgpil-1,TMA00316,CGRP-Alpha,False,False,False,none
lmamdnge-1,TMA00316,CGRP-Alpha,False,False,False,none
lmbfjkph-1,TMA00316,CGRP-Epsilion,False,False,False,none
lmbgdofl-1,TMA00316,Proprioceptors,False,False,False,none
lmbmdnog-1,TMA00316,CGRP-Alpha,False,False,False,none
lmcagleh-1,TMA00316,TrpM8,False,False,False,none
lmcfakpk-1,TMA00316,CGRP-Alpha,False,False,False,none
lmckldnd-1,TMA00316,Nonpeptidergic nociceptors,False,False,False,none
lmclcggh-1,TMA00316,CGRP-Epsilion,False,False,False,none
lmdckmoa-1,TMA00316,Nonpeptidergic nociceptors,False,False,False,none
lmddeefj-1,TMA00316,CGRP-Alpha,False,False,False,none
lmdigkjf-1,TMA00316,CGRP-Eta,False,False,False,none
lmdlnmhg-1,TMA00316,Proprioceptors,False,False,False,none
lmecpdcn-1,TMA00316,Abeta-RA-LTMR,False,False,False,none
lmeeogcd-1,TMA00316,CGRP-Zeta,False,False,False,none
lmeimakk-1,TMA00316,CGRP-Epsilion,False,False,False,none
lmemfcdl-1,TMA00316,Abeta-Field,False,False,False,none
lmeomebn-1,TMA00316,CGRP-Epsilion,False,False,False,none
lmfkflik-1,TMA00316,Nonpeptidergic nociceptors,False,False,False,none
lmgiffmk-1,TMA00316,CGRP-Eta,False,False,False,none
lmgkkpna-1,TMA00316,CGRP-Eta,False,False,False,none
lmgkpmoj-1,TMA00316,Nonpeptidergic nociceptors,False,False,False,none
lmgmgkpj-1,TMA00316,Sst,False,False,False,none
lmgpplig-1,TMA00316,Sst,False,False,False,none
lmhbopbl-1,TMA00316,Sst,False,False,False,none
lmhkejaf-1,TMA00316,Sst,False,False,False,none
lmhmafmk-1,TMA00316,CGRP-Eta,False,False,False,none
lmhonhja-1,TMA00316,CGRP-Eta,False,False,False,none
lmhpkdbi-1,TMA00316,Abeta-Field,False,False,False,none
lmibijol-1,TMA00316,Sst,False,False,False,none
lmjlfope-1,TMA00316,Nonpeptidergic nociceptors,False,False,False,none
lmkchaoa-1,TMA00316,Nonpeptidergic nociceptors,False,False,False,none
lmkfefki-1,TMA00316,Nonpeptidergic nociceptors,False,False,False,none
lmkgkiim-1,TMA00316,TrpM8,False,False,False,none
lmkijpbj-1,TMA00316,C-LTMR,False,False,False,none
lmkogjla-1,TMA00316,CGRP-Alpha,False,False,False,none
lmlbfkdp-1,TMA00316,CGRP-Theta,False,False,False,none
lmlgflel-1,TMA00316,Nonpeptidergic nociceptors,False,False,False,none
lmlgmcpa-1,TMA00316,CGRP-Alpha,False,False,False,none
lmljhhle-1,TMA00316,Nonpeptidergic nociceptors,False,False,False,none
lmljjddf-1,TMA00316,Proprioceptors,False,False,False,none
lmlollkg-1,TMA00316,Nonpeptidergic nociceptors,False,False,False,none
lmlpbglp-1,TMA00316,Nonpeptidergic nociceptors,False,False,False,none
lmlpinhg-1,TMA00316,Nonpeptidergic nociceptors,False,False,False,none
lmmdppfh-1,TMA00316,CGRP-Epsilion,False,False,False,none
lmmfnhdf-1,TMA00316,Nonpeptidergic nociceptors,False,False,False,none
lmmgppmc-1,TMA00316,CGRP-Epsilion,False,False,False,none
lmmilncc-1,TMA00316,Nonpeptidergic nociceptors,False,False,False,none
lmmnghke-1,TMA00316,CGRP-Epsilion,False,False,False,none
lmmpaobf-1,TMA00316,Nonpeptidergic nociceptors,False,False,False,none
lmnancic-1,TMA00316,Nonpeptidergic nociceptors,False,False,False,none
lmnjepkf-1,TMA00316,CGRP-Eta,False,False,False,none
lmnkajna-1,TMA00316,CGRP-Theta,False,False,False,none
lmnmcoea-1,TMA00316,Nonpeptidergic nociceptors,False,False,False,none
lmnpioka-1,TMA00316,C-LTMR,False,False,False,none
lmocnplm-1,TMA00316,Nonpeptidergic nociceptors,False,False,False,none
lmocpcfi-1,TMA00316,CGRP-Alpha,False,False,False,none
lmokpceo-1,TMA00316,Nonpeptidergic nociceptors,False,False,False,none
lmomibal-1,TMA00316,CGRP-Alpha,False,False,False,none
lmooeoic-1,TMA00316,CGRP-Epsilion,False,False,False,none
lmoogkdh-1,TMA00316,CGRP-Alpha,False,False,False,none
lnahhbfa-1,TMA00316,Nonpeptidergic nociceptors,False,False,False,none
lnbccdap-1,TMA00316,CGRP-Eta,False,False,False,none
lndifbch-1,TMA00316,TrpM8,False,False,False,none
lndnjbbi-1,TMA00316,CGRP-Alpha,False,False,False,none
lnehagcc-1,TMA00316,CGRP-Gamma 1,False,False,False,none
lnhamepb-1,TMA00316,Sst,False,False,False,none
lnhcdghb-1,TMA00316,Sst,False,False,False,none
lnhgfgkh-1,TMA00316,Sst,False,False,False,none
lpdbjlee-1,TMA00316,Sst,False,False,False,none
lpdcfblp-1,TMA00316,Sst,False,False,False,none
lpdgbjdg-1,TMA00316,Sst,False,False,False,none
lpdhhdda-1,TMA00316,Sst,False,False,False,none
lpdmfgna-1,TMA00316,Nonpeptidergic nociceptors,False,False,False,none
lpdnekng-1,TMA00316,TrpM8,False,False,False,none
lpeflgkh-1,TMA00316,Sst,False,False,False,none
lpemmkln-1,TMA00316,TrpM8,False,False,False,none
lpfceapo-1,TMA00316,CGRP-Theta,False,False,False,none
lplcobjn-1,TMA00316,Nonpeptidergic nociceptors,False,False,False,none
lpmbdake-1,TMA00316,Sst,False,False,False,none
lpmbjhak-1,TMA00316,CGRP-Gamma 1,False,False,False,none
lpmmfjmn-1,TMA00316,Sst,False,False,False,none
lpmnaheh-1,TMA00316,Proprioceptors,False,False,False,none
lpmnljma-1,TMA00316,Sst,False,False,False,none
lpmoolod-1,TMA00316,Nonpeptidergic nociceptors,False,False,False,none
lpmpgoib-1,TMA00316,Sst,False,False,False,none
lppkbeoa-1,TMA00316,Nonpeptidergic nociceptors,False,False,False,none
maadlgpn-1,TMA00316,CGRP-Alpha,False,False,False,none
maaimofj-1,TMA00316,Sst,False,False,False,none
maajdjhj-1,TMA00316,Sst,False,False,False,none
maapenkm-1,TMA00316,C-LTMR,False,False,False,none
madalgkp-1,TMA00316,CGRP-Gamma 1,False,False,False,none
madbechc-1,TMA00316,Sst,False,False,False,none
madhhcln-1,TMA00316,CGRP-Gamma 1,False,False,False,none
madidmgb-1,TMA00316,Sst,False,False,False,none
madimnni-1,TMA00316,CGRP-Theta,False,False,False,none
madomddl-1,TMA00316,CGRP-Gamma 1,False,False,False,none
madpfdii-1,TMA00316,CGRP-Gamma 1,False,False,False,none
maechbon-1,TMA00316,CGRP-Theta,False,False,False,none
maibpafo-1,TMA00316,Nonpeptidergic nociceptors,False,False,False,none
mainfmjh-1,TMA00316,CGRP-Eta,False,False,False,none
mainhlin-1,TMA00316,Nonpeptidergic nociceptors,False,False,False,none
majfehpk-1,TMA00316,Nonpeptidergic nociceptors,False,False,False,none
majpcanh-1,TMA00316,Nonpeptidergic nociceptors,False,False,False,none
makalioe-1,TMA00316,Sst,False,False,False,none
makehjbe-1,TMA00316,C-LTMR,False,False,False,none
mangmame-1,TMA00316,Sst,False,False,False,none
maockcgf-1,TMA00316,Nonpeptidergic nociceptors,False,False,False,none
maofimim-1,TMA00316,Nonpeptidergic nociceptors,False,False,False,none
maogbamd-1,TMA00316,CGRP-Epsilion,False,False,False,none
mapfkpdi-1,TMA00316,CGRP-Eta,False,False,False,none
maphbakf-1,TMA00316,Nonpeptidergic nociceptors,False,False,False,none
mapkcnnl-1,TMA00316,CGRP-Eta,False,False,False,none
mappehje-1,TMA00316,Nonpeptidergic nociceptors,False,False,False,none
mbaiomjl-1,TMA00316,CGRP-Theta,False,False,False,none
mbajbkap-1,TMA00316,Nonpeptidergic nociceptors,False,False,False,none
mbamkdbm-1,TMA00316,Nonpeptidergic nociceptors,False,False,False,none
mbaonfek-1,TMA00316,Nonpeptidergic nociceptors,False,False,False,none
mbbcmlmh-1,TMA00316,CGRP-Epsilion,False,False,False,none
mbbpeblb-1,TMA00316,Nonpeptidergic nociceptors,False,False,False,none
mbdmjljp-1,TMA00316,Nonpeptidergic nociceptors,False,False,False,none
mbffdabe-1,TMA00316,Nonpeptidergic nociceptors,False,False,False,none
mbffghij-1,TMA00316,CGRP-Alpha,False,False,False,none
mbfkhndl-1,TMA00316,Nonpeptidergic nociceptors,False,False,False,none
mbfneiig-1,TMA00316,Nonpeptidergic nociceptors,False,False,False,none
mbfonfdc-1,TMA00316,CGRP-Gamma 1,False,False,False,none
mbiigpde-1,TMA00316,CGRP-Zeta,False,False,False,none
mbiinalo-1,TMA00316,Sst,False,False,False,none
mbijdcmm-1,TMA00316,CGRP-Epsilion,False,False,False,none
mbijpgic-1,TMA00316,CGRP-Alpha,False,False,False,none
mbilmobc-1,TMA00316,Nonpeptidergic nociceptors,False,False,False,none
mbippcej-1,TMA00316,CGRP-Zeta,False,False,False,none
mbjclngo-1,TMA00316,CGRP-Zeta,False,False,False,none
mbjdjgcg-1,TMA00316,Sst,False,False,False,none
mbjghbeo-1,TMA00316,Sst,False,False,False,none
mbjgmelk-1,TMA00316,Nonpeptidergic nociceptors,False,False,False,none
mbljlpnj-1,TMA00316,CGRP-Eta,False,False,False,none
mbloifge-1,TMA00316,CGRP-Theta,False,False,False,none
mbnkaaob-1,TMA00316,CGRP-Gamma 1,False,False,False,none
mbnpgkdh-1,TMA00316,Sst,False,False,False,none
mbobkdfl-1,TMA00316,Sst,False,False,False,none
mboobgll-1,TMA00316,CGRP-Gamma 2,False,False,False,none
mbpagfjb-1,TMA00316,CGRP-Gamma 1,False,False,False,none
mbpaoegc-1,TMA00316,CGRP-Gamma 1,False,False,False,none
mbpgogap-1,TMA00316,CGRP-Theta,False,False,False,none
mbpmbbea-1,TMA00316,CGRP-Epsilion,False,False,False,none
mbppkkpc-1,TMA00316,Nonpeptidergic nociceptors,False,False,False,none
mcaaalao-1,TMA00316,Proprioceptors,False,False,False,none
mcaakbdh-1,TMA00316,CGRP-Alpha,False,False,False,none
mcabkali-1,TMA00316,CGRP-Beta,False,False,False,none
mcadnnkl-1,TMA00316,Nonpeptidergic nociceptors,False,False,False,none
mcbbfjni-1,TMA00316,CGRP-Zeta,False,False,False,none
mccbbjln-1,TMA00316,CGRP-Zeta,False,False,False,none
mccbhedg-1,TMA00316,CGRP-Gamma 1,False,False,False,none
mcchkmhk-1,TMA00316,CGRP-Gamma 1,False,False,False,none
mcchloap-1,TMA00316,Nonpeptidergic nociceptors,False,False,False,none
mccjijhn-1,TMA00316,CGRP-Gamma 1,False,False,False,none
mcckjbnm-1,TMA00316,Sst,False,False,False,none
mcddokip-1,TMA00316,CGRP-Zeta,False,False,False,none
mcdmebca-1,TMA00316,Sst,False,False,False,none
mcdmehcj-1,TMA00316,Sst,False,False,False,none
mcebfjfa-1,TMA00316,Sst,False,False,False,none
mceehail-1,TMA00316,CGRP-Theta,False,False,False,none
mcegnnka-1,TMA00316,CGRP-Zeta,False,False,False,none
mceibaio-1,TMA00316,CGRP-Theta,False,False,False,none
mceogmib-1,TMA00316,Nonpeptidergic nociceptors,False,False,False,none
mcfbcnhi-1,TMA00316,Proprioceptors,False,False,False,none
mcfkhkho-1,TMA00316,Nonpeptidergic nociceptors,False,False,False,none
mchngfmk-1,TMA00316,CGRP-Eta,False,False,False,none
mciccbie-1,TMA00316,Sst,False,False,False,none
mcinacbg-1,TMA00316,Nonpeptidergic nociceptors,False,False,False,none
mcjbllie-1,TMA00316,Nonpeptidergic nociceptors,False,False,False,none
mcjemlpp-1,TMA00316,Sst,False,False,False,none
mcjlahbb-1,TMA00316,CGRP-Eta,False,False,False,none
mckedhbm-1,TMA00316,Nonpeptidergic nociceptors,False,False,False,none
mckidcjc-1,TMA00316,Nonpeptidergic nociceptors,False,False,False,none
mckjfmhe-1,TMA00316,Sst,False,False,False,none
mckknbdf-1,TMA00316,Abeta-Field,False,False,False,none
mckmcckk-1,TMA00316,CGRP-Eta,False,False,False,none
mckohlkb-1,TMA00316,Nonpeptidergic nociceptors,False,False,False,none
mcljacfn-1,TMA00316,Proprioceptors,False,False,False,none
mcllkaob-1,TMA00316,Nonpeptidergic nociceptors,False,False,False,none
mcmmnpaa-1,TMA00316,C-LTMR,False,False,False,none
mcnijcoo-1,TMA00316,Nonpeptidergic nociceptors,False,False,False,none
mcnlpjnd-1,TMA00316,C-LTMR,False,False,False,none
mdbkhhoe-1,TMA00316,Nonpeptidergic nociceptors,False,False,False,none
mdbkjhdo-1,TMA00316,Nonpeptidergic nociceptors,False,False,False,none
mdchkoae-1,TMA00316,Nonpeptidergic nociceptors,False,False,False,none
mddmolcb-1,TMA00316,Nonpeptidergic nociceptors,False,False,False,none
meafafkh-1,TMA00316,CGRP-Gamma 1,False,False,False,none
meafccck-1,TMA00316,CGRP-Gamma 1,False,False,False,none
mealpbnb-1,TMA00316,CGRP-Gamma 1,False,False,False,none
mebjjjma-1,TMA00316,Abeta-Field,False,False,False,none
mecbngie-1,TMA00316,Nonpeptidergic nociceptors,False,False,False,none
mechiepa-1,TMA00316,CGRP-Gamma 1,False,False,False,none
meciombh-1,TMA00316,Proprioceptors,False,False,False,none
mecpogcg-1,TMA00316,CGRP-Gamma 1,False,False,False,none
mejjfkfh-1,TMA00316,CGRP-Eta,False,False,False,none
mejnlcfl-1,TMA00316,CGRP-Eta,False,False,False,none
memdnamh-1,TMA00316,Sst,False,False,False,none
memembag-1,TMA00316,CGRP-Gamma 1,False,False,False,none
memhiphp-1,TMA00316,Nonpeptidergic nociceptors,False,False,False,none
memlhcgk-1,TMA00316,CGRP-Gamma 1,False,False,False,none
memmcocd-1,TMA00316,CGRP-Gamma 1,False,False,False,none
meneidac-1,TMA00316,Proprioceptors,False,False,False,none
menjcpbb-1,TMA00316,Nonpeptidergic nociceptors,False,False,False,none
meohoiai-1,TMA00316,CGRP-Epsilion,False,False,False,none
mepambcg-1,TMA00316,CGRP-Alpha,False,False,False,none
mepflhfl-1,TMA00316,Nonpeptidergic nociceptors,False,False,False,none
mepjebec-1,TMA00316,Nonpeptidergic nociceptors,False,False,False,none
mepkhifl-1,TMA00316,Nonpeptidergic nociceptors,False,False,False,none
mepoachj-1,TMA00316,CGRP-Eta,False,False,False,none
mfacmcil-1,TMA00316,Nonpeptidergic nociceptors,False,False,False,none
mfaedoja-1,TMA00316,CGRP-Eta,False,False,False,none
mfbcdgcd-1,TMA00316,Nonpeptidergic nociceptors,False,False,False,none
mfblpibm-1,TMA00316,Nonpeptidergic nociceptors,False,False,False,none
mfcldggn-1,TMA00316,Sst,False,False,False,none
mfdbjpkf-1,TMA00316,Nonpeptidergic nociceptors,False,False,False,none
mfdlciac-1,TMA00316,C-LTMR,False,False,False,none
mfeagffd-1,TMA00316,Nonpeptidergic nociceptors,False,False,False,none
mfebmhhm-1,TMA00316,CGRP-Gamma 1,False,False,False,none
mffbmgbe-1,TMA00316,CGRP-Alpha,False,False,False,none
mffhgnpg-1,TMA00316,Nonpeptidergic nociceptors,False,False,False,none
mfflchff-1,TMA00316,Nonpeptidergic nociceptors,False,False,False,none
mfgecgcj-1,TMA00316,CGRP-Eta,False,False,False,none
mfheeoke-1,TMA00316,Nonpeptidergic nociceptors,False,False,False,none
mfhfakja-1,TMA00316,Nonpeptidergic nociceptors,False,False,False,none
mfhgmbbm-1,TMA00316,CGRP-Epsilion,False,False,False,none
mfhjkome-1,TMA00316,Nonpeptidergic nociceptors,False,False,False,none
mfhnbagk-1,TMA00316,CGRP-Eta,False,False,False,none
mfhodljc-1,TMA00316,Nonpeptidergic nociceptors,False,False,False,none
mfiampaf-1,TMA00316,CGRP-Epsilion,False,False,False,none
mfijojpp-1,TMA00316,CGRP-Theta,False,False,False,none
mgghblnh-1,TMA00316,Abeta-Field,False,False,False,none
mgjmaipb-1,TMA00316,CGRP-Alpha,False,False,False,none
mglcdogb-1,TMA00316,Sst,False,False,False,none
mgldmchg-1,TMA00316,C-LTMR,False,False,False,none
mgllheeo-1,TMA00316,CGRP-Theta,False,False,False,none
mgmbgpfb-1,TMA00316,CGRP-Gamma 2,False,False,False,none
mgmnonfo-1,TMA00316,CGRP-Beta,False,False,False,none
mgmpgipi-1,TMA00316,TrpM8,False,False,False,none
mgnbbbja-1,TMA00316,CGRP-Theta,False,False,False,none
mhcocbpm-1,TMA00316,Nonpeptidergic nociceptors,False,False,False,none
mhcooojh-1,TMA00316,Adelta-LTMR,False,False,False,none
mhcpdnfc-1,TMA00316,Adelta-LTMR,False,False,False,none
miaofnno-1,TMA00316,Nonpeptidergic nociceptors,False,False,False,none
miaogppa-1,TMA00316,Nonpeptidergic nociceptors,False,False,False,none
mibcpben-1,TMA00316,Sst,False,False,False,none
micacjfe-1,TMA00316,Sst,False,False,False,none
micfcnbg-1,TMA00316,Sst,False,False,False,none
micfnemm-1,TMA00316,CGRP-Alpha,False,False,False,none
micfnohb-1,TMA00316,CGRP-Gamma 1,False,False,False,none
micikfcd-1,TMA00316,CGRP-Gamma 1,False,False,False,none
midfleha-1,TMA00316,Nonpeptidergic nociceptors,False,False,False,none
midmgend-1,TMA00316,TrpM8,False,False,False,none
midnbdjb-1,TMA00316,Nonpeptidergic nociceptors,False,False,False,none
midpllhm-1,TMA00316,Sst,False,False,False,none
mieaehfo-1,TMA00316,CGRP-Eta,False,False,False,none
mieahlom-1,TMA00316,CGRP-Epsilion,False,False,False,none
miekdmld-1,TMA00316,CGRP-Gamma 1,False,False,False,none
mifklfal-1,TMA00316,Abeta-Field,False,False,False,none
migdbfno-1,TMA00316,CGRP-Gamma 1,False,False,False,none
miggjcad-1,TMA00316,CGRP-Eta,False,False,False,none
migpeeoc-1,TMA00316,CGRP-Zeta,False,False,False,none
mihglgnl-1,TMA00316,C-LTMR,False,False,False,none
mihpbckg-1,TMA00316,Nonpeptidergic nociceptors,False,False,False,none
miickbec-1,TMA00316,Nonpeptidergic nociceptors,False,False,False,none
miifjhai-1,TMA00316,Nonpeptidergic nociceptors,False,False,False,none
miiggkap-1,TMA00316,Nonpeptidergic nociceptors,False,False,False,none
miiijefl-1,TMA00316,CGRP-Eta,False,False,False,none
miikbolg-1,TMA00316,CGRP-Gamma 1,False,False,False,none
miikdmbi-1,TMA00316,CGRP-Gamma 1,False,False,False,none
miikjaig-1,TMA00316,C-LTMR,False,False,False,none
mijclioe-1,TMA00316,Sst,False,False,False,none
mijjlife-1,TMA00316,Abeta-Field,False,False,False,none
mijnfeic-1,TMA00316,Sst,False,False,False,none
mikbombf-1,TMA00316,CGRP-Zeta,False,False,False,none
mikfmmgk-1,TMA00316,CGRP-Theta,False,False,False,none
mikgidcd-1,TMA00316,CGRP-Gamma 1,False,False,False,none
mikhbooo-1,TMA00316,CGRP-Theta,False,False,False,none
miknlmlm-1,TMA00316,CGRP-Theta,False,False,False,none
milmpagc-1,TMA00316,CGRP-Theta,False,False,False,none
minedcje-1,TMA00316,Sst,False,False,False,none
minklcie-1,TMA00316,CGRP-Gamma 1,False,False,False,none
minlbfnc-1,TMA00316,CGRP-Theta,False,False,False,none
minlnmhg-1,TMA00316,Sst,False,False,False,none
minnbmdi-1,TMA00316,Nonpeptidergic nociceptors,False,False,False,none
miobppak-1,TMA00316,Nonpeptidergic nociceptors,False,False,False,none
miopmolo-1,TMA00316,CGRP-Eta,False,False,False,none
mipaemdn-1,TMA00316,Nonpeptidergic nociceptors,False,False,False,none
mipdmklo-1,TMA00316,Nonpeptidergic nociceptors,False,False,False,none
mipfanao-1,TMA00316,Sst,False,False,False,none
mipndogp-1,TMA00316,Sst,False,False,False,none
mippnpje-1,TMA00316,Sst,False,False,False,none
mjacdofa-1,TMA00316,Sst,False,False,False,none
mjackdjd-1,TMA00316,Sst,False,False,False,none
mjaplkbg-1,TMA00316,Nonpeptidergic nociceptors,False,False,False,none
mjbblbdb-1,TMA00316,CGRP-Gamma 1,False,False,False,none
mjbgijkk-1,TMA00316,CGRP-Beta,False,False,False,none
mjcdjhmb-1,TMA00316,CGRP-Eta,False,False,False,none
mjdlamem-1,TMA00316,Sst,False,False,False,none
mjdnaoeh-1,TMA00316,CGRP-Eta,False,False,False,none
mjdpcolb-1,TMA00316,Nonpeptidergic nociceptors,False,False,False,none
mjecaloj-1,TMA00316,CGRP-Zeta,False,False,False,none
mjedbgko-1,TMA00316,CGRP-Gamma 1,False,False,False,none
mjegmhdh-1,TMA00316,Nonpeptidergic nociceptors,False,False,False,none
mjfaeolp-1,TMA00316,CGRP-Eta,False,False,False,none
mjfccagk-1,TMA00316,Sst,False,False,False,none
mjfcpfjj-1,TMA00316,CGRP-Alpha,False,False,False,none
mjfejjph-1,TMA00316,CGRP-Gamma 1,False,False,False,none
mjfgjccb-1,TMA00316,CGRP-Gamma 1,False,False,False,none
mjfjccjg-1,TMA00316,Abeta-Field,False,False,False,none
mjnnopef-1,TMA00316,Nonpeptidergic nociceptors,False,False,False,none
mkckiabb-1,TMA00316,CGRP-Theta,False,False,False,none
mkcofedb-1,TMA00316,CGRP-Theta,False,False,False,none
mkdielhe-1,TMA00316,Proprioceptors,False,False,False,none
mkeoenhj-1,TMA00316,Sst,False,False,False,none
mkhlioko-1,TMA00316,CGRP-Alpha,False,False,False,none
mkimjhlm-1,TMA00316,Nonpeptidergic nociceptors,False,False,False,none
mkjgldkg-1,TMA00316,Sst,False,False,False,none
mkjlllhf-1,TMA00316,C-LTMR,False,False,False,none
mkkifbkb-1,TMA00316,Nonpeptidergic nociceptors,False,False,False,none
mkkipanl-1,TMA00316,Nonpeptidergic nociceptors,False,False,False,none
mknegecf-1,TMA00316,C-LTMR,False,False,False,none
mknfpfje-1,TMA00316,CGRP-Gamma 1,False,False,False,none
mknidhai-1,TMA00316,TrpM8,False,False,False,none
mkohibnn-1,TMA00316,Nonpeptidergic nociceptors,False,False,False,none
mlbcphge-1,TMA00316,Proprioceptors,False,False,False,none
mlfccfih-1,TMA00316,CGRP-Gamma 1,False,False,False,none
mlfjpmjk-1,TMA00316,CGRP-Gamma 1,False,False,False,none
mlhfglfp-1,TMA00316,Nonpeptidergic nociceptors,False,False,False,none
mlhhjnji-1,TMA00316,Nonpeptidergic nociceptors,False,False,False,none
mlhjcipp-1,TMA00316,CGRP-Gamma 1,False,False,False,none
mlhmcied-1,TMA00316,C-LTMR,False,False,False,none
mlhnbibk-1,TMA00316,CGRP-Gamma 1,False,False,False,none
mlhngiod-1,TMA00316,C-LTMR,False,False,False,none
mlhphdbb-1,TMA00316,Nonpeptidergic nociceptors,False,False,False,none
mlicpphd-1,TMA00316,Nonpeptidergic nociceptors,False,False,False,none
mllecbfe-1,TMA00316,C-LTMR,False,False,False,none
mlmancpk-1,TMA00316,Sst,False,False,False,none
mlmdgnlj-1,TMA00316,Sst,False,False,False,none
mlmffhki-1,TMA00316,CGRP-Zeta,False,False,False,none
mlmgkbkd-1,TMA00316,CGRP-Zeta,False,False,False,none
mlmhhenc-1,TMA00316,CGRP-Zeta,False,False,False,none
mlmiddba-1,TMA00316,Nonpeptidergic nociceptors,False,False,False,none
mloghkpi-1,TMA00316,Nonpeptidergic nociceptors,False,False,False,none
mlogicka-1,TMA00316,Nonpeptidergic nociceptors,False,False,False,none
mlohnenf-1,TMA00316,Nonpeptidergic nociceptors,False,False,False,none
mlpbppjl-1,TMA00316,CGRP-Epsilion,False,False,False,none
mlpddijc-1,TMA00316,CGRP-Epsilion,False,False,False,none
mlpffnmn-1,TMA00316,CGRP-Epsilion,False,False,False,none
mmcfmodd-1,TMA00316,Adelta-LTMR,False,False,False,none
mmcgpocb-1,TMA00316,Nonpeptidergic nociceptors,False,False,False,none
mmchdglk-1,TMA00316,CGRP-Alpha,False,False,False,none
mmchhbjc-1,TMA00316,Nonpeptidergic nociceptors,False,False,False,none
mmdebdmd-1,TMA00316,TrpM8,False,False,False,none
mmdeinmi-1,TMA00316,Sst,False,False,False,none
mmdifinn-1,TMA00316,CGRP-Gamma 1,False,False,False,none
mmdinfkb-1,TMA00316,TrpM8,False,False,False,none
mmdjhlhj-1,TMA00316,CGRP-Zeta,False,False,False,none
mmdmphpb-1,TMA00316,CGRP-Epsilion,False,False,False,none
mmeknppd-1,TMA00316,Sst,False,False,False,none
mmenkbca-1,TMA00316,Proprioceptors,False,False,False,none
mmepkfke-1,TMA00316,TrpM8,False,False,False,none
mmfbppfi-1,TMA00316,Nonpeptidergic nociceptors,False,False,False,none
mmfefdge-1,TMA00316,Proprioceptors,False,False,False,none
mmflgpgh-1,TMA00316,CGRP-Zeta,False,False,False,none
mmfmflkf-1,TMA00316,CGRP-Epsilion,False,False,False,none
mmjdflpj-1,TMA00316,Nonpeptidergic nociceptors,False,False,False,none
mmjfgghc-1,TMA00316,Nonpeptidergic nociceptors,False,False,False,none
mmjlmdic-1,TMA00316,Nonpeptidergic nociceptors,False,False,False,none
mmjlobbf-1,TMA00316,Abeta-RA-LTMR,False,False,False,none
mmlefjmg-1,TMA00316,CGRP-Theta,False,False,False,none
mmlkicgd-1,TMA00316,CGRP-Eta,False,False,False,none
mmllopah-1,TMA00316,CGRP-Eta,False,False,False,none
mmloamfj-1,TMA00316,Abeta-Field,False,False,False,none
mmmdamhi-1,TMA00316,Adelta-LTMR,False,False,False,none
mmmgbepn-1,TMA00316,Nonpeptidergic nociceptors,False,False,False,none
mmmhoeoj-1,TMA00316,CGRP-Theta,False,False,False,none
mnafpkjc-1,TMA00316,Nonpeptidergic nociceptors,False,False,False,none
mnaknnme-1,TMA00316,Sst,False,False,False,none
mnamehkb-1,TMA00316,Proprioceptors,False,False,False,none
mnbfpfpd-1,TMA00316,C-LTMR,False,False,False,none
mnbgcpgp-1,TMA00316,Nonpeptidergic nociceptors,False,False,False,none
mnfiepgk-1,TMA00316,Nonpeptidergic nociceptors,False,False,False,none
mnfkhjmd-1,TMA00316,TrpM8,False,False,False,none
mnfpohfb-1,TMA00316,C-LTMR,False,False,False,none
mngbiddk-1,TMA00316,C-LTMR,False,False,False,none
mngnombg-1,TMA00316,Nonpeptidergic nociceptors,False,False,False,none
mnmlodkl-1,TMA00316,Sst,False,False,False,none
mnpedbal-1,TMA00316,CGRP-Epsilion,False,False,False,none
mnpflbpl-1,TMA00316,CGRP-Alpha,False,False,False,none
mnplclka-1,TMA00316,Nonpeptidergic nociceptors,False,False,False,none
mnpmlngm-1,TMA00316,Abeta-RA-LTMR,False,False,False,none
mnponomo-1,TMA00316,Abeta-Field,False,False,False,none
moagmkag-1,TMA00316,CGRP-Epsilion,False,False,False,none
moahnadi-1,TMA00316,Sst,False,False,False,none
moaicbhg-1,TMA00316,C-LTMR,False,False,False,none
moajapgl-1,TMA00316,CGRP-Theta,False,False,False,none
moamkemp-1,TMA00316,CGRP-Theta,False,False,False,none
mobihcph-1,TMA00316,CGRP-Gamma 1,False,False,False,none
mobipjcp-1,TMA00316,Adelta-LTMR,False,False,False,none
mocahbip-1,TMA00316,TrpM8,False,False,False,none
mocgdfnn-1,TMA00316,CGRP-Eta,False,False,False,none
moclaadp-1,TMA00316,TrpM8,False,False,False,none
modgfonk-1,TMA00316,CGRP-Eta,False,False,False,none
modkhohe-1,TMA00316,CGRP-Gamma 1,False,False,False,none
mogcooap-1,TMA00316,CGRP-Gamma 1,False,False,False,none
mohapgdb-1,TMA00316,CGRP-Gamma 1,False,False,False,none
moheland-1,TMA00316,Nonpeptidergic nociceptors,False,False,False,none
mohhkddo-1,TMA00316,Abeta-Field,False,False,False,none
mohnndel-1,TMA00316,C-LTMR,False,False,False,none
mohoajap-1,TMA00316,Nonpeptidergic nociceptors,False,False,False,none
moihlaee-1,TMA00316,TrpM8,False,False,False,none
moimffnp-1,TMA00316,CGRP-Beta,False,False,False,none
mojfflko-1,TMA00316,CGRP-Eta,False,False,False,none
mojnlgmh-1,TMA00316,CGRP-Eta,False,False,False,none
mokackeo-1,TMA00316,C-LTMR,False,False,False,none
mokeokfi-1,TMA00316,Abeta-Field,False,False,False,none
mokgiakc-1,TMA00316,Sst,False,False,False,none
mokhcnde-1,TMA00316,Nonpeptidergic nociceptors,False,False,False,none
moknocda-1,TMA00316,Nonpeptidergic nociceptors,False,False,False,none
moknoeab-1,TMA00316,CGRP-Theta,False,False,False,none
mokpeflh-1,TMA00316,Abeta-Field,False,False,False,none
momchdbn-1,TMA00316,CGRP-Theta,False,False,False,none
momefhdo-1,TMA00316,Adelta-LTMR,False,False,False,none
momknbde-1,TMA00316,Sst,False,False,False,none
monfifhg-1,TMA00316,Nonpeptidergic nociceptors,False,False,False,none
monhccke-1,TMA00316,CGRP-Gamma 2,False,False,False,none
moniepjh-1,TMA00316,CGRP-Gamma 1,False,False,False,none
moocmjfi-1,TMA00316,CGRP-Zeta,False,False,False,none
moodeaaa-1,TMA00316,CGRP-Gamma 1,False,False,False,none
moohahjd-1,TMA00316,Nonpeptidergic nociceptors,False,False,False,none
moohpbkh-1,TMA00316,Nonpeptidergic nociceptors,False,False,False,none
moombobh-1,TMA00316,C-LTMR,False,False,False,none
mopaaanp-1,TMA00316,CGRP-Beta,False,False,False,none
mopbfkln-1,TMA00316,Sst,False,False,False,none
moppfpbc-1,TMA00316,Nonpeptidergic nociceptors,False,False,False,none
mpabdcoe-1,TMA00316,CGRP-Eta,False,False,False,none
mpabmmdj-1,TMA00316,CGRP-Gamma 1,False,False,False,none
mpaihhpn-1,TMA00316,CGRP-Gamma 1,False,False,False,none
mpbhbnjc-1,TMA00316,CGRP-Epsilion,False,False,False,none
mpbhpeac-1,TMA00316,CGRP-Zeta,False,False,False,none
mpbkdlpp-1,TMA00316,CGRP-Theta,False,False,False,none
mpbkpmib-1,TMA00316,Sst,False,False,False,none
mpboaajm-1,TMA00316,CGRP-Beta,False,False,False,none
mpcekopn-1,TMA00316,CGRP-Gamma 1,False,False,False,none
mpcfjene-1,TMA00316,CGRP-Zeta,False,False,False,none
mpcgiihd-1,TMA00316,CGRP-Zeta,False,False,False,none
mpcjjdef-1,TMA00316,CGRP-Zeta,False,False,False,none
mpcmipal-1,TMA00316,CGRP-Eta,False,False,False,none
mpdjaaml-1,TMA00316,CGRP-Gamma 1,False,False,False,none
mpdjnokj-1,TMA00316,CGRP-Epsilion,False,False,False,none
mpdldclj-1,TMA00316,CGRP-Zeta,False,False,False,none
mpdmlhmc-1,TMA00316,CGRP-Zeta,False,False,False,none
mpebmnpc-1,TMA00316,CGRP-Zeta,False,False,False,none
mpeiedod-1,TMA00316,CGRP-Zeta,False,False,False,none
mpeoeobc-1,TMA00316,Nonpeptidergic nociceptors,False,False,False,none
mpeolpje-1,TMA00316,Nonpeptidergic nociceptors,False,False,False,none
mpepfbme-1,TMA00316,Nonpeptidergic nociceptors,False,False,False,none
mpfdncac-1,TMA00316,Nonpeptidergic nociceptors,False,False,False,none
mpfgcgpb-1,TMA00316,CGRP-Gamma 1,False,False,False,none
mpleklff-1,TMA00316,TrpM8,False,False,False,none
mplfnlaj-1,TMA00316,Abeta-RA-LTMR,False,False,False,none
mpliacjb-1,TMA00316,Nonpeptidergic nociceptors,False,False,False,none
mplipbpd-1,TMA00316,CGRP-Eta,False,False,False,none
mplmecjp-1,TMA00316,Sst,False,False,False,none
mplmldbh-1,TMA00316,Sst,False,False,False,none
mplmmfnf-1,TMA00316,CGRP-Epsilion,False,False,False,none
mplmpjdf-1,TMA00316,CGRP-Eta,False,False,False,none
mpmihkhh-1,TMA00316,Sst,False,False,False,none
mpmmmokp-1,TMA00316,Nonpeptidergic nociceptors,False,False,False,none
mpnakkdb-1,TMA00316,Sst,False,False,False,none
mpndepad-1,TMA00316,C-LTMR,False,False,False,none
mpndkpei-1,TMA00316,TrpM8,False,False,False,none
mpnipgih-1,TMA00316,TrpM8,False,False,False,none
mpnnhpjp-1,TMA00316,C-LTMR,False,False,False,none
mpodagfm-1,TMA00316,TrpM8,False,False,False,none
nabflbal-1,TMA00316,CGRP-Alpha,False,False,False,none
nadebokj-1,TMA00316,Nonpeptidergic nociceptors,False,False,False,none
nadhilfg-1,TMA00316,Nonpeptidergic nociceptors,False,False,False,none
nadkhjck-1,TMA00316,Abeta-RA-LTMR,False,False,False,none
nadngjpa-1,TMA00316,CGRP-Alpha,False,False,False,none
naegkpmh-1,TMA00316,CGRP-Alpha,False,False,False,none
naffloei-1,TMA00316,C-LTMR,False,False,False,none
naffmefm-1,TMA00316,Abeta-Field,False,False,False,none
naicmfco-1,TMA00316,Nonpeptidergic nociceptors,False,False,False,none
najkhgeb-1,TMA00316,Abeta-RA-LTMR,False,False,False,none
najlpihe-1,TMA00316,Proprioceptors,False,False,False,none
nakebokj-1,TMA00316,CGRP-Gamma 1,False,False,False,none
nakplaaj-1,TMA00316,Proprioceptors,False,False,False,none
nambbmle-1,TMA00316,Nonpeptidergic nociceptors,False,False,False,none
namjkjlj-1,TMA00316,Sst,False,False,False,none
nammfgel-1,TMA00316,CGRP-Theta,False,False,False,none
nancehci-1,TMA00316,Nonpeptidergic nociceptors,False,False,False,none
nanilkaj-1,TMA00316,Adelta-LTMR,False,False,False,none
nanodfaj-1,TMA00316,Sst,False,False,False,none
nbaeifng-1,TMA00316,Abeta-Field,False,False,False,none
nbajigeh-1,TMA00316,CGRP-Eta,False,False,False,none
nbbcbenm-1,TMA00316,Abeta-RA-LTMR,False,False,False,none
nbcocjia-1,TMA00316,CGRP-Gamma 1,False,False,False,none
nbdenhpo-1,TMA00316,CGRP-Gamma 1,False,False,False,none
nbdiacjd-1,TMA00316,TrpM8,False,False,False,none
nbdpdfhn-1,TMA00316,Sst,False,False,False,none
nbecbmfp-1,TMA00316,TrpM8,False,False,False,none
nbedfbnk-1,TMA00316,CGRP-Gamma 1,False,False,False,none
nbegnaef-1,TMA00316,CGRP-Beta,False,False,False,none
nbelfdbc-1,TMA00316,CGRP-Gamma 1,False,False,False,none
nbfjdekc-1,TMA00316,Nonpeptidergic nociceptors,False,False,False,none
nbfmbhkd-1,TMA00316,CGRP-Eta,False,False,False,none
nbgdmdhc-1,TMA00316,C-LTMR,False,False,False,none
nbghcnmg-1,TMA00316,CGRP-Gamma 1,False,False,False,none
nbhemgab-1,TMA00316,Nonpeptidergic nociceptors,False,False,False,none
nbikfmol-1,TMA00316,TrpM8,False,False,False,none
nbjlnhhj-1,TMA00316,Sst,False,False,False,none
nbkbaken-1,TMA00316,CGRP-Gamma 1,False,False,False,none
nbkkgjdg-1,TMA00316,CGRP-Gamma 1,False,False,False,none
nbkniokl-1,TMA00316,C-LTMR,False,False,False,none
nbkofcaf-1,TMA00316,CGRP-Epsilion,False,False,False,none
nbnncifj-1,TMA00316,Nonpeptidergic nociceptors,False,False,False,none
nbphjbgi-1,TMA00316,CGRP-Gamma 1,False,False,False,none
nbpkbobg-1,TMA00316,CGRP-Gamma 2,False,False,False,none
nbpkhfeg-1,TMA00316,CGRP-Eta,False,False,False,none
ncagoedm-1,TMA00316,Nonpeptidergic nociceptors,False,False,False,none
ncahodcl-1,TMA00316,CGRP-Gamma 1,False,False,False,none
ncaieamd-1,TMA00316,CGRP-Gamma 1,False,False,False,none
ncaldmmh-1,TMA00316,Nonpeptidergic nociceptors,False,False,False,none
ncangcei-1,TMA00316,CGRP-Gamma 1,False,False,False,none
ncanicei-1,TMA00316,CGRP-Gamma 2,False,False,False,none
ncanndhk-1,TMA00316,CGRP-Theta,False,False,False,none
ncbngjgg-1,TMA00316,Nonpeptidergic nociceptors,False,False,False,none
ncbocbol-1,TMA00316,CGRP-Gamma 1,False,False,False,none
ncboodal-1,TMA00316,CGRP-Gamma 1,False,False,False,none
nccbdoeg-1,TMA00316,CGRP-Theta,False,False,False,none
ncccoico-1,TMA00316,C-LTMR,False,False,False,none
nccghcbm-1,TMA00316,CGRP-Eta,False,False,False,none
ncchjdfl-1,TMA00316,CGRP-Gamma 1,False,False,False,none
nccidgaj-1,TMA00316,CGRP-Gamma 1,False,False,False,none
nccjkhpd-1,TMA00316,CGRP-Gamma 1,False,False,False,none
nccpahio-1,TMA00316,Nonpeptidergic nociceptors,False,False,False,none
ncdblbkj-1,TMA00316,CGRP-Theta,False,False,False,none
ncdhggeb-1,TMA00316,Abeta-RA-LTMR,False,False,False,none
ncdlnhhm-1,TMA00316,CGRP-Beta,False,False,False,none
ncdnphaf-1,TMA00316,CGRP-Theta,False,False,False,none
ncdohplh-1,TMA00316,CGRP-Gamma 1,False,False,False,none
ncefagdn-1,TMA00316,CGRP-Gamma 1,False,False,False,none
nceifpmm-1,TMA00316,CGRP-Gamma 1,False,False,False,none
ncepfcki-1,TMA00316,CGRP-Gamma 1,False,False,False,none
ncfapbfp-1,TMA00316,CGRP-Eta,False,False,False,none
ncfbfdcb-1,TMA00316,Abeta-Field,False,False,False,none
ncfgnbgh-1,TMA00316,CGRP-Gamma 1,False,False,False,none
ncfkfhma-1,TMA00316,Nonpeptidergic nociceptors,False,False,False,none
ncfpiedf-1,TMA00316,Proprioceptors,False,False,False,none
ncfppaja-1,TMA00316,CGRP-Gamma 1,False,False,False,none
ncgbnemi-1,TMA00316,CGRP-Gamma 1,False,False,False,none
ncgencec-1,TMA00316,CGRP-Gamma 1,False,False,False,none
ncgfceob-1,TMA00316,CGRP-Gamma 1,False,False,False,none
ncgfkjle-1,TMA00316,Nonpeptidergic nociceptors,False,False,False,none
ncgghaje-1,TMA00316,CGRP-Gamma 2,False,False,False,none
ncgkgdgj-1,TMA00316,CGRP-Gamma 1,False,False,False,none
ncgkgidf-1,TMA00316,CGRP-Gamma 1,False,False,False,none
ncgmclie-1,TMA00316,CGRP-Beta,False,False,False,none
ncgmeefl-1,TMA00316,Sst,False,False,False,none
ncgogmdi-1,TMA00316,Nonpeptidergic nociceptors,False,False,False,none
ncgoniib-1,TMA00316,CGRP-Eta,False,False,False,none
nchabdcg-1,TMA00316,CGRP-Eta,False,False,False,none
nchgegkc-1,TMA00316,CGRP-Gamma 1,False,False,False,none
nchihhhb-1,TMA00316,CGRP-Gamma 1,False,False,False,none
nchlanpl-1,TMA00316,TrpM8,False,False,False,none
nchmemao-1,TMA00316,CGRP-Eta,False,False,False,none
nchpcfpg-1,TMA00316,CGRP-Epsilion,False,False,False,none
nchpdaba-1,TMA00316,Nonpeptidergic nociceptors,False,False,False,none
nchpljil-1,TMA00316,CGRP-Epsilion,False,False,False,none
nciaoanc-1,TMA00316,CGRP-Gamma 1,False,False,False,none
nciedcpp-1,TMA00316,CGRP-Zeta,False,False,False,none
ncijclhg-1,TMA00316,CGRP-Gamma 1,False,False,False,none
ncjeacfl-1,TMA00316,CGRP-Eta,False,False,False,none
ncmlpegm-1,TMA00316,CGRP-Zeta,False,False,False,none
ncmnmime-1,TMA00316,Sst,False,False,False,none
ncmobfci-1,TMA00316,Nonpeptidergic nociceptors,False,False,False,none
ncmpckhh-1,TMA00316,Nonpeptidergic nociceptors,False,False,False,none
ncmpdfeg-1,TMA00316,CGRP-Theta,False,False,False,none
ncnbdghe-1,TMA00316,CGRP-Epsilion,False,False,False,none
ncncgabb-1,TMA00316,CGRP-Epsilion,False,False,False,none
ncndlfgb-1,TMA00316,Nonpeptidergic nociceptors,False,False,False,none
ncnfaleg-1,TMA00316,CGRP-Gamma 1,False,False,False,none
ncnhgihm-1,TMA00316,CGRP-Gamma 1,False,False,False,none
ncnhlncf-1,TMA00316,Nonpeptidergic nociceptors,False,False,False,none
ncnmffma-1,TMA00316,Nonpeptidergic nociceptors,False,False,False,none
ncnnaeko-1,TMA00316,CGRP-Gamma 2,False,False,False,none
ncohligi-1,TMA00316,Nonpeptidergic nociceptors,False,False,False,none
ncoipaai-1,TMA00316,Adelta-LTMR,False,False,False,none
ncojggpp-1,TMA00316,Nonpeptidergic nociceptors,False,False,False,none
ncomkiac-1,TMA00316,C-LTMR,False,False,False,none
ncoojfjc-1,TMA00316,CGRP-Alpha,False,False,False,none
ncpkdmbh-1,TMA00316,CGRP-Theta,False,False,False,none
ncpnocip-1,TMA00316,Nonpeptidergic nociceptors,False,False,False,none
ndbojaia-1,TMA00316,TrpM8,False,False,False,none
ndbphcji-1,TMA00316,Sst,False,False,False,none
ndchbicj-1,TMA00316,CGRP-Gamma 2,False,False,False,none
ndcpbimf-1,TMA00316,CGRP-Eta,False,False,False,none
nddablkm-1,TMA00316,CGRP-Gamma 1,False,False,False,none
ndddedpk-1,TMA00316,Abeta-Field,False,False,False,none
nddfhmcb-1,TMA00316,Nonpeptidergic nociceptors,False,False,False,none
ndebnpfg-1,TMA00316,Proprioceptors,False,False,False,none
ndfgmeen-1,TMA00316,CGRP-Eta,False,False,False,none
ndfhamcp-1,TMA00316,Nonpeptidergic nociceptors,False,False,False,none
ndflgpdf-1,TMA00316,CGRP-Theta,False,False,False,none
ndgjplia-1,TMA00316,CGRP-Epsilion,False,False,False,none
ndglonmm-1,TMA00316,Sst,False,False,False,none
ndhdjaej-1,TMA00316,TrpM8,False,False,False,none
ndhilglo-1,TMA00316,CGRP-Alpha,False,False,False,none
ndibbiik-1,TMA00316,TrpM8,False,False,False,none
ndicppgg-1,TMA00316,Nonpeptidergic nociceptors,False,False,False,none
ndiehdcc-1,TMA00316,Nonpeptidergic nociceptors,False,False,False,none
ndijfjee-1,TMA00316,C-LTMR,False,False,False,none
ndijkmfk-1,TMA00316,CGRP-Eta,False,False,False,none
ndiljanl-1,TMA00316,CGRP-Theta,False,False,False,none
ndipaabh-1,TMA00316,Proprioceptors,False,False,False,none
ndjancoi-1,TMA00316,CGRP-Epsilion,False,False,False,none
ndjmicfa-1,TMA00316,Proprioceptors,False,False,False,none
ndjpkglc-1,TMA00316,CGRP-Gamma 2,False,False,False,none
ndkbaogg-1,TMA00316,Nonpeptidergic nociceptors,False,False,False,none
ndkbifgj-1,TMA00316,CGRP-Alpha,False,False,False,none
ndkfchnb-1,TMA00316,CGRP-Beta,False,False,False,none
ndkfphoe-1,TMA00316,Nonpeptidergic nociceptors,False,False,False,none
ndkgnehn-1,TMA00316,Sst,False,False,False,none
ndkkjmmg-1,TMA00316,CGRP-Zeta,False,False,False,none
ndknfghi-1,TMA00316,CGRP-Eta,False,False,False,none
ndokafkh-1,TMA00316,Nonpeptidergic nociceptors,False,False,False,none
nebhipnn-1,TMA00316,Nonpeptidergic nociceptors,False,False,False,none
nebjdlgp-1,TMA00316,CGRP-Alpha,False,False,False,none
necpgacc-1,TMA00316,TrpM8,False,False,False,none
neendebc-1,TMA00316,Nonpeptidergic nociceptors,False,False,False,none
nefdlhog-1,TMA00316,CGRP-Epsilion,False,False,False,none
nefeefbb-1,TMA00316,TrpM8,False,False,False,none
nefeigmp-1,TMA00316,Proprioceptors,False,False,False,none
nefgajla-1,TMA00316,CGRP-Gamma 2,False,True,False,dTomato_Seq2_hi
nefjafad-1,TMA00316,CGRP-Gamma 1,False,False,False,none
negbemhd-1,TMA00316,Abeta-RA-LTMR,False,False,False,none
negcbicm-1,TMA00316,CGRP-Eta,False,False,False,none
negffbgc-1,TMA00316,CGRP-Gamma 1,False,False,False,none
negieafi-1,TMA00316,CGRP-Gamma 1,False,False,False,none
negpafgn-1,TMA00316,CGRP-Gamma 1,False,False,False,none
negppona-1,TMA00316,CGRP-Gamma 1,False,False,False,none
nehbcaia-1,TMA00316,Nonpeptidergic nociceptors,False,False,False,none
nehmihhc-1,TMA00316,CGRP-Gamma 1,False,False,False,none
nejkpjfk-1,TMA00316,CGRP-Eta,False,False,False,none
nejpbnka-1,TMA00316,TrpM8,False,False,False,none
nelbbhof-1,TMA00316,CGRP-Gamma 1,False,False,False,none
neldldcn-1,TMA00316,CGRP-Beta,False,False,False,none
nembcbph-1,TMA00316,TrpM8,False,False,False,none
nembkejo-1,TMA00316,TrpM8,False,False,False,none
nemepjob-1,TMA00316,TrpM8,False,False,False,none
nemjdgmi-1,TMA00316,Sst,False,False,False,none
nemnppfh-1,TMA00316,TrpM8,False,False,False,none
nenceoim-1,TMA00316,CGRP-Gamma 1,False,False,False,none
neochlgc-1,TMA00316,CGRP-Eta,False,False,False,none
neokikfc-1,TMA00316,CGRP-Eta,False,False,False,none
nepnfbmf-1,TMA00316,CGRP-Gamma 1,False,False,False,none
neppijme-1,TMA00316,TrpM8,False,False,False,none
nfadpkan-1,TMA00316,TrpM8,False,False,False,none
nfbckhah-1,TMA00316,TrpM8,False,False,False,none
nfbefmbb-1,TMA00316,Sst,False,False,False,none
nfbgilpo-1,TMA00316,Sst,False,False,False,none
nfbgjoab-1,TMA00316,C-LTMR,False,False,False,none
nfblplpm-1,TMA00316,C-LTMR,False,False,False,none
nfbnfldi-1,TMA00316,CGRP-Beta,False,False,False,none
nfboboge-1,TMA00316,CGRP-Eta,False,False,False,none
nfcaddjf-1,TMA00316,TrpM8,False,False,False,none
nfccdoie-1,TMA00316,Sst,False,False,False,none
nfccolnf-1,TMA00316,Proprioceptors,False,False,False,none
nfcphhip-1,TMA00316,C-LTMR,False,False,False,none
nfdallph-1,TMA00316,CGRP-Alpha,False,False,False,none
nfdcaefp-1,TMA00316,CGRP-Gamma 1,False,False,False,none
nfdggiab-1,TMA00316,CGRP-Gamma 2,False,False,False,none
nfdghlho-1,TMA00316,Nonpeptidergic nociceptors,False,False,False,none
nfdhffoo-1,TMA00316,C-LTMR,False,False,False,none
nfdmaooc-1,TMA00316,CGRP-Gamma 1,False,False,False,none
nfeddoon-1,TMA00316,CGRP-Gamma 2,False,False,False,none
nfefocdc-1,TMA00316,TrpM8,False,False,False,none
nfefpnck-1,TMA00316,CGRP-Theta,False,False,False,none
nfegkfac-1,TMA00316,Nonpeptidergic nociceptors,False,False,False,none
nfemmpah-1,TMA00316,Nonpeptidergic nociceptors,False,False,False,none
nfenopfh-1,TMA00316,TrpM8,False,False,False,none
nffedcpi-1,TMA00316,Nonpeptidergic nociceptors,False,False,False,none
nffeegfc-1,TMA00316,Sst,False,False,False,none
nffffbmp-1,TMA00316,C-LTMR,False,False,False,none
nffibpjf-1,TMA00316,CGRP-Gamma 2,False,False,False,none
nffmbbcp-1,TMA00316,Nonpeptidergic nociceptors,False,False,False,none
nffphcii-1,TMA00316,CGRP-Zeta,False,False,False,none
nffpnibi-1,TMA00316,CGRP-Eta,False,False,False,none
nfgcbgjh-1,TMA00316,C-LTMR,False,False,False,none
nfgcjmcd-1,TMA00316,CGRP-Gamma 2,False,False,False,none
nfgddmhj-1,TMA00316,CGRP-Gamma 1,False,False,False,none
nfgibdpl-1,TMA00316,CGRP-Beta,False,False,False,none
nfglcnih-1,TMA00316,CGRP-Theta,False,False,False,none
nfglehbi-1,TMA00316,C-LTMR,False,False,False,none
nfhhodgn-1,TMA00316,Sst,False,False,False,none
nfhjbfei-1,TMA00316,Nonpeptidergic nociceptors,False,False,False,none
nfhjoefk-1,TMA00316,Abeta-RA-LTMR,False,False,False,none
nfhjojop-1,TMA00316,Nonpeptidergic nociceptors,False,False,False,none
nfhklbja-1,TMA00316,C-LTMR,False,False,False,none
nfhngomk-1,TMA00316,C-LTMR,False,False,False,none
nfialikj-1,TMA00316,CGRP-Gamma 1,False,False,False,none
nfieeicd-1,TMA00316,TrpM8,False,False,False,none
nfifdfke-1,TMA00316,CGRP-Gamma 1,False,False,False,none
nfjaaiib-1,TMA00316,TrpM8,False,False,False,none
nfjcpolj-1,TMA00316,CGRP-Gamma 2,False,False,False,none
nfjookpi-1,TMA00316,CGRP-Gamma 1,False,False,False,none
nfkciimp-1,TMA00316,C-LTMR,False,False,False,none
nfkelklp-1,TMA00316,CGRP-Theta,False,False,False,none
nfkfnpbo-1,TMA00316,CGRP-Gamma 1,False,False,False,none
nfkjlkce-1,TMA00316,Adelta-LTMR,False,False,False,none
nfklgkok-1,TMA00316,Proprioceptors,False,False,False,none
nfknaafn-1,TMA00316,CGRP-Gamma 2,False,False,False,none
nflbondg-1,TMA00316,Sst,False,False,False,none
nflcgjba-1,TMA00316,CGRP-Gamma 1,False,False,False,none
nflckcgc-1,TMA00316,Nonpeptidergic nociceptors,False,False,False,none
nflehhei-1,TMA00316,CGRP-Zeta,False,False,False,none
nflgeghe-1,TMA00316,CGRP-Gamma 1,False,False,False,none
nflgmgck-1,TMA00316,CGRP-Gamma 1,False,False,False,none
nflihbpf-1,TMA00316,Nonpeptidergic nociceptors,False,False,False,none
nfljilfc-1,TMA00316,CGRP-Gamma 1,False,False,False,none
nfmhaadp-1,TMA00316,CGRP-Zeta,False,False,False,none
nfmhicpp-1,TMA00316,CGRP-Zeta,False,False,False,none
nfmjmcpo-1,TMA00316,CGRP-Zeta,False,False,False,none
nfmkaabo-1,TMA00316,Adelta-LTMR,False,False,False,none
nfokkepe-1,TMA00316,CGRP-Zeta,False,False,False,none
nfpdcpdg-1,TMA00316,Nonpeptidergic nociceptors,False,False,False,none
nfpeljdk-1,TMA00316,CGRP-Gamma 2,False,False,False,none
nfpgpmld-1,TMA00316,CGRP-Eta,False,False,False,none
ngagnjoh-1,TMA00316,CGRP-Eta,False,False,False,none
ngbeomph-1,TMA00316,Nonpeptidergic nociceptors,False,False,False,none
ngbgkaok-1,TMA00316,Nonpeptidergic nociceptors,False,False,False,none
ngchfomm-1,TMA00316,CGRP-Gamma 1,False,False,False,none
ngcnhdph-1,TMA00316,CGRP-Theta,False,False,False,none
ngdbmfdh-1,TMA00316,CGRP-Gamma 2,False,True,False,dTomato_Seq2_hi
ngdkbabj-1,TMA00316,Nonpeptidergic nociceptors,False,False,False,none
ngdkjdbk-1,TMA00316,Adelta-LTMR,False,False,False,none
ngebmojd-1,TMA00316,TrpM8,False,False,False,none
ngeknodp-1,TMA00316,Nonpeptidergic nociceptors,False,False,False,none
ngnfogcd-1,TMA00316,Abeta-Field,False,False,False,none
ngnglcfn-1,TMA00316,CGRP-Gamma 2,False,False,False,none
nhdfdbpd-1,TMA00316,CGRP-Eta,False,False,False,none
nheckebk-1,TMA00316,C-LTMR,False,False,False,none
nhehdang-1,TMA00316,Nonpeptidergic nociceptors,False,False,False,none
nheinlmk-1,TMA00316,Sst,False,False,False,none
nhejijfg-1,TMA00316,Nonpeptidergic nociceptors,False,False,False,none
nhekbgdh-1,TMA00316,CGRP-Eta,False,False,False,none
nhfghbcf-1,TMA00316,Nonpeptidergic nociceptors,False,False,False,none
nhfgjfjo-1,TMA00316,Nonpeptidergic nociceptors,False,False,False,none
nhfhbjpa-1,TMA00316,Nonpeptidergic nociceptors,False,False,False,none
nhgdjfia-1,TMA00316,TrpM8,False,False,False,none
nhggemgm-1,TMA00316,CGRP-Theta,False,False,False,none
nhhaoeeo-1,TMA00316,Abeta-Field,False,False,False,none
nhhkakii-1,TMA00316,Nonpeptidergic nociceptors,False,False,False,none
nhiglffn-1,TMA00316,Nonpeptidergic nociceptors,False,False,False,none
nhilphjh-1,TMA00316,Nonpeptidergic nociceptors,False,False,False,none
nhimpceo-1,TMA00316,CGRP-Epsilion,False,False,False,none
nhjaalph-1,TMA00316,Sst,False,False,False,none
nhjgkaij-1,TMA00316,CGRP-Theta,False,False,False,none
nhjoeglp-1,TMA00316,CGRP-Epsilion,False,False,False,none
nhkbkjdf-1,TMA00316,Sst,False,False,False,none
nhkbncff-1,TMA00316,CGRP-Alpha,False,False,False,none
nhkiadgh-1,TMA00316,Nonpeptidergic nociceptors,False,False,False,none
nhkinblh-1,TMA00316,CGRP-Epsilion,False,False,False,none
nhkjbaff-1,TMA00316,Proprioceptors,False,False,False,none
nhlahihb-1,TMA00316,C-LTMR,False,False,False,none
nhlbchbf-1,TMA00316,CGRP-Epsilion,False,False,False,none
nhlejllp-1,TMA00316,CGRP-Alpha,False,False,False,none
nhmahfae-1,TMA00316,Abeta-RA-LTMR,False,False,False,none
nhmdbanj-1,TMA00316,Abeta-RA-LTMR,False,False,False,none
nhnadffa-1,TMA00316,CGRP-Zeta,False,False,False,none
nhnaghhp-1,TMA00316,CGRP-Eta,False,False,False,none
nhninaee-1,TMA00316,CGRP-Epsilion,False,False,False,none
nhnmdgde-1,TMA00316,Nonpeptidergic nociceptors,False,False,False,none
nhnogcoc-1,TMA00316,CGRP-Zeta,False,False,False,none
nhnokmhc-1,TMA00316,Abeta-RA-LTMR,False,False,False,none
nhoaadho-1,TMA00316,Abeta-RA-LTMR,False,False,False,none
nhoalklb-1,TMA00316,Nonpeptidergic nociceptors,False,False,False,none
nhodkopc-1,TMA00316,Nonpeptidergic nociceptors,False,False,False,none
nhogdbbe-1,TMA00316,Abeta-Field,False,False,False,none
nhohggmk-1,TMA00316,Nonpeptidergic nociceptors,False,False,False,none
nhpdjgik-1,TMA00316,C-LTMR,False,False,False,none
nibjmbgf-1,TMA00316,CGRP-Theta,False,False,False,none
nibkhpmd-1,TMA00316,Nonpeptidergic nociceptors,False,False,False,none
nicacemi-1,TMA00316,Proprioceptors,False,False,False,none
nicahjll-1,TMA00316,Nonpeptidergic nociceptors,False,False,False,none
nicekpei-1,TMA00316,Nonpeptidergic nociceptors,False,False,False,none
nicflckb-1,TMA00316,CGRP-Eta,False,False,False,none
nicjhaim-1,TMA00316,TrpM8,False,False,False,none
nicoafmb-1,TMA00316,C-LTMR,False,False,False,none
nicpdoeh-1,TMA00316,CGRP-Gamma 1,False,False,False,none
nidfcacb-1,TMA00316,CGRP-Theta,False,False,False,none
nidoeako-1,TMA00316,CGRP-Zeta,False,False,False,none
niedcojl-1,TMA00316,Nonpeptidergic nociceptors,False,False,False,none
niedjhgl-1,TMA00316,Nonpeptidergic nociceptors,False,False,False,none
nifbpckk-1,TMA00316,CGRP-Gamma 1,False,False,False,none
niflldce-1,TMA00316,C-LTMR,False,False,False,none
niholidn-1,TMA00316,C-LTMR,False,False,False,none
niiahbgj-1,TMA00316,CGRP-Epsilion,False,False,False,none
niidgncm-1,TMA00316,Nonpeptidergic nociceptors,False,False,False,none
niifdlij-1,TMA00316,Nonpeptidergic nociceptors,False,False,False,none
niikpfka-1,TMA00316,CGRP-Epsilion,False,False,False,none
niimmppj-1,TMA00316,Nonpeptidergic nociceptors,False,False,False,none
nijbkngc-1,TMA00316,Abeta-RA-LTMR,False,False,False,none
nikdfclf-1,TMA00316,Nonpeptidergic nociceptors,False,False,False,none
niklddjm-1,TMA00316,C-LTMR,False,False,False,none
nikmhhan-1,TMA00316,TrpM8,False,False,False,none
nikoaefl-1,TMA00316,Sst,False,False,False,none
nikofbjh-1,TMA00316,Nonpeptidergic nociceptors,False,False,False,none
nimbncaa-1,TMA00316,Nonpeptidergic nociceptors,False,False,False,none
ninkejpo-1,TMA00316,CGRP-Zeta,False,False,False,none
niobolcc-1,TMA00316,CGRP-Eta,False,False,False,none
niolfnpp-1,TMA00316,Nonpeptidergic nociceptors,False,False,False,none
nipialnd-1,TMA00316,Nonpeptidergic nociceptors,False,False,False,none
nipjbdfo-1,TMA00316,Sst,False,False,False,none
niplifjb-1,TMA00316,Nonpeptidergic nociceptors,False,False,False,none
njafcfjb-1,TMA00316,CGRP-Gamma 2,False,False,False,none
njamlgfh-1,TMA00316,CGRP-Epsilion,False,False,False,none
njbjgcbm-1,TMA00316,CGRP-Zeta,False,False,False,none
njbnbkbp-1,TMA00316,Sst,False,False,False,none
njbnhmfi-1,TMA00316,Sst,False,False,False,none
njcajnpi-1,TMA00316,CGRP-Zeta,False,False,False,none
njcjlede-1,TMA00316,Nonpeptidergic nociceptors,False,False,False,none
njdbmoai-1,TMA00316,CGRP-Gamma 1,False,False,False,none
njddjedc-1,TMA00316,Nonpeptidergic nociceptors,False,False,False,none
njddkcem-1,TMA00316,Nonpeptidergic nociceptors,False,False,False,none
njdmgbcc-1,TMA00316,Nonpeptidergic nociceptors,False,False,False,none
njdmompe-1,TMA00316,CGRP-Epsilion,False,False,False,none
njeippcd-1,TMA00316,C-LTMR,False,False,False,none
njelhjgb-1,TMA00316,Sst,False,False,False,none
njenjmof-1,TMA00316,CGRP-Alpha,False,False,False,none
njfcagfj-1,TMA00316,Nonpeptidergic nociceptors,False,False,False,none
njgaaomj-1,TMA00316,TrpM8,False,False,False,none
njgbhaae-1,TMA00316,Nonpeptidergic nociceptors,False,False,False,none
njgccfkk-1,TMA00316,CGRP-Zeta,False,False,False,none
njgdkfia-1,TMA00316,CGRP-Gamma 1,False,False,False,none
njgebfba-1,TMA00316,C-LTMR,False,False,False,none
njgnkpeo-1,TMA00316,CGRP-Epsilion,False,False,False,none
njhbmeal-1,TMA00316,Nonpeptidergic nociceptors,False,False,False,none
njhflkog-1,TMA00316,TrpM8,False,False,False,none
njhhpcbo-1,TMA00316,Sst,False,False,False,none
njhjmggi-1,TMA00316,TrpM8,False,False,False,none
njiefoph-1,TMA00316,Nonpeptidergic nociceptors,False,False,False,none
njiekhnl-1,TMA00316,Nonpeptidergic nociceptors,False,False,False,none
njiiiale-1,TMA00316,C-LTMR,False,False,False,none
nkcanbnf-1,TMA00316,Abeta-Field,False,False,False,none
nobpfjnk-1,TMA00316,Proprioceptors,False,False,False,none
npeakndm-1,TMA00316,Nonpeptidergic nociceptors,False,False,False,none
npenjpkj-1,TMA00316,CGRP-Alpha,False,False,False,none
npggkokf-1,TMA00316,Nonpeptidergic nociceptors,False,False,False,none
nphfeihl-1,TMA00316,CGRP-Gamma 1,False,False,False,none
oagjfdhn-1,TMA00316,CGRP-Gamma 1,False,False,False,none
oahbpojh-1,TMA00316,CGRP-Gamma 1,False,False,False,none
oakmfpcl-1,TMA00316,Abeta-RA-LTMR,False,False,False,none
obankgko-1,TMA00316,Nonpeptidergic nociceptors,False,False,False,none
obeeggjn-1,TMA00316,Nonpeptidergic nociceptors,False,False,False,none
obeoepgd-1,TMA00316,CGRP-Eta,False,False,False,none
obepcihe-1,TMA00316,CGRP-Gamma 1,False,False,False,none
obfakehl-1,TMA00316,Nonpeptidergic nociceptors,False,False,False,none
obodojgm-1,TMA00316,TrpM8,False,False,False,none
ocddmphm-1,TMA00316,Nonpeptidergic nociceptors,False,False,False,none
odieilfn-1,TMA00316,CGRP-Zeta,False,False,False,none
odofbkne-1,TMA00316,Proprioceptors,False,False,False,none
oefifhci-1,TMA00316,Proprioceptors,False,False,False,none
ofaffbkl-1,TMA00316,CGRP-Zeta,False,False,False,none
ofcfmjhg-1,TMA00316,Nonpeptidergic nociceptors,False,False,False,none
ofjebkfc-1,TMA00316,CGRP-Alpha,False,False,False,none
oflfhaeh-1,TMA00316,Proprioceptors,False,False,False,none
ogaogibo-1,TMA00316,Nonpeptidergic nociceptors,False,False,False,none
ogoidgki-1,TMA00316,Abeta-Field,False,False,False,none
ohfcjlda-1,TMA00316,TrpM8,False,False,False,none
ohmagfkp-1,TMA00316,CGRP-Alpha,False,False,False,none
ohpikiko-1,TMA00316,Abeta-RA-LTMR,False,False,False,none
oicnlmfj-1,TMA00316,C-LTMR,False,False,False,none
oipdafph-1,TMA00316,Nonpeptidergic nociceptors,False,False,False,none
ojahnobe-1,TMA00316,Nonpeptidergic nociceptors,False,False,False,none
