cell_id,sample_id,neuron_label,EGFP_Seq1_hi,dTomato_Seq2_hi,EGFP_dTomato_dual_hi,group
aaabfmch-1,TMA00315,Nonpeptidergic nociceptors,False,False,False,none
aaacccba-1,TMA00315,CGRP-Zeta,False,False,False,none
aaacmfei-1,TMA00315,Abeta-Field,False,False,False,none
aaagahco-1,TMA00315,Nonpeptidergic nociceptors,False,False,False,none
aaaipead-1,TMA00315,Abeta-Field,False,False,False,none
aaanfabg-1,TMA00315,Nonpeptidergic nociceptors,False,False,False,none
aabdbeob-1,TMA00315,Abeta-Field,False,False,False,none
aabeggdk-1,TMA00315,CGRP-Eta,False,False,False,none
aabggfhl-1,TMA00315,C-LTMR,False,False,False,none
aabhmmmo-1,TMA00315,Proprioceptors,False,False,False,none
aabhplhf-1,TMA00315,Adelta-LTMR,False,False,False,none
aacegfin-1,TMA00315,CGRP-Eta,False,False,False,none
aacekikc-1,TMA00315,CGRP-Eta,False,False,False,none
aacfmage-1,TMA00315,CGRP-Zeta,False,False,False,none
aacibbgb-1,TMA00315,CGRP-Zeta,False,False,False,none
aacijcne-1,TMA00315,CGRP-Eta,False,False,False,none
aacmfbin-1,TMA00315,Nonpeptidergic nociceptors,False,False,False,none
aacniogf-1,TMA00315,Proprioceptors,False,False,False,none
aacpnkbp-1,TMA00315,Proprioceptors,False,False,False,none
aadeioam-1,TMA00315,Nonpeptidergic nociceptors,False,False,False,none
aadhfiha-1,TMA00315,TrpM8,False,False,False,none
aadkggbl-1,TMA00315,CGRP-Eta,False,False,False,none
aadnkkak-1,TMA00315,Nonpeptidergic nociceptors,False,False,False,none
aaeafaeg-1,TMA00315,TrpM8,False,False,False,none
aaemegop-1,TMA00315,CGRP-Eta,False,False,False,none
aafcdejk-1,TMA00315,Abeta-RA-LTMR,False,False,False,none
aaffgpen-1,TMA00315,Proprioceptors,False,False,False,none
aafhlngj-1,TMA00315,Nonpeptidergic nociceptors,False,False,False,none
aafjfmjf-1,TMA00315,CGRP-Eta,False,False,False,none
aaflofhp-1,TMA00315,CGRP-Gamma 1,False,False,False,none
aafoodgl-1,TMA00315,Nonpeptidergic nociceptors,False,False,False,none
aagbddif-1,TMA00315,CGRP-Gamma 1,False,False,False,none
aaggakfc-1,TMA00315,Adelta-LTMR,False,False,False,none
aaggkphb-1,TMA00315,Nonpeptidergic nociceptors,False,False,False,none
aaghblfb-1,TMA00315,C-LTMR,False,False,False,none
aagipikf-1,TMA00315,CGRP-Eta,False,False,False,none
aagkgljk-1,TMA00315,Abeta-Field,False,False,False,none
aaglcben-1,TMA00315,Nonpeptidergic nociceptors,False,False,False,none
aagpnhdb-1,TMA00315,Nonpeptidergic nociceptors,False,False,False,none
aahhcjmb-1,TMA00315,CGRP-Epsilion,False,False,False,none
aahilneo-1,TMA00315,Nonpeptidergic nociceptors,False,False,False,none
aahonaie-1,TMA00315,C-LTMR,False,False,False,none
aahpglna-1,TMA00315,Nonpeptidergic nociceptors,False,False,False,none
aaibhiea-1,TMA00315,C-LTMR,False,False,False,none
aaieniem-1,TMA00315,Adelta-LTMR,False,False,False,none
aaikikhe-1,TMA00315,Abeta-Field,False,False,False,none
aaipbopc-1,TMA00315,CGRP-Eta,False,False,False,none
aajaddbc-1,TMA00315,TrpM8,False,False,False,none
aajahcgm-1,TMA00315,C-LTMR,False,False,False,none
aajaigep-1,TMA00315,CGRP-Epsilion,False,False,False,none
aajbnfpk-1,TMA00315,CGRP-Eta,False,False,False,none
aajfbjcj-1,TMA00315,CGRP-Eta,False,False,False,none
aajgjcom-1,TMA00315,CGRP-Eta,False,False,False,none
aajgkdce-1,TMA00315,Nonpeptidergic nociceptors,False,False,False,none
aajhgncc-1,TMA00315,CGRP-Gamma 1,False,False,False,none
aajhjgka-1,TMA00315,CGRP-Theta,False,False,False,none
aajmoieg-1,TMA00315,CGRP-Eta,False,False,False,none
aakaljdo-1,TMA00315,CGRP-Eta,False,False,False,none
aakaohhp-1,TMA00315,C-LTMR,False,False,False,none
aakcfngd-1,TMA00315,CGRP-Theta,False,False,False,none
aakdpjce-1,TMA00315,Abeta-Field,False,False,False,none
aakkmnke-1,TMA00315,CGRP-Theta,False,False,False,none
aakmcbnp-1,TMA00315,Abeta-Field,False,False,False,none
aakmngan-1,TMA00315,Adelta-LTMR,False,False,False,none
aakpdgdi-1,TMA00315,Proprioceptors,False,False,False,none
aalfemdb-1,TMA00315,Proprioceptors,False,False,False,none
aalfkkce-1,TMA00315,Adelta-LTMR,False,False,False,none
aalgiiaj-1,TMA00315,Nonpeptidergic nociceptors,False,False,False,none
aalihnll-1,TMA00315,TrpM8,False,False,False,none
aalldkne-1,TMA00315,CGRP-Gamma 1,False,False,False,none
aalpnnli-1,TMA00315,CGRP-Alpha,False,False,False,none
aamablfa-1,TMA00315,TrpM8,False,False,False,none
aamfknlk-1,TMA00315,CGRP-Eta,False,False,False,none
aamhhnkh-1,TMA00315,CGRP-Eta,False,False,False,none
aamnkdha-1,TMA00315,Abeta-Field,False,False,False,none
aancldpi-1,TMA00315,Abeta-RA-LTMR,False,False,False,none
aanfclio-1,TMA00315,CGRP-Zeta,False,False,False,none
aanmdnpf-1,TMA00315,Abeta-RA-LTMR,False,False,False,none
aanohmpa-1,TMA00315,Abeta-RA-LTMR,False,False,False,none
aaoabngi-1,TMA00315,Abeta-Field,False,False,False,none
aaogckcn-1,TMA00315,CGRP-Zeta,False,False,False,none
aapiinfk-1,TMA00315,Abeta-RA-LTMR,False,False,False,none
aapnijdo-1,TMA00315,Abeta-RA-LTMR,False,False,False,none
aapojnce-1,TMA00315,Nonpeptidergic nociceptors,False,False,False,none
ababbinf-1,TMA00315,Abeta-Field,False,False,False,none
abadhgkh-1,TMA00315,Abeta-RA-LTMR,False,False,False,none
abafbpog-1,TMA00315,Abeta-Field,False,False,False,none
abajmlmd-1,TMA00315,CGRP-Eta,False,False,False,none
abalkedn-1,TMA00315,Nonpeptidergic nociceptors,False,False,False,none
abankgda-1,TMA00315,Abeta-Field,False,False,False,none
abapenac-1,TMA00315,TrpM8,False,False,False,none
abbillek-1,TMA00315,CGRP-Zeta,False,False,False,none
abcfkagh-1,TMA00315,TrpM8,False,False,False,none
abcjgdhh-1,TMA00315,Adelta-LTMR,False,False,False,none
abckcfld-1,TMA00315,TrpM8,False,False,False,none
abdbfkfe-1,TMA00315,Nonpeptidergic nociceptors,False,False,False,none
abdbhnhf-1,TMA00315,Abeta-Field,False,False,False,none
abdfiagg-1,TMA00315,Nonpeptidergic nociceptors,False,False,False,none
abdgkcnk-1,TMA00315,CGRP-Alpha,False,False,False,none
abdhaopn-1,TMA00315,CGRP-Gamma 1,False,False,False,none
abdinpgk-1,TMA00315,CGRP-Alpha,False,False,False,none
abdklgnh-1,TMA00315,Adelta-LTMR,False,False,False,none
abdmocaf-1,TMA00315,C-LTMR,False,False,False,none
abeckdlk-1,TMA00315,Abeta-RA-LTMR,False,False,False,none
abedkdca-1,TMA00315,CGRP-Epsilion,False,False,False,none
abeeblji-1,TMA00315,CGRP-Theta,False,False,False,none
abeempeb-1,TMA00315,Nonpeptidergic nociceptors,False,False,False,none
abfapgkd-1,TMA00315,Nonpeptidergic nociceptors,False,False,False,none
abfmblli-1,TMA00315,CGRP-Eta,False,False,False,none
abfmefgd-1,TMA00315,Abeta-RA-LTMR,False,False,False,none
abgcpmlh-1,TMA00315,CGRP-Alpha,False,False,False,none
abgffphd-1,TMA00315,CGRP-Eta,False,False,False,none
abgohaib-1,TMA00315,CGRP-Eta,False,False,False,none
abhankmn-1,TMA00315,CGRP-Alpha,False,False,False,none
abhdbppe-1,TMA00315,TrpM8,False,False,False,none
abhigami-1,TMA00315,TrpM8,False,False,False,none
abhlkiad-1,TMA00315,TrpM8,False,False,False,none
abhmeecg-1,TMA00315,TrpM8,False,False,False,none
abighmoa-1,TMA00315,CGRP-Theta,False,False,False,none
abiigiak-1,TMA00315,CGRP-Eta,False,False,False,none
abjgfded-1,TMA00315,Nonpeptidergic nociceptors,False,False,False,none
abjiglga-1,TMA00315,Adelta-LTMR,False,False,False,none
abjimnkd-1,TMA00315,CGRP-Gamma 1,False,False,False,none
abjjebci-1,TMA00315,TrpM8,False,False,False,none
abjjgpaf-1,TMA00315,CGRP-Eta,False,False,False,none
abjkhhef-1,TMA00315,CGRP-Zeta,False,False,False,none
abkefjcc-1,TMA00315,CGRP-Gamma 1,False,False,False,none
abkiimaa-1,TMA00315,CGRP-Gamma 1,False,False,False,none
abkknbdh-1,TMA00315,TrpM8,False,False,False,none
ablcijoe-1,TMA00315,TrpM8,False,False,False,none
ablfjomf-1,TMA00315,CGRP-Alpha,False,False,False,none
ablgbdfj-1,TMA00315,CGRP-Epsilion,False,False,False,none
ablhdacb-1,TMA00315,CGRP-Eta,False,False,False,none
ablkpknl-1,TMA00315,TrpM8,False,False,False,none
abmknbab-1,TMA00315,CGRP-Gamma 1,False,False,False,none
abmlfnae-1,TMA00315,Abeta-Field,False,False,False,none
abmmkleh-1,TMA00315,CGRP-Gamma 1,False,False,False,none
abmpapki-1,TMA00315,Proprioceptors,False,False,False,none
abnnjokk-1,TMA00315,CGRP-Epsilion,False,False,False,none
aboflkki-1,TMA00315,TrpM8,False,False,False,none
aboibfoi-1,TMA00315,TrpM8,False,False,False,none
aboidbmj-1,TMA00315,Nonpeptidergic nociceptors,False,False,False,none
aboinogf-1,TMA00315,TrpM8,False,False,False,none
abojncpb-1,TMA00315,Sst,False,False,False,none
aboknogo-1,TMA00315,Nonpeptidergic nociceptors,False,False,False,none
aboofpji-1,TMA00315,CGRP-Eta,False,False,False,none
abpbghmh-1,TMA00315,TrpM8,False,False,False,none
abphieaa-1,TMA00315,CGRP-Zeta,False,False,False,none
acalcokl-1,TMA00315,CGRP-Beta,False,False,False,none
acapfjlp-1,TMA00315,CGRP-Theta,False,False,False,none
acbfghno-1,TMA00315,CGRP-Gamma 1,False,False,False,none
acbgppie-1,TMA00315,CGRP-Zeta,False,False,False,none
acbhgpih-1,TMA00315,CGRP-Gamma 1,False,False,False,none
acbinldn-1,TMA00315,CGRP-Gamma 1,False,False,False,none
acbkcblp-1,TMA00315,Nonpeptidergic nociceptors,False,False,False,none
acbmekig-1,TMA00315,CGRP-Gamma 2,False,False,False,none
acbmhfao-1,TMA00315,Abeta-RA-LTMR,False,False,False,none
acbngklf-1,TMA00315,Nonpeptidergic nociceptors,False,False,False,none
acbplcma-1,TMA00315,C-LTMR,False,False,False,none
accdkfme-1,TMA00315,Abeta-Field,False,False,False,none
accgndek-1,TMA00315,TrpM8,False,False,False,none
accmejgi-1,TMA00315,TrpM8,False,False,False,none
accmlggk-1,TMA00315,CGRP-Theta,False,False,False,none
accocjmd-1,TMA00315,C-LTMR,False,False,False,none
accpghdp-1,TMA00315,C-LTMR,False,False,False,none
acdbgpna-1,TMA00315,CGRP-Eta,False,False,False,none
acdefeao-1,TMA00315,Abeta-Field,False,False,False,none
acdeooof-1,TMA00315,Nonpeptidergic nociceptors,False,False,False,none
acdfbgco-1,TMA00315,CGRP-Gamma 1,False,False,False,none
acdfiadj-1,TMA00315,C-LTMR,False,False,False,none
acdgodki-1,TMA00315,CGRP-Alpha,False,False,False,none
acdkeljb-1,TMA00315,Nonpeptidergic nociceptors,False,False,False,none
acedabbh-1,TMA00315,Nonpeptidergic nociceptors,False,False,False,none
acedlbda-1,TMA00315,Proprioceptors,False,False,False,none
acegnbci-1,TMA00315,CGRP-Zeta,False,False,False,none
acehfloa-1,TMA00315,TrpM8,False,False,False,none
acekcmjp-1,TMA00315,Nonpeptidergic nociceptors,False,False,False,none
acfdcglh-1,TMA00315,Nonpeptidergic nociceptors,False,False,False,none
acfffahh-1,TMA00315,CGRP-Eta,False,False,False,none
acgbmald-1,TMA00315,CGRP-Beta,False,False,False,none
acgimhmm-1,TMA00315,Abeta-Field,False,False,False,none
acglndmd-1,TMA00315,CGRP-Eta,False,False,False,none
achefbgp-1,TMA00315,TrpM8,False,False,False,none
achgglog-1,TMA00315,TrpM8,False,False,False,none
achikchp-1,TMA00315,CGRP-Epsilion,False,False,False,none
achiopgb-1,TMA00315,Abeta-Field,False,False,False,none
achncdmi-1,TMA00315,CGRP-Gamma 1,False,False,False,none
achnolbc-1,TMA00315,C-LTMR,False,False,False,none
achojdke-1,TMA00315,CGRP-Gamma 1,False,False,False,none
aciafikk-1,TMA00315,CGRP-Beta,False,False,False,none
acialdni-1,TMA00315,Nonpeptidergic nociceptors,False,False,False,none
aciapdih-1,TMA00315,TrpM8,False,False,False,none
acidhfbn-1,TMA00315,Proprioceptors,False,False,False,none
acifdobl-1,TMA00315,CGRP-Alpha,False,False,False,none
acigmhcg-1,TMA00315,CGRP-Beta,False,False,False,none
acikfibh-1,TMA00315,C-LTMR,False,False,False,none
acilepja-1,TMA00315,Proprioceptors,False,False,False,none
acimdjen-1,TMA00315,Abeta-RA-LTMR,False,False,False,none
acjindph-1,TMA00315,Proprioceptors,False,False,False,none
acjkbifc-1,TMA00315,CGRP-Gamma 1,False,False,False,none
acjlagla-1,TMA00315,Nonpeptidergic nociceptors,False,False,False,none
ackkeejp-1,TMA00315,Abeta-Field,False,False,False,none
acknjenb-1,TMA00315,Nonpeptidergic nociceptors,False,False,False,none
aclmdcnc-1,TMA00315,Abeta-RA-LTMR,False,False,False,none
acmcmmad-1,TMA00315,Abeta-Field,False,False,False,none
acmhalgn-1,TMA00315,Nonpeptidergic nociceptors,False,False,False,none
acmhlobn-1,TMA00315,Nonpeptidergic nociceptors,False,False,False,none
acmililm-1,TMA00315,Adelta-LTMR,False,False,False,none
acmiobmn-1,TMA00315,Proprioceptors,False,False,False,none
acmjifmh-1,TMA00315,Nonpeptidergic nociceptors,False,False,False,none
acmlndkd-1,TMA00315,CGRP-Gamma 2,False,False,False,none
acmlphfm-1,TMA00315,C-LTMR,False,False,False,none
acnhcadh-1,TMA00315,CGRP-Alpha,False,False,False,none
acnllecm-1,TMA00315,Abeta-Field,False,False,False,none
acnmjaeh-1,TMA00315,CGRP-Epsilion,False,False,False,none
acnohphf-1,TMA00315,CGRP-Eta,False,False,False,none
acofcdeb-1,TMA00315,TrpM8,False,False,False,none
acofplid-1,TMA00315,Abeta-Field,False,False,False,none
acpaenkn-1,TMA00315,C-LTMR,False,False,False,none
acpgooam-1,TMA00315,Nonpeptidergic nociceptors,False,False,False,none
acpipfdo-1,TMA00315,Adelta-LTMR,False,False,False,none
acpjeogf-1,TMA00315,CGRP-Zeta,False,False,False,none
acplejjn-1,TMA00315,C-LTMR,False,False,False,none
adaapcoi-1,TMA00315,TrpM8,False,False,False,none
adagnpha-1,TMA00315,CGRP-Gamma 2,False,False,False,none
adbapblp-1,TMA00315,CGRP-Zeta,False,False,False,none
adbebjhg-1,TMA00315,CGRP-Zeta,False,False,False,none
adbjhkip-1,TMA00315,Nonpeptidergic nociceptors,False,False,False,none
adbmikbk-1,TMA00315,C-LTMR,False,False,False,none
adbmlcbi-1,TMA00315,CGRP-Eta,False,False,False,none
adcaglcm-1,TMA00315,CGRP-Gamma 2,False,False,False,none
adcbemnb-1,TMA00315,CGRP-Eta,False,False,False,none
adcbiaab-1,TMA00315,Nonpeptidergic nociceptors,False,False,False,none
adcfcgdh-1,TMA00315,TrpM8,False,False,False,none
adcgipjl-1,TMA00315,Nonpeptidergic nociceptors,False,False,False,none
adchkink-1,TMA00315,Adelta-LTMR,False,False,False,none
adcobapc-1,TMA00315,CGRP-Eta,False,False,False,none
addachcd-1,TMA00315,CGRP-Gamma 2,False,False,False,none
addpebed-1,TMA00315,Abeta-Field,False,False,False,none
adeaiofp-1,TMA00315,Proprioceptors,False,False,False,none
adednkki-1,TMA00315,TrpM8,False,False,False,none
adefmfab-1,TMA00315,TrpM8,False,False,False,none
adefogmg-1,TMA00315,CGRP-Gamma 1,False,False,False,none
adekaigp-1,TMA00315,C-LTMR,False,False,False,none
adekjeef-1,TMA00315,CGRP-Epsilion,False,False,False,none
adfcgbig-1,TMA00315,Nonpeptidergic nociceptors,False,False,False,none
adfijkej-1,TMA00315,CGRP-Epsilion,False,False,False,none
adfjikga-1,TMA00315,TrpM8,False,False,False,none
adflelhm-1,TMA00315,CGRP-Eta,False,False,False,none
adfljaaa-1,TMA00315,CGRP-Epsilion,False,False,False,none
adflpoeo-1,TMA00315,CGRP-Eta,False,False,False,none
adflpokn-1,TMA00315,C-LTMR,False,False,False,none
adfmhjdp-1,TMA00315,Nonpeptidergic nociceptors,False,False,False,none
adgcigji-1,TMA00315,CGRP-Theta,False,False,False,none
adgdnjci-1,TMA00315,Abeta-Field,False,False,False,none
adgeiahp-1,TMA00315,CGRP-Gamma 2,False,False,False,none
adgeoioh-1,TMA00315,Nonpeptidergic nociceptors,False,False,False,none
adghnfmf-1,TMA00315,CGRP-Gamma 2,False,False,False,none
adglmcpj-1,TMA00315,CGRP-Gamma 2,False,False,False,none
adgnnaoa-1,TMA00315,CGRP-Alpha,False,False,False,none
adgollgg-1,TMA00315,Nonpeptidergic nociceptors,False,False,False,none
adhamail-1,TMA00315,CGRP-Gamma 2,False,False,False,none
adhbdcoj-1,TMA00315,CGRP-Gamma 1,False,False,False,none
adhcpijb-1,TMA00315,C-LTMR,False,False,False,none
adhjoikc-1,TMA00315,CGRP-Gamma 1,False,True,False,dTomato_Seq2_hi
adhleddk-1,TMA00315,C-LTMR,False,False,False,none
adhnlpho-1,TMA00315,TrpM8,False,False,False,none
adhoeimj-1,TMA00315,CGRP-Gamma 1,False,False,False,none
adhpleck-1,TMA00315,CGRP-Gamma 2,False,False,False,none
adhpnamm-1,TMA00315,C-LTMR,False,False,False,none
adiahacf-1,TMA00315,Nonpeptidergic nociceptors,False,False,False,none
adidilab-1,TMA00315,CGRP-Gamma 2,False,False,False,none
adifcedl-1,TMA00315,Abeta-Field,False,False,False,none
adjcpbbo-1,TMA00315,Nonpeptidergic nociceptors,False,False,False,none
adjdacdn-1,TMA00315,C-LTMR,False,False,False,none
adjdcncm-1,TMA00315,CGRP-Gamma 2,False,False,False,none
adjjmmch-1,TMA00315,CGRP-Theta,False,False,False,none
adjkaicm-1,TMA00315,CGRP-Gamma 2,False,False,False,none
adjkeofm-1,TMA00315,Adelta-LTMR,False,False,False,none
adkdbjfd-1,TMA00315,C-LTMR,False,False,False,none
adkiemge-1,TMA00315,CGRP-Gamma 1,False,False,False,none
adklokcc-1,TMA00315,Adelta-LTMR,False,False,False,none
adkmkdaj-1,TMA00315,C-LTMR,False,False,False,none
adkoehea-1,TMA00315,CGRP-Gamma 1,False,False,False,none
adkolmep-1,TMA00315,TrpM8,False,False,False,none
adlcfdpf-1,TMA00315,CGRP-Gamma 1,False,False,False,none
adlchkjp-1,TMA00315,CGRP-Gamma 1,False,False,False,none
admcbhdh-1,TMA00315,CGRP-Gamma 2,False,False,False,none
admfampa-1,TMA00315,CGRP-Gamma 2,False,False,False,none
admlpokl-1,TMA00315,CGRP-Gamma 2,False,False,False,none
adnaancn-1,TMA00315,Adelta-LTMR,False,False,False,none
adnadncm-1,TMA00315,Adelta-LTMR,False,False,False,none
adnalljl-1,TMA00315,Adelta-LTMR,False,False,False,none
adncpbhp-1,TMA00315,CGRP-Gamma 1,False,False,False,none
adnejjad-1,TMA00315,CGRP-Alpha,False,False,False,none
adpimmgm-1,TMA00315,Abeta-Field,False,False,False,none
adponhkc-1,TMA00315,CGRP-Alpha,False,False,False,none
aeaanfdf-1,TMA00315,TrpM8,False,False,False,none
aeaaonmh-1,TMA00315,Abeta-Field,False,False,False,none
aeabdkjm-1,TMA00315,CGRP-Gamma 2,False,False,False,none
aeadeile-1,TMA00315,Adelta-LTMR,False,False,False,none
aeafkjna-1,TMA00315,C-LTMR,False,False,False,none
aeaghkkf-1,TMA00315,CGRP-Gamma 2,False,False,False,none
aeagicpb-1,TMA00315,CGRP-Beta,False,False,False,none
aeagimlp-1,TMA00315,CGRP-Gamma 2,False,False,False,none
aeahombm-1,TMA00315,CGRP-Alpha,False,False,False,none
aealglgi-1,TMA00315,Nonpeptidergic nociceptors,False,False,False,none
aebcfljp-1,TMA00315,Nonpeptidergic nociceptors,False,False,False,none
aebfggif-1,TMA00315,CGRP-Gamma 1,False,False,False,none
aebgkfpo-1,TMA00315,Abeta-Field,False,False,False,none
aebjiaph-1,TMA00315,CGRP-Gamma 1,False,False,False,none
aeblnhjm-1,TMA00315,CGRP-Gamma 1,False,False,False,none
aeccgmie-1,TMA00315,Abeta-Field,False,False,False,none
aeccnhja-1,TMA00315,C-LTMR,False,False,False,none
aecejeof-1,TMA00315,CGRP-Gamma 1,False,False,False,none
aecfpjkk-1,TMA00315,Nonpeptidergic nociceptors,False,False,False,none
aecjkiha-1,TMA00315,CGRP-Gamma 2,False,False,False,none
aedblacc-1,TMA00315,CGRP-Epsilion,False,False,False,none
aeddegni-1,TMA00315,CGRP-Gamma 1,False,False,False,none
aedhface-1,TMA00315,Nonpeptidergic nociceptors,False,False,False,none
aedjkjfd-1,TMA00315,CGRP-Zeta,False,False,False,none
aedkmeoo-1,TMA00315,CGRP-Eta,False,False,False,none
aeeakkje-1,TMA00315,C-LTMR,False,False,False,none
aeegbdge-1,TMA00315,CGRP-Gamma 1,False,False,False,none
aeelfcmn-1,TMA00315,CGRP-Zeta,False,False,False,none
aeelfpdg-1,TMA00315,Nonpeptidergic nociceptors,False,False,False,none
aeemplhf-1,TMA00315,CGRP-Zeta,False,False,False,none
aeeoelji-1,TMA00315,CGRP-Gamma 1,False,False,False,none
aeepjiom-1,TMA00315,Nonpeptidergic nociceptors,False,False,False,none
aefggppf-1,TMA00315,CGRP-Gamma 2,False,False,False,none
aefhbhhh-1,TMA00315,TrpM8,False,False,False,none
aefhegno-1,TMA00315,Abeta-RA-LTMR,False,False,False,none
aefhnidk-1,TMA00315,Abeta-RA-LTMR,False,False,False,none
aefiabka-1,TMA00315,TrpM8,False,False,False,none
aegdeelp-1,TMA00315,CGRP-Theta,False,False,False,none
aegdfcap-1,TMA00315,CGRP-Gamma 1,False,False,False,none
aegfjcna-1,TMA00315,CGRP-Alpha,False,False,False,none
aegflbac-1,TMA00315,TrpM8,False,False,False,none
aegfpkda-1,TMA00315,TrpM8,False,False,False,none
aegkhdmi-1,TMA00315,CGRP-Alpha,False,False,False,none
aegkicck-1,TMA00315,CGRP-Gamma 1,False,True,False,dTomato_Seq2_hi
aegmkfbn-1,TMA00315,CGRP-Alpha,False,False,False,none
aegnolae-1,TMA00315,Nonpeptidergic nociceptors,False,False,False,none
aehbcjij-1,TMA00315,TrpM8,False,False,False,none
aeheolhi-1,TMA00315,TrpM8,False,False,False,none
aehfebga-1,TMA00315,TrpM8,False,False,False,none
aehiaoha-1,TMA00315,CGRP-Eta,False,False,False,none
aeiabcga-1,TMA00315,Nonpeptidergic nociceptors,False,False,False,none
aeiapmam-1,TMA00315,CGRP-Alpha,False,False,False,none
aeibdgmb-1,TMA00315,CGRP-Gamma 1,False,False,False,none
aeibnfdg-1,TMA00315,CGRP-Gamma 1,False,False,False,none
aeiccabh-1,TMA00315,CGRP-Gamma 2,False,False,False,none
aeikdmfa-1,TMA00315,TrpM8,False,False,False,none
aeioefji-1,TMA00315,TrpM8,False,False,False,none
aeiphndb-1,TMA00315,TrpM8,False,False,False,none
aeipkklf-1,TMA00315,CGRP-Eta,False,False,False,none
aejakoim-1,TMA00315,TrpM8,False,False,False,none
aejbnifg-1,TMA00315,TrpM8,False,False,False,none
aejegdkk-1,TMA00315,CGRP-Gamma 2,False,False,False,none
aejgpocm-1,TMA00315,CGRP-Zeta,False,False,False,none
aejjgmdm-1,TMA00315,CGRP-Gamma 1,False,False,False,none
aejmealf-1,TMA00315,Nonpeptidergic nociceptors,False,False,False,none
aekaglcd-1,TMA00315,Adelta-LTMR,False,False,False,none
aekhmjip-1,TMA00315,CGRP-Eta,False,True,False,dTomato_Seq2_hi
aekidico-1,TMA00315,CGRP-Beta,False,False,False,none
aekjgihl-1,TMA00315,CGRP-Gamma 1,False,False,False,none
aekjgjlg-1,TMA00315,CGRP-Gamma 1,False,False,False,none
aekkocci-1,TMA00315,CGRP-Gamma 1,False,False,False,none
aekmggak-1,TMA00315,CGRP-Gamma 1,False,False,False,none
aeldbkgf-1,TMA00315,CGRP-Gamma 1,False,False,False,none
aelegahg-1,TMA00315,CGRP-Gamma 1,False,False,False,none
aelfhkjg-1,TMA00315,CGRP-Gamma 2,False,False,False,none
aelfjimf-1,TMA00315,C-LTMR,False,False,False,none
aelkpnab-1,TMA00315,Proprioceptors,False,False,False,none
aelligpc-1,TMA00315,CGRP-Gamma 1,False,False,False,none
aelmblgg-1,TMA00315,Nonpeptidergic nociceptors,False,False,False,none
aembjleh-1,TMA00315,CGRP-Gamma 2,False,False,False,none
aemebopn-1,TMA00315,Abeta-Field,False,False,False,none
aemjclae-1,TMA00315,CGRP-Gamma 1,False,False,False,none
aenaomkb-1,TMA00315,CGRP-Gamma 1,False,False,False,none
aendoknh-1,TMA00315,CGRP-Gamma 1,False,False,False,none
aengapgn-1,TMA00315,C-LTMR,False,False,False,none
aengapjm-1,TMA00315,CGRP-Zeta,False,False,False,none
aenjgogg-1,TMA00315,CGRP-Theta,False,False,False,none
aenlkjli-1,TMA00315,Adelta-LTMR,False,False,False,none
aenlkned-1,TMA00315,Adelta-LTMR,False,False,False,none
aenmafpm-1,TMA00315,CGRP-Gamma 2,False,False,False,none
aenmpljb-1,TMA00315,Nonpeptidergic nociceptors,False,False,False,none
aeoaaclc-1,TMA00315,Nonpeptidergic nociceptors,False,False,False,none
aeodicmb-1,TMA00315,TrpM8,False,False,False,none
aeodigoi-1,TMA00315,Sst,False,False,False,none
aeofbjib-1,TMA00315,CGRP-Epsilion,False,False,False,none
aeohkhbo-1,TMA00315,Proprioceptors,False,False,False,none
aeommcib-1,TMA00315,CGRP-Gamma 2,False,False,False,none
aepdndbi-1,TMA00315,Abeta-RA-LTMR,False,False,False,none
aepkogmf-1,TMA00315,C-LTMR,False,False,False,none
afaebegc-1,TMA00315,Nonpeptidergic nociceptors,False,False,False,none
afaeimjc-1,TMA00315,TrpM8,False,False,False,none
afaglenc-1,TMA00315,CGRP-Gamma 2,False,False,False,none
afakfabl-1,TMA00315,CGRP-Gamma 2,False,False,False,none
afakfddm-1,TMA00315,Nonpeptidergic nociceptors,False,False,False,none
afakibmo-1,TMA00315,TrpM8,False,False,False,none
afanijnk-1,TMA00315,CGRP-Gamma 1,False,False,False,none
afaobpcn-1,TMA00315,CGRP-Eta,False,False,False,none
afbandcm-1,TMA00315,CGRP-Eta,False,False,False,none
afbbckpc-1,TMA00315,Nonpeptidergic nociceptors,False,False,False,none
afbiamej-1,TMA00315,CGRP-Gamma 2,False,False,False,none
afbppjcm-1,TMA00315,TrpM8,False,False,False,none
afcfikoa-1,TMA00315,TrpM8,False,False,False,none
afchldgp-1,TMA00315,Adelta-LTMR,False,False,False,none
afjakgip-1,TMA00315,CGRP-Beta,False,False,False,none
afjbjene-1,TMA00315,CGRP-Gamma 1,False,False,False,none
afjdgahd-1,TMA00315,CGRP-Gamma 2,False,False,False,none
afjfonie-1,TMA00315,CGRP-Epsilion,False,False,False,none
afjjflel-1,TMA00315,TrpM8,False,False,False,none
afjoopkb-1,TMA00315,Adelta-LTMR,False,False,False,none
afkgdmhe-1,TMA00315,CGRP-Gamma 1,False,False,False,none
afkpflih-1,TMA00315,C-LTMR,False,False,False,none
aflfjnff-1,TMA00315,CGRP-Epsilion,False,False,False,none
afljfpak-1,TMA00315,CGRP-Gamma 2,False,False,False,none
aflkmcol-1,TMA00315,CGRP-Eta,False,False,False,none
aflladco-1,TMA00315,TrpM8,False,False,False,none
aflljmhg-1,TMA00315,TrpM8,False,False,False,none
aflmidgk-1,TMA00315,CGRP-Beta,False,False,False,none
afmemmkp-1,TMA00315,CGRP-Gamma 2,False,False,False,none
afmgglgl-1,TMA00315,CGRP-Gamma 1,False,False,False,none
afmiihgp-1,TMA00315,Abeta-Field,False,False,False,none
afmkpaon-1,TMA00315,CGRP-Gamma 1,False,False,False,none
afmpkljb-1,TMA00315,CGRP-Gamma 2,False,False,False,none
afncfpmh-1,TMA00315,CGRP-Eta,False,False,False,none
afndpiko-1,TMA00315,TrpM8,False,False,False,none
afnepgoc-1,TMA00315,CGRP-Gamma 2,False,False,False,none
afnfplmm-1,TMA00315,Nonpeptidergic nociceptors,False,False,False,none
afnjafli-1,TMA00315,Sst,False,False,False,none
afnmemmo-1,TMA00315,CGRP-Beta,False,False,False,none
afnohplo-1,TMA00315,CGRP-Gamma 2,False,False,False,none
afoaiiho-1,TMA00315,CGRP-Alpha,False,False,False,none
afoankhm-1,TMA00315,Nonpeptidergic nociceptors,False,False,False,none
afodhafo-1,TMA00315,CGRP-Gamma 2,False,False,False,none
afoljhbh-1,TMA00315,CGRP-Gamma 1,False,False,False,none
afopdhkb-1,TMA00315,C-LTMR,False,False,False,none
afpaekop-1,TMA00315,C-LTMR,False,False,False,none
afpeiohl-1,TMA00315,C-LTMR,False,False,False,none
afpldnkg-1,TMA00315,CGRP-Zeta,False,False,False,none
afpllodo-1,TMA00315,CGRP-Gamma 1,False,False,False,none
aghhelal-1,TMA00315,CGRP-Gamma 1,False,False,False,none
aghpihod-1,TMA00315,CGRP-Epsilion,False,False,False,none
agijckfc-1,TMA00315,TrpM8,False,False,False,none
agikfmab-1,TMA00315,CGRP-Epsilion,False,False,False,none
agikpgpi-1,TMA00315,CGRP-Epsilion,False,False,False,none
agjebfik-1,TMA00315,Proprioceptors,False,False,False,none
agjpfcfa-1,TMA00315,CGRP-Gamma 1,False,False,False,none
agkcbdkk-1,TMA00315,Nonpeptidergic nociceptors,False,False,False,none
agkfkgpd-1,TMA00315,Nonpeptidergic nociceptors,False,False,False,none
agkflknn-1,TMA00315,Proprioceptors,False,False,False,none
agkglpja-1,TMA00315,C-LTMR,False,False,False,none
agkmbbfn-1,TMA00315,CGRP-Gamma 1,False,False,False,none
agknhfec-1,TMA00315,Nonpeptidergic nociceptors,False,False,False,none
agknkmkn-1,TMA00315,Nonpeptidergic nociceptors,False,False,False,none
aglbaaol-1,TMA00315,Proprioceptors,False,False,False,none
agledoij-1,TMA00315,CGRP-Eta,False,False,False,none
aglifjlp-1,TMA00315,Adelta-LTMR,False,False,False,none
aglnkiie-1,TMA00315,Proprioceptors,False,False,False,none
agloibab-1,TMA00315,Sst,False,False,False,none
aglpaflj-1,TMA00315,CGRP-Epsilion,False,False,False,none
agmaacaj-1,TMA00315,CGRP-Gamma 1,False,False,False,none
agmbifnf-1,TMA00315,CGRP-Epsilion,False,False,False,none
agmnafdc-1,TMA00315,Nonpeptidergic nociceptors,False,False,False,none
agmopooh-1,TMA00315,CGRP-Eta,False,False,False,none
agnacmmb-1,TMA00315,Abeta-Field,False,False,False,none
agnahcim-1,TMA00315,CGRP-Alpha,False,False,False,none
agnbbneg-1,TMA00315,CGRP-Theta,False,False,False,none
agndcgkj-1,TMA00315,Proprioceptors,False,False,False,none
agngkdgm-1,TMA00315,Nonpeptidergic nociceptors,False,False,False,none
agnoggfe-1,TMA00315,Nonpeptidergic nociceptors,False,False,False,none
agnphjpa-1,TMA00315,CGRP-Gamma 1,False,False,False,none
agohfdon-1,TMA00315,C-LTMR,False,False,False,none
agojcphb-1,TMA00315,CGRP-Alpha,False,False,False,none
agokeehi-1,TMA00315,Abeta-RA-LTMR,False,False,False,none
agonbikg-1,TMA00315,Abeta-RA-LTMR,False,False,False,none
agpbkbfg-1,TMA00315,CGRP-Gamma 1,False,False,False,none
agpeimdk-1,TMA00315,CGRP-Eta,False,False,False,none
agphbhpb-1,TMA00315,C-LTMR,False,False,False,none
agpjjnam-1,TMA00315,Nonpeptidergic nociceptors,False,False,False,none
agplkgfm-1,TMA00315,Abeta-Field,False,False,False,none
agpnlpkj-1,TMA00315,Nonpeptidergic nociceptors,False,False,False,none
ahaanopk-1,TMA00315,Adelta-LTMR,False,False,False,none
ahadkppb-1,TMA00315,C-LTMR,False,False,False,none
ahagnnad-1,TMA00315,Adelta-LTMR,False,False,False,none
ahahjgmi-1,TMA00315,Adelta-LTMR,False,False,False,none
ahakbnhp-1,TMA00315,TrpM8,False,False,False,none
ahakclhg-1,TMA00315,Proprioceptors,False,False,False,none
ahalgfjc-1,TMA00315,Nonpeptidergic nociceptors,False,False,False,none
ahanbpdd-1,TMA00315,Nonpeptidergic nociceptors,False,False,False,none
ahanhaga-1,TMA00315,TrpM8,False,False,False,none
ahapdbph-1,TMA00315,Nonpeptidergic nociceptors,False,False,False,none
ahbaaafk-1,TMA00315,Nonpeptidergic nociceptors,False,False,False,none
ahbalicj-1,TMA00315,CGRP-Epsilion,False,False,False,none
ahbcdffh-1,TMA00315,Adelta-LTMR,False,False,False,none
ahbgdmpb-1,TMA00315,Abeta-RA-LTMR,False,False,False,none
ahbkdoee-1,TMA00315,Abeta-RA-LTMR,False,False,False,none
ahcffnde-1,TMA00315,CGRP-Eta,False,False,False,none
ahdpgeih-1,TMA00315,CGRP-Eta,False,False,False,none
aheabkbh-1,TMA00315,CGRP-Theta,False,False,False,none
ahebcpad-1,TMA00315,Nonpeptidergic nociceptors,False,False,False,none
aheednjk-1,TMA00315,Proprioceptors,False,False,False,none
aheegphi-1,TMA00315,Nonpeptidergic nociceptors,False,False,False,none
ahefkkel-1,TMA00315,CGRP-Theta,False,False,False,none
ahegedcd-1,TMA00315,Abeta-Field,False,False,False,none
ahehcppb-1,TMA00315,CGRP-Epsilion,False,False,False,none
ahekcinc-1,TMA00315,Nonpeptidergic nociceptors,False,False,False,none
ahelhpck-1,TMA00315,TrpM8,False,False,False,none
ahemfjlp-1,TMA00315,TrpM8,False,False,False,none
ahemlffj-1,TMA00315,CGRP-Gamma 1,False,False,False,none
ahfbonik-1,TMA00315,Nonpeptidergic nociceptors,False,False,False,none
ahfchcia-1,TMA00315,CGRP-Theta,False,False,False,none
ahflamim-1,TMA00315,TrpM8,False,False,False,none
ahoobahf-1,TMA00315,CGRP-Gamma 1,False,False,False,none
ahpcdbnk-1,TMA00315,TrpM8,False,False,False,none
ahpgkdjc-1,TMA00315,CGRP-Gamma 2,False,False,False,none
ahpimdei-1,TMA00315,Abeta-Field,False,False,False,none
ahpkphcj-1,TMA00315,CGRP-Gamma 1,False,False,False,none
ahplfneh-1,TMA00315,CGRP-Eta,False,False,False,none
ahpmahed-1,TMA00315,Abeta-Field,False,False,False,none
aiacealb-1,TMA00315,Nonpeptidergic nociceptors,False,False,False,none
aiadfiam-1,TMA00315,TrpM8,False,False,False,none
aiaegnhj-1,TMA00315,Proprioceptors,False,False,False,none
aiahealh-1,TMA00315,TrpM8,False,False,False,none
aiaicdck-1,TMA00315,CGRP-Gamma 1,False,False,False,none
aiajeoin-1,TMA00315,CGRP-Gamma 2,False,False,False,none
aiampeeo-1,TMA00315,CGRP-Gamma 1,False,False,False,none
aianldgn-1,TMA00315,CGRP-Eta,False,False,False,none
aibdmamm-1,TMA00315,Abeta-RA-LTMR,False,False,False,none
aibfadff-1,TMA00315,C-LTMR,False,False,False,none
aibieplj-1,TMA00315,C-LTMR,False,False,False,none
aicepinl-1,TMA00315,TrpM8,False,False,False,none
aicimegh-1,TMA00315,CGRP-Alpha,False,False,False,none
aicinbdh-1,TMA00315,TrpM8,False,False,False,none
aidcflno-1,TMA00315,Adelta-LTMR,False,False,False,none
aiddonpe-1,TMA00315,Abeta-RA-LTMR,False,False,False,none
aidfpmaj-1,TMA00315,CGRP-Gamma 1,False,False,False,none
aidhclnl-1,TMA00315,Abeta-RA-LTMR,False,False,False,none
aidibnlc-1,TMA00315,CGRP-Gamma 2,False,False,False,none
aidihhee-1,TMA00315,CGRP-Eta,False,False,False,none
aidmoaln-1,TMA00315,CGRP-Alpha,False,False,False,none
aidpmgbh-1,TMA00315,CGRP-Gamma 2,False,False,False,none
aidpodmb-1,TMA00315,CGRP-Gamma 1,False,False,False,none
aieddflj-1,TMA00315,Nonpeptidergic nociceptors,False,False,False,none
aiefmbop-1,TMA00315,CGRP-Gamma 2,False,False,False,none
aiegojkh-1,TMA00315,CGRP-Gamma 1,False,False,False,none
aiegonfl-1,TMA00315,CGRP-Theta,False,False,False,none
aielagkm-1,TMA00315,CGRP-Gamma 1,False,False,False,none
aifgodmo-1,TMA00315,Adelta-LTMR,False,False,False,none
aifobhgg-1,TMA00315,Adelta-LTMR,False,False,False,none
aifonpag-1,TMA00315,Adelta-LTMR,False,False,False,none
aifoocoi-1,TMA00315,Abeta-Field,False,False,False,none
aifpakec-1,TMA00315,Adelta-LTMR,False,False,False,none
aiglpomk-1,TMA00315,CGRP-Gamma 1,False,False,False,none
aigmjlni-1,TMA00315,CGRP-Gamma 2,False,False,False,none
aihalfem-1,TMA00315,CGRP-Eta,False,False,False,none
aihgihci-1,TMA00315,CGRP-Eta,False,False,False,none
aihjelfa-1,TMA00315,CGRP-Eta,False,False,False,none
aihjoapp-1,TMA00315,CGRP-Eta,False,False,False,none
aihkepcc-1,TMA00315,CGRP-Eta,False,False,False,none
aihlilnn-1,TMA00315,CGRP-Gamma 2,False,False,False,none
aihmfeko-1,TMA00315,C-LTMR,False,False,False,none
aihoejmc-1,TMA00315,CGRP-Eta,False,False,False,none
aihogmlg-1,TMA00315,CGRP-Gamma 1,False,False,False,none
aihpljbn-1,TMA00315,CGRP-Alpha,False,False,False,none
aiibdnjl-1,TMA00315,CGRP-Gamma 1,False,False,False,none
aiibekfi-1,TMA00315,CGRP-Gamma 1,False,False,False,none
aiibhdhl-1,TMA00315,Nonpeptidergic nociceptors,False,False,False,none
aiigkpdd-1,TMA00315,CGRP-Eta,False,False,False,none
aiijldoe-1,TMA00315,Abeta-RA-LTMR,False,False,False,none
aiikejip-1,TMA00315,CGRP-Eta,False,False,False,none
aiinnjag-1,TMA00315,Abeta-RA-LTMR,False,False,False,none
aijdoglp-1,TMA00315,CGRP-Eta,False,False,False,none
aijiccnd-1,TMA00315,Nonpeptidergic nociceptors,False,False,False,none
aijkcbgo-1,TMA00315,CGRP-Gamma 2,False,False,False,none
aijpdomi-1,TMA00315,CGRP-Gamma 2,False,False,False,none
aikalclm-1,TMA00315,CGRP-Gamma 2,False,False,False,none
aikbagho-1,TMA00315,TrpM8,False,False,False,none
aikcgbbe-1,TMA00315,TrpM8,False,False,False,none
aikelbpi-1,TMA00315,C-LTMR,False,False,False,none
aikhieom-1,TMA00315,CGRP-Gamma 1,False,False,False,none
aikmpddm-1,TMA00315,C-LTMR,False,False,False,none
aiknpmko-1,TMA00315,CGRP-Gamma 1,False,True,False,dTomato_Seq2_hi
ailaellf-1,TMA00315,CGRP-Gamma 1,False,False,False,none
ailgdpog-1,TMA00315,CGRP-Alpha,False,False,False,none
ailglkpg-1,TMA00315,CGRP-Gamma 1,False,False,False,none
aillgoaf-1,TMA00315,CGRP-Alpha,False,False,False,none
ailmalnj-1,TMA00315,CGRP-Eta,False,False,False,none
ailoakfl-1,TMA00315,CGRP-Gamma 1,False,False,False,none
aimbmpnp-1,TMA00315,CGRP-Gamma 1,False,False,False,none
aipjdeln-1,TMA00315,Sst,False,False,False,none
aiplnego-1,TMA00315,TrpM8,False,False,False,none
aipnkgmb-1,TMA00315,Proprioceptors,False,False,False,none
ajaadpmn-1,TMA00315,CGRP-Gamma 1,False,False,False,none
ajakinjn-1,TMA00315,C-LTMR,False,False,False,none
ajalfmok-1,TMA00315,Abeta-Field,False,False,False,none
ajbabepm-1,TMA00315,C-LTMR,False,False,False,none
ajbianhk-1,TMA00315,C-LTMR,False,False,False,none
ajbndhhd-1,TMA00315,CGRP-Zeta,False,False,False,none
ajboidnc-1,TMA00315,Adelta-LTMR,False,False,False,none
ajbpgimh-1,TMA00315,CGRP-Zeta,False,False,False,none
ajcoijpk-1,TMA00315,TrpM8,False,False,False,none
ajdlhlhl-1,TMA00315,Nonpeptidergic nociceptors,False,False,False,none
ajdnpjnp-1,TMA00315,CGRP-Zeta,False,False,False,none
ajdofbch-1,TMA00315,CGRP-Epsilion,False,False,False,none
ajeaghag-1,TMA00315,C-LTMR,False,False,False,none
ajecnfbg-1,TMA00315,Nonpeptidergic nociceptors,False,False,False,none
ajefjdng-1,TMA00315,CGRP-Gamma 1,False,False,False,none
ajeiokpd-1,TMA00315,CGRP-Gamma 1,False,False,False,none
ajemmihe-1,TMA00315,Nonpeptidergic nociceptors,False,False,False,none
ajennhaf-1,TMA00315,CGRP-Alpha,False,False,False,none
ajfbbiba-1,TMA00315,CGRP-Beta,False,False,False,none
ajfbckgi-1,TMA00315,C-LTMR,False,False,False,none
ajfdlfob-1,TMA00315,Nonpeptidergic nociceptors,False,False,False,none
ajfiplna-1,TMA00315,Nonpeptidergic nociceptors,False,False,False,none
ajfjnpfj-1,TMA00315,Proprioceptors,False,False,False,none
ajhofoge-1,TMA00315,Nonpeptidergic nociceptors,False,False,False,none
ajhpnbbb-1,TMA00315,C-LTMR,False,False,False,none
ajiejnce-1,TMA00315,CGRP-Theta,False,False,False,none
ajikpepm-1,TMA00315,Adelta-LTMR,False,False,False,none
ajipfdae-1,TMA00315,Abeta-Field,False,False,False,none
ajjekmfd-1,TMA00315,C-LTMR,False,False,False,none
ajjpilbn-1,TMA00315,Adelta-LTMR,False,False,False,none
ajkakneo-1,TMA00315,CGRP-Alpha,False,False,False,none
ajkegeao-1,TMA00315,CGRP-Eta,False,False,False,none
ajkehfpf-1,TMA00315,Proprioceptors,False,False,False,none
ajkmggch-1,TMA00315,C-LTMR,False,False,False,none
ajkmjkmp-1,TMA00315,CGRP-Alpha,False,False,False,none
ajkmkjph-1,TMA00315,Abeta-Field,False,False,False,none
ajknpijo-1,TMA00315,CGRP-Alpha,False,False,False,none
ajkpbddo-1,TMA00315,Abeta-RA-LTMR,False,False,False,none
ajlannlm-1,TMA00315,Proprioceptors,False,False,False,none
ajlfljdf-1,TMA00315,Abeta-RA-LTMR,False,False,False,none
ajlgannf-1,TMA00315,Nonpeptidergic nociceptors,False,False,False,none
ajoaminn-1,TMA00315,Abeta-Field,False,False,False,none
ajobnfdh-1,TMA00315,CGRP-Gamma 1,False,False,False,none
ajochklb-1,TMA00315,Abeta-Field,False,False,False,none
ajokdlnk-1,TMA00315,Abeta-RA-LTMR,False,False,False,none
ajolbeec-1,TMA00315,CGRP-Zeta,False,False,False,none
ajomffoo-1,TMA00315,Abeta-RA-LTMR,False,False,False,none
ajompnnp-1,TMA00315,Sst,True,False,False,EGFP_Seq1_hi
ajpdjfjk-1,TMA00315,Abeta-Field,False,False,False,none
ajpenhgh-1,TMA00315,CGRP-Alpha,False,False,False,none
ajpgjccd-1,TMA00315,CGRP-Gamma 2,False,False,False,none
ajpkdhpe-1,TMA00315,CGRP-Gamma 1,False,False,False,none
ajpmmpon-1,TMA00315,CGRP-Gamma 2,False,False,False,none
ajpodfbp-1,TMA00315,C-LTMR,False,False,False,none
akacddhm-1,TMA00315,CGRP-Zeta,False,False,False,none
akaknoeh-1,TMA00315,Nonpeptidergic nociceptors,False,False,False,none
akalmddl-1,TMA00315,CGRP-Alpha,False,False,False,none
akanjlik-1,TMA00315,TrpM8,False,False,False,none
akanmoen-1,TMA00315,CGRP-Gamma 2,False,False,False,none
akbbpkml-1,TMA00315,CGRP-Gamma 1,False,False,False,none
akbdoaab-1,TMA00315,C-LTMR,False,False,False,none
akbhnica-1,TMA00315,CGRP-Gamma 1,False,True,False,dTomato_Seq2_hi
akbkllep-1,TMA00315,CGRP-Alpha,False,False,False,none
akblmomo-1,TMA00315,CGRP-Eta,False,False,False,none
akbmhakf-1,TMA00315,Nonpeptidergic nociceptors,False,False,False,none
akbmicmj-1,TMA00315,C-LTMR,False,False,False,none
akcbjhba-1,TMA00315,CGRP-Gamma 1,False,False,False,none
akcchnbk-1,TMA00315,Nonpeptidergic nociceptors,False,False,False,none
akcpimap-1,TMA00315,CGRP-Eta,False,False,False,none
akdadede-1,TMA00315,C-LTMR,False,False,False,none
akdalilj-1,TMA00315,CGRP-Gamma 2,False,False,False,none
akdecpgo-1,TMA00315,CGRP-Zeta,False,False,False,none
akdgnngn-1,TMA00315,CGRP-Gamma 1,False,False,False,none
akecaoip-1,TMA00315,CGRP-Zeta,False,False,False,none
akedlkfb-1,TMA00315,CGRP-Gamma 1,False,False,False,none
akegjfoi-1,TMA00315,Nonpeptidergic nociceptors,False,False,False,none
akehjhdn-1,TMA00315,CGRP-Eta,False,False,False,none
akelfpoc-1,TMA00315,Nonpeptidergic nociceptors,False,False,False,none
akemcaec-1,TMA00315,CGRP-Alpha,False,False,False,none
akeobdip-1,TMA00315,CGRP-Alpha,False,False,False,none
akeodhec-1,TMA00315,TrpM8,False,False,False,none
akfaeeni-1,TMA00315,Proprioceptors,False,False,False,none
akfbkhhh-1,TMA00315,Nonpeptidergic nociceptors,False,False,False,none
akfdmipf-1,TMA00315,TrpM8,False,False,False,none
akfebomm-1,TMA00315,TrpM8,False,False,False,none
akfeojkc-1,TMA00315,TrpM8,False,False,False,none
akfjcdeb-1,TMA00315,Nonpeptidergic nociceptors,False,False,False,none
akfmahff-1,TMA00315,Adelta-LTMR,False,False,False,none
akfoipdj-1,TMA00315,Nonpeptidergic nociceptors,False,False,False,none
akgadgjp-1,TMA00315,CGRP-Gamma 1,False,False,False,none
akgdlpka-1,TMA00315,C-LTMR,False,False,False,none
akgfpkfo-1,TMA00315,C-LTMR,False,False,False,none
akghnido-1,TMA00315,C-LTMR,False,False,False,none
akglojgj-1,TMA00315,CGRP-Gamma 2,False,False,False,none
akgmkklc-1,TMA00315,TrpM8,False,False,False,none
akhaacpm-1,TMA00315,Nonpeptidergic nociceptors,False,False,False,none
akhadkmd-1,TMA00315,TrpM8,False,False,False,none
akhcgina-1,TMA00315,TrpM8,False,False,False,none
akhghfko-1,TMA00315,CGRP-Alpha,False,False,False,none
akhifiba-1,TMA00315,CGRP-Eta,False,False,False,none
akhkoffl-1,TMA00315,TrpM8,False,False,False,none
akhlpcim-1,TMA00315,Sst,False,False,False,none
akhnhoai-1,TMA00315,Nonpeptidergic nociceptors,False,False,False,none
akhnmphm-1,TMA00315,Nonpeptidergic nociceptors,False,False,False,none
akidadga-1,TMA00315,Nonpeptidergic nociceptors,False,False,False,none
akinoefa-1,TMA00315,Proprioceptors,False,False,False,none
akiohkgl-1,TMA00315,Proprioceptors,False,False,False,none
akjdiimf-1,TMA00315,Proprioceptors,False,False,False,none
akjdnhoa-1,TMA00315,C-LTMR,False,False,False,none
akjdnmck-1,TMA00315,CGRP-Alpha,False,False,False,none
akjelnic-1,TMA00315,CGRP-Epsilion,False,False,False,none
akkaaddo-1,TMA00315,CGRP-Epsilion,False,False,False,none
akkclkfc-1,TMA00315,Abeta-Field,False,False,False,none
akkfceck-1,TMA00315,Proprioceptors,False,False,False,none
akkgiaek-1,TMA00315,Nonpeptidergic nociceptors,False,False,False,none
akkhdacb-1,TMA00315,Abeta-Field,False,False,False,none
akkllkeh-1,TMA00315,Nonpeptidergic nociceptors,False,False,False,none
akkogaej-1,TMA00315,Nonpeptidergic nociceptors,False,False,False,none
akkpabmj-1,TMA00315,Sst,False,False,False,none
akkplmnd-1,TMA00315,TrpM8,False,False,False,none
aklcmfjj-1,TMA00315,TrpM8,False,False,False,none
akljcing-1,TMA00315,Nonpeptidergic nociceptors,False,False,False,none
akmiomia-1,TMA00315,Proprioceptors,False,False,False,none
aknppepj-1,TMA00315,TrpM8,False,False,False,none
akochfhf-1,TMA00315,Abeta-RA-LTMR,False,False,False,none
akodbgoi-1,TMA00315,Adelta-LTMR,False,False,False,none
akodikii-1,TMA00315,TrpM8,False,False,False,none
akofjika-1,TMA00315,Sst,False,False,False,none
akohgajo-1,TMA00315,C-LTMR,False,False,False,none
akoibldf-1,TMA00315,Nonpeptidergic nociceptors,False,False,False,none
akoiljjd-1,TMA00315,Nonpeptidergic nociceptors,False,False,False,none
akojgfco-1,TMA00315,Nonpeptidergic nociceptors,False,False,False,none
akokgehh-1,TMA00315,Nonpeptidergic nociceptors,False,False,False,none
akomecgo-1,TMA00315,CGRP-Theta,False,False,False,none
akonmmgp-1,TMA00315,Nonpeptidergic nociceptors,False,False,False,none
akonnkgl-1,TMA00315,Nonpeptidergic nociceptors,False,False,False,none
akpblpni-1,TMA00315,C-LTMR,False,False,False,none
akpjidek-1,TMA00315,Nonpeptidergic nociceptors,False,False,False,none
alaapdac-1,TMA00315,Nonpeptidergic nociceptors,False,False,False,none
alaedlmh-1,TMA00315,Nonpeptidergic nociceptors,False,False,False,none
alagafmh-1,TMA00315,Nonpeptidergic nociceptors,False,False,False,none
alaglolh-1,TMA00315,Nonpeptidergic nociceptors,False,False,False,none
alagmkmh-1,TMA00315,C-LTMR,False,False,False,none
alahgdgd-1,TMA00315,CGRP-Zeta,False,False,False,none
alahlafd-1,TMA00315,Nonpeptidergic nociceptors,False,False,False,none
alajbilp-1,TMA00315,Nonpeptidergic nociceptors,False,False,False,none
alanecea-1,TMA00315,TrpM8,False,False,False,none
alaopaob-1,TMA00315,Adelta-LTMR,False,False,False,none
albebnci-1,TMA00315,Proprioceptors,False,False,False,none
albefkej-1,TMA00315,Abeta-Field,False,False,False,none
albfjldf-1,TMA00315,CGRP-Alpha,False,False,False,none
albiielj-1,TMA00315,CGRP-Epsilion,False,False,False,none
albimedd-1,TMA00315,CGRP-Epsilion,False,False,False,none
albjemgd-1,TMA00315,Abeta-Field,False,False,False,none
albndpen-1,TMA00315,CGRP-Epsilion,False,False,False,none
albnneao-1,TMA00315,Nonpeptidergic nociceptors,False,False,False,none
albpjhfd-1,TMA00315,C-LTMR,False,False,False,none
alcdkacb-1,TMA00315,C-LTMR,False,False,False,none
alcfblgi-1,TMA00315,Nonpeptidergic nociceptors,False,False,False,none
alcfkioe-1,TMA00315,Nonpeptidergic nociceptors,False,False,False,none
alcjledg-1,TMA00315,Nonpeptidergic nociceptors,False,False,False,none
alckllao-1,TMA00315,Nonpeptidergic nociceptors,False,False,False,none
alcobeko-1,TMA00315,C-LTMR,False,False,False,none
aldagaab-1,TMA00315,C-LTMR,False,False,False,none
aldbmhbm-1,TMA00315,C-LTMR,False,False,False,none
aldmkaak-1,TMA00315,Nonpeptidergic nociceptors,False,False,False,none
aldpednh-1,TMA00315,Nonpeptidergic nociceptors,False,False,False,none
aleaigcn-1,TMA00315,Adelta-LTMR,False,False,False,none
alecnfbg-1,TMA00315,Nonpeptidergic nociceptors,False,False,False,none
aledppdd-1,TMA00315,C-LTMR,False,False,False,none
alejimoj-1,TMA00315,CGRP-Epsilion,False,False,False,none
aleoopee-1,TMA00315,CGRP-Gamma 1,False,False,False,none
alfagahb-1,TMA00315,Nonpeptidergic nociceptors,False,False,False,none
alfhpamh-1,TMA00315,CGRP-Eta,False,False,False,none
alfkjfef-1,TMA00315,Nonpeptidergic nociceptors,False,False,False,none
alfonfla-1,TMA00315,Nonpeptidergic nociceptors,False,False,False,none
algbaplp-1,TMA00315,Nonpeptidergic nociceptors,False,False,False,none
algcchpj-1,TMA00315,Sst,False,False,False,none
algckaje-1,TMA00315,CGRP-Theta,False,False,False,none
algdpkoe-1,TMA00315,CGRP-Alpha,False,False,False,none
alggdejo-1,TMA00315,Nonpeptidergic nociceptors,False,False,False,none
alhaaeaf-1,TMA00315,Sst,False,False,False,none
alhbbjfi-1,TMA00315,Nonpeptidergic nociceptors,False,False,False,none
alhbpken-1,TMA00315,Nonpeptidergic nociceptors,False,False,False,none
alhjlflc-1,TMA00315,Nonpeptidergic nociceptors,False,False,False,none
alhljgof-1,TMA00315,CGRP-Theta,False,False,False,none
alhncbda-1,TMA00315,TrpM8,False,False,False,none
alhpggco-1,TMA00315,CGRP-Alpha,False,False,False,none
aliiefjh-1,TMA00315,CGRP-Epsilion,False,False,False,none
aliigego-1,TMA00315,CGRP-Epsilion,False,False,False,none
alilghok-1,TMA00315,CGRP-Gamma 1,False,False,False,none
alioaife-1,TMA00315,CGRP-Zeta,False,False,False,none
aljbmpal-1,TMA00315,CGRP-Gamma 1,False,False,False,none
aljcilod-1,TMA00315,CGRP-Epsilion,False,False,False,none
aljfnjha-1,TMA00315,CGRP-Gamma 1,False,False,False,none
aljgifok-1,TMA00315,Nonpeptidergic nociceptors,False,False,False,none
aljkgpbb-1,TMA00315,CGRP-Gamma 1,False,False,False,none
aljknnaj-1,TMA00315,Nonpeptidergic nociceptors,False,False,False,none
alkacfkh-1,TMA00315,Proprioceptors,False,False,False,none
alkfbjeh-1,TMA00315,C-LTMR,False,False,False,none
almhhcge-1,TMA00315,C-LTMR,False,False,False,none
alnnkpdd-1,TMA00315,Proprioceptors,False,False,False,none
alnolckf-1,TMA00315,Proprioceptors,False,False,False,none
alojgbdn-1,TMA00315,C-LTMR,False,False,False,none
alokdmog-1,TMA00315,C-LTMR,False,False,False,none
alokidin-1,TMA00315,CGRP-Zeta,False,False,False,none
alonecfm-1,TMA00315,C-LTMR,False,False,False,none
alonmdbh-1,TMA00315,Abeta-RA-LTMR,False,False,False,none
alpfdabp-1,TMA00315,CGRP-Gamma 1,False,False,False,none
alphmaco-1,TMA00315,Nonpeptidergic nociceptors,False,False,False,none
alphplcn-1,TMA00315,CGRP-Eta,False,False,False,none
alpnlgpm-1,TMA00315,C-LTMR,False,False,False,none
amaampjp-1,TMA00315,Proprioceptors,False,False,False,none
amaapaha-1,TMA00315,Proprioceptors,False,False,False,none
amabekje-1,TMA00315,CGRP-Alpha,False,False,False,none
amdbojme-1,TMA00315,CGRP-Epsilion,False,False,False,none
amdedpkb-1,TMA00315,Sst,False,False,False,none
amdijnpa-1,TMA00315,Nonpeptidergic nociceptors,False,False,False,none
amdlmlpa-1,TMA00315,C-LTMR,False,False,False,none
amdmdoen-1,TMA00315,Nonpeptidergic nociceptors,False,False,False,none
amdndjnn-1,TMA00315,Abeta-RA-LTMR,False,False,False,none
ameaakkh-1,TMA00315,Proprioceptors,False,False,False,none
ameadihe-1,TMA00315,Proprioceptors,False,False,False,none
ameafmad-1,TMA00315,Abeta-Field,False,False,False,none
amedahjf-1,TMA00315,C-LTMR,False,False,False,none
amedfppm-1,TMA00315,Nonpeptidergic nociceptors,False,False,False,none
amedogbb-1,TMA00315,Abeta-RA-LTMR,False,False,False,none
ameogekm-1,TMA00315,Nonpeptidergic nociceptors,False,False,False,none
ameopnci-1,TMA00315,Nonpeptidergic nociceptors,False,False,False,none
amfadege-1,TMA00315,Proprioceptors,False,False,False,none
amfaobkp-1,TMA00315,TrpM8,False,False,False,none
amfigjpj-1,TMA00315,Nonpeptidergic nociceptors,False,False,False,none
amflffik-1,TMA00315,Abeta-Field,False,False,False,none
amflmlff-1,TMA00315,Abeta-RA-LTMR,False,False,False,none
amgfohmf-1,TMA00315,Abeta-RA-LTMR,False,False,False,none
amggbefo-1,TMA00315,Nonpeptidergic nociceptors,False,False,False,none
amglikgo-1,TMA00315,CGRP-Theta,False,False,False,none
amgonmgp-1,TMA00315,CGRP-Zeta,False,False,False,none
amhgaibk-1,TMA00315,TrpM8,False,False,False,none
amiapdkk-1,TMA00315,Nonpeptidergic nociceptors,False,False,False,none
amibpaah-1,TMA00315,CGRP-Epsilion,False,False,False,none
amiebcnh-1,TMA00315,Nonpeptidergic nociceptors,False,False,False,none
amihnpak-1,TMA00315,CGRP-Epsilion,False,False,False,none
amikpmfl-1,TMA00315,CGRP-Epsilion,False,False,False,none
amimdkmj-1,TMA00315,CGRP-Eta,False,False,False,none
amjcmaaj-1,TMA00315,Abeta-RA-LTMR,False,False,False,none
amjdlhnl-1,TMA00315,Nonpeptidergic nociceptors,False,False,False,none
amjfbgee-1,TMA00315,Abeta-RA-LTMR,False,False,False,none
amjfeohe-1,TMA00315,CGRP-Eta,False,False,False,none
amjhohpm-1,TMA00315,C-LTMR,False,False,False,none
amjjblhd-1,TMA00315,CGRP-Theta,False,False,False,none
amjmmmjl-1,TMA00315,C-LTMR,False,False,False,none
amkfdbnf-1,TMA00315,C-LTMR,False,False,False,none
amkfogkd-1,TMA00315,CGRP-Zeta,False,False,False,none
amkibnfd-1,TMA00315,CGRP-Gamma 1,False,False,False,none
amklghfm-1,TMA00315,CGRP-Alpha,False,False,False,none
amkmgfci-1,TMA00315,Nonpeptidergic nociceptors,False,False,False,none
amknhgpo-1,TMA00315,Nonpeptidergic nociceptors,False,False,False,none
amlaobpa-1,TMA00315,Nonpeptidergic nociceptors,False,False,False,none
amlccmgd-1,TMA00315,Nonpeptidergic nociceptors,False,False,False,none
amlcgbbb-1,TMA00315,Nonpeptidergic nociceptors,False,False,False,none
amldoejn-1,TMA00315,CGRP-Gamma 1,False,False,False,none
amlhpbmg-1,TMA00315,Abeta-RA-LTMR,False,False,False,none
amlibpgn-1,TMA00315,CGRP-Gamma 1,False,False,False,none
amlmbmha-1,TMA00315,CGRP-Theta,False,False,False,none
amlndpmk-1,TMA00315,Abeta-RA-LTMR,False,False,False,none
amloipbe-1,TMA00315,Nonpeptidergic nociceptors,False,False,False,none
amlpajmo-1,TMA00315,CGRP-Epsilion,False,False,False,none
ammggani-1,TMA00315,CGRP-Theta,False,False,False,none
ammkeaja-1,TMA00315,CGRP-Epsilion,False,False,False,none
amnanleg-1,TMA00315,Abeta-RA-LTMR,False,False,False,none
amnmjaap-1,TMA00315,Sst,False,False,False,none
amnpmmao-1,TMA00315,Abeta-RA-LTMR,False,False,False,none
amnppopm-1,TMA00315,CGRP-Epsilion,False,False,False,none
amoidace-1,TMA00315,Nonpeptidergic nociceptors,False,False,False,none
ampejmnl-1,TMA00315,CGRP-Theta,False,False,False,none
ampifneg-1,TMA00315,Adelta-LTMR,False,False,False,none
ampkleel-1,TMA00315,TrpM8,False,False,False,none
ampkpjkc-1,TMA00315,CGRP-Eta,False,False,False,none
ampnncji-1,TMA00315,Nonpeptidergic nociceptors,False,False,False,none
anaaknhb-1,TMA00315,C-LTMR,False,False,False,none
anadedne-1,TMA00315,Adelta-LTMR,False,False,False,none
anaikjji-1,TMA00315,CGRP-Theta,False,False,False,none
anampeop-1,TMA00315,C-LTMR,False,False,False,none
anaoamoa-1,TMA00315,C-LTMR,False,False,False,none
anbhodge-1,TMA00315,CGRP-Eta,False,False,False,none
anbjjhbl-1,TMA00315,Abeta-Field,False,False,False,none
anbkbppn-1,TMA00315,Nonpeptidergic nociceptors,False,False,False,none
anbkkgpp-1,TMA00315,Nonpeptidergic nociceptors,False,False,False,none
anbobkno-1,TMA00315,CGRP-Theta,False,False,False,none
anboemln-1,TMA00315,Proprioceptors,False,False,False,none
anbpegka-1,TMA00315,C-LTMR,False,False,False,none
ancidgie-1,TMA00315,Nonpeptidergic nociceptors,False,False,False,none
ancnnnkh-1,TMA00315,C-LTMR,False,False,False,none
andalehi-1,TMA00315,Abeta-Field,False,False,False,none
anddnoim-1,TMA00315,CGRP-Eta,False,False,False,none
andhapdp-1,TMA00315,CGRP-Eta,False,False,False,none
anfacina-1,TMA00315,Abeta-RA-LTMR,False,False,False,none
anffkoij-1,TMA00315,Nonpeptidergic nociceptors,False,False,False,none
anlhnabm-1,TMA00315,C-LTMR,False,False,False,none
anlidmie-1,TMA00315,TrpM8,False,False,False,none
anlmekjn-1,TMA00315,Adelta-LTMR,False,False,False,none
anlmndjo-1,TMA00315,Nonpeptidergic nociceptors,False,False,False,none
anlmoomm-1,TMA00315,CGRP-Gamma 1,False,False,False,none
anlnahdl-1,TMA00315,C-LTMR,False,False,False,none
anlogbci-1,TMA00315,C-LTMR,False,False,False,none
anlohnpg-1,TMA00315,TrpM8,False,False,False,none
anmbobha-1,TMA00315,TrpM8,False,False,False,none
anmdgcmp-1,TMA00315,C-LTMR,False,False,False,none
anmenaaj-1,TMA00315,Abeta-Field,False,False,False,none
anmfcoib-1,TMA00315,Proprioceptors,False,False,False,none
anmkpoah-1,TMA00315,TrpM8,False,False,False,none
anmmhgem-1,TMA00315,CGRP-Gamma 1,False,False,False,none
anmnaiho-1,TMA00315,CGRP-Gamma 1,False,False,False,none
anmpileg-1,TMA00315,Nonpeptidergic nociceptors,False,False,False,none
annadekk-1,TMA00315,Nonpeptidergic nociceptors,False,False,False,none
anncmpgj-1,TMA00315,CGRP-Alpha,False,False,False,none
annebfle-1,TMA00315,TrpM8,False,False,False,none
annfggmo-1,TMA00315,C-LTMR,False,False,False,none
annghpnd-1,TMA00315,CGRP-Gamma 1,False,False,False,none
annhfaec-1,TMA00315,C-LTMR,False,False,False,none
annhkdam-1,TMA00315,CGRP-Gamma 1,False,False,False,none
annjdnie-1,TMA00315,CGRP-Alpha,False,False,False,none
annjnajd-1,TMA00315,CGRP-Epsilion,False,False,False,none
annokibk-1,TMA00315,CGRP-Gamma 1,False,False,False,none
annolmba-1,TMA00315,CGRP-Gamma 1,False,False,False,none
annpdfkb-1,TMA00315,CGRP-Gamma 1,False,False,False,none
annpfhpj-1,TMA00315,Nonpeptidergic nociceptors,False,False,False,none
anobimlc-1,TMA00315,TrpM8,False,False,False,none
anocbgif-1,TMA00315,TrpM8,False,False,False,none
anocmfco-1,TMA00315,TrpM8,False,False,False,none
anpiihlo-1,TMA00315,TrpM8,False,False,False,none
anpldpkd-1,TMA00315,TrpM8,False,False,False,none
anplmjlo-1,TMA00315,C-LTMR,False,False,False,none
aoaabbcd-1,TMA00315,TrpM8,False,False,False,none
aoadbpcn-1,TMA00315,TrpM8,False,False,False,none
aoadiapc-1,TMA00315,CGRP-Eta,True,False,False,EGFP_Seq1_hi
aoagncmm-1,TMA00315,Nonpeptidergic nociceptors,False,False,False,none
aoahaghi-1,TMA00315,CGRP-Gamma 1,False,False,False,none
aoahjbmf-1,TMA00315,CGRP-Eta,True,False,False,EGFP_Seq1_hi
aoakgjmo-1,TMA00315,TrpM8,False,False,False,none
aoanhngl-1,TMA00315,CGRP-Alpha,False,False,False,none
aoaoanjd-1,TMA00315,CGRP-Gamma 2,False,False,False,none
aobcpkgo-1,TMA00315,Sst,False,False,False,none
aobfmbob-1,TMA00315,CGRP-Gamma 2,False,False,False,none
aobgjhoh-1,TMA00315,C-LTMR,False,False,False,none
aobgnjip-1,TMA00315,C-LTMR,False,False,False,none
aobgpedd-1,TMA00315,CGRP-Gamma 1,False,False,False,none
aobnccdn-1,TMA00315,TrpM8,False,False,False,none
aobogfno-1,TMA00315,CGRP-Gamma 1,False,False,False,none
aocbhnia-1,TMA00315,Sst,False,False,False,none
aocelfal-1,TMA00315,Proprioceptors,False,False,False,none
aodendoi-1,TMA00315,CGRP-Eta,False,False,False,none
aodganam-1,TMA00315,CGRP-Eta,False,False,False,none
aodgbgdp-1,TMA00315,CGRP-Gamma 1,False,False,False,none
aodgcjan-1,TMA00315,CGRP-Gamma 2,False,False,False,none
aodjiioe-1,TMA00315,CGRP-Gamma 1,False,False,False,none
aodplnie-1,TMA00315,C-LTMR,False,False,False,none
aoecdkcp-1,TMA00315,CGRP-Eta,False,False,False,none
aoejeebf-1,TMA00315,TrpM8,False,False,False,none
aoemgkmb-1,TMA00315,Nonpeptidergic nociceptors,False,False,False,none
aoepafhh-1,TMA00315,CGRP-Gamma 2,False,False,False,none
aofcdlmo-1,TMA00315,Abeta-RA-LTMR,False,False,False,none
aoffiahc-1,TMA00315,CGRP-Zeta,False,False,False,none
aofmoodf-1,TMA00315,Nonpeptidergic nociceptors,False,False,False,none
aofokdgk-1,TMA00315,CGRP-Gamma 2,False,False,False,none
aoghgkfn-1,TMA00315,Nonpeptidergic nociceptors,False,False,False,none
aogifobb-1,TMA00315,Nonpeptidergic nociceptors,False,False,False,none
aogmddel-1,TMA00315,CGRP-Zeta,False,False,False,none
aohegnfm-1,TMA00315,C-LTMR,False,False,False,none
aohhjpem-1,TMA00315,Nonpeptidergic nociceptors,False,False,False,none
aohkgmjj-1,TMA00315,Nonpeptidergic nociceptors,False,False,False,none
aohknfnb-1,TMA00315,C-LTMR,False,False,False,none
aohlnodh-1,TMA00315,CGRP-Alpha,False,False,False,none
aoicllcd-1,TMA00315,TrpM8,False,False,False,none
aoidjgcj-1,TMA00315,CGRP-Epsilion,False,False,False,none
aoildide-1,TMA00315,Abeta-Field,False,False,False,none
aoinacfc-1,TMA00315,Abeta-RA-LTMR,False,False,False,none
aoiofean-1,TMA00315,Nonpeptidergic nociceptors,False,False,False,none
aojbiekk-1,TMA00315,CGRP-Gamma 1,False,False,False,none
aojjcfci-1,TMA00315,Abeta-RA-LTMR,False,False,False,none
aojlafbn-1,TMA00315,Abeta-RA-LTMR,False,False,False,none
aojocgcm-1,TMA00315,Nonpeptidergic nociceptors,False,False,False,none
aojogdbc-1,TMA00315,Abeta-RA-LTMR,False,False,False,none
aojohnfi-1,TMA00315,Sst,False,False,False,none
aojojndh-1,TMA00315,C-LTMR,False,False,False,none
aokfknmo-1,TMA00315,C-LTMR,False,False,False,none
aokiccmm-1,TMA00315,CGRP-Gamma 2,False,False,False,none
aoklmhop-1,TMA00315,CGRP-Alpha,False,False,False,none
aoknjnfd-1,TMA00315,Sst,False,False,False,none
aoljjdek-1,TMA00315,Nonpeptidergic nociceptors,False,False,False,none
aollhlbn-1,TMA00315,CGRP-Alpha,False,False,False,none
aolmbdgo-1,TMA00315,Abeta-RA-LTMR,False,False,False,none
aoloabmf-1,TMA00315,CGRP-Eta,False,False,False,none
aolpmkmn-1,TMA00315,Abeta-RA-LTMR,False,False,False,none
aomakgha-1,TMA00315,CGRP-Alpha,False,False,False,none
aomhabmc-1,TMA00315,CGRP-Zeta,False,False,False,none
aomiojhl-1,TMA00315,CGRP-Gamma 1,False,False,False,none
aompngpk-1,TMA00315,TrpM8,False,False,False,none
aonemcfh-1,TMA00315,CGRP-Gamma 1,False,False,False,none
aonomami-1,TMA00315,Proprioceptors,False,False,False,none
aooagimf-1,TMA00315,TrpM8,False,False,False,none
aoobhohe-1,TMA00315,CGRP-Gamma 1,False,False,False,none
aoocffai-1,TMA00315,CGRP-Epsilion,False,False,False,none
aoocmhbn-1,TMA00315,C-LTMR,False,False,False,none
aoogbklj-1,TMA00315,CGRP-Alpha,False,False,False,none
aoohooag-1,TMA00315,TrpM8,False,False,False,none
aooigccn-1,TMA00315,CGRP-Beta,False,False,False,none
aopeoaef-1,TMA00315,CGRP-Gamma 1,False,False,False,none
aoplbdgc-1,TMA00315,TrpM8,False,False,False,none
aoppoahh-1,TMA00315,TrpM8,False,False,False,none
apaaeagc-1,TMA00315,CGRP-Eta,False,False,False,none
apahlajl-1,TMA00315,CGRP-Gamma 2,False,False,False,none
apakadjl-1,TMA00315,TrpM8,False,False,False,none
apaknggi-1,TMA00315,CGRP-Gamma 2,False,False,False,none
apaooamd-1,TMA00315,CGRP-Gamma 1,False,False,False,none
apbabkbg-1,TMA00315,Nonpeptidergic nociceptors,False,False,False,none
apbbihbh-1,TMA00315,CGRP-Theta,False,False,False,none
apbfppoa-1,TMA00315,CGRP-Theta,False,False,False,none
apbgmfjo-1,TMA00315,Proprioceptors,False,False,False,none
apbhmdan-1,TMA00315,C-LTMR,False,False,False,none
apbibfhh-1,TMA00315,Abeta-Field,False,False,False,none
apbkgbkc-1,TMA00315,CGRP-Gamma 1,False,False,False,none
apbnodom-1,TMA00315,C-LTMR,False,False,False,none
apcfobcl-1,TMA00315,CGRP-Gamma 2,False,False,False,none
apchgfap-1,TMA00315,CGRP-Zeta,False,False,False,none
apcilcmk-1,TMA00315,Abeta-Field,False,False,False,none
apcpjchd-1,TMA00315,CGRP-Gamma 2,False,False,False,none
apddlhab-1,TMA00315,CGRP-Gamma 2,False,False,False,none
apdkiddh-1,TMA00315,Nonpeptidergic nociceptors,False,False,False,none
apekoohd-1,TMA00315,CGRP-Gamma 2,False,False,False,none
apelppnh-1,TMA00315,CGRP-Gamma 2,False,False,False,none
apepdpee-1,TMA00315,CGRP-Gamma 2,False,False,False,none
apfahmco-1,TMA00315,CGRP-Eta,False,False,False,none
apfbdaff-1,TMA00315,CGRP-Theta,False,False,False,none
apfcfmma-1,TMA00315,TrpM8,False,False,False,none
apfgnoia-1,TMA00315,C-LTMR,False,False,False,none
apfjffjk-1,TMA00315,Abeta-RA-LTMR,False,False,False,none
apfmabce-1,TMA00315,CGRP-Gamma 1,False,False,False,none
apfpfoan-1,TMA00315,Abeta-RA-LTMR,False,False,False,none
apgaogll-1,TMA00315,Proprioceptors,False,False,False,none
apgdeppm-1,TMA00315,CGRP-Gamma 1,False,False,False,none
apgeokag-1,TMA00315,Nonpeptidergic nociceptors,False,False,False,none
apgfbogg-1,TMA00315,TrpM8,False,False,False,none
apggiodo-1,TMA00315,CGRP-Gamma 1,False,False,False,none
apgkgcdn-1,TMA00315,CGRP-Gamma 2,False,False,False,none
apgmjkan-1,TMA00315,CGRP-Gamma 1,False,False,False,none
aphgibil-1,TMA00315,C-LTMR,False,False,False,none
aphhobpc-1,TMA00315,CGRP-Epsilion,False,False,False,none
aphlakfn-1,TMA00315,CGRP-Gamma 1,False,False,False,none
aphojplp-1,TMA00315,CGRP-Gamma 2,False,False,False,none
apibadem-1,TMA00315,Abeta-Field,False,False,False,none
apidbbjl-1,TMA00315,Adelta-LTMR,False,False,False,none
apidmgkm-1,TMA00315,Adelta-LTMR,False,False,False,none
apigomia-1,TMA00315,CGRP-Zeta,False,False,False,none
apiheakd-1,TMA00315,CGRP-Gamma 2,False,False,False,none
apiinfob-1,TMA00315,CGRP-Alpha,False,False,False,none
apikkepo-1,TMA00315,Abeta-Field,False,False,False,none
apioldhh-1,TMA00315,CGRP-Alpha,False,False,False,none
apipdegd-1,TMA00315,Sst,False,False,False,none
apipnomg-1,TMA00315,C-LTMR,False,False,False,none
apjbadlg-1,TMA00315,Adelta-LTMR,False,False,False,none
apjcfdic-1,TMA00315,CGRP-Epsilion,False,False,False,none
apjkkpbl-1,TMA00315,Nonpeptidergic nociceptors,False,False,False,none
apkeepml-1,TMA00315,CGRP-Eta,False,False,False,none
apkfdjmg-1,TMA00315,CGRP-Eta,False,False,False,none
apkfndph-1,TMA00315,Adelta-LTMR,False,False,False,none
apkoblai-1,TMA00315,Abeta-Field,False,False,False,none
aplchifl-1,TMA00315,CGRP-Eta,False,False,False,none
aplghpfc-1,TMA00315,CGRP-Eta,False,False,False,none
aplkohfh-1,TMA00315,CGRP-Eta,False,False,False,none
aplphion-1,TMA00315,CGRP-Gamma 2,False,False,False,none
apmajigf-1,TMA00315,CGRP-Gamma 2,False,False,False,none
apmbanap-1,TMA00315,CGRP-Gamma 1,False,False,False,none
apmckepn-1,TMA00315,CGRP-Gamma 1,False,False,False,none
apmhoefd-1,TMA00315,CGRP-Gamma 2,False,False,False,none
apmobglk-1,TMA00315,TrpM8,False,False,False,none
apmphfag-1,TMA00315,CGRP-Gamma 1,False,False,False,none
apneibbe-1,TMA00315,CGRP-Gamma 2,False,False,False,none
apniiegh-1,TMA00315,TrpM8,False,False,False,none
apomoenj-1,TMA00315,CGRP-Eta,False,False,False,none
appaedna-1,TMA00315,C-LTMR,False,False,False,none
appbndda-1,TMA00315,CGRP-Eta,False,False,False,none
appdkfnm-1,TMA00315,CGRP-Eta,False,False,False,none
appjjnoe-1,TMA00315,CGRP-Alpha,False,False,False,none
appjkjmb-1,TMA00315,CGRP-Gamma 1,False,False,False,none
appkpefk-1,TMA00315,CGRP-Alpha,False,False,False,none
appleplm-1,TMA00315,CGRP-Beta,False,False,False,none
appogpmd-1,TMA00315,CGRP-Gamma 2,False,False,False,none
apponkmb-1,TMA00315,CGRP-Gamma 1,False,False,False,none
baafdcfi-1,TMA00315,C-LTMR,False,False,False,none
baagffmm-1,TMA00315,Nonpeptidergic nociceptors,False,False,False,none
baahcgcb-1,TMA00315,CGRP-Gamma 1,False,False,False,none
baamhdmk-1,TMA00315,Nonpeptidergic nociceptors,False,False,False,none
baaoiemj-1,TMA00315,C-LTMR,False,False,False,none
baapomjg-1,TMA00315,Nonpeptidergic nociceptors,False,False,False,none
babghnpl-1,TMA00315,Abeta-Field,False,False,False,none
babidaea-1,TMA00315,Abeta-Field,False,False,False,none
babijaig-1,TMA00315,CGRP-Gamma 2,False,False,False,none
babiocng-1,TMA00315,CGRP-Zeta,False,False,False,none
babmajek-1,TMA00315,CGRP-Epsilion,False,False,False,none
bacdeefb-1,TMA00315,C-LTMR,False,False,False,none
bacfkdgd-1,TMA00315,CGRP-Gamma 1,False,False,False,none
bacgaejg-1,TMA00315,Nonpeptidergic nociceptors,False,False,False,none
bachnfaf-1,TMA00315,CGRP-Gamma 1,False,False,False,none
backhbnd-1,TMA00315,Proprioceptors,False,False,False,none
bacneojb-1,TMA00315,Abeta-Field,False,False,False,none
badfagnb-1,TMA00315,Proprioceptors,False,False,False,none
badfbjio-1,TMA00315,Sst,False,False,False,none
badgndne-1,TMA00315,CGRP-Gamma 1,False,False,False,none
badjaipe-1,TMA00315,Abeta-RA-LTMR,False,False,False,none
badjdjco-1,TMA00315,CGRP-Gamma 1,False,False,False,none
badoeckl-1,TMA00315,Abeta-Field,False,False,False,none
badogpgm-1,TMA00315,Abeta-Field,False,False,False,none
baeflinl-1,TMA00315,TrpM8,False,False,False,none
baehabcp-1,TMA00315,CGRP-Gamma 2,False,False,False,none
baejgioo-1,TMA00315,CGRP-Gamma 1,False,False,False,none
baemiebc-1,TMA00315,CGRP-Gamma 1,False,False,False,none
baemllac-1,TMA00315,CGRP-Gamma 2,False,False,False,none
baepbfbc-1,TMA00315,C-LTMR,False,False,False,none
bafammbi-1,TMA00315,CGRP-Gamma 2,False,True,False,dTomato_Seq2_hi
bafegmmk-1,TMA00315,CGRP-Gamma 2,False,False,False,none
bafmafpp-1,TMA00315,CGRP-Gamma 1,False,False,False,none
bafmlokf-1,TMA00315,Abeta-Field,False,False,False,none
bafomjno-1,TMA00315,C-LTMR,False,False,False,none
bafpafdo-1,TMA00315,CGRP-Gamma 1,False,False,False,none
bafpomlc-1,TMA00315,Nonpeptidergic nociceptors,False,False,False,none
bagajakh-1,TMA00315,C-LTMR,False,False,False,none
bagdbmhc-1,TMA00315,CGRP-Eta,False,False,False,none
bagfdhne-1,TMA00315,CGRP-Theta,False,False,False,none
bagfefjc-1,TMA00315,CGRP-Gamma 1,False,False,False,none
bagknmoe-1,TMA00315,C-LTMR,False,False,False,none
bagodadc-1,TMA00315,C-LTMR,False,False,False,none
bahemibj-1,TMA00315,C-LTMR,False,False,False,none
bahjmooj-1,TMA00315,CGRP-Gamma 1,False,False,False,none
bahljehf-1,TMA00315,CGRP-Gamma 2,False,False,False,none
bahoccnn-1,TMA00315,CGRP-Alpha,False,False,False,none
bahphlfe-1,TMA00315,CGRP-Gamma 1,False,False,False,none
baidokkb-1,TMA00315,CGRP-Zeta,False,False,False,none
baihifho-1,TMA00315,CGRP-Gamma 2,False,False,False,none
bajengnj-1,TMA00315,TrpM8,False,False,False,none
bajhmdfc-1,TMA00315,Abeta-RA-LTMR,False,False,False,none
bajknhlm-1,TMA00315,C-LTMR,False,False,False,none
bakgnemn-1,TMA00315,Adelta-LTMR,False,False,False,none
bakiifna-1,TMA00315,CGRP-Theta,False,False,False,none
bakijchg-1,TMA00315,CGRP-Theta,False,False,False,none
bakpjijg-1,TMA00315,CGRP-Gamma 1,False,True,False,dTomato_Seq2_hi
balgjcfm-1,TMA00315,CGRP-Gamma 2,False,False,False,none
balhipng-1,TMA00315,Abeta-RA-LTMR,False,False,False,none
balkfphc-1,TMA00315,CGRP-Gamma 1,False,False,False,none
balmchkb-1,TMA00315,CGRP-Gamma 2,False,False,False,none
balnfopk-1,TMA00315,Nonpeptidergic nociceptors,False,False,False,none
bambahca-1,TMA00315,Nonpeptidergic nociceptors,False,False,False,none
bambhcmi-1,TMA00315,Nonpeptidergic nociceptors,False,False,False,none
bambljcd-1,TMA00315,TrpM8,False,False,False,none
bamcbehc-1,TMA00315,Nonpeptidergic nociceptors,False,False,False,none
bamemlco-1,TMA00315,Adelta-LTMR,False,False,False,none
bamodkdm-1,TMA00315,TrpM8,False,False,False,none
bamoidll-1,TMA00315,Adelta-LTMR,False,False,False,none
bancbmdm-1,TMA00315,CGRP-Gamma 1,False,False,False,none
bancobna-1,TMA00315,Adelta-LTMR,False,False,False,none
banddhba-1,TMA00315,Adelta-LTMR,False,False,False,none
bapfdell-1,TMA00315,C-LTMR,False,False,False,none
bapganpb-1,TMA00315,Adelta-LTMR,False,False,False,none
baphakda-1,TMA00315,C-LTMR,False,False,False,none
bappokdf-1,TMA00315,Nonpeptidergic nociceptors,False,True,False,dTomato_Seq2_hi
bbafjcal-1,TMA00315,CGRP-Gamma 1,False,True,False,dTomato_Seq2_hi
bbaflodb-1,TMA00315,Adelta-LTMR,False,False,False,none
bbagikeb-1,TMA00315,Adelta-LTMR,False,False,False,none
bbagnjei-1,TMA00315,Nonpeptidergic nociceptors,False,False,False,none
bbalkmpg-1,TMA00315,CGRP-Alpha,False,False,False,none
bbaojkoc-1,TMA00315,CGRP-Gamma 1,False,False,False,none
bbapdmeo-1,TMA00315,CGRP-Gamma 2,False,False,False,none
bbbjgdpj-1,TMA00315,Sst,False,False,False,none
bbbmhcdi-1,TMA00315,Abeta-RA-LTMR,False,False,False,none
bbbmknfe-1,TMA00315,CGRP-Gamma 1,False,False,False,none
bbbohpcg-1,TMA00315,CGRP-Gamma 1,False,False,False,none
bbbomfic-1,TMA00315,C-LTMR,False,False,False,none
bbcbneaj-1,TMA00315,Abeta-Field,False,False,False,none
bbcfbgef-1,TMA00315,Abeta-RA-LTMR,False,False,False,none
bbckmjml-1,TMA00315,C-LTMR,False,False,False,none
bbebenco-1,TMA00315,CGRP-Gamma 1,False,False,False,none
bbebjhop-1,TMA00315,CGRP-Epsilion,False,False,False,none
bbehgbdl-1,TMA00315,TrpM8,False,False,False,none
bbeoglea-1,TMA00315,Sst,False,False,False,none
bbfbicbm-1,TMA00315,TrpM8,False,False,False,none
bbfdagnj-1,TMA00315,TrpM8,False,False,False,none
bbfgeoak-1,TMA00315,Abeta-Field,False,False,False,none
bbglagcf-1,TMA00315,TrpM8,False,False,False,none
bbglpnjo-1,TMA00315,CGRP-Gamma 1,False,False,False,none
bbhacmed-1,TMA00315,Proprioceptors,False,False,False,none
bbhblknl-1,TMA00315,CGRP-Epsilion,False,False,False,none
bbhelkcg-1,TMA00315,Nonpeptidergic nociceptors,False,False,False,none
bbhenogd-1,TMA00315,Nonpeptidergic nociceptors,False,False,False,none
bbhepbok-1,TMA00315,CGRP-Eta,False,False,False,none
bbhfhjob-1,TMA00315,C-LTMR,False,False,False,none
bbhhcmae-1,TMA00315,CGRP-Gamma 1,False,False,False,none
bbhidlhm-1,TMA00315,CGRP-Theta,False,False,False,none
bbhkmiad-1,TMA00315,Sst,False,False,False,none
bbhmgeel-1,TMA00315,C-LTMR,False,False,False,none
bbieienc-1,TMA00315,Proprioceptors,False,False,False,none
bbieilce-1,TMA00315,Sst,False,False,False,none
bbigbibo-1,TMA00315,C-LTMR,False,False,False,none
bbiggbmh-1,TMA00315,Nonpeptidergic nociceptors,False,False,False,none
bbipodjk-1,TMA00315,CGRP-Eta,False,False,False,none
bbjdkabo-1,TMA00315,Abeta-RA-LTMR,False,False,False,none
bbjhdmma-1,TMA00315,CGRP-Gamma 1,False,False,False,none
bbjifjnf-1,TMA00315,CGRP-Zeta,False,False,False,none
bbjkjjmj-1,TMA00315,Nonpeptidergic nociceptors,False,False,False,none
bbjlmfgh-1,TMA00315,CGRP-Zeta,False,False,False,none
bbjopcgg-1,TMA00315,CGRP-Epsilion,False,False,False,none
bbkakffd-1,TMA00315,Abeta-Field,False,False,False,none
bbkgbpdn-1,TMA00315,Abeta-Field,False,False,False,none
bbkgnpfd-1,TMA00315,Abeta-Field,False,False,False,none
bbkhajap-1,TMA00315,C-LTMR,False,False,False,none
bbkiemgk-1,TMA00315,C-LTMR,False,False,False,none
bbkmkmac-1,TMA00315,CGRP-Gamma 1,False,False,False,none
bblcdlhk-1,TMA00315,Sst,False,False,False,none
bbldoffo-1,TMA00315,TrpM8,False,False,False,none
bbljcajd-1,TMA00315,CGRP-Gamma 1,False,False,False,none
bblkaofl-1,TMA00315,CGRP-Gamma 2,False,False,False,none
bbncabce-1,TMA00315,CGRP-Gamma 2,False,False,False,none
bbnfennm-1,TMA00315,TrpM8,False,False,False,none
bbnghdan-1,TMA00315,TrpM8,False,False,False,none
bbnjhbeh-1,TMA00315,TrpM8,False,False,False,none
bbnlbfja-1,TMA00315,CGRP-Gamma 2,False,False,False,none
bbnmcabb-1,TMA00315,Proprioceptors,False,False,False,none
bbobephe-1,TMA00315,CGRP-Eta,False,False,False,none
bbocijff-1,TMA00315,CGRP-Eta,False,False,False,none
bbocjeag-1,TMA00315,CGRP-Alpha,False,False,False,none
bbodcjcb-1,TMA00315,TrpM8,False,False,False,none
bbofjfoj-1,TMA00315,TrpM8,False,False,False,none
bboflclb-1,TMA00315,CGRP-Eta,False,False,False,none
bbogaebc-1,TMA00315,C-LTMR,False,False,False,none
bboklmil-1,TMA00315,Nonpeptidergic nociceptors,False,False,False,none
bbpadaho-1,TMA00315,Adelta-LTMR,False,False,False,none
bbpahpmh-1,TMA00315,CGRP-Eta,False,False,False,none
bbpbkhpm-1,TMA00315,CGRP-Alpha,False,False,False,none
bbpcgpdn-1,TMA00315,C-LTMR,False,False,False,none
bbpdcokc-1,TMA00315,CGRP-Gamma 1,False,False,False,none
bbpeajmc-1,TMA00315,C-LTMR,False,False,False,none
bbpebdap-1,TMA00315,C-LTMR,False,False,False,none
bbpfdbco-1,TMA00315,C-LTMR,False,False,False,none
bbpllmmb-1,TMA00315,CGRP-Gamma 1,False,False,False,none
bbpohddk-1,TMA00315,CGRP-Gamma 1,False,False,False,none
bcablaio-1,TMA00315,CGRP-Gamma 1,False,False,False,none
bcahhdhf-1,TMA00315,CGRP-Epsilion,False,False,False,none
bcakaeib-1,TMA00315,C-LTMR,False,False,False,none
bcananfe-1,TMA00315,CGRP-Gamma 1,False,False,False,none
bcapbfda-1,TMA00315,CGRP-Alpha,False,False,False,none
bcbbapom-1,TMA00315,CGRP-Gamma 1,False,False,False,none
bcbeioaj-1,TMA00315,C-LTMR,False,False,False,none
bcbfcikg-1,TMA00315,CGRP-Epsilion,False,False,False,none
bcbhajfb-1,TMA00315,C-LTMR,False,False,False,none
bcbiajkp-1,TMA00315,Nonpeptidergic nociceptors,False,False,False,none
bcbkoomn-1,TMA00315,CGRP-Beta,False,False,False,none
bccamkfk-1,TMA00315,CGRP-Eta,False,False,False,none
bcccpcac-1,TMA00315,Nonpeptidergic nociceptors,False,False,False,none
bcchofka-1,TMA00315,CGRP-Gamma 1,False,False,False,none
bccifjip-1,TMA00315,Abeta-RA-LTMR,False,False,False,none
bccjigeh-1,TMA00315,CGRP-Eta,False,False,False,none
bccjmbmj-1,TMA00315,CGRP-Theta,False,False,False,none
bccpmkal-1,TMA00315,C-LTMR,False,False,False,none
bcdbfdce-1,TMA00315,Adelta-LTMR,False,False,False,none
bcddhiob-1,TMA00315,Proprioceptors,False,False,False,none
bcdflplj-1,TMA00315,Abeta-Field,False,False,False,none
bcdgepig-1,TMA00315,Abeta-RA-LTMR,False,False,False,none
bcdieijp-1,TMA00315,CGRP-Theta,False,False,False,none
bcdjkbfg-1,TMA00315,CGRP-Gamma 1,False,False,False,none
bcdoomgi-1,TMA00315,Abeta-RA-LTMR,False,False,False,none
bceclfkp-1,TMA00315,CGRP-Alpha,False,False,False,none
bceegdfc-1,TMA00315,CGRP-Eta,False,False,False,none
bceigabb-1,TMA00315,C-LTMR,False,False,False,none
bcekppjb-1,TMA00315,Nonpeptidergic nociceptors,False,False,False,none
bcenjogk-1,TMA00315,Proprioceptors,False,False,False,none
bcfcmdme-1,TMA00315,CGRP-Beta,False,False,False,none
bcffdlge-1,TMA00315,CGRP-Gamma 1,False,False,False,none
bcfhkpjo-1,TMA00315,CGRP-Gamma 1,False,False,False,none
bcflcojl-1,TMA00315,CGRP-Gamma 2,False,False,False,none
bcfloein-1,TMA00315,CGRP-Eta,False,False,False,none
bcgcbigh-1,TMA00315,TrpM8,False,False,False,none
bcgdcfgh-1,TMA00315,TrpM8,False,False,False,none
bcgegdnc-1,TMA00315,CGRP-Zeta,False,False,False,none
bcggllle-1,TMA00315,CGRP-Zeta,False,False,False,none
bcgidloc-1,TMA00315,Abeta-Field,False,False,False,none
bcgliann-1,TMA00315,CGRP-Zeta,False,False,False,none
bcgnibgh-1,TMA00315,CGRP-Theta,False,False,False,none
bchbdipj-1,TMA00315,Abeta-RA-LTMR,False,False,False,none
bchbfbmi-1,TMA00315,Proprioceptors,False,False,False,none
bchdahin-1,TMA00315,CGRP-Zeta,False,False,False,none
bchhemoa-1,TMA00315,Nonpeptidergic nociceptors,False,False,False,none
bchkkjdd-1,TMA00315,Nonpeptidergic nociceptors,False,False,False,none
bchlikcd-1,TMA00315,CGRP-Gamma 1,False,False,False,none
bchmmfja-1,TMA00315,Abeta-Field,False,False,False,none
bchodabc-1,TMA00315,CGRP-Zeta,False,False,False,none
bciclpdh-1,TMA00315,Proprioceptors,False,False,False,none
bcidomab-1,TMA00315,Abeta-Field,False,False,False,none
bciecgcg-1,TMA00315,Abeta-RA-LTMR,False,False,False,none
bcigfcal-1,TMA00315,Abeta-RA-LTMR,False,False,False,none
bcihglfl-1,TMA00315,Sst,False,False,False,none
bcjdleaa-1,TMA00315,CGRP-Gamma 1,False,False,False,none
bcjimhee-1,TMA00315,TrpM8,False,False,False,none
bcjinced-1,TMA00315,TrpM8,False,False,False,none
bckdglok-1,TMA00315,TrpM8,False,False,False,none
bckedcmd-1,TMA00315,Nonpeptidergic nociceptors,False,False,False,none
bckkmapb-1,TMA00315,CGRP-Gamma 2,False,False,False,none
bcknjaeb-1,TMA00315,CGRP-Gamma 1,False,False,False,none
bckoddpm-1,TMA00315,CGRP-Eta,False,False,False,none
bclacfph-1,TMA00315,TrpM8,False,False,False,none
bclahcaf-1,TMA00315,CGRP-Gamma 1,False,False,False,none
bclakpbb-1,TMA00315,TrpM8,False,False,False,none
bclfinkc-1,TMA00315,C-LTMR,False,False,False,none
bclnjlaa-1,TMA00315,CGRP-Theta,False,False,False,none
bcmahedg-1,TMA00315,CGRP-Epsilion,False,False,False,none
bcmenode-1,TMA00315,Nonpeptidergic nociceptors,False,False,False,none
bcmfdkfj-1,TMA00315,CGRP-Gamma 1,False,False,False,none
bcmhpogm-1,TMA00315,Proprioceptors,False,False,False,none
bcmjfibh-1,TMA00315,CGRP-Alpha,False,False,False,none
bcmjfljk-1,TMA00315,CGRP-Gamma 1,False,False,False,none
bcpaoggj-1,TMA00315,CGRP-Zeta,False,False,False,none
bcpdhflb-1,TMA00315,CGRP-Gamma 2,False,False,False,none
bcpihpgn-1,TMA00315,CGRP-Gamma 1,False,False,False,none
bcpnkfff-1,TMA00315,Nonpeptidergic nociceptors,False,False,False,none
bcpnpbbc-1,TMA00315,CGRP-Zeta,False,False,False,none
bdalcaah-1,TMA00315,CGRP-Gamma 1,False,False,False,none
bdcbjngm-1,TMA00315,Proprioceptors,False,False,False,none
bdcfigci-1,TMA00315,Abeta-RA-LTMR,False,False,False,none
bdcljccn-1,TMA00315,Proprioceptors,False,False,False,none
bdclkcfa-1,TMA00315,Nonpeptidergic nociceptors,False,False,False,none
bdcplnbd-1,TMA00315,CGRP-Gamma 1,False,False,False,none
bddapodl-1,TMA00315,CGRP-Epsilion,False,False,False,none
bddeofcn-1,TMA00315,CGRP-Eta,False,False,False,none
bddfdkff-1,TMA00315,CGRP-Alpha,False,False,False,none
bddjehhj-1,TMA00315,Proprioceptors,False,False,False,none
bddnmhop-1,TMA00315,Proprioceptors,False,False,False,none
bddoebkm-1,TMA00315,Nonpeptidergic nociceptors,False,False,False,none
bddomcbk-1,TMA00315,Nonpeptidergic nociceptors,False,False,False,none
bdeahmjp-1,TMA00315,Nonpeptidergic nociceptors,False,False,False,none
bdegendj-1,TMA00315,Nonpeptidergic nociceptors,False,False,False,none
bdeglopk-1,TMA00315,TrpM8,False,False,False,none
bdehmiba-1,TMA00315,Nonpeptidergic nociceptors,False,False,False,none
bdenahee-1,TMA00315,CGRP-Eta,False,False,False,none
bdeollhe-1,TMA00315,TrpM8,False,False,False,none
bdfalfkg-1,TMA00315,CGRP-Eta,False,False,False,none
bdfenggp-1,TMA00315,Nonpeptidergic nociceptors,False,False,False,none
bdfkofhf-1,TMA00315,Abeta-Field,False,False,False,none
bdgccaik-1,TMA00315,Nonpeptidergic nociceptors,False,False,False,none
bdgckkge-1,TMA00315,Abeta-RA-LTMR,False,False,False,none
bdgdjhae-1,TMA00315,Nonpeptidergic nociceptors,False,False,False,none
bdgemepf-1,TMA00315,Nonpeptidergic nociceptors,False,False,False,none
bdggbgdb-1,TMA00315,Nonpeptidergic nociceptors,False,False,False,none
bdgogbfg-1,TMA00315,CGRP-Gamma 1,False,False,False,none
bdgogedb-1,TMA00315,C-LTMR,False,False,False,none
bdhemjoi-1,TMA00315,CGRP-Theta,False,False,False,none
bdhepapl-1,TMA00315,C-LTMR,False,False,False,none
bdhhbmek-1,TMA00315,C-LTMR,False,False,False,none
bdibjgod-1,TMA00315,CGRP-Alpha,False,False,False,none
bdieoile-1,TMA00315,CGRP-Alpha,False,False,False,none
bdlpakan-1,TMA00315,C-LTMR,False,False,False,none
bdmcmnki-1,TMA00315,Proprioceptors,False,False,False,none
bdmfeegm-1,TMA00315,Proprioceptors,False,False,False,none
bdmpcmik-1,TMA00315,TrpM8,False,False,False,none
bdnbocld-1,TMA00315,Nonpeptidergic nociceptors,False,False,False,none
bdndmcff-1,TMA00315,Proprioceptors,False,False,False,none
bdnhohia-1,TMA00315,Abeta-RA-LTMR,False,False,False,none
bdnijmpb-1,TMA00315,CGRP-Eta,False,False,False,none
bdnldljg-1,TMA00315,CGRP-Zeta,False,False,False,none
bdobdhkk-1,TMA00315,CGRP-Zeta,False,False,False,none
bdocdmmh-1,TMA00315,Nonpeptidergic nociceptors,False,False,False,none
bdojgjmb-1,TMA00315,Nonpeptidergic nociceptors,False,False,False,none
befmcggm-1,TMA00315,Nonpeptidergic nociceptors,False,False,False,none
begcbbob-1,TMA00315,C-LTMR,False,False,False,none
begdeiki-1,TMA00315,CGRP-Gamma 1,False,False,False,none
begeadgh-1,TMA00315,Nonpeptidergic nociceptors,False,False,False,none
begffgcd-1,TMA00315,CGRP-Alpha,False,False,False,none
begglgfi-1,TMA00315,C-LTMR,False,False,False,none
begllcaf-1,TMA00315,CGRP-Zeta,False,False,False,none
begmhdck-1,TMA00315,CGRP-Zeta,False,False,False,none
begpgbia-1,TMA00315,Abeta-RA-LTMR,False,False,False,none
behaffcd-1,TMA00315,CGRP-Zeta,False,False,False,none
behailja-1,TMA00315,Nonpeptidergic nociceptors,False,False,False,none
behgoepl-1,TMA00315,Proprioceptors,False,False,False,none
behhhele-1,TMA00315,C-LTMR,False,False,False,none
behkjklb-1,TMA00315,CGRP-Gamma 1,False,False,False,none
behmeilb-1,TMA00315,Nonpeptidergic nociceptors,False,False,False,none
behmpflg-1,TMA00315,TrpM8,False,False,False,none
behpdajk-1,TMA00315,Nonpeptidergic nociceptors,False,False,False,none
beijphkb-1,TMA00315,CGRP-Gamma 1,False,False,False,none
beimedfm-1,TMA00315,C-LTMR,False,False,False,none
beimmnpa-1,TMA00315,Nonpeptidergic nociceptors,False,False,False,none
bejbebpc-1,TMA00315,CGRP-Gamma 1,False,False,False,none
bejblnpc-1,TMA00315,C-LTMR,False,False,False,none
bejljlii-1,TMA00315,Nonpeptidergic nociceptors,False,False,False,none
bejoflih-1,TMA00315,Nonpeptidergic nociceptors,False,False,False,none
bekahccm-1,TMA00315,Sst,False,False,False,none
bekajgec-1,TMA00315,Nonpeptidergic nociceptors,False,False,False,none
bekbfakf-1,TMA00315,Nonpeptidergic nociceptors,False,False,False,none
bekcocbi-1,TMA00315,Nonpeptidergic nociceptors,False,False,False,none
bekedhjj-1,TMA00315,Nonpeptidergic nociceptors,False,False,False,none
bekejcmi-1,TMA00315,TrpM8,False,False,False,none
bekfmjgk-1,TMA00315,TrpM8,False,False,False,none
bekgbhhc-1,TMA00315,Nonpeptidergic nociceptors,False,False,False,none
bekgpgal-1,TMA00315,Proprioceptors,False,False,False,none
bekpogoh-1,TMA00315,Nonpeptidergic nociceptors,False,False,False,none
belafdnn-1,TMA00315,Nonpeptidergic nociceptors,False,False,False,none
belahmek-1,TMA00315,C-LTMR,False,False,False,none
belgaffo-1,TMA00315,CGRP-Eta,False,False,False,none
belgmemo-1,TMA00315,TrpM8,False,False,False,none
belgmomh-1,TMA00315,TrpM8,False,False,False,none
belhjida-1,TMA00315,Nonpeptidergic nociceptors,False,False,False,none
belldpak-1,TMA00315,CGRP-Zeta,False,False,False,none
bellhoob-1,TMA00315,Abeta-RA-LTMR,False,False,False,none
belmkpbe-1,TMA00315,Abeta-RA-LTMR,False,False,False,none
belohacj-1,TMA00315,Nonpeptidergic nociceptors,False,False,False,none
bemadmfj-1,TMA00315,Abeta-Field,False,False,False,none
bemalcag-1,TMA00315,CGRP-Zeta,False,False,False,none
bembdkma-1,TMA00315,TrpM8,False,False,False,none
bemklfbd-1,TMA00315,CGRP-Eta,False,False,False,none
bencoeml-1,TMA00315,C-LTMR,False,False,False,none
benglljh-1,TMA00315,CGRP-Gamma 2,False,False,False,none
benjaeea-1,TMA00315,TrpM8,False,False,False,none
benjmhho-1,TMA00315,TrpM8,False,False,False,none
benlmjlb-1,TMA00315,CGRP-Gamma 2,False,False,False,none
benobebf-1,TMA00315,CGRP-Alpha,False,False,False,none
benoemoj-1,TMA00315,Nonpeptidergic nociceptors,False,False,False,none
beobhcdp-1,TMA00315,TrpM8,False,False,False,none
beodkceh-1,TMA00315,CGRP-Gamma 1,False,False,False,none
beodlnec-1,TMA00315,TrpM8,False,False,False,none
beodnhba-1,TMA00315,TrpM8,False,False,False,none
beoehnoc-1,TMA00315,TrpM8,False,False,False,none
beoieimc-1,TMA00315,Proprioceptors,False,False,False,none
beoinome-1,TMA00315,Proprioceptors,False,False,False,none
beokclen-1,TMA00315,CGRP-Alpha,False,False,False,none
beoodibi-1,TMA00315,C-LTMR,False,False,False,none
bepcnepj-1,TMA00315,CGRP-Gamma 1,False,False,False,none
bepdhofa-1,TMA00315,Abeta-Field,False,False,False,none
bephkgam-1,TMA00315,Proprioceptors,False,False,False,none
bepieiok-1,TMA00315,CGRP-Zeta,False,False,False,none
bepjmfmg-1,TMA00315,Proprioceptors,False,False,False,none
beplbcef-1,TMA00315,CGRP-Eta,False,False,False,none
beplmnbj-1,TMA00315,C-LTMR,False,False,False,none
beplnkbo-1,TMA00315,Adelta-LTMR,False,False,False,none
bepnjfhl-1,TMA00315,Proprioceptors,False,False,False,none
beppobpm-1,TMA00315,TrpM8,False,False,False,none
bfaefncc-1,TMA00315,CGRP-Theta,False,False,False,none
bfaeigfi-1,TMA00315,CGRP-Theta,False,False,False,none
bfafgkml-1,TMA00315,Nonpeptidergic nociceptors,False,False,False,none
bfagpaam-1,TMA00315,Abeta-RA-LTMR,False,False,False,none
bfajgmdi-1,TMA00315,CGRP-Zeta,False,False,False,none
bfakhcgp-1,TMA00315,Nonpeptidergic nociceptors,False,False,False,none
bfankacd-1,TMA00315,Adelta-LTMR,False,False,False,none
bfbagime-1,TMA00315,CGRP-Epsilion,False,False,False,none
bfbdejbo-1,TMA00315,CGRP-Theta,False,False,False,none
bfbkahgn-1,TMA00315,CGRP-Zeta,False,False,False,none
bfbnmdog-1,TMA00315,C-LTMR,False,False,False,none
bfbnpnde-1,TMA00315,CGRP-Zeta,False,False,False,none
bfbobnfd-1,TMA00315,Nonpeptidergic nociceptors,False,False,False,none
bfcbfmck-1,TMA00315,CGRP-Beta,False,False,False,none
bfcmamoi-1,TMA00315,CGRP-Theta,False,False,False,none
bfcmfmgi-1,TMA00315,CGRP-Alpha,False,False,False,none
bfcnanoa-1,TMA00315,C-LTMR,False,False,False,none
bfdaigcl-1,TMA00315,CGRP-Eta,False,False,False,none
bfdaojcd-1,TMA00315,CGRP-Eta,False,False,False,none
bfddpdbd-1,TMA00315,CGRP-Eta,False,False,False,none
bfdepobb-1,TMA00315,Abeta-Field,False,False,False,none
bfdfcnjj-1,TMA00315,CGRP-Epsilion,False,False,False,none
bfdhnhal-1,TMA00315,Abeta-Field,False,False,False,none
bfdmhbfk-1,TMA00315,Proprioceptors,False,False,False,none
bfedaoah-1,TMA00315,Nonpeptidergic nociceptors,False,False,False,none
bfejagcj-1,TMA00315,Nonpeptidergic nociceptors,False,False,False,none
bfejheeg-1,TMA00315,CGRP-Gamma 1,False,False,False,none
bfemolac-1,TMA00315,Adelta-LTMR,False,False,False,none
bfeofcbl-1,TMA00315,Nonpeptidergic nociceptors,False,False,False,none
bfepiekb-1,TMA00315,C-LTMR,False,False,False,none
bffalikh-1,TMA00315,Abeta-RA-LTMR,False,False,False,none
bffdfiak-1,TMA00315,Proprioceptors,False,False,False,none
bffdjdgg-1,TMA00315,Adelta-LTMR,True,False,False,EGFP_Seq1_hi
bfffedjf-1,TMA00315,CGRP-Epsilion,False,False,False,none
bfffimeh-1,TMA00315,CGRP-Eta,False,False,False,none
bffghilp-1,TMA00315,CGRP-Gamma 1,False,False,False,none
bffgpmli-1,TMA00315,CGRP-Eta,False,False,False,none
bffjnlda-1,TMA00315,C-LTMR,False,False,False,none
bffkhidk-1,TMA00315,Nonpeptidergic nociceptors,False,False,False,none
bffkjakl-1,TMA00315,TrpM8,False,False,False,none
bffmkfog-1,TMA00315,C-LTMR,False,False,False,none
bffnmhgd-1,TMA00315,CGRP-Alpha,False,False,False,none
bfgblode-1,TMA00315,TrpM8,False,False,False,none
bfgdbgan-1,TMA00315,Nonpeptidergic nociceptors,False,False,False,none
bfghpehk-1,TMA00315,TrpM8,False,False,False,none
bfhcbgpc-1,TMA00315,Nonpeptidergic nociceptors,False,False,False,none
bficepci-1,TMA00315,Proprioceptors,False,False,False,none
bfidnnnk-1,TMA00315,Proprioceptors,False,False,False,none
bfikngbe-1,TMA00315,Abeta-RA-LTMR,False,False,False,none
bfilhjec-1,TMA00315,Abeta-RA-LTMR,False,False,False,none
bfkcjigd-1,TMA00315,CGRP-Zeta,False,False,False,none
bfkcnlbp-1,TMA00315,CGRP-Epsilion,False,False,False,none
bfkfckan-1,TMA00315,CGRP-Zeta,False,False,False,none
bfkhcind-1,TMA00315,Adelta-LTMR,False,False,False,none
bfklnpie-1,TMA00315,Sst,False,False,False,none
bfknfcka-1,TMA00315,TrpM8,False,False,False,none
bfladpki-1,TMA00315,Abeta-Field,False,False,False,none
bflbobfp-1,TMA00315,Abeta-Field,False,False,False,none
bflegjma-1,TMA00315,CGRP-Epsilion,False,False,False,none
bflfdkpc-1,TMA00315,CGRP-Epsilion,False,False,False,none
bflhmijm-1,TMA00315,Abeta-Field,False,False,False,none
bflihdla-1,TMA00315,CGRP-Gamma 2,False,False,False,none
bflkkged-1,TMA00315,Proprioceptors,False,False,False,none
bfmgobbk-1,TMA00315,CGRP-Gamma 2,False,False,False,none
bfmjgdhe-1,TMA00315,CGRP-Gamma 1,False,False,False,none
bfmoonma-1,TMA00315,CGRP-Zeta,False,False,False,none
bfnclnjn-1,TMA00315,Abeta-Field,False,False,False,none
bfnddhlm-1,TMA00315,Abeta-Field,False,False,False,none
bfndmfmg-1,TMA00315,Abeta-Field,False,False,False,none
bfnfbcjd-1,TMA00315,Nonpeptidergic nociceptors,False,False,False,none
bfnodcgk-1,TMA00315,Abeta-Field,False,False,False,none
bfoclcbj-1,TMA00315,Nonpeptidergic nociceptors,False,False,False,none
bfogkpam-1,TMA00315,Nonpeptidergic nociceptors,False,False,False,none
bfojoihe-1,TMA00315,Adelta-LTMR,False,False,False,none
bfoldelk-1,TMA00315,CGRP-Gamma 1,False,False,False,none
bfolelni-1,TMA00315,CGRP-Gamma 1,False,False,False,none
bfolilak-1,TMA00315,Adelta-LTMR,False,False,False,none
bfpdogki-1,TMA00315,CGRP-Gamma 1,False,False,False,none
bfpifmjo-1,TMA00315,Abeta-Field,False,False,False,none
bfpkkofi-1,TMA00315,Abeta-Field,False,False,False,none
bfplmbbl-1,TMA00315,C-LTMR,False,False,False,none
bfpnminp-1,TMA00315,TrpM8,False,False,False,none
bfpomngj-1,TMA00315,CGRP-Gamma 1,False,False,False,none
bfppiodh-1,TMA00315,CGRP-Gamma 1,False,False,False,none
bgaackcc-1,TMA00315,CGRP-Gamma 2,False,False,False,none
bgabmlno-1,TMA00315,Abeta-Field,False,False,False,none
bgahigkc-1,TMA00315,CGRP-Gamma 2,False,False,False,none
bgandeef-1,TMA00315,CGRP-Gamma 1,False,False,False,none
bgbbodgk-1,TMA00315,Nonpeptidergic nociceptors,False,False,False,none
bgbbohem-1,TMA00315,CGRP-Eta,False,False,False,none
bgbenlae-1,TMA00315,Adelta-LTMR,False,False,False,none
bgbobnan-1,TMA00315,Abeta-RA-LTMR,False,False,False,none
bgbodglp-1,TMA00315,CGRP-Gamma 1,False,False,False,none
bgbopknk-1,TMA00315,Abeta-RA-LTMR,False,False,False,none
bgbpbnkh-1,TMA00315,Abeta-Field,False,False,False,none
bgbpfpkf-1,TMA00315,Adelta-LTMR,False,False,False,none
bgbpmigf-1,TMA00315,Proprioceptors,False,False,False,none
bgcchcob-1,TMA00315,Abeta-RA-LTMR,False,False,False,none
bgcedphi-1,TMA00315,Adelta-LTMR,False,False,False,none
bgceeelh-1,TMA00315,CGRP-Gamma 2,False,False,False,none
bgcfkfmc-1,TMA00315,Proprioceptors,False,False,False,none
bgckmjcl-1,TMA00315,Nonpeptidergic nociceptors,False,False,False,none
bgcniggc-1,TMA00315,CGRP-Gamma 2,False,False,False,none
bgcnmphd-1,TMA00315,CGRP-Gamma 2,False,False,False,none
bgconhdf-1,TMA00315,CGRP-Gamma 2,False,False,False,none
bgdbdllh-1,TMA00315,CGRP-Epsilion,False,False,False,none
bgdbjgog-1,TMA00315,Nonpeptidergic nociceptors,False,False,False,none
bgdhbgih-1,TMA00315,Sst,False,False,False,none
bgdigdig-1,TMA00315,CGRP-Alpha,False,False,False,none
bgeafipa-1,TMA00315,Nonpeptidergic nociceptors,False,False,False,none
bgedoend-1,TMA00315,CGRP-Gamma 1,False,False,False,none
bgefijam-1,TMA00315,CGRP-Gamma 1,False,False,False,none
bgejaidm-1,TMA00315,CGRP-Gamma 1,False,False,False,none
bgekdlom-1,TMA00315,CGRP-Eta,False,False,False,none
bgekepdd-1,TMA00315,CGRP-Alpha,False,False,False,none
bgellpbb-1,TMA00315,CGRP-Beta,False,False,False,none
bgfijnim-1,TMA00315,CGRP-Gamma 2,False,False,False,none
bgfomije-1,TMA00315,Nonpeptidergic nociceptors,False,False,False,none
bggbeffa-1,TMA00315,CGRP-Gamma 1,False,False,False,none
bggbkpfa-1,TMA00315,CGRP-Gamma 2,False,False,False,none
bggdbcka-1,TMA00315,CGRP-Gamma 1,False,False,False,none
bggeamcj-1,TMA00315,CGRP-Gamma 2,False,False,False,none
bggejhlo-1,TMA00315,TrpM8,False,False,False,none
bggfnfdc-1,TMA00315,TrpM8,False,False,False,none
bgglobik-1,TMA00315,CGRP-Gamma 2,False,False,False,none
bggmehji-1,TMA00315,Nonpeptidergic nociceptors,False,False,False,none
bgicpnfj-1,TMA00315,CGRP-Gamma 1,False,False,False,none
bgigplol-1,TMA00315,CGRP-Gamma 1,False,False,False,none
bgijihbk-1,TMA00315,TrpM8,False,False,False,none
bgikamnf-1,TMA00315,C-LTMR,False,False,False,none
bgjcfgca-1,TMA00315,Nonpeptidergic nociceptors,False,False,False,none
bgjclcmg-1,TMA00315,CGRP-Gamma 1,False,False,False,none
bgjplddl-1,TMA00315,CGRP-Alpha,False,False,False,none
bgkcamoi-1,TMA00315,Abeta-Field,False,False,False,none
bgkjcemh-1,TMA00315,CGRP-Eta,False,False,False,none
bgkmhfco-1,TMA00315,Nonpeptidergic nociceptors,False,False,False,none
bglbjpjo-1,TMA00315,Nonpeptidergic nociceptors,False,False,False,none
bglbodjm-1,TMA00315,CGRP-Gamma 1,False,False,False,none
bgleaaef-1,TMA00315,Nonpeptidergic nociceptors,False,False,False,none
bgleejho-1,TMA00315,Nonpeptidergic nociceptors,False,False,False,none
bgljblke-1,TMA00315,Abeta-RA-LTMR,False,False,False,none
bglnnenh-1,TMA00315,CGRP-Gamma 1,False,False,False,none
bgmbbdee-1,TMA00315,C-LTMR,False,False,False,none
bgmblnki-1,TMA00315,CGRP-Gamma 1,False,False,False,none
bgmclbma-1,TMA00315,CGRP-Gamma 1,False,False,False,none
bgmedple-1,TMA00315,CGRP-Beta,False,False,False,none
bgmhadaj-1,TMA00315,CGRP-Alpha,False,False,False,none
bgmhdkhf-1,TMA00315,CGRP-Gamma 1,False,False,False,none
bgmjbcho-1,TMA00315,CGRP-Gamma 1,False,False,False,none
bgmjdjdk-1,TMA00315,Nonpeptidergic nociceptors,False,False,False,none
bgmmfeaf-1,TMA00315,CGRP-Gamma 1,False,False,False,none
bgmolaan-1,TMA00315,Nonpeptidergic nociceptors,False,False,False,none
bgndlleb-1,TMA00315,CGRP-Gamma 1,False,False,False,none
bgnfcnkk-1,TMA00315,CGRP-Gamma 1,False,False,False,none
bgnfjeaf-1,TMA00315,CGRP-Gamma 1,False,False,False,none
bgnicdkp-1,TMA00315,CGRP-Gamma 2,False,False,False,none
bgnmoojk-1,TMA00315,CGRP-Gamma 2,False,False,False,none
bhadaged-1,TMA00315,CGRP-Gamma 2,False,False,False,none
bhafieio-1,TMA00315,C-LTMR,False,False,False,none
bhahmobd-1,TMA00315,Nonpeptidergic nociceptors,False,False,False,none
bhaikcoc-1,TMA00315,Adelta-LTMR,False,False,False,none
bhankpko-1,TMA00315,Adelta-LTMR,False,False,False,none
bhbbkeaj-1,TMA00315,CGRP-Alpha,False,False,False,none
bhbpncen-1,TMA00315,CGRP-Zeta,False,False,False,none
bhcbmnjf-1,TMA00315,Abeta-Field,False,False,False,none
bhcddblb-1,TMA00315,Nonpeptidergic nociceptors,False,False,False,none
bhcdnfmp-1,TMA00315,C-LTMR,False,False,False,none
bhcidcgg-1,TMA00315,Sst,False,False,False,none
bhdaeank-1,TMA00315,CGRP-Zeta,False,False,False,none
bhdafiei-1,TMA00315,Nonpeptidergic nociceptors,False,False,False,none
bhdbcgak-1,TMA00315,CGRP-Zeta,False,False,False,none
bhdfllhh-1,TMA00315,Abeta-Field,False,False,False,none
bhdgjdda-1,TMA00315,Abeta-RA-LTMR,False,False,False,none
bhdhdfcl-1,TMA00315,Adelta-LTMR,False,False,False,none
bhdjehkh-1,TMA00315,Abeta-Field,False,False,False,none
bhdkcjag-1,TMA00315,Adelta-LTMR,False,False,False,none
bhdkeopm-1,TMA00315,Nonpeptidergic nociceptors,False,False,False,none
bhdklfgb-1,TMA00315,Nonpeptidergic nociceptors,False,False,False,none
bhdmbjpd-1,TMA00315,Nonpeptidergic nociceptors,False,False,False,none
bhdmgaij-1,TMA00315,TrpM8,False,False,False,none
bhdmnend-1,TMA00315,Abeta-Field,False,False,False,none
bhecdmha-1,TMA00315,Nonpeptidergic nociceptors,False,False,False,none
bhedgoie-1,TMA00315,Nonpeptidergic nociceptors,False,False,False,none
bheeglnk-1,TMA00315,TrpM8,False,False,False,none
bheglmoj-1,TMA00315,CGRP-Epsilion,False,False,False,none
bhejiabj-1,TMA00315,CGRP-Zeta,False,False,False,none
bhekenff-1,TMA00315,CGRP-Zeta,False,False,False,none
bhekoppl-1,TMA00315,C-LTMR,False,False,False,none
bheofboc-1,TMA00315,TrpM8,False,False,False,none
bheonenl-1,TMA00315,Nonpeptidergic nociceptors,False,False,False,none
bhepgefh-1,TMA00315,CGRP-Eta,False,False,False,none
bhepmido-1,TMA00315,Nonpeptidergic nociceptors,False,False,False,none
bhfheifo-1,TMA00315,Abeta-RA-LTMR,False,False,False,none
bhfibafa-1,TMA00315,Abeta-RA-LTMR,False,False,False,none
bhfijiem-1,TMA00315,Nonpeptidergic nociceptors,False,False,False,none
bhfjkofn-1,TMA00315,Proprioceptors,False,False,False,none
bhfkjhhh-1,TMA00315,C-LTMR,False,False,False,none
bhfnjakg-1,TMA00315,CGRP-Zeta,False,False,False,none
bhgdalpe-1,TMA00315,Abeta-Field,False,False,False,none
bhgjgjak-1,TMA00315,Proprioceptors,False,False,False,none
bhgkolcm-1,TMA00315,CGRP-Alpha,False,False,False,none
bhgmngog-1,TMA00315,CGRP-Zeta,False,False,False,none
bhhckmkc-1,TMA00315,TrpM8,False,False,False,none
bhhekofp-1,TMA00315,C-LTMR,False,False,False,none
bhhjpnij-1,TMA00315,Adelta-LTMR,False,False,False,none
bhhmcomj-1,TMA00315,Nonpeptidergic nociceptors,False,False,False,none
bhhodncm-1,TMA00315,Abeta-Field,False,False,False,none
bhhpmbei-1,TMA00315,CGRP-Alpha,False,False,False,none
bhiciaag-1,TMA00315,CGRP-Zeta,False,False,False,none
bhieoiil-1,TMA00315,CGRP-Theta,False,False,False,none
bhijlhlf-1,TMA00315,Nonpeptidergic nociceptors,False,False,False,none
bhilfgic-1,TMA00315,C-LTMR,False,False,False,none
bhilikdf-1,TMA00315,TrpM8,False,False,False,none
bhinkbjj-1,TMA00315,CGRP-Zeta,False,False,False,none
bhiodklb-1,TMA00315,Nonpeptidergic nociceptors,False,False,False,none
bhjbldeh-1,TMA00315,C-LTMR,False,False,False,none
bhjhopch-1,TMA00315,Nonpeptidergic nociceptors,False,False,False,none
bhkeinnc-1,TMA00315,Nonpeptidergic nociceptors,False,False,False,none
bhkepjln-1,TMA00315,Abeta-Field,False,False,False,none
bhkloadb-1,TMA00315,TrpM8,False,False,False,none
bhkmlmio-1,TMA00315,Nonpeptidergic nociceptors,False,False,False,none
bhkofhea-1,TMA00315,Abeta-Field,False,False,False,none
bhlagjol-1,TMA00315,C-LTMR,False,False,False,none
bhlkbomc-1,TMA00315,C-LTMR,False,False,False,none
bhlmkgca-1,TMA00315,TrpM8,False,False,False,none
bhlneack-1,TMA00315,Nonpeptidergic nociceptors,False,False,False,none
bhmknfaj-1,TMA00315,C-LTMR,False,False,False,none
bhmledif-1,TMA00315,Abeta-RA-LTMR,False,False,False,none
bhmndgjo-1,TMA00315,Proprioceptors,False,False,False,none
bhmohpnl-1,TMA00315,TrpM8,False,False,False,none
bhngcfmj-1,TMA00315,Proprioceptors,False,False,False,none
bhnikabe-1,TMA00315,CGRP-Epsilion,False,False,False,none
bhnmnflb-1,TMA00315,Nonpeptidergic nociceptors,False,False,False,none
bhnodcbj-1,TMA00315,CGRP-Eta,False,False,False,none
bhoelolo-1,TMA00315,Abeta-RA-LTMR,False,False,False,none
bhoghapc-1,TMA00315,CGRP-Epsilion,False,False,False,none
bhokeikk-1,TMA00315,Proprioceptors,False,False,False,none
bhpedbcj-1,TMA00315,Nonpeptidergic nociceptors,False,False,False,none
bhpelele-1,TMA00315,CGRP-Epsilion,False,False,False,none
bhpgdakb-1,TMA00315,Abeta-RA-LTMR,False,False,False,none
bhplffek-1,TMA00315,C-LTMR,False,False,False,none
bhplglnn-1,TMA00315,Abeta-RA-LTMR,False,False,False,none
bhpmcfdo-1,TMA00315,CGRP-Alpha,False,False,False,none
bhpninfm-1,TMA00315,CGRP-Alpha,False,False,False,none
bhpodddp-1,TMA00315,CGRP-Eta,False,False,False,none
biaapiih-1,TMA00315,Proprioceptors,False,False,False,none
biacefpm-1,TMA00315,C-LTMR,False,False,False,none
biaeolfe-1,TMA00315,TrpM8,False,False,False,none
biagciap-1,TMA00315,TrpM8,False,False,False,none
biaghpdf-1,TMA00315,C-LTMR,False,False,False,none
biajalio-1,TMA00315,CGRP-Epsilion,False,False,False,none
biajpnnc-1,TMA00315,C-LTMR,False,False,False,none
bibedphi-1,TMA00315,Abeta-RA-LTMR,False,False,False,none
bibimikb-1,TMA00315,CGRP-Eta,False,False,False,none
biboebdd-1,TMA00315,Nonpeptidergic nociceptors,False,False,False,none
bicahcdl-1,TMA00315,TrpM8,False,False,False,none
biccejhh-1,TMA00315,Nonpeptidergic nociceptors,False,False,False,none
biccindh-1,TMA00315,Abeta-RA-LTMR,False,False,False,none
bicjeneg-1,TMA00315,Nonpeptidergic nociceptors,False,False,False,none
bicmcdlh-1,TMA00315,Nonpeptidergic nociceptors,False,False,False,none
bicmkcmc-1,TMA00315,CGRP-Zeta,False,False,False,none
bicngbmb-1,TMA00315,CGRP-Theta,False,False,False,none
bidcljjj-1,TMA00315,Abeta-Field,False,False,False,none
biebdmoi-1,TMA00315,Adelta-LTMR,False,False,False,none
biedmfej-1,TMA00315,Proprioceptors,False,False,False,none
bieelfga-1,TMA00315,Abeta-RA-LTMR,False,False,False,none
bieljccl-1,TMA00315,Abeta-RA-LTMR,False,False,False,none
bielnigm-1,TMA00315,Nonpeptidergic nociceptors,False,False,False,none
biemmnhj-1,TMA00315,Nonpeptidergic nociceptors,False,False,False,none
biemnibe-1,TMA00315,C-LTMR,False,False,False,none
biemnnch-1,TMA00315,Nonpeptidergic nociceptors,False,False,False,none
bieoboic-1,TMA00315,Adelta-LTMR,False,False,False,none
bieogcdo-1,TMA00315,Abeta-Field,False,False,False,none
biepicab-1,TMA00315,CGRP-Alpha,False,False,False,none
bifbhpga-1,TMA00315,Proprioceptors,False,False,False,none
bifbocbe-1,TMA00315,Abeta-RA-LTMR,False,False,False,none
bifdobgf-1,TMA00315,Abeta-RA-LTMR,False,False,False,none
bifgpocp-1,TMA00315,CGRP-Zeta,False,False,False,none
bifhbbhi-1,TMA00315,CGRP-Eta,False,False,False,none
bifijeho-1,TMA00315,Proprioceptors,False,False,False,none
bifjplek-1,TMA00315,Nonpeptidergic nociceptors,False,False,False,none
bifobbki-1,TMA00315,Nonpeptidergic nociceptors,False,False,False,none
bigcehid-1,TMA00315,CGRP-Epsilion,False,False,False,none
biglaldb-1,TMA00315,Abeta-RA-LTMR,False,False,False,none
bigmkfdb-1,TMA00315,Proprioceptors,False,False,False,none
bigpfhfo-1,TMA00315,TrpM8,False,False,False,none
bihhfkhl-1,TMA00315,Abeta-Field,False,False,False,none
bihjdjnc-1,TMA00315,Nonpeptidergic nociceptors,False,False,False,none
bihkbnge-1,TMA00315,Nonpeptidergic nociceptors,False,False,False,none
bihnnbfi-1,TMA00315,C-LTMR,False,False,False,none
biocggmb-1,TMA00315,CGRP-Gamma 2,False,False,False,none
biojdjog-1,TMA00315,C-LTMR,False,False,False,none
biokglpn-1,TMA00315,Nonpeptidergic nociceptors,False,False,False,none
biokkgao-1,TMA00315,C-LTMR,False,False,False,none
biolaihm-1,TMA00315,Nonpeptidergic nociceptors,False,False,False,none
bipdfdoc-1,TMA00315,TrpM8,False,False,False,none
bipkmpkf-1,TMA00315,Nonpeptidergic nociceptors,False,False,False,none
bjalhhfp-1,TMA00315,CGRP-Alpha,False,False,False,none
bjaolnlf-1,TMA00315,Sst,False,False,False,none
bjbbjcmn-1,TMA00315,CGRP-Gamma 2,False,False,False,none
bjbcegeg-1,TMA00315,TrpM8,False,False,False,none
bjbdkoae-1,TMA00315,TrpM8,False,False,False,none
bjcfmbhf-1,TMA00315,Adelta-LTMR,False,False,False,none
bjdegofj-1,TMA00315,Proprioceptors,False,False,False,none
bjdelkdc-1,TMA00315,Nonpeptidergic nociceptors,False,False,False,none
bjdelogb-1,TMA00315,Abeta-Field,False,False,False,none
bjdfinio-1,TMA00315,Nonpeptidergic nociceptors,False,False,False,none
bjdjkjec-1,TMA00315,Nonpeptidergic nociceptors,False,False,False,none
bjdljpek-1,TMA00315,Nonpeptidergic nociceptors,False,False,False,none
bjdmakog-1,TMA00315,Adelta-LTMR,False,False,False,none
bjdokjld-1,TMA00315,Nonpeptidergic nociceptors,False,False,False,none
bjeeofcl-1,TMA00315,CGRP-Eta,False,False,False,none
bjefbnfk-1,TMA00315,Abeta-RA-LTMR,False,False,False,none
bjegoeaf-1,TMA00315,CGRP-Gamma 1,False,False,False,none
bjemmdgn-1,TMA00315,C-LTMR,False,False,False,none
bjffkijp-1,TMA00315,CGRP-Eta,False,False,False,none
bjfgnpob-1,TMA00315,Adelta-LTMR,False,False,False,none
bjfifkgh-1,TMA00315,Adelta-LTMR,False,False,False,none
bjfiolei-1,TMA00315,Nonpeptidergic nociceptors,False,False,False,none
bjfjgmlp-1,TMA00315,C-LTMR,False,False,False,none
bjgchpko-1,TMA00315,CGRP-Gamma 2,False,False,False,none
bjgfbcjo-1,TMA00315,Nonpeptidergic nociceptors,False,False,False,none
bjgjhpen-1,TMA00315,Abeta-Field,False,False,False,none
bjgkhmke-1,TMA00315,C-LTMR,False,False,False,none
bjhdndaf-1,TMA00315,Nonpeptidergic nociceptors,False,False,False,none
bjhfcnif-1,TMA00315,CGRP-Alpha,False,False,False,none
bjhhdhln-1,TMA00315,CGRP-Gamma 1,False,False,False,none
bjhhmjcj-1,TMA00315,CGRP-Epsilion,False,False,False,none
bjhiibmk-1,TMA00315,CGRP-Zeta,False,False,False,none
bjhimogc-1,TMA00315,C-LTMR,False,False,False,none
bjhllijc-1,TMA00315,CGRP-Eta,False,False,False,none
bjhnageh-1,TMA00315,Adelta-LTMR,False,False,False,none
bjhnheda-1,TMA00315,Abeta-Field,False,False,False,none
bjhnlcje-1,TMA00315,TrpM8,False,False,False,none
bjhnlcok-1,TMA00315,TrpM8,False,False,False,none
bjhochah-1,TMA00315,CGRP-Gamma 1,False,False,False,none
bjhodbma-1,TMA00315,CGRP-Zeta,False,False,False,none
bjiigahm-1,TMA00315,CGRP-Eta,False,False,False,none
bjijkflp-1,TMA00315,C-LTMR,False,False,False,none
bjimkmac-1,TMA00315,CGRP-Eta,False,False,False,none
bjiogokf-1,TMA00315,CGRP-Eta,False,False,False,none
bjkmnpeb-1,TMA00315,Nonpeptidergic nociceptors,False,False,False,none
bjlaajop-1,TMA00315,TrpM8,False,False,False,none
bjlocodg-1,TMA00315,CGRP-Eta,False,False,False,none
bjlohcjf-1,TMA00315,CGRP-Eta,False,False,False,none
bjlpdfep-1,TMA00315,C-LTMR,False,False,False,none
bjmadkfn-1,TMA00315,Nonpeptidergic nociceptors,False,False,False,none
bjmhhncg-1,TMA00315,C-LTMR,False,False,False,none
bjmkklhl-1,TMA00315,Nonpeptidergic nociceptors,False,False,False,none
bjnanbcp-1,TMA00315,CGRP-Gamma 1,False,False,False,none
bjnbknco-1,TMA00315,Nonpeptidergic nociceptors,False,False,False,none
bjneicak-1,TMA00315,CGRP-Gamma 1,False,False,False,none
bjnemlke-1,TMA00315,Nonpeptidergic nociceptors,False,False,False,none
bjnjidgn-1,TMA00315,Nonpeptidergic nociceptors,False,False,False,none
bjnohnkj-1,TMA00315,Sst,False,False,False,none
bjnpklmi-1,TMA00315,TrpM8,False,False,False,none
bjofbgof-1,TMA00315,CGRP-Gamma 1,False,False,False,none
bjokcdjh-1,TMA00315,Nonpeptidergic nociceptors,False,False,False,none
bjpmejga-1,TMA00315,Abeta-Field,False,False,False,none
bkbhdooc-1,TMA00315,Proprioceptors,False,False,False,none
bkbjadaf-1,TMA00315,CGRP-Zeta,False,False,False,none
bkbpdemo-1,TMA00315,Nonpeptidergic nociceptors,False,False,False,none
bkceabbk-1,TMA00315,Proprioceptors,False,False,False,none
bkcemadp-1,TMA00315,Nonpeptidergic nociceptors,False,False,False,none
bkcigaoj-1,TMA00315,TrpM8,False,False,False,none
bkcilcmb-1,TMA00315,Adelta-LTMR,False,False,False,none
bkcimjke-1,TMA00315,CGRP-Gamma 2,False,False,False,none
bkcjpfbb-1,TMA00315,Nonpeptidergic nociceptors,False,False,False,none
bkcnfjif-1,TMA00315,Proprioceptors,False,False,False,none
bkcnnlgb-1,TMA00315,Abeta-RA-LTMR,False,False,False,none
bkcnnmak-1,TMA00315,Proprioceptors,False,False,False,none
bkdhimpm-1,TMA00315,Proprioceptors,False,False,False,none
bkdmmhio-1,TMA00315,Adelta-LTMR,False,False,False,none
bkdoboli-1,TMA00315,CGRP-Gamma 1,False,False,False,none
bkefaino-1,TMA00315,Abeta-RA-LTMR,False,False,False,none
bkehmghk-1,TMA00315,Proprioceptors,False,False,False,none
bkenihif-1,TMA00315,Nonpeptidergic nociceptors,False,False,False,none
bkeooaco-1,TMA00315,Abeta-RA-LTMR,False,False,False,none
boopdhlb-1,TMA00315,Nonpeptidergic nociceptors,False,False,False,none
bpbfohlo-1,TMA00315,CGRP-Epsilion,False,False,False,none
bphogemb-1,TMA00315,CGRP-Eta,False,False,False,none
bphpbgob-1,TMA00315,CGRP-Eta,False,False,False,none
bpidlgdo-1,TMA00315,CGRP-Zeta,False,False,False,none
bpigpchl-1,TMA00315,Nonpeptidergic nociceptors,False,False,False,none
bpiogcci-1,TMA00315,Nonpeptidergic nociceptors,False,False,False,none
bpjbgacp-1,TMA00315,CGRP-Zeta,False,False,False,none
bpkiikop-1,TMA00315,CGRP-Zeta,False,False,False,none
bpkjaejj-1,TMA00315,CGRP-Theta,False,False,False,none
bplbejpn-1,TMA00315,CGRP-Epsilion,False,False,False,none
bpnlalbj-1,TMA00315,Proprioceptors,False,False,False,none
bpnldcec-1,TMA00315,Proprioceptors,False,False,False,none
bpobhcmk-1,TMA00315,Proprioceptors,False,False,False,none
bpohjadj-1,TMA00315,CGRP-Alpha,False,False,False,none
bpoiajpg-1,TMA00315,Proprioceptors,False,False,False,none
bpojfdof-1,TMA00315,Proprioceptors,False,False,False,none
bponkahc-1,TMA00315,Sst,False,False,False,none
bpophmoc-1,TMA00315,Sst,False,False,False,none
bppohond-1,TMA00315,CGRP-Alpha,False,False,False,none
caaamcka-1,TMA00315,Adelta-LTMR,False,False,False,none
caacdigh-1,TMA00315,TrpM8,False,False,False,none
caaemjon-1,TMA00315,CGRP-Theta,False,False,False,none
caaklkdm-1,TMA00315,Sst,False,False,False,none
cabjoofg-1,TMA00315,TrpM8,False,False,False,none
cabogmdn-1,TMA00315,CGRP-Theta,False,False,False,none
cacaeacm-1,TMA00315,CGRP-Alpha,False,False,False,none
cacapjhg-1,TMA00315,Nonpeptidergic nociceptors,False,False,False,none
cacjkngl-1,TMA00315,Nonpeptidergic nociceptors,False,False,False,none
cacnijbk-1,TMA00315,CGRP-Epsilion,False,False,False,none
cacpkdhm-1,TMA00315,CGRP-Epsilion,False,False,False,none
cadameaa-1,TMA00315,CGRP-Eta,False,False,False,none
cadeghdl-1,TMA00315,CGRP-Theta,False,False,False,none
cadgabhm-1,TMA00315,Nonpeptidergic nociceptors,False,False,False,none
cadgdkgc-1,TMA00315,Nonpeptidergic nociceptors,False,False,False,none
caeiedpn-1,TMA00315,Sst,False,False,False,none
caejkogo-1,TMA00315,Nonpeptidergic nociceptors,False,False,False,none
cafagimc-1,TMA00315,Nonpeptidergic nociceptors,False,False,False,none
cafapoob-1,TMA00315,Nonpeptidergic nociceptors,False,False,False,none
caffeaee-1,TMA00315,CGRP-Gamma 1,False,False,False,none
cafgmcjj-1,TMA00315,CGRP-Gamma 1,False,False,False,none
cafofpmo-1,TMA00315,Nonpeptidergic nociceptors,False,False,False,none
cagkfjeh-1,TMA00315,Nonpeptidergic nociceptors,False,False,False,none
cahhjfha-1,TMA00315,CGRP-Zeta,False,False,False,none
caiackag-1,TMA00315,Nonpeptidergic nociceptors,False,False,False,none
caioogcd-1,TMA00315,Proprioceptors,False,False,False,none
cajdpcga-1,TMA00315,Nonpeptidergic nociceptors,False,False,False,none
cajekbbn-1,TMA00315,C-LTMR,False,False,False,none
cajhjjnf-1,TMA00315,C-LTMR,False,False,False,none
cajjdaij-1,TMA00315,Proprioceptors,False,False,False,none
cajppmbg-1,TMA00315,TrpM8,False,False,False,none
cakaolio-1,TMA00315,CGRP-Eta,False,False,False,none
cakbedop-1,TMA00315,CGRP-Eta,False,False,False,none
cakdjooj-1,TMA00315,Nonpeptidergic nociceptors,False,False,False,none
cakohkbf-1,TMA00315,Nonpeptidergic nociceptors,False,False,False,none
calaehif-1,TMA00315,TrpM8,False,False,False,none
calaodok-1,TMA00315,Nonpeptidergic nociceptors,False,False,False,none
calcpaib-1,TMA00315,Nonpeptidergic nociceptors,False,False,False,none
calipfke-1,TMA00315,CGRP-Theta,False,False,False,none
camchibb-1,TMA00315,CGRP-Eta,False,False,False,none
camhefkl-1,TMA00315,CGRP-Zeta,False,False,False,none
camjbcfk-1,TMA00315,CGRP-Gamma 1,False,False,False,none
camljhne-1,TMA00315,CGRP-Eta,False,False,False,none
cammckgi-1,TMA00315,Abeta-Field,False,False,False,none
canaflag-1,TMA00315,Nonpeptidergic nociceptors,False,False,False,none
candgnmm-1,TMA00315,TrpM8,False,False,False,none
cangbhof-1,TMA00315,TrpM8,False,False,False,none
cangfgcc-1,TMA00315,Nonpeptidergic nociceptors,False,False,False,none
canioicp-1,TMA00315,Nonpeptidergic nociceptors,False,False,False,none
canjcncb-1,TMA00315,Nonpeptidergic nociceptors,False,False,False,none
cankgogb-1,TMA00315,Nonpeptidergic nociceptors,False,False,False,none
canllapa-1,TMA00315,Nonpeptidergic nociceptors,False,False,False,none
cannjhfd-1,TMA00315,Nonpeptidergic nociceptors,False,False,False,none
caobldeo-1,TMA00315,TrpM8,False,False,False,none
caodenkm-1,TMA00315,CGRP-Theta,False,False,False,none
caoflbih-1,TMA00315,CGRP-Theta,False,False,False,none
caojpmpp-1,TMA00315,TrpM8,False,False,False,none
cbbionfl-1,TMA00315,Nonpeptidergic nociceptors,False,False,False,none
cbblcdaj-1,TMA00315,Nonpeptidergic nociceptors,False,False,False,none
cbbmefoo-1,TMA00315,Abeta-Field,False,False,False,none
cbbmlbhc-1,TMA00315,Nonpeptidergic nociceptors,False,False,False,none
cbcdpkee-1,TMA00315,CGRP-Gamma 2,False,False,False,none
ccbpmnbc-1,TMA00315,TrpM8,False,False,False,none
ccbpocic-1,TMA00315,CGRP-Epsilion,False,False,False,none
ccdlcnii-1,TMA00315,C-LTMR,False,False,False,none
ccefknbc-1,TMA00315,C-LTMR,False,False,False,none
ccekefcl-1,TMA00315,CGRP-Gamma 1,False,False,False,none
ccmpdlpj-1,TMA00315,CGRP-Gamma 1,False,False,False,none
ccnmcpna-1,TMA00315,CGRP-Alpha,False,False,False,none
ccnnjelg-1,TMA00315,CGRP-Gamma 1,False,False,False,none
ccnoonod-1,TMA00315,CGRP-Alpha,False,False,False,none
ccnpebml-1,TMA00315,CGRP-Theta,False,False,False,none
ccocikjj-1,TMA00315,CGRP-Theta,False,False,False,none
ccofbbdb-1,TMA00315,CGRP-Gamma 1,False,False,False,none
ccofeall-1,TMA00315,CGRP-Gamma 1,False,False,False,none
ccogfcho-1,TMA00315,CGRP-Gamma 1,False,False,False,none
ccoiappf-1,TMA00315,CGRP-Beta,False,False,False,none
ccoklabb-1,TMA00315,CGRP-Gamma 1,False,False,False,none
ccoladeb-1,TMA00315,CGRP-Alpha,False,False,False,none
ccomjejc-1,TMA00315,CGRP-Gamma 1,False,False,False,none
cconajgi-1,TMA00315,CGRP-Gamma 1,False,False,False,none
ccpiafcp-1,TMA00315,CGRP-Zeta,False,False,False,none
ccpjneej-1,TMA00315,CGRP-Gamma 1,False,False,False,none
ccplocin-1,TMA00315,CGRP-Zeta,False,False,False,none
cdajadmd-1,TMA00315,CGRP-Gamma 1,False,False,False,none
cdalikdj-1,TMA00315,Nonpeptidergic nociceptors,False,False,False,none
cdbglfbp-1,TMA00315,Nonpeptidergic nociceptors,False,False,False,none
cdbldfbi-1,TMA00315,CGRP-Gamma 1,False,False,False,none
cdbnmfem-1,TMA00315,CGRP-Gamma 1,False,False,False,none
cdceobbf-1,TMA00315,CGRP-Gamma 1,False,False,False,none
cdddmled-1,TMA00315,CGRP-Gamma 1,False,False,False,none
cddijefi-1,TMA00315,Nonpeptidergic nociceptors,False,False,False,none
cddjcjgf-1,TMA00315,CGRP-Gamma 1,False,False,False,none
cddknhla-1,TMA00315,CGRP-Gamma 1,False,False,False,none
cddllehb-1,TMA00315,CGRP-Gamma 1,False,False,False,none
cddpblle-1,TMA00315,CGRP-Alpha,False,False,False,none
cddplgmk-1,TMA00315,CGRP-Alpha,False,False,False,none
cdealplf-1,TMA00315,CGRP-Eta,False,False,False,none
cdffhlib-1,TMA00315,CGRP-Gamma 1,False,False,False,none
cdfkokkp-1,TMA00315,C-LTMR,False,False,False,none
cdflbgec-1,TMA00315,CGRP-Epsilion,False,False,False,none
cdgcaldh-1,TMA00315,Nonpeptidergic nociceptors,False,False,False,none
cdggoalm-1,TMA00315,Nonpeptidergic nociceptors,False,False,False,none
cdgnaihg-1,TMA00315,Nonpeptidergic nociceptors,False,False,False,none
cdhafdka-1,TMA00315,CGRP-Eta,False,False,False,none
cdhdjeno-1,TMA00315,C-LTMR,False,False,False,none
cdhfilpj-1,TMA00315,CGRP-Eta,False,False,False,none
cdhhdcha-1,TMA00315,Proprioceptors,False,False,False,none
cdhhlnkn-1,TMA00315,Proprioceptors,False,False,False,none
cdjfadff-1,TMA00315,Nonpeptidergic nociceptors,False,False,False,none
cdjhfjle-1,TMA00315,Nonpeptidergic nociceptors,False,False,False,none
cdjifcem-1,TMA00315,CGRP-Zeta,False,False,False,none
cdjmlfll-1,TMA00315,CGRP-Zeta,False,False,False,none
cdjnpikj-1,TMA00315,CGRP-Theta,False,False,False,none
cdjpaime-1,TMA00315,Abeta-Field,False,False,False,none
cdkblnkf-1,TMA00315,CGRP-Beta,False,False,False,none
cdkboohg-1,TMA00315,CGRP-Gamma 1,False,False,False,none
cdkgdhae-1,TMA00315,CGRP-Gamma 1,False,False,False,none
cdknmkmj-1,TMA00315,CGRP-Gamma 1,False,False,False,none
cdlcpabp-1,TMA00315,Nonpeptidergic nociceptors,False,False,False,none
cdmdmige-1,TMA00315,CGRP-Zeta,False,False,False,none
cdnhimbk-1,TMA00315,CGRP-Gamma 1,False,True,False,dTomato_Seq2_hi
cdnpjnak-1,TMA00315,CGRP-Gamma 2,False,False,False,none
cdojgghd-1,TMA00315,CGRP-Zeta,False,False,False,none
cdommjih-1,TMA00315,TrpM8,False,False,False,none
cdpcjcff-1,TMA00315,CGRP-Theta,False,False,False,none
cdpicbpi-1,TMA00315,CGRP-Theta,False,False,False,none
cdpinfio-1,TMA00315,CGRP-Theta,False,False,False,none
cdplibkd-1,TMA00315,CGRP-Eta,False,False,False,none
cdppifnm-1,TMA00315,CGRP-Zeta,False,False,False,none
ceafgjba-1,TMA00315,CGRP-Eta,False,False,False,none
ceahfolo-1,TMA00315,CGRP-Gamma 1,False,False,False,none
ceajkieb-1,TMA00315,CGRP-Zeta,False,False,False,none
cebmcpbk-1,TMA00315,CGRP-Epsilion,False,False,False,none
cecpaepe-1,TMA00315,Nonpeptidergic nociceptors,False,False,False,none
ceedclhl-1,TMA00315,Adelta-LTMR,False,False,False,none
ceeggooa-1,TMA00315,CGRP-Theta,False,False,False,none
ceejndof-1,TMA00315,CGRP-Theta,False,False,False,none
cefhdiej-1,TMA00315,CGRP-Gamma 1,False,False,False,none
cegcphao-1,TMA00315,CGRP-Gamma 1,False,False,False,none
cehhdbgp-1,TMA00315,CGRP-Theta,False,False,False,none
cehhgohg-1,TMA00315,CGRP-Alpha,False,False,False,none
cejdhafg-1,TMA00315,Proprioceptors,False,False,False,none
cejhejfl-1,TMA00315,CGRP-Zeta,False,False,False,none
cekhemep-1,TMA00315,Proprioceptors,False,False,False,none
celcemip-1,TMA00315,Abeta-RA-LTMR,False,False,False,none
celhoecc-1,TMA00315,Proprioceptors,False,False,False,none
celjhbpj-1,TMA00315,Nonpeptidergic nociceptors,False,False,False,none
celjkgib-1,TMA00315,Nonpeptidergic nociceptors,False,False,False,none
celnfhlf-1,TMA00315,Nonpeptidergic nociceptors,False,False,False,none
cemclofp-1,TMA00315,CGRP-Gamma 1,False,False,False,none
cemfikae-1,TMA00315,CGRP-Eta,False,False,False,none
cemhdnhn-1,TMA00315,Abeta-Field,False,False,False,none
cenfcimg-1,TMA00315,Nonpeptidergic nociceptors,False,False,False,none
cenfinon-1,TMA00315,Nonpeptidergic nociceptors,False,False,False,none
cenjbbde-1,TMA00315,CGRP-Eta,False,False,False,none
ceodbahk-1,TMA00315,CGRP-Zeta,False,False,False,none
ceodckda-1,TMA00315,CGRP-Epsilion,False,False,False,none
ceoinjpn-1,TMA00315,CGRP-Zeta,False,False,False,none
ceojkcdm-1,TMA00315,CGRP-Gamma 1,False,False,False,none
ceojocce-1,TMA00315,CGRP-Eta,False,False,False,none
cepbofog-1,TMA00315,CGRP-Gamma 1,False,False,False,none
cepdogfm-1,TMA00315,CGRP-Zeta,False,False,False,none
cepfcmfk-1,TMA00315,CGRP-Eta,False,False,False,none
cephcoee-1,TMA00315,CGRP-Zeta,False,False,False,none
cepjdlld-1,TMA00315,CGRP-Zeta,False,False,False,none
cfabglkn-1,TMA00315,Nonpeptidergic nociceptors,False,False,False,none
cfaeniof-1,TMA00315,Nonpeptidergic nociceptors,False,False,False,none
cfafapjl-1,TMA00315,CGRP-Epsilion,False,False,False,none
cfagbphf-1,TMA00315,CGRP-Gamma 1,False,False,False,none
cfagpnfp-1,TMA00315,CGRP-Gamma 1,False,False,False,none
cfahlpka-1,TMA00315,CGRP-Gamma 1,False,False,False,none
cfbbcinb-1,TMA00315,CGRP-Gamma 1,False,False,False,none
cfbbhpib-1,TMA00315,CGRP-Zeta,False,False,False,none
cfbgoein-1,TMA00315,CGRP-Gamma 1,False,False,False,none
cfblpapn-1,TMA00315,CGRP-Eta,False,False,False,none
cfcageoc-1,TMA00315,Sst,False,False,False,none
cfclaaci-1,TMA00315,Sst,False,False,False,none
cfclfllh-1,TMA00315,Sst,False,False,False,none
cfdcbece-1,TMA00315,CGRP-Eta,False,False,False,none
cfdccaac-1,TMA00315,CGRP-Gamma 1,False,False,False,none
cfddahaj-1,TMA00315,TrpM8,False,False,False,none
cfdiifaj-1,TMA00315,Nonpeptidergic nociceptors,False,False,False,none
cfebfdem-1,TMA00315,CGRP-Gamma 1,False,False,False,none
cfedogjb-1,TMA00315,TrpM8,False,False,False,none
cfegihnf-1,TMA00315,Proprioceptors,False,False,False,none
cfejkogb-1,TMA00315,CGRP-Gamma 1,False,False,False,none
cfemcdig-1,TMA00315,Nonpeptidergic nociceptors,False,False,False,none
cffalnga-1,TMA00315,CGRP-Gamma 2,False,False,False,none
cffekiec-1,TMA00315,Nonpeptidergic nociceptors,False,False,False,none
cfffglmd-1,TMA00315,Nonpeptidergic nociceptors,False,False,False,none
cffhhpah-1,TMA00315,CGRP-Gamma 1,False,False,False,none
cffjdgmi-1,TMA00315,CGRP-Gamma 1,False,False,False,none
cffkoikc-1,TMA00315,CGRP-Eta,False,False,False,none
cfflnkom-1,TMA00315,CGRP-Eta,False,False,False,none
cffmcekh-1,TMA00315,CGRP-Gamma 1,False,False,False,none
cfgdiomk-1,TMA00315,TrpM8,False,False,False,none
cfgjpbck-1,TMA00315,TrpM8,False,False,False,none
cfgpipfa-1,TMA00315,TrpM8,False,False,False,none
cfhbalhh-1,TMA00315,CGRP-Gamma 1,False,False,False,none
cfhbifkh-1,TMA00315,CGRP-Gamma 1,False,False,False,none
cfhckncn-1,TMA00315,CGRP-Gamma 1,False,False,False,none
cfhdeehj-1,TMA00315,C-LTMR,False,False,False,none
cfichnem-1,TMA00315,CGRP-Gamma 1,False,False,False,none
cfifffaj-1,TMA00315,Nonpeptidergic nociceptors,False,False,False,none
cfifphmb-1,TMA00315,CGRP-Gamma 1,False,False,False,none
cfigppom-1,TMA00315,CGRP-Eta,False,False,False,none
cfillnip-1,TMA00315,CGRP-Gamma 1,False,False,False,none
cfjbhnlg-1,TMA00315,CGRP-Gamma 1,False,True,False,dTomato_Seq2_hi
cfjepfai-1,TMA00315,CGRP-Eta,False,False,False,none
cfjgmbif-1,TMA00315,CGRP-Gamma 1,False,False,False,none
cfjheaea-1,TMA00315,Nonpeptidergic nociceptors,False,False,False,none
cfjhkmfe-1,TMA00315,CGRP-Gamma 1,False,False,False,none
cfjjdccc-1,TMA00315,C-LTMR,False,False,False,none
cfkecdeh-1,TMA00315,C-LTMR,False,False,False,none
cfkfpapg-1,TMA00315,CGRP-Eta,False,False,False,none
cfkifafh-1,TMA00315,Nonpeptidergic nociceptors,False,False,False,none
cfkjlmai-1,TMA00315,CGRP-Gamma 1,False,False,False,none
cfldcehn-1,TMA00315,Abeta-RA-LTMR,False,False,False,none
cflhoopb-1,TMA00315,CGRP-Eta,False,False,False,none
cflkinik-1,TMA00315,CGRP-Eta,False,False,False,none
cflominp-1,TMA00315,Nonpeptidergic nociceptors,False,False,False,none
cfpbjcok-1,TMA00315,CGRP-Eta,False,False,False,none
cfpfgpal-1,TMA00315,CGRP-Eta,False,False,False,none
cfpfpkcg-1,TMA00315,CGRP-Eta,False,False,False,none
cgelgcfe-1,TMA00315,CGRP-Gamma 2,False,False,False,none
cgfahkle-1,TMA00315,CGRP-Alpha,False,False,False,none
cgfbolej-1,TMA00315,CGRP-Gamma 1,False,False,False,none
cljdkeke-1,TMA00315,CGRP-Eta,False,False,False,none
cljjegcm-1,TMA00315,CGRP-Zeta,False,False,False,none
cljpobid-1,TMA00315,CGRP-Zeta,False,False,False,none
clkehlfb-1,TMA00315,CGRP-Theta,False,False,False,none
clmbfgco-1,TMA00315,Nonpeptidergic nociceptors,False,False,False,none
clmcnikf-1,TMA00315,Nonpeptidergic nociceptors,False,False,False,none
clmcpepa-1,TMA00315,Nonpeptidergic nociceptors,False,False,False,none
clmidmgb-1,TMA00315,Sst,False,False,False,none
clnabfik-1,TMA00315,CGRP-Zeta,False,False,False,none
clncelbi-1,TMA00315,CGRP-Zeta,False,False,False,none
clnkbllk-1,TMA00315,CGRP-Eta,False,False,False,none
cloogafh-1,TMA00315,CGRP-Theta,False,False,False,none
clopogpi-1,TMA00315,Nonpeptidergic nociceptors,False,False,False,none
clpbckej-1,TMA00315,Sst,False,False,False,none
clpdogca-1,TMA00315,Nonpeptidergic nociceptors,False,False,False,none
clpiafoh-1,TMA00315,CGRP-Epsilion,False,False,False,none
cmmndmeg-1,TMA00315,CGRP-Gamma 2,False,False,False,none
cmncinoj-1,TMA00315,Adelta-LTMR,False,False,False,none
cmnejcel-1,TMA00315,CGRP-Eta,False,False,False,none
cmpdboma-1,TMA00315,Abeta-RA-LTMR,False,False,False,none
cmpekjhm-1,TMA00315,Adelta-LTMR,False,False,False,none
cnbainmp-1,TMA00315,CGRP-Gamma 1,False,False,False,none
cnbfbccp-1,TMA00315,CGRP-Gamma 1,False,False,False,none
cncellcl-1,TMA00315,CGRP-Eta,False,False,False,none
cnclcimj-1,TMA00315,CGRP-Eta,False,False,False,none
cndlijlf-1,TMA00315,CGRP-Eta,False,False,False,none
cnffodji-1,TMA00315,CGRP-Gamma 1,False,False,False,none
cnflojje-1,TMA00315,CGRP-Epsilion,False,False,False,none
cnfnakeh-1,TMA00315,CGRP-Alpha,False,False,False,none
cnfnbfch-1,TMA00315,CGRP-Gamma 1,False,False,False,none
cnhhaool-1,TMA00315,CGRP-Eta,False,False,False,none
cnidhpnj-1,TMA00315,Nonpeptidergic nociceptors,False,False,False,none
cnifogeb-1,TMA00315,CGRP-Theta,False,False,False,none
cnimchdb-1,TMA00315,CGRP-Gamma 1,False,False,False,none
cninfbnb-1,TMA00315,CGRP-Epsilion,False,False,False,none
cniohohp-1,TMA00315,CGRP-Gamma 1,False,False,False,none
cnjfefbn-1,TMA00315,CGRP-Gamma 1,False,False,False,none
cnjfijjo-1,TMA00315,CGRP-Gamma 1,False,False,False,none
cnjgjdnp-1,TMA00315,Abeta-Field,False,False,False,none
cnjnjgie-1,TMA00315,CGRP-Theta,False,False,False,none
cnkaiiam-1,TMA00315,Nonpeptidergic nociceptors,False,False,False,none
cnkdgmeh-1,TMA00315,Abeta-RA-LTMR,False,False,False,none
cnkehfcm-1,TMA00315,Nonpeptidergic nociceptors,False,False,False,none
cnkfnjie-1,TMA00315,CGRP-Zeta,False,False,False,none
cnklmlkc-1,TMA00315,Nonpeptidergic nociceptors,False,False,False,none
cnlbdami-1,TMA00315,Nonpeptidergic nociceptors,False,False,False,none
cnlbemgn-1,TMA00315,C-LTMR,False,False,False,none
cnlbkggc-1,TMA00315,CGRP-Eta,False,False,False,none
cnldkbml-1,TMA00315,CGRP-Gamma 1,False,False,False,none
cnlelgfd-1,TMA00315,CGRP-Eta,False,False,False,none
cnlidmog-1,TMA00315,CGRP-Zeta,False,False,False,none
cnlnnkhi-1,TMA00315,Nonpeptidergic nociceptors,False,False,False,none
cnlojmng-1,TMA00315,CGRP-Eta,False,False,False,none
cnlpjboj-1,TMA00315,Nonpeptidergic nociceptors,False,False,False,none
cnmebafb-1,TMA00315,CGRP-Gamma 1,False,False,False,none
cnmepkhj-1,TMA00315,Nonpeptidergic nociceptors,False,False,False,none
cnmmglce-1,TMA00315,Nonpeptidergic nociceptors,False,False,False,none
cnmmmlbd-1,TMA00315,Nonpeptidergic nociceptors,False,False,False,none
cnnbnjdl-1,TMA00315,CGRP-Gamma 1,False,False,False,none
cnnghkbd-1,TMA00315,CGRP-Gamma 1,False,False,False,none
cnnjdpme-1,TMA00315,CGRP-Gamma 1,False,False,False,none
cnofmcen-1,TMA00315,CGRP-Eta,False,False,False,none
cnoifchc-1,TMA00315,CGRP-Eta,False,False,False,none
cnoikdmo-1,TMA00315,CGRP-Gamma 1,False,False,False,none
cnoknblb-1,TMA00315,Proprioceptors,False,False,False,none
cnombppi-1,TMA00315,CGRP-Gamma 1,False,False,False,none
cnooobgk-1,TMA00315,CGRP-Gamma 1,False,False,False,none
cnpdfdno-1,TMA00315,CGRP-Gamma 1,False,False,False,none
cnpkanff-1,TMA00315,CGRP-Gamma 1,False,False,False,none
cnpkdjdp-1,TMA00315,CGRP-Gamma 1,False,False,False,none
cnpodpkg-1,TMA00315,Nonpeptidergic nociceptors,False,False,False,none
cnpombma-1,TMA00315,Nonpeptidergic nociceptors,False,False,False,none
coahikic-1,TMA00315,CGRP-Gamma 1,False,False,False,none
coaiaaig-1,TMA00315,CGRP-Gamma 1,False,False,False,none
cobcnfdj-1,TMA00315,CGRP-Gamma 1,False,False,False,none
cobddnmf-1,TMA00315,C-LTMR,False,False,False,none
cobkdghe-1,TMA00315,Nonpeptidergic nociceptors,False,False,False,none
cobmjbpa-1,TMA00315,CGRP-Alpha,False,False,False,none
cobndlne-1,TMA00315,CGRP-Gamma 1,False,False,False,none
coccaffn-1,TMA00315,CGRP-Gamma 1,False,False,False,none
coccigoi-1,TMA00315,CGRP-Gamma 1,False,False,False,none
coccmmfn-1,TMA00315,TrpM8,False,False,False,none
coccobmi-1,TMA00315,CGRP-Gamma 1,False,False,False,none
cochnjnm-1,TMA00315,CGRP-Gamma 2,False,False,False,none
cocmilma-1,TMA00315,CGRP-Alpha,False,False,False,none
codeacoi-1,TMA00315,TrpM8,False,False,False,none
codenipp-1,TMA00315,TrpM8,False,False,False,none
coefdjhn-1,TMA00315,Sst,False,False,False,none
cogdkkol-1,TMA00315,CGRP-Beta,False,False,False,none
cogdodho-1,TMA00315,TrpM8,False,False,False,none
coginnmc-1,TMA00315,CGRP-Gamma 2,False,False,False,none
coglncfj-1,TMA00315,Nonpeptidergic nociceptors,False,False,False,none
cogncicm-1,TMA00315,TrpM8,False,False,False,none
cohjdojg-1,TMA00315,CGRP-Eta,False,False,False,none
coiodgfa-1,TMA00315,Abeta-RA-LTMR,False,False,False,none
coiphlbd-1,TMA00315,CGRP-Gamma 1,False,True,False,dTomato_Seq2_hi
cojapjid-1,TMA00315,CGRP-Gamma 2,False,False,False,none
cojldfij-1,TMA00315,Sst,False,False,False,none
cojmpdeh-1,TMA00315,Sst,False,False,False,none
cokaihod-1,TMA00315,CGRP-Theta,False,False,False,none
colefgeh-1,TMA00315,CGRP-Eta,False,False,False,none
combkpbd-1,TMA00315,CGRP-Gamma 1,False,False,False,none
comcopll-1,TMA00315,Nonpeptidergic nociceptors,False,False,False,none
comfbhaj-1,TMA00315,CGRP-Gamma 1,False,False,False,none
comffgeg-1,TMA00315,CGRP-Gamma 1,False,False,False,none
comgfdia-1,TMA00315,CGRP-Gamma 1,False,False,False,none
comikbnp-1,TMA00315,CGRP-Gamma 1,False,False,False,none
comopppo-1,TMA00315,CGRP-Gamma 1,False,False,False,none
conecopn-1,TMA00315,CGRP-Gamma 1,False,False,False,none
conehdmj-1,TMA00315,CGRP-Gamma 1,False,False,False,none
conkdljp-1,TMA00315,CGRP-Gamma 1,False,False,False,none
conoidah-1,TMA00315,CGRP-Gamma 1,False,False,False,none
cooahgnb-1,TMA00315,CGRP-Gamma 1,False,False,False,none
coodpbnm-1,TMA00315,CGRP-Epsilion,False,False,False,none
coofeiad-1,TMA00315,CGRP-Alpha,False,False,False,none
coogkgol-1,TMA00315,CGRP-Alpha,False,False,False,none
copmmnbb-1,TMA00315,CGRP-Gamma 1,False,False,False,none
copmnjla-1,TMA00315,CGRP-Alpha,False,False,False,none
copoepol-1,TMA00315,CGRP-Gamma 1,False,False,False,none
cpafkmbl-1,TMA00315,CGRP-Gamma 1,False,False,False,none
cpbnbmde-1,TMA00315,Nonpeptidergic nociceptors,False,False,False,none
cpdphmcd-1,TMA00315,TrpM8,False,False,False,none
cpejdcno-1,TMA00315,TrpM8,False,False,False,none
cpekkjie-1,TMA00315,Nonpeptidergic nociceptors,False,False,False,none
cpelolaf-1,TMA00315,CGRP-Gamma 1,False,False,False,none
cpeoenda-1,TMA00315,CGRP-Gamma 1,False,False,False,none
cpgcacel-1,TMA00315,CGRP-Gamma 1,False,False,False,none
cpgennog-1,TMA00315,CGRP-Alpha,False,False,False,none
cpggpkln-1,TMA00315,CGRP-Gamma 1,False,False,False,none
cpgielbp-1,TMA00315,CGRP-Beta,False,False,False,none
cpgpdnok-1,TMA00315,CGRP-Beta,False,False,False,none
cphccboc-1,TMA00315,C-LTMR,False,False,False,none
cphdelco-1,TMA00315,TrpM8,False,False,False,none
cphgjekg-1,TMA00315,Sst,False,False,False,none
cphifilp-1,TMA00315,CGRP-Gamma 1,False,False,False,none
cpholpej-1,TMA00315,CGRP-Gamma 1,False,False,False,none
cpiangmd-1,TMA00315,CGRP-Gamma 1,False,False,False,none
cpibbhgo-1,TMA00315,CGRP-Gamma 1,False,False,False,none
cpibdddn-1,TMA00315,TrpM8,False,False,False,none
cpilfpaa-1,TMA00315,Sst,False,False,False,none
cpjeklda-1,TMA00315,CGRP-Eta,False,False,False,none
cpjhfohc-1,TMA00315,CGRP-Eta,False,False,False,none
cpjkmmne-1,TMA00315,CGRP-Beta,False,False,False,none
cpjmpofo-1,TMA00315,CGRP-Gamma 1,False,False,False,none
cpjnpkep-1,TMA00315,CGRP-Gamma 1,False,False,False,none
cpjojiab-1,TMA00315,CGRP-Gamma 1,False,False,False,none
cpkalpao-1,TMA00315,CGRP-Beta,False,False,False,none
cpkbdggh-1,TMA00315,TrpM8,False,False,False,none
cpkjomej-1,TMA00315,Nonpeptidergic nociceptors,False,False,False,none
cpklgkhc-1,TMA00315,Nonpeptidergic nociceptors,False,False,False,none
cpliefcf-1,TMA00315,Sst,False,False,False,none
cplllioi-1,TMA00315,CGRP-Gamma 1,False,False,False,none
cpmajegj-1,TMA00315,CGRP-Gamma 1,False,False,False,none
cpmeeeba-1,TMA00315,CGRP-Gamma 1,False,False,False,none
cpmgabii-1,TMA00315,CGRP-Theta,False,False,False,none
cpmhkkma-1,TMA00315,CGRP-Gamma 1,False,False,False,none
cpmklpfj-1,TMA00315,CGRP-Gamma 1,False,False,False,none
cpmnjkjp-1,TMA00315,CGRP-Theta,False,False,False,none
cpmopblj-1,TMA00315,Nonpeptidergic nociceptors,False,False,False,none
cpnfpkfa-1,TMA00315,CGRP-Theta,False,False,False,none
daagcinc-1,TMA00315,Sst,False,False,False,none
daakbomj-1,TMA00315,CGRP-Epsilion,False,False,False,none
daalcefh-1,TMA00315,CGRP-Eta,False,False,False,none
dabciihm-1,TMA00315,CGRP-Gamma 1,False,False,False,none
dabecjao-1,TMA00315,CGRP-Alpha,False,False,False,none
dabeipmd-1,TMA00315,CGRP-Alpha,False,False,False,none
dabokjce-1,TMA00315,CGRP-Gamma 1,False,False,False,none
dabplbgc-1,TMA00315,CGRP-Gamma 1,False,False,False,none
daccedpi-1,TMA00315,TrpM8,False,False,False,none
dacdglik-1,TMA00315,Nonpeptidergic nociceptors,False,False,False,none
daceoccf-1,TMA00315,Nonpeptidergic nociceptors,False,False,False,none
dadjgeif-1,TMA00315,TrpM8,False,False,False,none
dadndnil-1,TMA00315,CGRP-Gamma 1,False,False,False,none
daehmimh-1,TMA00315,Nonpeptidergic nociceptors,False,False,False,none
daelpnoh-1,TMA00315,CGRP-Gamma 1,False,False,False,none
dafbpmbc-1,TMA00315,CGRP-Gamma 1,False,False,False,none
dafigddg-1,TMA00315,CGRP-Alpha,False,False,False,none
dafmlakc-1,TMA00315,CGRP-Gamma 1,False,False,False,none
dafmmegd-1,TMA00315,CGRP-Gamma 1,False,False,False,none
dafoddnk-1,TMA00315,TrpM8,False,False,False,none
dafppacf-1,TMA00315,Nonpeptidergic nociceptors,False,False,False,none
dagclmon-1,TMA00315,Sst,False,False,False,none
dagddbfj-1,TMA00315,CGRP-Gamma 1,False,False,False,none
dagjfhei-1,TMA00315,Sst,False,False,False,none
dahemaic-1,TMA00315,CGRP-Gamma 1,False,False,False,none
dahkclgg-1,TMA00315,TrpM8,False,False,False,none
dahngbnj-1,TMA00315,Nonpeptidergic nociceptors,False,False,False,none
daifgkne-1,TMA00315,CGRP-Gamma 1,False,False,False,none
daighhhd-1,TMA00315,Abeta-RA-LTMR,False,False,False,none
dajdleep-1,TMA00315,CGRP-Zeta,False,False,False,none
dakddodk-1,TMA00315,Nonpeptidergic nociceptors,False,False,False,none
dakfpidd-1,TMA00315,Adelta-LTMR,False,False,False,none
dakpanli-1,TMA00315,Abeta-Field,False,False,False,none
daladpib-1,TMA00315,Adelta-LTMR,False,False,False,none
dalaelfl-1,TMA00315,Adelta-LTMR,False,False,False,none
dalakgcd-1,TMA00315,CGRP-Theta,False,False,False,none
dalbajoc-1,TMA00315,CGRP-Theta,False,False,False,none
dalmodej-1,TMA00315,Abeta-Field,False,False,False,none
dalnhbpi-1,TMA00315,CGRP-Zeta,False,False,False,none
dalnpecc-1,TMA00315,Nonpeptidergic nociceptors,False,False,False,none
damciian-1,TMA00315,CGRP-Zeta,False,False,False,none
dammijde-1,TMA00315,CGRP-Gamma 2,False,False,False,none
daocbdgb-1,TMA00315,Abeta-Field,False,False,False,none
dapmbcdf-1,TMA00315,Adelta-LTMR,False,False,False,none
dbakdhba-1,TMA00315,Abeta-Field,False,False,False,none
dbalhkbo-1,TMA00315,CGRP-Zeta,False,False,False,none
dbaohcfj-1,TMA00315,CGRP-Zeta,False,False,False,none
dbbcghon-1,TMA00315,CGRP-Alpha,False,False,False,none
dbbhhgkj-1,TMA00315,CGRP-Alpha,False,False,False,none
dbbkjobe-1,TMA00315,CGRP-Zeta,False,False,False,none
dbbliepb-1,TMA00315,Nonpeptidergic nociceptors,False,False,False,none
dbbnamcp-1,TMA00315,CGRP-Theta,False,False,False,none
dbcadima-1,TMA00315,CGRP-Theta,False,False,False,none
dbcjkfam-1,TMA00315,C-LTMR,False,False,False,none
dbcjlpkh-1,TMA00315,C-LTMR,False,False,False,none
dbckjiif-1,TMA00315,CGRP-Zeta,False,False,False,none
dbcpnfdd-1,TMA00315,Nonpeptidergic nociceptors,False,False,False,none
dbdehpmk-1,TMA00315,CGRP-Eta,False,False,False,none
dbdejhnl-1,TMA00315,CGRP-Alpha,False,False,False,none
dbdfbcje-1,TMA00315,CGRP-Beta,False,False,False,none
dbdiheid-1,TMA00315,Sst,False,False,False,none
dbdogdbo-1,TMA00315,CGRP-Gamma 2,False,False,False,none
dbegebhb-1,TMA00315,CGRP-Gamma 1,False,False,False,none
dbeihpcj-1,TMA00315,CGRP-Alpha,False,False,False,none
dbekcgac-1,TMA00315,CGRP-Eta,False,False,False,none
dbenfnml-1,TMA00315,C-LTMR,False,False,False,none
dbfbiphj-1,TMA00315,Nonpeptidergic nociceptors,False,False,False,none
dbfgchfd-1,TMA00315,Abeta-Field,False,False,False,none
dbfkchlh-1,TMA00315,Adelta-LTMR,False,False,False,none
dbfldjbn-1,TMA00315,C-LTMR,False,False,False,none
dbgakbbh-1,TMA00315,CGRP-Gamma 1,False,False,False,none
dbgbbkko-1,TMA00315,CGRP-Theta,False,False,False,none
dbgpdgmm-1,TMA00315,CGRP-Theta,False,False,False,none
dbgpnkaf-1,TMA00315,CGRP-Epsilion,True,False,False,EGFP_Seq1_hi
dbhcggoh-1,TMA00315,CGRP-Gamma 1,False,False,False,none
dbhciogb-1,TMA00315,CGRP-Gamma 1,False,False,False,none
dbholjdo-1,TMA00315,CGRP-Gamma 1,False,False,False,none
dbiabogb-1,TMA00315,CGRP-Gamma 1,True,False,False,EGFP_Seq1_hi
dbibbiel-1,TMA00315,Proprioceptors,False,False,False,none
dbindhlk-1,TMA00315,CGRP-Eta,False,False,False,none
dbioenod-1,TMA00315,CGRP-Eta,False,False,False,none
dbjffakm-1,TMA00315,CGRP-Gamma 1,False,False,False,none
dbjjcboh-1,TMA00315,CGRP-Eta,True,False,False,EGFP_Seq1_hi
dbjlecki-1,TMA00315,TrpM8,False,False,False,none
dbkannfo-1,TMA00315,CGRP-Gamma 1,False,False,False,none
dbkbofam-1,TMA00315,Nonpeptidergic nociceptors,False,False,False,none
dbkdmjnf-1,TMA00315,CGRP-Gamma 1,False,False,False,none
dbkiepel-1,TMA00315,CGRP-Gamma 1,False,False,False,none
dbkjemef-1,TMA00315,Sst,False,False,False,none
dbkocife-1,TMA00315,Nonpeptidergic nociceptors,False,False,False,none
dblaidfe-1,TMA00315,CGRP-Theta,False,False,False,none
dbldcgci-1,TMA00315,CGRP-Theta,False,False,False,none
dblemhbc-1,TMA00315,Nonpeptidergic nociceptors,False,False,False,none
dblgjnjp-1,TMA00315,CGRP-Gamma 1,False,False,False,none
dbljccgp-1,TMA00315,CGRP-Gamma 1,False,False,False,none
dblkpmjh-1,TMA00315,CGRP-Gamma 1,False,False,False,none
dbllgbfa-1,TMA00315,CGRP-Gamma 1,False,False,False,none
dblnllpl-1,TMA00315,CGRP-Gamma 1,False,False,False,none
dbmbilbh-1,TMA00315,CGRP-Gamma 1,False,False,False,none
dbmddhaa-1,TMA00315,Abeta-Field,False,False,False,none
dbmjhfmi-1,TMA00315,CGRP-Eta,False,False,False,none
dbnahdii-1,TMA00315,Sst,False,False,False,none
dbnapbai-1,TMA00315,CGRP-Zeta,False,False,False,none
dbnchbgp-1,TMA00315,CGRP-Theta,False,False,False,none
dbnelpcl-1,TMA00315,Abeta-Field,False,False,False,none
dbnfnlbm-1,TMA00315,Abeta-Field,False,False,False,none
dbnjmiab-1,TMA00315,Abeta-Field,False,False,False,none
dbnpcemk-1,TMA00315,Nonpeptidergic nociceptors,False,False,False,none
dbnpdoil-1,TMA00315,CGRP-Alpha,False,False,False,none
dboadhjk-1,TMA00315,C-LTMR,False,False,False,none
dboemdhg-1,TMA00315,Nonpeptidergic nociceptors,False,False,False,none
dbokpdic-1,TMA00315,Nonpeptidergic nociceptors,False,False,False,none
dbonpeef-1,TMA00315,CGRP-Gamma 1,False,False,False,none
dbpdabnl-1,TMA00315,CGRP-Gamma 1,False,False,False,none
dbpdbhkm-1,TMA00315,CGRP-Gamma 1,False,False,False,none
dbplngen-1,TMA00315,CGRP-Gamma 1,False,False,False,none
dbpmoiej-1,TMA00315,CGRP-Eta,False,False,False,none
dcalfnmk-1,TMA00315,CGRP-Gamma 1,False,False,False,none
dcammmch-1,TMA00315,TrpM8,False,False,False,none
dcapmogj-1,TMA00315,Nonpeptidergic nociceptors,False,False,False,none
dcbbfnbh-1,TMA00315,Nonpeptidergic nociceptors,False,False,False,none
dcbbheji-1,TMA00315,Nonpeptidergic nociceptors,False,False,False,none
dcbeleon-1,TMA00315,CGRP-Beta,False,False,False,none
dcbelino-1,TMA00315,Nonpeptidergic nociceptors,False,False,False,none
dccbnoke-1,TMA00315,CGRP-Gamma 1,False,False,False,none
dccejjca-1,TMA00315,C-LTMR,False,False,False,none
dcchekel-1,TMA00315,C-LTMR,False,False,False,none
dccijofn-1,TMA00315,Nonpeptidergic nociceptors,False,False,False,none
dccjnjhm-1,TMA00315,Nonpeptidergic nociceptors,False,False,False,none
dccmicga-1,TMA00315,Nonpeptidergic nociceptors,False,False,False,none
dcdacmac-1,TMA00315,C-LTMR,False,False,False,none
dcdcemco-1,TMA00315,CGRP-Eta,False,False,False,none
dcdlapcn-1,TMA00315,CGRP-Zeta,False,False,False,none
dcefggpc-1,TMA00315,Abeta-Field,False,False,False,none
dcehelko-1,TMA00315,Nonpeptidergic nociceptors,False,False,False,none
dceobbcl-1,TMA00315,CGRP-Zeta,False,False,False,none
dcgcpaen-1,TMA00315,Sst,False,False,False,none
dcgfmcem-1,TMA00315,CGRP-Zeta,False,False,False,none
dcgfpbcd-1,TMA00315,CGRP-Theta,False,False,False,none
dcgjlbap-1,TMA00315,CGRP-Theta,False,False,False,none
dchgdamf-1,TMA00315,Nonpeptidergic nociceptors,False,False,False,none
dchmkpjc-1,TMA00315,CGRP-Gamma 1,False,False,False,none
dciffdla-1,TMA00315,CGRP-Gamma 1,False,False,False,none
dcigeink-1,TMA00315,CGRP-Gamma 1,False,False,False,none
dcigippo-1,TMA00315,Nonpeptidergic nociceptors,False,False,False,none
dcikbkmf-1,TMA00315,Nonpeptidergic nociceptors,False,False,False,none
dcjgbdjb-1,TMA00315,Nonpeptidergic nociceptors,False,False,False,none
dcjgbdnl-1,TMA00315,Nonpeptidergic nociceptors,False,False,False,none
dcjmlnln-1,TMA00315,C-LTMR,False,False,False,none
dckfdpbc-1,TMA00315,Nonpeptidergic nociceptors,False,False,False,none
dckfeobi-1,TMA00315,Nonpeptidergic nociceptors,False,False,False,none
dckgiopp-1,TMA00315,CGRP-Epsilion,False,False,False,none
dckgkcfb-1,TMA00315,Proprioceptors,False,False,False,none
dckifgpo-1,TMA00315,CGRP-Gamma 1,False,False,False,none
dckjmhnn-1,TMA00315,CGRP-Alpha,False,False,False,none
dckmglka-1,TMA00315,CGRP-Gamma 1,False,False,False,none
dckpnaef-1,TMA00315,Nonpeptidergic nociceptors,False,False,False,none
dcldfpcb-1,TMA00315,Nonpeptidergic nociceptors,False,False,False,none
dclkabha-1,TMA00315,CGRP-Gamma 1,False,False,False,none
dclkgemn-1,TMA00315,Proprioceptors,False,False,False,none
dclloemf-1,TMA00315,TrpM8,False,False,False,none
dcmcbjop-1,TMA00315,Proprioceptors,False,False,False,none
dcmdhlkc-1,TMA00315,Nonpeptidergic nociceptors,False,False,False,none
dcminabk-1,TMA00315,Nonpeptidergic nociceptors,False,False,False,none
dcmkpnpp-1,TMA00315,Abeta-RA-LTMR,False,False,False,none
dcnabobh-1,TMA00315,CGRP-Zeta,False,False,False,none
dcnalemm-1,TMA00315,Nonpeptidergic nociceptors,False,False,False,none
dcnblbgj-1,TMA00315,Nonpeptidergic nociceptors,False,False,False,none
dcoepcin-1,TMA00315,Nonpeptidergic nociceptors,False,False,False,none
dconhcjg-1,TMA00315,C-LTMR,False,False,False,none
dcoofmjo-1,TMA00315,Nonpeptidergic nociceptors,False,False,False,none
dcpgcffo-1,TMA00315,Nonpeptidergic nociceptors,False,False,False,none
dcpgojaf-1,TMA00315,CGRP-Alpha,False,False,False,none
dcphmcfg-1,TMA00315,Abeta-Field,False,False,False,none
ddimpcin-1,TMA00315,Nonpeptidergic nociceptors,False,False,False,none
ddjaadnc-1,TMA00315,Nonpeptidergic nociceptors,False,False,False,none
ddjcebcl-1,TMA00315,Nonpeptidergic nociceptors,False,False,False,none
ddjejcko-1,TMA00315,CGRP-Gamma 1,False,False,False,none
ddkdfpih-1,TMA00315,CGRP-Epsilion,False,False,False,none
ddlghfhg-1,TMA00315,CGRP-Zeta,False,False,False,none
ddlglimb-1,TMA00315,CGRP-Zeta,False,False,False,none
ddllcjbh-1,TMA00315,TrpM8,False,False,False,none
ddllfnem-1,TMA00315,TrpM8,False,False,False,none
ddllliji-1,TMA00315,C-LTMR,False,False,False,none
ddmchgjg-1,TMA00315,CGRP-Gamma 1,False,False,False,none
ddmfibcm-1,TMA00315,CGRP-Eta,False,False,False,none
ddmfnkbb-1,TMA00315,CGRP-Gamma 1,False,False,False,none
ddmnfglk-1,TMA00315,Nonpeptidergic nociceptors,False,False,False,none
ddmnpbcn-1,TMA00315,CGRP-Gamma 1,False,False,False,none
ddmpfppc-1,TMA00315,CGRP-Alpha,False,False,False,none
ddnefmhi-1,TMA00315,Nonpeptidergic nociceptors,False,False,False,none
ddnjboie-1,TMA00315,Nonpeptidergic nociceptors,False,False,False,none
ddnlhemf-1,TMA00315,Nonpeptidergic nociceptors,False,False,False,none
ddnllcno-1,TMA00315,Sst,False,False,False,none
ddnmeanf-1,TMA00315,Sst,False,False,False,none
ddnoflgm-1,TMA00315,CGRP-Theta,False,False,False,none
ddoaijbm-1,TMA00315,Nonpeptidergic nociceptors,False,False,False,none
ddocbpba-1,TMA00315,CGRP-Beta,False,False,False,none
ddoddhil-1,TMA00315,Abeta-Field,False,False,False,none
ddoegloo-1,TMA00315,Nonpeptidergic nociceptors,False,False,False,none
ddoembjo-1,TMA00315,Nonpeptidergic nociceptors,False,False,False,none
ddoihjoo-1,TMA00315,CGRP-Eta,False,False,False,none
ddojhmaf-1,TMA00315,Nonpeptidergic nociceptors,False,False,False,none
ddolgmeg-1,TMA00315,TrpM8,False,False,False,none
ddpckpmo-1,TMA00315,CGRP-Gamma 1,False,False,False,none
ddpgnhgl-1,TMA00315,CGRP-Beta,False,False,False,none
debdjcbd-1,TMA00315,CGRP-Theta,False,False,False,none
debihjcg-1,TMA00315,Abeta-Field,False,False,False,none
decamnpl-1,TMA00315,CGRP-Theta,False,False,False,none
decfekgn-1,TMA00315,Proprioceptors,False,False,False,none
dechamjo-1,TMA00315,Nonpeptidergic nociceptors,False,False,False,none
decpjboc-1,TMA00315,Nonpeptidergic nociceptors,False,False,False,none
decpmjjf-1,TMA00315,Nonpeptidergic nociceptors,False,False,False,none
dedeengj-1,TMA00315,Proprioceptors,False,False,False,none
dedfldbl-1,TMA00315,Nonpeptidergic nociceptors,False,False,False,none
dedhefcf-1,TMA00315,Nonpeptidergic nociceptors,False,False,False,none
dedjljeb-1,TMA00315,Nonpeptidergic nociceptors,False,False,False,none
dedoggic-1,TMA00315,CGRP-Gamma 1,False,False,False,none
deeakfef-1,TMA00315,Nonpeptidergic nociceptors,False,False,False,none
deecclbi-1,TMA00315,Sst,False,False,False,none
dekhafcf-1,TMA00315,Abeta-Field,False,False,False,none
dekigham-1,TMA00315,Abeta-Field,False,False,False,none
dekkagnd-1,TMA00315,Abeta-Field,False,False,False,none
delgfdli-1,TMA00315,Abeta-Field,False,False,False,none
demmjoif-1,TMA00315,CGRP-Gamma 1,False,False,False,none
denmfmje-1,TMA00315,Nonpeptidergic nociceptors,False,False,False,none
deogjhem-1,TMA00315,Nonpeptidergic nociceptors,False,False,False,none
depoihkm-1,TMA00315,Nonpeptidergic nociceptors,False,False,False,none
dfalhjbb-1,TMA00315,CGRP-Theta,False,False,False,none
dfanjkph-1,TMA00315,Nonpeptidergic nociceptors,False,False,False,none
dfbancje-1,TMA00315,Nonpeptidergic nociceptors,False,False,False,none
dfbbmnfp-1,TMA00315,Abeta-Field,False,False,False,none
dfbdjocn-1,TMA00315,CGRP-Alpha,False,False,False,none
dfbgopaj-1,TMA00315,Proprioceptors,False,False,False,none
dfbmbobp-1,TMA00315,CGRP-Gamma 1,False,False,False,none
dfbnhmbo-1,TMA00315,CGRP-Gamma 1,False,False,False,none
dfbongno-1,TMA00315,Nonpeptidergic nociceptors,False,False,False,none
dfccemlg-1,TMA00315,Nonpeptidergic nociceptors,False,False,False,none
dfceongn-1,TMA00315,Nonpeptidergic nociceptors,False,False,False,none
dfciodpe-1,TMA00315,CGRP-Eta,False,False,False,none
dfckbmbj-1,TMA00315,CGRP-Gamma 1,False,False,False,none
dfcngobd-1,TMA00315,Nonpeptidergic nociceptors,False,False,False,none
dfdbjnkj-1,TMA00315,CGRP-Zeta,False,False,False,none
dfdjepld-1,TMA00315,Nonpeptidergic nociceptors,False,False,False,none
dfdmmpim-1,TMA00315,Nonpeptidergic nociceptors,False,False,False,none
dfdpdbbb-1,TMA00315,Nonpeptidergic nociceptors,False,False,False,none
dfebideb-1,TMA00315,C-LTMR,False,False,False,none
dffcipja-1,TMA00315,Nonpeptidergic nociceptors,False,False,False,none
dffkldcj-1,TMA00315,Nonpeptidergic nociceptors,False,False,False,none
dfflkfbm-1,TMA00315,Nonpeptidergic nociceptors,False,False,False,none
dhagjnec-1,TMA00315,CGRP-Gamma 1,False,False,False,none
dhagmfef-1,TMA00315,CGRP-Gamma 1,False,False,False,none
dhaholbd-1,TMA00315,CGRP-Gamma 1,False,False,False,none
dhamnngf-1,TMA00315,CGRP-Gamma 1,False,False,False,none
dhbfcmpb-1,TMA00315,CGRP-Eta,False,False,False,none
dhbfmoej-1,TMA00315,CGRP-Zeta,False,False,False,none
dhbhjjdb-1,TMA00315,CGRP-Zeta,False,False,False,none
dhcbganj-1,TMA00315,CGRP-Gamma 1,False,False,False,none
dhccofbn-1,TMA00315,CGRP-Gamma 1,False,False,False,none
dhcfdjjk-1,TMA00315,CGRP-Gamma 1,False,False,False,none
dhcgmeog-1,TMA00315,CGRP-Gamma 2,False,False,False,none
dhcgnfla-1,TMA00315,CGRP-Gamma 1,False,False,False,none
dhdfcnoe-1,TMA00315,CGRP-Gamma 1,False,False,False,none
dhdggjcm-1,TMA00315,Abeta-Field,False,False,False,none
dhdhoggh-1,TMA00315,CGRP-Eta,False,False,False,none
dhdpkbhl-1,TMA00315,Proprioceptors,False,False,False,none
dhedcjae-1,TMA00315,Abeta-Field,False,False,False,none
dhejfnmn-1,TMA00315,CGRP-Gamma 1,False,False,False,none
dhekbpfg-1,TMA00315,CGRP-Gamma 1,False,False,False,none
dhengcgd-1,TMA00315,CGRP-Eta,False,False,False,none
dhfhakno-1,TMA00315,Proprioceptors,False,False,False,none
dhfkdhdj-1,TMA00315,Nonpeptidergic nociceptors,False,False,False,none
dhgbdhgl-1,TMA00315,Nonpeptidergic nociceptors,False,False,False,none
dhgfpkjh-1,TMA00315,CGRP-Eta,False,False,False,none
dhgoibbm-1,TMA00315,CGRP-Gamma 1,False,False,False,none
dhhbkkjm-1,TMA00315,CGRP-Zeta,False,False,False,none
dhhdpphh-1,TMA00315,CGRP-Zeta,False,False,False,none
dhhemplj-1,TMA00315,CGRP-Gamma 1,False,False,False,none
dhhfmanm-1,TMA00315,CGRP-Gamma 1,False,False,False,none
dhhgiocd-1,TMA00315,CGRP-Alpha,False,False,False,none
dhhhkdfn-1,TMA00315,CGRP-Gamma 1,False,False,False,none
dhhiamad-1,TMA00315,CGRP-Gamma 1,False,False,False,none
dhhjeikc-1,TMA00315,CGRP-Eta,False,False,False,none
dhhkngdk-1,TMA00315,CGRP-Gamma 1,False,False,False,none
dhhnafij-1,TMA00315,CGRP-Eta,False,False,False,none
dhhpohcm-1,TMA00315,CGRP-Epsilion,False,False,False,none
dhibgfca-1,TMA00315,CGRP-Eta,False,False,False,none
dhicnoec-1,TMA00315,CGRP-Eta,False,False,False,none
dhihcplp-1,TMA00315,CGRP-Gamma 1,False,False,False,none
dhiiemhl-1,TMA00315,Nonpeptidergic nociceptors,False,False,False,none
dhijfjam-1,TMA00315,CGRP-Gamma 1,False,False,False,none
dhijhlob-1,TMA00315,CGRP-Gamma 1,False,False,False,none
dhjfjlfn-1,TMA00315,Nonpeptidergic nociceptors,False,False,False,none
dhjgakhf-1,TMA00315,CGRP-Alpha,False,False,False,none
dhkgfjhb-1,TMA00315,CGRP-Gamma 1,False,False,False,none
dhkneljb-1,TMA00315,CGRP-Gamma 2,False,False,False,none
dhlebbdi-1,TMA00315,CGRP-Gamma 1,False,False,False,none
dhlgnmph-1,TMA00315,Nonpeptidergic nociceptors,False,False,False,none
dhlhibbb-1,TMA00315,Nonpeptidergic nociceptors,False,False,False,none
dhlkfcal-1,TMA00315,Nonpeptidergic nociceptors,False,False,False,none
dhlmeagf-1,TMA00315,CGRP-Epsilion,False,False,False,none
dhlmfcpc-1,TMA00315,Nonpeptidergic nociceptors,False,False,False,none
dhlpbpbd-1,TMA00315,Nonpeptidergic nociceptors,False,False,False,none
dhmbdoei-1,TMA00315,CGRP-Eta,False,False,False,none
dhmgjnpb-1,TMA00315,CGRP-Eta,False,False,False,none
dhmkamif-1,TMA00315,CGRP-Eta,False,False,False,none
dhmncedl-1,TMA00315,CGRP-Gamma 1,False,False,False,none
dhpfpjfg-1,TMA00315,CGRP-Gamma 1,False,False,False,none
dhplnmfp-1,TMA00315,CGRP-Gamma 1,False,False,False,none
diaclkgk-1,TMA00315,CGRP-Gamma 1,False,False,False,none
diapdiho-1,TMA00315,Abeta-Field,False,False,False,none
dibbgmjo-1,TMA00315,Abeta-Field,False,False,False,none
dibknehk-1,TMA00315,Nonpeptidergic nociceptors,False,False,False,none
diceaoih-1,TMA00315,CGRP-Gamma 1,False,False,False,none
dickmapd-1,TMA00315,CGRP-Eta,False,False,False,none
dicmmjdg-1,TMA00315,CGRP-Gamma 1,False,False,False,none
dicpgipo-1,TMA00315,CGRP-Gamma 1,False,False,False,none
didaodke-1,TMA00315,CGRP-Beta,False,False,False,none
diddjkjb-1,TMA00315,CGRP-Gamma 1,False,False,False,none
diphkkkc-1,TMA00315,Sst,False,False,False,none
djakmiha-1,TMA00315,CGRP-Gamma 1,False,False,False,none
djaockdb-1,TMA00315,CGRP-Beta,False,False,False,none
djbollon-1,TMA00315,CGRP-Alpha,False,False,False,none
djcakglc-1,TMA00315,C-LTMR,False,False,False,none
djcfhgii-1,TMA00315,C-LTMR,False,False,False,none
djcjjckb-1,TMA00315,CGRP-Gamma 1,False,False,False,none
djcnepbd-1,TMA00315,CGRP-Gamma 1,False,False,False,none
djcnlllg-1,TMA00315,CGRP-Beta,False,False,False,none
djcpoapl-1,TMA00315,TrpM8,False,False,False,none
djdbbdej-1,TMA00315,TrpM8,False,False,False,none
djdljpom-1,TMA00315,CGRP-Gamma 1,False,False,False,none
djdmnfle-1,TMA00315,CGRP-Alpha,False,False,False,none
djdoamca-1,TMA00315,CGRP-Gamma 1,False,False,False,none
djehjchb-1,TMA00315,CGRP-Gamma 1,False,False,False,none
djeicloc-1,TMA00315,CGRP-Gamma 1,False,False,False,none
djeipnli-1,TMA00315,CGRP-Gamma 1,False,False,False,none
djfjoibg-1,TMA00315,CGRP-Gamma 1,False,False,False,none
djfkccgc-1,TMA00315,CGRP-Alpha,False,False,False,none
djgcbhan-1,TMA00315,CGRP-Gamma 1,False,False,False,none
djgmniem-1,TMA00315,CGRP-Gamma 1,False,False,False,none
djihbang-1,TMA00315,Nonpeptidergic nociceptors,False,False,False,none
dldmblib-1,TMA00315,CGRP-Gamma 1,False,False,False,none
dldoakfh-1,TMA00315,Nonpeptidergic nociceptors,False,False,False,none
dldohekp-1,TMA00315,CGRP-Alpha,False,False,False,none
dldohkmp-1,TMA00315,Nonpeptidergic nociceptors,False,False,False,none
dleagpca-1,TMA00315,Abeta-RA-LTMR,False,False,False,none
dleanhmc-1,TMA00315,Nonpeptidergic nociceptors,False,False,False,none
dobhafja-1,TMA00315,CGRP-Theta,False,False,False,none
dobligbc-1,TMA00315,CGRP-Theta,False,False,False,none
docbhbkl-1,TMA00315,CGRP-Gamma 1,False,False,False,none
ecjpknje-1,TMA00315,Abeta-Field,False,False,False,none
eckeleee-1,TMA00315,Nonpeptidergic nociceptors,False,False,False,none
ecklnnod-1,TMA00315,CGRP-Eta,False,False,False,none
eckogbpb-1,TMA00315,CGRP-Zeta,False,False,False,none
eckpgflg-1,TMA00315,CGRP-Epsilion,False,False,False,none
ecldbopd-1,TMA00315,CGRP-Gamma 1,False,False,False,none
eclhflff-1,TMA00315,Proprioceptors,False,False,False,none
eclojnol-1,TMA00315,Abeta-RA-LTMR,False,False,False,none
ecmhfgff-1,TMA00315,CGRP-Gamma 2,False,False,False,none
ecmlmldi-1,TMA00315,CGRP-Gamma 1,False,False,False,none
ecmmoegb-1,TMA00315,CGRP-Gamma 1,False,False,False,none
ecmniabg-1,TMA00315,CGRP-Beta,False,False,False,none
ecnacbjm-1,TMA00315,CGRP-Gamma 1,False,False,False,none
ecnbjili-1,TMA00315,CGRP-Gamma 1,False,False,False,none
ecnipfon-1,TMA00315,CGRP-Gamma 1,False,False,False,none
ecnkpmon-1,TMA00315,CGRP-Eta,False,False,False,none
ecnpfmfm-1,TMA00315,CGRP-Gamma 1,False,False,False,none
ecofpbhi-1,TMA00315,CGRP-Alpha,False,False,False,none
ecojleok-1,TMA00315,CGRP-Alpha,False,False,False,none
ecokggpf-1,TMA00315,Nonpeptidergic nociceptors,False,False,False,none
ecokkcdk-1,TMA00315,Nonpeptidergic nociceptors,False,False,False,none
ecpacfjd-1,TMA00315,Nonpeptidergic nociceptors,False,False,False,none
ecpagcpa-1,TMA00315,CGRP-Gamma 1,False,False,False,none
ecpgejom-1,TMA00315,CGRP-Gamma 1,False,False,False,none
ecpiohfk-1,TMA00315,CGRP-Gamma 1,False,False,False,none
ecplckee-1,TMA00315,CGRP-Gamma 1,False,False,False,none
ecplfkmd-1,TMA00315,Nonpeptidergic nociceptors,False,False,False,none
edbikmln-1,TMA00315,CGRP-Gamma 1,False,False,False,none
edbnbfha-1,TMA00315,Adelta-LTMR,False,False,False,none
edbnomjn-1,TMA00315,Nonpeptidergic nociceptors,False,False,False,none
edcbcaia-1,TMA00315,Adelta-LTMR,False,False,False,none
edccgkhm-1,TMA00315,Adelta-LTMR,False,False,False,none
edeakoll-1,TMA00315,CGRP-Zeta,False,False,False,none
edegjlga-1,TMA00315,CGRP-Eta,False,False,False,none
edehfpkm-1,TMA00315,CGRP-Eta,False,False,False,none
edeijadl-1,TMA00315,Abeta-Field,False,False,False,none
edejkdno-1,TMA00315,Abeta-RA-LTMR,False,False,False,none
edelkkgg-1,TMA00315,Abeta-RA-LTMR,False,False,False,none
edeneoad-1,TMA00315,CGRP-Gamma 1,False,False,False,none
edfchhil-1,TMA00315,CGRP-Gamma 1,False,False,False,none
edfffhca-1,TMA00315,CGRP-Eta,False,False,False,none
edfgfhpe-1,TMA00315,CGRP-Eta,False,False,False,none
edfggbol-1,TMA00315,Abeta-RA-LTMR,False,False,False,none
edgbiapo-1,TMA00315,CGRP-Eta,False,False,False,none
edgeoond-1,TMA00315,CGRP-Gamma 2,False,False,False,none
edgholoh-1,TMA00315,CGRP-Zeta,False,False,False,none
eeeiakpl-1,TMA00315,TrpM8,False,False,False,none
eefendin-1,TMA00315,Nonpeptidergic nociceptors,False,False,False,none
eehefnia-1,TMA00315,Nonpeptidergic nociceptors,False,False,False,none
eehknemg-1,TMA00315,C-LTMR,False,False,False,none
eeikaobj-1,TMA00315,Nonpeptidergic nociceptors,False,False,False,none
eejgkmon-1,TMA00315,Nonpeptidergic nociceptors,False,False,False,none
eepomjdb-1,TMA00315,CGRP-Alpha,False,False,False,none
efboehnb-1,TMA00315,Nonpeptidergic nociceptors,False,False,False,none
efgdfhal-1,TMA00315,CGRP-Alpha,False,False,False,none
efggddjj-1,TMA00315,CGRP-Alpha,False,False,False,none
efjafefp-1,TMA00315,CGRP-Eta,False,False,False,none
ehbaeaal-1,TMA00315,Abeta-Field,False,False,False,none
ehbckkaj-1,TMA00315,Proprioceptors,False,False,False,none
ejnmgbbe-1,TMA00315,Sst,False,False,False,none
ekfdeohe-1,TMA00315,CGRP-Alpha,False,False,False,none
ekliliof-1,TMA00315,Nonpeptidergic nociceptors,False,False,False,none
eklmiaac-1,TMA00315,Nonpeptidergic nociceptors,False,False,False,none
ekmcjkdh-1,TMA00315,CGRP-Theta,False,False,False,none
ekmiahed-1,TMA00315,Sst,False,False,False,none
eknkbadi-1,TMA00315,Nonpeptidergic nociceptors,False,False,False,none
eknmihdp-1,TMA00315,Nonpeptidergic nociceptors,False,False,False,none
ekpgdmfa-1,TMA00315,C-LTMR,False,False,False,none
ekphfgad-1,TMA00315,CGRP-Eta,False,False,False,none
elbbdfdi-1,TMA00315,CGRP-Alpha,False,False,False,none
elefjchp-1,TMA00315,Adelta-LTMR,False,False,False,none
elelmako-1,TMA00315,Abeta-Field,False,False,False,none
elfaidmd-1,TMA00315,CGRP-Theta,False,False,False,none
elfhngpj-1,TMA00315,Nonpeptidergic nociceptors,False,False,False,none
elfjhlbc-1,TMA00315,CGRP-Epsilion,False,False,False,none
elgglbbd-1,TMA00315,CGRP-Epsilion,False,False,False,none
elgjffea-1,TMA00315,CGRP-Epsilion,False,False,False,none
elgjlkld-1,TMA00315,Sst,False,False,False,none
elgkhioc-1,TMA00315,CGRP-Theta,False,False,False,none
elhgobhh-1,TMA00315,CGRP-Epsilion,False,False,False,none
elhjanma-1,TMA00315,Nonpeptidergic nociceptors,False,False,False,none
elhkckhk-1,TMA00315,Adelta-LTMR,False,False,False,none
elhldaic-1,TMA00315,Nonpeptidergic nociceptors,False,False,False,none
elhlklcd-1,TMA00315,Abeta-RA-LTMR,False,False,False,none
elkaffob-1,TMA00315,Abeta-Field,False,False,False,none
ellfnbdj-1,TMA00315,Abeta-Field,False,False,False,none
ellhpefd-1,TMA00315,Nonpeptidergic nociceptors,False,False,False,none
ellnchag-1,TMA00315,Nonpeptidergic nociceptors,False,False,False,none
ellnconp-1,TMA00315,Nonpeptidergic nociceptors,False,False,False,none
elmdbchn-1,TMA00315,Nonpeptidergic nociceptors,False,False,False,none
elmdfblh-1,TMA00315,CGRP-Alpha,False,False,False,none
elmmaecj-1,TMA00315,Nonpeptidergic nociceptors,False,False,False,none
elnccnhb-1,TMA00315,C-LTMR,False,False,False,none
elnppmcl-1,TMA00315,CGRP-Theta,False,False,False,none
elodljbd-1,TMA00315,Nonpeptidergic nociceptors,False,False,False,none
elofplbh-1,TMA00315,CGRP-Theta,False,False,False,none
elpmdagm-1,TMA00315,Nonpeptidergic nociceptors,False,False,False,none
emhgnila-1,TMA00315,Nonpeptidergic nociceptors,False,False,False,none
emhhlknb-1,TMA00315,CGRP-Gamma 1,False,False,False,none
emhkooho-1,TMA00315,CGRP-Epsilion,False,False,False,none
emhlglpf-1,TMA00315,Nonpeptidergic nociceptors,False,False,False,none
emhligbc-1,TMA00315,Nonpeptidergic nociceptors,False,False,False,none
emidaikb-1,TMA00315,Nonpeptidergic nociceptors,False,False,False,none
emiglmdj-1,TMA00315,Nonpeptidergic nociceptors,False,False,False,none
emijoobh-1,TMA00315,CGRP-Eta,False,False,False,none
emiknokf-1,TMA00315,Nonpeptidergic nociceptors,False,False,False,none
emjamkag-1,TMA00315,Nonpeptidergic nociceptors,False,False,False,none
emjbejie-1,TMA00315,CGRP-Theta,False,False,False,none
emjghpeo-1,TMA00315,CGRP-Theta,False,False,False,none
emklpdnf-1,TMA00315,Proprioceptors,False,False,False,none
emlbjiaa-1,TMA00315,Proprioceptors,False,False,False,none
emlnhjll-1,TMA00315,Proprioceptors,False,False,False,none
emlpdnbh-1,TMA00315,Nonpeptidergic nociceptors,False,False,False,none
emncnijj-1,TMA00315,CGRP-Eta,False,False,False,none
emolmbbc-1,TMA00315,Sst,False,False,False,none
empddhpl-1,TMA00315,Sst,False,False,False,none
endonilf-1,TMA00315,CGRP-Eta,False,False,False,none
enelleja-1,TMA00315,C-LTMR,False,False,False,none
enifgahj-1,TMA00315,Nonpeptidergic nociceptors,False,False,False,none
enjabbdn-1,TMA00315,Nonpeptidergic nociceptors,False,False,False,none
enjfolfn-1,TMA00315,Nonpeptidergic nociceptors,False,False,False,none
enjjlmdc-1,TMA00315,Nonpeptidergic nociceptors,False,False,False,none
enjndkph-1,TMA00315,Nonpeptidergic nociceptors,False,False,False,none
enjniojh-1,TMA00315,CGRP-Theta,False,False,False,none
enkekikp-1,TMA00315,Nonpeptidergic nociceptors,False,False,False,none
enkihaje-1,TMA00315,CGRP-Alpha,False,False,False,none
enkiiiob-1,TMA00315,CGRP-Eta,False,False,False,none
enknabne-1,TMA00315,CGRP-Eta,False,False,False,none
enknligm-1,TMA00315,Nonpeptidergic nociceptors,False,False,False,none
enkopmpn-1,TMA00315,Proprioceptors,False,False,False,none
enlgbomi-1,TMA00315,CGRP-Epsilion,False,False,False,none
enlgfgdh-1,TMA00315,Nonpeptidergic nociceptors,False,False,False,none
enllkann-1,TMA00315,Nonpeptidergic nociceptors,False,False,False,none
enloamfe-1,TMA00315,CGRP-Alpha,False,False,False,none
enmcobem-1,TMA00315,Nonpeptidergic nociceptors,False,False,False,none
ennbbnkk-1,TMA00315,Nonpeptidergic nociceptors,False,False,False,none
ennkgild-1,TMA00315,CGRP-Eta,False,False,False,none
enolloda-1,TMA00315,Nonpeptidergic nociceptors,False,False,False,none
enpaeigc-1,TMA00315,CGRP-Zeta,False,False,False,none
eobffnfe-1,TMA00315,CGRP-Theta,False,False,False,none
eobgdmfh-1,TMA00315,Nonpeptidergic nociceptors,False,False,False,none
eobifbol-1,TMA00315,Proprioceptors,False,False,False,none
eobioeog-1,TMA00315,Proprioceptors,False,False,False,none
eocedkmi-1,TMA00315,Nonpeptidergic nociceptors,False,False,False,none
eoddlpih-1,TMA00315,Nonpeptidergic nociceptors,False,False,False,none
eoechnne-1,TMA00315,Nonpeptidergic nociceptors,False,False,False,none
eoenhbib-1,TMA00315,Nonpeptidergic nociceptors,False,False,False,none
eoeopigm-1,TMA00315,Abeta-RA-LTMR,False,False,False,none
eofabeob-1,TMA00315,CGRP-Alpha,False,False,False,none
eofbnipi-1,TMA00315,Abeta-RA-LTMR,False,False,False,none
eofeifki-1,TMA00315,CGRP-Epsilion,False,False,False,none
eofelkcd-1,TMA00315,CGRP-Epsilion,False,False,False,none
eofgcaip-1,TMA00315,Nonpeptidergic nociceptors,False,False,False,none
eofhkjha-1,TMA00315,Nonpeptidergic nociceptors,False,False,False,none
eogfbbbi-1,TMA00315,C-LTMR,False,False,False,none
eogincdi-1,TMA00315,Abeta-RA-LTMR,False,False,False,none
eogobnnn-1,TMA00315,Nonpeptidergic nociceptors,False,False,False,none
eoichogc-1,TMA00315,C-LTMR,False,False,False,none
eoilnmig-1,TMA00315,CGRP-Theta,False,False,False,none
eoioahcp-1,TMA00315,Nonpeptidergic nociceptors,False,False,False,none
eojcbneb-1,TMA00315,CGRP-Theta,False,False,False,none
eojgicdp-1,TMA00315,Nonpeptidergic nociceptors,False,False,False,none
eojlgffn-1,TMA00315,Abeta-Field,False,False,False,none
eojncpfd-1,TMA00315,C-LTMR,False,False,False,none
eojnhogb-1,TMA00315,CGRP-Alpha,False,False,False,none
eokgehhj-1,TMA00315,Proprioceptors,False,False,False,none
eokgojhk-1,TMA00315,TrpM8,False,False,False,none
eokkoole-1,TMA00315,Nonpeptidergic nociceptors,False,False,False,none
eokpkpcn-1,TMA00315,Nonpeptidergic nociceptors,False,False,False,none
eolcackp-1,TMA00315,Nonpeptidergic nociceptors,False,False,False,none
eolckhcj-1,TMA00315,Nonpeptidergic nociceptors,False,False,False,none
eolmmgml-1,TMA00315,CGRP-Eta,False,False,False,none
eomhpppg-1,TMA00315,Nonpeptidergic nociceptors,False,False,False,none
eomkbadh-1,TMA00315,Nonpeptidergic nociceptors,False,False,False,none
eonkbpcd-1,TMA00315,CGRP-Eta,False,False,False,none
eonlbggb-1,TMA00315,CGRP-Eta,False,False,False,none
eoooocel-1,TMA00315,Abeta-Field,False,False,False,none
eopcnpbk-1,TMA00315,CGRP-Alpha,False,False,False,none
epahdgde-1,TMA00315,CGRP-Theta,False,False,False,none
epajpbmj-1,TMA00315,Nonpeptidergic nociceptors,False,False,False,none
epakkfkh-1,TMA00315,Nonpeptidergic nociceptors,False,False,False,none
epaoojng-1,TMA00315,Sst,False,False,False,none
epbafjfd-1,TMA00315,CGRP-Alpha,False,False,False,none
epbdinap-1,TMA00315,Sst,False,False,False,none
epbgkhbn-1,TMA00315,CGRP-Theta,False,False,False,none
epcbcbjd-1,TMA00315,Abeta-Field,False,False,False,none
epcflcjo-1,TMA00315,C-LTMR,False,False,False,none
epckfoij-1,TMA00315,Sst,False,False,False,none
epdipopa-1,TMA00315,CGRP-Zeta,False,False,False,none
epedhfcl-1,TMA00315,Nonpeptidergic nociceptors,False,False,False,none
epejjahh-1,TMA00315,CGRP-Eta,False,False,False,none
epekaeoa-1,TMA00315,Nonpeptidergic nociceptors,False,False,False,none
epekocep-1,TMA00315,Nonpeptidergic nociceptors,False,False,False,none
epfmddcm-1,TMA00315,CGRP-Alpha,False,False,False,none
epgamkde-1,TMA00315,Nonpeptidergic nociceptors,False,False,False,none
epgbjecb-1,TMA00315,CGRP-Epsilion,False,False,False,none
epjjijnh-1,TMA00315,CGRP-Eta,False,False,False,none
epkonpbn-1,TMA00315,CGRP-Gamma 1,False,False,False,none
epkplpgh-1,TMA00315,TrpM8,False,False,False,none
epllelol-1,TMA00315,TrpM8,False,False,False,none
epmojdef-1,TMA00315,CGRP-Gamma 1,False,False,False,none
epopdjoe-1,TMA00315,Nonpeptidergic nociceptors,False,False,False,none
eppnifmn-1,TMA00315,Sst,False,False,False,none
faafgbdd-1,TMA00315,Sst,False,False,False,none
fabhojid-1,TMA00315,Nonpeptidergic nociceptors,False,False,False,none
fabjgjjg-1,TMA00315,CGRP-Alpha,False,False,False,none
fachoken-1,TMA00315,Sst,False,False,False,none
facjkgak-1,TMA00315,CGRP-Eta,False,False,False,none
facpgalo-1,TMA00315,CGRP-Eta,False,False,False,none
fadlfabc-1,TMA00315,CGRP-Eta,False,False,False,none
faecfgcl-1,TMA00315,TrpM8,False,False,False,none
faekoipp-1,TMA00315,CGRP-Epsilion,False,False,False,none
faenmain-1,TMA00315,Nonpeptidergic nociceptors,False,False,False,none
faeocjpj-1,TMA00315,Nonpeptidergic nociceptors,False,False,False,none
fafdmmpm-1,TMA00315,Abeta-Field,False,False,False,none
fafekdcm-1,TMA00315,CGRP-Alpha,False,False,False,none
fagfhpoe-1,TMA00315,C-LTMR,False,False,False,none
fahnnpfj-1,TMA00315,Nonpeptidergic nociceptors,False,False,False,none
faifimmm-1,TMA00315,CGRP-Theta,False,False,False,none
faihklnn-1,TMA00315,Nonpeptidergic nociceptors,False,False,False,none
faipmaod-1,TMA00315,Nonpeptidergic nociceptors,False,False,False,none
faipnfea-1,TMA00315,Nonpeptidergic nociceptors,False,False,False,none
falcofmo-1,TMA00315,CGRP-Alpha,False,False,False,none
falkenfb-1,TMA00315,Nonpeptidergic nociceptors,False,False,False,none
fanikflb-1,TMA00315,CGRP-Gamma 1,False,False,False,none
fbablmgj-1,TMA00315,Sst,False,False,False,none
fbaefdfm-1,TMA00315,Proprioceptors,True,False,False,EGFP_Seq1_hi
fbagankd-1,TMA00315,CGRP-Zeta,False,False,False,none
fbapdoaa-1,TMA00315,Nonpeptidergic nociceptors,False,False,False,none
fbbiagah-1,TMA00315,CGRP-Eta,False,False,False,none
fbdfgima-1,TMA00315,Nonpeptidergic nociceptors,False,False,False,none
fbekdhfk-1,TMA00315,Proprioceptors,False,False,False,none
fbemckdc-1,TMA00315,Nonpeptidergic nociceptors,False,False,False,none
fbemhdme-1,TMA00315,TrpM8,False,False,False,none
fbfekhpa-1,TMA00315,Nonpeptidergic nociceptors,False,False,False,none
fbfphmcn-1,TMA00315,Abeta-RA-LTMR,False,False,False,none
fbgdlenn-1,TMA00315,Abeta-Field,False,False,False,none
fbiolnpj-1,TMA00315,Nonpeptidergic nociceptors,False,False,False,none
fbjbcbke-1,TMA00315,CGRP-Alpha,False,False,False,none
fbjgihbj-1,TMA00315,C-LTMR,False,False,False,none
fbjldohm-1,TMA00315,Sst,False,False,False,none
fbjljakg-1,TMA00315,CGRP-Theta,False,False,False,none
fbkaekol-1,TMA00315,Sst,False,False,False,none
fbkahldl-1,TMA00315,Sst,False,False,False,none
fbkbmgap-1,TMA00315,Sst,False,False,False,none
fcjonajo-1,TMA00315,Nonpeptidergic nociceptors,False,False,False,none
fckbnnpe-1,TMA00315,C-LTMR,False,False,False,none
fckdnogd-1,TMA00315,Nonpeptidergic nociceptors,False,False,False,none
fckhdfae-1,TMA00315,Nonpeptidergic nociceptors,False,False,False,none
fckhpcdc-1,TMA00315,C-LTMR,False,False,False,none
fckiapeb-1,TMA00315,Nonpeptidergic nociceptors,False,False,False,none
fcknkgic-1,TMA00315,CGRP-Theta,False,False,False,none
fcldhmpe-1,TMA00315,TrpM8,False,False,False,none
fcldmnim-1,TMA00315,CGRP-Zeta,False,False,False,none
fcldpjng-1,TMA00315,TrpM8,False,False,False,none
fcmjdjka-1,TMA00315,CGRP-Gamma 1,False,False,False,none
fcmlcbam-1,TMA00315,Sst,False,False,False,none
fcncchde-1,TMA00315,CGRP-Alpha,False,False,False,none
fcpfddla-1,TMA00315,TrpM8,False,False,False,none
fcpkamop-1,TMA00315,TrpM8,False,False,False,none
fcpkiifh-1,TMA00315,Nonpeptidergic nociceptors,False,False,False,none
fcpkledm-1,TMA00315,TrpM8,False,False,False,none
fcpobnpb-1,TMA00315,CGRP-Theta,False,False,False,none
fdagpigj-1,TMA00315,C-LTMR,False,False,False,none
fdahohcp-1,TMA00315,Nonpeptidergic nociceptors,False,False,False,none
fdajpgmm-1,TMA00315,C-LTMR,False,False,False,none
fdbcgdjn-1,TMA00315,Nonpeptidergic nociceptors,False,False,False,none
fdbcopcg-1,TMA00315,Nonpeptidergic nociceptors,False,False,False,none
fdbdpkan-1,TMA00315,Nonpeptidergic nociceptors,False,False,False,none
fdbhggkf-1,TMA00315,Nonpeptidergic nociceptors,False,False,False,none
fdbkifbm-1,TMA00315,CGRP-Theta,False,False,False,none
fdcaiemo-1,TMA00315,CGRP-Theta,False,False,False,none
fdccckhj-1,TMA00315,Nonpeptidergic nociceptors,False,False,False,none
fdclfcbg-1,TMA00315,Sst,False,False,False,none
fdcoaijc-1,TMA00315,CGRP-Eta,False,False,False,none
fdcoijjj-1,TMA00315,Sst,False,False,False,none
fdecaggc-1,TMA00315,Nonpeptidergic nociceptors,False,False,False,none
fdejmfbo-1,TMA00315,Nonpeptidergic nociceptors,False,False,False,none
fdekimed-1,TMA00315,CGRP-Eta,False,False,False,none
fdfakfak-1,TMA00315,Sst,False,False,False,none
fdfiehbc-1,TMA00315,Sst,False,False,False,none
fdlpieli-1,TMA00315,Proprioceptors,False,False,False,none
fdoppamf-1,TMA00315,Sst,False,False,False,none
febepjhc-1,TMA00315,Sst,False,False,False,none
feblffhg-1,TMA00315,CGRP-Alpha,False,False,False,none
fecdehai-1,TMA00315,CGRP-Beta,False,False,False,none
feffmlld-1,TMA00315,CGRP-Eta,False,False,False,none
fehchcco-1,TMA00315,CGRP-Eta,False,False,False,none
fehekgdn-1,TMA00315,Nonpeptidergic nociceptors,False,False,False,none
feheokji-1,TMA00315,CGRP-Theta,False,False,False,none
fehnhpmb-1,TMA00315,TrpM8,False,False,False,none
fehpejbn-1,TMA00315,Sst,False,False,False,none
feiabdlf-1,TMA00315,CGRP-Epsilion,False,False,False,none
feipemca-1,TMA00315,Nonpeptidergic nociceptors,False,False,False,none
fejbpphe-1,TMA00315,CGRP-Eta,False,False,False,none
fejfkkgb-1,TMA00315,Nonpeptidergic nociceptors,False,False,False,none
fejoaflp-1,TMA00315,CGRP-Gamma 2,False,False,False,none
fejojhln-1,TMA00315,Sst,False,False,False,none
fekmemjm-1,TMA00315,CGRP-Alpha,False,False,False,none
feknfjad-1,TMA00315,Sst,False,False,False,none
fekpdneb-1,TMA00315,CGRP-Gamma 1,False,False,False,none
feldokki-1,TMA00315,CGRP-Gamma 1,False,False,False,none
feopgbmi-1,TMA00315,Nonpeptidergic nociceptors,False,False,False,none
fepbchhb-1,TMA00315,CGRP-Theta,False,False,False,none
fepednod-1,TMA00315,CGRP-Gamma 1,False,False,False,none
fepffmmj-1,TMA00315,Proprioceptors,False,False,False,none
fepffpba-1,TMA00315,Proprioceptors,False,False,False,none
fepgffah-1,TMA00315,CGRP-Gamma 1,False,False,False,none
fepgllgi-1,TMA00315,Sst,False,False,False,none
fepimajf-1,TMA00315,Nonpeptidergic nociceptors,False,False,False,none
fepjomhj-1,TMA00315,TrpM8,False,False,False,none
ffacdkbe-1,TMA00315,Proprioceptors,False,False,False,none
ffaefbff-1,TMA00315,Abeta-RA-LTMR,False,False,False,none
ffaiihpg-1,TMA00315,Abeta-Field,False,False,False,none
ffakjdlc-1,TMA00315,CGRP-Zeta,False,False,False,none
ffanhhcb-1,TMA00315,Proprioceptors,False,False,False,none
ffaplepj-1,TMA00315,Abeta-RA-LTMR,False,False,False,none
ffbaipbd-1,TMA00315,Proprioceptors,False,False,False,none
ffbhdgab-1,TMA00315,CGRP-Gamma 1,False,False,False,none
ffbkhdbf-1,TMA00315,CGRP-Zeta,False,False,False,none
ffemmhji-1,TMA00315,CGRP-Alpha,False,False,False,none
ffenoghn-1,TMA00315,CGRP-Gamma 1,False,False,False,none
fffonncg-1,TMA00315,Nonpeptidergic nociceptors,False,False,False,none
ffgedbdl-1,TMA00315,Nonpeptidergic nociceptors,False,False,False,none
ffijopcn-1,TMA00315,TrpM8,False,False,False,none
ffmcdhfb-1,TMA00315,Nonpeptidergic nociceptors,False,False,False,none
ffoikjnk-1,TMA00315,Nonpeptidergic nociceptors,False,False,False,none
ffomfgni-1,TMA00315,CGRP-Zeta,False,False,False,none
ffpocbhg-1,TMA00315,CGRP-Eta,False,False,False,none
ffpoilco-1,TMA00315,CGRP-Eta,False,False,False,none
ffpphccf-1,TMA00315,Sst,False,False,False,none
ffppnpic-1,TMA00315,Nonpeptidergic nociceptors,False,False,False,none
fgadjfpi-1,TMA00315,Sst,False,False,False,none
fgbilpfl-1,TMA00315,Nonpeptidergic nociceptors,False,False,False,none
fgdcangf-1,TMA00315,C-LTMR,False,False,False,none
fgdgmnnh-1,TMA00315,Nonpeptidergic nociceptors,False,False,False,none
fgdogphj-1,TMA00315,CGRP-Eta,False,False,False,none
fghjjmhk-1,TMA00315,Sst,False,False,False,none
fghkkkhb-1,TMA00315,Nonpeptidergic nociceptors,False,False,False,none
fghnblha-1,TMA00315,Nonpeptidergic nociceptors,False,False,False,none
fghnifoa-1,TMA00315,CGRP-Eta,False,False,False,none
fgijmjhn-1,TMA00315,Nonpeptidergic nociceptors,False,False,False,none
fgilfmod-1,TMA00315,CGRP-Epsilion,False,False,False,none
fgimdngg-1,TMA00315,Nonpeptidergic nociceptors,False,False,False,none
fginhamj-1,TMA00315,TrpM8,False,False,False,none
fgiocmik-1,TMA00315,Abeta-Field,False,False,False,none
fgiololi-1,TMA00315,CGRP-Alpha,False,False,False,none
fgkjmnnk-1,TMA00315,CGRP-Gamma 1,False,False,False,none
fgkoiiob-1,TMA00315,CGRP-Alpha,False,False,False,none
fglajlde-1,TMA00315,Nonpeptidergic nociceptors,False,False,False,none
fglaocal-1,TMA00315,Proprioceptors,False,False,False,none
fglcfiac-1,TMA00315,Nonpeptidergic nociceptors,False,False,False,none
fglfhcjb-1,TMA00315,CGRP-Alpha,False,False,False,none
fglhjkog-1,TMA00315,Sst,False,False,False,none
fglmlcel-1,TMA00315,Nonpeptidergic nociceptors,False,False,False,none
fgloobfj-1,TMA00315,CGRP-Epsilion,False,False,False,none
fgmdmlak-1,TMA00315,C-LTMR,False,False,False,none
fhaiojec-1,TMA00315,Nonpeptidergic nociceptors,False,False,False,none
fhdpgpib-1,TMA00315,CGRP-Zeta,False,False,False,none
fheohlcj-1,TMA00315,CGRP-Alpha,False,False,False,none
fhifdlkg-1,TMA00315,CGRP-Zeta,False,False,False,none
fhihehhi-1,TMA00315,Nonpeptidergic nociceptors,False,False,False,none
fhijgdoc-1,TMA00315,Sst,False,False,False,none
fhiklfab-1,TMA00315,Nonpeptidergic nociceptors,False,False,False,none
fhilmdeb-1,TMA00315,CGRP-Theta,False,False,False,none
fhjaalnm-1,TMA00315,Nonpeptidergic nociceptors,False,False,False,none
fhjbcjcg-1,TMA00315,CGRP-Theta,False,False,False,none
fhjcolaa-1,TMA00315,Nonpeptidergic nociceptors,False,False,False,none
fhjdhckk-1,TMA00315,CGRP-Theta,False,False,False,none
fhjdigdc-1,TMA00315,CGRP-Epsilion,False,False,False,none
fhjdkogd-1,TMA00315,Abeta-RA-LTMR,False,False,False,none
fhjeehoo-1,TMA00315,Nonpeptidergic nociceptors,False,False,False,none
fhjhageg-1,TMA00315,Nonpeptidergic nociceptors,False,False,False,none
fhkkllig-1,TMA00315,CGRP-Alpha,False,False,False,none
fhkohlcf-1,TMA00315,CGRP-Alpha,False,False,False,none
fhlbbend-1,TMA00315,Nonpeptidergic nociceptors,False,False,False,none
fhlchank-1,TMA00315,Proprioceptors,False,False,False,none
fhlmcopf-1,TMA00315,CGRP-Eta,False,False,False,none
fhlnoaci-1,TMA00315,CGRP-Eta,False,False,False,none
fhmbfofp-1,TMA00315,CGRP-Theta,False,False,False,none
fhmgnifn-1,TMA00315,CGRP-Alpha,False,False,False,none
fibamneg-1,TMA00315,Abeta-RA-LTMR,False,False,False,none
fibdopfl-1,TMA00315,Abeta-RA-LTMR,False,False,False,none
fibilgme-1,TMA00315,CGRP-Theta,False,False,False,none
fibjabha-1,TMA00315,CGRP-Theta,False,False,False,none
fibkemgj-1,TMA00315,CGRP-Theta,False,False,False,none
fibnkpmf-1,TMA00315,Nonpeptidergic nociceptors,False,False,False,none
ficaimcf-1,TMA00315,C-LTMR,False,False,False,none
ficdkdfb-1,TMA00315,CGRP-Theta,False,False,False,none
ficobcha-1,TMA00315,CGRP-Eta,False,False,False,none
fiddjmab-1,TMA00315,Nonpeptidergic nociceptors,False,False,False,none
finhffdg-1,TMA00315,Nonpeptidergic nociceptors,False,False,False,none
fjdpadfo-1,TMA00315,Nonpeptidergic nociceptors,False,False,False,none
fjfbnjlc-1,TMA00315,Nonpeptidergic nociceptors,False,False,False,none
fjfdlmkh-1,TMA00315,Adelta-LTMR,False,False,False,none
fjfnladp-1,TMA00315,Nonpeptidergic nociceptors,False,False,False,none
fkihmbmf-1,TMA00315,Nonpeptidergic nociceptors,False,False,False,none
fkijnidh-1,TMA00315,CGRP-Zeta,False,False,False,none
fkjanfgm-1,TMA00315,Nonpeptidergic nociceptors,False,False,False,none
fkjekinb-1,TMA00315,Sst,False,False,False,none
fkkeohie-1,TMA00315,Nonpeptidergic nociceptors,False,False,False,none
fkkiklcj-1,TMA00315,Nonpeptidergic nociceptors,False,False,False,none
fklbhhaj-1,TMA00315,CGRP-Zeta,False,False,False,none
fklckobc-1,TMA00315,TrpM8,False,False,False,none
fklfaake-1,TMA00315,Sst,False,False,False,none
fkmbebge-1,TMA00315,C-LTMR,False,False,False,none
fkmkpkim-1,TMA00315,Sst,False,False,False,none
fkmlaiok-1,TMA00315,Sst,False,False,False,none
fkmmagpk-1,TMA00315,TrpM8,False,False,False,none
fkmppbpm-1,TMA00315,CGRP-Alpha,False,False,False,none
fkneacgf-1,TMA00315,Nonpeptidergic nociceptors,False,False,False,none
fkngofgh-1,TMA00315,CGRP-Eta,False,False,False,none
fknhnloi-1,TMA00315,Sst,False,False,False,none
flaapfjd-1,TMA00315,Proprioceptors,False,False,False,none
flakhmop-1,TMA00315,Nonpeptidergic nociceptors,False,False,False,none
flaonkkp-1,TMA00315,Sst,False,False,False,none
flaoohae-1,TMA00315,Sst,False,False,False,none
flbaaedk-1,TMA00315,Sst,False,False,False,none
flbbgpnn-1,TMA00315,Proprioceptors,False,False,False,none
flbhcnhg-1,TMA00315,Sst,False,False,False,none
flccnoag-1,TMA00315,Nonpeptidergic nociceptors,False,False,False,none
flddkbka-1,TMA00315,Nonpeptidergic nociceptors,False,False,False,none
flemnhja-1,TMA00315,Nonpeptidergic nociceptors,False,False,False,none
flephfon-1,TMA00315,Nonpeptidergic nociceptors,False,False,False,none
flfmggfp-1,TMA00315,Nonpeptidergic nociceptors,False,False,False,none
flfmnpoh-1,TMA00315,CGRP-Epsilion,False,False,False,none
flfohklf-1,TMA00315,Nonpeptidergic nociceptors,False,False,False,none
flmicpcn-1,TMA00315,Nonpeptidergic nociceptors,False,False,False,none
flmiehpj-1,TMA00315,Nonpeptidergic nociceptors,False,False,False,none
flmkcbhj-1,TMA00315,CGRP-Gamma 1,False,False,False,none
flnajiij-1,TMA00315,Nonpeptidergic nociceptors,False,False,False,none
flnehpnd-1,TMA00315,CGRP-Zeta,False,False,False,none
flnglhbc-1,TMA00315,CGRP-Zeta,False,False,False,none
flnlhagb-1,TMA00315,Abeta-Field,False,False,False,none
flnopoca-1,TMA00315,Nonpeptidergic nociceptors,False,False,False,none
flnpmaco-1,TMA00315,C-LTMR,False,False,False,none
flobicoo-1,TMA00315,Nonpeptidergic nociceptors,False,False,False,none
flokeehi-1,TMA00315,CGRP-Zeta,False,False,False,none
flonkljf-1,TMA00315,Nonpeptidergic nociceptors,False,False,False,none
flpbioca-1,TMA00315,Nonpeptidergic nociceptors,False,False,False,none
flpdheeo-1,TMA00315,Nonpeptidergic nociceptors,False,False,False,none
fmaldlbl-1,TMA00315,CGRP-Gamma 1,False,False,False,none
fmaohiml-1,TMA00315,Nonpeptidergic nociceptors,False,False,False,none
fmbanofk-1,TMA00315,CGRP-Zeta,False,False,False,none
fmbckfja-1,TMA00315,Nonpeptidergic nociceptors,False,False,False,none
fmdfomjo-1,TMA00315,Nonpeptidergic nociceptors,False,False,False,none
fmeifafn-1,TMA00315,Nonpeptidergic nociceptors,False,False,False,none
fmekiloe-1,TMA00315,CGRP-Theta,False,False,False,none
fmepfdpb-1,TMA00315,CGRP-Alpha,False,False,False,none
fmfdbahi-1,TMA00315,Nonpeptidergic nociceptors,False,False,False,none
fmfenhdf-1,TMA00315,Nonpeptidergic nociceptors,False,False,False,none
fmfjpbha-1,TMA00315,CGRP-Epsilion,False,False,False,none
fmflianp-1,TMA00315,Nonpeptidergic nociceptors,False,False,False,none
fmgambii-1,TMA00315,C-LTMR,False,False,False,none
fmgapilj-1,TMA00315,Nonpeptidergic nociceptors,False,False,False,none
fmglgfcp-1,TMA00315,Nonpeptidergic nociceptors,False,False,False,none
fmgmlpdo-1,TMA00315,CGRP-Alpha,False,False,False,none
fmgnimfd-1,TMA00315,CGRP-Theta,False,False,False,none
fmhomekk-1,TMA00315,CGRP-Theta,False,False,False,none
fmiadphh-1,TMA00315,CGRP-Theta,False,False,False,none
fmjjacli-1,TMA00315,CGRP-Theta,False,False,False,none
fmjnjdim-1,TMA00315,Nonpeptidergic nociceptors,False,False,False,none
fmjodoob-1,TMA00315,Nonpeptidergic nociceptors,False,False,False,none
fmkgflap-1,TMA00315,Nonpeptidergic nociceptors,False,False,False,none
fmkigoih-1,TMA00315,C-LTMR,False,False,False,none
fmklbeem-1,TMA00315,Nonpeptidergic nociceptors,False,False,False,none
fmkolflf-1,TMA00315,Nonpeptidergic nociceptors,False,False,False,none
fmlfcepg-1,TMA00315,Sst,False,False,False,none
fmlpeagn-1,TMA00315,Nonpeptidergic nociceptors,False,False,False,none
fmmgpppm-1,TMA00315,Sst,False,False,False,none
fmmjgnkh-1,TMA00315,Sst,False,False,False,none
fmnanhca-1,TMA00315,Abeta-Field,False,False,False,none
fmnddokm-1,TMA00315,Nonpeptidergic nociceptors,False,False,False,none
fmphcnei-1,TMA00315,Nonpeptidergic nociceptors,False,False,False,none
fmpjgibg-1,TMA00315,Nonpeptidergic nociceptors,False,False,False,none
fmplpgja-1,TMA00315,Nonpeptidergic nociceptors,False,False,False,none
fnaehdfg-1,TMA00315,Nonpeptidergic nociceptors,False,False,False,none
fnahkpgd-1,TMA00315,Abeta-Field,False,False,False,none
fnbajpkj-1,TMA00315,Sst,False,False,False,none
fnbjpdia-1,TMA00315,Nonpeptidergic nociceptors,False,False,False,none
fnblmkfa-1,TMA00315,Sst,False,False,False,none
fnclghao-1,TMA00315,Nonpeptidergic nociceptors,False,False,False,none
fndidcla-1,TMA00315,C-LTMR,False,False,False,none
fndikdch-1,TMA00315,C-LTMR,False,False,False,none
fndnoene-1,TMA00315,Proprioceptors,False,False,False,none
fnebelhk-1,TMA00315,Sst,False,False,False,none
fnegbnim-1,TMA00315,Abeta-Field,False,False,False,none
fneicppg-1,TMA00315,CGRP-Theta,False,False,False,none
fneijngh-1,TMA00315,Nonpeptidergic nociceptors,False,False,False,none
fnejjfkf-1,TMA00315,Sst,False,False,False,none
fnfcndai-1,TMA00315,Nonpeptidergic nociceptors,False,False,False,none
fnhckmep-1,TMA00315,CGRP-Zeta,False,False,False,none
fpbkijhb-1,TMA00315,CGRP-Alpha,False,False,False,none
fpbpoahh-1,TMA00315,Abeta-RA-LTMR,False,False,False,none
fpcaimof-1,TMA00315,Proprioceptors,False,False,False,none
fpcfdcek-1,TMA00315,Nonpeptidergic nociceptors,False,False,False,none
fpchoaod-1,TMA00315,Nonpeptidergic nociceptors,False,False,False,none
fpckaiph-1,TMA00315,Proprioceptors,False,False,False,none
fpcocgna-1,TMA00315,Proprioceptors,False,False,False,none
fpdefdgn-1,TMA00315,Nonpeptidergic nociceptors,False,False,False,none
fpdiefjc-1,TMA00315,CGRP-Alpha,False,False,False,none
fpdkecae-1,TMA00315,Nonpeptidergic nociceptors,False,False,False,none
fpdmehbf-1,TMA00315,CGRP-Theta,False,False,False,none
fpeegmbg-1,TMA00315,Proprioceptors,False,False,False,none
fpfcpleb-1,TMA00315,Adelta-LTMR,False,False,False,none
fpfjpdph-1,TMA00315,Nonpeptidergic nociceptors,False,False,False,none
fpfnlgmm-1,TMA00315,Abeta-Field,False,False,False,none
fpgdbaaf-1,TMA00315,Nonpeptidergic nociceptors,False,False,False,none
fpgljphk-1,TMA00315,Nonpeptidergic nociceptors,False,False,False,none
fphbeodo-1,TMA00315,Nonpeptidergic nociceptors,False,False,False,none
fpilacca-1,TMA00315,CGRP-Gamma 1,False,False,False,none
fpilmjgk-1,TMA00315,Abeta-Field,False,False,False,none
fpimjjie-1,TMA00315,Abeta-RA-LTMR,False,False,False,none
fpimpnma-1,TMA00315,CGRP-Epsilion,False,False,False,none
fpiodljg-1,TMA00315,Abeta-Field,False,False,False,none
fpjgagpi-1,TMA00315,Nonpeptidergic nociceptors,False,False,False,none
fpjnpgoa-1,TMA00315,CGRP-Zeta,False,False,False,none
fpkkjfhg-1,TMA00315,CGRP-Eta,False,False,False,none
fpkkjgof-1,TMA00315,Proprioceptors,False,False,False,none
fpkmedif-1,TMA00315,Abeta-Field,False,False,False,none
fpkpncoo-1,TMA00315,CGRP-Eta,False,False,False,none
fpleapmo-1,TMA00315,CGRP-Eta,False,False,False,none
fplelgfm-1,TMA00315,Nonpeptidergic nociceptors,False,False,False,none
fplmgcfb-1,TMA00315,CGRP-Eta,False,False,False,none
fpmadcdf-1,TMA00315,CGRP-Eta,False,False,False,none
fpmbiidc-1,TMA00315,CGRP-Theta,False,False,False,none
fpmdafmn-1,TMA00315,CGRP-Eta,False,False,False,none
fpmnejhm-1,TMA00315,Abeta-Field,False,False,False,none
fpndfdee-1,TMA00315,C-LTMR,False,False,False,none
fpobogkk-1,TMA00315,Nonpeptidergic nociceptors,False,False,False,none
fpodkimc-1,TMA00315,CGRP-Theta,False,False,False,none
fpohfjga-1,TMA00315,CGRP-Theta,False,False,False,none
fpojcekb-1,TMA00315,CGRP-Theta,False,False,False,none
fppcggpj-1,TMA00315,CGRP-Theta,False,False,False,none
fppeadla-1,TMA00315,Nonpeptidergic nociceptors,False,False,False,none
fppoapmd-1,TMA00315,CGRP-Epsilion,False,False,False,none
fppoioah-1,TMA00315,Nonpeptidergic nociceptors,False,False,False,none
gaahdkio-1,TMA00315,Nonpeptidergic nociceptors,False,False,False,none
gaaiggcl-1,TMA00315,CGRP-Eta,False,False,False,none
gaaoepdp-1,TMA00315,Proprioceptors,False,False,False,none
gabflioj-1,TMA00315,Sst,False,False,False,none
gabfneaa-1,TMA00315,Sst,False,False,False,none
gablgdal-1,TMA00315,Nonpeptidergic nociceptors,False,False,False,none
gabnonmm-1,TMA00315,Proprioceptors,False,False,False,none
gabobjmp-1,TMA00315,CGRP-Epsilion,False,False,False,none
gabphahb-1,TMA00315,CGRP-Epsilion,False,False,False,none
gaccpdhl-1,TMA00315,Nonpeptidergic nociceptors,False,False,False,none
gackpohp-1,TMA00315,Nonpeptidergic nociceptors,False,False,False,none
gaclnfbe-1,TMA00315,Nonpeptidergic nociceptors,False,False,False,none
gacmpmmm-1,TMA00315,Nonpeptidergic nociceptors,False,False,False,none
gacnnlio-1,TMA00315,CGRP-Zeta,False,False,False,none
gadbochh-1,TMA00315,Nonpeptidergic nociceptors,False,False,False,none
gaddhbma-1,TMA00315,Nonpeptidergic nociceptors,False,False,False,none
gaeakmap-1,TMA00315,Nonpeptidergic nociceptors,False,False,False,none
gaedhkbn-1,TMA00315,CGRP-Epsilion,False,False,False,none
gaegehgj-1,TMA00315,Abeta-Field,False,False,False,none
gaelnpci-1,TMA00315,Nonpeptidergic nociceptors,False,False,False,none
gaenmigg-1,TMA00315,CGRP-Zeta,False,False,False,none
gaeolifn-1,TMA00315,C-LTMR,False,False,False,none
gafbgnfj-1,TMA00315,C-LTMR,False,False,False,none
gafcihfl-1,TMA00315,Nonpeptidergic nociceptors,False,False,False,none
gafdanha-1,TMA00315,C-LTMR,False,False,False,none
gaggcmjl-1,TMA00315,Nonpeptidergic nociceptors,False,False,False,none
gagjajak-1,TMA00315,C-LTMR,False,False,False,none
gakdgldc-1,TMA00315,CGRP-Alpha,False,False,False,none
gakldpih-1,TMA00315,Proprioceptors,False,False,False,none
galceakp-1,TMA00315,Nonpeptidergic nociceptors,False,False,False,none
galfgdol-1,TMA00315,Nonpeptidergic nociceptors,False,False,False,none
galgfaci-1,TMA00315,CGRP-Gamma 1,False,False,False,none
galpcafb-1,TMA00315,CGRP-Alpha,False,False,False,none
gamabhhg-1,TMA00315,Proprioceptors,False,False,False,none
gamcdjpi-1,TMA00315,Abeta-RA-LTMR,False,False,False,none
gamhnojp-1,TMA00315,Proprioceptors,False,False,False,none
gamkfadn-1,TMA00315,Nonpeptidergic nociceptors,False,False,False,none
gbepmifa-1,TMA00315,Proprioceptors,False,False,False,none
gbgmicmg-1,TMA00315,Sst,False,False,False,none
gbhfefip-1,TMA00315,CGRP-Epsilion,False,False,False,none
gbhhelai-1,TMA00315,Nonpeptidergic nociceptors,False,False,False,none
gbhncgga-1,TMA00315,Sst,False,False,False,none
gbiachok-1,TMA00315,CGRP-Alpha,False,False,False,none
gbieiofm-1,TMA00315,Nonpeptidergic nociceptors,False,False,False,none
gbiemfkk-1,TMA00315,CGRP-Epsilion,False,False,False,none
gbijgjpl-1,TMA00315,Nonpeptidergic nociceptors,False,False,False,none
gbjhdogp-1,TMA00315,C-LTMR,False,False,False,none
gbjldian-1,TMA00315,C-LTMR,False,False,False,none
gbpffgpe-1,TMA00315,C-LTMR,False,False,False,none
gcagmfeg-1,TMA00315,Nonpeptidergic nociceptors,False,False,False,none
gcahmjjp-1,TMA00315,Nonpeptidergic nociceptors,False,False,False,none
gcaimajc-1,TMA00315,Nonpeptidergic nociceptors,False,False,False,none
gcaipaol-1,TMA00315,Sst,False,False,False,none
gcenfkje-1,TMA00315,Abeta-RA-LTMR,False,False,False,none
gcfkpbbk-1,TMA00315,CGRP-Gamma 1,False,False,False,none
gcgeiibf-1,TMA00315,Abeta-RA-LTMR,False,False,False,none
gcgljnag-1,TMA00315,C-LTMR,False,False,False,none
gcjcmamj-1,TMA00315,Proprioceptors,False,False,False,none
gckfonek-1,TMA00315,Proprioceptors,False,False,False,none
gckicfmg-1,TMA00315,Proprioceptors,False,False,False,none
gddnfmbl-1,TMA00315,Sst,False,False,False,none
gdjjodgj-1,TMA00315,CGRP-Theta,False,False,False,none
gdkfacge-1,TMA00315,CGRP-Epsilion,False,False,False,none
gdlipgki-1,TMA00315,Nonpeptidergic nociceptors,False,False,False,none
gdlmldmh-1,TMA00315,CGRP-Zeta,False,False,False,none
gdlnjnkc-1,TMA00315,Nonpeptidergic nociceptors,False,False,False,none
gdmakjfi-1,TMA00315,CGRP-Zeta,False,False,False,none
gdmegami-1,TMA00315,Nonpeptidergic nociceptors,False,False,False,none
gdmgnocp-1,TMA00315,Nonpeptidergic nociceptors,False,False,False,none
gdmhjlei-1,TMA00315,Nonpeptidergic nociceptors,False,False,False,none
gdmibkja-1,TMA00315,CGRP-Theta,False,False,False,none
gdmicooa-1,TMA00315,CGRP-Zeta,False,False,False,none
gdnbdcpn-1,TMA00315,CGRP-Theta,False,False,False,none
gdoakngg-1,TMA00315,Nonpeptidergic nociceptors,False,False,False,none
gdodikab-1,TMA00315,Nonpeptidergic nociceptors,False,False,False,none
gdogbgbe-1,TMA00315,Nonpeptidergic nociceptors,False,False,False,none
gdojofio-1,TMA00315,CGRP-Theta,False,False,False,none
gdolggfp-1,TMA00315,CGRP-Eta,False,False,False,none
gdomnmpg-1,TMA00315,Nonpeptidergic nociceptors,False,False,False,none
gdoniogk-1,TMA00315,Nonpeptidergic nociceptors,False,False,False,none
gdonoikc-1,TMA00315,CGRP-Epsilion,False,False,False,none
gdpaifgb-1,TMA00315,Abeta-Field,False,False,False,none
gdpbfdhb-1,TMA00315,CGRP-Epsilion,False,False,False,none
gdpcigin-1,TMA00315,CGRP-Theta,False,False,False,none
geaekjbl-1,TMA00315,Sst,False,False,False,none
gjbmlbgl-1,TMA00315,CGRP-Zeta,False,False,False,none
gjbmpbnb-1,TMA00315,Sst,False,False,False,none
gjcfmfbk-1,TMA00315,Sst,False,False,False,none
gkcjkpga-1,TMA00315,Nonpeptidergic nociceptors,False,False,False,none
gkgfbmph-1,TMA00315,C-LTMR,False,False,False,none
gkghekhe-1,TMA00315,CGRP-Epsilion,False,False,False,none
gkglkhlo-1,TMA00315,C-LTMR,False,False,False,none
gkhajjek-1,TMA00315,Abeta-Field,False,False,False,none
gkhlolgg-1,TMA00315,CGRP-Epsilion,False,False,False,none
gkhonhoo-1,TMA00315,Nonpeptidergic nociceptors,False,False,False,none
gkiahnjj-1,TMA00315,CGRP-Gamma 1,False,False,False,none
gkifofnn-1,TMA00315,CGRP-Alpha,False,False,False,none
gkigpdll-1,TMA00315,CGRP-Alpha,False,False,False,none
gkjcfakj-1,TMA00315,Adelta-LTMR,False,False,False,none
gkjhmgog-1,TMA00315,Nonpeptidergic nociceptors,False,False,False,none
gkjkcllp-1,TMA00315,Nonpeptidergic nociceptors,False,False,False,none
gkjkhemc-1,TMA00315,Nonpeptidergic nociceptors,False,False,False,none
gkjlhehf-1,TMA00315,TrpM8,False,False,False,none
gkjnioam-1,TMA00315,CGRP-Alpha,False,False,False,none
gkoficpi-1,TMA00315,CGRP-Theta,False,False,False,none
gkojicmn-1,TMA00315,Nonpeptidergic nociceptors,False,False,False,none
glglhlpn-1,TMA00315,Nonpeptidergic nociceptors,False,False,False,none
glhmgfgo-1,TMA00315,Nonpeptidergic nociceptors,False,False,False,none
glhmijea-1,TMA00315,Nonpeptidergic nociceptors,False,False,False,none
glimlbae-1,TMA00315,Sst,False,False,False,none
glingjjm-1,TMA00315,TrpM8,False,False,False,none
gljcljlh-1,TMA00315,CGRP-Eta,False,False,False,none
gljnpidc-1,TMA00315,CGRP-Eta,False,False,False,none
gljpdgpc-1,TMA00315,CGRP-Eta,False,False,False,none
glkgmohi-1,TMA00315,TrpM8,False,False,False,none
glkhinfd-1,TMA00315,CGRP-Eta,False,False,False,none
glkjdijh-1,TMA00315,CGRP-Gamma 1,False,False,False,none
glkkdjji-1,TMA00315,TrpM8,False,False,False,none
glkkdkhm-1,TMA00315,Proprioceptors,False,False,False,none
glkphhfh-1,TMA00315,CGRP-Eta,False,False,False,none
glkpknbn-1,TMA00315,CGRP-Alpha,False,False,False,none
gllaldci-1,TMA00315,Nonpeptidergic nociceptors,False,False,False,none
gllcjeop-1,TMA00315,Nonpeptidergic nociceptors,False,False,False,none
glnaidlm-1,TMA00315,Proprioceptors,False,False,False,none
glngfgjg-1,TMA00315,Abeta-Field,False,False,False,none
globhdlg-1,TMA00315,TrpM8,False,False,False,none
globnifo-1,TMA00315,Nonpeptidergic nociceptors,False,False,False,none
glokjeed-1,TMA00315,C-LTMR,False,False,False,none
glonklho-1,TMA00315,CGRP-Epsilion,False,False,False,none
glonoefa-1,TMA00315,CGRP-Epsilion,False,False,False,none
glonofka-1,TMA00315,C-LTMR,False,False,False,none
glpbjeco-1,TMA00315,CGRP-Eta,False,False,False,none
glpiohnd-1,TMA00315,Nonpeptidergic nociceptors,False,False,False,none
glpkolfh-1,TMA00315,CGRP-Eta,False,False,False,none
glpnpmnm-1,TMA00315,Sst,False,False,False,none
gmafbdec-1,TMA00315,CGRP-Gamma 1,False,False,False,none
gmafmplp-1,TMA00315,CGRP-Gamma 1,False,False,False,none
gmahhibo-1,TMA00315,TrpM8,False,False,False,none
gmaieohl-1,TMA00315,CGRP-Gamma 2,False,False,False,none
gmanbapk-1,TMA00315,TrpM8,False,False,False,none
gmapencp-1,TMA00315,Nonpeptidergic nociceptors,False,False,False,none
gmapjcjc-1,TMA00315,CGRP-Theta,False,False,False,none
gmbepome-1,TMA00315,TrpM8,False,False,False,none
gmbjpeck-1,TMA00315,TrpM8,False,False,False,none
gmccegeg-1,TMA00315,Nonpeptidergic nociceptors,False,False,False,none
gmcfecdi-1,TMA00315,Nonpeptidergic nociceptors,False,False,False,none
gmchdicd-1,TMA00315,CGRP-Alpha,False,False,False,none
gmclgjio-1,TMA00315,TrpM8,False,False,False,none
gmclicai-1,TMA00315,Sst,False,False,False,none
gmcodlhp-1,TMA00315,Sst,False,False,False,none
gmcpdfnh-1,TMA00315,Sst,False,False,False,none
gmdboleg-1,TMA00315,CGRP-Zeta,False,False,False,none
gmdckjhn-1,TMA00315,CGRP-Gamma 1,False,False,False,none
gmddaodd-1,TMA00315,Nonpeptidergic nociceptors,False,False,False,none
gmddnkpm-1,TMA00315,Sst,False,False,False,none
gmdefkfm-1,TMA00315,C-LTMR,False,False,False,none
gmdhmgeh-1,TMA00315,Nonpeptidergic nociceptors,False,False,False,none
gmdhoncc-1,TMA00315,Abeta-Field,False,False,False,none
gmdhpnip-1,TMA00315,Nonpeptidergic nociceptors,False,False,False,none
gmdjbenh-1,TMA00315,C-LTMR,False,False,False,none
gmdlalip-1,TMA00315,Nonpeptidergic nociceptors,False,False,False,none
gmdlkjjj-1,TMA00315,Nonpeptidergic nociceptors,False,False,False,none
gmdphdfe-1,TMA00315,CGRP-Gamma 2,False,False,False,none
gmebcffp-1,TMA00315,CGRP-Eta,False,False,False,none
gmekchpa-1,TMA00315,Nonpeptidergic nociceptors,False,False,False,none
gmekeokg-1,TMA00315,Nonpeptidergic nociceptors,False,False,False,none
gmeoglmj-1,TMA00315,Nonpeptidergic nociceptors,False,False,False,none
gmfahefn-1,TMA00315,CGRP-Eta,False,False,False,none
gmfegpec-1,TMA00315,Sst,False,False,False,none
gmffocco-1,TMA00315,CGRP-Gamma 1,False,False,False,none
gmfjnifm-1,TMA00315,TrpM8,False,False,False,none
gmglejoj-1,TMA00315,CGRP-Zeta,False,False,False,none
gmgndmlh-1,TMA00315,TrpM8,False,False,False,none
gmgpcidk-1,TMA00315,Nonpeptidergic nociceptors,False,False,False,none
gmhhfolg-1,TMA00315,C-LTMR,False,False,False,none
gmhmdbbh-1,TMA00315,CGRP-Gamma 1,False,False,False,none
gmibhmdn-1,TMA00315,CGRP-Gamma 1,False,False,False,none
gmiokdig-1,TMA00315,Nonpeptidergic nociceptors,False,False,False,none
gmjchhek-1,TMA00315,Nonpeptidergic nociceptors,False,False,False,none
gmjdmbnf-1,TMA00315,TrpM8,False,False,False,none
gmjfihhf-1,TMA00315,Nonpeptidergic nociceptors,False,False,False,none
gmjldgml-1,TMA00315,Nonpeptidergic nociceptors,False,False,False,none
gmjlilki-1,TMA00315,CGRP-Theta,False,False,False,none
gmjmcajh-1,TMA00315,Nonpeptidergic nociceptors,False,False,False,none
gmkbokkg-1,TMA00315,Nonpeptidergic nociceptors,False,False,False,none
gmkjbdbi-1,TMA00315,Nonpeptidergic nociceptors,False,False,False,none
gmkjniae-1,TMA00315,Nonpeptidergic nociceptors,False,False,False,none
gmllemld-1,TMA00315,Sst,False,False,False,none
gmlnjjmi-1,TMA00315,Nonpeptidergic nociceptors,False,False,False,none
gmlpebpk-1,TMA00315,Nonpeptidergic nociceptors,False,False,False,none
gmmaeknb-1,TMA00315,Abeta-Field,False,False,False,none
gmmagmgp-1,TMA00315,Nonpeptidergic nociceptors,False,False,False,none
gmmanpla-1,TMA00315,CGRP-Zeta,False,False,False,none
gmmdnedm-1,TMA00315,Nonpeptidergic nociceptors,False,False,False,none
gmmebhja-1,TMA00315,Nonpeptidergic nociceptors,False,False,False,none
gmnekmde-1,TMA00315,Nonpeptidergic nociceptors,False,False,False,none
gmnfhmcd-1,TMA00315,Nonpeptidergic nociceptors,False,False,False,none
gmnlijkb-1,TMA00315,CGRP-Gamma 1,False,False,False,none
gmnoggob-1,TMA00315,Nonpeptidergic nociceptors,False,False,False,none
gmodfbdh-1,TMA00315,Nonpeptidergic nociceptors,False,False,False,none
gmofdnfm-1,TMA00315,Nonpeptidergic nociceptors,False,False,False,none
gmohfadp-1,TMA00315,Nonpeptidergic nociceptors,False,False,False,none
gmokdikl-1,TMA00315,Sst,False,False,False,none
gmpajalm-1,TMA00315,Nonpeptidergic nociceptors,False,False,False,none
gmpbbbll-1,TMA00315,Sst,False,False,False,none
gmpbgjfb-1,TMA00315,Sst,False,False,False,none
gmpchhjo-1,TMA00315,Sst,False,False,False,none
gmpdhead-1,TMA00315,Abeta-Field,False,False,False,none
gmpencgn-1,TMA00315,Nonpeptidergic nociceptors,False,False,False,none
gmphgfdg-1,TMA00315,Nonpeptidergic nociceptors,False,False,False,none
gmpipgop-1,TMA00315,Sst,False,False,False,none
gmpjebji-1,TMA00315,C-LTMR,False,False,False,none
gnaakmbh-1,TMA00315,Proprioceptors,False,False,False,none
gnacbpdo-1,TMA00315,Abeta-Field,False,False,False,none
gnafihbl-1,TMA00315,CGRP-Gamma 1,False,False,False,none
gnahlabd-1,TMA00315,Nonpeptidergic nociceptors,False,False,False,none
gnamgffo-1,TMA00315,Nonpeptidergic nociceptors,False,False,False,none
gnbjbble-1,TMA00315,TrpM8,False,False,False,none
gncphkcd-1,TMA00315,C-LTMR,False,False,False,none
gndlkgnm-1,TMA00315,Abeta-Field,False,False,False,none
gndlkgpp-1,TMA00315,CGRP-Theta,False,False,False,none
gndlodgl-1,TMA00315,Nonpeptidergic nociceptors,False,False,False,none
gnfoecjd-1,TMA00315,CGRP-Beta,False,False,False,none
gnhajdcf-1,TMA00315,CGRP-Gamma 1,False,False,False,none
gnhamige-1,TMA00315,CGRP-Zeta,False,False,False,none
gnhhbdeo-1,TMA00315,Proprioceptors,False,False,False,none
gnholffk-1,TMA00315,Adelta-LTMR,False,False,False,none
gnibbmck-1,TMA00315,C-LTMR,False,False,False,none
gniggblf-1,TMA00315,C-LTMR,False,False,False,none
gnjdhckl-1,TMA00315,Nonpeptidergic nociceptors,False,False,False,none
gnjfjcnd-1,TMA00315,Proprioceptors,False,False,False,none
gnjglein-1,TMA00315,Nonpeptidergic nociceptors,False,False,False,none
gnmjnjfl-1,TMA00315,CGRP-Beta,False,False,False,none
gnmmheop-1,TMA00315,TrpM8,False,False,False,none
gnnhmgap-1,TMA00315,CGRP-Eta,False,False,False,none
gnnkhjgo-1,TMA00315,CGRP-Alpha,False,False,False,none
gnnokgcb-1,TMA00315,CGRP-Eta,False,False,False,none
gnooemki-1,TMA00315,CGRP-Eta,False,False,False,none
gnopkhhj-1,TMA00315,CGRP-Eta,False,False,False,none
gnpcebdi-1,TMA00315,CGRP-Eta,False,False,False,none
goalcjna-1,TMA00315,CGRP-Gamma 1,False,False,False,none
gobfmaeh-1,TMA00315,CGRP-Gamma 1,False,False,False,none
gobfohlg-1,TMA00315,Nonpeptidergic nociceptors,False,False,False,none
gobidamc-1,TMA00315,CGRP-Gamma 1,False,False,False,none
gobkdegk-1,TMA00315,CGRP-Gamma 1,False,False,False,none
goblcbhg-1,TMA00315,CGRP-Alpha,False,False,False,none
gocaliel-1,TMA00315,CGRP-Alpha,False,False,False,none
gocbcgig-1,TMA00315,CGRP-Gamma 1,False,False,False,none
gocbcnnj-1,TMA00315,CGRP-Gamma 1,False,False,False,none
gocbmfml-1,TMA00315,CGRP-Gamma 1,False,False,False,none
goccjggb-1,TMA00315,CGRP-Eta,False,False,False,none
gociafla-1,TMA00315,CGRP-Alpha,False,False,False,none
goclcgai-1,TMA00315,CGRP-Alpha,False,False,False,none
godcocbf-1,TMA00315,C-LTMR,False,False,False,none
godegpkh-1,TMA00315,CGRP-Eta,False,False,False,none
godjhcnl-1,TMA00315,Abeta-RA-LTMR,False,False,False,none
godkdgaj-1,TMA00315,CGRP-Gamma 2,False,False,False,none
godljfdb-1,TMA00315,CGRP-Epsilion,False,False,False,none
godlooaj-1,TMA00315,Adelta-LTMR,False,False,False,none
godmeejf-1,TMA00315,Adelta-LTMR,False,False,False,none
godpgopp-1,TMA00315,CGRP-Gamma 2,False,False,False,none
goeaaijb-1,TMA00315,CGRP-Gamma 1,False,False,False,none
goeamnni-1,TMA00315,CGRP-Gamma 1,False,False,False,none
goecbmec-1,TMA00315,CGRP-Eta,False,False,False,none
goecjhnh-1,TMA00315,CGRP-Gamma 1,False,False,False,none
goedbdbm-1,TMA00315,CGRP-Gamma 1,False,False,False,none
goeembah-1,TMA00315,CGRP-Gamma 1,False,False,False,none
goeifofn-1,TMA00315,Adelta-LTMR,False,False,False,none
goeojoip-1,TMA00315,Adelta-LTMR,False,False,False,none
gofbdnld-1,TMA00315,CGRP-Alpha,False,False,False,none
gofdoekb-1,TMA00315,CGRP-Gamma 1,False,False,False,none
gofmjopg-1,TMA00315,CGRP-Eta,False,False,False,none
gofncnah-1,TMA00315,C-LTMR,False,False,False,none
gofokekg-1,TMA00315,CGRP-Gamma 1,False,False,False,none
gogahafj-1,TMA00315,Abeta-Field,False,False,False,none
gogjmfmj-1,TMA00315,CGRP-Gamma 1,False,False,False,none
gogkaind-1,TMA00315,CGRP-Gamma 1,False,False,False,none
gogkfaio-1,TMA00315,Nonpeptidergic nociceptors,False,False,False,none
gohbhaeb-1,TMA00315,Nonpeptidergic nociceptors,False,False,False,none
gohknffk-1,TMA00315,CGRP-Eta,False,False,False,none
gohmohkp-1,TMA00315,CGRP-Gamma 1,False,False,False,none
gohnlnco-1,TMA00315,CGRP-Gamma 1,False,False,False,none
gohpghjp-1,TMA00315,C-LTMR,False,False,False,none
gohpoooa-1,TMA00315,C-LTMR,False,False,False,none
goigoghe-1,TMA00315,Abeta-Field,False,False,False,none
goingdil-1,TMA00315,Abeta-RA-LTMR,False,False,False,none
gojdemlc-1,TMA00315,Proprioceptors,False,False,False,none
gojhcbkb-1,TMA00315,CGRP-Eta,False,False,False,none
gojiaclg-1,TMA00315,CGRP-Gamma 1,False,False,False,none
gojjplil-1,TMA00315,CGRP-Gamma 1,False,False,False,none
gojpjjjk-1,TMA00315,Nonpeptidergic nociceptors,False,False,False,none
gokcedhf-1,TMA00315,CGRP-Zeta,False,False,False,none
gokdgkci-1,TMA00315,CGRP-Zeta,False,False,False,none
gokopenn-1,TMA00315,CGRP-Eta,False,False,False,none
golaflag-1,TMA00315,Nonpeptidergic nociceptors,False,False,False,none
golamlal-1,TMA00315,Abeta-Field,False,False,False,none
goldadoj-1,TMA00315,Nonpeptidergic nociceptors,False,False,False,none
goldhfbb-1,TMA00315,Nonpeptidergic nociceptors,False,False,False,none
golecmpb-1,TMA00315,CGRP-Epsilion,False,False,False,none
golnmcjh-1,TMA00315,CGRP-Alpha,False,False,False,none
golplmgg-1,TMA00315,CGRP-Gamma 1,False,False,False,none
golppjlh-1,TMA00315,Nonpeptidergic nociceptors,False,False,False,none
gomgpejf-1,TMA00315,CGRP-Eta,False,False,False,none
gomioglh-1,TMA00315,CGRP-Eta,False,False,False,none
gompoiik-1,TMA00315,CGRP-Gamma 1,False,False,False,none
gondcahk-1,TMA00315,CGRP-Gamma 1,False,False,False,none
gonhfeeb-1,TMA00315,CGRP-Gamma 1,False,False,False,none
gonhjcba-1,TMA00315,CGRP-Eta,False,False,False,none
gonhlgej-1,TMA00315,CGRP-Eta,False,False,False,none
gonhmidn-1,TMA00315,Nonpeptidergic nociceptors,False,False,False,none
gonjahli-1,TMA00315,CGRP-Gamma 1,False,False,False,none
gonkjdgn-1,TMA00315,CGRP-Gamma 2,False,False,False,none
gonpoecp-1,TMA00315,CGRP-Zeta,False,False,False,none
gooalfmk-1,TMA00315,TrpM8,False,False,False,none
gooepjjd-1,TMA00315,CGRP-Zeta,False,False,False,none
goomlnai-1,TMA00315,TrpM8,False,False,False,none
goonljji-1,TMA00315,CGRP-Alpha,False,False,False,none
goopmgkp-1,TMA00315,Proprioceptors,False,False,False,none
gopabbag-1,TMA00315,Abeta-Field,False,False,False,none
gopblnad-1,TMA00315,CGRP-Alpha,False,False,False,none
gopceila-1,TMA00315,Abeta-Field,False,False,False,none
gopiimkh-1,TMA00315,CGRP-Theta,False,False,False,none
gopjdchc-1,TMA00315,CGRP-Gamma 1,False,False,False,none
gopmopjl-1,TMA00315,CGRP-Gamma 1,False,False,False,none
gpacknlp-1,TMA00315,CGRP-Gamma 1,False,False,False,none
gpakeplm-1,TMA00315,CGRP-Beta,False,False,False,none
gpalcnih-1,TMA00315,CGRP-Gamma 1,False,False,False,none
gpefkfig-1,TMA00315,TrpM8,False,False,False,none
gpemdlcc-1,TMA00315,Abeta-Field,False,False,False,none
gpeoomoh-1,TMA00315,TrpM8,False,False,False,none
gpfbpcfk-1,TMA00315,CGRP-Beta,False,False,False,none
gpfdccne-1,TMA00315,CGRP-Alpha,False,False,False,none
gpfjonba-1,TMA00315,CGRP-Eta,False,False,False,none
gpgaojfg-1,TMA00315,Nonpeptidergic nociceptors,False,False,False,none
gphamkpb-1,TMA00315,CGRP-Eta,False,False,False,none
gphmeifk-1,TMA00315,CGRP-Eta,False,False,False,none
gphmicnn-1,TMA00315,CGRP-Eta,False,False,False,none
gphoipol-1,TMA00315,CGRP-Eta,False,False,False,none
gpidelpf-1,TMA00315,CGRP-Eta,False,False,False,none
gpiegema-1,TMA00315,CGRP-Gamma 2,False,False,False,none
gpieloip-1,TMA00315,CGRP-Eta,False,False,False,none
gpifcpda-1,TMA00315,CGRP-Gamma 1,False,False,False,none
gpilfdek-1,TMA00315,CGRP-Gamma 2,False,False,False,none
gpipiodg-1,TMA00315,CGRP-Eta,False,False,False,none
gpjfhmgo-1,TMA00315,CGRP-Gamma 1,False,True,False,dTomato_Seq2_hi
gpjhkfee-1,TMA00315,CGRP-Eta,False,False,False,none
gpjoijcj-1,TMA00315,Abeta-Field,False,False,False,none
gpkahfhn-1,TMA00315,CGRP-Gamma 1,False,True,False,dTomato_Seq2_hi
gpkimdmp-1,TMA00315,CGRP-Gamma 1,False,False,False,none
gpnhhhjk-1,TMA00315,CGRP-Gamma 1,False,False,False,none
gpnjcjpo-1,TMA00315,CGRP-Gamma 1,False,False,False,none
gpnmkbja-1,TMA00315,CGRP-Gamma 1,False,False,False,none
gpolefmo-1,TMA00315,Sst,False,False,False,none
gpopdajj-1,TMA00315,CGRP-Gamma 1,False,False,False,none
gppandlp-1,TMA00315,CGRP-Gamma 2,False,False,False,none
gppbkolo-1,TMA00315,CGRP-Gamma 1,False,False,False,none
gppcmpfe-1,TMA00315,CGRP-Eta,False,False,False,none
gppdpkbc-1,TMA00315,CGRP-Gamma 2,False,False,False,none
gppfamcn-1,TMA00315,CGRP-Gamma 1,False,False,False,none
gpphjfjo-1,TMA00315,CGRP-Eta,False,False,False,none
gppodbge-1,TMA00315,CGRP-Gamma 1,False,False,False,none
haaaecja-1,TMA00315,Nonpeptidergic nociceptors,False,False,False,none
haaagapp-1,TMA00315,Nonpeptidergic nociceptors,False,False,False,none
haajenif-1,TMA00315,Nonpeptidergic nociceptors,False,False,False,none
haajmgja-1,TMA00315,Nonpeptidergic nociceptors,False,False,False,none
habbdmal-1,TMA00315,Nonpeptidergic nociceptors,False,False,False,none
habbmemf-1,TMA00315,Abeta-Field,False,False,False,none
habdpeob-1,TMA00315,Proprioceptors,False,False,False,none
habgjeki-1,TMA00315,CGRP-Gamma 1,False,False,False,none
habpcbol-1,TMA00315,CGRP-Theta,False,False,False,none
hacbdpgl-1,TMA00315,CGRP-Gamma 1,False,False,False,none
haccaigo-1,TMA00315,Abeta-Field,False,False,False,none
haccddjm-1,TMA00315,CGRP-Gamma 1,False,False,False,none
hacdjfmm-1,TMA00315,CGRP-Alpha,False,False,False,none
hackafnc-1,TMA00315,Sst,False,False,False,none
haconcfh-1,TMA00315,CGRP-Gamma 1,False,False,False,none
hadelblg-1,TMA00315,CGRP-Theta,False,False,False,none
hadgnnih-1,TMA00315,CGRP-Gamma 1,False,False,False,none
hadgnpon-1,TMA00315,CGRP-Gamma 1,False,False,False,none
hadmeiod-1,TMA00315,CGRP-Gamma 1,False,False,False,none
haecedfk-1,TMA00315,CGRP-Epsilion,False,False,False,none
haeekibo-1,TMA00315,CGRP-Gamma 1,False,False,False,none
haeiefge-1,TMA00315,Abeta-Field,False,False,False,none
haejncjp-1,TMA00315,CGRP-Alpha,False,False,False,none
hafgchib-1,TMA00315,CGRP-Theta,False,False,False,none
hafinaik-1,TMA00315,C-LTMR,False,False,False,none
hagbbkan-1,TMA00315,C-LTMR,False,False,False,none
hagkibcl-1,TMA00315,CGRP-Alpha,False,False,False,none
haglaogc-1,TMA00315,CGRP-Epsilion,False,False,False,none
hagoagpj-1,TMA00315,Abeta-Field,False,False,False,none
hagplijg-1,TMA00315,Sst,False,False,False,none
haheappk-1,TMA00315,Nonpeptidergic nociceptors,False,False,False,none
hahegnkj-1,TMA00315,Nonpeptidergic nociceptors,False,False,False,none
hahhojjm-1,TMA00315,CGRP-Gamma 1,False,False,False,none
hahoghbe-1,TMA00315,CGRP-Theta,False,False,False,none
hahpfkfn-1,TMA00315,CGRP-Alpha,False,False,False,none
hajefcle-1,TMA00315,Sst,False,False,False,none
hajkdnii-1,TMA00315,Abeta-Field,False,False,False,none
hajkokhh-1,TMA00315,Sst,False,False,False,none
haopijek-1,TMA00315,CGRP-Theta,False,False,False,none
hapcmcmo-1,TMA00315,Nonpeptidergic nociceptors,False,False,False,none
hapdjmlm-1,TMA00315,Nonpeptidergic nociceptors,False,False,False,none
hapdkjdb-1,TMA00315,Nonpeptidergic nociceptors,False,False,False,none
hapmhnfg-1,TMA00315,Nonpeptidergic nociceptors,False,False,False,none
hbaengcj-1,TMA00315,Nonpeptidergic nociceptors,False,False,False,none
hbaepokp-1,TMA00315,Nonpeptidergic nociceptors,False,False,False,none
hbaflbck-1,TMA00315,Nonpeptidergic nociceptors,False,False,False,none
hbbfhhem-1,TMA00315,Proprioceptors,False,False,False,none
hbbnanhe-1,TMA00315,Abeta-Field,False,False,False,none
hbbnlhdj-1,TMA00315,Sst,False,False,False,none
hbcdfhpk-1,TMA00315,Proprioceptors,False,False,False,none
hbcfkfae-1,TMA00315,Sst,False,False,False,none
hbcgahob-1,TMA00315,C-LTMR,False,False,False,none
hbddbhep-1,TMA00315,CGRP-Theta,False,False,False,none
hbdejida-1,TMA00315,Nonpeptidergic nociceptors,False,False,False,none
hbdemfdc-1,TMA00315,Nonpeptidergic nociceptors,False,False,False,none
hbdglegb-1,TMA00315,CGRP-Theta,False,False,False,none
hbdkbdch-1,TMA00315,Sst,False,False,False,none
hbdpgaba-1,TMA00315,Sst,False,False,False,none
hcifapha-1,TMA00315,CGRP-Eta,False,False,False,none
hdohgfnl-1,TMA00315,CGRP-Theta,False,False,False,none
hdoiemhc-1,TMA00315,Nonpeptidergic nociceptors,False,False,False,none
hdoleifd-1,TMA00315,Adelta-LTMR,False,False,False,none
hdomochd-1,TMA00315,TrpM8,False,False,False,none
hdonhoaf-1,TMA00315,Nonpeptidergic nociceptors,False,False,False,none
hdoocnni-1,TMA00315,TrpM8,False,False,False,none
hdoodbih-1,TMA00315,Sst,False,False,False,none
hdopjknj-1,TMA00315,C-LTMR,False,False,False,none
hdpamffn-1,TMA00315,CGRP-Gamma 1,False,False,False,none
hdpdedhh-1,TMA00315,CGRP-Gamma 1,False,False,False,none
hdpghbcb-1,TMA00315,CGRP-Gamma 1,False,False,False,none
hdpmllpj-1,TMA00315,TrpM8,False,False,False,none
heaakafd-1,TMA00315,C-LTMR,False,False,False,none
heaeaiej-1,TMA00315,C-LTMR,False,False,False,none
heaiaibd-1,TMA00315,C-LTMR,False,False,False,none
heajelce-1,TMA00315,CGRP-Gamma 1,False,False,False,none
heamhbnd-1,TMA00315,CGRP-Alpha,False,False,False,none
heamndej-1,TMA00315,TrpM8,False,False,False,none
heaohjpm-1,TMA00315,TrpM8,False,False,False,none
heaopdpd-1,TMA00315,C-LTMR,False,False,False,none
hebcldcg-1,TMA00315,Abeta-RA-LTMR,False,False,False,none
hebehhmn-1,TMA00315,Sst,False,False,False,none
hebjdcgm-1,TMA00315,TrpM8,False,False,False,none
hebpflnk-1,TMA00315,CGRP-Gamma 1,False,False,False,none
hecbkdlg-1,TMA00315,C-LTMR,False,False,False,none
hecdigcm-1,TMA00315,C-LTMR,False,False,False,none
hecmidkm-1,TMA00315,C-LTMR,False,False,False,none
hecnfffi-1,TMA00315,CGRP-Gamma 1,False,False,False,none
hecnjggd-1,TMA00315,Nonpeptidergic nociceptors,False,False,False,none
hedgjkgh-1,TMA00315,Nonpeptidergic nociceptors,False,False,False,none
hedihfin-1,TMA00315,C-LTMR,False,False,False,none
hedjkfab-1,TMA00315,C-LTMR,False,False,False,none
hedjpdnf-1,TMA00315,TrpM8,False,False,False,none
hednbghk-1,TMA00315,C-LTMR,False,False,False,none
hedpfkad-1,TMA00315,C-LTMR,False,False,False,none
heecifnh-1,TMA00315,CGRP-Alpha,False,False,False,none
heefcooa-1,TMA00315,Nonpeptidergic nociceptors,False,False,False,none
heejojjf-1,TMA00315,Nonpeptidergic nociceptors,False,False,False,none
heemjblh-1,TMA00315,CGRP-Epsilion,False,False,False,none
heflcbmo-1,TMA00315,TrpM8,False,False,False,none
heflkpfm-1,TMA00315,Nonpeptidergic nociceptors,False,False,False,none
hefllipf-1,TMA00315,CGRP-Gamma 2,False,False,False,none
hegcjlnk-1,TMA00315,Nonpeptidergic nociceptors,False,False,False,none
hegloghj-1,TMA00315,CGRP-Gamma 1,False,False,False,none
hegnpdia-1,TMA00315,CGRP-Gamma 1,False,False,False,none
hehanigp-1,TMA00315,CGRP-Gamma 2,False,False,False,none
hehgekpa-1,TMA00315,CGRP-Gamma 1,False,False,False,none
hehkcadj-1,TMA00315,CGRP-Eta,False,False,False,none
hehkpkdk-1,TMA00315,CGRP-Eta,False,False,False,none
hehnbfee-1,TMA00315,CGRP-Alpha,False,False,False,none
hejcemmm-1,TMA00315,C-LTMR,False,False,False,none
heknagce-1,TMA00315,CGRP-Gamma 1,False,False,False,none
helfibpj-1,TMA00315,CGRP-Gamma 1,False,False,False,none
hellinmd-1,TMA00315,CGRP-Gamma 1,False,False,False,none
helnffbo-1,TMA00315,CGRP-Gamma 1,False,False,False,none
helofekn-1,TMA00315,TrpM8,False,False,False,none
hemchppi-1,TMA00315,CGRP-Gamma 1,False,False,False,none
hemfdhfo-1,TMA00315,CGRP-Gamma 1,False,False,False,none
hemlpcmn-1,TMA00315,CGRP-Eta,False,False,False,none
hemomkdh-1,TMA00315,CGRP-Gamma 2,False,False,False,none
henepiab-1,TMA00315,CGRP-Gamma 1,False,False,False,none
henfjdca-1,TMA00315,CGRP-Eta,False,False,False,none
henhodcf-1,TMA00315,Sst,False,False,False,none
henljmdi-1,TMA00315,Sst,False,False,False,none
henocbbf-1,TMA00315,Sst,False,False,False,none
heodbnoe-1,TMA00315,Abeta-Field,False,False,False,none
heodpggf-1,TMA00315,Sst,False,False,False,none
heofdjlf-1,TMA00315,CGRP-Eta,False,False,False,none
heogpiha-1,TMA00315,Sst,False,False,False,none
heoiadgp-1,TMA00315,CGRP-Gamma 1,False,False,False,none
hepaaikj-1,TMA00315,CGRP-Gamma 1,False,False,False,none
hepahhji-1,TMA00315,Sst,False,False,False,none
hepaicmi-1,TMA00315,CGRP-Eta,False,False,False,none
hepcebdg-1,TMA00315,CGRP-Gamma 1,False,False,False,none
hepiakei-1,TMA00315,CGRP-Gamma 2,False,False,False,none
hfbfflkc-1,TMA00315,Sst,False,False,False,none
hfbgecjm-1,TMA00315,CGRP-Theta,False,False,False,none
hfbhdgdj-1,TMA00315,CGRP-Gamma 1,False,False,False,none
hfbnjmee-1,TMA00315,TrpM8,False,False,False,none
hfbnnkmp-1,TMA00315,Abeta-Field,False,False,False,none
hfbofgij-1,TMA00315,Proprioceptors,False,False,False,none
hfceiihk-1,TMA00315,CGRP-Theta,False,False,False,none
hfcphfbg-1,TMA00315,CGRP-Gamma 1,False,False,False,none
hfdgkpoe-1,TMA00315,CGRP-Gamma 1,False,False,False,none
hfdhjfad-1,TMA00315,CGRP-Gamma 1,False,False,False,none
hfffpjme-1,TMA00315,CGRP-Gamma 2,False,False,False,none
hffjaekc-1,TMA00315,CGRP-Eta,False,False,False,none
hfigiclo-1,TMA00315,CGRP-Gamma 1,False,False,False,none
hfihdnfj-1,TMA00315,CGRP-Alpha,False,False,False,none
hfiidgcm-1,TMA00315,C-LTMR,False,False,False,none
hfijmdfm-1,TMA00315,TrpM8,False,False,False,none
hfinncdf-1,TMA00315,CGRP-Gamma 2,False,False,False,none
hfjfkblo-1,TMA00315,CGRP-Gamma 1,False,False,False,none
hfkbblim-1,TMA00315,CGRP-Beta,False,False,False,none
hfkbjjom-1,TMA00315,CGRP-Gamma 1,False,False,False,none
hfkclbel-1,TMA00315,CGRP-Gamma 1,False,False,False,none
hflmjilo-1,TMA00315,CGRP-Beta,False,False,False,none
hfmgejpk-1,TMA00315,CGRP-Gamma 1,False,False,False,none
hfmkjiga-1,TMA00315,TrpM8,False,False,False,none
hfmphbjp-1,TMA00315,CGRP-Theta,False,False,False,none
hfnblmhe-1,TMA00315,CGRP-Theta,False,False,False,none
hfneabah-1,TMA00315,TrpM8,False,False,False,none
hfnhihkc-1,TMA00315,TrpM8,False,False,False,none
hfoblefb-1,TMA00315,CGRP-Gamma 1,False,False,False,none
hfoimibg-1,TMA00315,CGRP-Gamma 1,False,False,False,none
hfojkffi-1,TMA00315,CGRP-Gamma 1,False,False,False,none
hfokedom-1,TMA00315,CGRP-Theta,False,False,False,none
hfolcane-1,TMA00315,CGRP-Gamma 1,False,False,False,none
hfonncic-1,TMA00315,CGRP-Gamma 1,False,False,False,none
hfpbfmkd-1,TMA00315,CGRP-Gamma 1,False,False,False,none
hfpbncki-1,TMA00315,TrpM8,False,False,False,none
hfphlfek-1,TMA00315,Nonpeptidergic nociceptors,False,False,False,none
hfpieknf-1,TMA00315,Nonpeptidergic nociceptors,False,False,False,none
hfpkecch-1,TMA00315,CGRP-Gamma 1,False,False,False,none
hfpmjngk-1,TMA00315,TrpM8,False,False,False,none
hfpoaafc-1,TMA00315,C-LTMR,False,False,False,none
hfppgahi-1,TMA00315,CGRP-Theta,False,False,False,none
hgabpolf-1,TMA00315,CGRP-Gamma 2,False,False,False,none
hgajadil-1,TMA00315,CGRP-Gamma 1,False,False,False,none
hgalejeo-1,TMA00315,CGRP-Eta,False,False,False,none
hgbboklc-1,TMA00315,CGRP-Gamma 1,False,False,False,none
hgbcdafd-1,TMA00315,Nonpeptidergic nociceptors,False,False,False,none
hgbjngke-1,TMA00315,TrpM8,False,False,False,none
hgbpoodk-1,TMA00315,CGRP-Alpha,False,False,False,none
hgcbgkfl-1,TMA00315,Nonpeptidergic nociceptors,False,False,False,none
hgchepmc-1,TMA00315,CGRP-Gamma 1,False,False,False,none
hgcjhckl-1,TMA00315,CGRP-Gamma 1,False,False,False,none
hgckjelm-1,TMA00315,TrpM8,False,False,False,none
hgclfmnn-1,TMA00315,CGRP-Gamma 1,False,False,False,none
hgcnccmb-1,TMA00315,TrpM8,False,False,False,none
hgcndodp-1,TMA00315,CGRP-Gamma 1,False,False,False,none
hgcpoocf-1,TMA00315,CGRP-Gamma 1,False,False,False,none
hgcppefi-1,TMA00315,CGRP-Gamma 1,False,False,False,none
hgdacmid-1,TMA00315,CGRP-Gamma 1,False,False,False,none
hgdgfhpd-1,TMA00315,C-LTMR,False,False,False,none
hgdihlgi-1,TMA00315,Proprioceptors,False,False,False,none
hgdiimao-1,TMA00315,CGRP-Gamma 1,False,False,False,none
hgdlhjkc-1,TMA00315,CGRP-Gamma 1,False,False,False,none
hgdnlfdl-1,TMA00315,Proprioceptors,False,False,False,none
hgebpipp-1,TMA00315,CGRP-Gamma 2,False,False,False,none
hgecjnel-1,TMA00315,CGRP-Eta,False,False,False,none
hgefbmfg-1,TMA00315,CGRP-Eta,False,False,False,none
hgehllie-1,TMA00315,CGRP-Epsilion,False,False,False,none
hgeidlmh-1,TMA00315,CGRP-Eta,False,False,False,none
hgeifdad-1,TMA00315,CGRP-Eta,False,False,False,none
hgejfjee-1,TMA00315,Sst,False,False,False,none
hgekkfje-1,TMA00315,Sst,False,False,False,none
hgelcicf-1,TMA00315,Sst,False,False,False,none
hgenhkop-1,TMA00315,CGRP-Alpha,False,False,False,none
hgfcidpj-1,TMA00315,Sst,False,False,False,none
hgffkmdb-1,TMA00315,CGRP-Eta,False,False,False,none
hgfidhln-1,TMA00315,TrpM8,False,False,False,none
hhabjlad-1,TMA00315,CGRP-Eta,False,False,False,none
hhafhfff-1,TMA00315,Sst,False,False,False,none
hhagmmhf-1,TMA00315,Nonpeptidergic nociceptors,False,False,False,none
hhaogjlg-1,TMA00315,Nonpeptidergic nociceptors,False,False,False,none
hhaommhh-1,TMA00315,Nonpeptidergic nociceptors,False,False,False,none
hhbbcjgb-1,TMA00315,Sst,False,False,False,none
hhbcccge-1,TMA00315,Nonpeptidergic nociceptors,False,False,False,none
hhbcoflc-1,TMA00315,Nonpeptidergic nociceptors,False,False,False,none
hhdhpmga-1,TMA00315,Proprioceptors,False,False,False,none
hhdiklei-1,TMA00315,Proprioceptors,False,False,False,none
hhepfocj-1,TMA00315,Abeta-Field,False,False,False,none
hhfdbnjb-1,TMA00315,CGRP-Eta,False,False,False,none
hhfkljek-1,TMA00315,Abeta-Field,False,False,False,none
hhfmnkaf-1,TMA00315,Adelta-LTMR,False,False,False,none
hhfneled-1,TMA00315,Nonpeptidergic nociceptors,False,False,False,none
hhgdmeak-1,TMA00315,CGRP-Gamma 2,False,False,False,none
hhgggfbg-1,TMA00315,Proprioceptors,False,False,False,none
hhghgmol-1,TMA00315,Nonpeptidergic nociceptors,False,False,False,none
hhgldepg-1,TMA00315,Nonpeptidergic nociceptors,False,False,False,none
hhhbkmfk-1,TMA00315,Nonpeptidergic nociceptors,False,False,False,none
hhhljmhk-1,TMA00315,Adelta-LTMR,False,False,False,none
hhibbhhl-1,TMA00315,Proprioceptors,False,False,False,none
hhicchek-1,TMA00315,CGRP-Zeta,False,False,False,none
hhjfgaee-1,TMA00315,Abeta-Field,False,False,False,none
hhjlmcag-1,TMA00315,Nonpeptidergic nociceptors,False,False,False,none
hhjmdcpf-1,TMA00315,Nonpeptidergic nociceptors,False,False,False,none
hhjmoelf-1,TMA00315,Nonpeptidergic nociceptors,False,False,False,none
hhjoebbk-1,TMA00315,Nonpeptidergic nociceptors,False,False,False,none
hhkcopcm-1,TMA00315,Nonpeptidergic nociceptors,False,False,False,none
hhkdcjec-1,TMA00315,Nonpeptidergic nociceptors,False,False,False,none
hhkgfbmf-1,TMA00315,Nonpeptidergic nociceptors,False,False,False,none
hhkiifhh-1,TMA00315,Nonpeptidergic nociceptors,False,False,False,none
hhkioghp-1,TMA00315,Nonpeptidergic nociceptors,False,False,False,none
hhkjpbnl-1,TMA00315,Nonpeptidergic nociceptors,False,False,False,none
hhlahbcf-1,TMA00315,CGRP-Alpha,False,False,False,none
hhlaiaei-1,TMA00315,CGRP-Epsilion,False,False,False,none
hhlejbde-1,TMA00315,TrpM8,False,False,False,none
hhlhohhe-1,TMA00315,CGRP-Theta,False,False,False,none
hhljjfea-1,TMA00315,Sst,False,False,False,none
hhmajigp-1,TMA00315,Sst,False,False,False,none
hhmmdmmg-1,TMA00315,TrpM8,False,False,False,none
hhmnplkm-1,TMA00315,Nonpeptidergic nociceptors,False,False,False,none
hhncfkph-1,TMA00315,Nonpeptidergic nociceptors,False,False,False,none
hhndhpjb-1,TMA00315,TrpM8,False,False,False,none
hhngifia-1,TMA00315,CGRP-Gamma 1,False,False,False,none
hhngnkke-1,TMA00315,Sst,False,False,False,none
hhnjiphh-1,TMA00315,Nonpeptidergic nociceptors,False,False,False,none
hhnkedfp-1,TMA00315,CGRP-Theta,False,False,False,none
hhnlcnjg-1,TMA00315,CGRP-Eta,False,False,False,none
hhnonoao-1,TMA00315,CGRP-Gamma 2,False,False,False,none
hhokffjg-1,TMA00315,Nonpeptidergic nociceptors,False,False,False,none
hhpfmaie-1,TMA00315,Sst,False,False,False,none
hhpgjgen-1,TMA00315,TrpM8,False,False,False,none
hhplcdhh-1,TMA00315,Nonpeptidergic nociceptors,False,False,False,none
hhppdooo-1,TMA00315,Sst,False,False,False,none
hhppjhlh-1,TMA00315,CGRP-Gamma 1,False,False,False,none
hiabknoh-1,TMA00315,TrpM8,False,False,False,none
hiamhcla-1,TMA00315,Sst,False,False,False,none
hicgammc-1,TMA00315,CGRP-Eta,False,False,False,none
hicjfpln-1,TMA00315,CGRP-Eta,False,False,False,none
hkdedakc-1,TMA00315,CGRP-Gamma 1,False,False,False,none
hkdfechh-1,TMA00315,CGRP-Alpha,False,False,False,none
hkdiafpf-1,TMA00315,Sst,False,False,False,none
hkdigfjo-1,TMA00315,CGRP-Gamma 2,False,False,False,none
hkdjchmn-1,TMA00315,Sst,False,False,False,none
hkdlgnof-1,TMA00315,CGRP-Gamma 1,False,False,False,none
hkdlkkma-1,TMA00315,CGRP-Gamma 1,False,False,False,none
hkdmkggg-1,TMA00315,CGRP-Alpha,False,False,False,none
hkedaida-1,TMA00315,Proprioceptors,False,False,False,none
hkeedogc-1,TMA00315,Sst,False,False,False,none
hkeepphn-1,TMA00315,C-LTMR,False,False,False,none
hkehiele-1,TMA00315,C-LTMR,False,False,False,none
hkhgmenm-1,TMA00315,Sst,False,False,False,none
hkhlenpd-1,TMA00315,Nonpeptidergic nociceptors,False,False,False,none
hkibmleb-1,TMA00315,Nonpeptidergic nociceptors,False,False,False,none
hkicompd-1,TMA00315,Nonpeptidergic nociceptors,False,False,False,none
hkinboif-1,TMA00315,TrpM8,False,False,False,none
hkjbamig-1,TMA00315,Nonpeptidergic nociceptors,False,False,False,none
hkjdhhpi-1,TMA00315,CGRP-Gamma 1,False,False,False,none
hkjdnbkg-1,TMA00315,CGRP-Epsilion,False,False,False,none
hkkiiime-1,TMA00315,CGRP-Alpha,False,False,False,none
hkknflkm-1,TMA00315,CGRP-Gamma 1,False,False,False,none
hklihhhh-1,TMA00315,Abeta-RA-LTMR,False,False,False,none
hkmbjken-1,TMA00315,Abeta-Field,False,False,False,none
hkmdhbjm-1,TMA00315,CGRP-Zeta,False,False,False,none
hkmjgnnf-1,TMA00315,CGRP-Eta,False,False,False,none
hkndnafe-1,TMA00315,CGRP-Zeta,False,False,False,none
hkognieg-1,TMA00315,Sst,False,False,False,none
hkpbpnmj-1,TMA00315,Proprioceptors,False,False,False,none
hkpemkic-1,TMA00315,Proprioceptors,False,False,False,none
hlabjfib-1,TMA00315,Abeta-Field,False,False,False,none
hlalmipp-1,TMA00315,Abeta-Field,False,False,False,none
hlbmomoj-1,TMA00315,CGRP-Zeta,False,False,False,none
hlbngbdk-1,TMA00315,Nonpeptidergic nociceptors,False,False,False,none
hlenjmkb-1,TMA00315,CGRP-Theta,False,False,False,none
hlfhamnh-1,TMA00315,Nonpeptidergic nociceptors,False,False,False,none
hlfkdjck-1,TMA00315,CGRP-Gamma 1,False,False,False,none
hlfmlafh-1,TMA00315,CGRP-Gamma 1,False,False,False,none
hlfnanln-1,TMA00315,CGRP-Gamma 1,False,False,False,none
hlfnligh-1,TMA00315,CGRP-Epsilion,False,False,False,none
hlhbnioj-1,TMA00315,CGRP-Epsilion,False,False,False,none
hlheklne-1,TMA00315,Nonpeptidergic nociceptors,False,False,False,none
hligabgm-1,TMA00315,Nonpeptidergic nociceptors,False,False,False,none
hlijenpn-1,TMA00315,CGRP-Alpha,False,False,False,none
hlmmkkop-1,TMA00315,Nonpeptidergic nociceptors,False,False,False,none
hlnecbej-1,TMA00315,Nonpeptidergic nociceptors,False,False,False,none
hlnhedfg-1,TMA00315,Proprioceptors,False,False,False,none
hlomajhd-1,TMA00315,Nonpeptidergic nociceptors,False,False,False,none
hmbdbmgd-1,TMA00315,CGRP-Alpha,False,False,False,none
hmbipblf-1,TMA00315,CGRP-Zeta,False,False,False,none
hmbmihoo-1,TMA00315,CGRP-Zeta,False,False,False,none
hmfphmbi-1,TMA00315,Nonpeptidergic nociceptors,False,False,False,none
hmgelaim-1,TMA00315,Nonpeptidergic nociceptors,False,False,False,none
hmggjfbe-1,TMA00315,Nonpeptidergic nociceptors,False,False,False,none
hmghkfha-1,TMA00315,Nonpeptidergic nociceptors,False,False,False,none
hmgjjplk-1,TMA00315,Proprioceptors,False,False,False,none
hmgjnmjk-1,TMA00315,Nonpeptidergic nociceptors,False,False,False,none
hmglnfaj-1,TMA00315,Abeta-RA-LTMR,True,False,False,EGFP_Seq1_hi
hmgmjneh-1,TMA00315,CGRP-Gamma 1,False,False,False,none
hmgnkfcc-1,TMA00315,Adelta-LTMR,False,False,False,none
hmhfnhmh-1,TMA00315,CGRP-Zeta,False,False,False,none
hmhheimp-1,TMA00315,CGRP-Zeta,False,False,False,none
hmhichfi-1,TMA00315,Abeta-RA-LTMR,False,False,False,none
hpmehalh-1,TMA00315,TrpM8,False,False,False,none
hpncaahh-1,TMA00315,TrpM8,False,False,False,none
hpninjom-1,TMA00315,TrpM8,False,False,False,none
iaanhapj-1,TMA00315,CGRP-Alpha,False,False,False,none
iaidgfic-1,TMA00315,CGRP-Gamma 1,False,False,False,none
iaihpdfg-1,TMA00315,CGRP-Theta,False,False,False,none
iaiikcda-1,TMA00315,CGRP-Theta,False,False,False,none
iajmaini-1,TMA00315,Nonpeptidergic nociceptors,False,False,False,none
iajnmpjl-1,TMA00315,Nonpeptidergic nociceptors,False,False,False,none
iakdmaak-1,TMA00315,CGRP-Gamma 1,False,False,False,none
iakgfblj-1,TMA00315,TrpM8,False,False,False,none
iakhioob-1,TMA00315,Nonpeptidergic nociceptors,False,False,False,none
iaklghde-1,TMA00315,Nonpeptidergic nociceptors,False,False,False,none
iakmfici-1,TMA00315,Sst,False,False,False,none
iakolnbk-1,TMA00315,Nonpeptidergic nociceptors,False,False,False,none
ialoibmc-1,TMA00315,CGRP-Eta,False,False,False,none
iamjgbgj-1,TMA00315,CGRP-Zeta,False,False,False,none
iamlcfec-1,TMA00315,CGRP-Zeta,False,False,False,none
iampfekd-1,TMA00315,C-LTMR,False,False,False,none
ianelnmm-1,TMA00315,CGRP-Epsilion,False,False,False,none
ianfheif-1,TMA00315,CGRP-Eta,False,False,False,none
iaofhmdp-1,TMA00315,CGRP-Eta,False,False,False,none
ibacmlnf-1,TMA00315,CGRP-Alpha,False,False,False,none
ibcickal-1,TMA00315,Nonpeptidergic nociceptors,False,False,False,none
ibeojakf-1,TMA00315,Sst,False,False,False,none
idockpaa-1,TMA00315,CGRP-Gamma 1,False,False,False,none
idoffpfd-1,TMA00315,CGRP-Gamma 1,False,False,False,none
idogddkh-1,TMA00315,CGRP-Gamma 1,False,False,False,none
iebgmiji-1,TMA00315,CGRP-Eta,False,False,False,none
iebhghoa-1,TMA00315,CGRP-Zeta,False,False,False,none
iebinlcb-1,TMA00315,CGRP-Gamma 1,False,False,False,none
iedpfdej-1,TMA00315,CGRP-Gamma 1,False,False,False,none
ieedolfj-1,TMA00315,CGRP-Gamma 1,False,False,False,none
ieefjnfl-1,TMA00315,CGRP-Gamma 1,False,False,False,none
ieegniop-1,TMA00315,CGRP-Gamma 1,False,False,False,none
ieegonpi-1,TMA00315,CGRP-Gamma 1,False,False,False,none
ieeifemj-1,TMA00315,CGRP-Gamma 1,False,False,False,none
iefgllah-1,TMA00315,TrpM8,False,False,False,none
iefjgmcf-1,TMA00315,CGRP-Alpha,False,False,False,none
iefkhlkc-1,TMA00315,CGRP-Alpha,False,False,False,none
iefnffbj-1,TMA00315,CGRP-Gamma 1,False,False,False,none
iegcbain-1,TMA00315,CGRP-Alpha,False,False,False,none
iegemcpk-1,TMA00315,CGRP-Beta,False,False,False,none
ieghcdnm-1,TMA00315,CGRP-Gamma 1,False,False,False,none
iegjlfmo-1,TMA00315,CGRP-Alpha,False,False,False,none
iegjpngd-1,TMA00315,Abeta-RA-LTMR,False,False,False,none
iegneloe-1,TMA00315,Nonpeptidergic nociceptors,False,False,False,none
iehbdiml-1,TMA00315,CGRP-Gamma 1,False,False,False,none
iehemkpi-1,TMA00315,CGRP-Gamma 1,False,False,False,none
iehicpnn-1,TMA00315,CGRP-Eta,False,False,False,none
iehjondk-1,TMA00315,CGRP-Gamma 1,False,False,False,none
ieidbpeb-1,TMA00315,Sst,False,False,False,none
ieihenbb-1,TMA00315,Sst,False,False,False,none
ieihhhjl-1,TMA00315,Nonpeptidergic nociceptors,False,False,False,none
ieilofce-1,TMA00315,Abeta-RA-LTMR,False,False,False,none
ieinlggn-1,TMA00315,Abeta-RA-LTMR,False,False,False,none
iejbkhdi-1,TMA00315,Nonpeptidergic nociceptors,False,False,False,none
iejccbce-1,TMA00315,Nonpeptidergic nociceptors,False,False,False,none
iejlkcbh-1,TMA00315,Nonpeptidergic nociceptors,False,False,False,none
iekggfhp-1,TMA00315,CGRP-Zeta,False,False,False,none
ielfeinh-1,TMA00315,CGRP-Eta,False,False,False,none
ielfpion-1,TMA00315,CGRP-Gamma 1,False,False,False,none
iemijecb-1,TMA00315,Nonpeptidergic nociceptors,False,False,False,none
ifbinehh-1,TMA00315,CGRP-Eta,False,False,False,none
ifbopbcc-1,TMA00315,Nonpeptidergic nociceptors,False,False,False,none
ifdmihkp-1,TMA00315,C-LTMR,False,False,False,none
ifdpfkaa-1,TMA00315,C-LTMR,False,False,False,none
ifejigjj-1,TMA00315,C-LTMR,False,False,False,none
ifemdbgb-1,TMA00315,CGRP-Gamma 1,False,False,False,none
iffndgpi-1,TMA00315,CGRP-Gamma 1,False,False,False,none
ifhimahp-1,TMA00315,CGRP-Theta,False,False,False,none
ifigfobd-1,TMA00315,Sst,False,False,False,none
ifiioeaf-1,TMA00315,Sst,False,False,False,none
ifijhfkc-1,TMA00315,Sst,False,False,False,none
ifijmdjn-1,TMA00315,Nonpeptidergic nociceptors,False,False,False,none
ifjaokmm-1,TMA00315,Abeta-RA-LTMR,False,False,False,none
ifjgeijf-1,TMA00315,Nonpeptidergic nociceptors,False,False,False,none
ifjjaali-1,TMA00315,CGRP-Eta,False,False,False,none
ifjjakjn-1,TMA00315,Proprioceptors,False,False,False,none
ifjodidi-1,TMA00315,CGRP-Eta,False,False,False,none
ifkdbgci-1,TMA00315,CGRP-Gamma 1,False,False,False,none
ifklpfjd-1,TMA00315,Abeta-RA-LTMR,False,False,False,none
ifknbomd-1,TMA00315,Nonpeptidergic nociceptors,False,False,False,none
iflcpcdh-1,TMA00315,CGRP-Beta,False,False,False,none
ifllnbkj-1,TMA00315,C-LTMR,False,False,False,none
iflnfihp-1,TMA00315,C-LTMR,False,False,False,none
ifmfbjfg-1,TMA00315,C-LTMR,False,False,False,none
ifmpiicd-1,TMA00315,Nonpeptidergic nociceptors,False,False,False,none
igbfifkm-1,TMA00315,Proprioceptors,False,False,False,none
igbgjehg-1,TMA00315,CGRP-Eta,False,False,False,none
igcajmof-1,TMA00315,CGRP-Gamma 2,False,False,False,none
igchgnpp-1,TMA00315,CGRP-Gamma 1,False,False,False,none
igcjjemk-1,TMA00315,CGRP-Eta,False,False,False,none
igcmmemp-1,TMA00315,CGRP-Gamma 1,False,False,False,none
igcochmi-1,TMA00315,CGRP-Eta,False,False,False,none
igdiopnm-1,TMA00315,CGRP-Gamma 1,False,False,False,none
igdpfnkf-1,TMA00315,Nonpeptidergic nociceptors,False,False,False,none
igebeoae-1,TMA00315,CGRP-Gamma 1,False,False,False,none
igedhknk-1,TMA00315,Nonpeptidergic nociceptors,False,False,False,none
igikgbdf-1,TMA00315,CGRP-Alpha,False,False,False,none
igkcileg-1,TMA00315,TrpM8,False,False,False,none
igkdgdck-1,TMA00315,Sst,False,False,False,none
igkencmj-1,TMA00315,Sst,False,False,False,none
igkeodge-1,TMA00315,Sst,False,False,False,none
igkgkige-1,TMA00315,Sst,False,False,False,none
igljejlf-1,TMA00315,CGRP-Zeta,False,False,False,none
iglmncpa-1,TMA00315,CGRP-Zeta,False,False,False,none
igmfpkol-1,TMA00315,CGRP-Zeta,False,False,False,none
igmpkfjk-1,TMA00315,Nonpeptidergic nociceptors,False,False,False,none
ignajedn-1,TMA00315,CGRP-Gamma 1,False,False,False,none
ignakckl-1,TMA00315,Nonpeptidergic nociceptors,False,False,False,none
ihaabppm-1,TMA00315,Nonpeptidergic nociceptors,False,False,False,none
ihakjabf-1,TMA00315,C-LTMR,False,False,False,none
ihandkmp-1,TMA00315,CGRP-Eta,False,False,False,none
ihbenmmi-1,TMA00315,Nonpeptidergic nociceptors,False,False,False,none
ihbfache-1,TMA00315,Abeta-Field,False,False,False,none
ihbimdam-1,TMA00315,CGRP-Epsilion,False,False,False,none
ihbimpmm-1,TMA00315,C-LTMR,False,False,False,none
ihbjmkkp-1,TMA00315,C-LTMR,False,False,False,none
ihbkccdg-1,TMA00315,TrpM8,False,False,False,none
ihbmjcel-1,TMA00315,CGRP-Eta,False,False,False,none
ihboocnd-1,TMA00315,Sst,False,False,False,none
ihbpdhcd-1,TMA00315,TrpM8,False,False,False,none
ihcfjoim-1,TMA00315,CGRP-Eta,False,False,False,none
ihcgpmee-1,TMA00315,Abeta-Field,False,False,False,none
ihdhlfdf-1,TMA00315,Nonpeptidergic nociceptors,False,False,False,none
ihdohbmh-1,TMA00315,Nonpeptidergic nociceptors,False,False,False,none
ihechmbd-1,TMA00315,TrpM8,False,False,False,none
iheeigcg-1,TMA00315,CGRP-Gamma 1,False,False,False,none
iheeokji-1,TMA00315,Nonpeptidergic nociceptors,False,False,False,none
iheiecgn-1,TMA00315,C-LTMR,False,False,False,none
ihkakaap-1,TMA00315,CGRP-Gamma 1,False,False,False,none
ihkhoaoo-1,TMA00315,Nonpeptidergic nociceptors,False,False,False,none
ihkpfgjl-1,TMA00315,Sst,False,False,False,none
ihmhhggo-1,TMA00315,CGRP-Gamma 1,False,False,False,none
ihmihlpp-1,TMA00315,CGRP-Gamma 1,False,False,False,none
iholejeh-1,TMA00315,Adelta-LTMR,False,True,False,dTomato_Seq2_hi
iibkddjo-1,TMA00315,CGRP-Zeta,False,False,False,none
iicalnoc-1,TMA00315,Nonpeptidergic nociceptors,False,False,False,none
iicceebg-1,TMA00315,CGRP-Gamma 1,False,False,False,none
iicngjhm-1,TMA00315,TrpM8,False,False,False,none
iicobgbm-1,TMA00315,Proprioceptors,False,False,False,none
iidajhme-1,TMA00315,TrpM8,False,False,False,none
iidbjnac-1,TMA00315,CGRP-Eta,False,False,False,none
iidgdhig-1,TMA00315,Abeta-RA-LTMR,False,False,False,none
iidlhpgf-1,TMA00315,Sst,False,False,False,none
iidpoejk-1,TMA00315,CGRP-Gamma 1,False,False,False,none
iiehnmha-1,TMA00315,Proprioceptors,False,False,False,none
iielmpck-1,TMA00315,Abeta-RA-LTMR,False,False,False,none
iifgilhl-1,TMA00315,CGRP-Epsilion,False,False,False,none
iifheekh-1,TMA00315,Nonpeptidergic nociceptors,False,False,False,none
iiflkbmo-1,TMA00315,Nonpeptidergic nociceptors,False,False,False,none
iifnkbnk-1,TMA00315,Nonpeptidergic nociceptors,False,False,False,none
iigkfgge-1,TMA00315,Nonpeptidergic nociceptors,False,False,False,none
iihbedbe-1,TMA00315,CGRP-Gamma 1,False,False,False,none
iihcofop-1,TMA00315,CGRP-Alpha,False,False,False,none
iihfcgke-1,TMA00315,Sst,False,False,False,none
iihfepkk-1,TMA00315,CGRP-Gamma 1,False,False,False,none
iihlpfef-1,TMA00315,CGRP-Theta,False,False,False,none
iihnpjhd-1,TMA00315,CGRP-Theta,False,False,False,none
iihofdde-1,TMA00315,CGRP-Gamma 1,False,False,False,none
iiibloag-1,TMA00315,CGRP-Alpha,False,False,False,none
iiibmnom-1,TMA00315,Nonpeptidergic nociceptors,False,False,False,none
iiideleb-1,TMA00315,CGRP-Theta,False,False,False,none
iiigmlag-1,TMA00315,CGRP-Theta,False,False,False,none
iiigodnd-1,TMA00315,CGRP-Theta,False,False,False,none
iiihpcbp-1,TMA00315,C-LTMR,False,False,False,none
iijbjjgf-1,TMA00315,Nonpeptidergic nociceptors,False,False,False,none
iijblken-1,TMA00315,TrpM8,False,False,False,none
iijiflbc-1,TMA00315,Nonpeptidergic nociceptors,False,False,False,none
iijnefdf-1,TMA00315,Nonpeptidergic nociceptors,False,False,False,none
iikccgof-1,TMA00315,Nonpeptidergic nociceptors,False,False,False,none
iikiiind-1,TMA00315,Adelta-LTMR,False,False,False,none
iikipifn-1,TMA00315,Adelta-LTMR,False,False,False,none
iikjmlgd-1,TMA00315,CGRP-Epsilion,False,False,False,none
iikkjadg-1,TMA00315,Adelta-LTMR,False,False,False,none
iikmjhcb-1,TMA00315,CGRP-Theta,False,False,False,none
iikocohc-1,TMA00315,CGRP-Gamma 1,False,False,False,none
iilaadbe-1,TMA00315,Nonpeptidergic nociceptors,False,False,False,none
iilelhml-1,TMA00315,CGRP-Gamma 2,False,True,False,dTomato_Seq2_hi
iilmjipi-1,TMA00315,C-LTMR,False,False,False,none
iimjlmmk-1,TMA00315,CGRP-Eta,False,False,False,none
iingmnpk-1,TMA00315,Abeta-Field,False,False,False,none
iiniohlm-1,TMA00315,CGRP-Gamma 2,False,False,False,none
iioebfbn-1,TMA00315,Nonpeptidergic nociceptors,False,False,False,none
iiojipoo-1,TMA00315,TrpM8,False,False,False,none
iionbhcp-1,TMA00315,CGRP-Zeta,False,False,False,none
iionookg-1,TMA00315,Nonpeptidergic nociceptors,False,False,False,none
iipdgien-1,TMA00315,CGRP-Gamma 1,False,False,False,none
iipjaghe-1,TMA00315,CGRP-Gamma 1,False,False,False,none
iipmcimn-1,TMA00315,CGRP-Gamma 1,False,False,False,none
iipnjdfk-1,TMA00315,CGRP-Zeta,False,False,False,none
ijaapnbi-1,TMA00315,CGRP-Zeta,False,False,False,none
ijacnahc-1,TMA00315,CGRP-Gamma 1,False,False,False,none
ijaennaj-1,TMA00315,CGRP-Gamma 1,False,False,False,none
ijamgheo-1,TMA00315,Adelta-LTMR,False,False,False,none
ijampldn-1,TMA00315,Abeta-Field,False,False,False,none
ijbcmjlo-1,TMA00315,Proprioceptors,False,False,False,none
ijbdeoko-1,TMA00315,CGRP-Gamma 1,False,False,False,none
ijbgkjgj-1,TMA00315,CGRP-Gamma 1,False,False,False,none
ijbjlhgf-1,TMA00315,CGRP-Gamma 1,False,False,False,none
ijbpgkce-1,TMA00315,CGRP-Gamma 1,False,False,False,none
ijceidla-1,TMA00315,C-LTMR,False,False,False,none
ijcfhdoh-1,TMA00315,Proprioceptors,False,False,False,none
ijcmgilp-1,TMA00315,Proprioceptors,False,False,False,none
ijcnkgjg-1,TMA00315,Proprioceptors,False,False,False,none
ijcpngad-1,TMA00315,CGRP-Gamma 1,False,False,False,none
ijdaaeol-1,TMA00315,CGRP-Gamma 1,False,False,False,none
ijdbamcg-1,TMA00315,CGRP-Gamma 1,False,False,False,none
ijdbfphm-1,TMA00315,CGRP-Gamma 1,False,False,False,none
ijdbkecb-1,TMA00315,CGRP-Gamma 2,False,False,False,none
ijdegmhn-1,TMA00315,Nonpeptidergic nociceptors,False,False,False,none
ijdemcdk-1,TMA00315,CGRP-Zeta,False,False,False,none
ijdhkpag-1,TMA00315,CGRP-Gamma 1,False,False,False,none
ijdhpabo-1,TMA00315,CGRP-Gamma 1,False,False,False,none
ijdiofpe-1,TMA00315,CGRP-Eta,False,False,False,none
ijdmdgei-1,TMA00315,CGRP-Gamma 1,False,False,False,none
ijdoiidb-1,TMA00315,CGRP-Gamma 1,False,False,False,none
ijebhhhl-1,TMA00315,Proprioceptors,False,False,False,none
ijecomik-1,TMA00315,CGRP-Gamma 1,False,False,False,none
ijedkjgc-1,TMA00315,Proprioceptors,True,False,False,EGFP_Seq1_hi
ijedmglb-1,TMA00315,CGRP-Gamma 1,False,False,False,none
ijeekmgh-1,TMA00315,CGRP-Gamma 1,False,False,False,none
ijefppek-1,TMA00315,CGRP-Gamma 1,False,False,False,none
ijemdlln-1,TMA00315,CGRP-Gamma 1,False,False,False,none
ijemfnna-1,TMA00315,CGRP-Alpha,False,False,False,none
ijenhalc-1,TMA00315,CGRP-Alpha,False,False,False,none
ijeocicl-1,TMA00315,CGRP-Eta,False,False,False,none
ijeofado-1,TMA00315,Adelta-LTMR,False,False,False,none
ijfdhnoj-1,TMA00315,CGRP-Zeta,False,False,False,none
ijfhgcgb-1,TMA00315,TrpM8,False,False,False,none
ijfjlppi-1,TMA00315,CGRP-Gamma 1,False,False,False,none
ijflanpc-1,TMA00315,TrpM8,False,False,False,none
ijfmjema-1,TMA00315,CGRP-Eta,False,False,False,none
ijfoabed-1,TMA00315,Nonpeptidergic nociceptors,False,False,False,none
ijgeegip-1,TMA00315,CGRP-Eta,False,False,False,none
ijgjaaoi-1,TMA00315,CGRP-Zeta,False,False,False,none
ijgjbnji-1,TMA00315,CGRP-Gamma 1,False,False,False,none
ijglcieb-1,TMA00315,TrpM8,False,False,False,none
ijglhljj-1,TMA00315,TrpM8,False,False,False,none
ijgmbfol-1,TMA00315,Adelta-LTMR,False,False,False,none
ijgnegel-1,TMA00315,Abeta-Field,False,False,False,none
ijhbbfnb-1,TMA00315,Abeta-Field,False,False,False,none
ijhckogm-1,TMA00315,Proprioceptors,False,False,False,none
ijhdkcnk-1,TMA00315,Abeta-RA-LTMR,False,False,False,none
ijhfbfhh-1,TMA00315,Abeta-Field,False,False,False,none
ijhggbpi-1,TMA00315,CGRP-Gamma 1,False,False,False,none
ijhkmhbf-1,TMA00315,CGRP-Gamma 2,False,False,False,none
ijhnkkkl-1,TMA00315,CGRP-Eta,False,False,False,none
ijiajjjb-1,TMA00315,CGRP-Gamma 1,False,False,False,none
ijicjmmp-1,TMA00315,CGRP-Eta,False,False,False,none
ijiggejm-1,TMA00315,CGRP-Gamma 1,False,False,False,none
ijilamdc-1,TMA00315,Nonpeptidergic nociceptors,False,False,False,none
ijilfkba-1,TMA00315,CGRP-Gamma 1,False,False,False,none
ijilgoke-1,TMA00315,Nonpeptidergic nociceptors,False,False,False,none
ijinjjee-1,TMA00315,C-LTMR,False,False,False,none
ijioaebj-1,TMA00315,CGRP-Gamma 1,False,False,False,none
ijiophmb-1,TMA00315,CGRP-Gamma 1,False,False,False,none
ijjfklpl-1,TMA00315,CGRP-Gamma 1,False,False,False,none
ijjllhki-1,TMA00315,Nonpeptidergic nociceptors,False,False,False,none
ijjpkbgi-1,TMA00315,Sst,False,False,False,none
ijkcecbh-1,TMA00315,CGRP-Gamma 1,False,False,False,none
ijkfmkjh-1,TMA00315,CGRP-Alpha,False,False,False,none
ijkjldmc-1,TMA00315,CGRP-Gamma 1,False,False,False,none
ijkknhoh-1,TMA00315,CGRP-Gamma 2,False,False,False,none
ijkmjpci-1,TMA00315,CGRP-Gamma 1,False,False,False,none
ijkpkfbd-1,TMA00315,CGRP-Gamma 1,False,False,False,none
ijkpmmka-1,TMA00315,CGRP-Gamma 1,False,False,False,none
ijlbbcgd-1,TMA00315,CGRP-Gamma 2,False,False,False,none
ijlcegdj-1,TMA00315,Abeta-Field,False,False,False,none
ijlgjngn-1,TMA00315,CGRP-Gamma 2,False,False,False,none
ijlhlppd-1,TMA00315,Nonpeptidergic nociceptors,False,False,False,none
ijmacbeb-1,TMA00315,C-LTMR,False,False,False,none
ijmcccnk-1,TMA00315,CGRP-Theta,False,False,False,none
ijmdllcc-1,TMA00315,Abeta-Field,False,False,False,none
ijmhlech-1,TMA00315,Abeta-Field,False,False,False,none
ijmmaafb-1,TMA00315,Abeta-Field,False,False,False,none
ijnjcigl-1,TMA00315,CGRP-Eta,False,False,False,none
ijnlkppm-1,TMA00315,Abeta-Field,False,False,False,none
ijobdekb-1,TMA00315,Abeta-RA-LTMR,False,False,False,none
ijodepjp-1,TMA00315,CGRP-Gamma 1,False,False,False,none
ijokmdfp-1,TMA00315,C-LTMR,False,False,False,none
ijolagmg-1,TMA00315,C-LTMR,False,False,False,none
ijomllnd-1,TMA00315,CGRP-Gamma 1,False,False,False,none
ijpgppon-1,TMA00315,TrpM8,False,False,False,none
ijpjhhja-1,TMA00315,CGRP-Beta,False,False,False,none
ijpjnjdd-1,TMA00315,CGRP-Gamma 1,False,False,False,none
ijpmdglo-1,TMA00315,C-LTMR,False,False,False,none
ijpoodjg-1,TMA00315,Nonpeptidergic nociceptors,False,False,False,none
ijpoonmf-1,TMA00315,CGRP-Zeta,False,False,False,none
ijppcjmc-1,TMA00315,CGRP-Gamma 1,False,False,False,none
ikaadjfm-1,TMA00315,CGRP-Gamma 1,False,False,False,none
ikaaekai-1,TMA00315,CGRP-Zeta,False,False,False,none
ikahmpkj-1,TMA00315,Nonpeptidergic nociceptors,False,False,False,none
ikajefld-1,TMA00315,CGRP-Alpha,False,False,False,none
ikaomibh-1,TMA00315,CGRP-Gamma 1,False,False,False,none
ikapadac-1,TMA00315,Nonpeptidergic nociceptors,False,False,False,none
ikapgpib-1,TMA00315,CGRP-Epsilion,False,False,False,none
ikbedlal-1,TMA00315,Nonpeptidergic nociceptors,False,False,False,none
ikbemjaf-1,TMA00315,CGRP-Gamma 1,True,False,False,EGFP_Seq1_hi
ikbhkenn-1,TMA00315,C-LTMR,False,False,False,none
ikbhoopp-1,TMA00315,CGRP-Theta,False,False,False,none
ikbilhpc-1,TMA00315,Nonpeptidergic nociceptors,False,False,False,none
ikbldbfb-1,TMA00315,CGRP-Epsilion,False,False,False,none
ikelgicf-1,TMA00315,CGRP-Gamma 1,False,False,False,none
ikfdgbml-1,TMA00315,CGRP-Beta,False,False,False,none
ikfdjmlf-1,TMA00315,CGRP-Gamma 2,False,False,False,none
ikgdhkdc-1,TMA00315,TrpM8,False,False,False,none
ikhjmkbl-1,TMA00315,CGRP-Gamma 1,False,False,False,none
ikhjpbcj-1,TMA00315,CGRP-Gamma 2,False,False,False,none
ikhkapgl-1,TMA00315,CGRP-Gamma 2,False,False,False,none
ikhlimkn-1,TMA00315,CGRP-Gamma 1,False,True,False,dTomato_Seq2_hi
ikhmhilc-1,TMA00315,Abeta-Field,False,False,False,none
ikmeniii-1,TMA00315,Sst,False,False,False,none
ikncedpn-1,TMA00315,Sst,False,False,False,none
ikncfkke-1,TMA00315,Sst,False,False,False,none
ikoglckp-1,TMA00315,CGRP-Eta,False,False,False,none
ikpojafi-1,TMA00315,Sst,False,False,False,none
ilafhkkj-1,TMA00315,Sst,False,False,False,none
ilbikagj-1,TMA00315,Sst,False,False,False,none
ilcppnim-1,TMA00315,Sst,False,False,False,none
ildfbmnf-1,TMA00315,TrpM8,False,False,False,none
ildfinnd-1,TMA00315,CGRP-Gamma 1,False,False,False,none
ildmfnjb-1,TMA00315,CGRP-Gamma 1,False,False,False,none
ildpnnha-1,TMA00315,Nonpeptidergic nociceptors,False,False,False,none
ileehacn-1,TMA00315,CGRP-Gamma 1,False,False,False,none
ilehcbob-1,TMA00315,Sst,False,False,False,none
ilfgmdba-1,TMA00315,CGRP-Gamma 1,False,False,False,none
ilfnbbdi-1,TMA00315,Nonpeptidergic nociceptors,False,False,False,none
ilgbihka-1,TMA00315,CGRP-Alpha,False,False,False,none
ilhccoap-1,TMA00315,CGRP-Gamma 1,False,False,False,none
ilhebaeb-1,TMA00315,Sst,False,False,False,none
ilhedndo-1,TMA00315,CGRP-Eta,False,False,False,none
ilheopcl-1,TMA00315,Nonpeptidergic nociceptors,False,False,False,none
ilhfenje-1,TMA00315,Abeta-Field,False,False,False,none
ilhfgnnj-1,TMA00315,Nonpeptidergic nociceptors,False,False,False,none
ilhjnfkn-1,TMA00315,CGRP-Zeta,False,False,False,none
ilhkgbne-1,TMA00315,CGRP-Gamma 2,False,False,False,none
ilijcgkc-1,TMA00315,CGRP-Eta,False,False,False,none
ilipbced-1,TMA00315,Adelta-LTMR,False,False,False,none
ilipcoib-1,TMA00315,CGRP-Epsilion,False,False,False,none
iljboiai-1,TMA00315,CGRP-Gamma 1,False,False,False,none
iljfhbha-1,TMA00315,CGRP-Epsilion,False,False,False,none
iljgjdnd-1,TMA00315,CGRP-Eta,False,False,False,none
iljgphep-1,TMA00315,CGRP-Eta,False,False,False,none
iljkffga-1,TMA00315,CGRP-Theta,False,False,False,none
iljkkeam-1,TMA00315,Proprioceptors,False,False,False,none
iljmgihi-1,TMA00315,CGRP-Theta,False,False,False,none
iljpadem-1,TMA00315,CGRP-Epsilion,False,False,False,none
ilkajocf-1,TMA00315,Proprioceptors,False,False,False,none
ilkigddp-1,TMA00315,Proprioceptors,False,False,False,none
ilkjlaoi-1,TMA00315,CGRP-Gamma 1,False,False,False,none
ilklekjj-1,TMA00315,CGRP-Epsilion,False,False,False,none
ilknmblf-1,TMA00315,CGRP-Theta,False,False,False,none
illdnhcj-1,TMA00315,Proprioceptors,False,False,False,none
illgmebc-1,TMA00315,Sst,False,False,False,none
illgpncj-1,TMA00315,TrpM8,False,False,False,none
illjhoad-1,TMA00315,Abeta-RA-LTMR,False,False,False,none
illledek-1,TMA00315,CGRP-Gamma 1,False,False,False,none
illlkdem-1,TMA00315,CGRP-Gamma 1,False,False,False,none
ilmfndhn-1,TMA00315,Abeta-Field,True,True,True,EGFP_dTomato_dual_hi
ilmjibee-1,TMA00315,C-LTMR,False,False,False,none
ilmlgaon-1,TMA00315,C-LTMR,False,False,False,none
ilmpagib-1,TMA00315,CGRP-Eta,False,False,False,none
ilnbmilp-1,TMA00315,C-LTMR,False,False,False,none
ilnmbanf-1,TMA00315,CGRP-Beta,False,False,False,none
ilnnnceo-1,TMA00315,CGRP-Zeta,False,False,False,none
ilobahnf-1,TMA00315,Nonpeptidergic nociceptors,False,False,False,none
ilofjlmi-1,TMA00315,Nonpeptidergic nociceptors,False,False,False,none
ilohgjan-1,TMA00315,Abeta-RA-LTMR,False,False,False,none
ilokejco-1,TMA00315,TrpM8,False,False,False,none
ilolfogi-1,TMA00315,Nonpeptidergic nociceptors,False,False,False,none
ilonibhk-1,TMA00315,CGRP-Alpha,False,False,False,none
ilonlmfl-1,TMA00315,CGRP-Zeta,False,False,False,none
ilpapimn-1,TMA00315,Proprioceptors,False,False,False,none
ilpddenl-1,TMA00315,Nonpeptidergic nociceptors,False,False,False,none
ilphlkgc-1,TMA00315,TrpM8,False,False,False,none
ilpiphje-1,TMA00315,Abeta-Field,False,False,False,none
imalbnoc-1,TMA00315,Nonpeptidergic nociceptors,False,False,False,none
imbhepec-1,TMA00315,CGRP-Gamma 2,False,False,False,none
imbkggbd-1,TMA00315,CGRP-Zeta,False,False,False,none
imcfjjfe-1,TMA00315,Nonpeptidergic nociceptors,False,False,False,none
imcjdoii-1,TMA00315,Nonpeptidergic nociceptors,False,False,False,none
imcmaino-1,TMA00315,CGRP-Eta,False,False,False,none
imcmkiil-1,TMA00315,CGRP-Epsilion,False,False,False,none
imdhbjgm-1,TMA00315,Nonpeptidergic nociceptors,False,False,False,none
imdpdklb-1,TMA00315,CGRP-Gamma 2,False,False,False,none
imeakebk-1,TMA00315,Abeta-RA-LTMR,False,False,False,none
imehgfmg-1,TMA00315,CGRP-Gamma 2,False,False,False,none
imeidpml-1,TMA00315,C-LTMR,False,False,False,none
imgcnidn-1,TMA00315,Nonpeptidergic nociceptors,False,False,False,none
imgeinlo-1,TMA00315,TrpM8,False,False,False,none
imgfjdna-1,TMA00315,C-LTMR,False,False,False,none
imggpdld-1,TMA00315,CGRP-Eta,False,False,False,none
imghimoe-1,TMA00315,Abeta-RA-LTMR,False,False,False,none
imienfob-1,TMA00315,CGRP-Eta,False,False,False,none
incdahbb-1,TMA00315,CGRP-Beta,False,False,False,none
ineokheg-1,TMA00315,CGRP-Gamma 1,False,False,False,none
ineppogn-1,TMA00315,CGRP-Gamma 1,False,False,False,none
inffgkag-1,TMA00315,CGRP-Eta,False,False,False,none
infgjlnn-1,TMA00315,Abeta-Field,False,False,False,none
infjealg-1,TMA00315,CGRP-Gamma 1,False,False,False,none
ingekdjc-1,TMA00315,CGRP-Gamma 2,False,False,False,none
ingibkee-1,TMA00315,CGRP-Gamma 2,False,False,False,none
ingiohdn-1,TMA00315,Abeta-Field,False,False,False,none
ingjmkdp-1,TMA00315,CGRP-Alpha,False,False,False,none
ingobean-1,TMA00315,Abeta-Field,False,False,False,none
ingppald-1,TMA00315,CGRP-Gamma 1,False,False,False,none
inhakhfg-1,TMA00315,CGRP-Gamma 1,False,False,False,none
inhkgioi-1,TMA00315,Nonpeptidergic nociceptors,False,False,False,none
inicdoig-1,TMA00315,Abeta-Field,False,False,False,none
inicklcn-1,TMA00315,CGRP-Alpha,False,False,False,none
inidnmbf-1,TMA00315,CGRP-Epsilion,False,False,False,none
injndgdj-1,TMA00315,Proprioceptors,False,False,False,none
inkidljl-1,TMA00315,Proprioceptors,False,False,False,none
inkkollg-1,TMA00315,CGRP-Epsilion,False,False,False,none
inkpjbhm-1,TMA00315,Abeta-Field,False,False,False,none
inldejhf-1,TMA00315,Abeta-Field,False,False,False,none
inlhihpn-1,TMA00315,CGRP-Zeta,False,False,False,none
inlinhgj-1,TMA00315,CGRP-Zeta,False,False,False,none
inljbdph-1,TMA00315,CGRP-Zeta,False,False,False,none
inmenboa-1,TMA00315,Abeta-Field,False,False,False,none
inminjpd-1,TMA00315,Abeta-Field,False,False,False,none
inmjgdfa-1,TMA00315,Abeta-RA-LTMR,False,False,False,none
inmmcnog-1,TMA00315,Abeta-Field,False,False,False,none
inmmhgjj-1,TMA00315,CGRP-Gamma 1,False,False,False,none
inmnblac-1,TMA00315,Abeta-Field,False,False,False,none
inmngoid-1,TMA00315,CGRP-Gamma 1,False,False,False,none
inmoiopi-1,TMA00315,Abeta-Field,False,False,False,none
inmpgdie-1,TMA00315,CGRP-Gamma 1,False,True,False,dTomato_Seq2_hi
innbdpmh-1,TMA00315,Adelta-LTMR,False,False,False,none
innbgcop-1,TMA00315,Abeta-RA-LTMR,False,False,False,none
inndpkdo-1,TMA00315,Abeta-Field,False,False,False,none
innllbcp-1,TMA00315,Proprioceptors,False,False,False,none
inodnbnl-1,TMA00315,CGRP-Theta,False,False,False,none
inokdmci-1,TMA00315,Nonpeptidergic nociceptors,False,False,False,none
inoknobg-1,TMA00315,Nonpeptidergic nociceptors,False,False,False,none
inokohao-1,TMA00315,CGRP-Eta,False,False,False,none
inpaoojb-1,TMA00315,CGRP-Eta,False,False,False,none
inphpegi-1,TMA00315,CGRP-Zeta,False,False,False,none
inpjgokm-1,TMA00315,Nonpeptidergic nociceptors,False,False,False,none
inpoefmd-1,TMA00315,Abeta-RA-LTMR,False,False,False,none
ioaclged-1,TMA00315,Abeta-RA-LTMR,False,False,False,none
ioaiinni-1,TMA00315,Abeta-RA-LTMR,False,False,False,none
ioaimobm-1,TMA00315,CGRP-Gamma 1,False,False,False,none
ioaleaie-1,TMA00315,CGRP-Gamma 1,False,False,False,none
iobakhki-1,TMA00315,CGRP-Theta,False,False,False,none
iobhmplh-1,TMA00315,Abeta-RA-LTMR,False,False,False,none
iobipnbg-1,TMA00315,Abeta-Field,False,False,False,none
iobjjfdm-1,TMA00315,Abeta-Field,False,False,False,none
iobomnib-1,TMA00315,Abeta-RA-LTMR,False,False,False,none
ioccpkmp-1,TMA00315,Nonpeptidergic nociceptors,False,False,False,none
iocdjiep-1,TMA00315,CGRP-Gamma 2,False,False,False,none
iocekfbh-1,TMA00315,CGRP-Gamma 2,False,False,False,none
iocplfjm-1,TMA00315,Sst,False,False,False,none
iodkehfd-1,TMA00315,CGRP-Theta,False,False,False,none
ioeadjkh-1,TMA00315,CGRP-Gamma 2,False,False,False,none
ioeafdap-1,TMA00315,Nonpeptidergic nociceptors,False,False,False,none
ioeapagp-1,TMA00315,CGRP-Zeta,False,False,False,none
ioebchmk-1,TMA00315,CGRP-Theta,False,False,False,none
ioeebndh-1,TMA00315,CGRP-Theta,False,False,False,none
ioehnkig-1,TMA00315,CGRP-Gamma 1,False,False,False,none
iofdljcl-1,TMA00315,CGRP-Gamma 1,False,False,False,none
iofebfgl-1,TMA00315,CGRP-Alpha,False,False,False,none
ioffghbc-1,TMA00315,Nonpeptidergic nociceptors,False,False,False,none
iofiekne-1,TMA00315,C-LTMR,False,False,False,none
iofknige-1,TMA00315,Nonpeptidergic nociceptors,False,False,False,none
ioflppnj-1,TMA00315,CGRP-Epsilion,False,False,False,none
iofpolid-1,TMA00315,Nonpeptidergic nociceptors,False,False,False,none
iogajcol-1,TMA00315,CGRP-Gamma 1,False,False,False,none
iogbfief-1,TMA00315,CGRP-Gamma 1,False,False,False,none
iogiagco-1,TMA00315,Abeta-Field,False,False,False,none
iogigpam-1,TMA00315,CGRP-Gamma 1,False,False,False,none
iogjgfmf-1,TMA00315,CGRP-Eta,False,False,False,none
iogmlbbn-1,TMA00315,CGRP-Gamma 1,False,False,False,none
iogmpihm-1,TMA00315,CGRP-Gamma 1,False,False,False,none
iogpokpa-1,TMA00315,Nonpeptidergic nociceptors,False,False,False,none
iohbjgdh-1,TMA00315,Nonpeptidergic nociceptors,False,False,False,none
iohgloen-1,TMA00315,CGRP-Gamma 1,False,False,False,none
iohlalib-1,TMA00315,Nonpeptidergic nociceptors,False,False,False,none
iohpobcf-1,TMA00315,Nonpeptidergic nociceptors,False,False,False,none
ioinkejo-1,TMA00315,CGRP-Gamma 1,False,False,False,none
iomaoeno-1,TMA00315,CGRP-Eta,False,False,False,none
iomdicok-1,TMA00315,Nonpeptidergic nociceptors,False,False,False,none
iomnahlo-1,TMA00315,Nonpeptidergic nociceptors,False,False,False,none
iomplogh-1,TMA00315,CGRP-Theta,False,False,False,none
iongfcdf-1,TMA00315,CGRP-Zeta,False,False,False,none
ionhlenp-1,TMA00315,CGRP-Gamma 2,False,False,False,none
ionkiale-1,TMA00315,CGRP-Zeta,False,False,False,none
ionldegb-1,TMA00315,CGRP-Zeta,False,False,False,none
ionllgaj-1,TMA00315,CGRP-Gamma 1,False,False,False,none
ionllhch-1,TMA00315,Nonpeptidergic nociceptors,False,False,False,none
ioobbpfe-1,TMA00315,CGRP-Eta,False,False,False,none
ioodidaa-1,TMA00315,CGRP-Eta,False,False,False,none
iooneeed-1,TMA00315,CGRP-Eta,False,False,False,none
iopamcik-1,TMA00315,CGRP-Eta,False,False,False,none
iopidmji-1,TMA00315,Nonpeptidergic nociceptors,False,False,False,none
iopifgcl-1,TMA00315,Nonpeptidergic nociceptors,False,False,False,none
ipabnhch-1,TMA00315,CGRP-Gamma 1,False,False,False,none
ipbkdmhb-1,TMA00315,CGRP-Epsilion,False,False,False,none
ipbohnhj-1,TMA00315,Nonpeptidergic nociceptors,False,False,False,none
ipcdiloi-1,TMA00315,CGRP-Gamma 1,False,False,False,none
ipcjkgni-1,TMA00315,CGRP-Gamma 1,False,False,False,none
ipcmpgpp-1,TMA00315,CGRP-Epsilion,False,False,False,none
ipcpkbmh-1,TMA00315,Nonpeptidergic nociceptors,False,False,False,none
ipdfhcei-1,TMA00315,Nonpeptidergic nociceptors,False,False,False,none
ipdgnmka-1,TMA00315,CGRP-Epsilion,False,False,False,none
ipdhmhmh-1,TMA00315,Nonpeptidergic nociceptors,False,False,False,none
ipdppmlb-1,TMA00315,CGRP-Gamma 1,False,False,False,none
ipekabhi-1,TMA00315,CGRP-Zeta,False,False,False,none
ipemhfec-1,TMA00315,Nonpeptidergic nociceptors,False,False,False,none
ipenjkck-1,TMA00315,Nonpeptidergic nociceptors,False,False,False,none
ipepnmdh-1,TMA00315,Nonpeptidergic nociceptors,False,False,False,none
ipfecndf-1,TMA00315,CGRP-Theta,False,False,False,none
ipfjdcpg-1,TMA00315,Nonpeptidergic nociceptors,False,False,False,none
ipgandhd-1,TMA00315,TrpM8,False,False,False,none
ipgjadpb-1,TMA00315,CGRP-Gamma 1,False,False,False,none
ipgkhmha-1,TMA00315,CGRP-Beta,False,False,False,none
ipgmighh-1,TMA00315,CGRP-Gamma 1,False,False,False,none
ipgnjemg-1,TMA00315,TrpM8,False,False,False,none
iphbfoin-1,TMA00315,CGRP-Theta,False,False,False,none
iphbofhi-1,TMA00315,Nonpeptidergic nociceptors,False,False,False,none
iphchidp-1,TMA00315,Sst,False,False,False,none
iphdaaai-1,TMA00315,Sst,False,False,False,none
iphdgejl-1,TMA00315,Abeta-Field,False,False,False,none
iphhbimc-1,TMA00315,TrpM8,False,False,False,none
iphkligo-1,TMA00315,Nonpeptidergic nociceptors,False,False,False,none
iphpdidk-1,TMA00315,CGRP-Eta,False,False,False,none
ipiglngh-1,TMA00315,TrpM8,False,False,False,none
ipilfnph-1,TMA00315,Sst,False,False,False,none
ipillhoo-1,TMA00315,Sst,False,False,False,none
ipjcnbkd-1,TMA00315,CGRP-Eta,False,False,False,none
ipjkbpnh-1,TMA00315,CGRP-Theta,False,False,False,none
ipkopcma-1,TMA00315,CGRP-Theta,False,False,False,none
iplodfpd-1,TMA00315,Nonpeptidergic nociceptors,False,False,False,none
ipmllohj-1,TMA00315,Proprioceptors,False,False,False,none
ipmmlbaa-1,TMA00315,CGRP-Epsilion,False,False,False,none
ipndfbdh-1,TMA00315,TrpM8,False,False,False,none
ipollank-1,TMA00315,Abeta-RA-LTMR,False,False,False,none
ipoobecc-1,TMA00315,Abeta-Field,False,False,False,none
ippkbkai-1,TMA00315,CGRP-Zeta,False,False,False,none
ippndcih-1,TMA00315,Nonpeptidergic nociceptors,False,False,False,none
ippopgda-1,TMA00315,Nonpeptidergic nociceptors,False,False,False,none
jaaaadbb-1,TMA00315,Nonpeptidergic nociceptors,False,False,False,none
jaafhohe-1,TMA00315,CGRP-Zeta,False,False,False,none
jabmdloo-1,TMA00315,Nonpeptidergic nociceptors,False,False,False,none
jacafknl-1,TMA00315,CGRP-Zeta,False,False,False,none
jachpklc-1,TMA00315,Adelta-LTMR,False,False,False,none
jacnnkjl-1,TMA00315,Nonpeptidergic nociceptors,False,False,False,none
jadcnppn-1,TMA00315,Nonpeptidergic nociceptors,False,False,False,none
jadjgope-1,TMA00315,CGRP-Theta,False,False,False,none
jadpedhc-1,TMA00315,Nonpeptidergic nociceptors,False,False,False,none
jaegenkf-1,TMA00315,Sst,False,False,False,none
jaehfefd-1,TMA00315,CGRP-Zeta,False,False,False,none
jafcdldh-1,TMA00315,CGRP-Zeta,False,False,False,none
jaffifhj-1,TMA00315,Adelta-LTMR,False,False,False,none
jagcjbdf-1,TMA00315,CGRP-Zeta,False,False,False,none
jagehkdj-1,TMA00315,CGRP-Zeta,False,False,False,none
jagelaob-1,TMA00315,Abeta-Field,False,False,False,none
jagfkheo-1,TMA00315,Abeta-Field,False,False,False,none
jagheaak-1,TMA00315,Abeta-Field,False,False,False,none
jagkglpb-1,TMA00315,Abeta-RA-LTMR,False,False,False,none
jaglgcai-1,TMA00315,Adelta-LTMR,False,False,False,none
jaglmeia-1,TMA00315,Adelta-LTMR,False,False,False,none
jaidafcb-1,TMA00315,Abeta-Field,False,False,False,none
jaiglfjj-1,TMA00315,Nonpeptidergic nociceptors,False,False,False,none
jaihogho-1,TMA00315,CGRP-Theta,False,False,False,none
jajlanbi-1,TMA00315,Nonpeptidergic nociceptors,False,False,False,none
jajlcefb-1,TMA00315,CGRP-Eta,False,False,False,none
jajnhhmh-1,TMA00315,Adelta-LTMR,False,False,False,none
jakagmip-1,TMA00315,Nonpeptidergic nociceptors,False,False,False,none
jaobkodp-1,TMA00315,Nonpeptidergic nociceptors,False,False,False,none
jaodokff-1,TMA00315,Nonpeptidergic nociceptors,False,False,False,none
jaojgmcb-1,TMA00315,Proprioceptors,False,False,False,none
japdmomg-1,TMA00315,Abeta-Field,False,False,False,none
japekngo-1,TMA00315,Abeta-Field,False,False,False,none
japjbgij-1,TMA00315,CGRP-Eta,False,False,False,none
jbbibenc-1,TMA00315,Abeta-RA-LTMR,False,False,False,none
jbbilmhe-1,TMA00315,CGRP-Gamma 1,False,False,False,none
jbbipbpj-1,TMA00315,CGRP-Gamma 1,False,False,False,none
jbboffbe-1,TMA00315,Nonpeptidergic nociceptors,False,False,False,none
jbcpjpog-1,TMA00315,CGRP-Theta,False,False,False,none
jbdbhkbm-1,TMA00315,CGRP-Gamma 1,False,False,False,none
jbegeffc-1,TMA00315,Abeta-Field,False,False,False,none
jbekjokj-1,TMA00315,CGRP-Zeta,False,False,False,none
jbfldkfg-1,TMA00315,CGRP-Zeta,False,False,False,none
jbhkmcbb-1,TMA00315,Abeta-Field,False,False,False,none
jbhlebmj-1,TMA00315,Nonpeptidergic nociceptors,False,False,False,none
jbhngcad-1,TMA00315,Nonpeptidergic nociceptors,False,False,False,none
jbicmcmk-1,TMA00315,CGRP-Theta,False,False,False,none
jbioabll-1,TMA00315,CGRP-Theta,False,False,False,none
jbionlgb-1,TMA00315,Nonpeptidergic nociceptors,False,False,False,none
jbjlijme-1,TMA00315,Nonpeptidergic nociceptors,False,False,False,none
jbkaemdf-1,TMA00315,Nonpeptidergic nociceptors,False,False,False,none
jbkdjnfk-1,TMA00315,Nonpeptidergic nociceptors,False,False,False,none
jcbccfbk-1,TMA00315,Nonpeptidergic nociceptors,False,False,False,none
jdfmogop-1,TMA00315,CGRP-Eta,False,False,False,none
jdggnief-1,TMA00315,Abeta-RA-LTMR,False,False,False,none
jdginbci-1,TMA00315,CGRP-Eta,False,False,False,none
jdgonaca-1,TMA00315,CGRP-Zeta,False,False,False,none
jdhajbdh-1,TMA00315,CGRP-Eta,False,False,False,none
jdhdhelj-1,TMA00315,CGRP-Eta,False,False,False,none
jdhifbgm-1,TMA00315,CGRP-Eta,False,False,False,none
jdhimndp-1,TMA00315,CGRP-Gamma 1,False,False,False,none
jdhnhpdl-1,TMA00315,Nonpeptidergic nociceptors,False,False,False,none
jdhpdkjb-1,TMA00315,Nonpeptidergic nociceptors,False,False,False,none
jdibdkcl-1,TMA00315,Nonpeptidergic nociceptors,False,False,False,none
jdjplemm-1,TMA00315,CGRP-Epsilion,False,False,False,none
jdkcgnef-1,TMA00315,CGRP-Epsilion,False,False,False,none
jdmkkboo-1,TMA00315,CGRP-Eta,False,False,False,none
jdmofhng-1,TMA00315,Adelta-LTMR,False,False,False,none
jdmoigeh-1,TMA00315,Adelta-LTMR,False,False,False,none
jdmpealh-1,TMA00315,CGRP-Epsilion,False,False,False,none
jdokknoo-1,TMA00315,Nonpeptidergic nociceptors,False,False,False,none
jdolhipd-1,TMA00315,CGRP-Gamma 2,False,False,False,none
jdopacpi-1,TMA00315,Nonpeptidergic nociceptors,False,False,False,none
jdpemmlm-1,TMA00315,Nonpeptidergic nociceptors,False,False,False,none
jdpjoijg-1,TMA00315,CGRP-Theta,False,False,False,none
jdpkcmef-1,TMA00315,Nonpeptidergic nociceptors,False,False,False,none
jdpngfmf-1,TMA00315,CGRP-Eta,False,False,False,none
jeafembe-1,TMA00315,CGRP-Epsilion,False,False,False,none
jeafjjgg-1,TMA00315,Adelta-LTMR,False,False,False,none
jeahahep-1,TMA00315,Abeta-Field,False,False,False,none
jeanglfj-1,TMA00315,CGRP-Theta,False,False,False,none
jebcigfd-1,TMA00315,CGRP-Theta,False,False,False,none
jebfiiel-1,TMA00315,Nonpeptidergic nociceptors,False,False,False,none
jebgiide-1,TMA00315,Nonpeptidergic nociceptors,False,False,False,none
jebhliei-1,TMA00315,Nonpeptidergic nociceptors,False,False,False,none
jebjmlai-1,TMA00315,Nonpeptidergic nociceptors,False,False,False,none
jecfomhg-1,TMA00315,CGRP-Eta,False,False,False,none
jecjcfge-1,TMA00315,Nonpeptidergic nociceptors,False,False,False,none
jedfiecd-1,TMA00315,CGRP-Epsilion,False,False,False,none
jedgpooi-1,TMA00315,CGRP-Zeta,False,False,False,none
jedhfoib-1,TMA00315,CGRP-Gamma 1,False,False,False,none
jeebdpak-1,TMA00315,CGRP-Zeta,False,False,False,none
jeeebpca-1,TMA00315,Sst,False,False,False,none
jeefldlk-1,TMA00315,CGRP-Gamma 1,False,False,False,none
jeehojfd-1,TMA00315,CGRP-Zeta,False,False,False,none
jeeiieek-1,TMA00315,CGRP-Zeta,False,False,False,none
jefbmemo-1,TMA00315,Sst,False,False,False,none
jefchcdm-1,TMA00315,Sst,False,False,False,none
jefeecpc-1,TMA00315,Sst,False,False,False,none
jefogfcb-1,TMA00315,Sst,False,False,False,none
jefpjhie-1,TMA00315,TrpM8,False,False,False,none
jegfbcec-1,TMA00315,CGRP-Zeta,False,False,False,none
jeggdibk-1,TMA00315,CGRP-Theta,False,False,False,none
jeggppbk-1,TMA00315,CGRP-Eta,False,False,False,none
jegijhai-1,TMA00315,Nonpeptidergic nociceptors,False,False,False,none
jeglichm-1,TMA00315,Nonpeptidergic nociceptors,False,False,False,none
jehagaho-1,TMA00315,Nonpeptidergic nociceptors,False,False,False,none
jehbcibe-1,TMA00315,Nonpeptidergic nociceptors,False,False,False,none
jehgohgd-1,TMA00315,Abeta-Field,False,False,False,none
jehifohj-1,TMA00315,CGRP-Theta,False,False,False,none
jehmfcbo-1,TMA00315,CGRP-Eta,False,False,False,none
jehnbfop-1,TMA00315,CGRP-Theta,False,False,False,none
jeinapmh-1,TMA00315,CGRP-Theta,False,False,False,none
jeiohcmn-1,TMA00315,CGRP-Theta,False,False,False,none
jejcoake-1,TMA00315,CGRP-Gamma 1,False,False,False,none
jejjncgk-1,TMA00315,CGRP-Gamma 1,False,False,False,none
jejlaohh-1,TMA00315,Nonpeptidergic nociceptors,False,False,False,none
jekciajd-1,TMA00315,CGRP-Theta,False,False,False,none
jekjhgcb-1,TMA00315,CGRP-Gamma 2,False,True,False,dTomato_Seq2_hi
jenmelad-1,TMA00315,CGRP-Theta,False,False,False,none
jeoideaf-1,TMA00315,CGRP-Eta,False,False,False,none
jeopjdgl-1,TMA00315,Nonpeptidergic nociceptors,False,False,False,none
jfningbe-1,TMA00315,CGRP-Alpha,False,False,False,none
jgabcgni-1,TMA00315,Nonpeptidergic nociceptors,False,False,False,none
jicphamd-1,TMA00315,CGRP-Gamma 1,False,False,False,none
jiegkbjp-1,TMA00315,CGRP-Gamma 1,False,False,False,none
jifgnfed-1,TMA00315,CGRP-Gamma 2,False,False,False,none
jifjoedl-1,TMA00315,CGRP-Gamma 1,False,False,False,none
jigcpbok-1,TMA00315,CGRP-Gamma 1,False,False,False,none
jiggccla-1,TMA00315,CGRP-Gamma 1,False,False,False,none
jigkfapo-1,TMA00315,Nonpeptidergic nociceptors,False,False,False,none
jigpfgfi-1,TMA00315,CGRP-Gamma 1,False,False,False,none
jihcfflo-1,TMA00315,CGRP-Beta,False,False,False,none
jihdkgmk-1,TMA00315,TrpM8,False,False,False,none
jihhlncn-1,TMA00315,CGRP-Eta,False,False,False,none
jiipngkp-1,TMA00315,CGRP-Zeta,False,False,False,none
jilljcjk-1,TMA00315,CGRP-Gamma 1,False,False,False,none
jilnnheb-1,TMA00315,TrpM8,False,False,False,none
jilplmjh-1,TMA00315,CGRP-Gamma 1,False,False,False,none
jimeanom-1,TMA00315,CGRP-Gamma 1,False,False,False,none
jipinimi-1,TMA00315,Nonpeptidergic nociceptors,False,False,False,none
jjapemdj-1,TMA00315,CGRP-Alpha,False,False,False,none
jjcmignj-1,TMA00315,CGRP-Gamma 1,False,False,False,none
jjcnfhmf-1,TMA00315,CGRP-Gamma 1,False,False,False,none
jjcpcjja-1,TMA00315,Nonpeptidergic nociceptors,False,False,False,none
jjdhenmg-1,TMA00315,C-LTMR,False,False,False,none
jjdjcplj-1,TMA00315,Abeta-RA-LTMR,False,False,False,none
jjejlmdc-1,TMA00315,CGRP-Zeta,False,False,False,none
jjemnpim-1,TMA00315,CGRP-Zeta,False,False,False,none
jjepikaf-1,TMA00315,CGRP-Zeta,False,False,False,none
jjfeakgd-1,TMA00315,CGRP-Gamma 1,False,False,False,none
jjgephfc-1,TMA00315,Nonpeptidergic nociceptors,False,False,False,none
jjgmjjkb-1,TMA00315,Nonpeptidergic nociceptors,False,False,False,none
jjheoidb-1,TMA00315,CGRP-Zeta,False,False,False,none
jjjbaccl-1,TMA00315,CGRP-Gamma 1,False,False,False,none
jjjfonlf-1,TMA00315,CGRP-Zeta,False,False,False,none
jjkjdelf-1,TMA00315,C-LTMR,False,False,False,none
jjlipdeh-1,TMA00315,CGRP-Gamma 1,False,False,False,none
jjmnhkdo-1,TMA00315,CGRP-Alpha,False,False,False,none
jjndmdpe-1,TMA00315,Sst,False,False,False,none
jjngimhb-1,TMA00315,Sst,False,False,False,none
jjnkclln-1,TMA00315,Sst,False,False,False,none
jjnlhbeh-1,TMA00315,Sst,False,False,False,none
jjnmjagl-1,TMA00315,Sst,False,False,False,none
jjnojlbm-1,TMA00315,Nonpeptidergic nociceptors,False,False,False,none
jjojmlee-1,TMA00315,CGRP-Alpha,False,False,False,none
jjonljod-1,TMA00315,Sst,False,False,False,none
jjpghehi-1,TMA00315,C-LTMR,False,False,False,none
jjpgimnc-1,TMA00315,CGRP-Theta,False,False,False,none
jjpicdgh-1,TMA00315,CGRP-Theta,False,False,False,none
jkaghnnh-1,TMA00315,C-LTMR,False,False,False,none
jkbaicej-1,TMA00315,C-LTMR,False,False,False,none
jkbbgkng-1,TMA00315,C-LTMR,False,False,False,none
jkbdhhba-1,TMA00315,CGRP-Eta,False,False,False,none
jkbeofin-1,TMA00315,CGRP-Theta,False,False,False,none
jkboddck-1,TMA00315,C-LTMR,False,False,False,none
jkcajldd-1,TMA00315,C-LTMR,False,False,False,none
jkcicbpg-1,TMA00315,CGRP-Theta,False,False,False,none
jkgabneb-1,TMA00315,Adelta-LTMR,False,False,False,none
jkggfbdp-1,TMA00315,CGRP-Epsilion,False,False,False,none
jkjcpcgk-1,TMA00315,CGRP-Gamma 1,False,False,False,none
jkjedmbk-1,TMA00315,CGRP-Gamma 1,False,False,False,none
jkjhmmfb-1,TMA00315,CGRP-Gamma 1,False,False,False,none
jkkbmjjl-1,TMA00315,CGRP-Alpha,False,False,False,none
jknihkka-1,TMA00315,C-LTMR,False,False,False,none
jkohgaok-1,TMA00315,CGRP-Gamma 1,False,False,False,none
jkoikmgp-1,TMA00315,CGRP-Gamma 1,False,False,False,none
jkojkmaj-1,TMA00315,CGRP-Gamma 1,False,False,False,none
jkolligg-1,TMA00315,CGRP-Theta,False,False,False,none
jkomgabo-1,TMA00315,CGRP-Gamma 1,False,False,False,none
jkpnmffp-1,TMA00315,C-LTMR,False,False,False,none
jlaaocmb-1,TMA00315,CGRP-Gamma 1,False,False,False,none
jlabaibm-1,TMA00315,CGRP-Gamma 1,False,False,False,none
jlacofpj-1,TMA00315,CGRP-Gamma 1,False,False,False,none
jlaejmfd-1,TMA00315,C-LTMR,False,False,False,none
jlagkkig-1,TMA00315,CGRP-Alpha,False,False,False,none
jlanpgbl-1,TMA00315,CGRP-Alpha,False,False,False,none
jlbeogmi-1,TMA00315,Sst,False,False,False,none
jlbmdgbg-1,TMA00315,Sst,False,False,False,none
jlcanaco-1,TMA00315,Nonpeptidergic nociceptors,False,False,False,none
jlchaidd-1,TMA00315,Nonpeptidergic nociceptors,False,False,False,none
jlcpklag-1,TMA00315,Nonpeptidergic nociceptors,False,False,False,none
jldafpel-1,TMA00315,Abeta-RA-LTMR,False,False,False,none
jledhbek-1,TMA00315,Abeta-Field,False,False,False,none
jlekoeii-1,TMA00315,Abeta-RA-LTMR,False,False,False,none
jlpfehnn-1,TMA00315,CGRP-Epsilion,False,False,False,none
jlppaldk-1,TMA00315,Nonpeptidergic nociceptors,False,False,False,none
jlppbjjp-1,TMA00315,Nonpeptidergic nociceptors,False,False,False,none
jmakedmo-1,TMA00315,CGRP-Zeta,False,False,False,none
jmamcjhc-1,TMA00315,CGRP-Epsilion,False,False,False,none
jmapijjk-1,TMA00315,CGRP-Epsilion,False,False,False,none
jngppkal-1,TMA00315,CGRP-Gamma 1,False,False,False,none
jnhbjich-1,TMA00315,CGRP-Zeta,False,False,False,none
jnhdccji-1,TMA00315,CGRP-Gamma 1,False,False,False,none
jnhjpbjm-1,TMA00315,Nonpeptidergic nociceptors,False,False,False,none
jnhojimg-1,TMA00315,Nonpeptidergic nociceptors,False,False,False,none
jnimhgcn-1,TMA00315,Nonpeptidergic nociceptors,False,False,False,none
jnimnpgh-1,TMA00315,Nonpeptidergic nociceptors,False,False,False,none
jnkdginl-1,TMA00315,Abeta-RA-LTMR,False,False,False,none
jnklalci-1,TMA00315,CGRP-Eta,False,False,False,none
jnklkojl-1,TMA00315,TrpM8,False,False,False,none
jnlggcej-1,TMA00315,Sst,False,False,False,none
jnloakkc-1,TMA00315,CGRP-Epsilion,False,False,False,none
jnloncgi-1,TMA00315,TrpM8,False,False,False,none
jnmbkjak-1,TMA00315,Nonpeptidergic nociceptors,False,False,False,none
jnmbmjdp-1,TMA00315,C-LTMR,False,False,False,none
jnmcjcjc-1,TMA00315,Abeta-Field,False,False,False,none
jnmdhjmo-1,TMA00315,TrpM8,False,False,False,none
jnmgpjhi-1,TMA00315,Sst,False,False,False,none
jnmmiolp-1,TMA00315,Nonpeptidergic nociceptors,False,False,False,none
jnngmaaf-1,TMA00315,CGRP-Gamma 2,False,False,False,none
jnnhpiob-1,TMA00315,CGRP-Gamma 2,False,False,False,none
jnnpdiao-1,TMA00315,C-LTMR,False,False,False,none
jnocjdpb-1,TMA00315,C-LTMR,False,False,False,none
jnohnddj-1,TMA00315,CGRP-Eta,False,False,False,none
jnojjkjm-1,TMA00315,CGRP-Zeta,False,False,False,none
jnojmdae-1,TMA00315,CGRP-Zeta,False,False,False,none
jnombbim-1,TMA00315,CGRP-Gamma 1,False,False,False,none
jnpdeaff-1,TMA00315,Nonpeptidergic nociceptors,False,False,False,none
jnpdelaa-1,TMA00315,CGRP-Theta,False,False,False,none
joconfec-1,TMA00315,C-LTMR,False,False,False,none
jocplded-1,TMA00315,Adelta-LTMR,False,False,False,none
jodcjabp-1,TMA00315,Adelta-LTMR,False,False,False,none
joglkmlm-1,TMA00315,Sst,False,False,False,none
johidhid-1,TMA00315,Sst,False,False,False,none
joigakoc-1,TMA00315,CGRP-Eta,False,False,False,none
jojaplbk-1,TMA00315,CGRP-Eta,False,False,False,none
jolfekhl-1,TMA00315,CGRP-Gamma 2,False,False,False,none
jolgjoeo-1,TMA00315,Nonpeptidergic nociceptors,False,False,False,none
jolgkoep-1,TMA00315,Proprioceptors,False,False,False,none
jologiom-1,TMA00315,Nonpeptidergic nociceptors,False,False,False,none
jomdjjco-1,TMA00315,Nonpeptidergic nociceptors,False,False,False,none
jompnmem-1,TMA00315,TrpM8,False,False,False,none
jonacmjp-1,TMA00315,Nonpeptidergic nociceptors,False,False,False,none
jonbacch-1,TMA00315,CGRP-Gamma 1,False,False,False,none
jonlboee-1,TMA00315,CGRP-Theta,False,False,False,none
jopmdnil-1,TMA00315,TrpM8,False,False,False,none
jpabpemf-1,TMA00315,Sst,False,False,False,none
jpahfjio-1,TMA00315,CGRP-Gamma 1,False,False,False,none
jpahkpeh-1,TMA00315,Nonpeptidergic nociceptors,False,True,False,dTomato_Seq2_hi
jpaobjid-1,TMA00315,Nonpeptidergic nociceptors,False,False,False,none
jpapklff-1,TMA00315,Sst,False,False,False,none
jpbcimlk-1,TMA00315,Sst,False,False,False,none
jpbdhkgj-1,TMA00315,CGRP-Gamma 2,False,False,False,none
jpbemlnc-1,TMA00315,CGRP-Eta,False,False,False,none
jpbjeefp-1,TMA00315,CGRP-Gamma 1,False,False,False,none
jpblhfmc-1,TMA00315,CGRP-Gamma 1,False,False,False,none
jpbnkckh-1,TMA00315,CGRP-Gamma 1,False,False,False,none
jpbplpbm-1,TMA00315,TrpM8,False,False,False,none
jpcbkemj-1,TMA00315,TrpM8,False,False,False,none
jpcelhin-1,TMA00315,C-LTMR,False,False,False,none
jpcgiogm-1,TMA00315,CGRP-Eta,False,False,False,none
jpciffme-1,TMA00315,CGRP-Theta,False,False,False,none
jpckmccj-1,TMA00315,Nonpeptidergic nociceptors,False,False,False,none
jpcmglan-1,TMA00315,CGRP-Gamma 1,False,False,False,none
jpdngomb-1,TMA00315,CGRP-Eta,False,False,False,none
jpeklhdo-1,TMA00315,CGRP-Gamma 1,False,False,False,none
jpfamopm-1,TMA00315,CGRP-Gamma 1,False,False,False,none
jpfggkeh-1,TMA00315,CGRP-Alpha,False,False,False,none
jpgdcnfp-1,TMA00315,Sst,False,False,False,none
jpghengm-1,TMA00315,Sst,False,False,False,none
jphnanhd-1,TMA00315,Nonpeptidergic nociceptors,False,False,False,none
jpigfmkp-1,TMA00315,Nonpeptidergic nociceptors,False,False,False,none
jpijmkdk-1,TMA00315,CGRP-Eta,False,False,False,none
jpimdmmn-1,TMA00315,CGRP-Eta,False,False,False,none
jpjdbgff-1,TMA00315,CGRP-Gamma 2,False,False,False,none
jpkggggb-1,TMA00315,CGRP-Gamma 1,False,False,False,none
jpkmhnkn-1,TMA00315,CGRP-Eta,False,False,False,none
jplcammh-1,TMA00315,CGRP-Eta,False,False,False,none
jppindlo-1,TMA00315,Abeta-Field,False,False,False,none
kaaclclg-1,TMA00315,Nonpeptidergic nociceptors,False,False,False,none
kaaohcoi-1,TMA00315,Proprioceptors,False,False,False,none
kacneeme-1,TMA00315,CGRP-Gamma 1,False,False,False,none
kadinghh-1,TMA00315,CGRP-Epsilion,False,False,False,none
kadmmjpl-1,TMA00315,Proprioceptors,False,False,False,none
kadnppdk-1,TMA00315,Nonpeptidergic nociceptors,False,False,False,none
kaebcdpj-1,TMA00315,Proprioceptors,False,False,False,none
kaeefomp-1,TMA00315,Nonpeptidergic nociceptors,False,False,False,none
kaejakdb-1,TMA00315,Nonpeptidergic nociceptors,False,False,False,none
kaejhmia-1,TMA00315,Nonpeptidergic nociceptors,False,False,False,none
kaelpicc-1,TMA00315,CGRP-Gamma 1,False,False,False,none
kaflccoh-1,TMA00315,CGRP-Eta,False,False,False,none
kagbhpmb-1,TMA00315,TrpM8,False,False,False,none
kagldkme-1,TMA00315,CGRP-Gamma 1,False,False,False,none
kahbgdgc-1,TMA00315,CGRP-Gamma 1,False,False,False,none
kahlfngf-1,TMA00315,CGRP-Gamma 1,False,False,False,none
kakkjdbn-1,TMA00315,CGRP-Beta,False,False,False,none
kakkoicp-1,TMA00315,CGRP-Gamma 1,False,False,False,none
kakmdkdn-1,TMA00315,Sst,False,False,False,none
kaknicej-1,TMA00315,CGRP-Gamma 1,False,False,False,none
kalbhlnd-1,TMA00315,CGRP-Alpha,False,False,False,none
kalfpcbc-1,TMA00315,CGRP-Gamma 1,False,False,False,none
kamdlbag-1,TMA00315,CGRP-Gamma 1,False,False,False,none
kamidain-1,TMA00315,CGRP-Eta,False,False,False,none
kanlkkea-1,TMA00315,TrpM8,False,False,False,none
kaopmjah-1,TMA00315,CGRP-Gamma 1,False,False,False,none
kapfikma-1,TMA00315,TrpM8,False,False,False,none
kbailmfa-1,TMA00315,TrpM8,False,False,False,none
kbbagjde-1,TMA00315,TrpM8,False,False,False,none
kbdklani-1,TMA00315,CGRP-Gamma 1,False,False,False,none
kbeiiham-1,TMA00315,CGRP-Gamma 1,False,False,False,none
kbejomob-1,TMA00315,CGRP-Eta,False,False,False,none
kbgeefjg-1,TMA00315,C-LTMR,False,False,False,none
kbgepipk-1,TMA00315,C-LTMR,False,False,False,none
kbgjjloa-1,TMA00315,CGRP-Alpha,False,False,False,none
kbhagdoi-1,TMA00315,CGRP-Gamma 1,False,False,False,none
kbhjponl-1,TMA00315,TrpM8,False,False,False,none
kbhkngoo-1,TMA00315,TrpM8,False,False,False,none
kbieobkl-1,TMA00315,CGRP-Gamma 1,False,False,False,none
kbkednld-1,TMA00315,Nonpeptidergic nociceptors,False,False,False,none
kblcekii-1,TMA00315,CGRP-Epsilion,False,False,False,none
kblediha-1,TMA00315,Nonpeptidergic nociceptors,False,False,False,none
kbnilnaj-1,TMA00315,CGRP-Alpha,False,False,False,none
kbofpjpe-1,TMA00315,CGRP-Gamma 1,False,False,False,none
kbopocmi-1,TMA00315,CGRP-Beta,False,False,False,none
kcabhnla-1,TMA00315,Adelta-LTMR,False,False,False,none
kcaljijg-1,TMA00315,CGRP-Eta,False,False,False,none
kcalohoa-1,TMA00315,CGRP-Eta,False,False,False,none
kcbfiahp-1,TMA00315,CGRP-Eta,False,False,False,none
kcbiplak-1,TMA00315,Nonpeptidergic nociceptors,False,False,False,none
kcbkbcem-1,TMA00315,Sst,False,False,False,none
kcbnafgk-1,TMA00315,CGRP-Eta,False,False,False,none
kccmklim-1,TMA00315,CGRP-Gamma 2,False,False,False,none
kccnaeha-1,TMA00315,CGRP-Gamma 1,False,False,False,none
kccomnij-1,TMA00315,Nonpeptidergic nociceptors,False,False,False,none
kcdgjckl-1,TMA00315,Nonpeptidergic nociceptors,False,False,False,none
kcdhedgo-1,TMA00315,CGRP-Gamma 1,False,False,False,none
kcdjbefh-1,TMA00315,CGRP-Zeta,False,False,False,none
kcdnepje-1,TMA00315,CGRP-Alpha,False,False,False,none
kcedemdg-1,TMA00315,CGRP-Gamma 1,False,False,False,none
kcejecji-1,TMA00315,CGRP-Gamma 1,False,False,False,none
kcejimnk-1,TMA00315,CGRP-Eta,False,False,False,none
kcejoipl-1,TMA00315,CGRP-Gamma 1,False,False,False,none
kceplani-1,TMA00315,CGRP-Gamma 1,False,False,False,none
kcfldapm-1,TMA00315,CGRP-Gamma 2,False,False,False,none
kcfmgeml-1,TMA00315,CGRP-Gamma 1,False,False,False,none
kcgjendf-1,TMA00315,CGRP-Alpha,False,False,False,none
kcgkfpmg-1,TMA00315,CGRP-Gamma 1,False,False,False,none
kcglienc-1,TMA00315,CGRP-Gamma 1,False,False,False,none
kcgmoomk-1,TMA00315,Nonpeptidergic nociceptors,False,False,False,none
kchbhmgb-1,TMA00315,CGRP-Gamma 1,False,False,False,none
kchpmcjj-1,TMA00315,TrpM8,False,False,False,none
kcidgdaa-1,TMA00315,CGRP-Beta,False,False,False,none
kciinjia-1,TMA00315,CGRP-Gamma 1,False,False,False,none
kcjbmpjn-1,TMA00315,C-LTMR,False,False,False,none
kcjefobi-1,TMA00315,TrpM8,False,False,False,none
kcjholhd-1,TMA00315,CGRP-Alpha,False,False,False,none
kckppcal-1,TMA00315,Sst,False,False,False,none
kcmlmeci-1,TMA00315,CGRP-Gamma 1,False,False,False,none
kcnhifed-1,TMA00315,CGRP-Eta,False,False,False,none
kcnlfhfc-1,TMA00315,CGRP-Theta,False,False,False,none
kcnligdo-1,TMA00315,CGRP-Theta,False,False,False,none
kcoaagba-1,TMA00315,CGRP-Theta,False,False,False,none
kcocpjhp-1,TMA00315,CGRP-Gamma 1,False,False,False,none
kcodindb-1,TMA00315,CGRP-Gamma 1,False,False,False,none
kcoegdmg-1,TMA00315,Proprioceptors,False,False,False,none
kcoeoonh-1,TMA00315,CGRP-Alpha,False,False,False,none
kcohpaeh-1,TMA00315,CGRP-Epsilion,False,False,False,none
kcpacgpf-1,TMA00315,CGRP-Epsilion,False,False,False,none
kcpfohda-1,TMA00315,Proprioceptors,False,False,False,none
kcpnamca-1,TMA00315,CGRP-Zeta,False,False,False,none
kdadbbka-1,TMA00315,CGRP-Epsilion,False,False,False,none
kdaiafkf-1,TMA00315,CGRP-Gamma 1,False,False,False,none
kdajjghl-1,TMA00315,Proprioceptors,False,False,False,none
kdajkeea-1,TMA00315,CGRP-Epsilion,False,False,False,none
kdalajlo-1,TMA00315,CGRP-Eta,False,False,False,none
kdbjkkli-1,TMA00315,CGRP-Gamma 2,False,False,False,none
kdccbpmk-1,TMA00315,CGRP-Gamma 2,False,False,False,none
kdcdlkbh-1,TMA00315,CGRP-Gamma 1,False,False,False,none
kdcdncfg-1,TMA00315,CGRP-Gamma 1,False,False,False,none
kddcompj-1,TMA00315,CGRP-Gamma 1,False,False,False,none
kddelaha-1,TMA00315,CGRP-Gamma 1,False,False,False,none
kddkgcji-1,TMA00315,CGRP-Alpha,False,False,False,none
kddlodbh-1,TMA00315,TrpM8,False,False,False,none
kddmjmcb-1,TMA00315,Sst,False,False,False,none
kddonjje-1,TMA00315,CGRP-Gamma 1,False,False,False,none
kdeefjon-1,TMA00315,CGRP-Beta,False,False,False,none
kdejoidj-1,TMA00315,TrpM8,False,False,False,none
kdenjmhm-1,TMA00315,CGRP-Gamma 2,False,False,False,none
kdfclbac-1,TMA00315,CGRP-Gamma 1,False,False,False,none
kdgbnaog-1,TMA00315,CGRP-Eta,False,False,False,none
kdgjjcmn-1,TMA00315,Sst,False,False,False,none
kdhhgabo-1,TMA00315,TrpM8,False,False,False,none
kdhphhno-1,TMA00315,CGRP-Gamma 1,False,False,False,none
kdjgecnh-1,TMA00315,CGRP-Gamma 1,False,False,False,none
kdkaacbb-1,TMA00315,CGRP-Gamma 1,False,False,False,none
kdlkfakn-1,TMA00315,CGRP-Gamma 1,False,False,False,none
kdlmfhao-1,TMA00315,CGRP-Gamma 1,False,False,False,none
kdmcjggg-1,TMA00315,CGRP-Gamma 1,False,False,False,none
kdnekhef-1,TMA00315,CGRP-Gamma 1,False,False,False,none
kdphgalb-1,TMA00315,CGRP-Beta,False,False,False,none
kdpkemke-1,TMA00315,CGRP-Beta,False,False,False,none
kdpoijbo-1,TMA00315,CGRP-Gamma 1,False,False,False,none
keakhipg-1,TMA00315,CGRP-Gamma 1,False,False,False,none
kedhplch-1,TMA00315,CGRP-Gamma 1,False,False,False,none
kedjdgak-1,TMA00315,CGRP-Gamma 1,False,False,False,none
keicefak-1,TMA00315,CGRP-Beta,False,False,False,none
kejegmbp-1,TMA00315,TrpM8,False,False,False,none
kemdpoko-1,TMA00315,TrpM8,False,False,False,none
keofbipe-1,TMA00315,Abeta-Field,False,False,False,none
keoghlbe-1,TMA00315,Abeta-Field,False,False,False,none
kepegacm-1,TMA00315,Sst,False,False,False,none
kfeoioeo-1,TMA00315,Nonpeptidergic nociceptors,False,False,False,none
kfkooiod-1,TMA00315,TrpM8,False,False,False,none
kfnjijgf-1,TMA00315,Abeta-RA-LTMR,False,False,False,none
kfpdgded-1,TMA00315,TrpM8,False,False,False,none
kgaepdcl-1,TMA00315,TrpM8,False,False,False,none
kgajajoi-1,TMA00315,TrpM8,False,False,False,none
kgbnpckg-1,TMA00315,CGRP-Alpha,False,False,False,none
kglmgckk-1,TMA00315,Nonpeptidergic nociceptors,False,False,False,none
kgmegadm-1,TMA00315,Nonpeptidergic nociceptors,False,False,False,none
kgmidkpm-1,TMA00315,Nonpeptidergic nociceptors,False,False,False,none
kgoioaem-1,TMA00315,Nonpeptidergic nociceptors,False,False,False,none
kigncgnf-1,TMA00315,Nonpeptidergic nociceptors,False,False,False,none
kigncndb-1,TMA00315,TrpM8,False,False,False,none
kigndfpi-1,TMA00315,Sst,False,False,False,none
kihadkpj-1,TMA00315,Nonpeptidergic nociceptors,False,False,False,none
kihbigkd-1,TMA00315,Nonpeptidergic nociceptors,False,False,False,none
kihfdmpd-1,TMA00315,CGRP-Zeta,False,False,False,none
kiiabpdd-1,TMA00315,Nonpeptidergic nociceptors,False,False,False,none
kiiajieg-1,TMA00315,Nonpeptidergic nociceptors,False,False,False,none
kiidcbgf-1,TMA00315,CGRP-Zeta,False,False,False,none
kiifbdld-1,TMA00315,Nonpeptidergic nociceptors,False,False,False,none
kiiiclcg-1,TMA00315,TrpM8,False,False,False,none
kiiljpog-1,TMA00315,Nonpeptidergic nociceptors,False,False,False,none
kilfhobe-1,TMA00315,C-LTMR,False,False,False,none
kilndnjh-1,TMA00315,C-LTMR,False,False,False,none
kilnjfaa-1,TMA00315,CGRP-Zeta,False,False,False,none
kilnmdoi-1,TMA00315,Nonpeptidergic nociceptors,False,False,False,none
kilnmjif-1,TMA00315,TrpM8,False,False,False,none
kilnnnna-1,TMA00315,CGRP-Beta,False,False,False,none
kkppckcl-1,TMA00315,CGRP-Alpha,False,False,False,none
klaaoggg-1,TMA00315,CGRP-Alpha,False,False,False,none
klacmpmc-1,TMA00315,Abeta-RA-LTMR,False,False,False,none
klagabij-1,TMA00315,Abeta-RA-LTMR,False,False,False,none
kldjgnkm-1,TMA00315,Proprioceptors,False,False,False,none
kldmoimp-1,TMA00315,Abeta-RA-LTMR,False,False,False,none
kldnoeoh-1,TMA00315,Proprioceptors,False,False,False,none
klebimee-1,TMA00315,Nonpeptidergic nociceptors,False,False,False,none
klkgiikd-1,TMA00315,CGRP-Zeta,False,False,False,none
klknlhfg-1,TMA00315,CGRP-Eta,False,False,False,none
klknmjba-1,TMA00315,CGRP-Zeta,False,False,False,none
klljlmik-1,TMA00315,CGRP-Gamma 2,False,False,False,none
kllllbai-1,TMA00315,Sst,False,False,False,none
klmdjppo-1,TMA00315,CGRP-Epsilion,False,False,False,none
klmdofhp-1,TMA00315,CGRP-Epsilion,False,False,False,none
klmhjihd-1,TMA00315,Sst,False,False,False,none
klnjmaco-1,TMA00315,CGRP-Zeta,False,False,False,none
kmaeciea-1,TMA00315,Nonpeptidergic nociceptors,False,False,False,none
kmaifkpi-1,TMA00315,Abeta-RA-LTMR,False,False,False,none
kmbnjghd-1,TMA00315,Abeta-RA-LTMR,False,False,False,none
kmddojfe-1,TMA00315,Abeta-Field,False,False,False,none
kmenoilp-1,TMA00315,Proprioceptors,False,False,False,none
kmhlihik-1,TMA00315,Nonpeptidergic nociceptors,False,False,False,none
kmipnbpc-1,TMA00315,CGRP-Theta,False,False,False,none
kmjcfgik-1,TMA00315,CGRP-Theta,False,False,False,none
kmjcfigo-1,TMA00315,CGRP-Theta,False,False,False,none
kmjnihaa-1,TMA00315,CGRP-Theta,False,False,False,none
kmjocond-1,TMA00315,CGRP-Theta,False,False,False,none
kmlcgcji-1,TMA00315,CGRP-Theta,False,False,False,none
kmolddnp-1,TMA00315,Nonpeptidergic nociceptors,False,False,False,none
kmolmnmf-1,TMA00315,Nonpeptidergic nociceptors,False,False,False,none
knahnfec-1,TMA00315,Sst,False,False,False,none
kncajoid-1,TMA00315,CGRP-Epsilion,False,False,False,none
kncpamli-1,TMA00315,CGRP-Epsilion,False,False,False,none
kndefbig-1,TMA00315,Nonpeptidergic nociceptors,False,False,False,none
kndnjbpf-1,TMA00315,Nonpeptidergic nociceptors,False,False,False,none
kndonhba-1,TMA00315,Nonpeptidergic nociceptors,False,False,False,none
kndpfpod-1,TMA00315,CGRP-Eta,False,False,False,none
knehgipb-1,TMA00315,Nonpeptidergic nociceptors,False,False,False,none
knenfdpn-1,TMA00315,C-LTMR,False,False,False,none
knfgpjjn-1,TMA00315,CGRP-Alpha,False,False,False,none
knfiicca-1,TMA00315,CGRP-Theta,False,False,False,none
knghcfia-1,TMA00315,Abeta-RA-LTMR,False,False,False,none
knhabael-1,TMA00315,Abeta-RA-LTMR,False,False,False,none
knhohplp-1,TMA00315,CGRP-Eta,False,False,False,none
knicmohi-1,TMA00315,C-LTMR,False,False,False,none
knidllfn-1,TMA00315,Abeta-RA-LTMR,False,False,False,none
knifpidk-1,TMA00315,Nonpeptidergic nociceptors,False,False,False,none
knillijj-1,TMA00315,Nonpeptidergic nociceptors,False,False,False,none
knjcfhim-1,TMA00315,Nonpeptidergic nociceptors,False,False,False,none
knjdmikm-1,TMA00315,Nonpeptidergic nociceptors,False,False,False,none
knkfkgop-1,TMA00315,CGRP-Theta,False,False,False,none
knlnfpoh-1,TMA00315,Abeta-Field,False,False,False,none
knmcmjib-1,TMA00315,Nonpeptidergic nociceptors,False,False,False,none
knmgclki-1,TMA00315,CGRP-Zeta,False,False,False,none
knmhfnbp-1,TMA00315,Nonpeptidergic nociceptors,False,False,False,none
knpggikp-1,TMA00315,Abeta-Field,False,False,False,none
kobcfegm-1,TMA00315,Nonpeptidergic nociceptors,False,False,False,none
kocfbfcj-1,TMA00315,Nonpeptidergic nociceptors,False,False,False,none
kochjpgc-1,TMA00315,CGRP-Theta,False,False,False,none
kocjccje-1,TMA00315,Sst,False,False,False,none
kocniili-1,TMA00315,Sst,False,False,False,none
kodabbmo-1,TMA00315,Sst,False,False,False,none
kodggfhn-1,TMA00315,Nonpeptidergic nociceptors,False,False,False,none
koechcdk-1,TMA00315,C-LTMR,False,False,False,none
koemnooi-1,TMA00315,CGRP-Theta,False,False,False,none
kofgkbfo-1,TMA00315,Nonpeptidergic nociceptors,False,False,False,none
kofkhgce-1,TMA00315,CGRP-Theta,False,False,False,none
koglbmcm-1,TMA00315,CGRP-Theta,False,False,False,none
kogmppni-1,TMA00315,Nonpeptidergic nociceptors,False,False,False,none
kognpbno-1,TMA00315,Nonpeptidergic nociceptors,False,False,False,none
kohanoal-1,TMA00315,CGRP-Theta,False,False,False,none
kohpfbon-1,TMA00315,Nonpeptidergic nociceptors,False,False,False,none
kolchebf-1,TMA00315,Nonpeptidergic nociceptors,False,False,False,none
kopomcdm-1,TMA00315,Nonpeptidergic nociceptors,False,False,False,none
lbcbflmi-1,TMA00315,C-LTMR,False,False,False,none
lbcelphj-1,TMA00315,TrpM8,False,False,False,none
lbcghnbm-1,TMA00315,CGRP-Alpha,False,False,False,none
lbdfmnjj-1,TMA00315,C-LTMR,False,False,False,none
lbhbccdm-1,TMA00315,Nonpeptidergic nociceptors,False,False,False,none
lbhcbpbd-1,TMA00315,Nonpeptidergic nociceptors,False,False,False,none
lbhcinpj-1,TMA00315,Nonpeptidergic nociceptors,False,False,False,none
lbhcnhdp-1,TMA00315,CGRP-Gamma 1,False,False,False,none
lbhhbbda-1,TMA00315,CGRP-Gamma 1,False,False,False,none
lbphfapb-1,TMA00315,CGRP-Theta,False,False,False,none
lbphiodb-1,TMA00315,CGRP-Theta,False,False,False,none
lbpobgae-1,TMA00315,Proprioceptors,False,False,False,none
lbppedlj-1,TMA00315,TrpM8,False,False,False,none
lcamolcb-1,TMA00315,CGRP-Epsilion,False,False,False,none
lcckbakn-1,TMA00315,C-LTMR,False,False,False,none
lccmjcom-1,TMA00315,CGRP-Theta,False,False,False,none
lccmjebf-1,TMA00315,C-LTMR,False,False,False,none
lcdcbeeg-1,TMA00315,TrpM8,False,False,False,none
lcdcgpik-1,TMA00315,TrpM8,False,False,False,none
lcdhinac-1,TMA00315,TrpM8,False,False,False,none
lcdijmnl-1,TMA00315,Nonpeptidergic nociceptors,False,False,False,none
lcdknmkm-1,TMA00315,Nonpeptidergic nociceptors,False,False,False,none
lcdliaee-1,TMA00315,Nonpeptidergic nociceptors,False,False,False,none
lcdncdfn-1,TMA00315,CGRP-Alpha,False,False,False,none
lceihioj-1,TMA00315,Nonpeptidergic nociceptors,False,False,False,none
lcejhpgk-1,TMA00315,Nonpeptidergic nociceptors,False,False,False,none
lcenkflm-1,TMA00315,TrpM8,False,False,False,none
lcfaegpm-1,TMA00315,TrpM8,False,False,False,none
lcgcbefk-1,TMA00315,CGRP-Theta,False,False,False,none
lcgccoci-1,TMA00315,Abeta-Field,False,False,False,none
lcghoehn-1,TMA00315,Proprioceptors,False,False,False,none
lcgjffhb-1,TMA00315,Abeta-Field,False,False,False,none
lcgnhccf-1,TMA00315,Nonpeptidergic nociceptors,False,False,False,none
lchfcafh-1,TMA00315,CGRP-Alpha,False,False,False,none
lchfldnk-1,TMA00315,Proprioceptors,False,False,False,none
lchhijmg-1,TMA00315,CGRP-Alpha,False,False,False,none
lchmfldb-1,TMA00315,Abeta-Field,False,False,False,none
lciblnbm-1,TMA00315,TrpM8,False,False,False,none
lcieeeph-1,TMA00315,Nonpeptidergic nociceptors,False,False,False,none
lcjecgmg-1,TMA00315,Abeta-RA-LTMR,False,False,False,none
lcjfmell-1,TMA00315,Nonpeptidergic nociceptors,False,False,False,none
lcjkmfdb-1,TMA00315,Nonpeptidergic nociceptors,False,False,False,none
lcjmhifg-1,TMA00315,Abeta-RA-LTMR,False,False,False,none
lckidgfa-1,TMA00315,Abeta-Field,False,False,False,none
lckpfjkl-1,TMA00315,CGRP-Theta,False,False,False,none
lclfeljg-1,TMA00315,Nonpeptidergic nociceptors,False,False,False,none
lclhngaa-1,TMA00315,CGRP-Theta,False,False,False,none
lcllaljm-1,TMA00315,Nonpeptidergic nociceptors,False,False,False,none
lcmcfkcf-1,TMA00315,Nonpeptidergic nociceptors,False,False,False,none
lcmcpgdg-1,TMA00315,CGRP-Theta,False,False,False,none
lcmjjohd-1,TMA00315,Nonpeptidergic nociceptors,False,False,False,none
lcmlmoob-1,TMA00315,Nonpeptidergic nociceptors,False,False,False,none
lcpdjnfo-1,TMA00315,CGRP-Zeta,False,False,False,none
lcpiadbe-1,TMA00315,Nonpeptidergic nociceptors,False,False,False,none
lcpmiiif-1,TMA00315,Nonpeptidergic nociceptors,False,False,False,none
lcpnbeok-1,TMA00315,CGRP-Zeta,False,False,False,none
ldaeidgl-1,TMA00315,CGRP-Alpha,False,False,False,none
ldaikcig-1,TMA00315,CGRP-Alpha,False,False,False,none
ldanifmk-1,TMA00315,C-LTMR,False,False,False,none
ldbccbod-1,TMA00315,CGRP-Epsilion,False,False,False,none
ldbhibjb-1,TMA00315,CGRP-Gamma 1,False,False,False,none
ldbkhafn-1,TMA00315,Nonpeptidergic nociceptors,False,False,False,none
ldbmclaj-1,TMA00315,CGRP-Epsilion,False,False,False,none
ldbpkgoh-1,TMA00315,C-LTMR,False,False,False,none
ldcajial-1,TMA00315,Nonpeptidergic nociceptors,False,False,False,none
ldcehpkh-1,TMA00315,CGRP-Zeta,False,False,False,none
ldcgeepg-1,TMA00315,C-LTMR,False,False,False,none
ldclgdhg-1,TMA00315,Sst,False,False,False,none
ldcnldcm-1,TMA00315,Proprioceptors,False,False,False,none
lddddpmj-1,TMA00315,Sst,False,False,False,none
ldddfpmg-1,TMA00315,Nonpeptidergic nociceptors,False,False,False,none
lddhdgdj-1,TMA00315,Nonpeptidergic nociceptors,False,False,False,none
lddhepil-1,TMA00315,C-LTMR,False,False,False,none
lddlfamm-1,TMA00315,Nonpeptidergic nociceptors,False,False,False,none
lddmnfaf-1,TMA00315,Nonpeptidergic nociceptors,False,False,False,none
ldephnjc-1,TMA00315,C-LTMR,False,False,False,none
ldfadhhg-1,TMA00315,Nonpeptidergic nociceptors,False,False,False,none
ldfagdam-1,TMA00315,C-LTMR,False,False,False,none
ldfcffmh-1,TMA00315,Nonpeptidergic nociceptors,False,False,False,none
ldfepbon-1,TMA00315,Abeta-Field,False,False,False,none
ldgiekkb-1,TMA00315,CGRP-Eta,False,False,False,none
ldgldkmk-1,TMA00315,CGRP-Theta,False,False,False,none
ldhbahno-1,TMA00315,CGRP-Theta,False,False,False,none
ldhmfmgg-1,TMA00315,CGRP-Theta,False,False,False,none
ldikajng-1,TMA00315,Proprioceptors,False,False,False,none
ldkilhhb-1,TMA00315,CGRP-Eta,False,False,False,none
ldkmdlej-1,TMA00315,C-LTMR,False,False,False,none
ldlaooni-1,TMA00315,Nonpeptidergic nociceptors,False,False,False,none
ldmclddb-1,TMA00315,Abeta-Field,False,False,False,none
ldmgimjg-1,TMA00315,Proprioceptors,False,False,False,none
ldnoobph-1,TMA00315,C-LTMR,False,False,False,none
ldopmcjg-1,TMA00315,Nonpeptidergic nociceptors,False,False,False,none
ldplembd-1,TMA00315,Nonpeptidergic nociceptors,False,False,False,none
lebebfid-1,TMA00315,CGRP-Theta,False,False,False,none
lebihjgj-1,TMA00315,CGRP-Theta,False,False,False,none
lebpfhfl-1,TMA00315,Sst,False,False,False,none
ledaihid-1,TMA00315,C-LTMR,False,False,False,none
ledbljnh-1,TMA00315,CGRP-Alpha,False,False,False,none
ledffdgc-1,TMA00315,Adelta-LTMR,False,False,False,none
ledffmhk-1,TMA00315,C-LTMR,False,False,False,none
ledobgnc-1,TMA00315,Abeta-RA-LTMR,False,False,False,none
leecpkne-1,TMA00315,CGRP-Theta,False,False,False,none
leegfjgd-1,TMA00315,TrpM8,False,False,False,none
lefbldmi-1,TMA00315,Nonpeptidergic nociceptors,False,False,False,none
lefcinon-1,TMA00315,CGRP-Theta,False,False,False,none
lefecmbe-1,TMA00315,Sst,False,False,False,none
lefgfdfk-1,TMA00315,Nonpeptidergic nociceptors,False,False,False,none
leimancp-1,TMA00315,Nonpeptidergic nociceptors,False,False,False,none
lfjaobhc-1,TMA00315,Abeta-Field,False,False,False,none
lfjpclmp-1,TMA00315,C-LTMR,False,False,False,none
lflebahe-1,TMA00315,CGRP-Theta,False,False,False,none
lhggipgj-1,TMA00315,TrpM8,False,False,False,none
lhgkgoii-1,TMA00315,Nonpeptidergic nociceptors,False,False,False,none
lhgoddlm-1,TMA00315,Sst,False,False,False,none
lhgpagnj-1,TMA00315,Sst,False,False,False,none
lhhchbcl-1,TMA00315,TrpM8,False,False,False,none
lhhjnmgi-1,TMA00315,Sst,False,False,False,none
lhhmlghd-1,TMA00315,Sst,False,False,False,none
lhiajkil-1,TMA00315,Sst,False,False,False,none
lhienaed-1,TMA00315,CGRP-Zeta,False,False,False,none
lhigcdjm-1,TMA00315,Sst,False,False,False,none
lhiifoan-1,TMA00315,CGRP-Gamma 1,False,False,False,none
lhkledcg-1,TMA00315,Nonpeptidergic nociceptors,False,False,False,none
lhklkogh-1,TMA00315,Nonpeptidergic nociceptors,False,False,False,none
lhkmbiok-1,TMA00315,Nonpeptidergic nociceptors,False,False,False,none
lhlalhof-1,TMA00315,CGRP-Gamma 1,False,False,False,none
lhlcemjm-1,TMA00315,Nonpeptidergic nociceptors,False,False,False,none
liboabba-1,TMA00315,Sst,False,False,False,none
lieamgeo-1,TMA00315,CGRP-Epsilion,False,False,False,none
lieddiok-1,TMA00315,CGRP-Eta,False,False,False,none
lifdemci-1,TMA00315,Sst,False,False,False,none
lifhhapg-1,TMA00315,TrpM8,False,False,False,none
lifjadff-1,TMA00315,CGRP-Eta,False,False,False,none
liflhhkd-1,TMA00315,CGRP-Gamma 2,False,False,False,none
lifllcfm-1,TMA00315,CGRP-Alpha,False,False,False,none
liflndhg-1,TMA00315,Nonpeptidergic nociceptors,False,False,False,none
lifnoedl-1,TMA00315,Nonpeptidergic nociceptors,False,False,False,none
lifpdbkn-1,TMA00315,CGRP-Alpha,False,False,False,none
ligfmocg-1,TMA00315,C-LTMR,False,False,False,none
ligjnmae-1,TMA00315,CGRP-Theta,False,False,False,none
lignlpab-1,TMA00315,C-LTMR,False,False,False,none
ligpcnjg-1,TMA00315,Sst,False,False,False,none
lihapolg-1,TMA00315,Sst,False,False,False,none
lihdemlb-1,TMA00315,Nonpeptidergic nociceptors,False,False,False,none
lihlipea-1,TMA00315,Nonpeptidergic nociceptors,False,False,False,none
lihpklda-1,TMA00315,Nonpeptidergic nociceptors,False,False,False,none
liialcja-1,TMA00315,CGRP-Gamma 1,False,False,False,none
liiehhne-1,TMA00315,Nonpeptidergic nociceptors,False,False,False,none
liiemeip-1,TMA00315,Sst,False,False,False,none
liiepkbe-1,TMA00315,Nonpeptidergic nociceptors,False,False,False,none
liillgkn-1,TMA00315,CGRP-Epsilion,False,False,False,none
liioanod-1,TMA00315,CGRP-Theta,False,False,False,none
lijhnngl-1,TMA00315,Nonpeptidergic nociceptors,False,False,False,none
lijmdcig-1,TMA00315,Sst,False,False,False,none
lijnghac-1,TMA00315,Nonpeptidergic nociceptors,False,False,False,none
likakmnf-1,TMA00315,Sst,False,False,False,none
likblcoc-1,TMA00315,Nonpeptidergic nociceptors,False,False,False,none
likeidfo-1,TMA00315,Nonpeptidergic nociceptors,False,False,False,none
likjakjb-1,TMA00315,Abeta-Field,False,False,False,none
likjigen-1,TMA00315,Nonpeptidergic nociceptors,False,False,False,none
likllhaj-1,TMA00315,CGRP-Eta,False,False,False,none
liklmahg-1,TMA00315,CGRP-Alpha,False,False,False,none
lincfobh-1,TMA00315,Sst,False,False,False,none
lingijkp-1,TMA00315,Nonpeptidergic nociceptors,False,False,False,none
linkcaoe-1,TMA00315,Abeta-Field,False,False,False,none
linoemfd-1,TMA00315,CGRP-Zeta,False,False,False,none
liodkbof-1,TMA00315,Sst,False,False,False,none
ljbcnohf-1,TMA00315,Nonpeptidergic nociceptors,False,False,False,none
ljblobmg-1,TMA00315,Sst,False,False,False,none
ljdddnnd-1,TMA00315,CGRP-Eta,False,False,False,none
ljdfjcii-1,TMA00315,Nonpeptidergic nociceptors,False,False,False,none
ljdgibhm-1,TMA00315,Nonpeptidergic nociceptors,False,False,False,none
ljgfpogb-1,TMA00315,Nonpeptidergic nociceptors,False,False,False,none
ljgjpigf-1,TMA00315,Nonpeptidergic nociceptors,False,False,False,none
ljgkbnjg-1,TMA00315,Sst,False,False,False,none
ljgmgkdb-1,TMA00315,Sst,False,False,False,none
ljhjolon-1,TMA00315,CGRP-Gamma 1,False,False,False,none
ljhkmblg-1,TMA00315,CGRP-Gamma 1,False,False,False,none
ljhmiefn-1,TMA00315,CGRP-Eta,False,False,False,none
ljhnnpap-1,TMA00315,CGRP-Eta,False,False,False,none
ljicdhcj-1,TMA00315,Nonpeptidergic nociceptors,False,False,False,none
ljikilll-1,TMA00315,Sst,False,False,False,none
ljimmkgp-1,TMA00315,Sst,False,False,False,none
ljjahckp-1,TMA00315,CGRP-Gamma 1,False,False,False,none
ljjhadpi-1,TMA00315,Nonpeptidergic nociceptors,False,False,False,none
ljjpbljf-1,TMA00315,CGRP-Gamma 1,False,False,False,none
ljkhhoik-1,TMA00315,CGRP-Gamma 1,False,False,False,none
ljlafjdl-1,TMA00315,CGRP-Alpha,False,False,False,none
ljlaknhm-1,TMA00315,TrpM8,False,False,False,none
ljloihee-1,TMA00315,CGRP-Alpha,False,False,False,none
ljmegiaf-1,TMA00315,TrpM8,False,False,False,none
ljmfelba-1,TMA00315,CGRP-Zeta,False,False,False,none
ljmfoobh-1,TMA00315,TrpM8,False,False,False,none
ljmomjnd-1,TMA00315,Nonpeptidergic nociceptors,False,False,False,none
ljngkbln-1,TMA00315,Nonpeptidergic nociceptors,False,False,False,none
ljnhcjid-1,TMA00315,CGRP-Alpha,False,False,False,none
ljoamnig-1,TMA00315,CGRP-Gamma 1,False,False,False,none
ljomkogo-1,TMA00315,Sst,False,False,False,none
lkabijak-1,TMA00315,CGRP-Theta,False,False,False,none
lkbigodk-1,TMA00315,CGRP-Alpha,False,False,False,none
lkbpllja-1,TMA00315,Sst,False,False,False,none
lkehpocj-1,TMA00315,CGRP-Alpha,False,False,False,none
lkemolpf-1,TMA00315,CGRP-Alpha,False,False,False,none
lkfbhcbc-1,TMA00315,CGRP-Alpha,False,False,False,none
lkfefgfo-1,TMA00315,CGRP-Alpha,False,False,False,none
lkfejfli-1,TMA00315,CGRP-Alpha,False,False,False,none
lkfhfige-1,TMA00315,CGRP-Alpha,False,False,False,none
lkglobec-1,TMA00315,Nonpeptidergic nociceptors,False,False,False,none
lkidbjih-1,TMA00315,C-LTMR,False,False,False,none
lkjcpljb-1,TMA00315,Nonpeptidergic nociceptors,False,False,False,none
lkjghfen-1,TMA00315,C-LTMR,False,False,False,none
lkjipcjl-1,TMA00315,TrpM8,False,False,False,none
lkjjdneb-1,TMA00315,Nonpeptidergic nociceptors,False,False,False,none
lklkcead-1,TMA00315,Nonpeptidergic nociceptors,False,False,False,none
lkneegdc-1,TMA00315,Sst,False,False,False,none
lkneifmh-1,TMA00315,Sst,False,False,False,none
lknmliki-1,TMA00315,TrpM8,False,False,False,none
lkobegeo-1,TMA00315,Sst,False,False,False,none
lkobfdlk-1,TMA00315,CGRP-Gamma 1,False,False,False,none
lkoiaadn-1,TMA00315,Sst,False,False,False,none
lkplihmi-1,TMA00315,CGRP-Eta,False,False,False,none
llahiffb-1,TMA00315,C-LTMR,False,False,False,none
llbehinb-1,TMA00315,C-LTMR,False,False,False,none
lldmidjo-1,TMA00315,Sst,False,False,False,none
lldolaij-1,TMA00315,CGRP-Eta,False,False,False,none
lldplcad-1,TMA00315,CGRP-Eta,False,False,False,none
lleicmlm-1,TMA00315,CGRP-Gamma 1,False,False,False,none
llicgoin-1,TMA00315,CGRP-Theta,False,False,False,none
llidoaah-1,TMA00315,CGRP-Theta,False,False,False,none
llieclnj-1,TMA00315,Nonpeptidergic nociceptors,False,False,False,none
llimcldf-1,TMA00315,CGRP-Gamma 1,False,False,False,none
lljiohkf-1,TMA00315,C-LTMR,False,False,False,none
llkajkjc-1,TMA00315,CGRP-Alpha,False,False,False,none
llkbfmen-1,TMA00315,CGRP-Zeta,False,False,False,none
llklcmfk-1,TMA00315,CGRP-Alpha,False,False,False,none
llkljolj-1,TMA00315,CGRP-Alpha,False,False,False,none
llknnboc-1,TMA00315,Nonpeptidergic nociceptors,False,False,False,none
llldcjjf-1,TMA00315,CGRP-Gamma 1,False,False,False,none
llmbllch-1,TMA00315,Sst,False,False,False,none
llmjjopj-1,TMA00315,Sst,False,False,False,none
llmmpgdd-1,TMA00315,CGRP-Theta,False,False,False,none
llmomoad-1,TMA00315,CGRP-Theta,False,False,False,none
llncclan-1,TMA00315,C-LTMR,False,False,False,none
llomcejm-1,TMA00315,CGRP-Eta,False,False,False,none
llpammbj-1,TMA00315,CGRP-Alpha,False,False,False,none
llpoelen-1,TMA00315,Nonpeptidergic nociceptors,False,False,False,none
lmanjlcd-1,TMA00315,CGRP-Theta,False,False,False,none
lmcldbhg-1,TMA00315,Abeta-Field,False,False,False,none
lmcmmjcg-1,TMA00315,CGRP-Beta,False,False,False,none
lmdccnkl-1,TMA00315,CGRP-Gamma 1,False,False,False,none
lmdfgjff-1,TMA00315,CGRP-Gamma 1,False,False,False,none
lmeakkli-1,TMA00315,TrpM8,False,False,False,none
lmebdjgi-1,TMA00315,CGRP-Eta,False,False,False,none
lmfoblpk-1,TMA00315,Nonpeptidergic nociceptors,False,False,False,none
lmgaahop-1,TMA00315,C-LTMR,False,False,False,none
lmgcajal-1,TMA00315,Nonpeptidergic nociceptors,False,False,False,none
lmgegdil-1,TMA00315,Sst,False,False,False,none
lmhkdkei-1,TMA00315,CGRP-Epsilion,False,False,False,none
lmhnacdd-1,TMA00315,Adelta-LTMR,False,False,False,none
lmiadgmp-1,TMA00315,CGRP-Zeta,False,False,False,none
lminlocf-1,TMA00315,CGRP-Epsilion,False,False,False,none
lmjcpoeb-1,TMA00315,CGRP-Zeta,False,False,False,none
lmjjoeic-1,TMA00315,Sst,False,False,False,none
lmjkempl-1,TMA00315,CGRP-Alpha,False,False,False,none
lmlfhmdh-1,TMA00315,Nonpeptidergic nociceptors,False,False,False,none
lmmbcifh-1,TMA00315,Proprioceptors,False,False,False,none
lmmdodoo-1,TMA00315,Proprioceptors,False,False,False,none
lmnjcfbo-1,TMA00315,Proprioceptors,False,False,False,none
lmooinno-1,TMA00315,CGRP-Zeta,False,False,False,none
lncpkafn-1,TMA00315,Abeta-RA-LTMR,False,False,False,none
lncppdgg-1,TMA00315,Proprioceptors,False,False,False,none
lndnbpen-1,TMA00315,Proprioceptors,False,False,False,none
lneeomcf-1,TMA00315,Nonpeptidergic nociceptors,False,False,False,none
lnemolaa-1,TMA00315,Nonpeptidergic nociceptors,False,False,False,none
lnenngbc-1,TMA00315,CGRP-Zeta,False,False,False,none
lnfcalah-1,TMA00315,Abeta-Field,False,False,False,none
lnfdlopc-1,TMA00315,Nonpeptidergic nociceptors,False,False,False,none
lnfmgbgf-1,TMA00315,CGRP-Theta,False,False,False,none
lngdnpog-1,TMA00315,CGRP-Theta,False,False,False,none
lngkbioj-1,TMA00315,Nonpeptidergic nociceptors,False,False,False,none
lngpgdgb-1,TMA00315,Nonpeptidergic nociceptors,False,False,False,none
lngphjae-1,TMA00315,Nonpeptidergic nociceptors,False,False,False,none
lnhagedb-1,TMA00315,CGRP-Theta,False,False,False,none
lnhamabj-1,TMA00315,CGRP-Gamma 1,False,False,False,none
lnhbkfgo-1,TMA00315,Nonpeptidergic nociceptors,False,False,False,none
lnhhddjc-1,TMA00315,Nonpeptidergic nociceptors,False,False,False,none
lnhlacah-1,TMA00315,Nonpeptidergic nociceptors,False,False,False,none
lnhlhfeg-1,TMA00315,C-LTMR,False,False,False,none
lnhmcefe-1,TMA00315,Abeta-Field,False,False,False,none
lniddiip-1,TMA00315,Abeta-Field,False,False,False,none
lnidecnk-1,TMA00315,Nonpeptidergic nociceptors,False,False,False,none
lnilbhbp-1,TMA00315,Abeta-Field,False,False,False,none
lnjbdlan-1,TMA00315,CGRP-Eta,False,False,False,none
lnjcbbil-1,TMA00315,CGRP-Gamma 1,False,False,False,none
lnjdibcl-1,TMA00315,CGRP-Zeta,False,False,False,none
lnjjkbpl-1,TMA00315,Nonpeptidergic nociceptors,False,False,False,none
lnjkkaed-1,TMA00315,Nonpeptidergic nociceptors,False,False,False,none
lnkabgmb-1,TMA00315,CGRP-Epsilion,False,False,False,none
lnkdpphg-1,TMA00315,CGRP-Epsilion,False,False,False,none
lnoiigmh-1,TMA00315,CGRP-Zeta,False,False,False,none
lnoiihbo-1,TMA00315,CGRP-Alpha,False,False,False,none
lnpdlfka-1,TMA00315,TrpM8,False,False,False,none
lnpdlpaa-1,TMA00315,C-LTMR,False,False,False,none
lnpgimic-1,TMA00315,Nonpeptidergic nociceptors,False,False,False,none
lnpibbhc-1,TMA00315,Nonpeptidergic nociceptors,False,False,False,none
lnpjmldg-1,TMA00315,Abeta-RA-LTMR,False,False,False,none
lnplehdl-1,TMA00315,CGRP-Epsilion,False,False,False,none
loaebokb-1,TMA00315,CGRP-Eta,False,False,False,none
loaldnbh-1,TMA00315,CGRP-Gamma 1,False,False,False,none
loalejeg-1,TMA00315,Nonpeptidergic nociceptors,False,False,False,none
loaljdib-1,TMA00315,Nonpeptidergic nociceptors,False,False,False,none
loanldpa-1,TMA00315,CGRP-Gamma 1,False,False,False,none
lobakfji-1,TMA00315,Nonpeptidergic nociceptors,False,False,False,none
lochgbeh-1,TMA00315,Nonpeptidergic nociceptors,False,False,False,none
lodicfji-1,TMA00315,Abeta-Field,False,False,False,none
loegiagc-1,TMA00315,CGRP-Epsilion,False,False,False,none
loeleecg-1,TMA00315,Nonpeptidergic nociceptors,False,False,False,none
lofpeaef-1,TMA00315,CGRP-Zeta,False,False,False,none
loggclpm-1,TMA00315,CGRP-Alpha,False,False,False,none
lohadlhl-1,TMA00315,CGRP-Alpha,False,False,False,none
lohdghhk-1,TMA00315,Nonpeptidergic nociceptors,False,False,False,none
lohemegh-1,TMA00315,Nonpeptidergic nociceptors,False,False,False,none
lohlendk-1,TMA00315,CGRP-Epsilion,False,False,False,none
lohlimkm-1,TMA00315,CGRP-Alpha,False,False,False,none
lohohnof-1,TMA00315,Proprioceptors,False,False,False,none
lohpdnhg-1,TMA00315,Sst,False,False,False,none
loihbifc-1,TMA00315,Sst,False,False,False,none
loiiicbl-1,TMA00315,Sst,False,False,False,none
loimepdn-1,TMA00315,Sst,False,False,False,none
loimllja-1,TMA00315,CGRP-Eta,False,False,False,none
loinfbpc-1,TMA00315,Nonpeptidergic nociceptors,False,False,False,none
loiopike-1,TMA00315,CGRP-Eta,False,False,False,none
loipiobo-1,TMA00315,CGRP-Alpha,False,False,False,none
lojabedj-1,TMA00315,Sst,False,False,False,none
lojcpmof-1,TMA00315,Sst,False,False,False,none
lojeleii-1,TMA00315,CGRP-Epsilion,False,False,False,none
lojgoldc-1,TMA00315,CGRP-Zeta,False,False,False,none
lojikimk-1,TMA00315,CGRP-Zeta,False,False,False,none
lojkaddn-1,TMA00315,Nonpeptidergic nociceptors,False,False,False,none
lojmalmc-1,TMA00315,Nonpeptidergic nociceptors,False,False,False,none
lokdicne-1,TMA00315,TrpM8,False,False,False,none
lokgpcio-1,TMA00315,CGRP-Theta,False,False,False,none
lokhmopj-1,TMA00315,CGRP-Alpha,False,False,False,none
loklfonb-1,TMA00315,CGRP-Theta,False,False,False,none
lonaaiim-1,TMA00315,Nonpeptidergic nociceptors,False,False,False,none
lonhlffd-1,TMA00315,Nonpeptidergic nociceptors,False,False,False,none
lonkpmfl-1,TMA00315,Nonpeptidergic nociceptors,False,False,False,none
loobgmhk-1,TMA00315,Nonpeptidergic nociceptors,False,False,False,none
looficne-1,TMA00315,Sst,False,False,False,none
loohamio-1,TMA00315,Nonpeptidergic nociceptors,False,False,False,none
loojigbm-1,TMA00315,Sst,False,False,False,none
loopcdnb-1,TMA00315,Sst,False,False,False,none
lopeadll-1,TMA00315,CGRP-Zeta,False,False,False,none
lopjjpgj-1,TMA00315,CGRP-Theta,False,False,False,none
lopkeogc-1,TMA00315,Sst,False,False,False,none
lpabkanl-1,TMA00315,Sst,False,False,False,none
lpacooke-1,TMA00315,Nonpeptidergic nociceptors,False,False,False,none
lpadmhfl-1,TMA00315,Nonpeptidergic nociceptors,False,False,False,none
lpaehlim-1,TMA00315,Nonpeptidergic nociceptors,False,False,False,none
lpagdecf-1,TMA00315,Sst,False,False,False,none
lpamdolf-1,TMA00315,Nonpeptidergic nociceptors,False,False,False,none
lpaodfcc-1,TMA00315,Nonpeptidergic nociceptors,False,False,False,none
lpbophjl-1,TMA00315,Nonpeptidergic nociceptors,False,False,False,none
lpclfhhj-1,TMA00315,Nonpeptidergic nociceptors,False,False,False,none
lpdejhno-1,TMA00315,Nonpeptidergic nociceptors,False,False,False,none
lpejkaah-1,TMA00315,C-LTMR,False,False,False,none
lpfaegfn-1,TMA00315,Nonpeptidergic nociceptors,False,False,False,none
lpfbpmgf-1,TMA00315,Abeta-RA-LTMR,False,False,False,none
lphichjn-1,TMA00315,CGRP-Zeta,False,False,False,none
lphkochg-1,TMA00315,Nonpeptidergic nociceptors,False,False,False,none
lpihacnh-1,TMA00315,Abeta-Field,False,False,False,none
lpjhlclh-1,TMA00315,Nonpeptidergic nociceptors,False,False,False,none
lpjjiiom-1,TMA00315,CGRP-Zeta,False,False,False,none
lpjjpbpc-1,TMA00315,Nonpeptidergic nociceptors,False,False,False,none
lpkkpdhp-1,TMA00315,CGRP-Alpha,False,False,False,none
lpkmoonk-1,TMA00315,Nonpeptidergic nociceptors,False,False,False,none
lplbkfnp-1,TMA00315,Nonpeptidergic nociceptors,False,False,False,none
lpliohhm-1,TMA00315,Nonpeptidergic nociceptors,False,False,False,none
lpmgjeeh-1,TMA00315,Nonpeptidergic nociceptors,False,False,False,none
lpmpjagb-1,TMA00315,CGRP-Theta,False,False,False,none
lpnebgjf-1,TMA00315,CGRP-Theta,False,False,False,none
lpnhcmka-1,TMA00315,Nonpeptidergic nociceptors,False,False,False,none
lpnmopcm-1,TMA00315,Sst,False,False,False,none
lpnnojmp-1,TMA00315,Sst,False,False,False,none
lpnobkcm-1,TMA00315,Nonpeptidergic nociceptors,False,False,False,none
lpoaadch-1,TMA00315,Nonpeptidergic nociceptors,False,False,False,none
lpoepmbj-1,TMA00315,CGRP-Epsilion,False,False,False,none
maegpkpd-1,TMA00315,Nonpeptidergic nociceptors,False,False,False,none
majogocm-1,TMA00315,CGRP-Theta,False,False,False,none
maknmfbf-1,TMA00315,CGRP-Zeta,False,False,False,none
malgkifa-1,TMA00315,Abeta-Field,False,False,False,none
mbagbikh-1,TMA00315,CGRP-Theta,False,False,False,none
mbbandog-1,TMA00315,Nonpeptidergic nociceptors,False,False,False,none
mbbmbpen-1,TMA00315,Nonpeptidergic nociceptors,False,False,False,none
mbbpcbhc-1,TMA00315,Nonpeptidergic nociceptors,False,False,False,none
mbbpcmak-1,TMA00315,Nonpeptidergic nociceptors,False,False,False,none
mbcgaapf-1,TMA00315,Nonpeptidergic nociceptors,False,False,False,none
mbfmeama-1,TMA00315,CGRP-Theta,False,False,False,none
mbfpnank-1,TMA00315,Nonpeptidergic nociceptors,False,False,False,none
mcejmdec-1,TMA00315,Nonpeptidergic nociceptors,False,False,False,none
mcfeipof-1,TMA00315,Nonpeptidergic nociceptors,False,False,False,none
mcfnjpei-1,TMA00315,CGRP-Gamma 1,False,False,False,none
mdikojgf-1,TMA00315,CGRP-Eta,False,False,False,none
mdilapnp-1,TMA00315,Nonpeptidergic nociceptors,False,False,False,none
mebneaoo-1,TMA00315,CGRP-Zeta,False,False,False,none
mecbcmgc-1,TMA00315,Proprioceptors,False,False,False,none
medjjadn-1,TMA00315,Nonpeptidergic nociceptors,False,False,False,none
meemmhoo-1,TMA00315,Nonpeptidergic nociceptors,False,False,False,none
mefgijmd-1,TMA00315,Adelta-LTMR,False,False,False,none
meflfpjf-1,TMA00315,Abeta-Field,False,False,False,none
mefogmap-1,TMA00315,Nonpeptidergic nociceptors,False,False,False,none
megbdfoa-1,TMA00315,Nonpeptidergic nociceptors,False,False,False,none
megpfnkp-1,TMA00315,TrpM8,False,False,False,none
meiafgai-1,TMA00315,CGRP-Eta,False,False,False,none
meippphm-1,TMA00315,Nonpeptidergic nociceptors,False,False,False,none
mejkpblo-1,TMA00315,Nonpeptidergic nociceptors,False,False,False,none
menmnlld-1,TMA00315,Abeta-Field,False,False,False,none
menpbopa-1,TMA00315,C-LTMR,False,False,False,none
meolmhlb-1,TMA00315,Sst,False,False,False,none
meompmdo-1,TMA00315,CGRP-Zeta,False,False,False,none
meoodmfb-1,TMA00315,C-LTMR,False,False,False,none
mepcajoa-1,TMA00315,Nonpeptidergic nociceptors,False,False,False,none
mepglgik-1,TMA00315,C-LTMR,False,False,False,none
meplhifb-1,TMA00315,C-LTMR,False,False,False,none
mepmejkl-1,TMA00315,C-LTMR,False,False,False,none
mfaaedoe-1,TMA00315,Nonpeptidergic nociceptors,False,False,False,none
mfaajjef-1,TMA00315,Nonpeptidergic nociceptors,False,False,False,none
mfbnephm-1,TMA00315,CGRP-Alpha,False,False,False,none
mfcacnje-1,TMA00315,Nonpeptidergic nociceptors,False,False,False,none
mfdglelp-1,TMA00315,Nonpeptidergic nociceptors,False,False,False,none
mffkdpho-1,TMA00315,Abeta-RA-LTMR,False,False,False,none
mfonpjbl-1,TMA00315,CGRP-Zeta,False,False,False,none
mfoopcdj-1,TMA00315,Proprioceptors,False,False,False,none
mgakhobo-1,TMA00315,CGRP-Zeta,False,False,False,none
mgaojlpb-1,TMA00315,Nonpeptidergic nociceptors,False,False,False,none
mgapfklf-1,TMA00315,Nonpeptidergic nociceptors,False,False,False,none
mgbckkoo-1,TMA00315,Nonpeptidergic nociceptors,False,False,False,none
mgbhbogm-1,TMA00315,Nonpeptidergic nociceptors,False,False,False,none
mgbmanfk-1,TMA00315,Nonpeptidergic nociceptors,False,False,False,none
mgbojaea-1,TMA00315,CGRP-Gamma 2,False,False,False,none
mgdamkgp-1,TMA00315,CGRP-Gamma 1,False,False,False,none
mgdccdeg-1,TMA00315,CGRP-Eta,False,False,False,none
mgenapji-1,TMA00315,CGRP-Alpha,False,False,False,none
mgfmofdf-1,TMA00315,CGRP-Gamma 1,False,False,False,none
mghfpkki-1,TMA00315,CGRP-Gamma 1,False,False,False,none
mghliini-1,TMA00315,CGRP-Gamma 1,False,False,False,none
mgikfcbd-1,TMA00315,CGRP-Gamma 1,False,False,False,none
mgjbpkgp-1,TMA00315,CGRP-Alpha,False,False,False,none
mgjeflgn-1,TMA00315,Sst,False,False,False,none
mgjejmbb-1,TMA00315,Sst,False,False,False,none
mgjflhdh-1,TMA00315,TrpM8,False,False,False,none
mgjggcfn-1,TMA00315,Nonpeptidergic nociceptors,False,False,False,none
mgjpdbda-1,TMA00315,CGRP-Epsilion,False,False,False,none
mgkbbmef-1,TMA00315,CGRP-Alpha,False,False,False,none
mgkjgmnl-1,TMA00315,Nonpeptidergic nociceptors,False,False,False,none
mglcinck-1,TMA00315,CGRP-Gamma 1,False,False,False,none
mglddbmn-1,TMA00315,Sst,False,False,False,none
mgmcdncf-1,TMA00315,TrpM8,False,False,False,none
mgmekomd-1,TMA00315,Sst,False,False,False,none
mheglplb-1,TMA00315,CGRP-Alpha,False,False,False,none
mhehjlme-1,TMA00315,Nonpeptidergic nociceptors,False,False,False,none
mheijadc-1,TMA00315,C-LTMR,False,False,False,none
mhflhepc-1,TMA00315,Nonpeptidergic nociceptors,False,False,False,none
mhfmlfab-1,TMA00315,Nonpeptidergic nociceptors,False,False,False,none
mhfojeob-1,TMA00315,Sst,False,False,False,none
mhgaicci-1,TMA00315,Sst,False,False,False,none
mhgbngdo-1,TMA00315,CGRP-Alpha,False,False,False,none
mhgmjcmf-1,TMA00315,TrpM8,False,False,False,none
mhgnlbma-1,TMA00315,CGRP-Alpha,False,False,False,none
mhhahchm-1,TMA00315,CGRP-Beta,False,False,False,none
mhhccldf-1,TMA00315,Nonpeptidergic nociceptors,False,False,False,none
mhhecode-1,TMA00315,Nonpeptidergic nociceptors,False,False,False,none
mhibhfbo-1,TMA00315,Nonpeptidergic nociceptors,False,False,False,none
mhihbjdl-1,TMA00315,CGRP-Alpha,False,False,False,none
mhihnabp-1,TMA00315,CGRP-Alpha,False,False,False,none
mhimbckc-1,TMA00315,Sst,False,False,False,none
mhipbean-1,TMA00315,CGRP-Gamma 2,False,False,False,none
mhjfhkhc-1,TMA00315,Nonpeptidergic nociceptors,False,False,False,none
mhjieoaa-1,TMA00315,CGRP-Theta,False,False,False,none
mhjkaamo-1,TMA00315,CGRP-Beta,False,False,False,none
mhjnhkon-1,TMA00315,Nonpeptidergic nociceptors,False,False,False,none
mhjpeaod-1,TMA00315,CGRP-Alpha,False,False,False,none
mhkalnbl-1,TMA00315,Sst,False,False,False,none
mhkjabbp-1,TMA00315,CGRP-Epsilion,False,False,False,none
mhkleoli-1,TMA00315,CGRP-Epsilion,False,False,False,none
mhklmfkf-1,TMA00315,C-LTMR,False,False,False,none
mhkpdcij-1,TMA00315,CGRP-Zeta,False,False,False,none
mhleliba-1,TMA00315,CGRP-Alpha,False,False,False,none
mhlhpmnn-1,TMA00315,CGRP-Epsilion,False,False,False,none
mhmcafgb-1,TMA00315,CGRP-Gamma 1,False,False,False,none
mhmdoeki-1,TMA00315,CGRP-Gamma 1,False,False,False,none
mhmeokao-1,TMA00315,CGRP-Gamma 1,False,False,False,none
mhmepdjb-1,TMA00315,CGRP-Gamma 1,False,False,False,none
mhnandjd-1,TMA00315,CGRP-Gamma 1,False,False,False,none
mhojcklp-1,TMA00315,CGRP-Gamma 1,False,False,False,none
mhpfbeba-1,TMA00315,Nonpeptidergic nociceptors,False,False,False,none
miahjalb-1,TMA00315,CGRP-Gamma 1,False,False,False,none
mianeamc-1,TMA00315,CGRP-Gamma 1,False,False,False,none
miaoimik-1,TMA00315,CGRP-Gamma 1,False,False,False,none
mibbmeok-1,TMA00315,CGRP-Alpha,False,False,False,none
mickobai-1,TMA00315,CGRP-Gamma 1,False,False,False,none
midbafid-1,TMA00315,CGRP-Eta,False,False,False,none
mieppoij-1,TMA00315,CGRP-Alpha,False,False,False,none
mifgfdlg-1,TMA00315,CGRP-Alpha,False,False,False,none
mifgkpia-1,TMA00315,CGRP-Beta,False,False,False,none
mifmjbnn-1,TMA00315,CGRP-Alpha,False,False,False,none
mifpbghf-1,TMA00315,CGRP-Gamma 1,False,False,False,none
migacdfi-1,TMA00315,CGRP-Gamma 1,False,False,False,none
migadgci-1,TMA00315,Nonpeptidergic nociceptors,False,False,False,none
migdgjhh-1,TMA00315,Sst,False,False,False,none
miggpbog-1,TMA00315,TrpM8,False,False,False,none
migpgeko-1,TMA00315,Nonpeptidergic nociceptors,False,False,False,none
mihapono-1,TMA00315,Proprioceptors,False,False,False,none
mihgmhll-1,TMA00315,Abeta-RA-LTMR,False,False,False,none
mihookcg-1,TMA00315,CGRP-Gamma 1,False,False,False,none
mihpklml-1,TMA00315,CGRP-Gamma 1,False,False,False,none
miicnjie-1,TMA00315,CGRP-Gamma 1,False,False,False,none
miidnefd-1,TMA00315,CGRP-Gamma 1,False,False,False,none
miiegbfb-1,TMA00315,CGRP-Alpha,False,False,False,none
mijdpego-1,TMA00315,CGRP-Eta,False,False,False,none
mijgbenc-1,TMA00315,CGRP-Gamma 1,False,False,False,none
mijhjidc-1,TMA00315,CGRP-Gamma 1,False,False,False,none
mijjdcpl-1,TMA00315,C-LTMR,False,False,False,none
mijjdmdf-1,TMA00315,CGRP-Eta,False,False,False,none
mijkmaec-1,TMA00315,Nonpeptidergic nociceptors,False,False,False,none
mikbmckj-1,TMA00315,Adelta-LTMR,False,False,False,none
mikdleni-1,TMA00315,CGRP-Gamma 1,False,False,False,none
miknnaoi-1,TMA00315,CGRP-Gamma 1,False,True,False,dTomato_Seq2_hi
milolafe-1,TMA00315,Sst,False,False,False,none
mimdilkg-1,TMA00315,CGRP-Gamma 1,False,False,False,none
mimfapik-1,TMA00315,Sst,False,False,False,none
minbpbkb-1,TMA00315,CGRP-Gamma 2,True,False,False,EGFP_Seq1_hi
mincjnlc-1,TMA00315,Nonpeptidergic nociceptors,False,False,False,none
minfaeom-1,TMA00315,Sst,False,False,False,none
minmmhal-1,TMA00315,Sst,False,False,False,none
minnajhd-1,TMA00315,CGRP-Gamma 1,False,False,False,none
miobhlbe-1,TMA00315,Sst,False,False,False,none
miofoggl-1,TMA00315,Sst,False,False,False,none
miojeial-1,TMA00315,Sst,False,False,False,none
miomfbfm-1,TMA00315,Sst,False,False,False,none
mipekdid-1,TMA00315,CGRP-Eta,False,False,False,none
miplplhn-1,TMA00315,CGRP-Eta,False,False,False,none
mippjigb-1,TMA00315,CGRP-Gamma 1,False,False,False,none
mjagneph-1,TMA00315,TrpM8,False,False,False,none
mjaiackl-1,TMA00315,CGRP-Eta,False,False,False,none
mjajafal-1,TMA00315,CGRP-Epsilion,False,False,False,none
mjanbhjj-1,TMA00315,CGRP-Gamma 1,False,False,False,none
mjbcoghn-1,TMA00315,Sst,False,False,False,none
mjbiceli-1,TMA00315,Sst,False,False,False,none
mjblifio-1,TMA00315,CGRP-Eta,False,False,False,none
mjboeeom-1,TMA00315,TrpM8,False,False,False,none
mjbpkdhp-1,TMA00315,Nonpeptidergic nociceptors,False,False,False,none
mjcgngln-1,TMA00315,CGRP-Zeta,False,False,False,none
mjclceic-1,TMA00315,TrpM8,False,False,False,none
mjcmnala-1,TMA00315,CGRP-Theta,False,False,False,none
mjcnomfi-1,TMA00315,Abeta-Field,False,False,False,none
mjddjeia-1,TMA00315,CGRP-Zeta,False,False,False,none
mjdoanem-1,TMA00315,Abeta-RA-LTMR,False,False,False,none
mjebkidi-1,TMA00315,Proprioceptors,False,False,False,none
mjenibdp-1,TMA00315,Sst,False,False,False,none
mjfbhhjj-1,TMA00315,Sst,False,False,False,none
mjfgfaib-1,TMA00315,Sst,False,False,False,none
mjfidpng-1,TMA00315,Sst,False,False,False,none
mjfimifi-1,TMA00315,Sst,False,False,False,none
mjfpgjfc-1,TMA00315,Nonpeptidergic nociceptors,False,False,False,none
mjfpllcl-1,TMA00315,Nonpeptidergic nociceptors,False,False,False,none
mjgfchgn-1,TMA00315,CGRP-Epsilion,False,False,False,none
mjghcaam-1,TMA00315,CGRP-Gamma 1,False,False,False,none
mjgilepf-1,TMA00315,CGRP-Theta,False,False,False,none
mjhhacka-1,TMA00315,Sst,False,False,False,none
mjhmimdg-1,TMA00315,Sst,False,False,False,none
mjhnocmi-1,TMA00315,Sst,False,False,False,none
mjhpljec-1,TMA00315,Sst,False,False,False,none
mjiadhpk-1,TMA00315,CGRP-Gamma 2,False,False,False,none
mjipkcic-1,TMA00315,Nonpeptidergic nociceptors,False,False,False,none
mjjdgjdl-1,TMA00315,Adelta-LTMR,False,False,False,none
mjjefjbp-1,TMA00315,Adelta-LTMR,False,False,False,none
mjjgjmdo-1,TMA00315,CGRP-Zeta,False,False,False,none
mjjilbjn-1,TMA00315,Nonpeptidergic nociceptors,False,False,False,none
mjjkfimk-1,TMA00315,Adelta-LTMR,False,False,False,none
mjjmbmhj-1,TMA00315,Nonpeptidergic nociceptors,False,False,False,none
mjjpjpoc-1,TMA00315,CGRP-Zeta,False,False,False,none
mjjpogko-1,TMA00315,C-LTMR,False,False,False,none
mjkgldaf-1,TMA00315,Adelta-LTMR,False,False,False,none
mjojkobm-1,TMA00315,CGRP-Epsilion,False,False,False,none
mjookhha-1,TMA00315,CGRP-Epsilion,False,False,False,none
mjoolkia-1,TMA00315,Adelta-LTMR,False,False,False,none
mkanlkko-1,TMA00315,CGRP-Zeta,False,False,False,none
mkapgajm-1,TMA00315,Nonpeptidergic nociceptors,False,False,False,none
mkdopccj-1,TMA00315,CGRP-Zeta,False,False,False,none
mkecidee-1,TMA00315,CGRP-Zeta,False,False,False,none
mkeeolei-1,TMA00315,CGRP-Zeta,False,False,False,none
mkefbfje-1,TMA00315,CGRP-Zeta,False,False,False,none
mkekemad-1,TMA00315,CGRP-Zeta,False,False,False,none
mkendfkn-1,TMA00315,Adelta-LTMR,False,False,False,none
mkepjnla-1,TMA00315,Adelta-LTMR,False,False,False,none
mkfninmm-1,TMA00315,CGRP-Gamma 1,False,False,False,none
mkgmieon-1,TMA00315,Abeta-Field,False,False,False,none
mkhfalhn-1,TMA00315,Proprioceptors,False,False,False,none
mkhollne-1,TMA00315,Nonpeptidergic nociceptors,False,False,False,none
mkiadkio-1,TMA00315,CGRP-Zeta,False,False,False,none
mkiggkab-1,TMA00315,CGRP-Zeta,False,False,False,none
mkigmfem-1,TMA00315,CGRP-Eta,False,False,False,none
mkijomhi-1,TMA00315,CGRP-Eta,False,False,False,none
mkimjpep-1,TMA00315,CGRP-Alpha,False,False,False,none
mkionbjg-1,TMA00315,CGRP-Gamma 1,False,False,False,none
mkjeffpj-1,TMA00315,CGRP-Zeta,False,False,False,none
mkjgpadf-1,TMA00315,CGRP-Epsilion,False,False,False,none
mkjmmbba-1,TMA00315,TrpM8,False,False,False,none
mkkgaloh-1,TMA00315,CGRP-Eta,False,False,False,none
mkkhbeko-1,TMA00315,Nonpeptidergic nociceptors,False,False,False,none
mkkijeep-1,TMA00315,Abeta-Field,False,False,False,none
mkkiljmg-1,TMA00315,Nonpeptidergic nociceptors,False,False,False,none
mkkkledl-1,TMA00315,Abeta-Field,False,False,False,none
mkklomji-1,TMA00315,Nonpeptidergic nociceptors,False,False,False,none
mkkmkdoj-1,TMA00315,C-LTMR,False,False,False,none
mkkoipik-1,TMA00315,CGRP-Gamma 1,False,False,False,none
mklkpecn-1,TMA00315,Nonpeptidergic nociceptors,False,False,False,none
mklmoeac-1,TMA00315,Nonpeptidergic nociceptors,False,False,False,none
mklodfkm-1,TMA00315,TrpM8,False,False,False,none
mkmbhjjo-1,TMA00315,CGRP-Alpha,False,False,False,none
mkmbjnnj-1,TMA00315,CGRP-Alpha,False,False,False,none
mkmemhcl-1,TMA00315,CGRP-Alpha,False,False,False,none
mkmjgpcg-1,TMA00315,Nonpeptidergic nociceptors,False,False,False,none
mkmoafmc-1,TMA00315,CGRP-Theta,False,False,False,none
mkmofckc-1,TMA00315,C-LTMR,False,False,False,none
mkndnjjh-1,TMA00315,CGRP-Gamma 2,False,False,False,none
mknflhfh-1,TMA00315,Sst,False,False,False,none
mkniopdm-1,TMA00315,Nonpeptidergic nociceptors,False,False,False,none
mknjaimo-1,TMA00315,C-LTMR,False,False,False,none
mknjmfig-1,TMA00315,C-LTMR,False,False,False,none
mkogdipk-1,TMA00315,TrpM8,False,False,False,none
mkoildag-1,TMA00315,Sst,False,False,False,none
mkomkcff-1,TMA00315,Nonpeptidergic nociceptors,False,False,False,none
mkomklfn-1,TMA00315,TrpM8,False,False,False,none
mkoofamo-1,TMA00315,TrpM8,False,False,False,none
mkpalanm-1,TMA00315,CGRP-Gamma 1,False,False,False,none
mkpdpomg-1,TMA00315,CGRP-Gamma 1,False,False,False,none
mlafmcbl-1,TMA00315,Sst,False,False,False,none
mlaigjao-1,TMA00315,Nonpeptidergic nociceptors,False,False,False,none
mlapgkba-1,TMA00315,CGRP-Gamma 1,False,False,False,none
mlbanoeo-1,TMA00315,Nonpeptidergic nociceptors,False,False,False,none
mleohpad-1,TMA00315,Nonpeptidergic nociceptors,False,False,False,none
mlgclddd-1,TMA00315,C-LTMR,False,False,False,none
mlhamojc-1,TMA00315,Adelta-LTMR,False,False,False,none
mlhdfjpg-1,TMA00315,Nonpeptidergic nociceptors,False,False,False,none
mlhiaahi-1,TMA00315,Nonpeptidergic nociceptors,False,False,False,none
mliclomp-1,TMA00315,CGRP-Eta,False,False,False,none
mlidgfhb-1,TMA00315,CGRP-Theta,False,False,False,none
mljacfai-1,TMA00315,CGRP-Alpha,False,False,False,none
mljakkkc-1,TMA00315,TrpM8,False,False,False,none
mljfejcg-1,TMA00315,CGRP-Gamma 1,False,False,False,none
mljgglmj-1,TMA00315,Abeta-RA-LTMR,False,False,False,none
mljpbcom-1,TMA00315,Nonpeptidergic nociceptors,False,False,False,none
mlmjjblh-1,TMA00315,CGRP-Gamma 1,False,False,False,none
mlmpooeb-1,TMA00315,Nonpeptidergic nociceptors,False,False,False,none
mlnflhoj-1,TMA00315,Nonpeptidergic nociceptors,False,False,False,none
mlnhgppg-1,TMA00315,CGRP-Gamma 2,False,False,False,none
mlnhpjfm-1,TMA00315,CGRP-Gamma 1,False,False,False,none
mloccino-1,TMA00315,CGRP-Zeta,False,False,False,none
mlogkjch-1,TMA00315,Nonpeptidergic nociceptors,False,False,False,none
mlopanbo-1,TMA00315,Proprioceptors,False,False,False,none
mlpebfng-1,TMA00315,CGRP-Eta,False,False,False,none
mlpeefpj-1,TMA00315,CGRP-Zeta,False,False,False,none
mlpeobje-1,TMA00315,Nonpeptidergic nociceptors,False,False,False,none
mlpgeemi-1,TMA00315,CGRP-Zeta,False,False,False,none
mlpidbkh-1,TMA00315,CGRP-Gamma 1,False,False,False,none
mmeedkik-1,TMA00315,CGRP-Theta,False,False,False,none
mmeidiee-1,TMA00315,CGRP-Alpha,False,False,False,none
mmejajhp-1,TMA00315,Nonpeptidergic nociceptors,False,False,False,none
mmflgcdf-1,TMA00315,CGRP-Gamma 1,False,False,False,none
mmghkkkn-1,TMA00315,CGRP-Alpha,False,False,False,none
mmgkfcnl-1,TMA00315,Abeta-Field,False,False,False,none
mmglgnji-1,TMA00315,CGRP-Gamma 2,False,False,False,none
mmgnmldd-1,TMA00315,Proprioceptors,False,False,False,none
mmgobepl-1,TMA00315,CGRP-Eta,False,False,False,none
mmhaiedn-1,TMA00315,TrpM8,False,False,False,none
mmhainfj-1,TMA00315,Nonpeptidergic nociceptors,False,False,False,none
mmhdndpd-1,TMA00315,C-LTMR,False,False,False,none
mmhibldj-1,TMA00315,CGRP-Eta,False,False,False,none
mmhmgdlj-1,TMA00315,CGRP-Alpha,False,False,False,none
mmibjidg-1,TMA00315,CGRP-Eta,False,False,False,none
mmidpckf-1,TMA00315,CGRP-Gamma 1,False,False,False,none
mmimojon-1,TMA00315,CGRP-Gamma 1,False,False,False,none
mmjbffbl-1,TMA00315,Nonpeptidergic nociceptors,False,False,False,none
mmjbmpkf-1,TMA00315,Nonpeptidergic nociceptors,False,False,False,none
mmjdefcc-1,TMA00315,Abeta-Field,False,False,False,none
mmkfagpm-1,TMA00315,CGRP-Gamma 1,False,False,False,none
mmldaikp-1,TMA00315,CGRP-Theta,False,False,False,none
mmmeibic-1,TMA00315,TrpM8,False,False,False,none
mmmfcini-1,TMA00315,Nonpeptidergic nociceptors,False,False,False,none
mmmhnhim-1,TMA00315,CGRP-Gamma 1,False,False,False,none
mmmicjgi-1,TMA00315,CGRP-Gamma 2,False,False,False,none
mmmlfnhm-1,TMA00315,Nonpeptidergic nociceptors,False,False,False,none
mmmmblpo-1,TMA00315,CGRP-Epsilion,False,False,False,none
mmmnpglo-1,TMA00315,CGRP-Gamma 1,False,False,False,none
mmmoekbf-1,TMA00315,CGRP-Epsilion,False,False,False,none
mmmpejed-1,TMA00315,Nonpeptidergic nociceptors,False,False,False,none
mmnljlbp-1,TMA00315,CGRP-Zeta,False,False,False,none
mmnniamh-1,TMA00315,CGRP-Theta,False,False,False,none
mmnnjipm-1,TMA00315,CGRP-Alpha,False,False,False,none
mmnofcen-1,TMA00315,CGRP-Beta,False,False,False,none
mmoajpia-1,TMA00315,CGRP-Gamma 1,False,False,False,none
mmonobld-1,TMA00315,Nonpeptidergic nociceptors,False,False,False,none
mmpdfdfe-1,TMA00315,C-LTMR,False,False,False,none
mmpfpolf-1,TMA00315,Nonpeptidergic nociceptors,False,False,False,none
mmpjjlio-1,TMA00315,CGRP-Theta,False,False,False,none
mmpmdekm-1,TMA00315,Nonpeptidergic nociceptors,False,False,False,none
mmpnkbca-1,TMA00315,CGRP-Gamma 1,False,False,False,none
mmpoejbe-1,TMA00315,Proprioceptors,False,False,False,none
mnabgbkn-1,TMA00315,TrpM8,False,False,False,none
mnagiima-1,TMA00315,Sst,False,False,False,none
mnakbaeo-1,TMA00315,CGRP-Gamma 2,False,False,False,none
mnanfpfm-1,TMA00315,CGRP-Gamma 1,False,False,False,none
mnbbioem-1,TMA00315,Sst,False,False,False,none
mnbocbhi-1,TMA00315,CGRP-Gamma 1,False,False,False,none
mncbkfgn-1,TMA00315,Nonpeptidergic nociceptors,False,False,False,none
mnpghbkk-1,TMA00315,Sst,False,False,False,none
mnpjldkf-1,TMA00315,CGRP-Gamma 2,False,False,False,none
mnpjmema-1,TMA00315,CGRP-Alpha,False,False,False,none
moalheeb-1,TMA00315,Nonpeptidergic nociceptors,False,False,False,none
moamacpp-1,TMA00315,CGRP-Theta,False,False,False,none
moamflea-1,TMA00315,Nonpeptidergic nociceptors,False,False,False,none
moblfpgk-1,TMA00315,CGRP-Theta,False,False,False,none
mockmlmi-1,TMA00315,CGRP-Zeta,False,False,False,none
mocplngk-1,TMA00315,Abeta-RA-LTMR,False,False,False,none
moeclolf-1,TMA00315,Nonpeptidergic nociceptors,False,False,False,none
moehmooh-1,TMA00315,C-LTMR,False,False,False,none
mofdeebb-1,TMA00315,Nonpeptidergic nociceptors,False,False,False,none
mofjnnam-1,TMA00315,Nonpeptidergic nociceptors,False,False,False,none
mogdaiec-1,TMA00315,CGRP-Alpha,False,False,False,none
mogjhjle-1,TMA00315,Nonpeptidergic nociceptors,False,False,False,none
mogjjgjd-1,TMA00315,Nonpeptidergic nociceptors,False,False,False,none
mogmhioj-1,TMA00315,Nonpeptidergic nociceptors,False,False,False,none
mogplfel-1,TMA00315,Abeta-Field,False,False,False,none
mohjjooi-1,TMA00315,CGRP-Alpha,False,False,False,none
moiafkgb-1,TMA00315,Nonpeptidergic nociceptors,False,False,False,none
mojaggnm-1,TMA00315,TrpM8,False,False,False,none
mojipond-1,TMA00315,CGRP-Alpha,False,False,False,none
mojjhdhd-1,TMA00315,CGRP-Alpha,False,False,False,none
mokdakif-1,TMA00315,Nonpeptidergic nociceptors,False,False,False,none
mokdonjk-1,TMA00315,Nonpeptidergic nociceptors,False,False,False,none
mokjbnme-1,TMA00315,CGRP-Zeta,False,False,False,none
mokjpcgc-1,TMA00315,Nonpeptidergic nociceptors,False,False,False,none
moknmfnj-1,TMA00315,Nonpeptidergic nociceptors,False,False,False,none
mokocifd-1,TMA00315,Nonpeptidergic nociceptors,False,False,False,none
mokpfolh-1,TMA00315,CGRP-Eta,False,False,False,none
moldaieb-1,TMA00315,Sst,False,False,False,none
molndcoo-1,TMA00315,Nonpeptidergic nociceptors,False,False,False,none
momebnkb-1,TMA00315,Nonpeptidergic nociceptors,False,False,False,none
momggbgo-1,TMA00315,CGRP-Alpha,False,False,False,none
momhfhjd-1,TMA00315,CGRP-Zeta,False,False,False,none
momhnbin-1,TMA00315,Nonpeptidergic nociceptors,False,False,False,none
momjlkjh-1,TMA00315,CGRP-Eta,False,False,False,none
momledki-1,TMA00315,CGRP-Theta,False,False,False,none
moncehni-1,TMA00315,Nonpeptidergic nociceptors,False,False,False,none
mongoake-1,TMA00315,CGRP-Theta,False,False,False,none
monkdmbm-1,TMA00315,Sst,False,False,False,none
monojcfg-1,TMA00315,CGRP-Alpha,False,False,False,none
monpikoi-1,TMA00315,Nonpeptidergic nociceptors,False,False,False,none
monpjneh-1,TMA00315,Sst,False,False,False,none
mooacmhc-1,TMA00315,Nonpeptidergic nociceptors,False,False,False,none
mooagklj-1,TMA00315,Nonpeptidergic nociceptors,False,False,False,none
moohccgg-1,TMA00315,CGRP-Zeta,False,False,False,none
moohocjj-1,TMA00315,CGRP-Epsilion,False,False,False,none
mopfegno-1,TMA00315,Nonpeptidergic nociceptors,False,False,False,none
mophfcnd-1,TMA00315,Sst,False,False,False,none
moppmokd-1,TMA00315,Nonpeptidergic nociceptors,False,False,False,none
mpaebill-1,TMA00315,C-LTMR,False,False,False,none
mpafoglj-1,TMA00315,CGRP-Theta,False,False,False,none
mpannhej-1,TMA00315,Sst,False,False,False,none
mpaofihc-1,TMA00315,CGRP-Eta,False,False,False,none
mpbdmbkl-1,TMA00315,Sst,False,False,False,none
mpbelmbi-1,TMA00315,CGRP-Beta,False,False,False,none
mpbkekbo-1,TMA00315,Sst,False,False,False,none
mpbmafph-1,TMA00315,Sst,False,False,False,none
mpbpdaoc-1,TMA00315,Sst,False,False,False,none
mpbpffek-1,TMA00315,CGRP-Gamma 1,False,False,False,none
mpcbmbcd-1,TMA00315,CGRP-Gamma 1,False,False,False,none
mpccjchl-1,TMA00315,Nonpeptidergic nociceptors,False,False,False,none
mpcekcdb-1,TMA00315,TrpM8,False,False,False,none
mpcgmmbb-1,TMA00315,CGRP-Theta,False,False,False,none
mpciplfh-1,TMA00315,Nonpeptidergic nociceptors,False,False,False,none
mpckonlb-1,TMA00315,CGRP-Gamma 1,False,False,False,none
mpcohafg-1,TMA00315,Abeta-Field,False,False,False,none
mpdkgana-1,TMA00315,CGRP-Zeta,False,False,False,none
mpdmjlgo-1,TMA00315,CGRP-Zeta,False,False,False,none
mpedbbnk-1,TMA00315,Sst,False,False,False,none
mpedgkek-1,TMA00315,CGRP-Theta,False,False,False,none
mpehlfbp-1,TMA00315,Nonpeptidergic nociceptors,False,False,False,none
mpeminme-1,TMA00315,CGRP-Zeta,False,False,False,none
mpfcaled-1,TMA00315,TrpM8,False,False,False,none
mpfckkhl-1,TMA00315,TrpM8,False,False,False,none
mpfgnedp-1,TMA00315,Nonpeptidergic nociceptors,False,False,False,none
mpfjipmn-1,TMA00315,Nonpeptidergic nociceptors,False,False,False,none
mpflnjgj-1,TMA00315,Nonpeptidergic nociceptors,False,False,False,none
mpfmehml-1,TMA00315,TrpM8,False,False,False,none
mpfphpko-1,TMA00315,CGRP-Zeta,False,False,False,none
mpgpongj-1,TMA00315,Nonpeptidergic nociceptors,False,False,False,none
mpipnmpo-1,TMA00315,CGRP-Theta,False,False,False,none
mpmnmbkm-1,TMA00315,Sst,False,False,False,none
mpnflddj-1,TMA00315,C-LTMR,False,False,False,none
mpnkdckm-1,TMA00315,CGRP-Theta,False,False,False,none
mpnnbjfj-1,TMA00315,Proprioceptors,False,False,False,none
mpnpefcn-1,TMA00315,Nonpeptidergic nociceptors,False,False,False,none
mpobimac-1,TMA00315,CGRP-Zeta,False,False,False,none
mpolnjab-1,TMA00315,Nonpeptidergic nociceptors,False,False,False,none
mpooojbm-1,TMA00315,Sst,False,False,False,none
mppnnccn-1,TMA00315,CGRP-Theta,False,False,False,none
naaajhbp-1,TMA00315,Abeta-RA-LTMR,False,False,False,none
nahappdg-1,TMA00315,CGRP-Gamma 1,False,False,False,none
nahcfolc-1,TMA00315,CGRP-Eta,False,False,False,none
nahfjbbd-1,TMA00315,CGRP-Alpha,False,False,False,none
nahjoiko-1,TMA00315,CGRP-Zeta,False,False,False,none
nahlnbpj-1,TMA00315,Sst,False,False,False,none
nahmbpho-1,TMA00315,Nonpeptidergic nociceptors,False,False,False,none
naiafipm-1,TMA00315,C-LTMR,False,False,False,none
naijcljc-1,TMA00315,Sst,False,False,False,none
naimngka-1,TMA00315,Nonpeptidergic nociceptors,False,False,False,none
naineejk-1,TMA00315,Sst,False,False,False,none
najecgon-1,TMA00315,CGRP-Zeta,False,False,False,none
najlpefb-1,TMA00315,CGRP-Gamma 1,False,False,False,none
nalbifkj-1,TMA00315,CGRP-Eta,False,False,False,none
nalbkakk-1,TMA00315,CGRP-Gamma 1,False,False,False,none
nalhnnag-1,TMA00315,CGRP-Eta,False,False,False,none
naljcckh-1,TMA00315,TrpM8,False,False,False,none
namedaik-1,TMA00315,CGRP-Gamma 1,False,False,False,none
nameifdp-1,TMA00315,CGRP-Gamma 2,False,False,False,none
namhklmn-1,TMA00315,CGRP-Gamma 1,False,False,False,none
namikjgp-1,TMA00315,CGRP-Gamma 2,False,False,False,none
namjldng-1,TMA00315,TrpM8,False,False,False,none
namkekhd-1,TMA00315,CGRP-Gamma 1,False,False,False,none
namkeojm-1,TMA00315,C-LTMR,False,False,False,none
namlfffb-1,TMA00315,Nonpeptidergic nociceptors,False,False,False,none
namodfmb-1,TMA00315,CGRP-Theta,False,False,False,none
naodajlm-1,TMA00315,CGRP-Theta,False,False,False,none
naoepeck-1,TMA00315,Proprioceptors,False,False,False,none
naofiolp-1,TMA00315,C-LTMR,False,False,False,none
nbbgkhea-1,TMA00315,CGRP-Theta,False,False,False,none
nbbkgici-1,TMA00315,Sst,False,False,False,none
nbbkkcbd-1,TMA00315,Abeta-Field,False,False,False,none
nbcbllhb-1,TMA00315,Adelta-LTMR,False,False,False,none
nbcfaffh-1,TMA00315,CGRP-Epsilion,False,False,False,none
nbcfgmah-1,TMA00315,CGRP-Eta,False,False,False,none
nbcfmjah-1,TMA00315,Nonpeptidergic nociceptors,False,False,False,none
nbcpobca-1,TMA00315,CGRP-Alpha,False,False,False,none
nbdbheje-1,TMA00315,CGRP-Gamma 2,False,False,False,none
nbdeaffo-1,TMA00315,CGRP-Eta,False,False,False,none
nbdeclim-1,TMA00315,CGRP-Alpha,False,False,False,none
nbdnehbj-1,TMA00315,CGRP-Eta,False,False,False,none
nbdnjhhi-1,TMA00315,TrpM8,False,False,False,none
nbehalam-1,TMA00315,CGRP-Gamma 2,False,False,False,none
nbeladig-1,TMA00315,C-LTMR,False,False,False,none
nbfelgga-1,TMA00315,TrpM8,False,False,False,none
nbfkkmcp-1,TMA00315,Nonpeptidergic nociceptors,False,False,False,none
nbgapimb-1,TMA00315,Nonpeptidergic nociceptors,False,False,False,none
nbgbkdle-1,TMA00315,CGRP-Gamma 1,False,False,False,none
nbgkncbf-1,TMA00315,CGRP-Beta,False,False,False,none
nbgkpcea-1,TMA00315,Sst,False,False,False,none
nbhefbbj-1,TMA00315,TrpM8,False,False,False,none
nbhhopab-1,TMA00315,Sst,False,False,False,none
nbhinclf-1,TMA00315,CGRP-Gamma 1,False,False,False,none
nbjkaonk-1,TMA00315,Abeta-RA-LTMR,False,False,False,none
nbkkodlc-1,TMA00315,Nonpeptidergic nociceptors,False,False,False,none
nbkndong-1,TMA00315,Proprioceptors,False,False,False,none
nbkoafgb-1,TMA00315,Proprioceptors,False,False,False,none
nbkpjacj-1,TMA00315,CGRP-Alpha,False,False,False,none
nblaaijf-1,TMA00315,Proprioceptors,False,False,False,none
nblmkkcj-1,TMA00315,Proprioceptors,False,False,False,none
nblpcnmo-1,TMA00315,Proprioceptors,False,False,False,none
nblpkfig-1,TMA00315,Abeta-Field,False,False,False,none
nbpbgkjj-1,TMA00315,Nonpeptidergic nociceptors,False,False,False,none
nbphgjle-1,TMA00315,CGRP-Gamma 2,False,False,False,none
nbpmhcid-1,TMA00315,Nonpeptidergic nociceptors,False,False,False,none
nbpoalkj-1,TMA00315,TrpM8,False,False,False,none
ncbhblhb-1,TMA00315,CGRP-Gamma 1,False,False,False,none
nccejohi-1,TMA00315,Nonpeptidergic nociceptors,False,False,False,none
nceljmla-1,TMA00315,CGRP-Gamma 1,False,False,False,none
ncfnoejp-1,TMA00315,Adelta-LTMR,False,False,False,none
nciaabke-1,TMA00315,Nonpeptidergic nociceptors,False,False,False,none
ncohdmnh-1,TMA00315,CGRP-Epsilion,False,False,False,none
ncokgnea-1,TMA00315,CGRP-Gamma 1,False,False,False,none
ncokkacd-1,TMA00315,Nonpeptidergic nociceptors,False,False,False,none
ncpclllm-1,TMA00315,Sst,False,False,False,none
ncpichhc-1,TMA00315,CGRP-Gamma 1,False,False,False,none
ndadnfjc-1,TMA00315,CGRP-Eta,False,False,False,none
ndaflfjp-1,TMA00315,CGRP-Theta,False,False,False,none
ndajjfpb-1,TMA00315,CGRP-Epsilion,False,False,False,none
ndalkamf-1,TMA00315,CGRP-Gamma 1,False,False,False,none
ndamihmn-1,TMA00315,Nonpeptidergic nociceptors,False,False,False,none
ndanhnfp-1,TMA00315,CGRP-Gamma 1,False,False,False,none
ndaocojm-1,TMA00315,CGRP-Gamma 2,False,False,False,none
ndboekgb-1,TMA00315,Nonpeptidergic nociceptors,False,False,False,none
ndckmada-1,TMA00315,CGRP-Gamma 1,False,False,False,none
ndcokipj-1,TMA00315,CGRP-Zeta,False,False,False,none
nddclngk-1,TMA00315,CGRP-Zeta,False,False,False,none
ndddeoek-1,TMA00315,CGRP-Zeta,False,False,False,none
ndddglll-1,TMA00315,C-LTMR,False,False,False,none
nddmdemk-1,TMA00315,CGRP-Gamma 2,False,False,False,none
ndeccmjf-1,TMA00315,CGRP-Eta,False,False,False,none
ndeggcjd-1,TMA00315,C-LTMR,False,False,False,none
ndejpjpl-1,TMA00315,Adelta-LTMR,False,False,False,none
ndemafbg-1,TMA00315,Abeta-RA-LTMR,False,False,False,none
ndennpeh-1,TMA00315,CGRP-Zeta,False,False,False,none
ndfamggh-1,TMA00315,CGRP-Eta,False,False,False,none
ndfamgic-1,TMA00315,CGRP-Eta,False,False,False,none
ndfepgpe-1,TMA00315,CGRP-Gamma 2,False,False,False,none
ndfgjjho-1,TMA00315,CGRP-Gamma 1,False,False,False,none
ndfjaoip-1,TMA00315,CGRP-Gamma 1,False,False,False,none
ndfjbmil-1,TMA00315,CGRP-Gamma 1,False,False,False,none
ndfmgpfi-1,TMA00315,CGRP-Epsilion,False,False,False,none
ndfnajkp-1,TMA00315,CGRP-Eta,False,False,False,none
ndfoejie-1,TMA00315,CGRP-Gamma 1,False,False,False,none
ndfoncmg-1,TMA00315,CGRP-Eta,False,False,False,none
ndfopgll-1,TMA00315,CGRP-Gamma 2,False,False,False,none
ndfpgokg-1,TMA00315,CGRP-Eta,False,False,False,none
ndgapifi-1,TMA00315,CGRP-Theta,False,False,False,none
ndgfojbd-1,TMA00315,Nonpeptidergic nociceptors,False,False,False,none
ndgndpdb-1,TMA00315,CGRP-Gamma 1,False,False,False,none
ndhahcam-1,TMA00315,CGRP-Eta,False,False,False,none
ndhelafm-1,TMA00315,Proprioceptors,False,False,False,none
ndhfjbkp-1,TMA00315,Proprioceptors,False,False,False,none
ndhigfaj-1,TMA00315,Nonpeptidergic nociceptors,False,False,False,none
ndhnlofc-1,TMA00315,CGRP-Zeta,False,False,False,none
ndhpjcce-1,TMA00315,CGRP-Zeta,False,False,False,none
ndiedaff-1,TMA00315,CGRP-Gamma 1,False,False,False,none
ndiejoml-1,TMA00315,CGRP-Eta,False,False,False,none
ndimagof-1,TMA00315,CGRP-Epsilion,False,False,False,none
ndinfkae-1,TMA00315,C-LTMR,False,False,False,none
ndipilib-1,TMA00315,CGRP-Gamma 1,False,False,False,none
ndjcfimc-1,TMA00315,CGRP-Gamma 1,False,False,False,none
ndjdgghp-1,TMA00315,CGRP-Alpha,False,False,False,none
ndjececf-1,TMA00315,Nonpeptidergic nociceptors,False,False,False,none
ndjepokk-1,TMA00315,Sst,False,False,False,none
ndjgbkkn-1,TMA00315,CGRP-Gamma 1,False,False,False,none
ndjhknob-1,TMA00315,CGRP-Eta,False,False,False,none
ndkaejbp-1,TMA00315,CGRP-Gamma 1,False,False,False,none
ndklhhkl-1,TMA00315,Abeta-Field,False,False,False,none
ndknkjma-1,TMA00315,Nonpeptidergic nociceptors,False,False,False,none
ndlcnhcc-1,TMA00315,Proprioceptors,False,False,False,none
ndliohih-1,TMA00315,Nonpeptidergic nociceptors,False,False,False,none
ndllekab-1,TMA00315,CGRP-Gamma 1,False,False,False,none
ndlmdneg-1,TMA00315,Proprioceptors,False,False,False,none
ndmhafnc-1,TMA00315,Nonpeptidergic nociceptors,False,False,False,none
ndmlgdik-1,TMA00315,Adelta-LTMR,False,False,False,none
ndmmckpp-1,TMA00315,Abeta-RA-LTMR,False,False,False,none
ndnccphm-1,TMA00315,CGRP-Theta,False,False,False,none
ndnfjdbh-1,TMA00315,Sst,False,False,False,none
ndnhopmn-1,TMA00315,Nonpeptidergic nociceptors,False,False,False,none
ndofaage-1,TMA00315,Nonpeptidergic nociceptors,False,False,False,none
ndppeahl-1,TMA00315,Nonpeptidergic nociceptors,False,False,False,none
neamhhoi-1,TMA00315,CGRP-Eta,False,False,False,none
nebbcfdm-1,TMA00315,C-LTMR,False,False,False,none
nebcdbmh-1,TMA00315,Abeta-Field,False,False,False,none
neblbjmb-1,TMA00315,C-LTMR,False,False,False,none
neeekfjm-1,TMA00315,Nonpeptidergic nociceptors,False,False,False,none
neeeopko-1,TMA00315,CGRP-Zeta,False,False,False,none
neejhnfk-1,TMA00315,Nonpeptidergic nociceptors,False,False,False,none
neekjfkp-1,TMA00315,Sst,False,False,False,none
nefbpjoh-1,TMA00315,CGRP-Gamma 2,False,False,False,none
nefdilbp-1,TMA00315,Nonpeptidergic nociceptors,False,False,False,none
neffelkd-1,TMA00315,Sst,False,False,False,none
nefiadip-1,TMA00315,CGRP-Gamma 2,False,False,False,none
negncecn-1,TMA00315,CGRP-Gamma 1,False,False,False,none
neigaleg-1,TMA00315,CGRP-Gamma 2,False,False,False,none
nejabekb-1,TMA00315,CGRP-Eta,False,False,False,none
nejheolk-1,TMA00315,Sst,False,False,False,none
nekcbpip-1,TMA00315,CGRP-Theta,False,False,False,none
nekjloid-1,TMA00315,TrpM8,False,False,False,none
nekpplmf-1,TMA00315,Nonpeptidergic nociceptors,False,False,False,none
nelcpjhj-1,TMA00315,CGRP-Eta,False,False,False,none
nelfcefa-1,TMA00315,TrpM8,False,False,False,none
nelkddbb-1,TMA00315,TrpM8,False,False,False,none
nellocea-1,TMA00315,C-LTMR,False,False,False,none
nelobndm-1,TMA00315,Nonpeptidergic nociceptors,False,False,False,none
nemdieba-1,TMA00315,Sst,False,False,False,none
nemeocpm-1,TMA00315,CGRP-Gamma 1,False,False,False,none
nemfcopp-1,TMA00315,CGRP-Eta,False,False,False,none
nemjflmb-1,TMA00315,CGRP-Gamma 1,False,False,False,none
nemlaklb-1,TMA00315,CGRP-Gamma 1,False,False,False,none
nemmfblo-1,TMA00315,CGRP-Gamma 1,False,False,False,none
nemplddh-1,TMA00315,TrpM8,False,False,False,none
nencboje-1,TMA00315,TrpM8,False,False,False,none
nenjgoec-1,TMA00315,CGRP-Eta,False,False,False,none
nenjhcmh-1,TMA00315,CGRP-Theta,False,False,False,none
nenkieki-1,TMA00315,CGRP-Beta,False,False,False,none
neoekpjh-1,TMA00315,CGRP-Theta,False,False,False,none
neofklji-1,TMA00315,CGRP-Gamma 1,False,False,False,none
nfabipfe-1,TMA00315,Nonpeptidergic nociceptors,False,False,False,none
nfemcand-1,TMA00315,Sst,False,False,False,none
nffakfbg-1,TMA00315,Nonpeptidergic nociceptors,False,False,False,none
nffbcnfm-1,TMA00315,TrpM8,False,False,False,none
nfgnepin-1,TMA00315,CGRP-Theta,False,False,False,none
nfgomjek-1,TMA00315,TrpM8,False,False,False,none
nfhfboch-1,TMA00315,TrpM8,False,False,False,none
nfhfdkdk-1,TMA00315,Abeta-RA-LTMR,False,False,False,none
nfhkloho-1,TMA00315,TrpM8,False,False,False,none
nficdjpp-1,TMA00315,CGRP-Epsilion,False,False,False,none
nfilpdcb-1,TMA00315,Sst,False,False,False,none
nfiobbad-1,TMA00315,Sst,False,False,False,none
nfjbkial-1,TMA00315,CGRP-Gamma 1,False,False,False,none
nfjjcghm-1,TMA00315,Proprioceptors,False,False,False,none
nfjjkkap-1,TMA00315,CGRP-Theta,False,False,False,none
nfkicnjn-1,TMA00315,CGRP-Theta,False,False,False,none
nfklcdom-1,TMA00315,Adelta-LTMR,False,False,False,none
nfkmdnkn-1,TMA00315,CGRP-Theta,False,False,False,none
nfkobaem-1,TMA00315,Nonpeptidergic nociceptors,False,False,False,none
nflolkko-1,TMA00315,TrpM8,False,False,False,none
nfmdibeb-1,TMA00315,CGRP-Theta,False,False,False,none
nfmdnede-1,TMA00315,Proprioceptors,False,False,False,none
nfmedjef-1,TMA00315,Proprioceptors,False,False,False,none
nfmgnpem-1,TMA00315,Proprioceptors,False,False,False,none
nfmjdjfj-1,TMA00315,Nonpeptidergic nociceptors,False,False,False,none
nfmodnbb-1,TMA00315,C-LTMR,False,False,False,none
nfndoigg-1,TMA00315,CGRP-Theta,False,False,False,none
nfngijdi-1,TMA00315,CGRP-Zeta,False,False,False,none
nfnlabpj-1,TMA00315,CGRP-Theta,False,False,False,none
nfpjldje-1,TMA00315,Sst,False,False,False,none
nfpoaell-1,TMA00315,CGRP-Gamma 1,False,False,False,none
nfppbalc-1,TMA00315,CGRP-Alpha,False,False,False,none
ngaeocac-1,TMA00315,TrpM8,False,False,False,none
ngafehda-1,TMA00315,CGRP-Gamma 2,False,False,False,none
ngajiodk-1,TMA00315,CGRP-Gamma 1,False,False,False,none
ngajodph-1,TMA00315,Nonpeptidergic nociceptors,False,False,False,none
ngbdohdk-1,TMA00315,CGRP-Epsilion,False,False,False,none
ngbfbnhj-1,TMA00315,Nonpeptidergic nociceptors,False,False,False,none
ngbfggae-1,TMA00315,CGRP-Eta,False,False,False,none
ngbhlbbc-1,TMA00315,CGRP-Gamma 1,False,False,False,none
ngbofdgp-1,TMA00315,Sst,False,False,False,none
ngdhddlo-1,TMA00315,Sst,False,False,False,none
ngdifalk-1,TMA00315,CGRP-Theta,False,False,False,none
ngdlhiph-1,TMA00315,Nonpeptidergic nociceptors,False,False,False,none
ngebgiek-1,TMA00315,CGRP-Theta,False,False,False,none
ngeljlnl-1,TMA00315,Nonpeptidergic nociceptors,False,False,False,none
nggakbog-1,TMA00315,CGRP-Eta,False,False,False,none
nghjfedm-1,TMA00315,CGRP-Gamma 1,False,False,False,none
nghoemhf-1,TMA00315,Nonpeptidergic nociceptors,False,False,False,none
nglfcjme-1,TMA00315,CGRP-Gamma 2,False,False,False,none
nglfgoda-1,TMA00315,CGRP-Gamma 1,False,False,False,none
ngljmpmo-1,TMA00315,CGRP-Alpha,False,False,False,none
ngnifndn-1,TMA00315,CGRP-Gamma 1,False,False,False,none
ngnmhhcf-1,TMA00315,CGRP-Gamma 1,False,False,False,none
ngnnjdip-1,TMA00315,Sst,False,False,False,none
ngnpecoc-1,TMA00315,CGRP-Eta,False,False,False,none
ngoaiaio-1,TMA00315,CGRP-Gamma 1,False,False,False,none
ngoaneok-1,TMA00315,TrpM8,False,False,False,none
ngoikgeh-1,TMA00315,CGRP-Epsilion,False,False,False,none
nhajimfe-1,TMA00315,Sst,False,False,False,none
nhakhafm-1,TMA00315,CGRP-Zeta,False,False,False,none
nhbdnihk-1,TMA00315,CGRP-Alpha,False,False,False,none
nhblgmmn-1,TMA00315,Proprioceptors,False,False,False,none
nhbliijl-1,TMA00315,CGRP-Zeta,False,False,False,none
nhbmmbib-1,TMA00315,CGRP-Gamma 1,False,False,False,none
nhcbjngk-1,TMA00315,Nonpeptidergic nociceptors,False,False,False,none
njggngfj-1,TMA00315,Nonpeptidergic nociceptors,False,False,False,none
nkaolpcl-1,TMA00315,CGRP-Alpha,False,False,False,none
nkbahhbl-1,TMA00315,CGRP-Gamma 2,False,False,False,none
nkfhjbjd-1,TMA00315,CGRP-Gamma 1,False,False,False,none
nldceljp-1,TMA00315,CGRP-Theta,False,False,False,none
nlhoeoll-1,TMA00315,Nonpeptidergic nociceptors,False,False,False,none
nlnmcbpe-1,TMA00315,Nonpeptidergic nociceptors,False,False,False,none
nlpbadja-1,TMA00315,Nonpeptidergic nociceptors,False,False,False,none
nmnfchgd-1,TMA00315,Nonpeptidergic nociceptors,False,False,False,none
nniknahi-1,TMA00315,CGRP-Alpha,False,False,False,none
npjcfona-1,TMA00315,CGRP-Alpha,False,False,False,none
npkdmbai-1,TMA00315,CGRP-Gamma 1,False,False,False,none
oabfknmc-1,TMA00315,CGRP-Zeta,False,False,False,none
occfhefc-1,TMA00315,CGRP-Gamma 1,False,False,False,none
ocehnjio-1,TMA00315,CGRP-Gamma 1,False,False,False,none
ocmpcemg-1,TMA00315,Abeta-RA-LTMR,False,False,False,none
odhgbnjp-1,TMA00315,Nonpeptidergic nociceptors,False,False,False,none
ogapjoih-1,TMA00315,Sst,False,False,False,none
ogbhldlm-1,TMA00315,CGRP-Zeta,False,False,False,none
oghakmdi-1,TMA00315,CGRP-Theta,False,False,False,none
ogihnohh-1,TMA00315,Proprioceptors,False,False,False,none
ohhdgngb-1,TMA00315,Proprioceptors,False,False,False,none
ohiddbih-1,TMA00315,TrpM8,False,False,False,none
