cell_id,sample_id,neuron_label,EGFP_Seq1_hi,dTomato_Seq2_hi,EGFP_dTomato_dual_hi,group
aaahbdia-1,TMA00317,Nonpeptidergic nociceptors,False,False,False,none
aaakgcko-1,TMA00317,Abeta-RA-LTMR,False,False,False,none
aaanbmpi-1,TMA00317,Nonpeptidergic nociceptors,False,False,False,none
aaangnjd-1,TMA00317,Adelta-LTMR,False,False,False,none
aabakkkd-1,TMA00317,CGRP-Eta,False,False,False,none
aabfimef-1,TMA00317,C-LTMR,False,False,False,none
aabldngg-1,TMA00317,Nonpeptidergic nociceptors,False,False,False,none
aabpmlje-1,TMA00317,Nonpeptidergic nociceptors,False,False,False,none
aacconbo-1,TMA00317,Nonpeptidergic nociceptors,False,False,False,none
aacmjdkh-1,TMA00317,CGRP-Gamma 1,False,False,False,none
aacnibif-1,TMA00317,CGRP-Alpha,False,False,False,none
aadeddal-1,TMA00317,C-LTMR,False,False,False,none
aadehopp-1,TMA00317,CGRP-Theta,False,False,False,none
aadekgom-1,TMA00317,CGRP-Epsilion,False,False,False,none
aadjhmkg-1,TMA00317,Proprioceptors,False,False,False,none
aadjnmld-1,TMA00317,Nonpeptidergic nociceptors,False,False,False,none
aadkokmo-1,TMA00317,TrpM8,False,False,False,none
aadmbakn-1,TMA00317,CGRP-Zeta,False,False,False,none
aadncfdj-1,TMA00317,CGRP-Eta,False,False,False,none
aadnhpaa-1,TMA00317,CGRP-Eta,False,False,False,none
aadonhbp-1,TMA00317,Nonpeptidergic nociceptors,False,False,False,none
aadooile-1,TMA00317,TrpM8,False,False,False,none
aaecgbdi-1,TMA00317,TrpM8,False,False,False,none
aaefgpnn-1,TMA00317,CGRP-Epsilion,False,False,False,none
aaefkdee-1,TMA00317,CGRP-Theta,False,False,False,none
aaeinpog-1,TMA00317,Adelta-LTMR,False,False,False,none
aaekcaho-1,TMA00317,CGRP-Theta,False,False,False,none
aaepgjic-1,TMA00317,Nonpeptidergic nociceptors,False,False,False,none
aafeldil-1,TMA00317,Abeta-RA-LTMR,False,False,False,none
aaffpdcb-1,TMA00317,Abeta-RA-LTMR,False,False,False,none
aahogpam-1,TMA00317,CGRP-Gamma 1,False,False,False,none
aahohkdl-1,TMA00317,Adelta-LTMR,False,False,False,none
aaibagfd-1,TMA00317,Nonpeptidergic nociceptors,False,False,False,none
aaihlgfj-1,TMA00317,Proprioceptors,False,False,False,none
aaijpdfl-1,TMA00317,CGRP-Theta,False,False,False,none
aailgdhk-1,TMA00317,Nonpeptidergic nociceptors,False,False,False,none
aaimamok-1,TMA00317,TrpM8,False,False,False,none
aaimjeip-1,TMA00317,Proprioceptors,False,False,False,none
aaindeea-1,TMA00317,Abeta-RA-LTMR,False,False,False,none
aaiopppb-1,TMA00317,C-LTMR,False,False,False,none
aajcpcol-1,TMA00317,Abeta-RA-LTMR,False,False,False,none
aajdgiae-1,TMA00317,Proprioceptors,False,False,False,none
aajjalje-1,TMA00317,Abeta-RA-LTMR,False,False,False,none
aamefpka-1,TMA00317,Nonpeptidergic nociceptors,False,False,False,none
aamehgcj-1,TMA00317,TrpM8,False,False,False,none
aamhncne-1,TMA00317,Nonpeptidergic nociceptors,False,False,False,none
aamigkon-1,TMA00317,Nonpeptidergic nociceptors,False,False,False,none
aampmeak-1,TMA00317,Nonpeptidergic nociceptors,False,False,False,none
aanhbjag-1,TMA00317,CGRP-Gamma 1,False,False,False,none
abeniala-1,TMA00317,Proprioceptors,False,False,False,none
abffplnd-1,TMA00317,TrpM8,False,False,False,none
abfphgli-1,TMA00317,CGRP-Alpha,False,False,False,none
abgagmap-1,TMA00317,Sst,False,False,False,none
abgjecmh-1,TMA00317,Sst,False,False,False,none
abglpnka-1,TMA00317,Nonpeptidergic nociceptors,False,False,False,none
abgnnmnc-1,TMA00317,CGRP-Alpha,False,False,False,none
abhceega-1,TMA00317,Nonpeptidergic nociceptors,False,False,False,none
abhnggkd-1,TMA00317,Abeta-RA-LTMR,False,False,False,none
abhpgbkn-1,TMA00317,CGRP-Zeta,False,False,False,none
abigbhfa-1,TMA00317,Abeta-RA-LTMR,False,False,False,none
abiimgfh-1,TMA00317,Proprioceptors,False,False,False,none
abjeobfe-1,TMA00317,Abeta-RA-LTMR,False,False,False,none
abjghjce-1,TMA00317,Proprioceptors,False,False,False,none
abjiibgm-1,TMA00317,Proprioceptors,False,False,False,none
abkccfhe-1,TMA00317,Abeta-Field,False,False,False,none
abkggehk-1,TMA00317,Abeta-RA-LTMR,False,False,False,none
abkjbgol-1,TMA00317,Proprioceptors,False,False,False,none
abldfidd-1,TMA00317,CGRP-Theta,False,False,False,none
ablkpeig-1,TMA00317,Abeta-RA-LTMR,False,False,False,none
ablmdifk-1,TMA00317,Abeta-RA-LTMR,False,False,False,none
abmajhpf-1,TMA00317,Abeta-RA-LTMR,False,False,False,none
abmhdpbj-1,TMA00317,CGRP-Zeta,False,False,False,none
abmhjemo-1,TMA00317,Abeta-Field,False,False,False,none
abmifjcl-1,TMA00317,C-LTMR,False,False,False,none
abmkfake-1,TMA00317,Adelta-LTMR,False,False,False,none
abmlebfd-1,TMA00317,Abeta-Field,False,False,False,none
abmmdpbi-1,TMA00317,Abeta-RA-LTMR,False,False,False,none
abnbjjhl-1,TMA00317,C-LTMR,False,False,False,none
abnckjkm-1,TMA00317,TrpM8,False,False,False,none
abndfooi-1,TMA00317,Abeta-Field,False,False,False,none
abnghiln-1,TMA00317,Abeta-RA-LTMR,False,False,False,none
abnheecj-1,TMA00317,Abeta-RA-LTMR,False,False,False,none
abnjijgh-1,TMA00317,Abeta-RA-LTMR,False,False,False,none
abnmelab-1,TMA00317,Abeta-Field,False,False,False,none
abnmfogd-1,TMA00317,CGRP-Theta,False,False,False,none
aboidaaa-1,TMA00317,CGRP-Zeta,False,False,False,none
aboipall-1,TMA00317,Adelta-LTMR,False,False,False,none
abojccak-1,TMA00317,Adelta-LTMR,False,False,False,none
abookghb-1,TMA00317,Nonpeptidergic nociceptors,False,False,False,none
abooogao-1,TMA00317,CGRP-Theta,False,False,False,none
abopgkge-1,TMA00317,Proprioceptors,False,False,False,none
abophkid-1,TMA00317,Abeta-Field,False,False,False,none
abpaiobm-1,TMA00317,Abeta-RA-LTMR,False,False,False,none
abpdbekl-1,TMA00317,Abeta-RA-LTMR,False,False,False,none
abpdhinf-1,TMA00317,Nonpeptidergic nociceptors,False,False,False,none
abpeiefc-1,TMA00317,Nonpeptidergic nociceptors,False,False,False,none
abphafip-1,TMA00317,C-LTMR,False,False,False,none
abpjjakn-1,TMA00317,Abeta-Field,False,False,False,none
abpkdmbj-1,TMA00317,CGRP-Zeta,False,False,False,none
acacpdll-1,TMA00317,Nonpeptidergic nociceptors,False,False,False,none
acafdnii-1,TMA00317,C-LTMR,False,False,False,none
acanmigl-1,TMA00317,Nonpeptidergic nociceptors,False,False,False,none
acaoelej-1,TMA00317,CGRP-Theta,False,False,False,none
acapfpgc-1,TMA00317,CGRP-Alpha,False,False,False,none
acbcnapn-1,TMA00317,Adelta-LTMR,False,False,False,none
acbmghfe-1,TMA00317,CGRP-Gamma 1,False,False,False,none
acclhcii-1,TMA00317,Nonpeptidergic nociceptors,False,False,False,none
accpkeem-1,TMA00317,Proprioceptors,False,False,False,none
acdccobk-1,TMA00317,Proprioceptors,False,False,False,none
acdiijji-1,TMA00317,Nonpeptidergic nociceptors,False,False,False,none
acdkkecc-1,TMA00317,Proprioceptors,False,False,False,none
aceabdco-1,TMA00317,CGRP-Theta,False,False,False,none
aceajbke-1,TMA00317,Proprioceptors,False,False,False,none
aceaofkk-1,TMA00317,Abeta-RA-LTMR,False,False,False,none
aceebncg-1,TMA00317,TrpM8,False,False,False,none
aceeldhp-1,TMA00317,CGRP-Eta,False,False,False,none
acelbamn-1,TMA00317,Sst,False,False,False,none
acelohgj-1,TMA00317,Sst,False,False,False,none
acgbjeah-1,TMA00317,Nonpeptidergic nociceptors,False,False,False,none
acgicbfk-1,TMA00317,CGRP-Theta,False,False,False,none
acgiimke-1,TMA00317,CGRP-Zeta,False,False,False,none
acgjeank-1,TMA00317,TrpM8,False,False,False,none
acgmende-1,TMA00317,TrpM8,False,False,False,none
achefamd-1,TMA00317,Nonpeptidergic nociceptors,False,False,False,none
adahpcph-1,TMA00317,C-LTMR,False,False,False,none
adampccf-1,TMA00317,CGRP-Gamma 1,False,False,False,none
adaombol-1,TMA00317,Nonpeptidergic nociceptors,False,False,False,none
adbdffic-1,TMA00317,CGRP-Eta,False,False,False,none
adbdmmii-1,TMA00317,Sst,False,False,False,none
adbmjknl-1,TMA00317,CGRP-Gamma 1,False,False,False,none
adclojgn-1,TMA00317,CGRP-Alpha,False,False,False,none
addngnnk-1,TMA00317,Abeta-Field,False,False,False,none
adecolik-1,TMA00317,Adelta-LTMR,False,False,False,none
adeenbpi-1,TMA00317,Abeta-RA-LTMR,False,False,False,none
adehcncp-1,TMA00317,CGRP-Theta,False,False,False,none
adeodkdo-1,TMA00317,Abeta-Field,False,False,False,none
adepamja-1,TMA00317,Nonpeptidergic nociceptors,False,False,False,none
adfaalgi-1,TMA00317,Proprioceptors,False,False,False,none
adfekhmp-1,TMA00317,Abeta-RA-LTMR,False,False,False,none
adffmjlj-1,TMA00317,Abeta-RA-LTMR,False,False,False,none
adjckfnc-1,TMA00317,Nonpeptidergic nociceptors,False,False,False,none
adjfnnoi-1,TMA00317,CGRP-Zeta,False,False,False,none
adjgjcnm-1,TMA00317,CGRP-Theta,False,False,False,none
adjhaklh-1,TMA00317,Abeta-RA-LTMR,False,False,False,none
adjhhjkp-1,TMA00317,Proprioceptors,False,False,False,none
adjjoejo-1,TMA00317,Proprioceptors,False,False,False,none
adkdildk-1,TMA00317,Abeta-Field,False,False,False,none
adkpcaeh-1,TMA00317,Proprioceptors,False,False,False,none
adljdcji-1,TMA00317,Sst,False,False,False,none
admdhkjf-1,TMA00317,Abeta-Field,False,False,False,none
admdpmmf-1,TMA00317,Abeta-Field,False,False,False,none
admfaiea-1,TMA00317,Nonpeptidergic nociceptors,False,False,False,none
adncicfp-1,TMA00317,Proprioceptors,False,False,False,none
adncokda-1,TMA00317,CGRP-Alpha,False,False,False,none
adneikhb-1,TMA00317,CGRP-Eta,False,False,False,none
adobbgmp-1,TMA00317,Sst,False,False,False,none
adoiommd-1,TMA00317,Abeta-RA-LTMR,False,False,False,none
adombkac-1,TMA00317,Nonpeptidergic nociceptors,False,False,False,none
adpalkib-1,TMA00317,Abeta-Field,False,False,False,none
adpenhbm-1,TMA00317,TrpM8,False,False,False,none
adpfmcih-1,TMA00317,C-LTMR,False,False,False,none
adpkedfl-1,TMA00317,Abeta-Field,False,False,False,none
adpmcmpm-1,TMA00317,Nonpeptidergic nociceptors,False,False,False,none
adpmkdko-1,TMA00317,TrpM8,False,False,False,none
aeackogj-1,TMA00317,C-LTMR,False,False,False,none
aeafionn-1,TMA00317,Proprioceptors,False,False,False,none
aeaioolc-1,TMA00317,Abeta-RA-LTMR,False,False,False,none
aebbdpbl-1,TMA00317,Proprioceptors,False,False,False,none
aebdnlmo-1,TMA00317,Abeta-RA-LTMR,False,False,False,none
aebhlabg-1,TMA00317,Proprioceptors,False,False,False,none
aebjlmla-1,TMA00317,Abeta-Field,False,False,False,none
aecgmijg-1,TMA00317,Nonpeptidergic nociceptors,False,False,False,none
aeckijfi-1,TMA00317,TrpM8,False,False,False,none
aecmaeng-1,TMA00317,Proprioceptors,False,False,False,none
aecnoalk-1,TMA00317,Proprioceptors,False,False,False,none
aedekcnb-1,TMA00317,CGRP-Alpha,False,False,False,none
aedjcani-1,TMA00317,CGRP-Gamma 2,False,False,False,none
aeehejmc-1,TMA00317,Adelta-LTMR,False,False,False,none
aeeloffp-1,TMA00317,TrpM8,False,False,False,none
aeendjld-1,TMA00317,CGRP-Gamma 1,False,False,False,none
aeeohmdc-1,TMA00317,Nonpeptidergic nociceptors,False,False,False,none
aeeopojg-1,TMA00317,TrpM8,False,False,False,none
aefdgdfi-1,TMA00317,CGRP-Zeta,False,False,False,none
aegdkcpp-1,TMA00317,C-LTMR,False,False,False,none
aegfijoa-1,TMA00317,CGRP-Eta,False,False,False,none
aegfkeca-1,TMA00317,CGRP-Zeta,False,False,False,none
aegnleei-1,TMA00317,CGRP-Eta,False,False,False,none
aegpafgg-1,TMA00317,Abeta-RA-LTMR,False,False,False,none
aehcjamn-1,TMA00317,CGRP-Eta,False,False,False,none
aehhlabg-1,TMA00317,Abeta-RA-LTMR,False,False,False,none
aehmbjch-1,TMA00317,TrpM8,False,False,False,none
aehnmlbf-1,TMA00317,Adelta-LTMR,False,False,False,none
aeibgmod-1,TMA00317,CGRP-Gamma 1,False,False,False,none
aeidpndl-1,TMA00317,Abeta-RA-LTMR,False,False,False,none
aeiefghl-1,TMA00317,CGRP-Gamma 1,False,False,False,none
aeimflid-1,TMA00317,C-LTMR,False,False,False,none
aeipacka-1,TMA00317,C-LTMR,False,False,False,none
aejckpld-1,TMA00317,Nonpeptidergic nociceptors,False,False,False,none
aejggfnf-1,TMA00317,CGRP-Eta,False,False,False,none
aejijicd-1,TMA00317,CGRP-Theta,False,False,False,none
aejkbcmo-1,TMA00317,CGRP-Eta,False,False,False,none
aejledfl-1,TMA00317,Sst,False,False,False,none
aekbmakc-1,TMA00317,C-LTMR,False,False,False,none
aekddlbp-1,TMA00317,Nonpeptidergic nociceptors,False,False,False,none
aekdeiok-1,TMA00317,Nonpeptidergic nociceptors,False,False,False,none
aekffinp-1,TMA00317,CGRP-Gamma 1,False,False,False,none
aekhmhef-1,TMA00317,CGRP-Gamma 1,False,False,False,none
aekjcpjl-1,TMA00317,CGRP-Eta,False,False,False,none
aekpihli-1,TMA00317,C-LTMR,False,False,False,none
aelefnhc-1,TMA00317,CGRP-Eta,False,False,False,none
aelepdnf-1,TMA00317,Sst,False,False,False,none
aelfclob-1,TMA00317,C-LTMR,False,False,False,none
aeliooom-1,TMA00317,CGRP-Epsilion,False,False,False,none
aeljbolb-1,TMA00317,TrpM8,False,False,False,none
aelkclbj-1,TMA00317,CGRP-Alpha,False,False,False,none
aelkidkp-1,TMA00317,C-LTMR,False,False,False,none
aelodfjc-1,TMA00317,CGRP-Alpha,False,False,False,none
aelolein-1,TMA00317,Nonpeptidergic nociceptors,False,False,False,none
aelpfoih-1,TMA00317,C-LTMR,False,False,False,none
aemencbo-1,TMA00317,Abeta-RA-LTMR,False,False,False,none
aemgkdhk-1,TMA00317,Abeta-RA-LTMR,False,False,False,none
aemhlemb-1,TMA00317,CGRP-Theta,False,False,False,none
aemnllaj-1,TMA00317,Nonpeptidergic nociceptors,False,False,False,none
aencdafc-1,TMA00317,Nonpeptidergic nociceptors,False,False,False,none
aengefam-1,TMA00317,CGRP-Eta,False,False,False,none
aenhnlfh-1,TMA00317,Adelta-LTMR,False,False,False,none
aeniepfl-1,TMA00317,CGRP-Epsilion,False,False,False,none
aeoajhmk-1,TMA00317,Nonpeptidergic nociceptors,False,False,False,none
aeocljbl-1,TMA00317,Nonpeptidergic nociceptors,False,False,False,none
aeoedlpo-1,TMA00317,C-LTMR,False,False,False,none
aeohmbho-1,TMA00317,CGRP-Gamma 1,False,False,False,none
aeojfcde-1,TMA00317,CGRP-Eta,False,False,False,none
aeologfl-1,TMA00317,CGRP-Alpha,False,False,False,none
aeomacfa-1,TMA00317,CGRP-Epsilion,False,False,False,none
aepdijfj-1,TMA00317,Nonpeptidergic nociceptors,False,False,False,none
aepecbch-1,TMA00317,C-LTMR,False,False,False,none
aepeoaim-1,TMA00317,Nonpeptidergic nociceptors,False,False,False,none
aepmonhn-1,TMA00317,C-LTMR,False,False,False,none
aepphkpg-1,TMA00317,CGRP-Zeta,False,False,False,none
aepphpjd-1,TMA00317,Sst,False,False,False,none
afaabfgp-1,TMA00317,Abeta-Field,False,False,False,none
afacopfi-1,TMA00317,Nonpeptidergic nociceptors,False,False,False,none
afajokhl-1,TMA00317,CGRP-Theta,False,False,False,none
afandkhi-1,TMA00317,TrpM8,False,False,False,none
afbaghci-1,TMA00317,TrpM8,False,False,False,none
afbbhdgg-1,TMA00317,CGRP-Eta,False,False,False,none
afbceakb-1,TMA00317,Abeta-Field,False,False,False,none
afbdkpjg-1,TMA00317,CGRP-Alpha,False,False,False,none
afbijbkh-1,TMA00317,Nonpeptidergic nociceptors,False,False,False,none
afbijlec-1,TMA00317,Nonpeptidergic nociceptors,False,False,False,none
afbikkje-1,TMA00317,CGRP-Eta,False,False,False,none
afbjikjl-1,TMA00317,CGRP-Alpha,False,False,False,none
afbnehij-1,TMA00317,Nonpeptidergic nociceptors,False,False,False,none
afboafoc-1,TMA00317,CGRP-Eta,False,False,False,none
afccbngd-1,TMA00317,CGRP-Gamma 1,False,False,False,none
afcddbgj-1,TMA00317,Sst,False,False,False,none
afcfiahl-1,TMA00317,Abeta-Field,False,False,False,none
afdakolg-1,TMA00317,CGRP-Eta,False,False,False,none
afdbagan-1,TMA00317,Proprioceptors,False,False,False,none
afdgndma-1,TMA00317,CGRP-Zeta,False,False,False,none
afdichmd-1,TMA00317,C-LTMR,False,False,False,none
afdipgpj-1,TMA00317,C-LTMR,False,False,False,none
afdjoimm-1,TMA00317,Nonpeptidergic nociceptors,False,False,False,none
afefplgh-1,TMA00317,Abeta-RA-LTMR,False,False,False,none
afehaeec-1,TMA00317,C-LTMR,False,False,False,none
afekfnpl-1,TMA00317,CGRP-Eta,False,False,False,none
afemciho-1,TMA00317,Proprioceptors,False,False,False,none
afepeojf-1,TMA00317,TrpM8,False,False,False,none
affbfbpk-1,TMA00317,TrpM8,False,False,False,none
affbkpje-1,TMA00317,TrpM8,False,False,False,none
affdflkm-1,TMA00317,Nonpeptidergic nociceptors,False,False,False,none
affdhmbm-1,TMA00317,C-LTMR,False,False,False,none
affemklg-1,TMA00317,CGRP-Eta,False,False,False,none
affifcbn-1,TMA00317,CGRP-Eta,False,False,False,none
affiooii-1,TMA00317,Nonpeptidergic nociceptors,False,False,False,none
affjgnnj-1,TMA00317,CGRP-Eta,False,False,False,none
afgklojn-1,TMA00317,Nonpeptidergic nociceptors,False,False,False,none
afgppkoc-1,TMA00317,C-LTMR,False,False,False,none
afhbdpkd-1,TMA00317,Abeta-RA-LTMR,False,False,False,none
afheobnn-1,TMA00317,Nonpeptidergic nociceptors,False,False,False,none
afhffjao-1,TMA00317,Nonpeptidergic nociceptors,False,False,False,none
afhgkmil-1,TMA00317,Nonpeptidergic nociceptors,False,False,False,none
afhmanff-1,TMA00317,CGRP-Eta,False,False,False,none
afibgbha-1,TMA00317,Proprioceptors,False,False,False,none
afichfdh-1,TMA00317,Abeta-Field,False,False,False,none
afjcpiib-1,TMA00317,CGRP-Eta,False,False,False,none
afjepgef-1,TMA00317,Proprioceptors,False,False,False,none
afjmijbc-1,TMA00317,CGRP-Alpha,False,False,False,none
afjnhphd-1,TMA00317,Nonpeptidergic nociceptors,False,False,False,none
afjomojl-1,TMA00317,CGRP-Zeta,False,False,False,none
afkaijkb-1,TMA00317,Proprioceptors,False,False,False,none
afkfiloa-1,TMA00317,Nonpeptidergic nociceptors,False,False,False,none
afkhcalj-1,TMA00317,Adelta-LTMR,False,False,False,none
afknmdef-1,TMA00317,Nonpeptidergic nociceptors,False,False,False,none
afkobjia-1,TMA00317,Proprioceptors,False,False,False,none
aflbngff-1,TMA00317,Proprioceptors,False,False,False,none
aflgiobm-1,TMA00317,CGRP-Eta,False,False,False,none
aflhkkbn-1,TMA00317,Abeta-RA-LTMR,False,False,False,none
aflihooh-1,TMA00317,CGRP-Eta,False,False,False,none
afmcaneg-1,TMA00317,Proprioceptors,False,False,False,none
afmdckbb-1,TMA00317,Abeta-RA-LTMR,False,False,False,none
afmihnll-1,TMA00317,Proprioceptors,False,False,False,none
afmpaejl-1,TMA00317,Proprioceptors,False,False,False,none
afmpghbl-1,TMA00317,Nonpeptidergic nociceptors,False,False,False,none
afnaphbp-1,TMA00317,CGRP-Eta,False,False,False,none
afnbipga-1,TMA00317,Nonpeptidergic nociceptors,False,False,False,none
afncegoa-1,TMA00317,Abeta-Field,False,False,False,none
afndajdp-1,TMA00317,CGRP-Theta,False,False,False,none
afngkjof-1,TMA00317,Proprioceptors,False,False,False,none
afnjkhbl-1,TMA00317,Nonpeptidergic nociceptors,False,False,False,none
afnonjjp-1,TMA00317,TrpM8,False,False,False,none
afoaecib-1,TMA00317,CGRP-Theta,False,False,False,none
afodjife-1,TMA00317,Nonpeptidergic nociceptors,False,False,False,none
afojoedg-1,TMA00317,Nonpeptidergic nociceptors,False,False,False,none
afokedmf-1,TMA00317,Nonpeptidergic nociceptors,False,False,False,none
afpabmjh-1,TMA00317,CGRP-Eta,False,False,False,none
afpadgek-1,TMA00317,C-LTMR,False,False,False,none
afpbmelb-1,TMA00317,CGRP-Eta,False,False,False,none
afpcofcd-1,TMA00317,CGRP-Eta,False,False,False,none
afpehbcl-1,TMA00317,CGRP-Eta,False,False,False,none
afpjanfj-1,TMA00317,CGRP-Alpha,False,False,False,none
afppdagh-1,TMA00317,Nonpeptidergic nociceptors,False,False,False,none
afppdmbi-1,TMA00317,Nonpeptidergic nociceptors,False,False,False,none
agaadlgj-1,TMA00317,Nonpeptidergic nociceptors,False,False,False,none
agafadab-1,TMA00317,Nonpeptidergic nociceptors,True,False,False,EGFP_Seq1_hi
agahnjnn-1,TMA00317,C-LTMR,False,False,False,none
agaljmpl-1,TMA00317,C-LTMR,False,False,False,none
agaocbal-1,TMA00317,Proprioceptors,False,False,False,none
agaocfnk-1,TMA00317,TrpM8,False,False,False,none
agbhbmld-1,TMA00317,Nonpeptidergic nociceptors,False,False,False,none
agbldgnm-1,TMA00317,Abeta-Field,False,False,False,none
agcajakm-1,TMA00317,CGRP-Epsilion,False,False,False,none
agcdccod-1,TMA00317,Adelta-LTMR,False,False,False,none
agcegjma-1,TMA00317,CGRP-Alpha,False,False,False,none
agdapbjm-1,TMA00317,TrpM8,False,False,False,none
agdjhnlh-1,TMA00317,Nonpeptidergic nociceptors,False,False,False,none
agdpghmc-1,TMA00317,Nonpeptidergic nociceptors,False,False,False,none
ageclada-1,TMA00317,CGRP-Gamma 1,False,False,False,none
ageiddff-1,TMA00317,CGRP-Zeta,False,False,False,none
agepjncp-1,TMA00317,Nonpeptidergic nociceptors,False,False,False,none
agfaiogh-1,TMA00317,CGRP-Epsilion,False,False,False,none
agfbidhp-1,TMA00317,CGRP-Eta,False,False,False,none
agfdkojk-1,TMA00317,TrpM8,False,False,False,none
agfhjphm-1,TMA00317,Nonpeptidergic nociceptors,False,False,False,none
aggakobd-1,TMA00317,CGRP-Theta,False,False,False,none
aggbincn-1,TMA00317,Nonpeptidergic nociceptors,False,False,False,none
aggblame-1,TMA00317,Nonpeptidergic nociceptors,False,False,False,none
aggbmdfd-1,TMA00317,Adelta-LTMR,False,False,False,none
aggjjlkn-1,TMA00317,Proprioceptors,False,False,False,none
aggmbogf-1,TMA00317,CGRP-Eta,False,False,False,none
aggmkbno-1,TMA00317,CGRP-Eta,False,False,False,none
aggpfgid-1,TMA00317,TrpM8,False,False,False,none
aghkigkh-1,TMA00317,Proprioceptors,False,False,False,none
agjbloec-1,TMA00317,Abeta-RA-LTMR,False,False,False,none
agjhhkae-1,TMA00317,Sst,False,False,False,none
agjnefea-1,TMA00317,CGRP-Eta,False,False,False,none
agjnopck-1,TMA00317,CGRP-Eta,False,False,False,none
agkefmbe-1,TMA00317,C-LTMR,False,False,False,none
agkiapik-1,TMA00317,CGRP-Alpha,False,False,False,none
agkjhogm-1,TMA00317,C-LTMR,False,False,False,none
agkjpolf-1,TMA00317,Abeta-Field,False,False,False,none
agkpglap-1,TMA00317,TrpM8,False,False,False,none
aglcklal-1,TMA00317,Proprioceptors,False,False,False,none
aglhngke-1,TMA00317,Nonpeptidergic nociceptors,False,False,False,none
agmdifcn-1,TMA00317,Nonpeptidergic nociceptors,False,False,False,none
agmfgden-1,TMA00317,CGRP-Theta,False,False,False,none
agmhibca-1,TMA00317,Nonpeptidergic nociceptors,False,False,False,none
agnkdgaj-1,TMA00317,C-LTMR,False,False,False,none
agnmbige-1,TMA00317,Proprioceptors,False,False,False,none
agnpncfk-1,TMA00317,CGRP-Alpha,False,False,False,none
agohngnh-1,TMA00317,CGRP-Eta,False,False,False,none
agokifin-1,TMA00317,Proprioceptors,False,False,False,none
agpaknde-1,TMA00317,Abeta-RA-LTMR,False,False,False,none
agpcfnnm-1,TMA00317,Proprioceptors,False,False,False,none
agpdinkf-1,TMA00317,TrpM8,False,False,False,none
agpehepg-1,TMA00317,CGRP-Zeta,False,False,False,none
agpgcjoe-1,TMA00317,CGRP-Eta,False,False,False,none
agphhmcf-1,TMA00317,C-LTMR,False,False,False,none
agphnpcf-1,TMA00317,Nonpeptidergic nociceptors,False,False,False,none
agpnloja-1,TMA00317,TrpM8,False,False,False,none
ahaalddi-1,TMA00317,Nonpeptidergic nociceptors,False,False,False,none
ahafaonp-1,TMA00317,TrpM8,False,False,False,none
ahafapja-1,TMA00317,CGRP-Theta,False,False,False,none
ahafokeh-1,TMA00317,CGRP-Alpha,False,False,False,none
ahalagkg-1,TMA00317,C-LTMR,False,False,False,none
ahalifbe-1,TMA00317,TrpM8,False,False,False,none
ahbiijih-1,TMA00317,CGRP-Alpha,False,False,False,none
ahbkadkl-1,TMA00317,TrpM8,False,False,False,none
ahbldhpg-1,TMA00317,Nonpeptidergic nociceptors,False,False,False,none
ahccihad-1,TMA00317,TrpM8,False,False,False,none
ahccpjcc-1,TMA00317,TrpM8,False,False,False,none
ahcdcebo-1,TMA00317,CGRP-Zeta,False,False,False,none
ahcefhek-1,TMA00317,CGRP-Zeta,False,False,False,none
ahcfblkn-1,TMA00317,TrpM8,False,False,False,none
ahcfohin-1,TMA00317,CGRP-Zeta,False,False,False,none
ahclkjme-1,TMA00317,CGRP-Epsilion,False,False,False,none
ahcpkaoc-1,TMA00317,TrpM8,False,False,False,none
ahdikpjj-1,TMA00317,Nonpeptidergic nociceptors,False,False,False,none
ahdliiab-1,TMA00317,C-LTMR,False,False,False,none
ahdnhgff-1,TMA00317,Sst,False,False,False,none
ahdnjbdn-1,TMA00317,Sst,False,False,False,none
ahdoejei-1,TMA00317,C-LTMR,False,False,False,none
ahdonjln-1,TMA00317,TrpM8,False,False,False,none
ahdpgfdb-1,TMA00317,CGRP-Alpha,False,False,False,none
ahdpkaai-1,TMA00317,TrpM8,False,False,False,none
aheannlo-1,TMA00317,TrpM8,False,False,False,none
ahemchpm-1,TMA00317,Sst,False,False,False,none
ahepmokh-1,TMA00317,CGRP-Gamma 1,False,False,False,none
ahfapmml-1,TMA00317,C-LTMR,False,False,False,none
ahfbjbpa-1,TMA00317,C-LTMR,False,False,False,none
ahffbhpa-1,TMA00317,C-LTMR,False,False,False,none
ahfgcolk-1,TMA00317,CGRP-Zeta,False,False,False,none
ahfphfij-1,TMA00317,CGRP-Alpha,False,False,False,none
ahgamgma-1,TMA00317,C-LTMR,False,False,False,none
ahgbconh-1,TMA00317,Nonpeptidergic nociceptors,False,False,False,none
ahgcaaaf-1,TMA00317,Nonpeptidergic nociceptors,False,False,False,none
ahgfpfkm-1,TMA00317,C-LTMR,False,False,False,none
ahginhdi-1,TMA00317,TrpM8,False,False,False,none
ahglcmnc-1,TMA00317,TrpM8,False,False,False,none
ahglmdfm-1,TMA00317,CGRP-Eta,False,False,False,none
ahgmkcfk-1,TMA00317,CGRP-Eta,False,False,False,none
ahhackpb-1,TMA00317,CGRP-Gamma 1,False,False,False,none
ahhchebi-1,TMA00317,TrpM8,False,False,False,none
ahhfhhhh-1,TMA00317,TrpM8,False,False,False,none
ahhgnael-1,TMA00317,Nonpeptidergic nociceptors,False,False,False,none
ahhikmlh-1,TMA00317,C-LTMR,False,False,False,none
ahhjcdom-1,TMA00317,TrpM8,False,False,False,none
ahhjjfpc-1,TMA00317,Nonpeptidergic nociceptors,False,False,False,none
ahijomgg-1,TMA00317,CGRP-Gamma 1,False,False,False,none
ahikbbba-1,TMA00317,CGRP-Gamma 1,False,False,False,none
ahimepii-1,TMA00317,CGRP-Gamma 2,False,True,False,dTomato_Seq2_hi
ahinjblg-1,TMA00317,Nonpeptidergic nociceptors,False,False,False,none
ahjmpahl-1,TMA00317,Abeta-RA-LTMR,False,False,False,none
ahkcmhlm-1,TMA00317,CGRP-Alpha,False,False,False,none
ahkgnppn-1,TMA00317,CGRP-Epsilion,False,False,False,none
ahkmgkfo-1,TMA00317,CGRP-Alpha,False,False,False,none
ahkooonj-1,TMA00317,CGRP-Alpha,False,False,False,none
ahphiklm-1,TMA00317,CGRP-Gamma 1,False,False,False,none
ahpldafi-1,TMA00317,Abeta-RA-LTMR,False,False,False,none
ahpmphei-1,TMA00317,Abeta-RA-LTMR,False,False,False,none
aiaadlpp-1,TMA00317,Abeta-RA-LTMR,False,False,False,none
aiamohgl-1,TMA00317,C-LTMR,False,False,False,none
aibbecio-1,TMA00317,Adelta-LTMR,False,False,False,none
aibckcfi-1,TMA00317,CGRP-Zeta,False,False,False,none
aibgdcfc-1,TMA00317,Nonpeptidergic nociceptors,False,False,False,none
aibhmhhf-1,TMA00317,CGRP-Gamma 2,False,False,False,none
aibjkmnj-1,TMA00317,Adelta-LTMR,False,False,False,none
aibkbjmc-1,TMA00317,Adelta-LTMR,False,False,False,none
aiblgmla-1,TMA00317,Nonpeptidergic nociceptors,False,False,False,none
aicilcol-1,TMA00317,CGRP-Theta,False,False,False,none
aicohapl-1,TMA00317,CGRP-Gamma 2,False,False,False,none
aiconeon-1,TMA00317,Proprioceptors,False,False,False,none
aidddfil-1,TMA00317,Abeta-RA-LTMR,False,False,False,none
aidjpehe-1,TMA00317,Proprioceptors,False,False,False,none
aidkchof-1,TMA00317,Nonpeptidergic nociceptors,False,False,False,none
aidmdjfg-1,TMA00317,Abeta-RA-LTMR,False,False,False,none
aieahcpg-1,TMA00317,CGRP-Zeta,False,False,False,none
aiebhfdk-1,TMA00317,CGRP-Zeta,False,False,False,none
aiegappf-1,TMA00317,CGRP-Theta,False,False,False,none
aijapljl-1,TMA00317,CGRP-Alpha,False,False,False,none
aijcmnmm-1,TMA00317,CGRP-Zeta,False,False,False,none
aikakflb-1,TMA00317,Nonpeptidergic nociceptors,False,False,False,none
aikgabbd-1,TMA00317,Sst,False,False,False,none
aiklpdbf-1,TMA00317,C-LTMR,False,False,False,none
aiknembc-1,TMA00317,Nonpeptidergic nociceptors,False,False,False,none
ailaliim-1,TMA00317,C-LTMR,False,False,False,none
aildlfnf-1,TMA00317,Adelta-LTMR,False,False,False,none
aileihjc-1,TMA00317,Adelta-LTMR,False,False,False,none
ailipena-1,TMA00317,CGRP-Epsilion,False,False,False,none
aimggklf-1,TMA00317,CGRP-Alpha,False,False,False,none
ainnamog-1,TMA00317,Adelta-LTMR,False,False,False,none
aiohpmli-1,TMA00317,CGRP-Eta,False,False,False,none
aioilmhn-1,TMA00317,Proprioceptors,False,False,False,none
aiolhphi-1,TMA00317,Adelta-LTMR,False,False,False,none
aipjnfbh-1,TMA00317,Proprioceptors,False,False,False,none
aiplehfa-1,TMA00317,Abeta-RA-LTMR,False,False,False,none
ajhaaapn-1,TMA00317,Nonpeptidergic nociceptors,False,False,False,none
ajhlhcce-1,TMA00317,CGRP-Eta,False,False,False,none
ajhndodp-1,TMA00317,Nonpeptidergic nociceptors,False,False,False,none
ajhnjbci-1,TMA00317,Nonpeptidergic nociceptors,False,False,False,none
ajieeagn-1,TMA00317,Nonpeptidergic nociceptors,False,False,False,none
ajifhmdh-1,TMA00317,Adelta-LTMR,False,False,False,none
ajiggace-1,TMA00317,CGRP-Zeta,False,False,False,none
ajiigfpl-1,TMA00317,Abeta-RA-LTMR,False,False,False,none
ajimgbjk-1,TMA00317,Abeta-RA-LTMR,False,False,False,none
ajimijnh-1,TMA00317,Abeta-RA-LTMR,False,False,False,none
ajiohige-1,TMA00317,CGRP-Zeta,False,False,False,none
ajjacekp-1,TMA00317,Proprioceptors,False,False,False,none
ajjcfhoi-1,TMA00317,Abeta-RA-LTMR,False,False,False,none
ajjhllde-1,TMA00317,Nonpeptidergic nociceptors,False,False,False,none
ajjibamj-1,TMA00317,CGRP-Theta,False,False,False,none
ajjimbdp-1,TMA00317,CGRP-Theta,False,False,False,none
ajjkbiim-1,TMA00317,CGRP-Theta,False,False,False,none
ajjlhebh-1,TMA00317,CGRP-Zeta,False,False,False,none
ajjmnlij-1,TMA00317,Abeta-RA-LTMR,False,False,False,none
ajjphbjg-1,TMA00317,CGRP-Alpha,False,False,False,none
ajkahnnf-1,TMA00317,Nonpeptidergic nociceptors,False,False,False,none
ajkcomjd-1,TMA00317,Nonpeptidergic nociceptors,False,False,False,none
ajkdcblo-1,TMA00317,Nonpeptidergic nociceptors,False,False,False,none
ajkgaloe-1,TMA00317,Nonpeptidergic nociceptors,False,False,False,none
ajkjnaal-1,TMA00317,Nonpeptidergic nociceptors,False,False,False,none
ajkkfhii-1,TMA00317,Proprioceptors,False,False,False,none
ajkmgmkk-1,TMA00317,CGRP-Gamma 1,False,False,False,none
ajkocpjh-1,TMA00317,TrpM8,False,False,False,none
ajlbkclk-1,TMA00317,Proprioceptors,False,False,False,none
ajlbpkdk-1,TMA00317,TrpM8,False,False,False,none
ajlelojl-1,TMA00317,Sst,False,False,False,none
ajlfajoc-1,TMA00317,TrpM8,False,False,False,none
ajlfcdlo-1,TMA00317,CGRP-Alpha,False,False,False,none
ajlfiibd-1,TMA00317,TrpM8,False,False,False,none
ajlhkege-1,TMA00317,CGRP-Alpha,False,False,False,none
ajljbepm-1,TMA00317,CGRP-Epsilion,False,False,False,none
ajlkepno-1,TMA00317,Nonpeptidergic nociceptors,False,False,False,none
ajlmpbbo-1,TMA00317,Abeta-RA-LTMR,False,False,False,none
ajlnojnn-1,TMA00317,Abeta-RA-LTMR,False,False,False,none
ajmcnjkf-1,TMA00317,Proprioceptors,False,False,False,none
ajmegani-1,TMA00317,Abeta-RA-LTMR,False,False,False,none
ajmfajjh-1,TMA00317,Nonpeptidergic nociceptors,False,False,False,none
ajmfjinb-1,TMA00317,Nonpeptidergic nociceptors,False,False,False,none
ajmflpmi-1,TMA00317,Nonpeptidergic nociceptors,False,False,False,none
ajmjaodb-1,TMA00317,C-LTMR,False,False,False,none
ajmjofhi-1,TMA00317,CGRP-Eta,False,False,False,none
ajmnccel-1,TMA00317,Proprioceptors,False,False,False,none
ajmphblf-1,TMA00317,Abeta-RA-LTMR,False,False,False,none
ajngippo-1,TMA00317,Abeta-RA-LTMR,False,False,False,none
ajnpbgdc-1,TMA00317,Abeta-RA-LTMR,False,False,False,none
ajoafgpi-1,TMA00317,CGRP-Zeta,False,False,False,none
ajomhooa-1,TMA00317,Nonpeptidergic nociceptors,False,False,False,none
ajpbnpim-1,TMA00317,Nonpeptidergic nociceptors,False,False,False,none
ajpdeipd-1,TMA00317,CGRP-Alpha,False,False,False,none
ajpdfpaf-1,TMA00317,CGRP-Alpha,False,False,False,none
ajpdlaoi-1,TMA00317,Abeta-RA-LTMR,False,False,False,none
ajpdoohl-1,TMA00317,Abeta-RA-LTMR,False,False,False,none
ajpibhac-1,TMA00317,Nonpeptidergic nociceptors,False,False,False,none
akaajdda-1,TMA00317,Proprioceptors,False,False,False,none
akacibea-1,TMA00317,Proprioceptors,False,False,False,none
akagbnab-1,TMA00317,Proprioceptors,False,False,False,none
akagfdcj-1,TMA00317,TrpM8,False,False,False,none
akaggnal-1,TMA00317,Nonpeptidergic nociceptors,False,False,False,none
akaimcef-1,TMA00317,Nonpeptidergic nociceptors,False,False,False,none
akbefkdk-1,TMA00317,CGRP-Eta,False,False,False,none
akbfemmd-1,TMA00317,Nonpeptidergic nociceptors,False,False,False,none
akbffpoa-1,TMA00317,Nonpeptidergic nociceptors,False,False,False,none
akblleob-1,TMA00317,CGRP-Alpha,False,False,False,none
akbpnmgc-1,TMA00317,Abeta-RA-LTMR,False,False,False,none
akcbdhck-1,TMA00317,Abeta-RA-LTMR,False,False,False,none
akcdggpg-1,TMA00317,C-LTMR,False,False,False,none
akcfgple-1,TMA00317,Nonpeptidergic nociceptors,False,False,False,none
akcnfaff-1,TMA00317,Abeta-Field,False,False,False,none
akcpaojh-1,TMA00317,TrpM8,False,False,False,none
akdemldc-1,TMA00317,CGRP-Zeta,False,False,False,none
akdfgdep-1,TMA00317,C-LTMR,False,False,False,none
akfnimfm-1,TMA00317,CGRP-Theta,False,False,False,none
akfpekjg-1,TMA00317,Nonpeptidergic nociceptors,False,False,False,none
akfpomhh-1,TMA00317,Proprioceptors,False,False,False,none
akgbmdig-1,TMA00317,TrpM8,False,False,False,none
akgbnmdj-1,TMA00317,CGRP-Gamma 1,False,False,False,none
akggdklg-1,TMA00317,CGRP-Theta,False,False,False,none
akglijgk-1,TMA00317,C-LTMR,False,False,False,none
akgmiejc-1,TMA00317,C-LTMR,False,False,False,none
akgmikoa-1,TMA00317,Nonpeptidergic nociceptors,False,False,False,none
akhbbncd-1,TMA00317,C-LTMR,False,False,False,none
akhcdkef-1,TMA00317,Proprioceptors,False,False,False,none
akhgbhai-1,TMA00317,Sst,False,False,False,none
akhifala-1,TMA00317,Proprioceptors,False,False,False,none
akipfhcn-1,TMA00317,CGRP-Eta,False,False,False,none
akipgpgc-1,TMA00317,Proprioceptors,False,False,False,none
akjalffb-1,TMA00317,Proprioceptors,False,False,False,none
akjbbimc-1,TMA00317,Proprioceptors,False,False,False,none
akjhcafl-1,TMA00317,Abeta-RA-LTMR,False,False,False,none
akjjkpoh-1,TMA00317,C-LTMR,False,False,False,none
akkapbch-1,TMA00317,C-LTMR,False,False,False,none
akkdjmjb-1,TMA00317,C-LTMR,False,False,False,none
akkmjnan-1,TMA00317,CGRP-Gamma 1,False,False,False,none
aklcleeg-1,TMA00317,CGRP-Epsilion,False,False,False,none
aklfbkem-1,TMA00317,CGRP-Gamma 1,False,False,False,none
aklfbpjn-1,TMA00317,TrpM8,False,False,False,none
aklhkdoa-1,TMA00317,CGRP-Epsilion,False,False,False,none
aklpjfpk-1,TMA00317,Abeta-RA-LTMR,False,False,False,none
akmgpkfi-1,TMA00317,Abeta-RA-LTMR,False,False,False,none
akmhneih-1,TMA00317,Abeta-RA-LTMR,False,False,False,none
alapbpfd-1,TMA00317,CGRP-Zeta,False,False,False,none
alapdkgf-1,TMA00317,CGRP-Gamma 1,False,False,False,none
albbbnml-1,TMA00317,CGRP-Eta,False,False,False,none
albfejlp-1,TMA00317,TrpM8,False,False,False,none
aldfnjfn-1,TMA00317,CGRP-Gamma 1,False,False,False,none
aldhelbh-1,TMA00317,CGRP-Alpha,False,False,False,none
aldiebng-1,TMA00317,C-LTMR,False,False,False,none
aldjbcef-1,TMA00317,CGRP-Eta,False,False,False,none
aldjhfkd-1,TMA00317,CGRP-Gamma 2,False,False,False,none
aldjpkml-1,TMA00317,CGRP-Gamma 2,False,False,False,none
alegfkao-1,TMA00317,Nonpeptidergic nociceptors,False,False,False,none
alegnlaj-1,TMA00317,CGRP-Alpha,False,False,False,none
alficnfo-1,TMA00317,C-LTMR,False,False,False,none
alfkbceh-1,TMA00317,Sst,False,False,False,none
algboaha-1,TMA00317,TrpM8,False,False,False,none
algejiba-1,TMA00317,C-LTMR,False,False,False,none
algengcd-1,TMA00317,C-LTMR,False,False,False,none
algiakhn-1,TMA00317,Nonpeptidergic nociceptors,False,False,False,none
algmmedh-1,TMA00317,TrpM8,False,False,False,none
alhhamgp-1,TMA00317,CGRP-Alpha,False,False,False,none
alhjlojh-1,TMA00317,CGRP-Alpha,False,False,False,none
aliahcjh-1,TMA00317,CGRP-Beta,False,False,False,none
alineikm-1,TMA00317,CGRP-Gamma 1,False,False,False,none
aljahedn-1,TMA00317,CGRP-Theta,False,False,False,none
aljcmmoc-1,TMA00317,CGRP-Gamma 1,False,False,False,none
aljekhnb-1,TMA00317,CGRP-Epsilion,False,False,False,none
aljeldnd-1,TMA00317,Sst,False,False,False,none
aljggmla-1,TMA00317,CGRP-Eta,False,False,False,none
aljkccmb-1,TMA00317,CGRP-Eta,False,False,False,none
alkphhpj-1,TMA00317,CGRP-Epsilion,False,False,False,none
alldhigg-1,TMA00317,TrpM8,False,False,False,none
allenlkk-1,TMA00317,CGRP-Epsilion,False,False,False,none
allodgho-1,TMA00317,CGRP-Epsilion,False,False,False,none
almefmol-1,TMA00317,CGRP-Alpha,False,False,False,none
almfnmgn-1,TMA00317,Nonpeptidergic nociceptors,False,False,False,none
almkkhji-1,TMA00317,Nonpeptidergic nociceptors,False,False,False,none
almokmhl-1,TMA00317,CGRP-Epsilion,False,False,False,none
alnbmmdm-1,TMA00317,TrpM8,False,False,False,none
alnebimi-1,TMA00317,CGRP-Alpha,False,False,False,none
alnjfllo-1,TMA00317,Abeta-RA-LTMR,False,False,False,none
alnkbjdc-1,TMA00317,Abeta-RA-LTMR,False,False,False,none
alnljemp-1,TMA00317,CGRP-Gamma 1,False,False,False,none
alnnmfde-1,TMA00317,C-LTMR,False,False,False,none
alpjakjm-1,TMA00317,Nonpeptidergic nociceptors,False,False,False,none
alpkolja-1,TMA00317,Nonpeptidergic nociceptors,False,False,False,none
alpmfmcl-1,TMA00317,Nonpeptidergic nociceptors,False,False,False,none
alpmjjeo-1,TMA00317,Nonpeptidergic nociceptors,False,False,False,none
alpmmnik-1,TMA00317,CGRP-Epsilion,False,False,False,none
alpooggf-1,TMA00317,Nonpeptidergic nociceptors,False,False,False,none
amadolpb-1,TMA00317,CGRP-Gamma 1,False,False,False,none
amafnifb-1,TMA00317,CGRP-Alpha,False,False,False,none
amagnoan-1,TMA00317,TrpM8,False,False,False,none
amajddjp-1,TMA00317,TrpM8,False,False,False,none
amaljbip-1,TMA00317,TrpM8,False,False,False,none
amaofhhf-1,TMA00317,CGRP-Eta,False,False,False,none
ambfafjp-1,TMA00317,CGRP-Zeta,False,False,False,none
ambfjcph-1,TMA00317,TrpM8,False,False,False,none
ambijkca-1,TMA00317,CGRP-Gamma 1,False,False,False,none
ambkoffp-1,TMA00317,CGRP-Gamma 1,False,False,False,none
ambnbkid-1,TMA00317,Abeta-RA-LTMR,False,False,False,none
amcfkgij-1,TMA00317,Proprioceptors,False,False,False,none
amclmpkg-1,TMA00317,CGRP-Theta,False,False,False,none
amcoonnb-1,TMA00317,CGRP-Gamma 2,False,False,False,none
amcpkcdh-1,TMA00317,CGRP-Alpha,False,False,False,none
amdjiald-1,TMA00317,CGRP-Theta,False,False,False,none
amdmdnin-1,TMA00317,CGRP-Gamma 1,False,False,False,none
amelenic-1,TMA00317,CGRP-Epsilion,False,False,False,none
amepebkc-1,TMA00317,Abeta-RA-LTMR,False,False,False,none
amfegibh-1,TMA00317,Abeta-RA-LTMR,False,False,False,none
amfkpjhh-1,TMA00317,CGRP-Gamma 2,False,False,False,none
amhhbilj-1,TMA00317,Proprioceptors,False,False,False,none
ammajlpp-1,TMA00317,CGRP-Gamma 1,False,False,False,none
ammggmgl-1,TMA00317,CGRP-Eta,False,False,False,none
amnaaefb-1,TMA00317,CGRP-Gamma 2,False,False,False,none
amncbiim-1,TMA00317,CGRP-Gamma 2,False,False,False,none
amoclofa-1,TMA00317,CGRP-Gamma 1,False,False,False,none
amoleikd-1,TMA00317,CGRP-Gamma 2,False,False,False,none
amoophhg-1,TMA00317,CGRP-Alpha,False,False,False,none
ampaljla-1,TMA00317,Proprioceptors,False,False,False,none
ampcgdio-1,TMA00317,Sst,False,False,False,none
ampeapdi-1,TMA00317,CGRP-Gamma 1,False,False,False,none
ampefblm-1,TMA00317,CGRP-Gamma 1,False,False,False,none
ampjjlij-1,TMA00317,CGRP-Alpha,False,False,False,none
ampmmnjc-1,TMA00317,CGRP-Gamma 2,False,False,False,none
ampnkekj-1,TMA00317,C-LTMR,False,False,False,none
amppgakg-1,TMA00317,Nonpeptidergic nociceptors,False,False,False,none
anahhaeb-1,TMA00317,CGRP-Eta,False,False,False,none
anccndji-1,TMA00317,TrpM8,False,False,False,none
andbfikl-1,TMA00317,C-LTMR,False,False,False,none
andpgknl-1,TMA00317,C-LTMR,False,False,False,none
aneoekij-1,TMA00317,Nonpeptidergic nociceptors,False,False,False,none
aneplihn-1,TMA00317,CGRP-Eta,False,False,False,none
anfadecg-1,TMA00317,C-LTMR,False,False,False,none
angchgmd-1,TMA00317,CGRP-Gamma 1,False,False,False,none
angeebbk-1,TMA00317,CGRP-Gamma 1,False,False,False,none
anghafjk-1,TMA00317,CGRP-Gamma 2,False,False,False,none
anglleen-1,TMA00317,CGRP-Gamma 2,False,False,False,none
angnjenc-1,TMA00317,Sst,False,False,False,none
angpjjgo-1,TMA00317,Adelta-LTMR,False,False,False,none
angpohco-1,TMA00317,Adelta-LTMR,False,False,False,none
anhbbbdi-1,TMA00317,Adelta-LTMR,False,False,False,none
anhdmdcl-1,TMA00317,CGRP-Gamma 2,False,False,False,none
anhlklek-1,TMA00317,Nonpeptidergic nociceptors,False,False,False,none
anhlpmdn-1,TMA00317,CGRP-Eta,False,False,False,none
anhnbijf-1,TMA00317,Nonpeptidergic nociceptors,False,False,False,none
anhnobjm-1,TMA00317,Nonpeptidergic nociceptors,False,False,False,none
anifoapp-1,TMA00317,Adelta-LTMR,False,False,False,none
anigcelc-1,TMA00317,CGRP-Gamma 1,False,False,False,none
anihdcih-1,TMA00317,Adelta-LTMR,False,False,False,none
anihlolj-1,TMA00317,Nonpeptidergic nociceptors,False,False,False,none
aniinogp-1,TMA00317,CGRP-Eta,False,False,False,none
anijnkib-1,TMA00317,CGRP-Gamma 1,False,False,False,none
anjefiie-1,TMA00317,Proprioceptors,False,False,False,none
anjepfaa-1,TMA00317,Proprioceptors,False,False,False,none
anjpappj-1,TMA00317,CGRP-Zeta,False,False,False,none
ankanopi-1,TMA00317,CGRP-Gamma 1,False,False,False,none
ankbjjka-1,TMA00317,Nonpeptidergic nociceptors,False,False,False,none
ankddgkl-1,TMA00317,Nonpeptidergic nociceptors,False,False,False,none
ankecebj-1,TMA00317,CGRP-Zeta,False,False,False,none
ankecgbj-1,TMA00317,TrpM8,False,False,False,none
ankjbhjn-1,TMA00317,C-LTMR,False,False,False,none
ankkbojh-1,TMA00317,Nonpeptidergic nociceptors,False,False,False,none
anklglhi-1,TMA00317,Nonpeptidergic nociceptors,False,False,False,none
ankoakpp-1,TMA00317,Sst,False,False,False,none
ankpackj-1,TMA00317,C-LTMR,False,False,False,none
anlaadic-1,TMA00317,Nonpeptidergic nociceptors,False,False,False,none
anlbmmig-1,TMA00317,CGRP-Theta,False,False,False,none
anlhhbfh-1,TMA00317,CGRP-Gamma 1,False,False,False,none
anllgfcn-1,TMA00317,TrpM8,False,False,False,none
anllhcnf-1,TMA00317,CGRP-Gamma 1,False,False,False,none
anlninko-1,TMA00317,C-LTMR,False,False,False,none
anlodpeh-1,TMA00317,CGRP-Eta,False,False,False,none
anlopeio-1,TMA00317,CGRP-Zeta,False,False,False,none
anlpaodm-1,TMA00317,CGRP-Gamma 1,False,False,False,none
anlpcmjo-1,TMA00317,Nonpeptidergic nociceptors,False,False,False,none
anmecmbe-1,TMA00317,CGRP-Zeta,False,False,False,none
anncncpp-1,TMA00317,CGRP-Gamma 1,False,False,False,none
annddadj-1,TMA00317,Abeta-RA-LTMR,False,False,False,none
annfdpih-1,TMA00317,CGRP-Gamma 1,False,False,False,none
anngogpk-1,TMA00317,CGRP-Gamma 1,False,False,False,none
anogkekh-1,TMA00317,C-LTMR,False,False,False,none
anoianlg-1,TMA00317,TrpM8,False,False,False,none
anojdcbp-1,TMA00317,CGRP-Eta,False,False,False,none
anonenkk-1,TMA00317,CGRP-Gamma 2,False,False,False,none
anpdgnnh-1,TMA00317,Adelta-LTMR,False,False,False,none
anpdogmm-1,TMA00317,Abeta-Field,False,False,False,none
anpkiabh-1,TMA00317,Nonpeptidergic nociceptors,False,False,False,none
anpocgok-1,TMA00317,Abeta-Field,False,False,False,none
anppahhh-1,TMA00317,Abeta-RA-LTMR,False,False,False,none
aoaafdbm-1,TMA00317,Abeta-RA-LTMR,False,False,False,none
aoadgfga-1,TMA00317,Nonpeptidergic nociceptors,False,False,False,none
aoadojio-1,TMA00317,Proprioceptors,False,False,False,none
aoaflomd-1,TMA00317,CGRP-Zeta,False,False,False,none
aoahbghd-1,TMA00317,Abeta-RA-LTMR,False,False,False,none
aoapadmm-1,TMA00317,CGRP-Gamma 2,False,False,False,none
aobahemg-1,TMA00317,Proprioceptors,False,False,False,none
aobfokpd-1,TMA00317,Nonpeptidergic nociceptors,False,False,False,none
aobmfego-1,TMA00317,CGRP-Gamma 2,False,False,False,none
aocjjomc-1,TMA00317,C-LTMR,False,False,False,none
aocogbop-1,TMA00317,C-LTMR,False,False,False,none
aodbaagk-1,TMA00317,Nonpeptidergic nociceptors,False,False,False,none
aodchmeo-1,TMA00317,Nonpeptidergic nociceptors,False,False,False,none
aoddopkk-1,TMA00317,CGRP-Gamma 2,False,False,False,none
aodmhlnb-1,TMA00317,Adelta-LTMR,False,False,False,none
aoebckgh-1,TMA00317,CGRP-Gamma 1,False,False,False,none
aoeckcme-1,TMA00317,CGRP-Gamma 1,False,False,False,none
aoedigkg-1,TMA00317,CGRP-Gamma 1,False,False,False,none
aoeebbbj-1,TMA00317,C-LTMR,False,False,False,none
aoekkboo-1,TMA00317,CGRP-Epsilion,False,False,False,none
aoeobkbo-1,TMA00317,CGRP-Gamma 1,False,False,False,none
aoepkpli-1,TMA00317,CGRP-Gamma 2,False,True,False,dTomato_Seq2_hi
aofgajpf-1,TMA00317,Abeta-Field,False,False,False,none
aofikapb-1,TMA00317,CGRP-Gamma 1,False,False,False,none
aofokhfb-1,TMA00317,CGRP-Alpha,False,False,False,none
aogcigon-1,TMA00317,CGRP-Theta,False,False,False,none
aoggaogh-1,TMA00317,CGRP-Gamma 1,False,False,False,none
aogjgopn-1,TMA00317,CGRP-Gamma 2,False,False,False,none
aohcmgpk-1,TMA00317,CGRP-Eta,False,False,False,none
aohdnjch-1,TMA00317,CGRP-Gamma 1,False,False,False,none
aohgmhcl-1,TMA00317,CGRP-Gamma 2,False,False,False,none
aohififi-1,TMA00317,CGRP-Gamma 1,False,False,False,none
aohlgkma-1,TMA00317,CGRP-Gamma 1,False,False,False,none
aohmlncg-1,TMA00317,CGRP-Alpha,False,False,False,none
aohnonfe-1,TMA00317,CGRP-Gamma 1,False,False,False,none
aoijbkkn-1,TMA00317,CGRP-Alpha,False,False,False,none
aoilndom-1,TMA00317,C-LTMR,False,False,False,none
aoinlgcl-1,TMA00317,C-LTMR,False,False,False,none
aoinnnnh-1,TMA00317,CGRP-Gamma 1,False,False,False,none
aojbdlgd-1,TMA00317,CGRP-Alpha,False,False,False,none
aojflfid-1,TMA00317,C-LTMR,False,False,False,none
aojiaoci-1,TMA00317,CGRP-Gamma 2,False,False,False,none
aojnleim-1,TMA00317,CGRP-Alpha,False,False,False,none
aokbclok-1,TMA00317,CGRP-Gamma 1,False,False,False,none
aokcjjpe-1,TMA00317,C-LTMR,False,False,False,none
aokdacjj-1,TMA00317,CGRP-Eta,False,False,False,none
aokfjpfk-1,TMA00317,CGRP-Eta,False,False,False,none
aokfkjia-1,TMA00317,CGRP-Gamma 1,False,False,False,none
aokiakaj-1,TMA00317,CGRP-Gamma 1,False,False,False,none
aokpgfcg-1,TMA00317,CGRP-Gamma 1,False,False,False,none
aoloedkg-1,TMA00317,TrpM8,False,False,False,none
aonakbia-1,TMA00317,TrpM8,False,False,False,none
aonedokn-1,TMA00317,Sst,False,False,False,none
aonfccnl-1,TMA00317,CGRP-Gamma 1,False,False,False,none
aonilmcd-1,TMA00317,CGRP-Epsilion,False,False,False,none
aonjegcc-1,TMA00317,Adelta-LTMR,False,False,False,none
aonjkcch-1,TMA00317,CGRP-Gamma 1,False,False,False,none
aonmfjfh-1,TMA00317,CGRP-Gamma 1,False,False,False,none
aonnbglm-1,TMA00317,CGRP-Eta,False,False,False,none
aonnjhbe-1,TMA00317,Nonpeptidergic nociceptors,False,False,False,none
aonpgald-1,TMA00317,CGRP-Beta,False,False,False,none
aonpiphh-1,TMA00317,CGRP-Gamma 1,False,False,False,none
aooglabg-1,TMA00317,CGRP-Gamma 2,False,False,False,none
aooihjhb-1,TMA00317,CGRP-Gamma 2,False,False,False,none
aoojcdpg-1,TMA00317,CGRP-Gamma 2,False,False,False,none
aookhlgk-1,TMA00317,TrpM8,False,False,False,none
aoopigmn-1,TMA00317,CGRP-Gamma 1,False,False,False,none
aopcapnf-1,TMA00317,CGRP-Beta,False,False,False,none
aopgomad-1,TMA00317,Adelta-LTMR,False,False,False,none
aopjbgkg-1,TMA00317,CGRP-Theta,False,False,False,none
aopliend-1,TMA00317,CGRP-Theta,False,False,False,none
aoppofph-1,TMA00317,CGRP-Gamma 1,False,False,False,none
apaddbpb-1,TMA00317,Nonpeptidergic nociceptors,False,False,False,none
apaegaim-1,TMA00317,C-LTMR,False,False,False,none
apaffgpo-1,TMA00317,CGRP-Gamma 2,False,False,False,none
apafkacg-1,TMA00317,Abeta-Field,False,False,False,none
apanboig-1,TMA00317,C-LTMR,False,False,False,none
apcbajpj-1,TMA00317,Abeta-RA-LTMR,False,False,False,none
apceapgb-1,TMA00317,Adelta-LTMR,False,False,False,none
apcnmmif-1,TMA00317,Abeta-RA-LTMR,False,False,False,none
apddhgno-1,TMA00317,Abeta-Field,False,False,False,none
apegehdn-1,TMA00317,Adelta-LTMR,False,False,False,none
apeklobn-1,TMA00317,CGRP-Zeta,False,False,False,none
apepikoc-1,TMA00317,CGRP-Beta,False,False,False,none
apfbnnio-1,TMA00317,Adelta-LTMR,False,False,False,none
apfcmaop-1,TMA00317,CGRP-Eta,False,False,False,none
apfcnhic-1,TMA00317,Nonpeptidergic nociceptors,False,False,False,none
apfecfcp-1,TMA00317,Adelta-LTMR,False,False,False,none
apfhaiab-1,TMA00317,CGRP-Theta,False,False,False,none
apfphpef-1,TMA00317,CGRP-Gamma 2,False,False,False,none
apgaogbh-1,TMA00317,C-LTMR,False,False,False,none
apgfkpdk-1,TMA00317,Adelta-LTMR,False,False,False,none
apgmkgcn-1,TMA00317,CGRP-Gamma 2,False,False,False,none
apgnlepp-1,TMA00317,Abeta-Field,False,False,False,none
aphaldbf-1,TMA00317,Abeta-Field,False,False,False,none
aphfihpe-1,TMA00317,Abeta-RA-LTMR,False,False,False,none
aphgakbc-1,TMA00317,CGRP-Gamma 1,False,False,False,none
aphghoag-1,TMA00317,Nonpeptidergic nociceptors,False,False,False,none
apiiomij-1,TMA00317,Proprioceptors,False,False,False,none
apikhohe-1,TMA00317,CGRP-Beta,False,False,False,none
apilojbb-1,TMA00317,CGRP-Beta,False,False,False,none
apinplpc-1,TMA00317,CGRP-Gamma 1,False,False,False,none
apipaaal-1,TMA00317,Nonpeptidergic nociceptors,False,False,False,none
apjanjkb-1,TMA00317,CGRP-Gamma 1,False,False,False,none
apjcencd-1,TMA00317,CGRP-Gamma 1,False,False,False,none
apjchham-1,TMA00317,CGRP-Eta,False,False,False,none
apjdhpdo-1,TMA00317,Nonpeptidergic nociceptors,True,False,False,EGFP_Seq1_hi
apjepfpp-1,TMA00317,Adelta-LTMR,False,False,False,none
apjldell-1,TMA00317,Nonpeptidergic nociceptors,False,False,False,none
apjlolog-1,TMA00317,Nonpeptidergic nociceptors,False,False,False,none
apjmhjme-1,TMA00317,Proprioceptors,False,False,False,none
apkedfbf-1,TMA00317,Abeta-Field,False,False,False,none
apkhefgl-1,TMA00317,CGRP-Eta,False,True,False,dTomato_Seq2_hi
apkiheaf-1,TMA00317,CGRP-Eta,True,False,False,EGFP_Seq1_hi
apkilcde-1,TMA00317,CGRP-Gamma 2,False,True,False,dTomato_Seq2_hi
apklmiio-1,TMA00317,CGRP-Zeta,False,False,False,none
apljlegi-1,TMA00317,CGRP-Zeta,False,False,False,none
apmabnnp-1,TMA00317,CGRP-Eta,False,False,False,none
apmfnfco-1,TMA00317,Nonpeptidergic nociceptors,False,False,False,none
apmgmdoc-1,TMA00317,Proprioceptors,False,False,False,none
apmhlloe-1,TMA00317,Adelta-LTMR,False,False,False,none
apmjgkgb-1,TMA00317,CGRP-Alpha,False,False,False,none
apnbemah-1,TMA00317,TrpM8,False,False,False,none
apnggnjb-1,TMA00317,CGRP-Gamma 1,False,False,False,none
apnlbjkj-1,TMA00317,CGRP-Zeta,False,False,False,none
apodmipl-1,TMA00317,Sst,False,False,False,none
apphepga-1,TMA00317,CGRP-Eta,False,False,False,none
apppfkfe-1,TMA00317,CGRP-Epsilion,False,False,False,none
baaaphmj-1,TMA00317,Abeta-Field,False,False,False,none
baacmmpe-1,TMA00317,CGRP-Zeta,False,False,False,none
baadjmip-1,TMA00317,C-LTMR,False,False,False,none
baakcaae-1,TMA00317,TrpM8,False,False,False,none
baanmpbj-1,TMA00317,CGRP-Gamma 1,False,False,False,none
babgbmnl-1,TMA00317,CGRP-Eta,False,False,False,none
babnekdg-1,TMA00317,TrpM8,False,False,False,none
bachfida-1,TMA00317,C-LTMR,False,False,False,none
bacncdhn-1,TMA00317,C-LTMR,False,False,False,none
badehabb-1,TMA00317,TrpM8,False,False,False,none
badfbgbk-1,TMA00317,CGRP-Gamma 1,False,False,False,none
badhlopi-1,TMA00317,Proprioceptors,False,False,False,none
baeaknki-1,TMA00317,Nonpeptidergic nociceptors,False,False,False,none
baebclbn-1,TMA00317,CGRP-Alpha,False,False,False,none
baeffbfl-1,TMA00317,Nonpeptidergic nociceptors,False,False,False,none
baeiogal-1,TMA00317,Adelta-LTMR,False,False,False,none
baeoiben-1,TMA00317,Abeta-RA-LTMR,False,False,False,none
bafapgja-1,TMA00317,CGRP-Alpha,False,False,False,none
bafcimjo-1,TMA00317,CGRP-Eta,False,False,False,none
bafdchka-1,TMA00317,Nonpeptidergic nociceptors,False,False,False,none
bafddjpb-1,TMA00317,CGRP-Gamma 1,False,False,False,none
baffkbli-1,TMA00317,Proprioceptors,False,False,False,none
bafhjikb-1,TMA00317,Abeta-Field,False,False,False,none
bagckecc-1,TMA00317,Nonpeptidergic nociceptors,False,False,False,none
bagfmnpm-1,TMA00317,CGRP-Gamma 1,False,False,False,none
baghbppb-1,TMA00317,CGRP-Gamma 1,False,False,False,none
bagheglk-1,TMA00317,C-LTMR,False,False,False,none
bagiglmn-1,TMA00317,CGRP-Gamma 1,False,False,False,none
bagjjdcb-1,TMA00317,CGRP-Alpha,False,False,False,none
bagnobjb-1,TMA00317,CGRP-Beta,False,False,False,none
bagofdmj-1,TMA00317,Nonpeptidergic nociceptors,False,False,False,none
bahhplbn-1,TMA00317,Nonpeptidergic nociceptors,False,False,False,none
bahkhgkm-1,TMA00317,TrpM8,False,False,False,none
bahoebgi-1,TMA00317,Nonpeptidergic nociceptors,False,False,False,none
baiabiaa-1,TMA00317,Nonpeptidergic nociceptors,False,False,False,none
baifagol-1,TMA00317,CGRP-Gamma 2,False,False,False,none
baifahld-1,TMA00317,C-LTMR,False,False,False,none
baifbkfj-1,TMA00317,TrpM8,False,False,False,none
baigclen-1,TMA00317,CGRP-Gamma 1,False,False,False,none
bainbehc-1,TMA00317,Abeta-Field,False,False,False,none
baipfphc-1,TMA00317,C-LTMR,False,False,False,none
bajajbgd-1,TMA00317,C-LTMR,False,False,False,none
bajamgkp-1,TMA00317,Nonpeptidergic nociceptors,False,False,False,none
bajchkeo-1,TMA00317,CGRP-Epsilion,False,False,False,none
bajmnapl-1,TMA00317,TrpM8,False,False,False,none
bajmpkph-1,TMA00317,TrpM8,False,False,False,none
baklaghb-1,TMA00317,CGRP-Gamma 2,False,False,False,none
baknepne-1,TMA00317,CGRP-Alpha,False,False,False,none
balcmhdo-1,TMA00317,Abeta-RA-LTMR,False,False,False,none
balipfkk-1,TMA00317,Proprioceptors,False,False,False,none
bamdcddk-1,TMA00317,Nonpeptidergic nociceptors,False,False,False,none
bamdkgla-1,TMA00317,CGRP-Gamma 1,False,False,False,none
bamhafkb-1,TMA00317,CGRP-Gamma 1,False,False,False,none
bamhckdi-1,TMA00317,Nonpeptidergic nociceptors,False,False,False,none
bamjfopc-1,TMA00317,Nonpeptidergic nociceptors,False,False,False,none
bamkhfjo-1,TMA00317,CGRP-Eta,False,False,False,none
bangmcce-1,TMA00317,C-LTMR,False,False,False,none
baofdkcd-1,TMA00317,CGRP-Eta,False,False,False,none
baohadma-1,TMA00317,Nonpeptidergic nociceptors,False,False,False,none
baohphdl-1,TMA00317,Nonpeptidergic nociceptors,False,False,False,none
baojcbkn-1,TMA00317,Nonpeptidergic nociceptors,False,False,False,none
baolbopc-1,TMA00317,Nonpeptidergic nociceptors,False,False,False,none
baolnlnc-1,TMA00317,C-LTMR,False,False,False,none
baompgeg-1,TMA00317,Nonpeptidergic nociceptors,False,False,False,none
baongdep-1,TMA00317,Nonpeptidergic nociceptors,False,False,False,none
bapcckdc-1,TMA00317,CGRP-Theta,False,False,False,none
bapcgdbn-1,TMA00317,C-LTMR,False,False,False,none
bapdgbli-1,TMA00317,CGRP-Eta,False,False,False,none
baphjfca-1,TMA00317,Nonpeptidergic nociceptors,False,False,False,none
bapmgecd-1,TMA00317,Sst,False,False,False,none
bbaaegdh-1,TMA00317,CGRP-Alpha,False,False,False,none
bbafbfhg-1,TMA00317,TrpM8,False,False,False,none
bbafdeml-1,TMA00317,CGRP-Gamma 1,False,False,False,none
bbalgpkb-1,TMA00317,Abeta-Field,False,False,False,none
bbambafj-1,TMA00317,C-LTMR,False,False,False,none
bbbclpmh-1,TMA00317,C-LTMR,False,False,False,none
bbbdcgoo-1,TMA00317,CGRP-Eta,False,False,False,none
bbbeikbe-1,TMA00317,Nonpeptidergic nociceptors,False,False,False,none
bbbfaoeh-1,TMA00317,Abeta-Field,False,False,False,none
bbbgblan-1,TMA00317,Nonpeptidergic nociceptors,False,False,False,none
bbbignjo-1,TMA00317,CGRP-Alpha,False,False,False,none
bbbkcmek-1,TMA00317,Nonpeptidergic nociceptors,False,False,False,none
bbbkebgj-1,TMA00317,CGRP-Gamma 1,False,False,False,none
bbbkkkga-1,TMA00317,C-LTMR,False,False,False,none
bbbnjoaa-1,TMA00317,CGRP-Alpha,False,False,False,none
bbcaeffa-1,TMA00317,CGRP-Gamma 1,False,False,False,none
bbcimmkj-1,TMA00317,CGRP-Gamma 1,False,False,False,none
bbcknbea-1,TMA00317,CGRP-Alpha,False,False,False,none
bbcoeamb-1,TMA00317,Adelta-LTMR,False,False,False,none
bbcpgghb-1,TMA00317,Nonpeptidergic nociceptors,False,False,False,none
bbdilhlj-1,TMA00317,Proprioceptors,False,False,False,none
bbdplmgb-1,TMA00317,Proprioceptors,False,False,False,none
bbeacclh-1,TMA00317,Abeta-RA-LTMR,False,False,False,none
bbeechlh-1,TMA00317,CGRP-Gamma 1,False,False,False,none
bbeelgod-1,TMA00317,Adelta-LTMR,False,False,False,none
bbfdgheo-1,TMA00317,CGRP-Gamma 2,False,False,False,none
bbfjechc-1,TMA00317,CGRP-Alpha,False,False,False,none
bbfpeamh-1,TMA00317,TrpM8,False,False,False,none
bbgaafon-1,TMA00317,Nonpeptidergic nociceptors,False,False,False,none
bbgflcbl-1,TMA00317,Abeta-RA-LTMR,False,False,False,none
bbgkbamb-1,TMA00317,CGRP-Gamma 1,False,False,False,none
bbgkolah-1,TMA00317,CGRP-Theta,False,False,False,none
bbhapdbb-1,TMA00317,C-LTMR,False,False,False,none
bbhdpfpm-1,TMA00317,Nonpeptidergic nociceptors,False,False,False,none
bbhgmenk-1,TMA00317,TrpM8,False,False,False,none
bbhjgaip-1,TMA00317,Nonpeptidergic nociceptors,False,False,False,none
bbialjob-1,TMA00317,CGRP-Gamma 2,False,False,False,none
bbibbejb-1,TMA00317,Nonpeptidergic nociceptors,False,False,False,none
bbicopff-1,TMA00317,C-LTMR,False,False,False,none
bbimiodk-1,TMA00317,C-LTMR,False,False,False,none
bbinepag-1,TMA00317,Nonpeptidergic nociceptors,False,False,False,none
bbjgplme-1,TMA00317,Nonpeptidergic nociceptors,False,False,False,none
bbjiakin-1,TMA00317,CGRP-Gamma 1,False,False,False,none
bbjicbkn-1,TMA00317,CGRP-Gamma 1,False,False,False,none
bbjjkobf-1,TMA00317,Abeta-Field,False,False,False,none
bbjkcpaj-1,TMA00317,CGRP-Gamma 1,False,False,False,none
bbkagdll-1,TMA00317,C-LTMR,False,False,False,none
bbkdmkpn-1,TMA00317,Nonpeptidergic nociceptors,False,False,False,none
bbkhmpcg-1,TMA00317,CGRP-Gamma 1,False,False,False,none
bbkifajc-1,TMA00317,Proprioceptors,False,False,False,none
bbkifkpo-1,TMA00317,Adelta-LTMR,False,False,False,none
bbkigpeb-1,TMA00317,CGRP-Epsilion,False,False,False,none
bblaefkn-1,TMA00317,CGRP-Zeta,False,False,False,none
bblaemja-1,TMA00317,CGRP-Zeta,False,False,False,none
bblfalgf-1,TMA00317,CGRP-Theta,False,False,False,none
bbllannm-1,TMA00317,TrpM8,False,False,False,none
bblleeee-1,TMA00317,CGRP-Eta,False,False,False,none
bbmcjdlg-1,TMA00317,TrpM8,False,False,False,none
bbmgoled-1,TMA00317,CGRP-Gamma 1,False,False,False,none
bbmkkmln-1,TMA00317,CGRP-Gamma 1,False,False,False,none
bbmlhlja-1,TMA00317,CGRP-Alpha,False,False,False,none
bbmnhgom-1,TMA00317,Nonpeptidergic nociceptors,False,False,False,none
bbneahhi-1,TMA00317,C-LTMR,False,False,False,none
bbnegnio-1,TMA00317,Sst,False,False,False,none
bbnkjdoo-1,TMA00317,C-LTMR,False,False,False,none
bbnmfldh-1,TMA00317,Nonpeptidergic nociceptors,False,False,False,none
bbnmpgpl-1,TMA00317,CGRP-Alpha,False,False,False,none
bboaebfc-1,TMA00317,Nonpeptidergic nociceptors,False,False,False,none
bbobljcd-1,TMA00317,TrpM8,False,False,False,none
bbocgigo-1,TMA00317,Proprioceptors,False,False,False,none
bbohedkc-1,TMA00317,Abeta-Field,False,False,False,none
bbokakjb-1,TMA00317,CGRP-Alpha,False,False,False,none
bboohhid-1,TMA00317,CGRP-Alpha,False,False,False,none
bbopplae-1,TMA00317,Adelta-LTMR,False,False,False,none
bbpcllog-1,TMA00317,Nonpeptidergic nociceptors,False,False,False,none
bbpeaolg-1,TMA00317,Nonpeptidergic nociceptors,False,False,False,none
bbpjecnn-1,TMA00317,CGRP-Epsilion,False,False,False,none
bbpmjjpm-1,TMA00317,Nonpeptidergic nociceptors,False,False,False,none
bcadfbfd-1,TMA00317,CGRP-Gamma 1,False,False,False,none
bcaeaajf-1,TMA00317,Abeta-Field,False,False,False,none
bcagiabn-1,TMA00317,Abeta-RA-LTMR,False,False,False,none
bcbafbpa-1,TMA00317,Abeta-Field,False,False,False,none
bcbdgfkg-1,TMA00317,Nonpeptidergic nociceptors,False,False,False,none
bcbfdail-1,TMA00317,Proprioceptors,False,False,False,none
bcbfhpna-1,TMA00317,C-LTMR,False,False,False,none
bcbgiheg-1,TMA00317,C-LTMR,False,False,False,none
bcbhpdnc-1,TMA00317,C-LTMR,False,False,False,none
bcbjhndp-1,TMA00317,Sst,False,False,False,none
bcbpnggl-1,TMA00317,CGRP-Epsilion,False,False,False,none
bcchhiad-1,TMA00317,CGRP-Epsilion,False,False,False,none
bccnbicl-1,TMA00317,Abeta-RA-LTMR,False,False,False,none
bcdigcco-1,TMA00317,TrpM8,False,False,False,none
bcecgfai-1,TMA00317,Abeta-RA-LTMR,False,False,False,none
bcfbahdp-1,TMA00317,CGRP-Gamma 1,False,False,False,none
bcfhhkbc-1,TMA00317,Nonpeptidergic nociceptors,False,False,False,none
bcfjjebl-1,TMA00317,C-LTMR,False,False,False,none
bcfmnkho-1,TMA00317,Abeta-RA-LTMR,False,False,False,none
bcfodjoc-1,TMA00317,Nonpeptidergic nociceptors,False,False,False,none
bcfpgcle-1,TMA00317,C-LTMR,False,False,False,none
bcganmcm-1,TMA00317,Proprioceptors,False,False,False,none
bcgigecb-1,TMA00317,Proprioceptors,False,False,False,none
bchbbdpl-1,TMA00317,C-LTMR,False,False,False,none
bchflndm-1,TMA00317,Proprioceptors,False,False,False,none
bchmmogm-1,TMA00317,Sst,False,False,False,none
bchmokif-1,TMA00317,Proprioceptors,False,False,False,none
bciagabm-1,TMA00317,CGRP-Alpha,False,False,False,none
bcibeoki-1,TMA00317,Abeta-Field,False,False,False,none
bcicbbel-1,TMA00317,Abeta-Field,False,False,False,none
bcidjmea-1,TMA00317,C-LTMR,False,False,False,none
bciefmde-1,TMA00317,TrpM8,False,False,False,none
bcigchoa-1,TMA00317,Proprioceptors,False,False,False,none
bcigjknl-1,TMA00317,CGRP-Eta,False,False,False,none
bcigjpkb-1,TMA00317,CGRP-Eta,False,False,False,none
bcildbpc-1,TMA00317,CGRP-Gamma 1,False,False,False,none
bcipgllh-1,TMA00317,TrpM8,False,False,False,none
bcjcbdio-1,TMA00317,Nonpeptidergic nociceptors,False,False,False,none
bcjdghem-1,TMA00317,TrpM8,False,False,False,none
bcjdkgdo-1,TMA00317,CGRP-Theta,False,False,False,none
bcjieoic-1,TMA00317,CGRP-Eta,False,False,False,none
bcjkjemg-1,TMA00317,Nonpeptidergic nociceptors,False,False,False,none
bcjkobid-1,TMA00317,CGRP-Theta,False,False,False,none
bcjpcpoh-1,TMA00317,CGRP-Gamma 1,False,False,False,none
bckeiaog-1,TMA00317,CGRP-Alpha,False,False,False,none
bckiceed-1,TMA00317,C-LTMR,False,False,False,none
bckjclha-1,TMA00317,C-LTMR,False,False,False,none
bckkjbob-1,TMA00317,CGRP-Theta,False,False,False,none
bclgeclm-1,TMA00317,Proprioceptors,False,False,False,none
bclmbphj-1,TMA00317,C-LTMR,False,False,False,none
bcmdfbjk-1,TMA00317,C-LTMR,False,False,False,none
bcmebiao-1,TMA00317,C-LTMR,False,False,False,none
bcmfhbpo-1,TMA00317,Proprioceptors,False,False,False,none
bcmhcmpj-1,TMA00317,Adelta-LTMR,False,False,False,none
bcmjlojp-1,TMA00317,Nonpeptidergic nociceptors,False,False,False,none
bcncbmhc-1,TMA00317,Proprioceptors,False,False,False,none
bcnjdmbb-1,TMA00317,Abeta-Field,False,False,False,none
bcnjokec-1,TMA00317,Proprioceptors,False,False,False,none
bcnlppoa-1,TMA00317,CGRP-Eta,False,False,False,none
bcnmnpbl-1,TMA00317,Nonpeptidergic nociceptors,False,False,False,none
bcnmpmgn-1,TMA00317,Nonpeptidergic nociceptors,False,False,False,none
bcoffgja-1,TMA00317,TrpM8,False,False,False,none
bcogojge-1,TMA00317,Proprioceptors,False,False,False,none
bcohlekn-1,TMA00317,TrpM8,False,False,False,none
bcoinkei-1,TMA00317,Proprioceptors,False,False,False,none
bcolgobc-1,TMA00317,CGRP-Theta,False,False,False,none
bcpchjfc-1,TMA00317,TrpM8,False,False,False,none
bcphbphn-1,TMA00317,Abeta-Field,False,False,False,none
bcpibpob-1,TMA00317,CGRP-Eta,False,False,False,none
bcpojpjk-1,TMA00317,CGRP-Eta,False,False,False,none
bdaaifgj-1,TMA00317,TrpM8,False,False,False,none
bdafhmnl-1,TMA00317,Abeta-Field,False,False,False,none
bdaihfgj-1,TMA00317,Abeta-RA-LTMR,False,False,False,none
bdamnlaj-1,TMA00317,Abeta-RA-LTMR,False,False,False,none
bdaomnep-1,TMA00317,CGRP-Theta,False,False,False,none
bdaoolig-1,TMA00317,CGRP-Theta,False,False,False,none
bdbdfahc-1,TMA00317,Abeta-Field,False,False,False,none
bdbdgdlb-1,TMA00317,Proprioceptors,False,False,False,none
bdbfclno-1,TMA00317,Nonpeptidergic nociceptors,False,False,False,none
bdbkjbdd-1,TMA00317,Abeta-Field,False,False,False,none
bdbnlnjk-1,TMA00317,Abeta-Field,False,False,False,none
bdboahed-1,TMA00317,C-LTMR,False,False,False,none
bdbomifg-1,TMA00317,TrpM8,False,False,False,none
bdbpjboc-1,TMA00317,CGRP-Alpha,False,False,False,none
bdcfcemb-1,TMA00317,Nonpeptidergic nociceptors,False,False,False,none
bdcjaibk-1,TMA00317,Nonpeptidergic nociceptors,False,False,False,none
bdckmngb-1,TMA00317,C-LTMR,False,False,False,none
bdckpolk-1,TMA00317,C-LTMR,False,False,False,none
bdenjfli-1,TMA00317,CGRP-Zeta,False,False,False,none
bdfaeobi-1,TMA00317,TrpM8,False,False,False,none
bdfeenel-1,TMA00317,CGRP-Alpha,False,False,False,none
bdfikhai-1,TMA00317,CGRP-Zeta,False,False,False,none
bdgibkpk-1,TMA00317,TrpM8,False,False,False,none
bdgpdpkj-1,TMA00317,TrpM8,False,False,False,none
bdhdefkm-1,TMA00317,TrpM8,False,False,False,none
bdhgaejn-1,TMA00317,Sst,False,False,False,none
bdhkjpmh-1,TMA00317,Sst,False,False,False,none
bdiapdmp-1,TMA00317,TrpM8,False,False,False,none
bdiifhng-1,TMA00317,Sst,False,False,False,none
bdjbjglg-1,TMA00317,CGRP-Alpha,False,False,False,none
bdjfggoo-1,TMA00317,C-LTMR,False,False,False,none
bdjhllgj-1,TMA00317,TrpM8,False,False,False,none
bdjijigc-1,TMA00317,TrpM8,False,False,False,none
bdjkbapp-1,TMA00317,TrpM8,False,False,False,none
bdjkgloe-1,TMA00317,C-LTMR,False,False,False,none
bdjldjfd-1,TMA00317,CGRP-Eta,False,False,False,none
bdjllifd-1,TMA00317,CGRP-Eta,False,False,False,none
bdjmmjli-1,TMA00317,Nonpeptidergic nociceptors,False,False,False,none
bdjmnibb-1,TMA00317,C-LTMR,False,False,False,none
bdjpdgfg-1,TMA00317,CGRP-Gamma 1,False,False,False,none
bdjpkkpm-1,TMA00317,C-LTMR,False,False,False,none
bdkcfkjd-1,TMA00317,CGRP-Alpha,False,False,False,none
bdkcogco-1,TMA00317,C-LTMR,False,False,False,none
bdkfjfpl-1,TMA00317,CGRP-Eta,False,False,False,none
bdkhckob-1,TMA00317,Adelta-LTMR,False,False,False,none
bdkkfahd-1,TMA00317,CGRP-Eta,False,False,False,none
bdknnmgo-1,TMA00317,CGRP-Zeta,True,False,False,EGFP_Seq1_hi
bdlfepnh-1,TMA00317,CGRP-Eta,False,False,False,none
bdlhpbfa-1,TMA00317,Adelta-LTMR,False,False,False,none
bdmenihe-1,TMA00317,C-LTMR,False,False,False,none
bdmfnjbl-1,TMA00317,C-LTMR,False,False,False,none
bdmjlpie-1,TMA00317,CGRP-Alpha,False,False,False,none
bdmlkoee-1,TMA00317,TrpM8,False,False,False,none
bdmloafo-1,TMA00317,Abeta-Field,False,False,False,none
bdmngbbm-1,TMA00317,CGRP-Epsilion,False,False,False,none
bdnbndon-1,TMA00317,C-LTMR,False,False,False,none
bdnekeeo-1,TMA00317,Abeta-RA-LTMR,False,False,False,none
bdnfcdih-1,TMA00317,CGRP-Epsilion,False,False,False,none
bdngceob-1,TMA00317,CGRP-Eta,False,False,False,none
bdnhdnag-1,TMA00317,CGRP-Epsilion,False,False,False,none
bdnhlbkg-1,TMA00317,C-LTMR,False,False,False,none
bdnljoeb-1,TMA00317,CGRP-Eta,False,False,False,none
bdoaldpk-1,TMA00317,CGRP-Alpha,False,False,False,none
bdoejake-1,TMA00317,Nonpeptidergic nociceptors,False,False,False,none
bdoepodf-1,TMA00317,Nonpeptidergic nociceptors,False,False,False,none
bdolkddo-1,TMA00317,Proprioceptors,False,False,False,none
bdonmlik-1,TMA00317,CGRP-Gamma 1,False,False,False,none
bdpaimbo-1,TMA00317,CGRP-Epsilion,False,False,False,none
bdpdkljl-1,TMA00317,Nonpeptidergic nociceptors,False,False,False,none
bdpeiifa-1,TMA00317,Abeta-RA-LTMR,False,False,False,none
bdpgbnlh-1,TMA00317,Abeta-Field,False,False,False,none
bdpkglog-1,TMA00317,CGRP-Gamma 2,False,False,False,none
bdplbgfi-1,TMA00317,TrpM8,False,False,False,none
bdplebad-1,TMA00317,Abeta-Field,False,False,False,none
bdpneoee-1,TMA00317,Abeta-Field,False,False,False,none
bdppapfk-1,TMA00317,Abeta-Field,False,False,False,none
bdppmiib-1,TMA00317,Abeta-RA-LTMR,False,False,False,none
beabojaj-1,TMA00317,Adelta-LTMR,False,False,False,none
beacjlfj-1,TMA00317,C-LTMR,False,False,False,none
beahmmcm-1,TMA00317,Nonpeptidergic nociceptors,False,False,False,none
bebbglkg-1,TMA00317,Proprioceptors,False,False,False,none
bebdjpjm-1,TMA00317,Nonpeptidergic nociceptors,False,False,False,none
bebfaegl-1,TMA00317,TrpM8,False,False,False,none
bebhpfmi-1,TMA00317,Abeta-RA-LTMR,False,False,False,none
bebodlcf-1,TMA00317,C-LTMR,False,False,False,none
beccgkcg-1,TMA00317,Abeta-RA-LTMR,False,False,False,none
becfamnn-1,TMA00317,Sst,False,False,False,none
beclbpij-1,TMA00317,CGRP-Eta,False,False,False,none
bedcgabk-1,TMA00317,C-LTMR,False,False,False,none
bededoom-1,TMA00317,Nonpeptidergic nociceptors,False,False,False,none
bedpcmhb-1,TMA00317,Abeta-RA-LTMR,False,False,False,none
beeiegpf-1,TMA00317,Adelta-LTMR,False,False,False,none
beelbned-1,TMA00317,Adelta-LTMR,False,False,False,none
beelopge-1,TMA00317,Abeta-Field,False,False,False,none
befbhdbk-1,TMA00317,TrpM8,False,False,False,none
befehgia-1,TMA00317,C-LTMR,False,False,False,none
begadacp-1,TMA00317,Proprioceptors,False,False,False,none
begbgffi-1,TMA00317,CGRP-Eta,False,False,False,none
begblajn-1,TMA00317,CGRP-Theta,False,False,False,none
begfdndp-1,TMA00317,CGRP-Gamma 2,False,False,False,none
begfpnjb-1,TMA00317,Nonpeptidergic nociceptors,False,False,False,none
begipboa-1,TMA00317,CGRP-Epsilion,False,False,False,none
beglonal-1,TMA00317,CGRP-Epsilion,False,False,False,none
begoclfm-1,TMA00317,Nonpeptidergic nociceptors,False,False,False,none
behadecj-1,TMA00317,C-LTMR,False,False,False,none
beiibigd-1,TMA00317,CGRP-Eta,False,False,False,none
bejbndba-1,TMA00317,CGRP-Eta,False,False,False,none
bejcheig-1,TMA00317,CGRP-Gamma 1,False,False,False,none
bejhfaml-1,TMA00317,CGRP-Gamma 1,False,False,False,none
bekalcnf-1,TMA00317,Abeta-RA-LTMR,False,False,False,none
bekmeobh-1,TMA00317,Abeta-RA-LTMR,False,False,False,none
beknbgoj-1,TMA00317,CGRP-Zeta,False,False,False,none
belffcle-1,TMA00317,Nonpeptidergic nociceptors,False,False,False,none
belnhnpm-1,TMA00317,Abeta-Field,False,False,False,none
belnojii-1,TMA00317,CGRP-Eta,False,False,False,none
belpngcp-1,TMA00317,Nonpeptidergic nociceptors,False,False,False,none
bembbeed-1,TMA00317,Adelta-LTMR,False,False,False,none
bembockk-1,TMA00317,Abeta-Field,False,False,False,none
bembplke-1,TMA00317,Abeta-Field,False,False,False,none
bemcfpob-1,TMA00317,Abeta-Field,False,False,False,none
bemfgpgo-1,TMA00317,TrpM8,False,False,False,none
bemjcegn-1,TMA00317,TrpM8,False,False,False,none
benceagp-1,TMA00317,CGRP-Alpha,False,False,False,none
benghcde-1,TMA00317,TrpM8,False,False,False,none
benikoei-1,TMA00317,C-LTMR,False,False,False,none
benmpcna-1,TMA00317,Nonpeptidergic nociceptors,False,False,False,none
bennddpc-1,TMA00317,CGRP-Alpha,False,False,False,none
benpmcgk-1,TMA00317,C-LTMR,False,False,False,none
benpofme-1,TMA00317,CGRP-Gamma 1,False,False,False,none
bfdldcja-1,TMA00317,Abeta-Field,False,False,False,none
bfepjpbp-1,TMA00317,C-LTMR,False,False,False,none
bffcjkom-1,TMA00317,CGRP-Gamma 2,False,False,False,none
bffeojle-1,TMA00317,CGRP-Eta,False,False,False,none
bfgdjhcb-1,TMA00317,TrpM8,False,False,False,none
bfgfbaii-1,TMA00317,TrpM8,False,False,False,none
bfggapjo-1,TMA00317,CGRP-Gamma 2,False,False,False,none
bfgkidoo-1,TMA00317,CGRP-Gamma 1,False,False,False,none
bfglpnea-1,TMA00317,TrpM8,False,False,False,none
bfhiljfb-1,TMA00317,TrpM8,False,False,False,none
bfhpcolj-1,TMA00317,TrpM8,False,False,False,none
bfiahodd-1,TMA00317,Nonpeptidergic nociceptors,False,False,False,none
bfibgekb-1,TMA00317,CGRP-Epsilion,False,False,False,none
bfibhone-1,TMA00317,TrpM8,False,False,False,none
bficpmbi-1,TMA00317,TrpM8,False,False,False,none
bfidcobc-1,TMA00317,Abeta-RA-LTMR,False,False,False,none
bfimbfjg-1,TMA00317,TrpM8,False,False,False,none
bfimpagm-1,TMA00317,TrpM8,False,False,False,none
bfjicbam-1,TMA00317,TrpM8,False,False,False,none
bfkeeddl-1,TMA00317,CGRP-Alpha,False,False,False,none
bfkefelc-1,TMA00317,TrpM8,False,False,False,none
bflamnlb-1,TMA00317,TrpM8,False,False,False,none
bflhdgln-1,TMA00317,Nonpeptidergic nociceptors,False,False,False,none
bfllgcjm-1,TMA00317,CGRP-Alpha,False,False,False,none
bfmakfpf-1,TMA00317,CGRP-Alpha,False,False,False,none
bfmhboid-1,TMA00317,CGRP-Alpha,False,False,False,none
bfmhgeih-1,TMA00317,Nonpeptidergic nociceptors,False,False,False,none
bfmhneof-1,TMA00317,TrpM8,False,False,False,none
bfmlaelj-1,TMA00317,C-LTMR,False,False,False,none
bfmngekg-1,TMA00317,Nonpeptidergic nociceptors,False,False,False,none
bfmogdod-1,TMA00317,Nonpeptidergic nociceptors,False,False,False,none
bfnciflf-1,TMA00317,C-LTMR,False,False,False,none
bfnhdbed-1,TMA00317,Nonpeptidergic nociceptors,False,False,False,none
bfnhijic-1,TMA00317,TrpM8,False,False,False,none
bfnhkmjh-1,TMA00317,TrpM8,False,False,False,none
bfnijalg-1,TMA00317,C-LTMR,False,False,False,none
bfofgcjg-1,TMA00317,Abeta-Field,False,False,False,none
bfogdjcp-1,TMA00317,CGRP-Zeta,False,False,False,none
bfokjpld-1,TMA00317,C-LTMR,False,False,False,none
bfolgpma-1,TMA00317,CGRP-Gamma 1,False,False,False,none
bfpfehgb-1,TMA00317,CGRP-Zeta,False,False,False,none
bfpipoan-1,TMA00317,TrpM8,False,False,False,none
bfpkkinn-1,TMA00317,CGRP-Gamma 1,False,False,False,none
bfpmbboa-1,TMA00317,TrpM8,False,False,False,none
bfpnfmdh-1,TMA00317,CGRP-Theta,False,False,False,none
bfpoecea-1,TMA00317,C-LTMR,False,False,False,none
bfppcnmn-1,TMA00317,Adelta-LTMR,False,False,False,none
bgaagjbm-1,TMA00317,Nonpeptidergic nociceptors,False,False,False,none
bgabjidd-1,TMA00317,CGRP-Beta,False,False,False,none
bgaeamen-1,TMA00317,Nonpeptidergic nociceptors,False,False,False,none
bgajeoln-1,TMA00317,Nonpeptidergic nociceptors,False,False,False,none
bgakfmpg-1,TMA00317,Nonpeptidergic nociceptors,False,False,False,none
bgaldikc-1,TMA00317,Abeta-RA-LTMR,False,False,False,none
bgfgfpoo-1,TMA00317,CGRP-Alpha,False,False,False,none
bgfjaknj-1,TMA00317,Abeta-RA-LTMR,False,False,False,none
bgfmdbpo-1,TMA00317,C-LTMR,False,False,False,none
bgfmobbo-1,TMA00317,Nonpeptidergic nociceptors,False,False,False,none
bgfoneok-1,TMA00317,Adelta-LTMR,False,False,False,none
bggbcego-1,TMA00317,Abeta-Field,False,False,False,none
bggbkjjb-1,TMA00317,C-LTMR,False,False,False,none
bggbpako-1,TMA00317,Abeta-RA-LTMR,False,False,False,none
bgjcpphh-1,TMA00317,C-LTMR,False,False,False,none
bgjhnmof-1,TMA00317,Abeta-RA-LTMR,False,False,False,none
bgjlfilb-1,TMA00317,Nonpeptidergic nociceptors,False,False,False,none
bgjlpnlb-1,TMA00317,CGRP-Gamma 1,False,False,False,none
bgjpccmd-1,TMA00317,TrpM8,False,False,False,none
bgkdfcko-1,TMA00317,Abeta-RA-LTMR,False,False,False,none
bgkijkem-1,TMA00317,C-LTMR,False,False,False,none
bglckigi-1,TMA00317,CGRP-Alpha,False,False,False,none
bgleekhd-1,TMA00317,CGRP-Gamma 1,False,False,False,none
bglephff-1,TMA00317,CGRP-Gamma 2,False,False,False,none
bglfiffd-1,TMA00317,CGRP-Gamma 1,False,False,False,none
bglhegdi-1,TMA00317,CGRP-Gamma 1,False,False,False,none
bglhplel-1,TMA00317,Adelta-LTMR,False,False,False,none
bglniamh-1,TMA00317,Proprioceptors,False,False,False,none
bgmcfahn-1,TMA00317,C-LTMR,False,False,False,none
bgmfhaio-1,TMA00317,Adelta-LTMR,False,False,False,none
bgmglkci-1,TMA00317,CGRP-Beta,False,False,False,none
bgmlpdcp-1,TMA00317,TrpM8,False,False,False,none
bgmplelk-1,TMA00317,CGRP-Gamma 1,False,False,False,none
bgnacdph-1,TMA00317,Proprioceptors,False,False,False,none
bgncefgb-1,TMA00317,Abeta-RA-LTMR,False,False,False,none
bgndaekh-1,TMA00317,Proprioceptors,False,False,False,none
bgndgfam-1,TMA00317,C-LTMR,False,False,False,none
bgnejdea-1,TMA00317,Adelta-LTMR,False,False,False,none
bgnfebbn-1,TMA00317,Nonpeptidergic nociceptors,False,False,False,none
bgnfncpa-1,TMA00317,CGRP-Eta,False,False,False,none
bgniceom-1,TMA00317,Abeta-Field,False,False,False,none
bgnkoiec-1,TMA00317,Adelta-LTMR,False,False,False,none
bgnlgjbm-1,TMA00317,Abeta-Field,False,False,False,none
bgnndpep-1,TMA00317,CGRP-Eta,False,False,False,none
bgnpbaaa-1,TMA00317,C-LTMR,False,False,False,none
bgoendaj-1,TMA00317,CGRP-Gamma 2,False,False,False,none
bgogapil-1,TMA00317,CGRP-Gamma 1,False,False,False,none
bgolidkc-1,TMA00317,CGRP-Alpha,False,False,False,none
bgoodlmn-1,TMA00317,C-LTMR,False,False,False,none
bgopgiia-1,TMA00317,TrpM8,False,False,False,none
bgpcmgpc-1,TMA00317,CGRP-Gamma 1,False,False,False,none
bgpdokhd-1,TMA00317,CGRP-Gamma 1,False,False,False,none
bgpibmeh-1,TMA00317,CGRP-Gamma 1,False,False,False,none
bhamacok-1,TMA00317,CGRP-Gamma 1,False,False,False,none
bhapgkkb-1,TMA00317,TrpM8,False,False,False,none
bhblgjbg-1,TMA00317,CGRP-Gamma 1,False,False,False,none
bhbokgfk-1,TMA00317,TrpM8,False,False,False,none
bhchhjie-1,TMA00317,Sst,False,False,False,none
bhchhokc-1,TMA00317,CGRP-Gamma 1,False,False,False,none
bhcjmpko-1,TMA00317,CGRP-Gamma 1,False,False,False,none
bhckeiod-1,TMA00317,TrpM8,False,False,False,none
bhclijgg-1,TMA00317,TrpM8,False,False,False,none
bhcpaoba-1,TMA00317,CGRP-Eta,False,False,False,none
bhcphndp-1,TMA00317,CGRP-Gamma 2,False,False,False,none
bhcpjjlk-1,TMA00317,CGRP-Gamma 2,False,False,False,none
bhdcckda-1,TMA00317,C-LTMR,False,False,False,none
bhdlpdbp-1,TMA00317,C-LTMR,False,False,False,none
bhdogbff-1,TMA00317,C-LTMR,False,False,False,none
bhedpnpe-1,TMA00317,CGRP-Alpha,False,False,False,none
bhefepig-1,TMA00317,Nonpeptidergic nociceptors,False,False,False,none
bhehlmfp-1,TMA00317,CGRP-Gamma 1,False,False,False,none
bheldfkb-1,TMA00317,TrpM8,False,False,False,none
bhfapmhc-1,TMA00317,CGRP-Alpha,False,False,False,none
bhfdiheo-1,TMA00317,CGRP-Gamma 1,False,False,False,none
bhfebalo-1,TMA00317,CGRP-Gamma 1,False,False,False,none
bhffjbae-1,TMA00317,CGRP-Eta,False,False,False,none
bhfhfclh-1,TMA00317,CGRP-Gamma 1,False,False,False,none
bhfhnjlb-1,TMA00317,CGRP-Gamma 1,False,False,False,none
bhflilcf-1,TMA00317,CGRP-Gamma 1,False,False,False,none
bhfoldbp-1,TMA00317,Nonpeptidergic nociceptors,False,False,False,none
bhgfoidc-1,TMA00317,CGRP-Gamma 2,False,False,False,none
bhgiphkc-1,TMA00317,CGRP-Gamma 1,False,False,False,none
bhgkdpaa-1,TMA00317,CGRP-Eta,False,False,False,none
bhgkifab-1,TMA00317,CGRP-Gamma 1,False,False,False,none
bhglanjh-1,TMA00317,C-LTMR,False,False,False,none
bhhpghmo-1,TMA00317,TrpM8,False,False,False,none
bhhpkjdh-1,TMA00317,C-LTMR,False,False,False,none
bhhpmmip-1,TMA00317,TrpM8,False,False,False,none
bhiffbfm-1,TMA00317,TrpM8,False,False,False,none
bhiifona-1,TMA00317,CGRP-Gamma 1,False,False,False,none
bhijdgmi-1,TMA00317,CGRP-Gamma 1,False,False,False,none
bhilbceb-1,TMA00317,CGRP-Gamma 2,False,False,False,none
bhinobfj-1,TMA00317,CGRP-Gamma 1,False,False,False,none
bhipakch-1,TMA00317,CGRP-Gamma 1,False,False,False,none
bhjgjimk-1,TMA00317,CGRP-Eta,False,False,False,none
bhjhmdnc-1,TMA00317,CGRP-Gamma 2,False,False,False,none
bhjlfofj-1,TMA00317,Abeta-RA-LTMR,False,False,False,none
bhkejijk-1,TMA00317,Nonpeptidergic nociceptors,False,False,False,none
bhlbpbjg-1,TMA00317,CGRP-Theta,False,False,False,none
bhldgdpe-1,TMA00317,C-LTMR,False,False,False,none
bhlkdlfi-1,TMA00317,C-LTMR,False,False,False,none
bhmbhpab-1,TMA00317,Adelta-LTMR,False,False,False,none
bhmbpgne-1,TMA00317,CGRP-Gamma 1,False,False,False,none
bhmcmgaj-1,TMA00317,CGRP-Gamma 1,False,False,False,none
bhmecfhe-1,TMA00317,Nonpeptidergic nociceptors,False,False,False,none
bhnaodng-1,TMA00317,Abeta-RA-LTMR,False,False,False,none
bhnihepk-1,TMA00317,CGRP-Gamma 1,False,False,False,none
bhnjaeel-1,TMA00317,C-LTMR,False,False,False,none
bhnmpplc-1,TMA00317,Nonpeptidergic nociceptors,False,False,False,none
bhnnbpkn-1,TMA00317,CGRP-Zeta,False,False,False,none
bhnnookh-1,TMA00317,CGRP-Zeta,False,False,False,none
bhnpgmmm-1,TMA00317,CGRP-Zeta,False,False,False,none
bhoccieo-1,TMA00317,CGRP-Gamma 1,False,False,False,none
bhohccch-1,TMA00317,Abeta-Field,False,False,False,none
bhompgao-1,TMA00317,Abeta-Field,False,False,False,none
bhoopojo-1,TMA00317,CGRP-Beta,False,False,False,none
bhophkpo-1,TMA00317,CGRP-Gamma 1,False,False,False,none
bhpclmll-1,TMA00317,CGRP-Gamma 1,False,False,False,none
bhpfoinp-1,TMA00317,Abeta-RA-LTMR,False,False,False,none
bhpoklca-1,TMA00317,CGRP-Epsilion,False,False,False,none
biabnjpb-1,TMA00317,TrpM8,False,False,False,none
biacenkk-1,TMA00317,CGRP-Eta,False,False,False,none
biajjpkg-1,TMA00317,CGRP-Gamma 1,False,False,False,none
biakbhik-1,TMA00317,C-LTMR,False,False,False,none
bibjiigl-1,TMA00317,Adelta-LTMR,False,False,False,none
biblabje-1,TMA00317,CGRP-Zeta,False,False,False,none
bichlkma-1,TMA00317,CGRP-Eta,False,False,False,none
bickondb-1,TMA00317,CGRP-Eta,False,False,False,none
bicpdehf-1,TMA00317,CGRP-Eta,False,False,False,none
bidbbeid-1,TMA00317,CGRP-Gamma 2,False,False,False,none
bidiclan-1,TMA00317,Adelta-LTMR,False,False,False,none
bidimfoh-1,TMA00317,Abeta-RA-LTMR,False,False,False,none
bidjkdbm-1,TMA00317,Abeta-Field,False,False,False,none
bidlbjpi-1,TMA00317,CGRP-Theta,False,False,False,none
bidookid-1,TMA00317,TrpM8,False,False,False,none
bieeiaoo-1,TMA00317,Abeta-RA-LTMR,False,False,False,none
biefbhcc-1,TMA00317,CGRP-Gamma 2,False,False,False,none
biejpbgf-1,TMA00317,Proprioceptors,False,False,False,none
bifcecno-1,TMA00317,Abeta-Field,False,False,False,none
bifjjcdb-1,TMA00317,C-LTMR,False,False,False,none
bifmddoc-1,TMA00317,C-LTMR,False,False,False,none
bigfghip-1,TMA00317,Abeta-Field,False,False,False,none
bignjmch-1,TMA00317,CGRP-Gamma 2,False,False,False,none
bigpibeb-1,TMA00317,CGRP-Gamma 2,False,False,False,none
bihfaghi-1,TMA00317,C-LTMR,False,False,False,none
bihjemdn-1,TMA00317,Proprioceptors,False,False,False,none
bihlambh-1,TMA00317,CGRP-Gamma 2,False,True,False,dTomato_Seq2_hi
bihphcgb-1,TMA00317,CGRP-Gamma 1,False,False,False,none
biibkjjo-1,TMA00317,CGRP-Gamma 1,False,False,False,none
biicmnfp-1,TMA00317,CGRP-Gamma 2,False,False,False,none
biiddhao-1,TMA00317,C-LTMR,False,False,False,none
biifikhf-1,TMA00317,CGRP-Gamma 1,False,False,False,none
biifomea-1,TMA00317,CGRP-Eta,False,False,False,none
biigfcab-1,TMA00317,CGRP-Gamma 2,False,False,False,none
biiifbkb-1,TMA00317,Abeta-Field,False,False,False,none
biijclek-1,TMA00317,CGRP-Alpha,False,False,False,none
biijgcjl-1,TMA00317,CGRP-Beta,False,False,False,none
biimnhim-1,TMA00317,Nonpeptidergic nociceptors,False,False,False,none
bijgnijb-1,TMA00317,CGRP-Gamma 1,False,False,False,none
bijhenno-1,TMA00317,TrpM8,False,False,False,none
bikeebeb-1,TMA00317,CGRP-Gamma 2,False,True,False,dTomato_Seq2_hi
biklefpm-1,TMA00317,TrpM8,False,False,False,none
bilgmfph-1,TMA00317,C-LTMR,False,False,False,none
bilihdpp-1,TMA00317,CGRP-Gamma 1,False,False,False,none
bimbncde-1,TMA00317,CGRP-Gamma 1,False,False,False,none
bimcejgg-1,TMA00317,CGRP-Gamma 2,False,False,False,none
bimchaod-1,TMA00317,CGRP-Gamma 1,False,False,False,none
bimcpjcn-1,TMA00317,C-LTMR,False,False,False,none
bimdineg-1,TMA00317,C-LTMR,False,False,False,none
bimgjkfp-1,TMA00317,C-LTMR,False,False,False,none
bimgnece-1,TMA00317,CGRP-Eta,False,False,False,none
bimhjlpi-1,TMA00317,CGRP-Theta,False,False,False,none
binfgajb-1,TMA00317,CGRP-Zeta,False,False,False,none
binieiek-1,TMA00317,CGRP-Theta,False,False,False,none
binljeef-1,TMA00317,CGRP-Alpha,False,False,False,none
binofike-1,TMA00317,Abeta-RA-LTMR,False,False,False,none
biodkbkd-1,TMA00317,CGRP-Eta,False,False,False,none
bioeigic-1,TMA00317,CGRP-Alpha,False,False,False,none
bioleobm-1,TMA00317,CGRP-Alpha,False,False,False,none
biomfjcp-1,TMA00317,CGRP-Epsilion,False,False,False,none
bipginjp-1,TMA00317,Nonpeptidergic nociceptors,False,False,False,none
bipliblb-1,TMA00317,CGRP-Gamma 2,False,False,False,none
bjaigiba-1,TMA00317,CGRP-Gamma 2,False,False,False,none
bjalfglg-1,TMA00317,Adelta-LTMR,False,False,False,none
bjamkkdp-1,TMA00317,CGRP-Theta,False,False,False,none
bjbcicnn-1,TMA00317,CGRP-Epsilion,False,False,False,none
bjbembop-1,TMA00317,TrpM8,False,False,False,none
bjbimdag-1,TMA00317,Proprioceptors,False,False,False,none
bjbknfcj-1,TMA00317,CGRP-Theta,False,False,False,none
bjbodllg-1,TMA00317,C-LTMR,False,False,False,none
bjcaeimo-1,TMA00317,C-LTMR,False,False,False,none
bjcdojac-1,TMA00317,Abeta-Field,False,False,False,none
bjcebkac-1,TMA00317,CGRP-Eta,False,False,False,none
bjcinhie-1,TMA00317,CGRP-Eta,False,False,False,none
bjckjonf-1,TMA00317,CGRP-Theta,False,False,False,none
bjdepefo-1,TMA00317,CGRP-Gamma 1,False,False,False,none
bjdiohno-1,TMA00317,Proprioceptors,False,False,False,none
bjdipmda-1,TMA00317,Nonpeptidergic nociceptors,False,False,False,none
bjdklfdc-1,TMA00317,TrpM8,False,False,False,none
bjdnimmc-1,TMA00317,Nonpeptidergic nociceptors,False,False,False,none
bjdnlmnc-1,TMA00317,Abeta-Field,False,False,False,none
bjebklhf-1,TMA00317,CGRP-Gamma 1,False,False,False,none
bjeblfjp-1,TMA00317,CGRP-Gamma 1,False,False,False,none
bjelofnf-1,TMA00317,CGRP-Gamma 1,False,False,False,none
bjemmnjk-1,TMA00317,CGRP-Gamma 2,False,False,False,none
bjfemgjj-1,TMA00317,CGRP-Zeta,False,False,False,none
bjfpmopm-1,TMA00317,Nonpeptidergic nociceptors,False,False,False,none
bjgbmbhi-1,TMA00317,CGRP-Zeta,False,False,False,none
bjgdbpon-1,TMA00317,Nonpeptidergic nociceptors,False,False,False,none
bjgemooj-1,TMA00317,TrpM8,False,False,False,none
bjghnpbb-1,TMA00317,CGRP-Eta,False,False,False,none
bjgmedgi-1,TMA00317,TrpM8,False,False,False,none
bjgmifmk-1,TMA00317,CGRP-Epsilion,False,False,False,none
bjgpfkaa-1,TMA00317,C-LTMR,False,False,False,none
bjhdfcdd-1,TMA00317,TrpM8,False,False,False,none
bjhoacck-1,TMA00317,TrpM8,False,False,False,none
bjiaaall-1,TMA00317,CGRP-Gamma 1,False,False,False,none
bjicnbgf-1,TMA00317,C-LTMR,False,False,False,none
bjigaadg-1,TMA00317,C-LTMR,False,False,False,none
bjijbjmb-1,TMA00317,TrpM8,False,False,False,none
bjilcfkf-1,TMA00317,CGRP-Eta,False,False,False,none
bjjamcci-1,TMA00317,CGRP-Gamma 1,False,False,False,none
bjjekajn-1,TMA00317,CGRP-Gamma 1,False,False,False,none
bjjfnokl-1,TMA00317,CGRP-Gamma 1,False,False,False,none
bjjjhgkf-1,TMA00317,CGRP-Eta,False,False,False,none
bjjnbhka-1,TMA00317,CGRP-Gamma 1,False,False,False,none
bjjomokn-1,TMA00317,Adelta-LTMR,False,False,False,none
bjjpfjlo-1,TMA00317,Sst,False,False,False,none
bjjphnpl-1,TMA00317,CGRP-Gamma 2,False,False,False,none
bjkaifgp-1,TMA00317,Proprioceptors,False,False,False,none
bjkckild-1,TMA00317,CGRP-Gamma 1,False,False,False,none
bjkdlnlc-1,TMA00317,Adelta-LTMR,False,False,False,none
bjkejbbm-1,TMA00317,C-LTMR,False,False,False,none
bjkfimfj-1,TMA00317,CGRP-Eta,False,False,False,none
bjkghhch-1,TMA00317,CGRP-Zeta,False,False,False,none
bjkhkccb-1,TMA00317,CGRP-Eta,False,False,False,none
bjkihbka-1,TMA00317,Nonpeptidergic nociceptors,True,False,False,EGFP_Seq1_hi
bjknehpd-1,TMA00317,CGRP-Gamma 1,False,False,False,none
bjlahmic-1,TMA00317,CGRP-Gamma 1,False,False,False,none
bjlboofe-1,TMA00317,CGRP-Eta,False,False,False,none
bjlcdgeh-1,TMA00317,CGRP-Gamma 2,False,False,False,none
bjlgjcfh-1,TMA00317,Nonpeptidergic nociceptors,False,False,False,none
bjlgpbjo-1,TMA00317,TrpM8,False,False,False,none
bjlmeljg-1,TMA00317,Nonpeptidergic nociceptors,False,False,False,none
bjlnbboj-1,TMA00317,CGRP-Epsilion,False,False,False,none
bjlnlhoi-1,TMA00317,CGRP-Eta,False,False,False,none
bjmananl-1,TMA00317,Adelta-LTMR,True,False,False,EGFP_Seq1_hi
bjmchfmk-1,TMA00317,CGRP-Gamma 1,False,False,False,none
bjmcjdoe-1,TMA00317,TrpM8,False,False,False,none
bjmliaea-1,TMA00317,CGRP-Theta,False,False,False,none
bjmlichp-1,TMA00317,C-LTMR,False,False,False,none
bjmlllan-1,TMA00317,C-LTMR,False,False,False,none
bjmobkbp-1,TMA00317,C-LTMR,False,False,False,none
bjmoeldk-1,TMA00317,CGRP-Gamma 1,False,False,False,none
bjnfjdme-1,TMA00317,CGRP-Gamma 1,False,False,False,none
bjnikbka-1,TMA00317,C-LTMR,False,False,False,none
bjnjniab-1,TMA00317,CGRP-Gamma 1,False,False,False,none
bjnncgjj-1,TMA00317,Abeta-Field,False,False,False,none
bjnpmndo-1,TMA00317,CGRP-Theta,False,False,False,none
bjocoand-1,TMA00317,C-LTMR,False,False,False,none
bjooingh-1,TMA00317,CGRP-Gamma 1,False,False,False,none
bjpamlop-1,TMA00317,CGRP-Gamma 2,False,False,False,none
bjpenjcn-1,TMA00317,CGRP-Gamma 1,False,False,False,none
bjpgfgcl-1,TMA00317,CGRP-Gamma 1,False,False,False,none
bjphkdii-1,TMA00317,CGRP-Eta,False,False,False,none
bjpjdkkh-1,TMA00317,TrpM8,False,False,False,none
bjppbafa-1,TMA00317,Sst,False,False,False,none
bkadekjn-1,TMA00317,CGRP-Gamma 1,False,False,False,none
bkahbplf-1,TMA00317,TrpM8,False,False,False,none
bkahilcd-1,TMA00317,CGRP-Gamma 1,False,False,False,none
bkahjobl-1,TMA00317,CGRP-Eta,False,False,False,none
bkaldfoi-1,TMA00317,CGRP-Eta,False,False,False,none
bkbdcebb-1,TMA00317,CGRP-Eta,False,False,False,none
bkbelgdp-1,TMA00317,TrpM8,False,False,False,none
bkbpbkom-1,TMA00317,CGRP-Alpha,False,False,False,none
bkcdmppk-1,TMA00317,Abeta-Field,False,False,False,none
bkcgmmli-1,TMA00317,CGRP-Gamma 1,False,False,False,none
bkcjhagf-1,TMA00317,CGRP-Gamma 1,False,False,False,none
bkclfkpe-1,TMA00317,TrpM8,False,False,False,none
bkcmadok-1,TMA00317,CGRP-Eta,False,False,False,none
bkcojikf-1,TMA00317,CGRP-Eta,False,False,False,none
bkdaplbb-1,TMA00317,Abeta-Field,False,False,False,none
bkdbccoj-1,TMA00317,CGRP-Epsilion,False,False,False,none
bkddoiii-1,TMA00317,Abeta-Field,False,False,False,none
bkdlibaj-1,TMA00317,CGRP-Epsilion,False,False,False,none
bkjdpkmm-1,TMA00317,CGRP-Eta,False,False,False,none
bkjfmfjg-1,TMA00317,CGRP-Gamma 1,False,False,False,none
bkjgkmni-1,TMA00317,Nonpeptidergic nociceptors,False,False,False,none
bkjpmepp-1,TMA00317,CGRP-Alpha,False,False,False,none
bkklpmjp-1,TMA00317,CGRP-Eta,False,False,False,none
bkkmklig-1,TMA00317,C-LTMR,False,False,False,none
bklminid-1,TMA00317,CGRP-Eta,False,False,False,none
bkmbicnl-1,TMA00317,CGRP-Gamma 1,False,False,False,none
bkmepkcl-1,TMA00317,CGRP-Gamma 1,False,False,False,none
bkmpfbbn-1,TMA00317,CGRP-Gamma 1,False,False,False,none
bknakofd-1,TMA00317,CGRP-Beta,False,False,False,none
bknclacj-1,TMA00317,CGRP-Alpha,False,False,False,none
bkngfnnm-1,TMA00317,CGRP-Eta,False,False,False,none
bkngndhd-1,TMA00317,TrpM8,False,False,False,none
bknidggo-1,TMA00317,CGRP-Gamma 1,False,False,False,none
bknmjigk-1,TMA00317,TrpM8,False,False,False,none
bknmkoka-1,TMA00317,C-LTMR,False,False,False,none
bknngghl-1,TMA00317,Nonpeptidergic nociceptors,False,False,False,none
bknobpda-1,TMA00317,CGRP-Theta,False,False,False,none
bkobkbjb-1,TMA00317,TrpM8,False,False,False,none
bkocpokk-1,TMA00317,TrpM8,False,False,False,none
bkofgilf-1,TMA00317,CGRP-Gamma 2,False,False,False,none
bkolgeao-1,TMA00317,CGRP-Gamma 1,False,False,False,none
bkolicgm-1,TMA00317,CGRP-Theta,False,False,False,none
bkomenjg-1,TMA00317,CGRP-Beta,False,False,False,none
bkpkimep-1,TMA00317,Nonpeptidergic nociceptors,False,False,False,none
bkploicg-1,TMA00317,C-LTMR,False,False,False,none
bkpmmdmj-1,TMA00317,TrpM8,False,False,False,none
blaaipoc-1,TMA00317,CGRP-Gamma 1,False,False,False,none
blagecia-1,TMA00317,CGRP-Alpha,False,False,False,none
blaiikoj-1,TMA00317,CGRP-Gamma 1,False,False,False,none
blbcblkn-1,TMA00317,CGRP-Gamma 1,False,False,False,none
blbdobfm-1,TMA00317,TrpM8,False,False,False,none
blbfgceg-1,TMA00317,TrpM8,False,False,False,none
bldjnlmf-1,TMA00317,Nonpeptidergic nociceptors,False,False,False,none
blebkmhf-1,TMA00317,CGRP-Gamma 1,False,False,False,none
blegpioa-1,TMA00317,CGRP-Beta,False,False,False,none
bleljimh-1,TMA00317,C-LTMR,False,False,False,none
blemmfae-1,TMA00317,Nonpeptidergic nociceptors,False,False,False,none
blemondn-1,TMA00317,CGRP-Epsilion,False,False,False,none
blfdgmej-1,TMA00317,CGRP-Eta,False,False,False,none
blfeachm-1,TMA00317,CGRP-Eta,False,False,False,none
blfglmhk-1,TMA00317,CGRP-Gamma 1,False,False,False,none
blfjjdbm-1,TMA00317,C-LTMR,False,False,False,none
blfkphel-1,TMA00317,CGRP-Gamma 1,False,False,False,none
blfmcddi-1,TMA00317,Nonpeptidergic nociceptors,False,False,False,none
blfmgjfh-1,TMA00317,CGRP-Gamma 1,False,False,False,none
blfmompk-1,TMA00317,CGRP-Eta,False,False,False,none
blgadboo-1,TMA00317,C-LTMR,False,False,False,none
blgbeobg-1,TMA00317,CGRP-Gamma 2,False,False,False,none
blgikneo-1,TMA00317,TrpM8,False,False,False,none
blgnbinj-1,TMA00317,CGRP-Alpha,False,False,False,none
blhbjbpf-1,TMA00317,Nonpeptidergic nociceptors,False,False,False,none
blhfhpfk-1,TMA00317,Nonpeptidergic nociceptors,False,False,False,none
blhjnkhm-1,TMA00317,CGRP-Gamma 2,False,False,False,none
blhndphi-1,TMA00317,CGRP-Beta,False,False,False,none
bliagbip-1,TMA00317,TrpM8,False,False,False,none
blihccek-1,TMA00317,TrpM8,False,False,False,none
bliicjab-1,TMA00317,CGRP-Eta,False,False,False,none
blimknfc-1,TMA00317,CGRP-Gamma 1,False,False,False,none
bljajdfd-1,TMA00317,Proprioceptors,False,False,False,none
bljdfajk-1,TMA00317,TrpM8,False,False,False,none
bljlbjne-1,TMA00317,TrpM8,False,False,False,none
bljoeimb-1,TMA00317,TrpM8,False,False,False,none
bljoijbn-1,TMA00317,Abeta-Field,False,False,False,none
blkegpjh-1,TMA00317,CGRP-Alpha,False,False,False,none
blkgmkgo-1,TMA00317,CGRP-Gamma 1,False,False,False,none
blkiihna-1,TMA00317,C-LTMR,False,False,False,none
blklojii-1,TMA00317,CGRP-Gamma 1,False,False,False,none
blkpnjfj-1,TMA00317,CGRP-Gamma 1,False,False,False,none
bllcenko-1,TMA00317,CGRP-Gamma 1,False,False,False,none
blldhcha-1,TMA00317,CGRP-Gamma 1,False,False,False,none
bllpooif-1,TMA00317,CGRP-Zeta,False,False,False,none
blmfojmj-1,TMA00317,CGRP-Gamma 2,False,False,False,none
blnalmci-1,TMA00317,CGRP-Zeta,False,False,False,none
blnpccpp-1,TMA00317,CGRP-Gamma 1,False,False,False,none
bloaomhp-1,TMA00317,Nonpeptidergic nociceptors,False,False,False,none
bloddepn-1,TMA00317,CGRP-Eta,False,False,False,none
bloecbcd-1,TMA00317,CGRP-Gamma 1,False,False,False,none
blogcobi-1,TMA00317,Abeta-Field,False,False,False,none
blopmpaa-1,TMA00317,CGRP-Theta,False,False,False,none
blpckmfd-1,TMA00317,CGRP-Eta,False,False,False,none
blpfmgpj-1,TMA00317,Adelta-LTMR,False,False,False,none
blplnglb-1,TMA00317,CGRP-Gamma 1,False,False,False,none
blpmkimk-1,TMA00317,CGRP-Gamma 2,False,False,False,none
blpojkop-1,TMA00317,Adelta-LTMR,False,False,False,none
bmafdcdf-1,TMA00317,Nonpeptidergic nociceptors,False,False,False,none
bmafeoag-1,TMA00317,Abeta-RA-LTMR,False,False,False,none
bmajfpep-1,TMA00317,CGRP-Gamma 1,False,False,False,none
bmaloogo-1,TMA00317,CGRP-Theta,False,False,False,none
bmamjnni-1,TMA00317,Abeta-RA-LTMR,False,False,False,none
bmapjnbg-1,TMA00317,Proprioceptors,False,False,False,none
bmbagemo-1,TMA00317,CGRP-Gamma 2,False,False,False,none
bmbaoncm-1,TMA00317,CGRP-Beta,False,False,False,none
bmbbfaje-1,TMA00317,Abeta-RA-LTMR,False,False,False,none
bmbddnbc-1,TMA00317,Nonpeptidergic nociceptors,False,False,False,none
bmbfoklk-1,TMA00317,Nonpeptidergic nociceptors,False,False,False,none
bmbhaogn-1,TMA00317,Abeta-Field,False,False,False,none
bmblgipp-1,TMA00317,CGRP-Zeta,False,False,False,none
bmcdcobc-1,TMA00317,CGRP-Zeta,False,False,False,none
bmceecbj-1,TMA00317,CGRP-Gamma 1,False,False,False,none
bmcjhngn-1,TMA00317,CGRP-Gamma 1,False,False,False,none
bmcokdie-1,TMA00317,CGRP-Gamma 1,False,False,False,none
bmdacmdg-1,TMA00317,CGRP-Gamma 2,False,False,False,none
bmdfbgko-1,TMA00317,CGRP-Gamma 1,False,False,False,none
bmdhffjf-1,TMA00317,CGRP-Gamma 1,False,False,False,none
bmdimnlj-1,TMA00317,CGRP-Gamma 1,False,False,False,none
bmdjmcba-1,TMA00317,CGRP-Eta,False,False,False,none
bmdokfld-1,TMA00317,CGRP-Gamma 1,False,False,False,none
bmecoeoa-1,TMA00317,CGRP-Zeta,False,False,False,none
bmefimia-1,TMA00317,CGRP-Zeta,False,False,False,none
bmegaopm-1,TMA00317,C-LTMR,False,False,False,none
bmejpggn-1,TMA00317,CGRP-Gamma 1,False,False,False,none
bmfdchbf-1,TMA00317,C-LTMR,False,False,False,none
bmfejaoj-1,TMA00317,CGRP-Gamma 2,False,False,False,none
bmfiibjm-1,TMA00317,CGRP-Gamma 1,False,False,False,none
bmfilplf-1,TMA00317,C-LTMR,False,False,False,none
bmflooii-1,TMA00317,CGRP-Gamma 2,False,False,False,none
bmgdnfjg-1,TMA00317,CGRP-Gamma 1,False,False,False,none
bmgfgbai-1,TMA00317,C-LTMR,False,False,False,none
bmgfmoaf-1,TMA00317,CGRP-Eta,False,False,False,none
bmgkdodb-1,TMA00317,CGRP-Gamma 2,False,False,False,none
bmgleija-1,TMA00317,CGRP-Gamma 1,False,False,False,none
bmgljied-1,TMA00317,CGRP-Gamma 1,False,False,False,none
bmhcldlb-1,TMA00317,Adelta-LTMR,False,False,False,none
bmhfepdg-1,TMA00317,Adelta-LTMR,False,False,False,none
bmhjldjl-1,TMA00317,CGRP-Gamma 1,False,True,False,dTomato_Seq2_hi
bmhpbhhj-1,TMA00317,CGRP-Gamma 2,False,False,False,none
bmibaoln-1,TMA00317,Abeta-Field,False,False,False,none
bmidnjmj-1,TMA00317,CGRP-Gamma 1,False,False,False,none
bmiepobf-1,TMA00317,Nonpeptidergic nociceptors,False,False,False,none
bmihpnnd-1,TMA00317,CGRP-Gamma 1,False,True,False,dTomato_Seq2_hi
bmikeolm-1,TMA00317,CGRP-Eta,False,False,False,none
bmilhphk-1,TMA00317,CGRP-Gamma 2,False,False,False,none
bmioaobm-1,TMA00317,TrpM8,False,False,False,none
bmjcngkj-1,TMA00317,CGRP-Gamma 2,False,False,False,none
bmjeddoa-1,TMA00317,C-LTMR,False,False,False,none
bmjeinhh-1,TMA00317,CGRP-Eta,False,False,False,none
bmjgcpmf-1,TMA00317,CGRP-Zeta,False,False,False,none
bmjgogbn-1,TMA00317,CGRP-Gamma 1,False,False,False,none
bmjhanlk-1,TMA00317,C-LTMR,False,False,False,none
bmjlnabc-1,TMA00317,CGRP-Gamma 2,False,False,False,none
bmjmkjkh-1,TMA00317,CGRP-Beta,False,False,False,none
bmjphnla-1,TMA00317,CGRP-Zeta,False,False,False,none
bmjpnaad-1,TMA00317,CGRP-Eta,False,False,False,none
bmkagmah-1,TMA00317,Proprioceptors,False,False,False,none
bmkfeipl-1,TMA00317,CGRP-Eta,False,False,False,none
bmkhnfcp-1,TMA00317,CGRP-Gamma 2,False,False,False,none
bmklhjah-1,TMA00317,Abeta-Field,False,False,False,none
bmklmcgj-1,TMA00317,CGRP-Gamma 1,False,False,False,none
bmkmodel-1,TMA00317,CGRP-Gamma 2,False,False,False,none
bmknfdpd-1,TMA00317,CGRP-Gamma 1,False,False,False,none
bmlbjjee-1,TMA00317,CGRP-Gamma 2,False,False,False,none
bmlckcnd-1,TMA00317,C-LTMR,False,False,False,none
bmldkekh-1,TMA00317,CGRP-Gamma 1,False,False,False,none
bmlenejo-1,TMA00317,CGRP-Alpha,False,False,False,none
bmleobam-1,TMA00317,CGRP-Eta,False,False,False,none
bmlfcife-1,TMA00317,Nonpeptidergic nociceptors,False,False,False,none
bmlgoppp-1,TMA00317,C-LTMR,False,False,False,none
bmlobgck-1,TMA00317,TrpM8,False,False,False,none
bmmbohij-1,TMA00317,TrpM8,False,False,False,none
bmmdplai-1,TMA00317,CGRP-Gamma 1,False,False,False,none
bmmeclcp-1,TMA00317,Nonpeptidergic nociceptors,False,False,False,none
bmmgnbpk-1,TMA00317,Nonpeptidergic nociceptors,False,False,False,none
bmmjahda-1,TMA00317,Proprioceptors,False,False,False,none
bmmojame-1,TMA00317,Adelta-LTMR,False,False,False,none
bmniecmc-1,TMA00317,Abeta-RA-LTMR,False,False,False,none
bmnijcpf-1,TMA00317,Adelta-LTMR,False,False,False,none
bmnpldha-1,TMA00317,Adelta-LTMR,False,False,False,none
bmocdhfn-1,TMA00317,CGRP-Theta,False,False,False,none
bmocfmcb-1,TMA00317,Proprioceptors,False,False,False,none
bmofdfom-1,TMA00317,Proprioceptors,False,False,False,none
bmomdgnn-1,TMA00317,CGRP-Gamma 2,False,False,False,none
bmomjgnp-1,TMA00317,Abeta-RA-LTMR,False,False,False,none
bmooilnd-1,TMA00317,CGRP-Zeta,False,False,False,none
bmpgnamp-1,TMA00317,Nonpeptidergic nociceptors,False,False,False,none
bmplepmh-1,TMA00317,CGRP-Zeta,False,False,False,none
bmpmcmjk-1,TMA00317,CGRP-Zeta,False,False,False,none
bmpmmnno-1,TMA00317,CGRP-Gamma 1,False,False,False,none
bnaecdcc-1,TMA00317,C-LTMR,False,False,False,none
bnalebie-1,TMA00317,CGRP-Eta,False,False,False,none
bnamejjp-1,TMA00317,CGRP-Gamma 1,False,False,False,none
bnapmdai-1,TMA00317,C-LTMR,False,False,False,none
bnbaclap-1,TMA00317,CGRP-Gamma 1,False,False,False,none
bnbecnle-1,TMA00317,Nonpeptidergic nociceptors,False,False,False,none
bnbkfjen-1,TMA00317,CGRP-Gamma 1,False,False,False,none
bncakgma-1,TMA00317,CGRP-Gamma 1,False,False,False,none
bncbgbho-1,TMA00317,CGRP-Eta,False,False,False,none
bnchfdoe-1,TMA00317,CGRP-Gamma 2,False,False,False,none
bnchokea-1,TMA00317,Adelta-LTMR,False,False,False,none
bncifpio-1,TMA00317,CGRP-Gamma 2,False,False,False,none
bndahnca-1,TMA00317,Adelta-LTMR,False,False,False,none
bnddgafe-1,TMA00317,CGRP-Eta,False,False,False,none
bndioifg-1,TMA00317,CGRP-Gamma 1,False,False,False,none
bndljndj-1,TMA00317,Adelta-LTMR,False,False,False,none
bndnlnnl-1,TMA00317,CGRP-Gamma 1,False,False,False,none
bndogbnn-1,TMA00317,CGRP-Gamma 1,False,False,False,none
bndohfjk-1,TMA00317,CGRP-Eta,False,False,False,none
bnegnplc-1,TMA00317,CGRP-Gamma 2,False,False,False,none
bnembemc-1,TMA00317,CGRP-Eta,False,False,False,none
bnemhlkk-1,TMA00317,CGRP-Gamma 1,False,False,False,none
bnemjehd-1,TMA00317,CGRP-Gamma 1,False,False,False,none
bnfgmahc-1,TMA00317,Nonpeptidergic nociceptors,False,False,False,none
bnfmmpml-1,TMA00317,Abeta-Field,False,False,False,none
bnfpcdgl-1,TMA00317,Nonpeptidergic nociceptors,False,False,False,none
bngkdgel-1,TMA00317,Abeta-RA-LTMR,False,False,False,none
bngohhhk-1,TMA00317,CGRP-Eta,False,False,False,none
bngpjdnd-1,TMA00317,C-LTMR,False,False,False,none
bnhbpien-1,TMA00317,CGRP-Gamma 2,False,False,False,none
bnigpcfa-1,TMA00317,Proprioceptors,False,False,False,none
bnihopgd-1,TMA00317,Nonpeptidergic nociceptors,False,False,False,none
bniippmf-1,TMA00317,CGRP-Gamma 2,False,False,False,none
bnkjohce-1,TMA00317,CGRP-Beta,False,False,False,none
bnkldadp-1,TMA00317,TrpM8,False,False,False,none
bnknbbbi-1,TMA00317,TrpM8,False,False,False,none
bnnbkgbp-1,TMA00317,Nonpeptidergic nociceptors,False,False,False,none
bnnbnmpl-1,TMA00317,CGRP-Gamma 1,False,False,False,none
bnnbnpkh-1,TMA00317,CGRP-Gamma 1,False,False,False,none
bnnhpkpd-1,TMA00317,C-LTMR,False,False,False,none
bnnjfeoa-1,TMA00317,Nonpeptidergic nociceptors,False,False,False,none
bnnojjpf-1,TMA00317,CGRP-Alpha,False,False,False,none
bnnooigf-1,TMA00317,Abeta-Field,False,False,False,none
bnobkcdi-1,TMA00317,Abeta-Field,False,False,False,none
bnogaejc-1,TMA00317,CGRP-Epsilion,False,False,False,none
bnomlhlo-1,TMA00317,TrpM8,False,False,False,none
bnpkdinp-1,TMA00317,CGRP-Gamma 1,False,False,False,none
bnpnlagj-1,TMA00317,Nonpeptidergic nociceptors,False,False,False,none
boacdlkb-1,TMA00317,Nonpeptidergic nociceptors,False,False,False,none
boaicnhm-1,TMA00317,Nonpeptidergic nociceptors,False,False,False,none
boajaacg-1,TMA00317,CGRP-Gamma 2,False,False,False,none
boanojlm-1,TMA00317,Abeta-Field,False,False,False,none
bobnlnca-1,TMA00317,CGRP-Gamma 1,False,False,False,none
bocblaif-1,TMA00317,Nonpeptidergic nociceptors,False,False,False,none
bocdgbnn-1,TMA00317,TrpM8,False,False,False,none
bocgmgkk-1,TMA00317,CGRP-Gamma 1,False,False,False,none
bocigank-1,TMA00317,CGRP-Theta,False,False,False,none
bocipjmb-1,TMA00317,CGRP-Alpha,False,False,False,none
cdkanmcb-1,TMA00317,CGRP-Epsilion,False,False,False,none
cdkebhjg-1,TMA00317,Nonpeptidergic nociceptors,False,False,False,none
cdkmdcgn-1,TMA00317,Sst,False,False,False,none
cdlbehlb-1,TMA00317,Nonpeptidergic nociceptors,False,False,False,none
cdlhbdad-1,TMA00317,Nonpeptidergic nociceptors,False,False,False,none
cdlkbpii-1,TMA00317,CGRP-Alpha,False,False,False,none
cdngoklo-1,TMA00317,Proprioceptors,False,False,False,none
cedefgbk-1,TMA00317,C-LTMR,False,False,False,none
cegbdekc-1,TMA00317,CGRP-Eta,False,False,False,none
ceggapcd-1,TMA00317,Nonpeptidergic nociceptors,False,False,False,none
cehikpag-1,TMA00317,Nonpeptidergic nociceptors,False,False,False,none
ceiiomap-1,TMA00317,Nonpeptidergic nociceptors,False,False,False,none
ceipfepi-1,TMA00317,Nonpeptidergic nociceptors,False,False,False,none
celjmbpd-1,TMA00317,CGRP-Theta,False,False,False,none
celpjchl-1,TMA00317,CGRP-Theta,False,False,False,none
cemjgdgj-1,TMA00317,Nonpeptidergic nociceptors,False,False,False,none
cemnfikb-1,TMA00317,Nonpeptidergic nociceptors,False,False,False,none
cendmfoe-1,TMA00317,Sst,False,False,False,none
ceneapie-1,TMA00317,Nonpeptidergic nociceptors,False,False,False,none
ceonmlel-1,TMA00317,C-LTMR,False,False,False,none
cepjihif-1,TMA00317,CGRP-Theta,False,False,False,none
cepnaenl-1,TMA00317,Sst,False,False,False,none
ceppaaff-1,TMA00317,Sst,False,False,False,none
cfadfiod-1,TMA00317,Nonpeptidergic nociceptors,False,False,False,none
cfamjmkf-1,TMA00317,Nonpeptidergic nociceptors,False,False,False,none
cfccicbh-1,TMA00317,CGRP-Theta,False,False,False,none
cfcgdnpm-1,TMA00317,CGRP-Theta,False,False,False,none
cfdgbphp-1,TMA00317,Nonpeptidergic nociceptors,False,False,False,none
cfdijkpm-1,TMA00317,C-LTMR,False,False,False,none
cfdnaboc-1,TMA00317,Nonpeptidergic nociceptors,False,False,False,none
cfeanoic-1,TMA00317,CGRP-Gamma 1,False,False,False,none
cfhbafgh-1,TMA00317,C-LTMR,False,False,False,none
cfhjngnd-1,TMA00317,TrpM8,False,False,False,none
cfiimohe-1,TMA00317,Nonpeptidergic nociceptors,False,False,False,none
cfjbfjne-1,TMA00317,Nonpeptidergic nociceptors,False,False,False,none
cfjbmpek-1,TMA00317,CGRP-Epsilion,False,False,False,none
cfjcmcfg-1,TMA00317,C-LTMR,False,False,False,none
cfjfinga-1,TMA00317,Nonpeptidergic nociceptors,False,False,False,none
cfjjmfki-1,TMA00317,Nonpeptidergic nociceptors,False,False,False,none
cfjpfdll-1,TMA00317,Proprioceptors,False,False,False,none
cfkcpfok-1,TMA00317,Abeta-Field,False,False,False,none
cfkhdodf-1,TMA00317,Abeta-Field,False,False,False,none
cgjconoj-1,TMA00317,Nonpeptidergic nociceptors,False,False,False,none
cglimafo-1,TMA00317,Nonpeptidergic nociceptors,False,False,False,none
cgmejlof-1,TMA00317,Proprioceptors,False,False,False,none
cgmpekjj-1,TMA00317,Sst,False,False,False,none
chfbhjfb-1,TMA00317,CGRP-Alpha,False,False,False,none
chgngkip-1,TMA00317,CGRP-Zeta,False,False,False,none
cicaople-1,TMA00317,Nonpeptidergic nociceptors,False,False,False,none
cickhced-1,TMA00317,Nonpeptidergic nociceptors,False,False,False,none
cicpbgep-1,TMA00317,Nonpeptidergic nociceptors,False,False,False,none
ciejbnnm-1,TMA00317,Nonpeptidergic nociceptors,False,False,False,none
cifconec-1,TMA00317,Nonpeptidergic nociceptors,False,False,False,none
ciffhlcg-1,TMA00317,Nonpeptidergic nociceptors,False,False,False,none
cifpcogg-1,TMA00317,CGRP-Alpha,False,False,False,none
cighckip-1,TMA00317,CGRP-Alpha,False,False,False,none
cighllca-1,TMA00317,CGRP-Alpha,False,True,False,dTomato_Seq2_hi
cihmmcgc-1,TMA00317,Proprioceptors,False,False,False,none
ciicddnl-1,TMA00317,Nonpeptidergic nociceptors,False,False,False,none
ciiedpbd-1,TMA00317,Nonpeptidergic nociceptors,False,False,False,none
ciihbfab-1,TMA00317,Proprioceptors,False,False,False,none
ciilebcc-1,TMA00317,Proprioceptors,False,False,False,none
ciimoope-1,TMA00317,Nonpeptidergic nociceptors,False,False,False,none
cikfkpeb-1,TMA00317,Nonpeptidergic nociceptors,False,False,False,none
cilboeia-1,TMA00317,C-LTMR,False,False,False,none
cilllnkl-1,TMA00317,CGRP-Alpha,False,False,False,none
cilmggop-1,TMA00317,CGRP-Eta,False,False,False,none
cilokpmj-1,TMA00317,Proprioceptors,False,False,False,none
cimfbfhp-1,TMA00317,C-LTMR,False,False,False,none
cimfende-1,TMA00317,C-LTMR,False,False,False,none
cingeoap-1,TMA00317,Nonpeptidergic nociceptors,False,False,False,none
ciocnbbp-1,TMA00317,Nonpeptidergic nociceptors,False,False,False,none
cipdmfon-1,TMA00317,Nonpeptidergic nociceptors,False,False,False,none
ciphmefg-1,TMA00317,Nonpeptidergic nociceptors,False,False,False,none
cjcndpli-1,TMA00317,CGRP-Theta,False,False,False,none
ckhhjlca-1,TMA00317,Nonpeptidergic nociceptors,False,False,False,none
ckjblpoj-1,TMA00317,Proprioceptors,False,False,False,none
ckjjaedh-1,TMA00317,Nonpeptidergic nociceptors,False,False,False,none
ckjndkja-1,TMA00317,Abeta-RA-LTMR,False,False,False,none
ckkhljpf-1,TMA00317,Proprioceptors,False,False,False,none
ckknlafh-1,TMA00317,C-LTMR,False,False,False,none
cklmdhpg-1,TMA00317,Abeta-RA-LTMR,False,False,False,none
cklobkjd-1,TMA00317,CGRP-Gamma 1,False,False,False,none
cklpgank-1,TMA00317,Nonpeptidergic nociceptors,False,False,False,none
ckohcmje-1,TMA00317,CGRP-Gamma 1,False,False,False,none
ckolcgde-1,TMA00317,Nonpeptidergic nociceptors,False,False,False,none
ckopnoen-1,TMA00317,Nonpeptidergic nociceptors,False,False,False,none
ckpfeogg-1,TMA00317,Nonpeptidergic nociceptors,False,False,False,none
ckpfgcmi-1,TMA00317,C-LTMR,False,False,False,none
ckpnenfo-1,TMA00317,Nonpeptidergic nociceptors,False,False,False,none
clabpjmd-1,TMA00317,Nonpeptidergic nociceptors,False,False,False,none
cladiagj-1,TMA00317,CGRP-Epsilion,False,False,False,none
clahnmpg-1,TMA00317,Nonpeptidergic nociceptors,False,False,False,none
clapcpia-1,TMA00317,Nonpeptidergic nociceptors,False,False,False,none
clbbmbgd-1,TMA00317,Nonpeptidergic nociceptors,False,False,False,none
clblfeob-1,TMA00317,CGRP-Epsilion,False,False,False,none
clchjjme-1,TMA00317,CGRP-Eta,False,False,False,none
clckimol-1,TMA00317,CGRP-Gamma 1,False,False,False,none
clcnmaan-1,TMA00317,C-LTMR,False,False,False,none
cldifjda-1,TMA00317,CGRP-Zeta,False,False,False,none
clecjpap-1,TMA00317,CGRP-Gamma 1,False,False,False,none
clemilgf-1,TMA00317,CGRP-Epsilion,False,False,False,none
clenoeni-1,TMA00317,CGRP-Zeta,False,False,False,none
cleohgke-1,TMA00317,CGRP-Gamma 1,False,False,False,none
clfckioh-1,TMA00317,CGRP-Gamma 1,False,False,False,none
clfdkhlc-1,TMA00317,CGRP-Zeta,False,False,False,none
clfjclmb-1,TMA00317,CGRP-Gamma 1,False,False,False,none
clgbfnoo-1,TMA00317,CGRP-Epsilion,False,False,False,none
clgnjblc-1,TMA00317,Sst,False,False,False,none
clhkphgj-1,TMA00317,Abeta-Field,False,False,False,none
clhodjlg-1,TMA00317,CGRP-Epsilion,False,False,False,none
cliobelg-1,TMA00317,TrpM8,False,False,False,none
cliolpol-1,TMA00317,CGRP-Theta,False,False,False,none
cliooigg-1,TMA00317,Nonpeptidergic nociceptors,False,False,False,none
cljinfjm-1,TMA00317,CGRP-Gamma 1,False,False,False,none
cljnjnmb-1,TMA00317,Nonpeptidergic nociceptors,False,False,False,none
clkkkimi-1,TMA00317,Nonpeptidergic nociceptors,False,False,False,none
clknnkna-1,TMA00317,Sst,False,False,False,none
clkpmogk-1,TMA00317,Sst,False,False,False,none
clnbofgb-1,TMA00317,Nonpeptidergic nociceptors,False,False,False,none
cloploma-1,TMA00317,Nonpeptidergic nociceptors,False,False,False,none
clpbcigp-1,TMA00317,CGRP-Gamma 1,False,False,False,none
clphpkcf-1,TMA00317,CGRP-Eta,False,False,False,none
clpnbeio-1,TMA00317,Nonpeptidergic nociceptors,False,False,False,none
cmabohch-1,TMA00317,CGRP-Zeta,False,False,False,none
cmacbikf-1,TMA00317,CGRP-Zeta,False,False,False,none
cmackihj-1,TMA00317,CGRP-Epsilion,False,False,False,none
cmadnpic-1,TMA00317,Nonpeptidergic nociceptors,False,False,False,none
cmaiella-1,TMA00317,CGRP-Alpha,False,False,False,none
cmaokpif-1,TMA00317,CGRP-Alpha,False,False,False,none
cmbjglbc-1,TMA00317,CGRP-Gamma 1,False,False,False,none
cmbjimfe-1,TMA00317,Nonpeptidergic nociceptors,False,False,False,none
cmcblhif-1,TMA00317,CGRP-Gamma 1,False,False,False,none
cmebnamp-1,TMA00317,CGRP-Alpha,False,False,False,none
cmedgpco-1,TMA00317,CGRP-Eta,False,False,False,none
cmfdchom-1,TMA00317,CGRP-Alpha,False,False,False,none
cncohdjb-1,TMA00317,CGRP-Gamma 1,False,False,False,none
cncpejkp-1,TMA00317,CGRP-Gamma 1,False,False,False,none
cngjmkad-1,TMA00317,Nonpeptidergic nociceptors,False,False,False,none
cngodebe-1,TMA00317,CGRP-Theta,False,False,False,none
cnhgiblf-1,TMA00317,Proprioceptors,False,False,False,none
cnhglfcj-1,TMA00317,Abeta-Field,False,False,False,none
cnhhjlih-1,TMA00317,CGRP-Zeta,False,False,False,none
cniafjfi-1,TMA00317,CGRP-Theta,False,False,False,none
cnifjfne-1,TMA00317,CGRP-Theta,False,False,False,none
cnifmaij-1,TMA00317,Nonpeptidergic nociceptors,False,False,False,none
cniihgec-1,TMA00317,CGRP-Theta,True,False,False,EGFP_Seq1_hi
cnimfohh-1,TMA00317,Nonpeptidergic nociceptors,False,False,False,none
cninomjj-1,TMA00317,Nonpeptidergic nociceptors,False,False,False,none
cnjenalg-1,TMA00317,CGRP-Theta,False,False,False,none
cnjhegmo-1,TMA00317,CGRP-Zeta,False,False,False,none
cnjmmljm-1,TMA00317,Nonpeptidergic nociceptors,False,False,False,none
cnjnnbge-1,TMA00317,Nonpeptidergic nociceptors,False,False,False,none
cnkabiij-1,TMA00317,Nonpeptidergic nociceptors,False,False,False,none
cnkedlnl-1,TMA00317,Nonpeptidergic nociceptors,False,False,False,none
cnkmcdmh-1,TMA00317,Nonpeptidergic nociceptors,False,False,False,none
cnlljlno-1,TMA00317,CGRP-Zeta,False,False,False,none
cnlogndk-1,TMA00317,CGRP-Zeta,False,False,False,none
cnmflgce-1,TMA00317,TrpM8,False,False,False,none
cnmhklmp-1,TMA00317,TrpM8,False,False,False,none
cnmlnobg-1,TMA00317,Abeta-RA-LTMR,False,False,False,none
cnmmcpjm-1,TMA00317,Proprioceptors,False,False,False,none
cnnanlbg-1,TMA00317,Nonpeptidergic nociceptors,False,False,False,none
cnnddicn-1,TMA00317,TrpM8,False,False,False,none
cnnkpnnk-1,TMA00317,Nonpeptidergic nociceptors,False,False,False,none
cnnldopc-1,TMA00317,Abeta-Field,False,False,False,none
cnnnmeeo-1,TMA00317,Abeta-Field,False,False,False,none
cnnoblkn-1,TMA00317,Adelta-LTMR,False,False,False,none
cnnppijl-1,TMA00317,Abeta-Field,False,False,False,none
cnodmagm-1,TMA00317,Proprioceptors,False,False,False,none
cnoeccdc-1,TMA00317,CGRP-Zeta,False,False,False,none
cnoehffj-1,TMA00317,Abeta-Field,False,False,False,none
cnohacda-1,TMA00317,Nonpeptidergic nociceptors,False,False,False,none
cnpjhpif-1,TMA00317,CGRP-Theta,False,False,False,none
coaamjhg-1,TMA00317,Abeta-Field,False,False,False,none
coahpfcf-1,TMA00317,CGRP-Zeta,False,False,False,none
cobenmin-1,TMA00317,CGRP-Zeta,False,False,False,none
cobgbabg-1,TMA00317,Proprioceptors,False,False,False,none
cobmbhok-1,TMA00317,CGRP-Zeta,False,False,False,none
coccfoak-1,TMA00317,CGRP-Zeta,False,False,False,none
cocckgmh-1,TMA00317,CGRP-Zeta,False,False,False,none
cocmgigj-1,TMA00317,CGRP-Theta,False,False,False,none
cocngdmh-1,TMA00317,CGRP-Theta,False,False,False,none
codamcoh-1,TMA00317,Abeta-RA-LTMR,False,False,False,none
coekicno-1,TMA00317,Abeta-Field,False,False,False,none
coeklieh-1,TMA00317,CGRP-Zeta,False,False,False,none
cofecapi-1,TMA00317,CGRP-Theta,False,False,False,none
cofeffip-1,TMA00317,Nonpeptidergic nociceptors,False,False,False,none
cofkkafg-1,TMA00317,CGRP-Theta,False,False,False,none
cofocnlk-1,TMA00317,CGRP-Zeta,False,False,False,none
cofpmmip-1,TMA00317,CGRP-Theta,False,False,False,none
cogamdhd-1,TMA00317,Proprioceptors,False,False,False,none
cogienna-1,TMA00317,Proprioceptors,False,False,False,none
cohjjepa-1,TMA00317,CGRP-Epsilion,False,False,False,none
coiellal-1,TMA00317,C-LTMR,False,False,False,none
coiiaccn-1,TMA00317,CGRP-Gamma 1,False,False,False,none
coiielam-1,TMA00317,CGRP-Epsilion,False,False,False,none
cojbiejd-1,TMA00317,CGRP-Eta,False,False,False,none
cojcoinm-1,TMA00317,CGRP-Theta,False,False,False,none
cojlgjln-1,TMA00317,CGRP-Zeta,False,False,False,none
colcekpe-1,TMA00317,CGRP-Zeta,False,False,False,none
colcmabj-1,TMA00317,CGRP-Zeta,False,False,False,none
compdonm-1,TMA00317,CGRP-Zeta,False,False,False,none
copohblh-1,TMA00317,Nonpeptidergic nociceptors,False,False,False,none
cpachkkd-1,TMA00317,C-LTMR,False,False,False,none
cpalgcbm-1,TMA00317,CGRP-Alpha,False,False,False,none
cpamhnlp-1,TMA00317,Abeta-Field,False,False,False,none
cpbbpppc-1,TMA00317,CGRP-Eta,False,False,False,none
cpbfbfnc-1,TMA00317,CGRP-Theta,False,False,False,none
cpblpmoh-1,TMA00317,CGRP-Gamma 1,False,False,False,none
cpglcfnj-1,TMA00317,CGRP-Zeta,False,False,False,none
cpglnbkc-1,TMA00317,Abeta-RA-LTMR,False,False,False,none
cpgmkfnn-1,TMA00317,CGRP-Epsilion,False,False,False,none
cpihmpjm-1,TMA00317,CGRP-Zeta,False,False,False,none
cpjbbdfb-1,TMA00317,CGRP-Eta,False,False,False,none
cpkjeefo-1,TMA00317,Proprioceptors,False,False,False,none
cplcnnbf-1,TMA00317,CGRP-Eta,False,False,False,none
cpljbihm-1,TMA00317,Proprioceptors,False,False,False,none
cpllogbb-1,TMA00317,Proprioceptors,False,False,False,none
cpmldhio-1,TMA00317,CGRP-Theta,False,False,False,none
cpnclojj-1,TMA00317,Adelta-LTMR,False,False,False,none
cpngdjlo-1,TMA00317,Abeta-RA-LTMR,False,False,False,none
cpofblnd-1,TMA00317,Nonpeptidergic nociceptors,False,False,False,none
cpoohmom-1,TMA00317,Proprioceptors,False,False,False,none
cppihjnb-1,TMA00317,CGRP-Theta,False,False,False,none
cppihnlf-1,TMA00317,CGRP-Gamma 1,False,False,False,none
cppnpenb-1,TMA00317,CGRP-Theta,False,False,False,none
daalcfco-1,TMA00317,CGRP-Gamma 1,False,False,False,none
daapkepe-1,TMA00317,Proprioceptors,False,False,False,none
dacecgpd-1,TMA00317,Nonpeptidergic nociceptors,False,False,False,none
dacgflch-1,TMA00317,Nonpeptidergic nociceptors,False,False,False,none
dacicigb-1,TMA00317,Nonpeptidergic nociceptors,False,False,False,none
dacjjflo-1,TMA00317,Nonpeptidergic nociceptors,False,False,False,none
daeejehe-1,TMA00317,CGRP-Gamma 1,False,False,False,none
daeflemm-1,TMA00317,CGRP-Gamma 2,False,False,False,none
daefpnoh-1,TMA00317,CGRP-Gamma 2,False,False,False,none
daepfpoe-1,TMA00317,CGRP-Eta,False,False,False,none
daepojcn-1,TMA00317,CGRP-Eta,False,False,False,none
dafbcafb-1,TMA00317,CGRP-Gamma 1,False,False,False,none
dafcfbfe-1,TMA00317,C-LTMR,False,False,False,none
dajhboan-1,TMA00317,CGRP-Zeta,False,False,False,none
dakaoeek-1,TMA00317,Nonpeptidergic nociceptors,False,False,False,none
damcjecd-1,TMA00317,Nonpeptidergic nociceptors,False,False,False,none
damheaip-1,TMA00317,Nonpeptidergic nociceptors,False,False,False,none
daobdfaf-1,TMA00317,CGRP-Gamma 1,False,False,False,none
daocbckg-1,TMA00317,CGRP-Alpha,False,False,False,none
daogdkpd-1,TMA00317,CGRP-Alpha,False,False,False,none
dapcmcch-1,TMA00317,TrpM8,False,False,False,none
dapgmdgi-1,TMA00317,CGRP-Alpha,False,False,False,none
dapiklaf-1,TMA00317,CGRP-Eta,False,False,False,none
dapjjabc-1,TMA00317,TrpM8,False,False,False,none
dapmakgc-1,TMA00317,Nonpeptidergic nociceptors,False,False,False,none
dapoemkb-1,TMA00317,CGRP-Gamma 1,False,False,False,none
daponnbh-1,TMA00317,Nonpeptidergic nociceptors,False,False,False,none
dbaaadfl-1,TMA00317,CGRP-Theta,False,False,False,none
dbadbahp-1,TMA00317,Sst,False,False,False,none
dballlfc-1,TMA00317,CGRP-Eta,False,False,False,none
dbapcmnc-1,TMA00317,Nonpeptidergic nociceptors,False,False,False,none
dbbfnfoo-1,TMA00317,Adelta-LTMR,False,False,False,none
dbbknkaf-1,TMA00317,Nonpeptidergic nociceptors,False,False,False,none
dbboimij-1,TMA00317,CGRP-Gamma 1,False,False,False,none
dbcdalfi-1,TMA00317,Nonpeptidergic nociceptors,False,False,False,none
dbcdjgfo-1,TMA00317,Nonpeptidergic nociceptors,False,False,False,none
dbcjabje-1,TMA00317,Nonpeptidergic nociceptors,False,False,False,none
dbcodoai-1,TMA00317,Nonpeptidergic nociceptors,False,False,False,none
dbcofmbn-1,TMA00317,CGRP-Gamma 1,False,False,False,none
dbcpkegn-1,TMA00317,Nonpeptidergic nociceptors,False,False,False,none
dbdejgje-1,TMA00317,Nonpeptidergic nociceptors,False,False,False,none
dbdfbjeg-1,TMA00317,Proprioceptors,False,False,False,none
dbdjpmbf-1,TMA00317,CGRP-Gamma 1,False,False,False,none
dbdkbnol-1,TMA00317,Nonpeptidergic nociceptors,False,False,False,none
dbdlpnol-1,TMA00317,CGRP-Zeta,False,False,False,none
dbdndhoj-1,TMA00317,CGRP-Gamma 1,False,False,False,none
dbdnilpk-1,TMA00317,Abeta-Field,False,False,False,none
dbdpnjda-1,TMA00317,CGRP-Theta,False,False,False,none
dbeaeelm-1,TMA00317,CGRP-Zeta,False,False,False,none
dbecjfag-1,TMA00317,Abeta-Field,False,False,False,none
dbemaigo-1,TMA00317,CGRP-Zeta,False,False,False,none
dbfhfmpp-1,TMA00317,CGRP-Gamma 1,False,False,False,none
dbfmchal-1,TMA00317,Nonpeptidergic nociceptors,False,False,False,none
dbfnkibf-1,TMA00317,CGRP-Eta,False,False,False,none
dbfocedb-1,TMA00317,CGRP-Eta,True,False,False,EGFP_Seq1_hi
dbfomgee-1,TMA00317,CGRP-Gamma 1,False,False,False,none
dbghfdlb-1,TMA00317,Nonpeptidergic nociceptors,False,False,False,none
dbgjlafn-1,TMA00317,Nonpeptidergic nociceptors,False,False,False,none
dbienopa-1,TMA00317,CGRP-Gamma 2,False,False,False,none
dbigkkfc-1,TMA00317,CGRP-Eta,False,False,False,none
dbiljjdl-1,TMA00317,Abeta-Field,False,False,False,none
dbjfkcfm-1,TMA00317,CGRP-Alpha,False,False,False,none
dbkgihfn-1,TMA00317,Sst,False,False,False,none
dbkidlek-1,TMA00317,Nonpeptidergic nociceptors,False,False,False,none
dbkjklmp-1,TMA00317,CGRP-Alpha,False,False,False,none
dbklbgmn-1,TMA00317,CGRP-Gamma 1,False,False,False,none
dbklemnk-1,TMA00317,CGRP-Alpha,False,False,False,none
dbldbhel-1,TMA00317,CGRP-Eta,False,False,False,none
dblgignl-1,TMA00317,CGRP-Eta,False,False,False,none
dbllhpej-1,TMA00317,Nonpeptidergic nociceptors,False,False,False,none
dblmklhd-1,TMA00317,Nonpeptidergic nociceptors,False,False,False,none
dblnngep-1,TMA00317,Nonpeptidergic nociceptors,False,False,False,none
dbmbapic-1,TMA00317,Nonpeptidergic nociceptors,False,False,False,none
dbmbdied-1,TMA00317,Sst,False,False,False,none
dbmgbppc-1,TMA00317,Sst,False,False,False,none
dbohgmej-1,TMA00317,Abeta-RA-LTMR,False,False,False,none
dcbmaacf-1,TMA00317,CGRP-Gamma 2,False,False,False,none
dcbnccbh-1,TMA00317,CGRP-Gamma 1,False,False,False,none
dccbfppi-1,TMA00317,Nonpeptidergic nociceptors,False,False,False,none
dcccnckn-1,TMA00317,CGRP-Eta,False,False,False,none
dccliopi-1,TMA00317,Nonpeptidergic nociceptors,False,False,False,none
dccneabb-1,TMA00317,Nonpeptidergic nociceptors,False,False,False,none
dccoccfg-1,TMA00317,Nonpeptidergic nociceptors,False,False,False,none
dcdcpngb-1,TMA00317,CGRP-Eta,False,False,False,none
dcdeofam-1,TMA00317,Nonpeptidergic nociceptors,False,False,False,none
dcdnhobp-1,TMA00317,CGRP-Eta,False,False,False,none
dcdoogfk-1,TMA00317,C-LTMR,False,False,False,none
dceabmjc-1,TMA00317,Nonpeptidergic nociceptors,False,False,False,none
dcfdpnbp-1,TMA00317,CGRP-Alpha,False,False,False,none
dcfjbacg-1,TMA00317,Nonpeptidergic nociceptors,False,False,False,none
dcfkgnid-1,TMA00317,Nonpeptidergic nociceptors,False,False,False,none
dcgddemm-1,TMA00317,CGRP-Theta,False,False,False,none
dcggkhne-1,TMA00317,CGRP-Alpha,False,False,False,none
dchcebkn-1,TMA00317,Nonpeptidergic nociceptors,False,False,False,none
dchgipbl-1,TMA00317,Abeta-Field,False,False,False,none
dchnkcfj-1,TMA00317,Nonpeptidergic nociceptors,False,False,False,none
dcjephci-1,TMA00317,CGRP-Eta,False,False,False,none
dcjhhnff-1,TMA00317,Nonpeptidergic nociceptors,False,False,False,none
dcjkonob-1,TMA00317,Nonpeptidergic nociceptors,False,False,False,none
dckgljfe-1,TMA00317,C-LTMR,False,False,False,none
dcknlleb-1,TMA00317,Nonpeptidergic nociceptors,False,False,False,none
dclbamdd-1,TMA00317,CGRP-Eta,False,False,False,none
dcljakaf-1,TMA00317,Nonpeptidergic nociceptors,False,False,False,none
dcmafbno-1,TMA00317,CGRP-Eta,False,False,False,none
dcmdednh-1,TMA00317,CGRP-Eta,False,False,False,none
dcmffkpi-1,TMA00317,CGRP-Alpha,False,False,False,none
dcmgjhln-1,TMA00317,CGRP-Alpha,False,False,False,none
dcndegna-1,TMA00317,CGRP-Eta,False,False,False,none
dcooiogo-1,TMA00317,CGRP-Theta,False,False,False,none
dcpieago-1,TMA00317,Nonpeptidergic nociceptors,False,False,False,none
dcplbaep-1,TMA00317,C-LTMR,False,False,False,none
dcpogdhl-1,TMA00317,CGRP-Eta,False,False,False,none
ddakonhn-1,TMA00317,Nonpeptidergic nociceptors,False,False,False,none
ddbbhblc-1,TMA00317,C-LTMR,False,False,False,none
ddbbjhcg-1,TMA00317,Nonpeptidergic nociceptors,False,False,False,none
ddbegcgh-1,TMA00317,Nonpeptidergic nociceptors,False,False,False,none
ddbnipko-1,TMA00317,Nonpeptidergic nociceptors,False,False,False,none
ddbpacia-1,TMA00317,CGRP-Eta,False,False,False,none
ddcjgcme-1,TMA00317,Sst,False,False,False,none
ddcnhmfm-1,TMA00317,Sst,False,False,False,none
ddcpjbhi-1,TMA00317,Nonpeptidergic nociceptors,False,False,False,none
dddenkjk-1,TMA00317,CGRP-Alpha,False,False,False,none
dddgnmoi-1,TMA00317,CGRP-Alpha,False,False,False,none
ddeegklo-1,TMA00317,CGRP-Gamma 1,False,False,False,none
ddeggelp-1,TMA00317,CGRP-Gamma 1,False,False,False,none
ddepgccj-1,TMA00317,TrpM8,False,False,False,none
ddepkghl-1,TMA00317,TrpM8,False,False,False,none
ddfadmkg-1,TMA00317,Sst,False,False,False,none
ddfbgfef-1,TMA00317,Sst,False,False,False,none
ddfeolih-1,TMA00317,Nonpeptidergic nociceptors,False,False,False,none
ddfheakm-1,TMA00317,Nonpeptidergic nociceptors,False,False,False,none
ddfhlddo-1,TMA00317,Nonpeptidergic nociceptors,False,False,False,none
ddflafad-1,TMA00317,CGRP-Eta,False,False,False,none
ddfnmkjn-1,TMA00317,CGRP-Alpha,False,False,False,none
ddgjcpgi-1,TMA00317,C-LTMR,False,False,False,none
ddhaheen-1,TMA00317,Nonpeptidergic nociceptors,False,False,False,none
ddhcfppi-1,TMA00317,Nonpeptidergic nociceptors,False,False,False,none
ddhkhmkf-1,TMA00317,Proprioceptors,False,False,False,none
ddjgdkfl-1,TMA00317,Abeta-Field,False,False,False,none
ddjhcboa-1,TMA00317,Nonpeptidergic nociceptors,False,False,False,none
ddlcbhgp-1,TMA00317,Abeta-Field,False,False,False,none
ddlnpmfj-1,TMA00317,CGRP-Theta,False,False,False,none
ddmjdcgo-1,TMA00317,Sst,False,False,False,none
ddmkfnoo-1,TMA00317,Sst,False,False,False,none
ddnabjhi-1,TMA00317,Nonpeptidergic nociceptors,False,False,False,none
ddnadama-1,TMA00317,Nonpeptidergic nociceptors,False,False,False,none
ddndcmbd-1,TMA00317,Nonpeptidergic nociceptors,False,False,False,none
ddnfennh-1,TMA00317,Proprioceptors,False,False,False,none
ddomdmmk-1,TMA00317,Sst,False,False,False,none
ddonhdph-1,TMA00317,Abeta-RA-LTMR,False,False,False,none
ddonmeko-1,TMA00317,Abeta-RA-LTMR,False,False,False,none
ddopacgl-1,TMA00317,CGRP-Eta,False,False,False,none
ddopmlgp-1,TMA00317,Abeta-RA-LTMR,False,False,False,none
ddpafpin-1,TMA00317,Adelta-LTMR,False,False,False,none
debmjlck-1,TMA00317,CGRP-Theta,False,False,False,none
decmoicb-1,TMA00317,Adelta-LTMR,False,False,False,none
dekembol-1,TMA00317,Proprioceptors,False,False,False,none
dekmpolf-1,TMA00317,Nonpeptidergic nociceptors,False,False,False,none
delfanph-1,TMA00317,Nonpeptidergic nociceptors,False,False,False,none
demglpmj-1,TMA00317,CGRP-Zeta,False,False,False,none
demighfn-1,TMA00317,CGRP-Zeta,False,False,False,none
denaenfd-1,TMA00317,Nonpeptidergic nociceptors,False,False,False,none
dencflhf-1,TMA00317,CGRP-Zeta,False,False,False,none
dengfeom-1,TMA00317,C-LTMR,False,False,False,none
deoiioma-1,TMA00317,CGRP-Theta,False,False,False,none
deoikkfg-1,TMA00317,CGRP-Alpha,False,False,False,none
deoldjpg-1,TMA00317,Nonpeptidergic nociceptors,False,False,False,none
deomfbae-1,TMA00317,Nonpeptidergic nociceptors,False,False,False,none
dfahckbn-1,TMA00317,Proprioceptors,False,False,False,none
dfbolkfb-1,TMA00317,C-LTMR,False,False,False,none
dfccpgnd-1,TMA00317,TrpM8,False,False,False,none
dfcdbhid-1,TMA00317,Sst,False,False,False,none
dfcmmjmm-1,TMA00317,Sst,False,False,False,none
dfcnjbpd-1,TMA00317,Sst,False,False,False,none
dfenmppa-1,TMA00317,CGRP-Eta,False,False,False,none
dfhmdnjg-1,TMA00317,C-LTMR,False,False,False,none
dfinoccg-1,TMA00317,Nonpeptidergic nociceptors,False,False,False,none
dfjjmpih-1,TMA00317,CGRP-Alpha,False,False,False,none
dfkopfeo-1,TMA00317,Sst,False,False,False,none
dflipamd-1,TMA00317,Proprioceptors,False,False,False,none
dflocjnj-1,TMA00317,CGRP-Gamma 1,False,False,False,none
dflplljl-1,TMA00317,Sst,False,False,False,none
dfmkkpnj-1,TMA00317,CGRP-Alpha,False,False,False,none
dfmmkbnk-1,TMA00317,CGRP-Gamma 1,False,False,False,none
dfnfpjia-1,TMA00317,Nonpeptidergic nociceptors,False,False,False,none
dfoelifl-1,TMA00317,CGRP-Epsilion,False,False,False,none
dfoiocbm-1,TMA00317,TrpM8,False,False,False,none
dfphmfbb-1,TMA00317,Proprioceptors,False,False,False,none
dfpmeaod-1,TMA00317,Proprioceptors,False,False,False,none
dgbcjclo-1,TMA00317,Proprioceptors,False,False,False,none
dgbhoimj-1,TMA00317,C-LTMR,False,False,False,none
dgblobik-1,TMA00317,Proprioceptors,False,False,False,none
dgcmohfa-1,TMA00317,C-LTMR,False,False,False,none
dgdamfnk-1,TMA00317,CGRP-Zeta,False,False,False,none
dgdbnaag-1,TMA00317,CGRP-Zeta,False,False,False,none
dgeoapam-1,TMA00317,Nonpeptidergic nociceptors,False,False,False,none
dgeoenob-1,TMA00317,CGRP-Gamma 1,False,False,False,none
dgfaffef-1,TMA00317,CGRP-Gamma 1,False,False,False,none
dgfkpige-1,TMA00317,Nonpeptidergic nociceptors,False,False,False,none
dgfondlj-1,TMA00317,Nonpeptidergic nociceptors,False,False,False,none
dggejbmk-1,TMA00317,Abeta-RA-LTMR,False,False,False,none
dgggmeeo-1,TMA00317,Proprioceptors,False,False,False,none
dggmihgl-1,TMA00317,Nonpeptidergic nociceptors,False,False,False,none
dghldnoa-1,TMA00317,Abeta-Field,False,False,False,none
dghmlfnl-1,TMA00317,CGRP-Theta,False,False,False,none
dghnpnmp-1,TMA00317,CGRP-Epsilion,False,False,False,none
dghogdno-1,TMA00317,CGRP-Theta,False,False,False,none
dgidceon-1,TMA00317,Nonpeptidergic nociceptors,False,False,False,none
dgihiblb-1,TMA00317,C-LTMR,False,False,False,none
dgikabop-1,TMA00317,CGRP-Zeta,False,False,False,none
dgjaffhf-1,TMA00317,CGRP-Zeta,False,False,False,none
dgjeannl-1,TMA00317,CGRP-Zeta,False,False,False,none
dgjjhbaa-1,TMA00317,CGRP-Zeta,False,False,False,none
dgkkidme-1,TMA00317,CGRP-Zeta,False,False,False,none
dgkopmpo-1,TMA00317,Abeta-RA-LTMR,False,False,False,none
dgldcdeo-1,TMA00317,Nonpeptidergic nociceptors,False,False,False,none
dglfddjn-1,TMA00317,Nonpeptidergic nociceptors,False,False,False,none
dglmknlk-1,TMA00317,Abeta-RA-LTMR,False,False,False,none
dgnchpmm-1,TMA00317,CGRP-Eta,False,False,False,none
dgndjifj-1,TMA00317,Nonpeptidergic nociceptors,False,False,False,none
dgnefpof-1,TMA00317,C-LTMR,False,False,False,none
dgnepbeh-1,TMA00317,Nonpeptidergic nociceptors,False,False,False,none
dgnhoeoj-1,TMA00317,Nonpeptidergic nociceptors,False,False,False,none
dgobkmgh-1,TMA00317,CGRP-Eta,False,False,False,none
dgonhfbo-1,TMA00317,CGRP-Eta,False,False,False,none
dhaffboe-1,TMA00317,CGRP-Eta,False,False,False,none
dhanpkll-1,TMA00317,CGRP-Eta,False,False,False,none
dhbafael-1,TMA00317,CGRP-Eta,False,False,False,none
dhbdencc-1,TMA00317,CGRP-Eta,False,False,False,none
dhbfhnal-1,TMA00317,CGRP-Theta,False,False,False,none
dhbodgof-1,TMA00317,CGRP-Theta,False,False,False,none
dhcdcchf-1,TMA00317,CGRP-Theta,False,False,False,none
dhcehehi-1,TMA00317,CGRP-Theta,False,False,False,none
dhcjjfna-1,TMA00317,CGRP-Epsilion,False,False,False,none
dhckdbeg-1,TMA00317,Abeta-Field,False,False,False,none
dhdfipjc-1,TMA00317,CGRP-Epsilion,False,False,False,none
dhdimfmd-1,TMA00317,CGRP-Alpha,False,False,False,none
dhecmbck-1,TMA00317,CGRP-Theta,False,False,False,none
dhehldif-1,TMA00317,CGRP-Alpha,False,False,False,none
dheimggp-1,TMA00317,Sst,False,False,False,none
dhejhpgc-1,TMA00317,CGRP-Eta,False,False,False,none
dhemkohc-1,TMA00317,CGRP-Zeta,False,False,False,none
dhfhhfdg-1,TMA00317,CGRP-Theta,False,False,False,none
dhgijipj-1,TMA00317,Nonpeptidergic nociceptors,False,False,False,none
dhgjnmgi-1,TMA00317,Nonpeptidergic nociceptors,False,False,False,none
dhgkepme-1,TMA00317,CGRP-Eta,False,False,False,none
dhichgme-1,TMA00317,CGRP-Eta,False,False,False,none
dhienoki-1,TMA00317,Abeta-Field,False,False,False,none
dhipaeme-1,TMA00317,Nonpeptidergic nociceptors,False,False,False,none
dicjbheg-1,TMA00317,Proprioceptors,False,False,False,none
dicnaloi-1,TMA00317,Proprioceptors,False,False,False,none
dicpojjl-1,TMA00317,CGRP-Theta,False,False,False,none
diejhlbc-1,TMA00317,Abeta-RA-LTMR,False,False,False,none
dieodmem-1,TMA00317,Nonpeptidergic nociceptors,False,False,False,none
difidfoe-1,TMA00317,CGRP-Alpha,False,False,False,none
difijnco-1,TMA00317,CGRP-Zeta,False,False,False,none
dijjjdpk-1,TMA00317,Proprioceptors,False,False,False,none
dilbhdhd-1,TMA00317,Abeta-Field,False,False,False,none
dilihald-1,TMA00317,Proprioceptors,False,False,False,none
diljcnll-1,TMA00317,Proprioceptors,False,False,False,none
dilnjjog-1,TMA00317,Nonpeptidergic nociceptors,False,False,False,none
dimfikpg-1,TMA00317,Nonpeptidergic nociceptors,False,False,False,none
dinllpbn-1,TMA00317,Nonpeptidergic nociceptors,False,False,False,none
dinlmpjc-1,TMA00317,Nonpeptidergic nociceptors,False,False,False,none
diocdhac-1,TMA00317,Nonpeptidergic nociceptors,False,False,False,none
diogedim-1,TMA00317,CGRP-Gamma 1,False,False,False,none
dipijkbn-1,TMA00317,CGRP-Gamma 1,False,False,False,none
djajcgha-1,TMA00317,Abeta-RA-LTMR,False,False,False,none
djambelh-1,TMA00317,Proprioceptors,False,False,False,none
djbbggfe-1,TMA00317,Proprioceptors,False,False,False,none
djbihbmk-1,TMA00317,Proprioceptors,False,False,False,none
djccmpop-1,TMA00317,Nonpeptidergic nociceptors,False,False,False,none
djcdhaea-1,TMA00317,Nonpeptidergic nociceptors,False,False,False,none
djcenfmm-1,TMA00317,Nonpeptidergic nociceptors,False,False,False,none
djdhapnl-1,TMA00317,Nonpeptidergic nociceptors,False,False,False,none
djdmidnf-1,TMA00317,CGRP-Eta,False,False,False,none
djdmmkdg-1,TMA00317,CGRP-Theta,False,False,False,none
dllanjhp-1,TMA00317,Sst,False,False,False,none
dlleadgk-1,TMA00317,TrpM8,False,False,False,none
dllkccje-1,TMA00317,Sst,False,False,False,none
dllmapbp-1,TMA00317,Sst,False,False,False,none
dlmgnkik-1,TMA00317,Nonpeptidergic nociceptors,False,False,False,none
dlmpbjkf-1,TMA00317,Sst,False,False,False,none
dlnaaacp-1,TMA00317,CGRP-Epsilion,False,False,False,none
dlnoliec-1,TMA00317,CGRP-Epsilion,False,False,False,none
dloahenp-1,TMA00317,CGRP-Zeta,False,False,False,none
dlobjeji-1,TMA00317,Nonpeptidergic nociceptors,False,False,False,none
dlpaefoa-1,TMA00317,Nonpeptidergic nociceptors,False,False,False,none
dlpahckc-1,TMA00317,Nonpeptidergic nociceptors,False,False,False,none
dlpbjjnl-1,TMA00317,Nonpeptidergic nociceptors,False,False,False,none
dlpdnbkd-1,TMA00317,CGRP-Gamma 1,False,False,False,none
dmapefjj-1,TMA00317,Nonpeptidergic nociceptors,False,False,False,none
dmbgcekg-1,TMA00317,Nonpeptidergic nociceptors,False,False,False,none
dmbiocoo-1,TMA00317,CGRP-Alpha,False,False,False,none
dmbklldi-1,TMA00317,Nonpeptidergic nociceptors,False,False,False,none
dmcbcgil-1,TMA00317,CGRP-Alpha,False,False,False,none
dmcdkmbc-1,TMA00317,CGRP-Alpha,False,False,False,none
dmckafde-1,TMA00317,TrpM8,False,False,False,none
dmcmilao-1,TMA00317,TrpM8,False,False,False,none
dmdbilhh-1,TMA00317,Nonpeptidergic nociceptors,False,False,False,none
dmdeabnn-1,TMA00317,Nonpeptidergic nociceptors,False,False,False,none
dmdfdpbl-1,TMA00317,Abeta-Field,False,False,False,none
dmdldlec-1,TMA00317,Nonpeptidergic nociceptors,False,False,False,none
dmdpggpk-1,TMA00317,Proprioceptors,False,False,False,none
dmefklcc-1,TMA00317,Nonpeptidergic nociceptors,False,False,False,none
dmekkjgh-1,TMA00317,TrpM8,False,False,False,none
dmfhiaim-1,TMA00317,TrpM8,False,False,False,none
dmfkboee-1,TMA00317,Nonpeptidergic nociceptors,False,False,False,none
dmfkdenl-1,TMA00317,Sst,False,False,False,none
dmhneblh-1,TMA00317,Abeta-Field,False,False,False,none
dmicccbd-1,TMA00317,Proprioceptors,False,False,False,none
dmiempje-1,TMA00317,Sst,False,False,False,none
dmihaieg-1,TMA00317,CGRP-Eta,False,False,False,none
dmiipbag-1,TMA00317,Proprioceptors,False,False,False,none
dmilicmb-1,TMA00317,Nonpeptidergic nociceptors,False,False,False,none
dmiobeap-1,TMA00317,CGRP-Epsilion,False,False,False,none
dmjbolfp-1,TMA00317,CGRP-Epsilion,False,False,False,none
dmjdcfng-1,TMA00317,CGRP-Epsilion,False,False,False,none
dmjgifag-1,TMA00317,Proprioceptors,False,False,False,none
dmjifnlj-1,TMA00317,Nonpeptidergic nociceptors,False,False,False,none
dmjlmdjp-1,TMA00317,CGRP-Eta,False,False,False,none
dmkmahnc-1,TMA00317,CGRP-Eta,False,False,False,none
dmlcdeap-1,TMA00317,Nonpeptidergic nociceptors,False,False,False,none
dmmhpmof-1,TMA00317,Abeta-Field,False,False,False,none
dmopjkga-1,TMA00317,CGRP-Eta,False,False,False,none
dmopjodp-1,TMA00317,C-LTMR,False,False,False,none
dmpecejm-1,TMA00317,Nonpeptidergic nociceptors,False,False,False,none
dnamngbi-1,TMA00317,C-LTMR,False,False,False,none
dnbilbii-1,TMA00317,Nonpeptidergic nociceptors,False,False,False,none
dnebjjnj-1,TMA00317,Nonpeptidergic nociceptors,False,False,False,none
dnekmlhn-1,TMA00317,Nonpeptidergic nociceptors,False,False,False,none
dnfamoko-1,TMA00317,Nonpeptidergic nociceptors,False,False,False,none
dnfjdjnk-1,TMA00317,Nonpeptidergic nociceptors,False,False,False,none
dnfkgcnm-1,TMA00317,Sst,False,False,False,none
dnfkhece-1,TMA00317,CGRP-Eta,False,False,False,none
dngaiijg-1,TMA00317,Nonpeptidergic nociceptors,False,False,False,none
dngnmepl-1,TMA00317,Nonpeptidergic nociceptors,False,False,False,none
dngoaccg-1,TMA00317,Nonpeptidergic nociceptors,False,False,False,none
dngpigch-1,TMA00317,Nonpeptidergic nociceptors,False,False,False,none
dngpohmg-1,TMA00317,CGRP-Eta,False,False,False,none
dnhcdkon-1,TMA00317,CGRP-Alpha,False,False,False,none
dniadajn-1,TMA00317,CGRP-Epsilion,False,False,False,none
dnidfgfe-1,TMA00317,CGRP-Epsilion,False,False,False,none
dnkgfdik-1,TMA00317,CGRP-Alpha,False,False,False,none
dnkoclgf-1,TMA00317,CGRP-Epsilion,False,False,False,none
dnldaaif-1,TMA00317,CGRP-Zeta,False,False,False,none
dnlheehl-1,TMA00317,Nonpeptidergic nociceptors,False,False,False,none
dnlohkfj-1,TMA00317,CGRP-Theta,False,False,False,none
dnmanpej-1,TMA00317,Proprioceptors,False,False,False,none
dnmkoljh-1,TMA00317,Nonpeptidergic nociceptors,False,False,False,none
dnnadiim-1,TMA00317,CGRP-Alpha,False,False,False,none
dobilenm-1,TMA00317,Sst,False,False,False,none
dobpehdh-1,TMA00317,Sst,False,False,False,none
docbfhbl-1,TMA00317,Proprioceptors,False,False,False,none
dodplcbp-1,TMA00317,Nonpeptidergic nociceptors,False,False,False,none
doejjaih-1,TMA00317,Nonpeptidergic nociceptors,False,False,False,none
doemhhph-1,TMA00317,Nonpeptidergic nociceptors,False,False,False,none
doeolknl-1,TMA00317,CGRP-Eta,False,False,False,none
dofdmkhi-1,TMA00317,C-LTMR,False,False,False,none
doffiibm-1,TMA00317,CGRP-Alpha,False,False,False,none
dofkjnbf-1,TMA00317,C-LTMR,False,False,False,none
dogalloa-1,TMA00317,CGRP-Alpha,False,False,False,none
dogefpnj-1,TMA00317,Nonpeptidergic nociceptors,False,False,False,none
dogeojpe-1,TMA00317,Abeta-RA-LTMR,False,False,False,none
dogfajaf-1,TMA00317,CGRP-Alpha,False,False,False,none
doggjdea-1,TMA00317,Nonpeptidergic nociceptors,False,False,False,none
dogmadid-1,TMA00317,CGRP-Alpha,False,False,False,none
dogminob-1,TMA00317,Abeta-Field,False,False,False,none
dohediih-1,TMA00317,CGRP-Eta,False,False,False,none
dojgdcaj-1,TMA00317,Abeta-Field,False,False,False,none
dokccjip-1,TMA00317,CGRP-Alpha,False,False,False,none
doknklhi-1,TMA00317,TrpM8,False,False,False,none
doknlnja-1,TMA00317,CGRP-Alpha,False,False,False,none
domcgled-1,TMA00317,Proprioceptors,False,False,False,none
domgdbhp-1,TMA00317,Nonpeptidergic nociceptors,False,False,False,none
domklcdc-1,TMA00317,Nonpeptidergic nociceptors,False,False,False,none
domnndkc-1,TMA00317,Nonpeptidergic nociceptors,False,False,False,none
domoicle-1,TMA00317,TrpM8,False,False,False,none
domppjkc-1,TMA00317,CGRP-Beta,False,False,False,none
doninkmo-1,TMA00317,Abeta-Field,False,False,False,none
doooiiog-1,TMA00317,Nonpeptidergic nociceptors,False,False,False,none
dooojach-1,TMA00317,Nonpeptidergic nociceptors,False,False,False,none
dopncbbn-1,TMA00317,Sst,False,False,False,none
dpanpfog-1,TMA00317,CGRP-Eta,False,False,False,none
dpaodibe-1,TMA00317,CGRP-Alpha,False,False,False,none
dpbdcjne-1,TMA00317,CGRP-Epsilion,False,False,False,none
dpboogkm-1,TMA00317,Sst,False,False,False,none
eahkoiem-1,TMA00317,CGRP-Epsilion,False,False,False,none
eaoelecg-1,TMA00317,Nonpeptidergic nociceptors,False,False,False,none
eapflloa-1,TMA00317,Nonpeptidergic nociceptors,False,False,False,none
eapoddpm-1,TMA00317,Nonpeptidergic nociceptors,False,False,False,none
ebhopcoh-1,TMA00317,Abeta-RA-LTMR,False,False,False,none
ebhpemph-1,TMA00317,Abeta-Field,False,False,False,none
ebidolgk-1,TMA00317,Nonpeptidergic nociceptors,False,False,False,none
ecidgadn-1,TMA00317,Nonpeptidergic nociceptors,False,False,False,none
edlilmfb-1,TMA00317,CGRP-Alpha,False,False,False,none
edlkihjk-1,TMA00317,Sst,False,False,False,none
edmmmfaj-1,TMA00317,Sst,False,False,False,none
edmpcmhe-1,TMA00317,Proprioceptors,False,False,False,none
edmpfdcf-1,TMA00317,Sst,False,False,False,none
edpglpmi-1,TMA00317,Nonpeptidergic nociceptors,False,False,False,none
edpkahdo-1,TMA00317,CGRP-Epsilion,False,False,False,none
eebdfffi-1,TMA00317,Nonpeptidergic nociceptors,False,False,False,none
eecelohf-1,TMA00317,Nonpeptidergic nociceptors,False,False,False,none
eecfjohh-1,TMA00317,Abeta-Field,False,False,False,none
eecilbmb-1,TMA00317,Nonpeptidergic nociceptors,False,False,False,none
eeebdpnk-1,TMA00317,Abeta-RA-LTMR,False,False,False,none
eeelogpd-1,TMA00317,Proprioceptors,False,False,False,none
eefbmpek-1,TMA00317,Nonpeptidergic nociceptors,False,False,False,none
eegiaccc-1,TMA00317,CGRP-Theta,False,False,False,none
eeginaan-1,TMA00317,CGRP-Theta,False,False,False,none
eegjbofa-1,TMA00317,Nonpeptidergic nociceptors,False,False,False,none
eehfceoa-1,TMA00317,CGRP-Theta,False,False,False,none
eehfihdf-1,TMA00317,Sst,False,False,False,none
eehgbkah-1,TMA00317,Proprioceptors,False,False,False,none
eehhedgl-1,TMA00317,Proprioceptors,False,False,False,none
eehhglch-1,TMA00317,CGRP-Epsilion,False,False,False,none
eehhnelk-1,TMA00317,Abeta-Field,False,False,False,none
eehkelhd-1,TMA00317,Abeta-RA-LTMR,False,False,False,none
efnkedpb-1,TMA00317,CGRP-Zeta,False,False,False,none
egbdmmpl-1,TMA00317,CGRP-Theta,False,False,False,none
egbfppae-1,TMA00317,CGRP-Theta,False,False,False,none
egbnekkf-1,TMA00317,CGRP-Theta,False,False,False,none
egcbdhfa-1,TMA00317,Nonpeptidergic nociceptors,False,False,False,none
egcealbn-1,TMA00317,Abeta-Field,False,False,False,none
ehegkiig-1,TMA00317,CGRP-Zeta,False,False,False,none
ehhhhikm-1,TMA00317,C-LTMR,False,False,False,none
ehicpfoe-1,TMA00317,CGRP-Eta,False,False,False,none
ehmpglpf-1,TMA00317,Nonpeptidergic nociceptors,False,False,False,none
ehmppaea-1,TMA00317,Nonpeptidergic nociceptors,False,False,False,none
ehnaaolo-1,TMA00317,Sst,False,False,False,none
ehpjcaai-1,TMA00317,CGRP-Gamma 1,False,False,False,none
ehplkobf-1,TMA00317,CGRP-Gamma 1,False,False,False,none
eiakaifi-1,TMA00317,CGRP-Gamma 1,False,False,False,none
eiakldna-1,TMA00317,CGRP-Gamma 2,False,False,False,none
eiamofne-1,TMA00317,CGRP-Gamma 1,False,False,False,none
eiapeicl-1,TMA00317,CGRP-Alpha,False,False,False,none
eibbelcj-1,TMA00317,CGRP-Alpha,False,False,False,none
eibdfomb-1,TMA00317,CGRP-Alpha,False,False,False,none
eicgemfc-1,TMA00317,Abeta-Field,False,False,False,none
eickodib-1,TMA00317,CGRP-Eta,False,False,False,none
eignkbjo-1,TMA00317,Nonpeptidergic nociceptors,False,False,False,none
eihcdpkb-1,TMA00317,Nonpeptidergic nociceptors,False,False,False,none
eihejpli-1,TMA00317,CGRP-Gamma 1,False,False,False,none
eihklkoc-1,TMA00317,CGRP-Eta,False,False,False,none
eikelkll-1,TMA00317,CGRP-Zeta,False,False,False,none
eikjeomh-1,TMA00317,Nonpeptidergic nociceptors,False,False,False,none
eikohahm-1,TMA00317,Nonpeptidergic nociceptors,False,False,False,none
eilefijo-1,TMA00317,Nonpeptidergic nociceptors,False,False,False,none
eileokgd-1,TMA00317,Nonpeptidergic nociceptors,False,False,False,none
eipfcdkn-1,TMA00317,Abeta-Field,False,False,False,none
ejenpoaj-1,TMA00317,Proprioceptors,False,False,False,none
ejfaabeg-1,TMA00317,Proprioceptors,False,False,False,none
ejfaapnm-1,TMA00317,Proprioceptors,False,False,False,none
ejhdbapg-1,TMA00317,Abeta-Field,False,False,False,none
ejmpegma-1,TMA00317,Proprioceptors,False,False,False,none
ejmpfobg-1,TMA00317,Proprioceptors,False,False,False,none
ejnaeikm-1,TMA00317,Nonpeptidergic nociceptors,False,False,False,none
ejnfcmlm-1,TMA00317,Nonpeptidergic nociceptors,False,False,False,none
ejnppjde-1,TMA00317,Adelta-LTMR,False,False,False,none
ekcgeepb-1,TMA00317,CGRP-Zeta,False,False,False,none
ekdbaomd-1,TMA00317,Nonpeptidergic nociceptors,False,False,False,none
ekdkfamn-1,TMA00317,Nonpeptidergic nociceptors,False,False,False,none
ekegjpam-1,TMA00317,Nonpeptidergic nociceptors,False,False,False,none
ekekdppg-1,TMA00317,C-LTMR,False,False,False,none
ekenmbbm-1,TMA00317,CGRP-Alpha,False,False,False,none
elaffbif-1,TMA00317,Nonpeptidergic nociceptors,False,False,False,none
elbfmibp-1,TMA00317,Nonpeptidergic nociceptors,False,False,False,none
elbjekmm-1,TMA00317,CGRP-Gamma 1,False,False,False,none
elbllple-1,TMA00317,CGRP-Gamma 2,False,False,False,none
elccofmj-1,TMA00317,CGRP-Gamma 1,False,False,False,none
eldlignm-1,TMA00317,CGRP-Gamma 1,False,False,False,none
elfbfepb-1,TMA00317,CGRP-Gamma 1,False,False,False,none
elfdioni-1,TMA00317,CGRP-Beta,False,False,False,none
elhkdnap-1,TMA00317,TrpM8,False,False,False,none
elhkefhk-1,TMA00317,CGRP-Eta,False,False,False,none
elidomki-1,TMA00317,CGRP-Eta,False,False,False,none
ellcicci-1,TMA00317,CGRP-Theta,False,False,False,none
ellfcobm-1,TMA00317,CGRP-Alpha,False,False,False,none
elllaiok-1,TMA00317,CGRP-Gamma 1,False,False,False,none
elllpmik-1,TMA00317,CGRP-Gamma 1,False,False,False,none
ellmjigb-1,TMA00317,CGRP-Gamma 1,False,False,False,none
elmgdcjn-1,TMA00317,CGRP-Gamma 1,False,False,False,none
elnhhnbp-1,TMA00317,CGRP-Gamma 1,False,False,False,none
elnhjceh-1,TMA00317,CGRP-Gamma 1,False,False,False,none
elnihgcb-1,TMA00317,CGRP-Gamma 1,False,False,False,none
elnijpoj-1,TMA00317,CGRP-Gamma 1,False,False,False,none
elnppmcn-1,TMA00317,C-LTMR,False,False,False,none
elpicfjd-1,TMA00317,Sst,False,False,False,none
emabmaag-1,TMA00317,Sst,False,False,False,none
embhbppo-1,TMA00317,CGRP-Alpha,False,False,False,none
embidbop-1,TMA00317,CGRP-Alpha,False,False,False,none
emdfknjo-1,TMA00317,CGRP-Epsilion,False,False,False,none
emefhlki-1,TMA00317,CGRP-Gamma 1,False,False,False,none
emefmkfg-1,TMA00317,Nonpeptidergic nociceptors,False,False,False,none
emeoabpe-1,TMA00317,CGRP-Eta,False,False,False,none
emgclnfk-1,TMA00317,CGRP-Eta,False,False,False,none
emgfgcmf-1,TMA00317,TrpM8,False,False,False,none
emgfoebd-1,TMA00317,TrpM8,False,False,False,none
emggndcd-1,TMA00317,CGRP-Eta,False,False,False,none
emhfnklg-1,TMA00317,TrpM8,False,False,False,none
emhggacc-1,TMA00317,CGRP-Alpha,False,False,False,none
emhoeojp-1,TMA00317,CGRP-Gamma 1,False,False,False,none
emieigkh-1,TMA00317,Proprioceptors,False,False,False,none
emjnkbhn-1,TMA00317,CGRP-Gamma 1,False,False,False,none
emjompga-1,TMA00317,Abeta-Field,False,False,False,none
emkbgbip-1,TMA00317,CGRP-Gamma 1,False,False,False,none
emkdfggj-1,TMA00317,Sst,False,False,False,none
emkkakmg-1,TMA00317,Abeta-RA-LTMR,False,False,False,none
emkmfghd-1,TMA00317,Sst,False,False,False,none
emkooidg-1,TMA00317,Abeta-RA-LTMR,False,False,False,none
empjmknn-1,TMA00317,Nonpeptidergic nociceptors,False,False,False,none
empnahjg-1,TMA00317,Nonpeptidergic nociceptors,False,False,False,none
enakfcmp-1,TMA00317,Sst,False,False,False,none
enbcelka-1,TMA00317,Nonpeptidergic nociceptors,False,False,False,none
enbeapda-1,TMA00317,CGRP-Epsilion,False,False,False,none
enbkflof-1,TMA00317,Nonpeptidergic nociceptors,False,False,False,none
encgamba-1,TMA00317,Nonpeptidergic nociceptors,False,False,False,none
enciaain-1,TMA00317,Nonpeptidergic nociceptors,False,False,False,none
enckjeno-1,TMA00317,Nonpeptidergic nociceptors,False,False,False,none
encllelj-1,TMA00317,CGRP-Eta,False,False,False,none
encojahm-1,TMA00317,Nonpeptidergic nociceptors,False,False,False,none
encpikgi-1,TMA00317,Nonpeptidergic nociceptors,False,False,False,none
endbobin-1,TMA00317,CGRP-Gamma 1,False,False,False,none
endcbcdi-1,TMA00317,Sst,False,False,False,none
endjkcbp-1,TMA00317,Nonpeptidergic nociceptors,False,False,False,none
endkakpd-1,TMA00317,Nonpeptidergic nociceptors,False,False,False,none
enechbom-1,TMA00317,TrpM8,False,False,False,none
enejgdec-1,TMA00317,Abeta-RA-LTMR,False,False,False,none
enfaigja-1,TMA00317,Nonpeptidergic nociceptors,False,False,False,none
enfimbkb-1,TMA00317,Nonpeptidergic nociceptors,False,False,False,none
enfionmo-1,TMA00317,Sst,False,False,False,none
enfkenkp-1,TMA00317,Sst,False,False,False,none
engckcjg-1,TMA00317,Nonpeptidergic nociceptors,False,False,False,none
engpgicm-1,TMA00317,Nonpeptidergic nociceptors,False,False,False,none
enhkdnfc-1,TMA00317,CGRP-Zeta,False,False,False,none
enhodonc-1,TMA00317,Nonpeptidergic nociceptors,False,False,False,none
enjjbagk-1,TMA00317,CGRP-Theta,False,False,False,none
enjjcebd-1,TMA00317,CGRP-Theta,False,False,False,none
enjkelaa-1,TMA00317,Nonpeptidergic nociceptors,False,False,False,none
enkfihmd-1,TMA00317,CGRP-Gamma 1,False,False,False,none
enldllio-1,TMA00317,C-LTMR,False,False,False,none
enllknhc-1,TMA00317,C-LTMR,False,False,False,none
enmahneg-1,TMA00317,Abeta-Field,False,False,False,none
enmcglci-1,TMA00317,TrpM8,False,False,False,none
enmdelph-1,TMA00317,TrpM8,False,False,False,none
enmgephk-1,TMA00317,TrpM8,False,False,False,none
enmhfjib-1,TMA00317,CGRP-Alpha,False,False,False,none
ennigmci-1,TMA00317,Nonpeptidergic nociceptors,False,False,False,none
ennjmhbi-1,TMA00317,Nonpeptidergic nociceptors,False,False,False,none
ennkklbi-1,TMA00317,Nonpeptidergic nociceptors,False,False,False,none
enpakcba-1,TMA00317,TrpM8,False,False,False,none
enpapmoh-1,TMA00317,CGRP-Eta,False,False,False,none
enphgije-1,TMA00317,CGRP-Gamma 1,False,False,False,none
enpianjl-1,TMA00317,Nonpeptidergic nociceptors,False,False,False,none
eoapkimh-1,TMA00317,TrpM8,False,False,False,none
eobpncbg-1,TMA00317,Nonpeptidergic nociceptors,False,False,False,none
eobppndc-1,TMA00317,CGRP-Eta,False,False,False,none
eoccpnkl-1,TMA00317,Nonpeptidergic nociceptors,False,False,False,none
eocegjli-1,TMA00317,TrpM8,False,False,False,none
eocfemca-1,TMA00317,CGRP-Alpha,False,False,False,none
eocggpin-1,TMA00317,Sst,False,False,False,none
eocoimjk-1,TMA00317,Nonpeptidergic nociceptors,False,False,False,none
eodbnfpo-1,TMA00317,Nonpeptidergic nociceptors,False,False,False,none
eodfaomc-1,TMA00317,Nonpeptidergic nociceptors,False,False,False,none
eoegjlci-1,TMA00317,CGRP-Gamma 1,False,False,False,none
eoekbigp-1,TMA00317,Nonpeptidergic nociceptors,False,False,False,none
eoemeedm-1,TMA00317,CGRP-Gamma 1,False,False,False,none
eoenlbie-1,TMA00317,TrpM8,False,False,False,none
eoeonhnf-1,TMA00317,CGRP-Alpha,False,False,False,none
eoepenla-1,TMA00317,Sst,False,False,False,none
eofamfdc-1,TMA00317,CGRP-Beta,False,False,False,none
eofcnkdj-1,TMA00317,Nonpeptidergic nociceptors,False,False,False,none
eofkknjj-1,TMA00317,Nonpeptidergic nociceptors,False,False,False,none
eofpegde-1,TMA00317,CGRP-Gamma 1,False,False,False,none
eogdlnfp-1,TMA00317,Nonpeptidergic nociceptors,False,False,False,none
eogpfgoh-1,TMA00317,Sst,False,False,False,none
eoibffpf-1,TMA00317,Sst,False,False,False,none
eoibflhc-1,TMA00317,Sst,False,False,False,none
eoignlmi-1,TMA00317,C-LTMR,False,False,False,none
eoinhbab-1,TMA00317,Nonpeptidergic nociceptors,False,False,False,none
eoinpkki-1,TMA00317,Sst,False,False,False,none
eojmbkhk-1,TMA00317,CGRP-Gamma 1,False,False,False,none
eojmidgi-1,TMA00317,C-LTMR,False,False,False,none
eojophki-1,TMA00317,CGRP-Eta,False,False,False,none
eokbobbc-1,TMA00317,CGRP-Alpha,False,False,False,none
eokdhnej-1,TMA00317,CGRP-Eta,False,False,False,none
eokeoglk-1,TMA00317,CGRP-Eta,False,False,False,none
eokgobng-1,TMA00317,CGRP-Gamma 2,False,False,False,none
eokhchdh-1,TMA00317,CGRP-Gamma 1,False,False,False,none
eokjhodl-1,TMA00317,CGRP-Gamma 2,False,False,False,none
eokppgka-1,TMA00317,CGRP-Alpha,False,False,False,none
eolfmfpc-1,TMA00317,CGRP-Alpha,False,False,False,none
eolniokd-1,TMA00317,C-LTMR,False,False,False,none
eomclbba-1,TMA00317,Nonpeptidergic nociceptors,False,False,False,none
eomfmojc-1,TMA00317,Nonpeptidergic nociceptors,False,False,False,none
eomghdib-1,TMA00317,Nonpeptidergic nociceptors,False,False,False,none
eomiilgn-1,TMA00317,Nonpeptidergic nociceptors,False,False,False,none
eonkdjgn-1,TMA00317,Nonpeptidergic nociceptors,False,False,False,none
eonnmbfb-1,TMA00317,Nonpeptidergic nociceptors,False,False,False,none
eoohfkna-1,TMA00317,Nonpeptidergic nociceptors,False,False,False,none
eoojkhda-1,TMA00317,Sst,False,False,False,none
eooljfcd-1,TMA00317,Nonpeptidergic nociceptors,False,False,False,none
eoooipfj-1,TMA00317,Nonpeptidergic nociceptors,False,False,False,none
epckcllh-1,TMA00317,Sst,False,False,False,none
epcnnepp-1,TMA00317,Nonpeptidergic nociceptors,False,False,False,none
epdbihjb-1,TMA00317,CGRP-Zeta,False,False,False,none
epdgenpe-1,TMA00317,CGRP-Eta,False,False,False,none
epdmcpib-1,TMA00317,Abeta-RA-LTMR,False,False,False,none
epdmefpi-1,TMA00317,Abeta-Field,False,False,False,none
epgnibim-1,TMA00317,CGRP-Theta,False,False,False,none
ephpenme-1,TMA00317,Nonpeptidergic nociceptors,False,False,False,none
epjaacfh-1,TMA00317,Sst,False,False,False,none
epjfhokd-1,TMA00317,TrpM8,False,False,False,none
epjkihcp-1,TMA00317,C-LTMR,False,False,False,none
epjmjjfo-1,TMA00317,C-LTMR,False,False,False,none
epklhcmf-1,TMA00317,CGRP-Zeta,False,False,False,none
eplfhhca-1,TMA00317,Nonpeptidergic nociceptors,False,False,False,none
epljfhib-1,TMA00317,Nonpeptidergic nociceptors,False,False,False,none
eplpodio-1,TMA00317,CGRP-Eta,False,False,False,none
epmcjplm-1,TMA00317,CGRP-Zeta,False,False,False,none
faecnelg-1,TMA00317,Proprioceptors,False,False,False,none
faioidih-1,TMA00317,Nonpeptidergic nociceptors,False,False,False,none
fajjagpg-1,TMA00317,Nonpeptidergic nociceptors,False,False,False,none
fajopmhd-1,TMA00317,CGRP-Zeta,False,False,False,none
fakblbhi-1,TMA00317,CGRP-Eta,False,False,False,none
fakchoea-1,TMA00317,CGRP-Zeta,False,False,False,none
fakohnno-1,TMA00317,TrpM8,False,False,False,none
falmenfk-1,TMA00317,Nonpeptidergic nociceptors,False,False,False,none
fanbfmhm-1,TMA00317,C-LTMR,False,False,False,none
fanheada-1,TMA00317,C-LTMR,False,False,False,none
fanlookk-1,TMA00317,C-LTMR,False,False,False,none
faoacadf-1,TMA00317,CGRP-Eta,False,False,False,none
faoapike-1,TMA00317,CGRP-Zeta,False,False,False,none
faocddeo-1,TMA00317,CGRP-Zeta,False,False,False,none
faopknol-1,TMA00317,CGRP-Eta,False,False,False,none
fbaemjce-1,TMA00317,C-LTMR,False,False,False,none
fbagginp-1,TMA00317,Abeta-RA-LTMR,False,False,False,none
fbamabkk-1,TMA00317,Abeta-Field,False,False,False,none
fbbjenoa-1,TMA00317,Proprioceptors,False,False,False,none
fbbnemho-1,TMA00317,CGRP-Epsilion,False,False,False,none
fbcdiflf-1,TMA00317,Proprioceptors,False,False,False,none
fbcehcgh-1,TMA00317,CGRP-Eta,False,False,False,none
fbcejcfh-1,TMA00317,Proprioceptors,False,False,False,none
fbchcgnj-1,TMA00317,Adelta-LTMR,False,False,False,none
fbchfhkf-1,TMA00317,Proprioceptors,False,False,False,none
fbcjogck-1,TMA00317,TrpM8,False,False,False,none
fbdcljbc-1,TMA00317,TrpM8,False,False,False,none
fbdechdm-1,TMA00317,Nonpeptidergic nociceptors,False,False,False,none
fbdjckdm-1,TMA00317,C-LTMR,False,False,False,none
fbdmhlhg-1,TMA00317,Proprioceptors,False,False,False,none
fbdmlale-1,TMA00317,CGRP-Eta,False,False,False,none
fcbeegdh-1,TMA00317,Abeta-Field,False,False,False,none
fcbikica-1,TMA00317,Sst,False,False,False,none
fcbpabdb-1,TMA00317,Adelta-LTMR,False,False,False,none
fccfinem-1,TMA00317,Adelta-LTMR,False,False,False,none
fccicadd-1,TMA00317,Proprioceptors,False,False,False,none
fccihjgl-1,TMA00317,Abeta-RA-LTMR,False,False,False,none
fcckkmni-1,TMA00317,C-LTMR,False,False,False,none
fcdakohh-1,TMA00317,Nonpeptidergic nociceptors,False,False,False,none
fcedmjhk-1,TMA00317,Abeta-Field,False,False,False,none
fcopdhbc-1,TMA00317,Nonpeptidergic nociceptors,False,False,False,none
fcpcgogc-1,TMA00317,Nonpeptidergic nociceptors,False,False,False,none
fcpdenlj-1,TMA00317,C-LTMR,False,False,False,none
fcpfpnea-1,TMA00317,Nonpeptidergic nociceptors,False,False,False,none
fcpnkkpc-1,TMA00317,Nonpeptidergic nociceptors,False,False,False,none
fdbcccpf-1,TMA00317,Abeta-RA-LTMR,False,False,False,none
fdcgaofl-1,TMA00317,Nonpeptidergic nociceptors,False,False,False,none
fdcidndd-1,TMA00317,Abeta-RA-LTMR,False,False,False,none
fddhnnpe-1,TMA00317,Nonpeptidergic nociceptors,False,False,False,none
fdebkgii-1,TMA00317,Proprioceptors,False,False,False,none
fdgkhccn-1,TMA00317,Abeta-Field,False,False,False,none
fdgplkgl-1,TMA00317,CGRP-Epsilion,False,False,False,none
fdhkhkon-1,TMA00317,CGRP-Alpha,False,False,False,none
fdhpfdpe-1,TMA00317,CGRP-Epsilion,False,False,False,none
fdifgkpe-1,TMA00317,CGRP-Epsilion,False,False,False,none
fdiikjan-1,TMA00317,Nonpeptidergic nociceptors,False,False,False,none
fdilmpeo-1,TMA00317,Nonpeptidergic nociceptors,False,False,False,none
fdjmided-1,TMA00317,Nonpeptidergic nociceptors,False,False,False,none
fdklhoco-1,TMA00317,Nonpeptidergic nociceptors,False,False,False,none
fdkpboma-1,TMA00317,Nonpeptidergic nociceptors,False,False,False,none
fdkpdfbd-1,TMA00317,Sst,False,False,False,none
fdldlfkd-1,TMA00317,Nonpeptidergic nociceptors,False,False,False,none
fdlhbmgi-1,TMA00317,Sst,False,False,False,none
fdlomcdl-1,TMA00317,Nonpeptidergic nociceptors,False,False,False,none
fdmjdndo-1,TMA00317,Adelta-LTMR,False,False,False,none
fdmopidf-1,TMA00317,CGRP-Epsilion,False,False,False,none
fdnbcajb-1,TMA00317,CGRP-Eta,False,False,False,none
fdncjanf-1,TMA00317,CGRP-Gamma 1,False,False,False,none
fdndemnn-1,TMA00317,CGRP-Gamma 1,False,False,False,none
fdndfbjn-1,TMA00317,C-LTMR,False,False,False,none
fdnibbip-1,TMA00317,CGRP-Epsilion,False,False,False,none
fdnnmfde-1,TMA00317,Nonpeptidergic nociceptors,False,False,False,none
fdobhlej-1,TMA00317,Nonpeptidergic nociceptors,False,False,False,none
fdococpj-1,TMA00317,CGRP-Gamma 1,False,False,False,none
fdoklepe-1,TMA00317,Nonpeptidergic nociceptors,False,False,False,none
fdokojop-1,TMA00317,Nonpeptidergic nociceptors,False,False,False,none
fdpagbhj-1,TMA00317,CGRP-Eta,False,False,False,none
fdpbccmh-1,TMA00317,CGRP-Eta,False,False,False,none
fdpcnoba-1,TMA00317,Nonpeptidergic nociceptors,False,False,False,none
fdphegog-1,TMA00317,CGRP-Gamma 1,False,False,False,none
feadcbjb-1,TMA00317,TrpM8,False,False,False,none
feafpmei-1,TMA00317,Nonpeptidergic nociceptors,False,False,False,none
feahgejg-1,TMA00317,CGRP-Eta,False,False,False,none
feaianmd-1,TMA00317,Nonpeptidergic nociceptors,False,False,False,none
feaidooh-1,TMA00317,Abeta-RA-LTMR,False,False,False,none
feajpdlk-1,TMA00317,Nonpeptidergic nociceptors,False,False,False,none
feamaeim-1,TMA00317,Abeta-RA-LTMR,False,False,False,none
feapfiaj-1,TMA00317,Abeta-RA-LTMR,False,False,False,none
febbknfc-1,TMA00317,Proprioceptors,False,False,False,none
febkncak-1,TMA00317,Abeta-RA-LTMR,False,False,False,none
fedpemfj-1,TMA00317,Nonpeptidergic nociceptors,False,False,False,none
fegdmlok-1,TMA00317,Nonpeptidergic nociceptors,False,False,False,none
fegeahjf-1,TMA00317,Nonpeptidergic nociceptors,False,False,False,none
fehjebel-1,TMA00317,Nonpeptidergic nociceptors,False,False,False,none
feiiplpk-1,TMA00317,Abeta-Field,False,False,False,none
feilhkej-1,TMA00317,Nonpeptidergic nociceptors,False,False,False,none
feipchgk-1,TMA00317,Abeta-Field,False,False,False,none
fejbbaej-1,TMA00317,CGRP-Theta,False,False,False,none
fejlgoei-1,TMA00317,Abeta-Field,False,False,False,none
fekghomp-1,TMA00317,CGRP-Zeta,False,False,False,none
fekhkpji-1,TMA00317,Nonpeptidergic nociceptors,True,False,False,EGFP_Seq1_hi
felknmad-1,TMA00317,Abeta-Field,False,False,False,none
felpadli-1,TMA00317,Abeta-Field,False,False,False,none
femginph-1,TMA00317,CGRP-Eta,False,False,False,none
femmmblc-1,TMA00317,CGRP-Theta,False,False,False,none
fenebecd-1,TMA00317,CGRP-Theta,False,False,False,none
fepbpmbf-1,TMA00317,Nonpeptidergic nociceptors,False,False,False,none
fepinoha-1,TMA00317,Nonpeptidergic nociceptors,False,False,False,none
ffaaejhh-1,TMA00317,Nonpeptidergic nociceptors,False,False,False,none
ffabkcap-1,TMA00317,Nonpeptidergic nociceptors,False,False,False,none
ffacdedc-1,TMA00317,Nonpeptidergic nociceptors,False,False,False,none
ffcedcbf-1,TMA00317,CGRP-Gamma 1,False,False,False,none
ffegoklk-1,TMA00317,Abeta-Field,False,False,False,none
ffenbdpl-1,TMA00317,Adelta-LTMR,False,False,False,none
ffgabddf-1,TMA00317,CGRP-Zeta,False,False,False,none
ffgbbjle-1,TMA00317,CGRP-Zeta,False,False,False,none
ffhhfdle-1,TMA00317,Abeta-RA-LTMR,False,False,False,none
ffjaflgc-1,TMA00317,Abeta-Field,False,False,False,none
ffjjekoh-1,TMA00317,Nonpeptidergic nociceptors,False,False,False,none
ffkbenll-1,TMA00317,Nonpeptidergic nociceptors,False,False,False,none
ffmnjkjb-1,TMA00317,CGRP-Alpha,False,False,False,none
ffponnhe-1,TMA00317,Abeta-RA-LTMR,False,False,False,none
fgaeddnp-1,TMA00317,CGRP-Gamma 1,False,False,False,none
fgaihchl-1,TMA00317,Abeta-Field,False,False,False,none
fgaleeei-1,TMA00317,CGRP-Eta,False,False,False,none
fgamgcba-1,TMA00317,Nonpeptidergic nociceptors,False,False,False,none
fgamilkb-1,TMA00317,CGRP-Gamma 1,False,False,False,none
fgbfmmcb-1,TMA00317,Abeta-RA-LTMR,False,False,False,none
fgbhpkde-1,TMA00317,Abeta-RA-LTMR,False,False,False,none
fgbhpmkc-1,TMA00317,Abeta-RA-LTMR,False,False,False,none
fgcghejc-1,TMA00317,CGRP-Gamma 1,False,False,False,none
fgcidahm-1,TMA00317,CGRP-Gamma 1,False,False,False,none
fgddholl-1,TMA00317,Nonpeptidergic nociceptors,False,False,False,none
fgdhhjhh-1,TMA00317,Nonpeptidergic nociceptors,False,False,False,none
fgdpiahg-1,TMA00317,Nonpeptidergic nociceptors,False,False,False,none
fgemhemh-1,TMA00317,TrpM8,False,False,False,none
fgenggfl-1,TMA00317,Nonpeptidergic nociceptors,False,False,False,none
fgenpafd-1,TMA00317,CGRP-Gamma 2,False,False,False,none
fgflioae-1,TMA00317,CGRP-Eta,False,False,False,none
fggipolb-1,TMA00317,CGRP-Gamma 1,False,False,False,none
fgglnlkg-1,TMA00317,C-LTMR,False,False,False,none
fhkenimf-1,TMA00317,Abeta-RA-LTMR,False,False,False,none
fifnccbb-1,TMA00317,CGRP-Gamma 1,False,False,False,none
filkbjmi-1,TMA00317,Adelta-LTMR,False,False,False,none
filkkjio-1,TMA00317,CGRP-Gamma 1,False,False,False,none
fimfhked-1,TMA00317,Abeta-RA-LTMR,False,False,False,none
fimflcfe-1,TMA00317,Adelta-LTMR,False,False,False,none
fimgdjkc-1,TMA00317,Abeta-Field,False,False,False,none
fimhoeca-1,TMA00317,Abeta-Field,False,False,False,none
fimhooae-1,TMA00317,Abeta-RA-LTMR,False,False,False,none
fimpdmfm-1,TMA00317,Nonpeptidergic nociceptors,False,False,False,none
finahgpp-1,TMA00317,CGRP-Gamma 1,False,False,False,none
fiongomi-1,TMA00317,CGRP-Gamma 1,False,False,False,none
fipchicj-1,TMA00317,CGRP-Gamma 1,False,False,False,none
fiplnokd-1,TMA00317,CGRP-Gamma 2,False,False,False,none
fipoaknf-1,TMA00317,CGRP-Gamma 1,False,False,False,none
fjbphbbe-1,TMA00317,Abeta-RA-LTMR,False,False,False,none
fjccjedb-1,TMA00317,Abeta-Field,False,False,False,none
fjcdfpjm-1,TMA00317,CGRP-Gamma 1,False,False,False,none
fjchomgm-1,TMA00317,Proprioceptors,False,False,False,none
fjclkblb-1,TMA00317,Proprioceptors,False,False,False,none
fjclmdgo-1,TMA00317,Proprioceptors,False,False,False,none
fjcpclkn-1,TMA00317,Proprioceptors,False,False,False,none
fjdgabna-1,TMA00317,Proprioceptors,False,False,False,none
fjeinlid-1,TMA00317,Abeta-Field,False,False,False,none
fjemgjaj-1,TMA00317,CGRP-Zeta,False,False,False,none
fjenhapo-1,TMA00317,Nonpeptidergic nociceptors,False,False,False,none
fjepggej-1,TMA00317,Nonpeptidergic nociceptors,False,False,False,none
fjfdcjko-1,TMA00317,Abeta-Field,False,False,False,none
fjffipbd-1,TMA00317,CGRP-Eta,False,False,False,none
fjghbeha-1,TMA00317,Abeta-Field,False,False,False,none
fjhgalcb-1,TMA00317,TrpM8,False,False,False,none
fjhhmjpe-1,TMA00317,CGRP-Zeta,False,False,False,none
fjhmpojp-1,TMA00317,CGRP-Gamma 2,False,False,False,none
fjlgnkej-1,TMA00317,CGRP-Gamma 1,False,False,False,none
fjnihdap-1,TMA00317,Abeta-Field,False,False,False,none
fjocbjbl-1,TMA00317,CGRP-Theta,False,False,False,none
fjofmloo-1,TMA00317,CGRP-Gamma 1,False,False,False,none
fllhppdb-1,TMA00317,CGRP-Gamma 1,False,False,False,none
flobghni-1,TMA00317,CGRP-Gamma 2,False,False,False,none
flonmnek-1,TMA00317,CGRP-Alpha,False,False,False,none
fmldklin-1,TMA00317,Nonpeptidergic nociceptors,False,False,False,none
fmmbfmmn-1,TMA00317,Nonpeptidergic nociceptors,False,False,False,none
fmmeghig-1,TMA00317,Nonpeptidergic nociceptors,False,False,False,none
fncmkfnf-1,TMA00317,CGRP-Gamma 1,False,False,False,none
fncnogal-1,TMA00317,CGRP-Eta,False,False,False,none
fnfbbkjj-1,TMA00317,CGRP-Epsilion,False,False,False,none
fngcjlol-1,TMA00317,CGRP-Gamma 1,False,False,False,none
fngdpgce-1,TMA00317,CGRP-Gamma 1,False,False,False,none
fnhknpki-1,TMA00317,CGRP-Gamma 1,False,False,False,none
fnjdlfcl-1,TMA00317,CGRP-Eta,False,False,False,none
fnlcdfhb-1,TMA00317,CGRP-Zeta,False,False,False,none
fnlgfpap-1,TMA00317,CGRP-Zeta,False,False,False,none
fnljdajd-1,TMA00317,CGRP-Gamma 1,False,False,False,none
foacocan-1,TMA00317,Abeta-RA-LTMR,False,False,False,none
fobnhogf-1,TMA00317,CGRP-Eta,False,False,False,none
fofmlndi-1,TMA00317,Proprioceptors,False,False,False,none
fppkeebp-1,TMA00317,CGRP-Gamma 1,False,False,False,none
gaakokoi-1,TMA00317,Nonpeptidergic nociceptors,False,False,False,none
gabejjmp-1,TMA00317,TrpM8,False,False,False,none
gabfahma-1,TMA00317,Nonpeptidergic nociceptors,False,False,False,none
gabgnpgc-1,TMA00317,TrpM8,False,False,False,none
gabkkkhi-1,TMA00317,CGRP-Beta,False,False,False,none
gabocbol-1,TMA00317,CGRP-Alpha,False,False,False,none
gabphjal-1,TMA00317,Proprioceptors,False,False,False,none
gacakhld-1,TMA00317,Proprioceptors,False,False,False,none
gacbnipl-1,TMA00317,CGRP-Gamma 1,False,False,False,none
gacciccb-1,TMA00317,CGRP-Gamma 1,False,False,False,none
gachheag-1,TMA00317,TrpM8,False,False,False,none
gacnmccd-1,TMA00317,TrpM8,False,False,False,none
gadkdngl-1,TMA00317,Nonpeptidergic nociceptors,False,False,False,none
gadlfjco-1,TMA00317,CGRP-Theta,False,False,False,none
gadlgbfg-1,TMA00317,C-LTMR,False,False,False,none
gaedmlch-1,TMA00317,TrpM8,False,False,False,none
gaehjeco-1,TMA00317,CGRP-Alpha,False,False,False,none
gafehpcp-1,TMA00317,CGRP-Theta,False,False,False,none
gaffjpii-1,TMA00317,CGRP-Beta,False,False,False,none
gaffpejk-1,TMA00317,CGRP-Gamma 1,False,False,False,none
gafhhlol-1,TMA00317,CGRP-Gamma 1,False,False,False,none
gahglmfh-1,TMA00317,CGRP-Gamma 1,False,False,False,none
gahhbhcg-1,TMA00317,CGRP-Eta,False,False,False,none
gahinekd-1,TMA00317,CGRP-Eta,False,False,False,none
gahjdggh-1,TMA00317,TrpM8,False,False,False,none
gahjkdpe-1,TMA00317,C-LTMR,False,False,False,none
gahmniig-1,TMA00317,CGRP-Gamma 2,False,False,False,none
gajaijhf-1,TMA00317,C-LTMR,False,False,False,none
gajgkgee-1,TMA00317,Nonpeptidergic nociceptors,False,False,False,none
gakandgi-1,TMA00317,CGRP-Gamma 1,False,False,False,none
gakifgag-1,TMA00317,CGRP-Alpha,False,False,False,none
gaknoflc-1,TMA00317,Proprioceptors,False,False,False,none
gamahnfb-1,TMA00317,Abeta-RA-LTMR,False,False,False,none
gamcbjed-1,TMA00317,C-LTMR,False,False,False,none
gamdmcje-1,TMA00317,CGRP-Alpha,False,False,False,none
ganacjmd-1,TMA00317,CGRP-Theta,False,False,False,none
ganhnhgc-1,TMA00317,CGRP-Theta,False,False,False,none
ganpmobk-1,TMA00317,CGRP-Eta,False,False,False,none
gaoebjof-1,TMA00317,CGRP-Theta,False,False,False,none
gaoflbha-1,TMA00317,CGRP-Theta,False,False,False,none
gaphcnpf-1,TMA00317,CGRP-Gamma 2,False,False,False,none
gbaaciek-1,TMA00317,CGRP-Eta,False,False,False,none
gbbgmmdj-1,TMA00317,Nonpeptidergic nociceptors,False,False,False,none
gbbmchlj-1,TMA00317,CGRP-Alpha,False,False,False,none
gbcajomk-1,TMA00317,CGRP-Eta,False,False,False,none
gbcdiehn-1,TMA00317,Nonpeptidergic nociceptors,False,False,False,none
gbdfdmkf-1,TMA00317,CGRP-Theta,False,False,False,none
gbdljdbk-1,TMA00317,CGRP-Theta,False,False,False,none
gbeeimfk-1,TMA00317,CGRP-Gamma 1,False,False,False,none
gbegdadi-1,TMA00317,CGRP-Gamma 1,False,False,False,none
gbipcojk-1,TMA00317,CGRP-Gamma 1,False,False,False,none
gcaehiop-1,TMA00317,Sst,False,False,False,none
gcapefij-1,TMA00317,CGRP-Gamma 1,False,False,False,none
gcbaoedn-1,TMA00317,Nonpeptidergic nociceptors,False,False,False,none
gcbpjngl-1,TMA00317,CGRP-Gamma 1,False,False,False,none
gccjncdc-1,TMA00317,CGRP-Gamma 1,False,False,False,none
gccldheg-1,TMA00317,CGRP-Beta,False,False,False,none
gcdbibhl-1,TMA00317,CGRP-Eta,False,False,False,none
gcdcpphm-1,TMA00317,CGRP-Gamma 1,False,False,False,none
gcdgfpgb-1,TMA00317,CGRP-Gamma 1,False,False,False,none
gcdnbfmc-1,TMA00317,CGRP-Alpha,False,False,False,none
gcdofllh-1,TMA00317,CGRP-Gamma 1,False,False,False,none
gcebbfhc-1,TMA00317,CGRP-Gamma 1,False,False,False,none
gcecejeo-1,TMA00317,Nonpeptidergic nociceptors,False,False,False,none
gcfomfhb-1,TMA00317,Abeta-RA-LTMR,False,False,False,none
gcgiobjm-1,TMA00317,CGRP-Beta,False,False,False,none
gcgipgic-1,TMA00317,CGRP-Gamma 1,False,False,False,none
gcgjdlgl-1,TMA00317,CGRP-Gamma 1,False,False,False,none
gcgkpiac-1,TMA00317,CGRP-Gamma 1,False,False,False,none
gcgofabl-1,TMA00317,CGRP-Gamma 1,False,False,False,none
gchcpffa-1,TMA00317,Nonpeptidergic nociceptors,False,False,False,none
gchfaomc-1,TMA00317,Nonpeptidergic nociceptors,False,False,False,none
gchgnhkm-1,TMA00317,Nonpeptidergic nociceptors,False,False,False,none
gchpidmo-1,TMA00317,Nonpeptidergic nociceptors,False,False,False,none
gciophhd-1,TMA00317,CGRP-Gamma 1,False,False,False,none
gckhanon-1,TMA00317,Sst,False,False,False,none
gckhbmmc-1,TMA00317,Sst,False,False,False,none
gckkfioc-1,TMA00317,CGRP-Beta,False,False,False,none
gckliifc-1,TMA00317,CGRP-Alpha,False,False,False,none
gckncacg-1,TMA00317,CGRP-Gamma 1,False,False,False,none
gcmackko-1,TMA00317,CGRP-Alpha,False,False,False,none
gcmbgjen-1,TMA00317,CGRP-Gamma 1,False,False,False,none
gcmjpalg-1,TMA00317,CGRP-Gamma 1,False,False,False,none
gcnaloii-1,TMA00317,Proprioceptors,False,False,False,none
gcofjecj-1,TMA00317,Abeta-RA-LTMR,False,False,False,none
gcogpdpc-1,TMA00317,CGRP-Gamma 1,False,False,False,none
gcomdjgb-1,TMA00317,CGRP-Gamma 1,False,False,False,none
gdbapfbi-1,TMA00317,Nonpeptidergic nociceptors,False,False,False,none
gddgmoen-1,TMA00317,CGRP-Gamma 1,False,False,False,none
gdfikafn-1,TMA00317,CGRP-Eta,False,False,False,none
gdfmkgoh-1,TMA00317,CGRP-Eta,False,False,False,none
gdiiceeb-1,TMA00317,CGRP-Gamma 1,False,False,False,none
gdpmbgff-1,TMA00317,Sst,False,False,False,none
geeenmgm-1,TMA00317,CGRP-Gamma 1,False,False,False,none
gegajmhh-1,TMA00317,CGRP-Gamma 2,False,False,False,none
gegbllap-1,TMA00317,CGRP-Gamma 1,False,False,False,none
gfkmncln-1,TMA00317,CGRP-Gamma 1,False,False,False,none
gfkpncbo-1,TMA00317,CGRP-Gamma 1,False,False,False,none
gfkppgnl-1,TMA00317,TrpM8,False,False,False,none
gfncclgi-1,TMA00317,C-LTMR,False,False,False,none
gfoanfkn-1,TMA00317,CGRP-Gamma 1,False,False,False,none
gfokanpf-1,TMA00317,CGRP-Gamma 1,False,False,False,none
gfolacno-1,TMA00317,CGRP-Gamma 1,False,False,False,none
gfolpjhd-1,TMA00317,Nonpeptidergic nociceptors,False,False,False,none
gfomdokd-1,TMA00317,Nonpeptidergic nociceptors,False,False,False,none
gfomgeik-1,TMA00317,Sst,False,False,False,none
gfopliii-1,TMA00317,CGRP-Gamma 1,False,False,False,none
ghpkflnm-1,TMA00317,Adelta-LTMR,False,False,False,none
ghpmphjh-1,TMA00317,Nonpeptidergic nociceptors,False,False,False,none
ghpnojpm-1,TMA00317,CGRP-Gamma 1,False,False,False,none
gidkkkcp-1,TMA00317,Proprioceptors,False,False,False,none
giebagmh-1,TMA00317,CGRP-Eta,False,False,False,none
giedckbd-1,TMA00317,Adelta-LTMR,False,False,False,none
gieecbgb-1,TMA00317,CGRP-Gamma 1,False,False,False,none
gifbmojn-1,TMA00317,Adelta-LTMR,False,False,False,none
gifngpbm-1,TMA00317,Abeta-Field,False,False,False,none
gigeokbe-1,TMA00317,Abeta-Field,False,False,False,none
gihgogjh-1,TMA00317,Nonpeptidergic nociceptors,False,False,False,none
giklalaa-1,TMA00317,CGRP-Eta,False,False,False,none
gilhnlep-1,TMA00317,CGRP-Gamma 2,False,False,False,none
gimbkmci-1,TMA00317,CGRP-Eta,False,False,False,none
gimblmpo-1,TMA00317,CGRP-Gamma 2,True,False,False,EGFP_Seq1_hi
gimfmeea-1,TMA00317,CGRP-Epsilion,False,False,False,none
gjcabacl-1,TMA00317,Nonpeptidergic nociceptors,False,False,False,none
gjcbombk-1,TMA00317,C-LTMR,False,False,False,none
gjcelneo-1,TMA00317,Abeta-Field,False,False,False,none
gjcmonbe-1,TMA00317,Nonpeptidergic nociceptors,False,False,False,none
gjdhmldd-1,TMA00317,Nonpeptidergic nociceptors,False,False,False,none
gjdjpokn-1,TMA00317,Nonpeptidergic nociceptors,False,False,False,none
gjdkecii-1,TMA00317,Nonpeptidergic nociceptors,False,False,False,none
gjebjhdp-1,TMA00317,CGRP-Gamma 1,False,False,False,none
gjecnnhg-1,TMA00317,C-LTMR,False,False,False,none
gjeddbgk-1,TMA00317,Nonpeptidergic nociceptors,False,False,False,none
gjefdnkj-1,TMA00317,CGRP-Gamma 1,False,False,False,none
gjlbfdfg-1,TMA00317,C-LTMR,False,False,False,none
gkgdfkmk-1,TMA00317,Nonpeptidergic nociceptors,False,False,False,none
gkgeiibm-1,TMA00317,CGRP-Eta,False,False,False,none
gkhopmac-1,TMA00317,CGRP-Zeta,False,False,False,none
gkikikhp-1,TMA00317,CGRP-Zeta,False,False,False,none
gkjhfgdf-1,TMA00317,Abeta-Field,False,False,False,none
gkjlhmco-1,TMA00317,TrpM8,False,False,False,none
gkkjgclk-1,TMA00317,TrpM8,False,False,False,none
gkkkfmdf-1,TMA00317,TrpM8,False,False,False,none
gklfkkbb-1,TMA00317,CGRP-Theta,False,False,False,none
gkmandeg-1,TMA00317,Abeta-Field,False,False,False,none
gkpdjoko-1,TMA00317,Nonpeptidergic nociceptors,False,False,False,none
gkpndkca-1,TMA00317,Sst,False,False,False,none
gkppjfbb-1,TMA00317,Sst,False,False,False,none
glaccbja-1,TMA00317,Nonpeptidergic nociceptors,False,False,False,none
glalifca-1,TMA00317,CGRP-Eta,False,False,False,none
glaopjbm-1,TMA00317,C-LTMR,False,False,False,none
glaphkmg-1,TMA00317,Nonpeptidergic nociceptors,False,False,False,none
glbfoccl-1,TMA00317,Nonpeptidergic nociceptors,False,False,False,none
glbhmlag-1,TMA00317,Sst,False,False,False,none
glbjehoa-1,TMA00317,Nonpeptidergic nociceptors,False,False,False,none
glbkcbdf-1,TMA00317,CGRP-Theta,False,False,False,none
glblhffc-1,TMA00317,C-LTMR,False,False,False,none
glcfmmio-1,TMA00317,Nonpeptidergic nociceptors,False,False,False,none
glchcljj-1,TMA00317,Nonpeptidergic nociceptors,False,False,False,none
glcpdhng-1,TMA00317,Nonpeptidergic nociceptors,False,False,False,none
gldbhoha-1,TMA00317,Nonpeptidergic nociceptors,False,False,False,none
gldfhjkd-1,TMA00317,CGRP-Theta,False,False,False,none
gldgpnjo-1,TMA00317,Nonpeptidergic nociceptors,False,False,False,none
gldkoekp-1,TMA00317,Nonpeptidergic nociceptors,False,False,False,none
gldmcbbp-1,TMA00317,C-LTMR,False,False,False,none
glfbkkjd-1,TMA00317,Nonpeptidergic nociceptors,False,False,False,none
glfefean-1,TMA00317,CGRP-Eta,False,False,False,none
glfhhjdl-1,TMA00317,CGRP-Eta,False,False,False,none
glhcahgc-1,TMA00317,CGRP-Theta,False,False,False,none
glhfiafi-1,TMA00317,Proprioceptors,False,False,False,none
glhfmpea-1,TMA00317,CGRP-Eta,False,False,False,none
glhhcfdh-1,TMA00317,C-LTMR,False,False,False,none
glilckbj-1,TMA00317,CGRP-Theta,False,False,False,none
glipkaen-1,TMA00317,Nonpeptidergic nociceptors,False,False,False,none
gljfofdk-1,TMA00317,Sst,False,False,False,none
gljjbeid-1,TMA00317,Nonpeptidergic nociceptors,False,False,False,none
gljnplbd-1,TMA00317,Nonpeptidergic nociceptors,False,False,False,none
glkegoll-1,TMA00317,Abeta-RA-LTMR,False,False,False,none
glkgflop-1,TMA00317,Nonpeptidergic nociceptors,False,False,False,none
glklakbp-1,TMA00317,Nonpeptidergic nociceptors,False,False,False,none
glklbhcj-1,TMA00317,CGRP-Theta,False,False,False,none
glkpjaap-1,TMA00317,CGRP-Theta,False,False,False,none
glldcbdc-1,TMA00317,CGRP-Zeta,False,False,False,none
gllghnph-1,TMA00317,Sst,False,False,False,none
glmmhpoo-1,TMA00317,Nonpeptidergic nociceptors,False,False,False,none
glmmnmik-1,TMA00317,CGRP-Zeta,False,False,False,none
glncifej-1,TMA00317,CGRP-Zeta,False,False,False,none
glodaoag-1,TMA00317,CGRP-Theta,False,False,False,none
gloededo-1,TMA00317,Proprioceptors,False,False,False,none
gloelbpd-1,TMA00317,CGRP-Theta,False,False,False,none
gloiemfg-1,TMA00317,CGRP-Alpha,False,False,False,none
gloodpih-1,TMA00317,Proprioceptors,False,False,False,none
glpbllil-1,TMA00317,Abeta-Field,False,False,False,none
glpcbejm-1,TMA00317,Abeta-Field,False,False,False,none
gmakkdlh-1,TMA00317,Abeta-Field,False,False,False,none
gmbagdnm-1,TMA00317,CGRP-Epsilion,False,False,False,none
gmbcoecl-1,TMA00317,Proprioceptors,False,False,False,none
gmcefeeh-1,TMA00317,Abeta-Field,False,False,False,none
gmegpgjo-1,TMA00317,CGRP-Epsilion,False,False,False,none
gmhooojd-1,TMA00317,CGRP-Eta,False,False,False,none
gmicfhii-1,TMA00317,CGRP-Theta,False,False,False,none
gmjbhgda-1,TMA00317,Nonpeptidergic nociceptors,False,False,False,none
gmjjgbbc-1,TMA00317,Sst,False,False,False,none
gmjjhhdf-1,TMA00317,Nonpeptidergic nociceptors,False,False,False,none
gmjonfci-1,TMA00317,Nonpeptidergic nociceptors,False,False,False,none
gmkblhap-1,TMA00317,Sst,False,False,False,none
gmlhkjki-1,TMA00317,Sst,False,False,False,none
gmlpklcj-1,TMA00317,Sst,False,False,False,none
gmnhjjgb-1,TMA00317,Nonpeptidergic nociceptors,False,False,False,none
gmoapbgd-1,TMA00317,Nonpeptidergic nociceptors,False,False,False,none
gmoeimdg-1,TMA00317,Proprioceptors,False,False,False,none
gmooonhb-1,TMA00317,Nonpeptidergic nociceptors,False,False,False,none
gmpaicjd-1,TMA00317,Nonpeptidergic nociceptors,False,False,False,none
gmpmeien-1,TMA00317,Proprioceptors,False,False,False,none
gnagmdil-1,TMA00317,Nonpeptidergic nociceptors,False,False,False,none
gnajlgdp-1,TMA00317,CGRP-Zeta,False,False,False,none
gnamhphl-1,TMA00317,CGRP-Alpha,False,False,False,none
gnanfdci-1,TMA00317,Sst,False,False,False,none
gnbpgdbf-1,TMA00317,Proprioceptors,False,False,False,none
gncdnoeg-1,TMA00317,Proprioceptors,False,False,False,none
gnchindh-1,TMA00317,CGRP-Theta,False,False,False,none
gncomkce-1,TMA00317,Nonpeptidergic nociceptors,False,False,False,none
gndbafpb-1,TMA00317,Nonpeptidergic nociceptors,False,False,False,none
gndfccnh-1,TMA00317,Proprioceptors,False,False,False,none
gndgkkgl-1,TMA00317,Proprioceptors,False,False,False,none
gnefoiai-1,TMA00317,CGRP-Theta,False,False,False,none
gneiiiki-1,TMA00317,CGRP-Theta,False,False,False,none
gngikdfl-1,TMA00317,TrpM8,False,False,False,none
gnifedki-1,TMA00317,Abeta-Field,False,False,False,none
gniihhjd-1,TMA00317,Proprioceptors,False,False,False,none
gnjikoff-1,TMA00317,Nonpeptidergic nociceptors,False,False,False,none
gnjmeamg-1,TMA00317,C-LTMR,False,False,False,none
gnkginll-1,TMA00317,C-LTMR,False,False,False,none
gnkmmkbp-1,TMA00317,Sst,False,False,False,none
gnknbomj-1,TMA00317,CGRP-Epsilion,False,False,False,none
gnlelogd-1,TMA00317,CGRP-Epsilion,False,False,False,none
gnmdledd-1,TMA00317,CGRP-Theta,False,False,False,none
gnmeffbg-1,TMA00317,CGRP-Theta,False,False,False,none
gnnabodb-1,TMA00317,CGRP-Epsilion,False,False,False,none
gnnjheid-1,TMA00317,CGRP-Epsilion,False,False,False,none
gnnoinik-1,TMA00317,CGRP-Zeta,False,False,False,none
gnobkaib-1,TMA00317,CGRP-Eta,False,False,False,none
gnoimmga-1,TMA00317,CGRP-Epsilion,False,False,False,none
gnpacioe-1,TMA00317,CGRP-Alpha,False,False,False,none
gnpbeogn-1,TMA00317,Nonpeptidergic nociceptors,False,False,False,none
gnpmhpbf-1,TMA00317,Nonpeptidergic nociceptors,False,False,False,none
gnpnfgen-1,TMA00317,Nonpeptidergic nociceptors,False,False,False,none
goabppnl-1,TMA00317,CGRP-Epsilion,False,False,False,none
goafhjck-1,TMA00317,TrpM8,False,False,False,none
goajjjeg-1,TMA00317,CGRP-Alpha,False,False,False,none
gobljmpe-1,TMA00317,Sst,False,False,False,none
goceecbe-1,TMA00317,CGRP-Epsilion,False,False,False,none
gocgkkpe-1,TMA00317,Nonpeptidergic nociceptors,False,False,False,none
godmbifl-1,TMA00317,Abeta-Field,False,False,False,none
gofcmjjd-1,TMA00317,Nonpeptidergic nociceptors,False,False,False,none
gofcpefe-1,TMA00317,Nonpeptidergic nociceptors,False,False,False,none
gofghbbb-1,TMA00317,CGRP-Eta,False,False,False,none
gogffolm-1,TMA00317,Nonpeptidergic nociceptors,False,False,False,none
goglljme-1,TMA00317,CGRP-Zeta,False,False,False,none
gognlicd-1,TMA00317,CGRP-Zeta,False,False,False,none
gohcohlk-1,TMA00317,CGRP-Zeta,False,False,False,none
gohefaga-1,TMA00317,CGRP-Eta,False,False,False,none
gohkngjb-1,TMA00317,CGRP-Alpha,False,False,False,none
gohpofmd-1,TMA00317,CGRP-Eta,False,False,False,none
goiddiga-1,TMA00317,Nonpeptidergic nociceptors,False,False,False,none
goiggfph-1,TMA00317,CGRP-Eta,False,False,False,none
goikpdcb-1,TMA00317,Nonpeptidergic nociceptors,False,False,False,none
gojjlmbo-1,TMA00317,Nonpeptidergic nociceptors,False,False,False,none
gokaicfj-1,TMA00317,Nonpeptidergic nociceptors,False,False,False,none
gokhacjo-1,TMA00317,Abeta-RA-LTMR,False,False,False,none
goknmggl-1,TMA00317,Nonpeptidergic nociceptors,False,False,False,none
goladcmk-1,TMA00317,Nonpeptidergic nociceptors,False,False,False,none
golaggpg-1,TMA00317,Nonpeptidergic nociceptors,False,False,False,none
golepccd-1,TMA00317,Abeta-Field,False,False,False,none
gomcfaje-1,TMA00317,CGRP-Zeta,False,False,False,none
gomhdjjg-1,TMA00317,Nonpeptidergic nociceptors,False,False,False,none
gomlfdnb-1,TMA00317,Nonpeptidergic nociceptors,False,False,False,none
gomnfkfi-1,TMA00317,Nonpeptidergic nociceptors,False,False,False,none
gompicpi-1,TMA00317,Nonpeptidergic nociceptors,False,False,False,none
gonaaoha-1,TMA00317,Nonpeptidergic nociceptors,False,False,False,none
gonecnni-1,TMA00317,Nonpeptidergic nociceptors,False,False,False,none
gonhjjlj-1,TMA00317,Nonpeptidergic nociceptors,False,False,False,none
gonjpedi-1,TMA00317,Nonpeptidergic nociceptors,False,False,False,none
gonkpppp-1,TMA00317,Nonpeptidergic nociceptors,False,False,False,none
gooeidmh-1,TMA00317,Nonpeptidergic nociceptors,False,False,False,none
gpcinmbd-1,TMA00317,C-LTMR,False,False,False,none
gpeafegb-1,TMA00317,Proprioceptors,False,False,False,none
gpehlaki-1,TMA00317,Nonpeptidergic nociceptors,False,False,False,none
gpfbjoek-1,TMA00317,Nonpeptidergic nociceptors,False,False,False,none
gpffndgn-1,TMA00317,Sst,False,False,False,none
gpghkode-1,TMA00317,Nonpeptidergic nociceptors,False,False,False,none
gphnjglj-1,TMA00317,C-LTMR,False,False,False,none
gpihinla-1,TMA00317,CGRP-Alpha,False,False,False,none
gpihmgfk-1,TMA00317,CGRP-Alpha,False,False,False,none
gpjahbad-1,TMA00317,Nonpeptidergic nociceptors,False,False,False,none
gpjdiife-1,TMA00317,Sst,False,False,False,none
gpjknnbn-1,TMA00317,Sst,False,False,False,none
gpjmbkee-1,TMA00317,C-LTMR,False,False,False,none
gpnandod-1,TMA00317,Nonpeptidergic nociceptors,False,False,False,none
gppmjkba-1,TMA00317,Nonpeptidergic nociceptors,False,False,False,none
haafflci-1,TMA00317,C-LTMR,False,False,False,none
haaichbj-1,TMA00317,C-LTMR,False,False,False,none
haaknpkb-1,TMA00317,CGRP-Theta,False,False,False,none
habcdkep-1,TMA00317,Nonpeptidergic nociceptors,False,False,False,none
habifigb-1,TMA00317,Nonpeptidergic nociceptors,False,False,False,none
habjhplb-1,TMA00317,Nonpeptidergic nociceptors,False,False,False,none
habkidka-1,TMA00317,Nonpeptidergic nociceptors,False,False,False,none
habojfha-1,TMA00317,Nonpeptidergic nociceptors,False,False,False,none
hacmboik-1,TMA00317,Nonpeptidergic nociceptors,False,False,False,none
hadalppa-1,TMA00317,CGRP-Alpha,False,False,False,none
hadflifp-1,TMA00317,CGRP-Alpha,False,False,False,none
haebmleh-1,TMA00317,C-LTMR,False,False,False,none
haelciaj-1,TMA00317,Nonpeptidergic nociceptors,False,False,False,none
hafkcgjj-1,TMA00317,C-LTMR,False,False,False,none
hagmpnhd-1,TMA00317,Abeta-Field,False,False,False,none
hajaanbp-1,TMA00317,Nonpeptidergic nociceptors,False,False,False,none
hakcjabe-1,TMA00317,Nonpeptidergic nociceptors,False,False,False,none
hakiamoc-1,TMA00317,Nonpeptidergic nociceptors,False,False,False,none
haknefhp-1,TMA00317,Nonpeptidergic nociceptors,False,False,False,none
haknghlg-1,TMA00317,Nonpeptidergic nociceptors,False,False,False,none
halglibi-1,TMA00317,Sst,False,False,False,none
hamdclep-1,TMA00317,CGRP-Zeta,False,False,False,none
hamdkapd-1,TMA00317,Sst,False,False,False,none
hamfopgk-1,TMA00317,CGRP-Theta,False,False,False,none
hamkkikc-1,TMA00317,CGRP-Theta,False,False,False,none
haolcbdb-1,TMA00317,CGRP-Alpha,False,False,False,none
hapknjel-1,TMA00317,Sst,False,False,False,none
hbapdddo-1,TMA00317,Sst,False,False,False,none
hbcbnapo-1,TMA00317,Sst,False,False,False,none
hbdjkjgl-1,TMA00317,CGRP-Theta,False,False,False,none
hbflffbh-1,TMA00317,C-LTMR,False,False,False,none
hblmlpin-1,TMA00317,CGRP-Theta,False,False,False,none
hbmkjiee-1,TMA00317,TrpM8,False,False,False,none
hbnbfdeh-1,TMA00317,CGRP-Alpha,False,False,False,none
hbnebpke-1,TMA00317,Abeta-RA-LTMR,False,False,False,none
hbobcnpk-1,TMA00317,TrpM8,False,False,False,none
hbomnhfe-1,TMA00317,Nonpeptidergic nociceptors,False,False,False,none
hbpbalak-1,TMA00317,Sst,False,False,False,none
hbpjaopi-1,TMA00317,Nonpeptidergic nociceptors,False,False,False,none
hbpjdjbm-1,TMA00317,CGRP-Alpha,False,False,False,none
hcgjkabd-1,TMA00317,Sst,False,False,False,none
hchglnce-1,TMA00317,Sst,False,False,False,none
hcjgahna-1,TMA00317,CGRP-Theta,False,False,False,none
hckmgnld-1,TMA00317,Sst,False,False,False,none
hcloejik-1,TMA00317,TrpM8,False,False,False,none
hcpkjkaa-1,TMA00317,CGRP-Gamma 1,False,False,False,none
hdbkapmc-1,TMA00317,CGRP-Eta,False,False,False,none
hddcdcag-1,TMA00317,Sst,False,False,False,none
hddmmijk-1,TMA00317,Nonpeptidergic nociceptors,False,False,False,none
hddmochh-1,TMA00317,Nonpeptidergic nociceptors,False,False,False,none
hdeaeoai-1,TMA00317,Nonpeptidergic nociceptors,False,False,False,none
hdeihedg-1,TMA00317,Nonpeptidergic nociceptors,False,False,False,none
hdffebgp-1,TMA00317,Nonpeptidergic nociceptors,False,False,False,none
hdfhampl-1,TMA00317,Abeta-Field,False,False,False,none
hdgjffnm-1,TMA00317,Nonpeptidergic nociceptors,False,False,False,none
hdgllhcj-1,TMA00317,CGRP-Theta,False,False,False,none
hdgplphj-1,TMA00317,Nonpeptidergic nociceptors,False,False,False,none
hdhaoilb-1,TMA00317,Proprioceptors,False,False,False,none
hdhfnbpb-1,TMA00317,Nonpeptidergic nociceptors,False,False,False,none
hdhmdckb-1,TMA00317,CGRP-Theta,False,False,False,none
hdhnpkmk-1,TMA00317,Nonpeptidergic nociceptors,False,False,False,none
hdicjfck-1,TMA00317,Abeta-RA-LTMR,False,False,False,none
hdieggdo-1,TMA00317,Nonpeptidergic nociceptors,False,False,False,none
hdiemdin-1,TMA00317,Nonpeptidergic nociceptors,False,False,False,none
hdifhnii-1,TMA00317,Nonpeptidergic nociceptors,False,False,False,none
hdjnlhia-1,TMA00317,Nonpeptidergic nociceptors,False,False,False,none
hdlclonk-1,TMA00317,Proprioceptors,False,False,False,none
hdlebcoc-1,TMA00317,CGRP-Theta,False,False,False,none
hdlfdbib-1,TMA00317,Nonpeptidergic nociceptors,False,False,False,none
hdliadki-1,TMA00317,Nonpeptidergic nociceptors,False,False,False,none
hdmhmoki-1,TMA00317,CGRP-Epsilion,False,False,False,none
hdnbjjln-1,TMA00317,CGRP-Theta,False,False,False,none
hdnienok-1,TMA00317,CGRP-Theta,False,False,False,none
hdnjmleg-1,TMA00317,C-LTMR,False,False,False,none
hdoeeodn-1,TMA00317,Nonpeptidergic nociceptors,False,False,False,none
hdpijpkm-1,TMA00317,Sst,False,False,False,none
hdpjgfed-1,TMA00317,Sst,False,False,False,none
healfdfe-1,TMA00317,Sst,False,False,False,none
hecpcoec-1,TMA00317,TrpM8,False,False,False,none
heecmlfi-1,TMA00317,Nonpeptidergic nociceptors,False,False,False,none
heedbdko-1,TMA00317,Proprioceptors,False,False,False,none
heeeakaa-1,TMA00317,Proprioceptors,False,False,False,none
heeneacm-1,TMA00317,CGRP-Epsilion,False,False,False,none
heffnhfg-1,TMA00317,C-LTMR,False,False,False,none
hefmljnk-1,TMA00317,C-LTMR,False,False,False,none
hehhamhb-1,TMA00317,CGRP-Alpha,False,False,False,none
hejngonn-1,TMA00317,Nonpeptidergic nociceptors,False,False,False,none
helapjhh-1,TMA00317,CGRP-Eta,False,False,False,none
higkfhlj-1,TMA00317,Nonpeptidergic nociceptors,False,False,False,none
hihlnmgj-1,TMA00317,Nonpeptidergic nociceptors,False,False,False,none
hilacpef-1,TMA00317,Proprioceptors,False,False,False,none
hilmbeem-1,TMA00317,CGRP-Gamma 2,False,False,False,none
hinnjfem-1,TMA00317,CGRP-Gamma 1,False,False,False,none
hiogiekf-1,TMA00317,CGRP-Alpha,False,False,False,none
hipcdejf-1,TMA00317,CGRP-Gamma 1,False,False,False,none
hipdjlpp-1,TMA00317,CGRP-Gamma 1,False,False,False,none
hipegpkj-1,TMA00317,CGRP-Gamma 1,False,True,False,dTomato_Seq2_hi
hipkhdgn-1,TMA00317,CGRP-Alpha,False,False,False,none
hiplbngo-1,TMA00317,Nonpeptidergic nociceptors,False,False,False,none
hjaaimip-1,TMA00317,CGRP-Gamma 1,False,False,False,none
hjadmcim-1,TMA00317,Sst,False,False,False,none
hjagljib-1,TMA00317,Sst,False,False,False,none
hjccbfom-1,TMA00317,Nonpeptidergic nociceptors,False,False,False,none
hjcdcnhm-1,TMA00317,CGRP-Gamma 1,False,False,False,none
hjchmdhm-1,TMA00317,CGRP-Alpha,False,False,False,none
hjcljjip-1,TMA00317,CGRP-Gamma 2,False,False,False,none
hjenbfce-1,TMA00317,Sst,False,False,False,none
hjgebdlm-1,TMA00317,Abeta-Field,False,False,False,none
hjhjpekj-1,TMA00317,Nonpeptidergic nociceptors,False,False,False,none
hjmdlkaf-1,TMA00317,CGRP-Beta,False,False,False,none
hjolkodl-1,TMA00317,C-LTMR,False,False,False,none
hjondddn-1,TMA00317,Nonpeptidergic nociceptors,False,False,False,none
hkaejkac-1,TMA00317,CGRP-Theta,False,False,False,none
hkagpnbp-1,TMA00317,CGRP-Gamma 1,False,False,False,none
hkaodflj-1,TMA00317,CGRP-Theta,False,False,False,none
hkapehih-1,TMA00317,CGRP-Theta,False,False,False,none
hkbgfeon-1,TMA00317,C-LTMR,False,False,False,none
hkcichog-1,TMA00317,CGRP-Theta,False,False,False,none
hkcjfifm-1,TMA00317,CGRP-Theta,False,False,False,none
hkdnpbgi-1,TMA00317,Nonpeptidergic nociceptors,False,False,False,none
hkedgdkd-1,TMA00317,TrpM8,False,False,False,none
hkefofog-1,TMA00317,CGRP-Gamma 1,False,False,False,none
hkeochgb-1,TMA00317,Abeta-RA-LTMR,False,False,False,none
hkephhkg-1,TMA00317,Proprioceptors,False,False,False,none
hkfbedke-1,TMA00317,Proprioceptors,False,False,False,none
hkflbcod-1,TMA00317,Nonpeptidergic nociceptors,False,False,False,none
hkfngmhb-1,TMA00317,Sst,False,False,False,none
hkgfpmpa-1,TMA00317,Abeta-Field,False,False,False,none
hkhhbnma-1,TMA00317,CGRP-Gamma 1,False,False,False,none
hkhiankg-1,TMA00317,CGRP-Zeta,False,False,False,none
hkhojdip-1,TMA00317,CGRP-Gamma 1,False,False,False,none
hkiigjmg-1,TMA00317,CGRP-Eta,False,False,False,none
hkikphlb-1,TMA00317,CGRP-Eta,False,False,False,none
hkildgal-1,TMA00317,Abeta-Field,False,False,False,none
hkimkakf-1,TMA00317,CGRP-Eta,False,False,False,none
hkjkhcmi-1,TMA00317,CGRP-Eta,False,False,False,none
hkkdhgfn-1,TMA00317,CGRP-Eta,False,False,False,none
hkkikpad-1,TMA00317,CGRP-Gamma 2,False,False,False,none
hkkkiodf-1,TMA00317,C-LTMR,False,False,False,none
hkkmalcd-1,TMA00317,C-LTMR,False,False,False,none
hklhdpag-1,TMA00317,CGRP-Eta,False,False,False,none
hklhomni-1,TMA00317,CGRP-Eta,False,False,False,none
hklmhhej-1,TMA00317,CGRP-Epsilion,False,False,False,none
hklmlogo-1,TMA00317,CGRP-Eta,False,False,False,none
hkmhodci-1,TMA00317,CGRP-Eta,False,False,False,none
hkmnigfl-1,TMA00317,CGRP-Eta,False,False,False,none
hknmlmnd-1,TMA00317,CGRP-Eta,False,False,False,none
hkolnigd-1,TMA00317,CGRP-Eta,False,False,False,none
hlbgkcjn-1,TMA00317,CGRP-Alpha,False,False,False,none
hlbkeipe-1,TMA00317,Nonpeptidergic nociceptors,False,False,False,none
hlcibjgj-1,TMA00317,Nonpeptidergic nociceptors,False,False,False,none
hlelbboi-1,TMA00317,Nonpeptidergic nociceptors,False,False,False,none
hlelplfb-1,TMA00317,CGRP-Eta,False,False,False,none
hlfbfgbg-1,TMA00317,Sst,False,False,False,none
hlffcnkp-1,TMA00317,Sst,False,False,False,none
hlghfcoj-1,TMA00317,CGRP-Gamma 1,False,False,False,none
hlhmbfna-1,TMA00317,TrpM8,False,False,False,none
hlhnfnhh-1,TMA00317,CGRP-Beta,False,False,False,none
hlhpmpgh-1,TMA00317,CGRP-Gamma 1,False,False,False,none
hlikfkjc-1,TMA00317,CGRP-Gamma 1,False,False,False,none
hlimlkad-1,TMA00317,CGRP-Eta,False,False,False,none
hlkgejmi-1,TMA00317,CGRP-Gamma 2,False,False,False,none
hlkggdlh-1,TMA00317,CGRP-Alpha,False,False,False,none
hlkgngfp-1,TMA00317,CGRP-Gamma 1,False,False,False,none
hlkhllad-1,TMA00317,CGRP-Eta,False,False,False,none
hlkhnpie-1,TMA00317,CGRP-Gamma 1,False,False,False,none
hllaepia-1,TMA00317,CGRP-Zeta,False,False,False,none
hllomdgn-1,TMA00317,TrpM8,False,False,False,none
hlnkokap-1,TMA00317,Sst,False,False,False,none
hlnplcca-1,TMA00317,C-LTMR,False,False,False,none
hlofgeii-1,TMA00317,Sst,False,False,False,none
hloimgmd-1,TMA00317,CGRP-Alpha,False,False,False,none
hloomljd-1,TMA00317,CGRP-Alpha,False,False,False,none
hlopfmkf-1,TMA00317,TrpM8,False,False,False,none
hlpchecf-1,TMA00317,Nonpeptidergic nociceptors,False,False,False,none
hlplbpoh-1,TMA00317,CGRP-Alpha,False,False,False,none
hlplfaih-1,TMA00317,CGRP-Alpha,False,False,False,none
hmagknbe-1,TMA00317,CGRP-Alpha,False,False,False,none
hmajpfkn-1,TMA00317,C-LTMR,False,False,False,none
hmampabe-1,TMA00317,CGRP-Gamma 1,False,False,False,none
hmbcikom-1,TMA00317,Sst,False,False,False,none
hmbckbjk-1,TMA00317,Sst,False,False,False,none
hmbgghne-1,TMA00317,CGRP-Gamma 1,False,False,False,none
hmbolbbn-1,TMA00317,TrpM8,False,False,False,none
hmcdlcdi-1,TMA00317,CGRP-Gamma 1,False,False,False,none
hmcjiklo-1,TMA00317,CGRP-Gamma 1,False,False,False,none
hmcpeklp-1,TMA00317,TrpM8,False,False,False,none
hmdfbpog-1,TMA00317,CGRP-Gamma 1,False,False,False,none
hmdficpp-1,TMA00317,CGRP-Eta,False,False,False,none
hmeflkcn-1,TMA00317,TrpM8,False,False,False,none
hmegbhoo-1,TMA00317,TrpM8,False,False,False,none
hmembfhp-1,TMA00317,CGRP-Alpha,False,False,False,none
hmemenpb-1,TMA00317,CGRP-Eta,False,False,False,none
hmffpadk-1,TMA00317,CGRP-Alpha,False,False,False,none
hmfgjflp-1,TMA00317,Sst,False,False,False,none
hmfjmloc-1,TMA00317,CGRP-Gamma 2,False,False,False,none
hmflldid-1,TMA00317,Sst,False,False,False,none
hmfnlnbj-1,TMA00317,Sst,False,False,False,none
hmgfcgna-1,TMA00317,TrpM8,False,False,False,none
hmggdjoo-1,TMA00317,Nonpeptidergic nociceptors,False,False,False,none
hmgnpnjh-1,TMA00317,CGRP-Gamma 1,False,False,False,none
hmhdheca-1,TMA00317,CGRP-Gamma 1,False,False,False,none
hmhhmkbi-1,TMA00317,CGRP-Gamma 1,False,False,False,none
hmiacfei-1,TMA00317,CGRP-Gamma 1,False,False,False,none
hmibfebp-1,TMA00317,CGRP-Gamma 1,False,False,False,none
hmibkjkg-1,TMA00317,Nonpeptidergic nociceptors,False,False,False,none
hmjcofka-1,TMA00317,Nonpeptidergic nociceptors,False,False,False,none
hmjgagkj-1,TMA00317,CGRP-Gamma 1,False,False,False,none
hmjhegph-1,TMA00317,Nonpeptidergic nociceptors,False,False,False,none
hmjhoafe-1,TMA00317,Adelta-LTMR,False,False,False,none
hmjmefon-1,TMA00317,CGRP-Eta,False,False,False,none
hmkielhn-1,TMA00317,CGRP-Gamma 1,False,False,False,none
hmkjichh-1,TMA00317,TrpM8,False,False,False,none
hmlcofpl-1,TMA00317,CGRP-Gamma 1,False,False,False,none
hmlicpao-1,TMA00317,Nonpeptidergic nociceptors,False,False,False,none
hmlokjdi-1,TMA00317,C-LTMR,True,False,False,EGFP_Seq1_hi
hmlphedb-1,TMA00317,C-LTMR,False,False,False,none
hmmcaobd-1,TMA00317,C-LTMR,False,False,False,none
hmmcfehd-1,TMA00317,Nonpeptidergic nociceptors,False,False,False,none
hmmdmddm-1,TMA00317,Nonpeptidergic nociceptors,False,False,False,none
hmmeadja-1,TMA00317,Adelta-LTMR,False,False,False,none
hmmklofk-1,TMA00317,TrpM8,False,False,False,none
hmnipaal-1,TMA00317,CGRP-Eta,False,False,False,none
hmoaggei-1,TMA00317,CGRP-Zeta,False,False,False,none
hmodfplc-1,TMA00317,CGRP-Gamma 2,False,False,False,none
hmooknle-1,TMA00317,CGRP-Theta,False,False,False,none
hmpggigd-1,TMA00317,CGRP-Alpha,False,False,False,none
hnbobbge-1,TMA00317,CGRP-Alpha,False,False,False,none
hndigjla-1,TMA00317,CGRP-Zeta,False,False,False,none
hndjpbch-1,TMA00317,CGRP-Zeta,False,False,False,none
hndlpjen-1,TMA00317,Sst,False,False,False,none
hneemgnn-1,TMA00317,CGRP-Zeta,False,False,False,none
hngcnplo-1,TMA00317,Nonpeptidergic nociceptors,False,False,False,none
hngfdjjj-1,TMA00317,Proprioceptors,False,False,False,none
hngjfhlc-1,TMA00317,Sst,False,False,False,none
hngmdfdc-1,TMA00317,CGRP-Gamma 1,False,False,False,none
hngmlgdj-1,TMA00317,Nonpeptidergic nociceptors,False,False,False,none
hngobnfp-1,TMA00317,Nonpeptidergic nociceptors,False,False,False,none
hngomilc-1,TMA00317,C-LTMR,False,False,False,none
hnhaejgo-1,TMA00317,Adelta-LTMR,False,False,False,none
hnhfnhhd-1,TMA00317,CGRP-Gamma 1,False,False,False,none
hnhhghhg-1,TMA00317,CGRP-Gamma 1,False,False,False,none
hnhoppee-1,TMA00317,TrpM8,False,False,False,none
hniaddfg-1,TMA00317,Adelta-LTMR,False,False,False,none
hnipaefm-1,TMA00317,CGRP-Zeta,False,False,False,none
hnjeoekn-1,TMA00317,Abeta-RA-LTMR,False,False,False,none
hnjepjbk-1,TMA00317,Nonpeptidergic nociceptors,False,False,False,none
hnjgfjfn-1,TMA00317,Abeta-Field,False,False,False,none
hnjndbgj-1,TMA00317,Proprioceptors,False,False,False,none
hnkbpfcp-1,TMA00317,CGRP-Gamma 2,False,False,False,none
hnkejoae-1,TMA00317,CGRP-Gamma 1,False,False,False,none
hnlcfioi-1,TMA00317,CGRP-Gamma 1,False,False,False,none
hnlfhlhg-1,TMA00317,Nonpeptidergic nociceptors,False,False,False,none
hnneiheo-1,TMA00317,CGRP-Eta,False,False,False,none
hnnpimmg-1,TMA00317,CGRP-Gamma 1,False,False,False,none
hnoenfnm-1,TMA00317,Nonpeptidergic nociceptors,False,False,False,none
hnogbbck-1,TMA00317,C-LTMR,False,False,False,none
hnoghmin-1,TMA00317,Nonpeptidergic nociceptors,False,False,False,none
hnpelcnp-1,TMA00317,Nonpeptidergic nociceptors,False,False,False,none
hnpfccie-1,TMA00317,Nonpeptidergic nociceptors,False,False,False,none
hoaecfjm-1,TMA00317,Nonpeptidergic nociceptors,False,False,False,none
hoafefpm-1,TMA00317,C-LTMR,False,False,False,none
hoakdohp-1,TMA00317,CGRP-Gamma 1,False,False,False,none
hoaojdnb-1,TMA00317,Nonpeptidergic nociceptors,False,False,False,none
hoapooej-1,TMA00317,Nonpeptidergic nociceptors,False,False,False,none
hobblcic-1,TMA00317,C-LTMR,False,False,False,none
hobcappj-1,TMA00317,Nonpeptidergic nociceptors,False,False,False,none
hobmmanj-1,TMA00317,C-LTMR,False,False,False,none
hoccjjkp-1,TMA00317,Nonpeptidergic nociceptors,False,False,False,none
hociiaid-1,TMA00317,Nonpeptidergic nociceptors,False,False,False,none
hociifhk-1,TMA00317,Nonpeptidergic nociceptors,False,False,False,none
hocjghgl-1,TMA00317,CGRP-Gamma 1,False,False,False,none
hocjjcpg-1,TMA00317,Nonpeptidergic nociceptors,False,False,False,none
hocmlhgj-1,TMA00317,CGRP-Gamma 2,False,False,False,none
hodjobkh-1,TMA00317,Abeta-Field,False,False,False,none
hodmbljk-1,TMA00317,CGRP-Gamma 1,False,False,False,none
hoecjeej-1,TMA00317,CGRP-Gamma 1,False,False,False,none
hoekgkbp-1,TMA00317,CGRP-Gamma 2,False,False,False,none
hofajkkp-1,TMA00317,CGRP-Theta,False,False,False,none
hofbelko-1,TMA00317,CGRP-Eta,False,False,False,none
hofehcon-1,TMA00317,CGRP-Eta,False,False,False,none
hoffidbl-1,TMA00317,CGRP-Eta,False,False,False,none
hofjefme-1,TMA00317,Nonpeptidergic nociceptors,False,False,False,none
hogbfacn-1,TMA00317,Proprioceptors,False,False,False,none
hogeille-1,TMA00317,Nonpeptidergic nociceptors,False,False,False,none
hoggbban-1,TMA00317,CGRP-Gamma 1,False,False,False,none
hoiehcpi-1,TMA00317,Nonpeptidergic nociceptors,False,False,False,none
hoiekfpi-1,TMA00317,Nonpeptidergic nociceptors,False,False,False,none
hoigijce-1,TMA00317,Nonpeptidergic nociceptors,False,False,False,none
hoiihmaj-1,TMA00317,TrpM8,False,False,False,none
hojapdnp-1,TMA00317,CGRP-Gamma 2,False,False,False,none
hojbmlko-1,TMA00317,CGRP-Eta,False,False,False,none
hojjadag-1,TMA00317,CGRP-Zeta,False,False,False,none
hokambel-1,TMA00317,CGRP-Zeta,False,False,False,none
hokchpgh-1,TMA00317,Sst,False,False,False,none
hoklmkpp-1,TMA00317,CGRP-Alpha,False,False,False,none
homeclep-1,TMA00317,CGRP-Gamma 2,False,False,False,none
homgplfh-1,TMA00317,C-LTMR,False,False,False,none
hompppmp-1,TMA00317,Nonpeptidergic nociceptors,False,False,False,none
honbgomo-1,TMA00317,Nonpeptidergic nociceptors,False,False,False,none
honebakp-1,TMA00317,Nonpeptidergic nociceptors,False,False,False,none
honhfppi-1,TMA00317,Sst,False,False,False,none
hononopm-1,TMA00317,Sst,False,False,False,none
hooekaoo-1,TMA00317,CGRP-Eta,False,False,False,none
hookegko-1,TMA00317,CGRP-Gamma 1,False,False,False,none
hoomniac-1,TMA00317,CGRP-Gamma 1,False,False,False,none
hopabkpe-1,TMA00317,CGRP-Gamma 1,False,False,False,none
hopnijjl-1,TMA00317,CGRP-Gamma 1,False,False,False,none
hopnobha-1,TMA00317,CGRP-Gamma 1,False,False,False,none
hpaeffpj-1,TMA00317,Sst,False,False,False,none
hpajbhnm-1,TMA00317,Sst,False,False,False,none
hpbbmgdl-1,TMA00317,CGRP-Eta,False,False,False,none
hpbfdmhi-1,TMA00317,Sst,False,False,False,none
hpbhdecg-1,TMA00317,Nonpeptidergic nociceptors,False,False,False,none
hpbijing-1,TMA00317,Nonpeptidergic nociceptors,False,False,False,none
hpbkiekf-1,TMA00317,CGRP-Gamma 1,False,False,False,none
hpbmfain-1,TMA00317,CGRP-Zeta,False,False,False,none
hpcnfcpc-1,TMA00317,Nonpeptidergic nociceptors,False,False,False,none
hpdghkdm-1,TMA00317,CGRP-Gamma 1,False,False,False,none
hpdglgde-1,TMA00317,CGRP-Theta,False,False,False,none
hpdjolke-1,TMA00317,CGRP-Alpha,False,False,False,none
hpebplje-1,TMA00317,C-LTMR,False,False,False,none
hpechhjn-1,TMA00317,CGRP-Beta,False,False,False,none
hpeckopf-1,TMA00317,CGRP-Alpha,False,False,False,none
hpedceak-1,TMA00317,CGRP-Alpha,False,False,False,none
hpehbjjf-1,TMA00317,CGRP-Theta,False,False,False,none
hpekglmg-1,TMA00317,CGRP-Theta,False,False,False,none
hpeohhnn-1,TMA00317,Nonpeptidergic nociceptors,False,False,False,none
hpeolpkf-1,TMA00317,CGRP-Gamma 1,False,False,False,none
hpfbgnch-1,TMA00317,CGRP-Eta,False,False,False,none
hpfekhia-1,TMA00317,CGRP-Alpha,False,False,False,none
hpgpdjmi-1,TMA00317,CGRP-Alpha,False,False,False,none
hphiiafd-1,TMA00317,CGRP-Gamma 1,False,False,False,none
hphlllgc-1,TMA00317,TrpM8,False,False,False,none
hphnipnp-1,TMA00317,CGRP-Gamma 1,False,False,False,none
hplndend-1,TMA00317,CGRP-Gamma 1,False,False,False,none
hpmeifgn-1,TMA00317,Sst,False,False,False,none
hpmfohjo-1,TMA00317,C-LTMR,False,False,False,none
hpmgadlk-1,TMA00317,CGRP-Gamma 1,False,False,False,none
hpmjdend-1,TMA00317,CGRP-Gamma 1,False,False,False,none
hpmmddhf-1,TMA00317,CGRP-Eta,False,False,False,none
hpmomkjo-1,TMA00317,CGRP-Eta,False,False,False,none
hpnphgem-1,TMA00317,CGRP-Gamma 1,False,False,False,none
hpoaogeo-1,TMA00317,TrpM8,False,False,False,none
iabidnpm-1,TMA00317,CGRP-Beta,False,False,False,none
iacbcpog-1,TMA00317,CGRP-Eta,False,False,False,none
iadkkncc-1,TMA00317,CGRP-Gamma 1,False,False,False,none
iadlackg-1,TMA00317,CGRP-Gamma 1,False,False,False,none
iadmfiia-1,TMA00317,CGRP-Gamma 1,False,False,False,none
iadmlgih-1,TMA00317,CGRP-Gamma 1,False,False,False,none
iadpejab-1,TMA00317,CGRP-Gamma 1,False,False,False,none
iaenajdf-1,TMA00317,C-LTMR,False,False,False,none
iaenhomi-1,TMA00317,CGRP-Zeta,False,False,False,none
iaeoceac-1,TMA00317,CGRP-Gamma 1,False,False,False,none
iafeijnn-1,TMA00317,CGRP-Eta,False,False,False,none
iafiidic-1,TMA00317,CGRP-Eta,False,False,False,none
iafocnni-1,TMA00317,Abeta-Field,False,False,False,none
iafoebmh-1,TMA00317,CGRP-Gamma 1,False,False,False,none
iafpdcim-1,TMA00317,CGRP-Gamma 1,False,False,False,none
iaggajgi-1,TMA00317,CGRP-Eta,False,False,False,none
iagngiop-1,TMA00317,CGRP-Gamma 1,False,True,False,dTomato_Seq2_hi
iagnkdoi-1,TMA00317,Sst,False,True,False,dTomato_Seq2_hi
iagphahn-1,TMA00317,CGRP-Zeta,False,False,False,none
iahappao-1,TMA00317,C-LTMR,False,False,False,none
iahblnlp-1,TMA00317,Adelta-LTMR,False,False,False,none
iahhkmil-1,TMA00317,Adelta-LTMR,False,False,False,none
iahkhbok-1,TMA00317,CGRP-Gamma 1,False,False,False,none
iahokepb-1,TMA00317,CGRP-Gamma 1,False,False,False,none
iahpnfke-1,TMA00317,Nonpeptidergic nociceptors,False,False,False,none
iaickomh-1,TMA00317,CGRP-Gamma 1,False,False,False,none
iaieibcm-1,TMA00317,Nonpeptidergic nociceptors,False,False,False,none
iajbmhim-1,TMA00317,Proprioceptors,False,False,False,none
iajnedna-1,TMA00317,Nonpeptidergic nociceptors,False,False,False,none
iakdnagd-1,TMA00317,CGRP-Gamma 2,False,False,False,none
iakmaecl-1,TMA00317,TrpM8,False,False,False,none
ialjgagn-1,TMA00317,CGRP-Gamma 1,False,False,False,none
ialkcglh-1,TMA00317,CGRP-Gamma 1,False,False,False,none
ialmepii-1,TMA00317,CGRP-Gamma 1,False,False,False,none
ialnmbcl-1,TMA00317,Abeta-Field,False,False,False,none
iamcgcnl-1,TMA00317,TrpM8,False,False,False,none
iamgbghd-1,TMA00317,CGRP-Gamma 1,False,False,False,none
iamglgii-1,TMA00317,TrpM8,False,False,False,none
iamhlclc-1,TMA00317,CGRP-Gamma 1,False,False,False,none
ianefcal-1,TMA00317,TrpM8,False,False,False,none
iannndna-1,TMA00317,CGRP-Gamma 2,False,False,False,none
iaocjdod-1,TMA00317,CGRP-Gamma 1,False,False,False,none
iaonmmgh-1,TMA00317,CGRP-Zeta,False,False,False,none
iapbbhkc-1,TMA00317,CGRP-Zeta,False,False,False,none
iapbkbik-1,TMA00317,CGRP-Theta,False,False,False,none
iaphakkn-1,TMA00317,CGRP-Gamma 1,False,False,False,none
iaplhnoi-1,TMA00317,CGRP-Gamma 1,False,False,False,none
iaplipmi-1,TMA00317,Sst,False,False,False,none
ibbaeaob-1,TMA00317,CGRP-Gamma 1,False,False,False,none
ibcjnkmj-1,TMA00317,CGRP-Eta,False,False,False,none
ibckdodp-1,TMA00317,CGRP-Gamma 1,False,False,False,none
ibdpfdhm-1,TMA00317,CGRP-Gamma 1,False,False,False,none
ibehpaef-1,TMA00317,CGRP-Gamma 1,False,False,False,none
ibeihflj-1,TMA00317,CGRP-Gamma 1,False,False,False,none
ibgnpnbh-1,TMA00317,CGRP-Eta,False,False,False,none
ibgofabe-1,TMA00317,CGRP-Gamma 1,False,False,False,none
ibhggccg-1,TMA00317,CGRP-Gamma 1,False,False,False,none
ibkeilef-1,TMA00317,TrpM8,False,False,False,none
ibkgnbje-1,TMA00317,TrpM8,False,False,False,none
ibkmdmam-1,TMA00317,CGRP-Alpha,False,False,False,none
iblajbch-1,TMA00317,CGRP-Eta,False,False,False,none
iblfklpf-1,TMA00317,CGRP-Alpha,False,False,False,none
ibmkcbob-1,TMA00317,CGRP-Gamma 1,False,False,False,none
ibmmfcgm-1,TMA00317,CGRP-Alpha,False,False,False,none
ibnbmead-1,TMA00317,CGRP-Gamma 1,False,False,False,none
ibppppco-1,TMA00317,CGRP-Gamma 1,False,False,False,none
icaalfdl-1,TMA00317,Sst,False,False,False,none
icbbpimb-1,TMA00317,CGRP-Gamma 1,False,False,False,none
icbojdmf-1,TMA00317,CGRP-Gamma 1,False,False,False,none
iccbacke-1,TMA00317,CGRP-Gamma 1,False,False,False,none
iccgjnkf-1,TMA00317,CGRP-Beta,False,False,False,none
iccjafok-1,TMA00317,CGRP-Gamma 1,False,False,False,none
icfbchig-1,TMA00317,CGRP-Beta,False,False,False,none
ichfdopn-1,TMA00317,C-LTMR,False,False,False,none
icikajjl-1,TMA00317,CGRP-Alpha,False,False,False,none
icjgobfo-1,TMA00317,CGRP-Gamma 2,False,False,False,none
icljnajl-1,TMA00317,CGRP-Zeta,False,False,False,none
icmbgook-1,TMA00317,Nonpeptidergic nociceptors,False,False,False,none
icnbfjgb-1,TMA00317,CGRP-Zeta,False,False,False,none
idcnljom-1,TMA00317,CGRP-Gamma 1,False,False,False,none
idcohfae-1,TMA00317,TrpM8,False,False,False,none
idddcidb-1,TMA00317,Nonpeptidergic nociceptors,False,False,False,none
iddefcja-1,TMA00317,CGRP-Gamma 1,False,False,False,none
idedogdk-1,TMA00317,Nonpeptidergic nociceptors,False,False,False,none
idgfgfje-1,TMA00317,CGRP-Gamma 1,False,False,False,none
idgpgdko-1,TMA00317,Nonpeptidergic nociceptors,False,False,False,none
iedcncmg-1,TMA00317,Nonpeptidergic nociceptors,False,False,False,none
ieeikbeh-1,TMA00317,CGRP-Epsilion,False,False,False,none
ieejhaih-1,TMA00317,C-LTMR,False,False,False,none
ieeojbnp-1,TMA00317,CGRP-Alpha,False,False,False,none
iefnfdal-1,TMA00317,C-LTMR,False,False,False,none
iefnkilb-1,TMA00317,CGRP-Epsilion,False,False,False,none
iegdgoho-1,TMA00317,CGRP-Epsilion,False,False,False,none
iegdlpnc-1,TMA00317,C-LTMR,False,False,False,none
ieinhmga-1,TMA00317,CGRP-Eta,False,False,False,none
ieinpekf-1,TMA00317,Nonpeptidergic nociceptors,False,False,False,none
iekfajce-1,TMA00317,TrpM8,False,False,False,none
iekhjklm-1,TMA00317,TrpM8,False,False,False,none
iekijbld-1,TMA00317,TrpM8,False,False,False,none
iemmnlob-1,TMA00317,CGRP-Eta,False,False,False,none
iencielg-1,TMA00317,CGRP-Theta,False,False,False,none
ifallake-1,TMA00317,CGRP-Eta,False,False,False,none
ifanmkpe-1,TMA00317,CGRP-Eta,False,False,False,none
ifbcldpb-1,TMA00317,Nonpeptidergic nociceptors,False,False,False,none
ifblcdgc-1,TMA00317,CGRP-Eta,False,False,False,none
ifcilpdm-1,TMA00317,TrpM8,False,False,False,none
ifdelfgm-1,TMA00317,CGRP-Gamma 1,False,False,False,none
ifffmikl-1,TMA00317,Nonpeptidergic nociceptors,False,False,False,none
iffhahko-1,TMA00317,Abeta-RA-LTMR,False,False,False,none
ifgpicki-1,TMA00317,Nonpeptidergic nociceptors,False,False,False,none
ifgpnnpc-1,TMA00317,Nonpeptidergic nociceptors,False,False,False,none
ifjgmebc-1,TMA00317,Abeta-RA-LTMR,False,False,False,none
ifkjfnej-1,TMA00317,Nonpeptidergic nociceptors,False,False,False,none
ifkmjghi-1,TMA00317,Abeta-RA-LTMR,False,False,False,none
iflgaejh-1,TMA00317,CGRP-Gamma 1,False,False,False,none
iflphcmo-1,TMA00317,CGRP-Gamma 1,False,False,False,none
ifmijoep-1,TMA00317,CGRP-Alpha,False,False,False,none
ifmmipbb-1,TMA00317,Sst,False,False,False,none
ifmngomi-1,TMA00317,Sst,False,False,False,none
ifnapigg-1,TMA00317,CGRP-Epsilion,False,False,False,none
ifnjhnii-1,TMA00317,CGRP-Epsilion,False,False,False,none
ifnndnld-1,TMA00317,CGRP-Epsilion,False,False,False,none
ifocgclc-1,TMA00317,CGRP-Epsilion,False,False,False,none
ifoclopf-1,TMA00317,CGRP-Epsilion,False,False,False,none
ifoifogi-1,TMA00317,CGRP-Epsilion,False,False,False,none
ifpapohe-1,TMA00317,Abeta-RA-LTMR,False,False,False,none
ifpckold-1,TMA00317,Abeta-Field,False,False,False,none
ifpnlokn-1,TMA00317,CGRP-Epsilion,False,False,False,none
ifpphena-1,TMA00317,CGRP-Zeta,False,False,False,none
igaeflmd-1,TMA00317,C-LTMR,False,False,False,none
igaiiagg-1,TMA00317,C-LTMR,False,False,False,none
igbggphb-1,TMA00317,CGRP-Epsilion,False,False,False,none
igbmnhck-1,TMA00317,TrpM8,False,False,False,none
igbnbghc-1,TMA00317,TrpM8,False,False,False,none
igcabmbk-1,TMA00317,Nonpeptidergic nociceptors,False,False,False,none
igceoolh-1,TMA00317,Sst,False,False,False,none
igcpgbdd-1,TMA00317,Nonpeptidergic nociceptors,False,False,False,none
igdakele-1,TMA00317,Nonpeptidergic nociceptors,False,False,False,none
igenekdk-1,TMA00317,Sst,False,False,False,none
igenjjjg-1,TMA00317,TrpM8,False,False,False,none
igepgdel-1,TMA00317,Sst,False,False,False,none
igfbhfcf-1,TMA00317,TrpM8,False,False,False,none
igfblpod-1,TMA00317,Nonpeptidergic nociceptors,False,False,False,none
igglocfp-1,TMA00317,Nonpeptidergic nociceptors,False,False,False,none
iggpdfcd-1,TMA00317,Nonpeptidergic nociceptors,False,False,False,none
iggpflmj-1,TMA00317,Nonpeptidergic nociceptors,False,False,False,none
iggpleeb-1,TMA00317,CGRP-Eta,False,False,False,none
ighcjfdl-1,TMA00317,TrpM8,False,False,False,none
ighdlljl-1,TMA00317,Abeta-RA-LTMR,False,False,False,none
ighjciig-1,TMA00317,CGRP-Alpha,False,False,False,none
ighngooe-1,TMA00317,CGRP-Gamma 1,False,False,False,none
igibohmn-1,TMA00317,CGRP-Gamma 1,False,False,False,none
igiiihgk-1,TMA00317,CGRP-Theta,False,False,False,none
igimmgcd-1,TMA00317,CGRP-Theta,False,False,False,none
igjnolip-1,TMA00317,Nonpeptidergic nociceptors,False,False,False,none
igkaccii-1,TMA00317,C-LTMR,False,False,False,none
igkoabmm-1,TMA00317,Nonpeptidergic nociceptors,False,False,False,none
igkpcagn-1,TMA00317,C-LTMR,False,False,False,none
igmpippn-1,TMA00317,TrpM8,False,False,False,none
igncofkf-1,TMA00317,TrpM8,False,False,False,none
ignjojjg-1,TMA00317,CGRP-Beta,False,False,False,none
ignmgmmc-1,TMA00317,TrpM8,False,False,False,none
igokaohf-1,TMA00317,Sst,False,False,False,none
igpidfol-1,TMA00317,Nonpeptidergic nociceptors,False,False,False,none
igpjffcb-1,TMA00317,Nonpeptidergic nociceptors,False,False,False,none
ihadoppp-1,TMA00317,Nonpeptidergic nociceptors,False,False,False,none
ihcbdjaa-1,TMA00317,CGRP-Gamma 1,False,False,False,none
ihcbhied-1,TMA00317,TrpM8,False,False,False,none
ihcbikki-1,TMA00317,TrpM8,False,False,False,none
ihcegone-1,TMA00317,TrpM8,False,False,False,none
ihcfimgk-1,TMA00317,Sst,False,False,False,none
ihcmajje-1,TMA00317,CGRP-Epsilion,False,False,False,none
ihfibich-1,TMA00317,CGRP-Theta,False,False,False,none
ihfmchmp-1,TMA00317,CGRP-Theta,False,False,False,none
ihgmapbf-1,TMA00317,CGRP-Eta,False,False,False,none
ihhadfom-1,TMA00317,Abeta-RA-LTMR,False,False,False,none
ihhbfmbo-1,TMA00317,CGRP-Eta,False,False,False,none
ihhegpci-1,TMA00317,CGRP-Theta,False,False,False,none
ihhfcdff-1,TMA00317,CGRP-Gamma 1,False,False,False,none
ihhocbej-1,TMA00317,CGRP-Theta,False,False,False,none
ihigegpb-1,TMA00317,CGRP-Zeta,False,False,False,none
ihiihndi-1,TMA00317,Nonpeptidergic nociceptors,False,False,False,none
ihjcfckm-1,TMA00317,Nonpeptidergic nociceptors,False,False,False,none
ihjhgajk-1,TMA00317,Nonpeptidergic nociceptors,False,False,False,none
ihjoelcc-1,TMA00317,Nonpeptidergic nociceptors,False,False,False,none
ihkbemin-1,TMA00317,CGRP-Alpha,False,False,False,none
ihkhjacc-1,TMA00317,Nonpeptidergic nociceptors,False,False,False,none
ihkikncc-1,TMA00317,CGRP-Eta,False,False,False,none
ihknoeeb-1,TMA00317,Nonpeptidergic nociceptors,False,False,False,none
ihlgcgln-1,TMA00317,CGRP-Epsilion,False,False,False,none
ihlkoldi-1,TMA00317,Abeta-Field,False,False,False,none
ihmdmpjp-1,TMA00317,CGRP-Gamma 1,False,False,False,none
ihmdpcif-1,TMA00317,CGRP-Alpha,False,False,False,none
ihmhbphd-1,TMA00317,CGRP-Gamma 1,False,False,False,none
ihnbcamp-1,TMA00317,Abeta-Field,False,False,False,none
ihnfapah-1,TMA00317,CGRP-Gamma 1,False,False,False,none
ihnpnkkc-1,TMA00317,Nonpeptidergic nociceptors,False,False,False,none
ihpcffpa-1,TMA00317,Sst,False,False,False,none
iibniakh-1,TMA00317,Nonpeptidergic nociceptors,False,False,False,none
iigoglhd-1,TMA00317,CGRP-Eta,False,False,False,none
iipehflh-1,TMA00317,Nonpeptidergic nociceptors,False,False,False,none
ijaeccip-1,TMA00317,Nonpeptidergic nociceptors,False,False,False,none
ijdiiaom-1,TMA00317,Sst,False,False,False,none
ijeblinf-1,TMA00317,Nonpeptidergic nociceptors,False,False,False,none
ijedbpak-1,TMA00317,Nonpeptidergic nociceptors,False,False,False,none
ijeogook-1,TMA00317,TrpM8,False,False,False,none
ijfdemcj-1,TMA00317,TrpM8,False,False,False,none
ijfekgob-1,TMA00317,TrpM8,False,False,False,none
ijfindfj-1,TMA00317,TrpM8,False,False,False,none
ijkjkpmp-1,TMA00317,Sst,False,False,False,none
ijkkmkne-1,TMA00317,Sst,False,False,False,none
ijlcogbh-1,TMA00317,Sst,False,False,False,none
ijldgkpl-1,TMA00317,Nonpeptidergic nociceptors,False,False,False,none
ijlfofnh-1,TMA00317,CGRP-Theta,False,False,False,none
ijlgjfgf-1,TMA00317,Nonpeptidergic nociceptors,False,False,False,none
ijlmgbdc-1,TMA00317,Nonpeptidergic nociceptors,False,False,False,none
ijmajkdb-1,TMA00317,Sst,False,False,False,none
ijnpamim-1,TMA00317,CGRP-Gamma 1,False,False,False,none
ikamgeim-1,TMA00317,Nonpeptidergic nociceptors,False,False,False,none
ikbeecfh-1,TMA00317,CGRP-Gamma 2,False,False,False,none
ikbgijmh-1,TMA00317,Nonpeptidergic nociceptors,False,False,False,none
ikliaebl-1,TMA00317,CGRP-Alpha,False,False,False,none
ikllikid-1,TMA00317,CGRP-Alpha,False,False,False,none
ikmjdhco-1,TMA00317,CGRP-Alpha,False,False,False,none
ikpnppli-1,TMA00317,Sst,False,False,False,none
ilcgipfl-1,TMA00317,C-LTMR,False,False,False,none
ilelbnei-1,TMA00317,CGRP-Gamma 1,False,False,False,none
illcbofj-1,TMA00317,TrpM8,False,False,False,none
imbdobgf-1,TMA00317,Sst,False,False,False,none
imbeopof-1,TMA00317,Sst,False,False,False,none
imcghlmj-1,TMA00317,CGRP-Theta,False,False,False,none
imchcipc-1,TMA00317,CGRP-Epsilion,False,False,False,none
imckempm-1,TMA00317,CGRP-Epsilion,False,False,False,none
imdceion-1,TMA00317,Proprioceptors,False,False,False,none
imnlklld-1,TMA00317,C-LTMR,False,False,False,none
impaneoc-1,TMA00317,CGRP-Alpha,False,False,False,none
impaocki-1,TMA00317,Sst,False,False,False,none
inacgahd-1,TMA00317,CGRP-Gamma 1,False,False,False,none
inadmeab-1,TMA00317,CGRP-Beta,False,False,False,none
inaglheg-1,TMA00317,Sst,False,False,False,none
inaioabb-1,TMA00317,CGRP-Beta,False,False,False,none
inaljgbg-1,TMA00317,Sst,False,False,False,none
inbaonli-1,TMA00317,CGRP-Theta,False,False,False,none
incdhddg-1,TMA00317,Sst,False,False,False,none
incfpchd-1,TMA00317,CGRP-Zeta,False,False,False,none
indafhnh-1,TMA00317,CGRP-Theta,False,False,False,none
indehffl-1,TMA00317,Sst,False,False,False,none
indigadm-1,TMA00317,Sst,False,False,False,none
indjbple-1,TMA00317,CGRP-Theta,False,False,False,none
ioaebahl-1,TMA00317,Abeta-Field,False,False,False,none
ioeknimf-1,TMA00317,Nonpeptidergic nociceptors,False,False,False,none
ipblbmae-1,TMA00317,Nonpeptidergic nociceptors,False,False,False,none
ipcbnfkb-1,TMA00317,CGRP-Theta,False,False,False,none
ipdphfjc-1,TMA00317,Nonpeptidergic nociceptors,False,False,False,none
ipgicbnh-1,TMA00317,CGRP-Eta,False,False,False,none
ipicojfc-1,TMA00317,CGRP-Zeta,False,False,False,none
ipiflnpl-1,TMA00317,CGRP-Gamma 1,False,False,False,none
ipiifbaf-1,TMA00317,Nonpeptidergic nociceptors,False,False,False,none
ipjbmebh-1,TMA00317,Proprioceptors,False,False,False,none
ipjfgdbh-1,TMA00317,CGRP-Zeta,False,False,False,none
ipkilcpe-1,TMA00317,CGRP-Alpha,False,False,False,none
ipmkmijd-1,TMA00317,Abeta-Field,False,False,False,none
ipmnfbjo-1,TMA00317,CGRP-Gamma 1,False,False,False,none
ipnipbfm-1,TMA00317,CGRP-Zeta,False,False,False,none
jaddfpmh-1,TMA00317,Nonpeptidergic nociceptors,False,False,False,none
jaehcfdd-1,TMA00317,Nonpeptidergic nociceptors,False,False,False,none
jafggecj-1,TMA00317,TrpM8,False,False,False,none
jagjcogg-1,TMA00317,CGRP-Alpha,False,False,False,none
jahbfmfe-1,TMA00317,TrpM8,False,False,False,none
jahdffmk-1,TMA00317,CGRP-Theta,False,False,False,none
jahepbmn-1,TMA00317,Nonpeptidergic nociceptors,False,False,False,none
jaidgagc-1,TMA00317,Nonpeptidergic nociceptors,False,False,False,none
jaijmeoh-1,TMA00317,Nonpeptidergic nociceptors,False,False,False,none
jaimnicn-1,TMA00317,Sst,False,False,False,none
jainpkki-1,TMA00317,Sst,False,False,False,none
jaiojflo-1,TMA00317,Sst,False,False,False,none
jaipopgc-1,TMA00317,CGRP-Gamma 1,False,False,False,none
jajjgpdk-1,TMA00317,CGRP-Eta,False,False,False,none
jajlcmgg-1,TMA00317,Sst,False,False,False,none
jajngmll-1,TMA00317,TrpM8,False,False,False,none
jccmleeg-1,TMA00317,CGRP-Epsilion,False,False,False,none
jccpgcce-1,TMA00317,CGRP-Eta,False,False,False,none
jcoobemp-1,TMA00317,Abeta-Field,True,False,False,EGFP_Seq1_hi
jcpdoilj-1,TMA00317,Nonpeptidergic nociceptors,False,False,False,none
jcpmgidj-1,TMA00317,CGRP-Zeta,False,False,False,none
jdadlfin-1,TMA00317,Nonpeptidergic nociceptors,False,False,False,none
jdbbpdml-1,TMA00317,CGRP-Zeta,False,False,False,none
jegceenp-1,TMA00317,Nonpeptidergic nociceptors,False,False,False,none
jegcgeeb-1,TMA00317,TrpM8,False,False,False,none
jeghhbbc-1,TMA00317,Nonpeptidergic nociceptors,False,False,False,none
jegmeoik-1,TMA00317,Nonpeptidergic nociceptors,False,False,False,none
jehkccck-1,TMA00317,CGRP-Epsilion,False,False,False,none
jeicelic-1,TMA00317,CGRP-Gamma 1,False,False,False,none
jeidagmf-1,TMA00317,TrpM8,False,False,False,none
jeimcmpc-1,TMA00317,CGRP-Gamma 1,False,False,False,none
jejkgned-1,TMA00317,Abeta-Field,False,False,False,none
jejogbik-1,TMA00317,C-LTMR,False,False,False,none
jekbhlhl-1,TMA00317,C-LTMR,False,False,False,none
jekdbmnn-1,TMA00317,Nonpeptidergic nociceptors,False,False,False,none
jelaocdp-1,TMA00317,CGRP-Zeta,False,False,False,none
jelfmkag-1,TMA00317,Nonpeptidergic nociceptors,False,False,False,none
jelijpoo-1,TMA00317,Nonpeptidergic nociceptors,False,False,False,none
jemfceom-1,TMA00317,CGRP-Theta,False,False,False,none
jenaaneo-1,TMA00317,Nonpeptidergic nociceptors,False,False,False,none
jendhbia-1,TMA00317,TrpM8,False,False,False,none
jepingli-1,TMA00317,CGRP-Gamma 1,False,False,False,none
jfdbaipi-1,TMA00317,CGRP-Eta,False,False,False,none
jfehdpha-1,TMA00317,Sst,False,False,False,none
jfemnepb-1,TMA00317,CGRP-Alpha,False,False,False,none
jfhdemdi-1,TMA00317,CGRP-Alpha,False,False,False,none
jfhdkpho-1,TMA00317,CGRP-Epsilion,False,False,False,none
jfikogcl-1,TMA00317,Abeta-RA-LTMR,False,False,False,none
jfkeolij-1,TMA00317,Nonpeptidergic nociceptors,False,False,False,none
jfkjoaca-1,TMA00317,Nonpeptidergic nociceptors,False,False,False,none
jgcbdije-1,TMA00317,CGRP-Theta,False,False,False,none
jgcbiakm-1,TMA00317,CGRP-Theta,False,False,False,none
jgcdafdj-1,TMA00317,CGRP-Theta,False,False,False,none
jgfinafe-1,TMA00317,Nonpeptidergic nociceptors,False,False,False,none
jgkamjcn-1,TMA00317,CGRP-Epsilion,False,False,False,none
jglininn-1,TMA00317,TrpM8,False,False,False,none
jgnhldlp-1,TMA00317,CGRP-Gamma 1,False,False,False,none
jgnimbmo-1,TMA00317,CGRP-Gamma 1,False,False,False,none
jgpfjnfh-1,TMA00317,CGRP-Alpha,False,False,False,none
jhdhkaai-1,TMA00317,CGRP-Alpha,False,False,False,none
jhgnjmpd-1,TMA00317,CGRP-Eta,False,False,False,none
jidiedam-1,TMA00317,CGRP-Eta,False,False,False,none
jiijllng-1,TMA00317,CGRP-Epsilion,False,False,False,none
jiikiokd-1,TMA00317,Nonpeptidergic nociceptors,False,False,False,none
jijicjap-1,TMA00317,Nonpeptidergic nociceptors,False,False,False,none
jijjonkk-1,TMA00317,CGRP-Epsilion,False,False,False,none
jikocfca-1,TMA00317,CGRP-Alpha,False,False,False,none
jkllenep-1,TMA00317,Proprioceptors,False,False,False,none
jlbnifeo-1,TMA00317,Nonpeptidergic nociceptors,False,False,False,none
jlbnnnbh-1,TMA00317,Nonpeptidergic nociceptors,False,False,False,none
jldphdcf-1,TMA00317,Nonpeptidergic nociceptors,False,False,False,none
jlfbhfbn-1,TMA00317,Nonpeptidergic nociceptors,False,False,False,none
jlgfikhj-1,TMA00317,Proprioceptors,False,False,False,none
jlgoiefi-1,TMA00317,CGRP-Theta,False,False,False,none
jlhedgdm-1,TMA00317,CGRP-Theta,False,False,False,none
jlhedhdi-1,TMA00317,CGRP-Theta,False,False,False,none
jllhjgpe-1,TMA00317,Sst,False,False,False,none
jmcbnjlk-1,TMA00317,Proprioceptors,False,False,False,none
jmflbnkl-1,TMA00317,Sst,False,False,False,none
jmflgcpm-1,TMA00317,Sst,False,False,False,none
jnojpabp-1,TMA00317,Abeta-RA-LTMR,False,False,False,none
jocbaanb-1,TMA00317,Nonpeptidergic nociceptors,False,False,False,none
jocfikph-1,TMA00317,CGRP-Theta,False,False,False,none
jodgdelp-1,TMA00317,Nonpeptidergic nociceptors,False,False,False,none
jodocaak-1,TMA00317,Proprioceptors,False,False,False,none
joebccpg-1,TMA00317,CGRP-Zeta,False,False,False,none
jofcfllm-1,TMA00317,CGRP-Epsilion,False,False,False,none
jofcmkon-1,TMA00317,CGRP-Theta,False,False,False,none
joghnhoj-1,TMA00317,CGRP-Theta,False,False,False,none
jogjjmlb-1,TMA00317,Sst,False,False,False,none
jogmgmdk-1,TMA00317,CGRP-Theta,False,False,False,none
johhhdko-1,TMA00317,CGRP-Zeta,False,False,False,none
jojejfpf-1,TMA00317,CGRP-Alpha,False,False,False,none
jokpgkbd-1,TMA00317,Nonpeptidergic nociceptors,False,False,False,none
jolcffjp-1,TMA00317,Nonpeptidergic nociceptors,False,False,False,none
jomkfgek-1,TMA00317,Nonpeptidergic nociceptors,False,False,False,none
joobpihk-1,TMA00317,Abeta-RA-LTMR,False,False,False,none
joooghjb-1,TMA00317,Abeta-Field,False,False,False,none
jpoaboja-1,TMA00317,TrpM8,False,False,False,none
kabfeejk-1,TMA00317,CGRP-Gamma 1,False,False,False,none
kadacalg-1,TMA00317,TrpM8,False,False,False,none
kadgdbme-1,TMA00317,CGRP-Gamma 2,False,False,False,none
kadnkopk-1,TMA00317,CGRP-Gamma 1,False,False,False,none
kafnhaei-1,TMA00317,Sst,False,False,False,none
kagdpode-1,TMA00317,Sst,False,False,False,none
kakebdja-1,TMA00317,CGRP-Gamma 2,False,False,False,none
kakjijkh-1,TMA00317,CGRP-Gamma 1,False,False,False,none
kamedbmj-1,TMA00317,CGRP-Eta,False,False,False,none
kamfjcpc-1,TMA00317,CGRP-Gamma 1,False,False,False,none
kbaphajg-1,TMA00317,TrpM8,False,False,False,none
kgfkmjim-1,TMA00317,CGRP-Epsilion,False,False,False,none
kggfidje-1,TMA00317,CGRP-Eta,False,False,False,none
kggichnk-1,TMA00317,CGRP-Gamma 1,False,False,False,none
kggmegch-1,TMA00317,CGRP-Epsilion,False,False,False,none
kggpfkla-1,TMA00317,CGRP-Gamma 1,False,False,False,none
kghaeedk-1,TMA00317,CGRP-Eta,False,False,False,none
kghlhkpa-1,TMA00317,CGRP-Eta,False,False,False,none
kghmbdni-1,TMA00317,CGRP-Gamma 1,False,True,False,dTomato_Seq2_hi
kgicjcfi-1,TMA00317,CGRP-Gamma 1,False,True,False,dTomato_Seq2_hi
kgigcedi-1,TMA00317,CGRP-Gamma 2,False,False,False,none
kgihopgf-1,TMA00317,CGRP-Gamma 2,False,False,False,none
kgingfgg-1,TMA00317,CGRP-Eta,False,False,False,none
kgjaocec-1,TMA00317,Abeta-Field,False,False,False,none
kgjbaibd-1,TMA00317,Abeta-Field,False,False,False,none
kgjcpaae-1,TMA00317,CGRP-Eta,False,False,False,none
kgjdoham-1,TMA00317,TrpM8,False,False,False,none
kgjecanf-1,TMA00317,CGRP-Theta,False,False,False,none
kgjfdgel-1,TMA00317,Abeta-RA-LTMR,False,False,False,none
kgjfhpif-1,TMA00317,CGRP-Theta,False,False,False,none
kgjfjbda-1,TMA00317,Abeta-Field,False,False,False,none
kgjmneba-1,TMA00317,CGRP-Epsilion,False,False,False,none
kgjndcmn-1,TMA00317,CGRP-Eta,False,False,False,none
kgjpejjl-1,TMA00317,CGRP-Zeta,False,False,False,none
kgkbhfje-1,TMA00317,Nonpeptidergic nociceptors,False,False,False,none
kglcmadk-1,TMA00317,CGRP-Alpha,False,False,False,none
kglemahf-1,TMA00317,CGRP-Zeta,False,False,False,none
kgllfamk-1,TMA00317,CGRP-Eta,False,False,False,none
kgmegioa-1,TMA00317,TrpM8,False,False,False,none
kgmgnjce-1,TMA00317,CGRP-Zeta,False,False,False,none
kgmmlpnb-1,TMA00317,CGRP-Gamma 1,False,False,False,none
kgmnfldo-1,TMA00317,CGRP-Gamma 1,False,False,False,none
kgncfecc-1,TMA00317,CGRP-Gamma 1,False,False,False,none
kgnfnddc-1,TMA00317,CGRP-Gamma 1,False,False,False,none
kgochhic-1,TMA00317,Adelta-LTMR,False,False,False,none
kgocpeln-1,TMA00317,CGRP-Gamma 1,False,False,False,none
kgonoiii-1,TMA00317,Nonpeptidergic nociceptors,False,False,False,none
kgoobijj-1,TMA00317,Nonpeptidergic nociceptors,False,False,False,none
kgpcocfg-1,TMA00317,Nonpeptidergic nociceptors,False,False,False,none
kgpffemb-1,TMA00317,Nonpeptidergic nociceptors,False,False,False,none
khaacgbi-1,TMA00317,TrpM8,False,False,False,none
khaciolb-1,TMA00317,CGRP-Eta,False,False,False,none
khaeenlc-1,TMA00317,Nonpeptidergic nociceptors,False,False,False,none
khafchld-1,TMA00317,CGRP-Eta,False,False,False,none
khahpbnb-1,TMA00317,CGRP-Gamma 1,False,False,False,none
khbigphh-1,TMA00317,Sst,False,False,False,none
khlkmjlj-1,TMA00317,Proprioceptors,False,False,False,none
kiakcgmg-1,TMA00317,Abeta-RA-LTMR,False,False,False,none
kiandklo-1,TMA00317,Abeta-Field,False,False,False,none
kibplomb-1,TMA00317,TrpM8,False,False,False,none
kjcaoddj-1,TMA00317,Nonpeptidergic nociceptors,False,False,False,none
kjcgeoch-1,TMA00317,Proprioceptors,False,False,False,none
kjcjgjkj-1,TMA00317,CGRP-Eta,False,False,False,none
kjckbnik-1,TMA00317,Adelta-LTMR,False,False,False,none
kjcmlkgk-1,TMA00317,CGRP-Eta,False,False,False,none
kjdblgna-1,TMA00317,Nonpeptidergic nociceptors,False,False,False,none
kjddjgaf-1,TMA00317,Nonpeptidergic nociceptors,False,False,False,none
kjdealfp-1,TMA00317,Nonpeptidergic nociceptors,False,False,False,none
kjdmfjda-1,TMA00317,CGRP-Eta,False,False,False,none
kjdncmkj-1,TMA00317,CGRP-Gamma 1,False,False,False,none
kjdnojec-1,TMA00317,Nonpeptidergic nociceptors,False,False,False,none
kjeafkpe-1,TMA00317,CGRP-Gamma 1,False,False,False,none
kjfifhmo-1,TMA00317,CGRP-Gamma 1,False,False,False,none
kjfmbnan-1,TMA00317,CGRP-Gamma 1,False,False,False,none
kjfmfide-1,TMA00317,CGRP-Gamma 2,False,False,False,none
kjgfhiaf-1,TMA00317,CGRP-Eta,False,False,False,none
kjgnbadh-1,TMA00317,Adelta-LTMR,False,False,False,none
kjgojeoj-1,TMA00317,Nonpeptidergic nociceptors,False,False,False,none
kjhkalek-1,TMA00317,Nonpeptidergic nociceptors,False,False,False,none
kjhkjmle-1,TMA00317,CGRP-Eta,True,False,False,EGFP_Seq1_hi
kjhmponp-1,TMA00317,CGRP-Gamma 1,False,False,False,none
kjicdkcb-1,TMA00317,Sst,False,False,False,none
kjidghdk-1,TMA00317,Sst,False,False,False,none
kjidmklk-1,TMA00317,CGRP-Eta,False,False,False,none
kjiohjif-1,TMA00317,CGRP-Gamma 1,False,False,False,none
kjjdnghd-1,TMA00317,CGRP-Gamma 1,False,False,False,none
kjjdnnli-1,TMA00317,Sst,False,False,False,none
kjjepclj-1,TMA00317,CGRP-Gamma 1,False,False,False,none
kjlmklpc-1,TMA00317,TrpM8,False,False,False,none
kjohpjfc-1,TMA00317,Sst,False,False,False,none
kjoiamob-1,TMA00317,CGRP-Gamma 1,False,False,False,none
kjomcdbi-1,TMA00317,CGRP-Beta,False,False,False,none
kjoompgj-1,TMA00317,CGRP-Gamma 1,False,False,False,none
kkahgmca-1,TMA00317,CGRP-Gamma 1,False,False,False,none
kkahkeng-1,TMA00317,CGRP-Alpha,False,False,False,none
kkahohhi-1,TMA00317,CGRP-Alpha,False,False,False,none
kkaifphc-1,TMA00317,CGRP-Gamma 1,False,False,False,none
kkaipdjp-1,TMA00317,CGRP-Gamma 2,False,False,False,none
kkcddfmh-1,TMA00317,CGRP-Gamma 1,False,False,False,none
kkclonil-1,TMA00317,CGRP-Gamma 2,False,False,False,none
kkcppkbn-1,TMA00317,Sst,False,False,False,none
kkdaoiel-1,TMA00317,Abeta-Field,False,False,False,none
kkdaonam-1,TMA00317,Nonpeptidergic nociceptors,False,False,False,none
kkeadhcm-1,TMA00317,Nonpeptidergic nociceptors,False,False,False,none
kkedinpk-1,TMA00317,Nonpeptidergic nociceptors,False,False,False,none
kkeeiacl-1,TMA00317,CGRP-Theta,False,False,False,none
kkekicod-1,TMA00317,Nonpeptidergic nociceptors,False,False,False,none
kkekjgpm-1,TMA00317,CGRP-Theta,False,False,False,none
kkgfkmhp-1,TMA00317,Nonpeptidergic nociceptors,False,False,False,none
kkggmpbe-1,TMA00317,CGRP-Eta,False,False,False,none
kkgikoga-1,TMA00317,CGRP-Gamma 1,False,False,False,none
kkhbabaf-1,TMA00317,Nonpeptidergic nociceptors,False,False,False,none
kkhjfcii-1,TMA00317,Nonpeptidergic nociceptors,False,False,False,none
kkibdbag-1,TMA00317,CGRP-Gamma 1,False,False,False,none
kkiknjon-1,TMA00317,CGRP-Gamma 1,False,False,False,none
kkingjfk-1,TMA00317,CGRP-Gamma 1,False,False,False,none
kkjkfnae-1,TMA00317,CGRP-Gamma 1,False,False,False,none
kkklnlmg-1,TMA00317,CGRP-Eta,False,False,False,none
kkkobnie-1,TMA00317,CGRP-Beta,False,False,False,none
kkljeljh-1,TMA00317,CGRP-Gamma 1,False,False,False,none
kklnbdll-1,TMA00317,CGRP-Alpha,False,False,False,none
kklpgdcg-1,TMA00317,CGRP-Gamma 1,False,False,False,none
kkmcehfa-1,TMA00317,CGRP-Eta,False,False,False,none
kkmdlblp-1,TMA00317,CGRP-Epsilion,False,False,False,none
kkmkbodk-1,TMA00317,CGRP-Gamma 1,False,False,False,none
kkmlaifl-1,TMA00317,CGRP-Gamma 1,False,False,False,none
kkmobhde-1,TMA00317,CGRP-Gamma 1,False,False,False,none
kknadpgk-1,TMA00317,CGRP-Gamma 1,False,False,False,none
kknncdid-1,TMA00317,CGRP-Gamma 1,False,False,False,none
kknngkcm-1,TMA00317,CGRP-Gamma 1,False,False,False,none
kknpphgp-1,TMA00317,CGRP-Gamma 1,False,False,False,none
kkokikla-1,TMA00317,CGRP-Gamma 1,False,False,False,none
kkooflpc-1,TMA00317,CGRP-Gamma 2,False,False,False,none
kkopoino-1,TMA00317,TrpM8,False,False,False,none
kkpmeink-1,TMA00317,CGRP-Epsilion,False,False,False,none
kkpnlgfj-1,TMA00317,CGRP-Epsilion,False,False,False,none
kkpnlncm-1,TMA00317,CGRP-Gamma 1,False,False,False,none
klaijkgm-1,TMA00317,CGRP-Gamma 1,False,False,False,none
klbggolj-1,TMA00317,Sst,False,False,False,none
klbmgmmg-1,TMA00317,CGRP-Zeta,False,False,False,none
klbpdjii-1,TMA00317,CGRP-Zeta,False,False,False,none
klcjejka-1,TMA00317,CGRP-Eta,False,False,False,none
klcmiico-1,TMA00317,Abeta-Field,False,True,False,dTomato_Seq2_hi
klcndcel-1,TMA00317,CGRP-Gamma 1,False,False,False,none
kldfenec-1,TMA00317,Nonpeptidergic nociceptors,False,False,False,none
klecgnaj-1,TMA00317,CGRP-Eta,False,False,False,none
klefdjcn-1,TMA00317,Nonpeptidergic nociceptors,False,False,False,none
klefihei-1,TMA00317,CGRP-Epsilion,False,False,False,none
klkhfehj-1,TMA00317,CGRP-Gamma 2,False,False,False,none
kmebimop-1,TMA00317,Nonpeptidergic nociceptors,False,False,False,none
kmeeeacf-1,TMA00317,Nonpeptidergic nociceptors,False,False,False,none
kmelgnik-1,TMA00317,CGRP-Alpha,False,False,False,none
kmgbfobc-1,TMA00317,Sst,False,False,False,none
kmgccmpf-1,TMA00317,CGRP-Gamma 1,False,False,False,none
kmgcmbcg-1,TMA00317,Sst,False,False,False,none
kmgecomm-1,TMA00317,CGRP-Gamma 1,False,False,False,none
kmglfnem-1,TMA00317,CGRP-Epsilion,False,False,False,none
kmgocgpf-1,TMA00317,CGRP-Gamma 1,False,False,False,none
kmhdemnk-1,TMA00317,CGRP-Gamma 1,False,False,False,none
kmhdingn-1,TMA00317,CGRP-Alpha,False,False,False,none
kmhebjio-1,TMA00317,CGRP-Eta,False,False,False,none
kmhejloc-1,TMA00317,CGRP-Gamma 1,False,False,False,none
kmhfnnhf-1,TMA00317,CGRP-Gamma 1,False,False,False,none
kmhogllm-1,TMA00317,CGRP-Zeta,False,False,False,none
kmiolljn-1,TMA00317,C-LTMR,False,False,False,none
kmkabhdc-1,TMA00317,Sst,False,False,False,none
kmleldfd-1,TMA00317,CGRP-Epsilion,False,False,False,none
kmnkmlfi-1,TMA00317,Nonpeptidergic nociceptors,False,False,False,none
kmodmoad-1,TMA00317,Nonpeptidergic nociceptors,False,False,False,none
kmodnjhk-1,TMA00317,CGRP-Eta,False,False,False,none
kmoienlg-1,TMA00317,CGRP-Alpha,False,False,False,none
kmoifehi-1,TMA00317,CGRP-Gamma 2,False,False,False,none
kmpdlmjc-1,TMA00317,Proprioceptors,False,False,False,none
kmpebdpi-1,TMA00317,Nonpeptidergic nociceptors,False,False,False,none
kmpehkjl-1,TMA00317,Nonpeptidergic nociceptors,False,False,False,none
kmpinleb-1,TMA00317,Nonpeptidergic nociceptors,False,False,False,none
knaglbbn-1,TMA00317,Abeta-Field,False,False,False,none
knahclmp-1,TMA00317,Nonpeptidergic nociceptors,False,False,False,none
knnjdgli-1,TMA00317,Proprioceptors,False,False,False,none
knodokkj-1,TMA00317,CGRP-Zeta,False,False,False,none
koanofhh-1,TMA00317,CGRP-Zeta,False,False,False,none
koeghdmd-1,TMA00317,CGRP-Eta,False,False,False,none
kohmhicf-1,TMA00317,CGRP-Alpha,False,False,False,none
kohmnfok-1,TMA00317,CGRP-Alpha,False,False,False,none
koibgphb-1,TMA00317,Sst,False,False,False,none
koijnhfl-1,TMA00317,Abeta-RA-LTMR,False,False,False,none
kojoamim-1,TMA00317,C-LTMR,False,False,False,none
kokgedko-1,TMA00317,Nonpeptidergic nociceptors,False,False,False,none
koklbfdg-1,TMA00317,Abeta-RA-LTMR,False,False,False,none
kokodpjo-1,TMA00317,Nonpeptidergic nociceptors,False,False,False,none
kokopbhl-1,TMA00317,Nonpeptidergic nociceptors,False,False,False,none
kokopeem-1,TMA00317,CGRP-Zeta,False,False,False,none
komncaoc-1,TMA00317,Nonpeptidergic nociceptors,False,False,False,none
konamhkk-1,TMA00317,CGRP-Gamma 1,False,False,False,none
koneohai-1,TMA00317,Nonpeptidergic nociceptors,False,False,False,none
konfbbag-1,TMA00317,Nonpeptidergic nociceptors,False,False,False,none
kongbmhp-1,TMA00317,Nonpeptidergic nociceptors,False,False,False,none
konhnagf-1,TMA00317,C-LTMR,False,False,False,none
kononipj-1,TMA00317,CGRP-Zeta,False,False,False,none
lbdionel-1,TMA00317,C-LTMR,False,False,False,none
lbfjapmj-1,TMA00317,Nonpeptidergic nociceptors,False,False,False,none
lbfmddfg-1,TMA00317,CGRP-Gamma 1,False,False,False,none
lbfmfghh-1,TMA00317,Nonpeptidergic nociceptors,False,False,False,none
lbfpjiik-1,TMA00317,Nonpeptidergic nociceptors,False,False,False,none
lbhecoif-1,TMA00317,CGRP-Gamma 1,False,False,False,none
lbhloldp-1,TMA00317,CGRP-Gamma 1,False,False,False,none
lbiohjpb-1,TMA00317,CGRP-Gamma 1,False,False,False,none
lbkfjedd-1,TMA00317,Nonpeptidergic nociceptors,False,False,False,none
lblaiinp-1,TMA00317,CGRP-Theta,False,False,False,none
lblcapep-1,TMA00317,CGRP-Gamma 1,False,False,False,none
lblgcaek-1,TMA00317,Nonpeptidergic nociceptors,False,False,False,none
ldaclagn-1,TMA00317,Sst,False,False,False,none
ldacmhhn-1,TMA00317,Sst,False,False,False,none
ldbbecob-1,TMA00317,Nonpeptidergic nociceptors,False,False,False,none
ldfnllpm-1,TMA00317,CGRP-Gamma 1,False,False,False,none
ldgddnke-1,TMA00317,CGRP-Eta,False,False,False,none
ldgdkgmc-1,TMA00317,Sst,False,False,False,none
ldgegjdf-1,TMA00317,Nonpeptidergic nociceptors,False,False,False,none
ldgkgoao-1,TMA00317,TrpM8,False,False,False,none
ldglglmd-1,TMA00317,Abeta-RA-LTMR,False,False,False,none
ldhdeifg-1,TMA00317,Sst,False,False,False,none
ldhkbacj-1,TMA00317,CGRP-Gamma 1,False,False,False,none
ldjanghk-1,TMA00317,CGRP-Epsilion,False,False,False,none
ldkmckee-1,TMA00317,CGRP-Alpha,False,False,False,none
ldkocfna-1,TMA00317,CGRP-Epsilion,False,False,False,none
lebibipc-1,TMA00317,Adelta-LTMR,False,False,False,none
lfandmpf-1,TMA00317,CGRP-Alpha,False,False,False,none
lfbbpdhn-1,TMA00317,Sst,False,False,False,none
lfblgjgg-1,TMA00317,CGRP-Gamma 1,False,False,False,none
lfcepgpg-1,TMA00317,TrpM8,False,False,False,none
lfclfcio-1,TMA00317,TrpM8,False,False,False,none
lfclfpmb-1,TMA00317,CGRP-Beta,False,False,False,none
lfcndgef-1,TMA00317,CGRP-Gamma 1,False,False,False,none
lfebnlmj-1,TMA00317,CGRP-Gamma 1,False,False,False,none
lffkicim-1,TMA00317,CGRP-Alpha,False,False,False,none
lfhkkfop-1,TMA00317,C-LTMR,False,False,False,none
lfhmckaj-1,TMA00317,TrpM8,False,False,False,none
lfiikcfm-1,TMA00317,CGRP-Gamma 1,False,False,False,none
lfijnlia-1,TMA00317,CGRP-Gamma 1,False,False,False,none
lfjcodia-1,TMA00317,CGRP-Gamma 1,False,False,False,none
lfjocihi-1,TMA00317,CGRP-Gamma 1,False,False,False,none
lflgfghg-1,TMA00317,TrpM8,False,False,False,none
lgbjojif-1,TMA00317,CGRP-Eta,False,False,False,none
lgccnpmh-1,TMA00317,CGRP-Gamma 1,False,False,False,none
lgdedepc-1,TMA00317,CGRP-Gamma 1,False,False,False,none
lgdfkmag-1,TMA00317,CGRP-Eta,False,False,False,none
lgenckim-1,TMA00317,CGRP-Gamma 2,False,False,False,none
lggoobjp-1,TMA00317,CGRP-Gamma 1,False,False,False,none
lgheeoke-1,TMA00317,CGRP-Gamma 1,False,False,False,none
lghfjhei-1,TMA00317,Nonpeptidergic nociceptors,True,False,False,EGFP_Seq1_hi
lgilgiep-1,TMA00317,CGRP-Gamma 1,False,False,False,none
lgjlnjjh-1,TMA00317,CGRP-Gamma 1,False,False,False,none
lglnlojb-1,TMA00317,TrpM8,False,False,False,none
lhcpfldf-1,TMA00317,Nonpeptidergic nociceptors,False,False,False,none
lhkoalme-1,TMA00317,Abeta-Field,False,False,False,none
lhlfngdl-1,TMA00317,C-LTMR,False,False,False,none
lhndhgah-1,TMA00317,Abeta-Field,False,False,False,none
lhoglihd-1,TMA00317,Abeta-Field,False,False,False,none
lhpgkmeb-1,TMA00317,TrpM8,False,False,False,none
liaieelg-1,TMA00317,CGRP-Zeta,False,False,False,none
liakhimd-1,TMA00317,CGRP-Gamma 1,False,False,False,none
liapcgcb-1,TMA00317,CGRP-Gamma 1,False,False,False,none
liehpijb-1,TMA00317,C-LTMR,False,False,False,none
ligehpcg-1,TMA00317,CGRP-Gamma 1,False,False,False,none
ligfggdm-1,TMA00317,CGRP-Gamma 1,False,False,False,none
liggeidf-1,TMA00317,CGRP-Gamma 1,False,False,False,none
lihaoplb-1,TMA00317,CGRP-Alpha,False,False,False,none
lihdpoio-1,TMA00317,CGRP-Gamma 1,False,False,False,none
liihaipd-1,TMA00317,CGRP-Gamma 2,False,False,False,none
liihenmj-1,TMA00317,CGRP-Gamma 1,False,False,False,none
liiijjkl-1,TMA00317,CGRP-Eta,False,False,False,none
liikghob-1,TMA00317,TrpM8,False,False,False,none
liindepm-1,TMA00317,CGRP-Gamma 1,False,False,False,none
lijeddmp-1,TMA00317,CGRP-Gamma 1,False,False,False,none
limcpnah-1,TMA00317,CGRP-Alpha,False,False,False,none
limggjml-1,TMA00317,C-LTMR,False,False,False,none
limhlgfg-1,TMA00317,C-LTMR,False,False,False,none
linicbng-1,TMA00317,C-LTMR,False,False,False,none
linjllkc-1,TMA00317,CGRP-Gamma 1,False,False,False,none
lioblooj-1,TMA00317,CGRP-Gamma 1,False,False,False,none
liofecmi-1,TMA00317,CGRP-Eta,False,False,False,none
ljbhedad-1,TMA00317,Nonpeptidergic nociceptors,False,False,False,none
ljbkmjfn-1,TMA00317,CGRP-Gamma 1,False,False,False,none
ljbnelig-1,TMA00317,Abeta-RA-LTMR,False,False,False,none
ljcjpfjh-1,TMA00317,CGRP-Gamma 1,False,False,False,none
ljfbncbp-1,TMA00317,CGRP-Gamma 1,False,False,False,none
ljfcamah-1,TMA00317,Nonpeptidergic nociceptors,False,False,False,none
ljfdoiag-1,TMA00317,Nonpeptidergic nociceptors,False,False,False,none
ljfjmkfg-1,TMA00317,Sst,False,False,False,none
ljgcionk-1,TMA00317,C-LTMR,False,False,False,none
ljgkoghn-1,TMA00317,Sst,False,False,False,none
ljhhkeij-1,TMA00317,CGRP-Gamma 1,False,False,False,none
ljhlijgg-1,TMA00317,CGRP-Gamma 1,False,False,False,none
ljhnmpka-1,TMA00317,CGRP-Zeta,False,False,False,none
ljhofolb-1,TMA00317,CGRP-Gamma 1,False,False,False,none
ljhplcmk-1,TMA00317,CGRP-Gamma 2,False,False,False,none
ljiaijgi-1,TMA00317,CGRP-Gamma 1,False,False,False,none
ljiefipm-1,TMA00317,Sst,False,False,False,none
ljjacicd-1,TMA00317,TrpM8,False,False,False,none
ljjfbfjk-1,TMA00317,CGRP-Eta,False,False,False,none
ljjfledl-1,TMA00317,CGRP-Eta,False,False,False,none
ljjoofel-1,TMA00317,Nonpeptidergic nociceptors,False,False,False,none
ljjpiohg-1,TMA00317,CGRP-Alpha,False,False,False,none
ljkggikd-1,TMA00317,Sst,False,False,False,none
ljkjoace-1,TMA00317,Nonpeptidergic nociceptors,False,False,False,none
ljkjoeej-1,TMA00317,Nonpeptidergic nociceptors,False,False,False,none
ljkkeaol-1,TMA00317,C-LTMR,False,False,False,none
ljkmaibp-1,TMA00317,Sst,False,False,False,none
ljlddpem-1,TMA00317,Sst,False,False,False,none
ljldpmhf-1,TMA00317,Sst,False,False,False,none
ljmanhdc-1,TMA00317,TrpM8,False,False,False,none
ljmcpbhl-1,TMA00317,CGRP-Zeta,False,False,False,none
ljmgimjo-1,TMA00317,Sst,False,False,False,none
lkaccdib-1,TMA00317,CGRP-Epsilion,False,False,False,none
lkbdbkce-1,TMA00317,Sst,False,False,False,none
lkbjelgp-1,TMA00317,Nonpeptidergic nociceptors,False,False,False,none
lkbopojn-1,TMA00317,CGRP-Theta,False,False,False,none
lkcfiele-1,TMA00317,Sst,False,False,False,none
lkcjlipl-1,TMA00317,CGRP-Gamma 1,False,False,False,none
lkdeidbb-1,TMA00317,CGRP-Zeta,False,False,False,none
lkdimfnd-1,TMA00317,Abeta-Field,False,False,False,none
lkfdemmd-1,TMA00317,CGRP-Gamma 1,False,False,False,none
lkfiebcb-1,TMA00317,CGRP-Epsilion,False,False,False,none
lkflfphk-1,TMA00317,CGRP-Epsilion,False,False,False,none
lkgddadm-1,TMA00317,CGRP-Gamma 1,False,False,False,none
lkgdnhfb-1,TMA00317,CGRP-Gamma 1,False,False,False,none
lkggnjkp-1,TMA00317,CGRP-Gamma 1,False,False,False,none
lkgjpgml-1,TMA00317,CGRP-Zeta,False,False,False,none
lkglcpio-1,TMA00317,Nonpeptidergic nociceptors,False,False,False,none
lkgmkkbp-1,TMA00317,CGRP-Eta,False,False,False,none
lkgocjhm-1,TMA00317,CGRP-Zeta,False,False,False,none
lkhecgeh-1,TMA00317,CGRP-Gamma 1,False,False,False,none
lkhnfmjo-1,TMA00317,Nonpeptidergic nociceptors,False,False,False,none
lkiejkfd-1,TMA00317,Nonpeptidergic nociceptors,False,False,False,none
lkikcnbc-1,TMA00317,CGRP-Gamma 1,False,False,False,none
lkimnnep-1,TMA00317,CGRP-Gamma 1,False,False,False,none
lkjcafla-1,TMA00317,CGRP-Gamma 1,False,False,False,none
lkjcoikl-1,TMA00317,Proprioceptors,False,False,False,none
lkjjfdhc-1,TMA00317,TrpM8,False,False,False,none
lkkbacfk-1,TMA00317,Abeta-Field,False,False,False,none
lkkhoipd-1,TMA00317,CGRP-Gamma 2,False,False,False,none
lkkjinbj-1,TMA00317,CGRP-Gamma 1,False,False,False,none
lkkklfgg-1,TMA00317,CGRP-Gamma 2,False,False,False,none
lkknbebn-1,TMA00317,CGRP-Gamma 1,False,False,False,none
lklokikn-1,TMA00317,TrpM8,False,False,False,none
lklpnkdn-1,TMA00317,Nonpeptidergic nociceptors,False,False,False,none
lljnhaim-1,TMA00317,CGRP-Zeta,False,False,False,none
llkcfkal-1,TMA00317,CGRP-Zeta,False,False,False,none
llkhkbjd-1,TMA00317,CGRP-Eta,False,False,False,none
lloohjco-1,TMA00317,CGRP-Theta,False,False,False,none
llpgaloa-1,TMA00317,Abeta-RA-LTMR,False,False,False,none
lmpookcg-1,TMA00317,Proprioceptors,False,False,False,none
lnebpohe-1,TMA00317,Nonpeptidergic nociceptors,False,False,False,none
lnehhgll-1,TMA00317,C-LTMR,False,False,False,none
lnfcgndk-1,TMA00317,CGRP-Eta,False,False,False,none
lnfdeohl-1,TMA00317,C-LTMR,False,False,False,none
lnfdodbo-1,TMA00317,Nonpeptidergic nociceptors,False,False,False,none
lnfejooi-1,TMA00317,CGRP-Gamma 1,False,False,False,none
lnfknobg-1,TMA00317,Adelta-LTMR,False,False,False,none
lnfllfhm-1,TMA00317,C-LTMR,False,False,False,none
lnflpfac-1,TMA00317,Nonpeptidergic nociceptors,False,False,False,none
lngjdeee-1,TMA00317,Nonpeptidergic nociceptors,False,False,False,none
lngjljdf-1,TMA00317,Abeta-RA-LTMR,False,False,False,none
lnhejjje-1,TMA00317,Sst,False,False,False,none
lnhgpmlg-1,TMA00317,CGRP-Alpha,False,False,False,none
lnhiaddl-1,TMA00317,CGRP-Beta,False,False,False,none
lnikimdd-1,TMA00317,CGRP-Gamma 1,False,False,False,none
lnjeokce-1,TMA00317,CGRP-Gamma 1,False,False,False,none
lnkcjnah-1,TMA00317,CGRP-Eta,False,False,False,none
lnkigpji-1,TMA00317,C-LTMR,False,False,False,none
lnkjjlai-1,TMA00317,TrpM8,False,False,False,none
lnknbeol-1,TMA00317,Nonpeptidergic nociceptors,False,False,False,none
lnknjfng-1,TMA00317,Nonpeptidergic nociceptors,False,False,False,none
lnkpnmae-1,TMA00317,CGRP-Alpha,False,False,False,none
loammcin-1,TMA00317,Adelta-LTMR,False,False,False,none
lobeekab-1,TMA00317,Nonpeptidergic nociceptors,False,False,False,none
lojjceia-1,TMA00317,Sst,False,False,False,none
lojjdnoo-1,TMA00317,C-LTMR,False,False,False,none
loknhafo-1,TMA00317,Sst,False,False,False,none
loknhgjb-1,TMA00317,Sst,False,False,False,none
lolackbh-1,TMA00317,TrpM8,False,False,False,none
lolhkefi-1,TMA00317,Sst,False,False,False,none
lomfbjja-1,TMA00317,Sst,False,False,False,none
lomhphii-1,TMA00317,Sst,False,False,False,none
lomkjime-1,TMA00317,Sst,False,False,False,none
lopbomgb-1,TMA00317,TrpM8,False,False,False,none
lopgcffe-1,TMA00317,CGRP-Eta,False,False,False,none
lopglene-1,TMA00317,CGRP-Gamma 1,False,False,False,none
lopicpne-1,TMA00317,CGRP-Gamma 2,False,False,False,none
lpaclfca-1,TMA00317,CGRP-Alpha,False,False,False,none
lpagoike-1,TMA00317,CGRP-Gamma 1,False,False,False,none
lpcjcoee-1,TMA00317,Sst,False,False,False,none
lpckllla-1,TMA00317,Sst,False,False,False,none
lpffldaf-1,TMA00317,Sst,False,False,False,none
lpghjmmm-1,TMA00317,CGRP-Eta,False,False,False,none
lphpngmn-1,TMA00317,Nonpeptidergic nociceptors,False,False,False,none
lpinjpah-1,TMA00317,CGRP-Gamma 1,False,False,False,none
lpioehpm-1,TMA00317,CGRP-Gamma 1,False,False,False,none
lpmibbcp-1,TMA00317,Sst,False,False,False,none
lpniamjl-1,TMA00317,Sst,False,False,False,none
lpnlcoia-1,TMA00317,Sst,False,False,False,none
lpobgeic-1,TMA00317,Sst,False,False,False,none
mbengdhe-1,TMA00317,Nonpeptidergic nociceptors,False,False,False,none
mbeoofnc-1,TMA00317,C-LTMR,False,False,False,none
mbfgeopp-1,TMA00317,TrpM8,False,False,False,none
mbicjbcd-1,TMA00317,TrpM8,False,False,False,none
mbjmgobf-1,TMA00317,Nonpeptidergic nociceptors,False,False,False,none
mblkigch-1,TMA00317,CGRP-Alpha,False,False,False,none
mbngdknb-1,TMA00317,Nonpeptidergic nociceptors,False,False,False,none
mbnmjfeh-1,TMA00317,Nonpeptidergic nociceptors,False,False,False,none
mbnolomj-1,TMA00317,C-LTMR,False,False,False,none
mbojelog-1,TMA00317,Nonpeptidergic nociceptors,False,False,False,none
mbpfebel-1,TMA00317,Nonpeptidergic nociceptors,False,False,False,none
mbpjjbdl-1,TMA00317,Nonpeptidergic nociceptors,False,False,False,none
mbppbdpn-1,TMA00317,Nonpeptidergic nociceptors,False,False,False,none
mbpppjjl-1,TMA00317,Nonpeptidergic nociceptors,False,False,False,none
mcaahdpp-1,TMA00317,Sst,False,False,False,none
mcabibpc-1,TMA00317,TrpM8,False,False,False,none
mcbanbbg-1,TMA00317,Abeta-Field,False,False,False,none
mcbbgnif-1,TMA00317,Sst,False,False,False,none
mcbhoibc-1,TMA00317,TrpM8,False,False,False,none
mcbjomaa-1,TMA00317,Sst,False,False,False,none
mcbllhan-1,TMA00317,Nonpeptidergic nociceptors,False,False,False,none
mcgnegbi-1,TMA00317,CGRP-Alpha,False,False,False,none
mcgpdmbm-1,TMA00317,TrpM8,False,False,False,none
mchdeaoh-1,TMA00317,Abeta-RA-LTMR,False,False,False,none
mcheldce-1,TMA00317,Abeta-Field,False,False,False,none
mchjkpbn-1,TMA00317,Nonpeptidergic nociceptors,False,False,False,none
mcicbgpa-1,TMA00317,Nonpeptidergic nociceptors,False,False,False,none
mcimibjo-1,TMA00317,Nonpeptidergic nociceptors,False,False,False,none
mcinloel-1,TMA00317,TrpM8,False,False,False,none
mcjafkoj-1,TMA00317,Sst,False,False,False,none
mcjgoodd-1,TMA00317,Sst,False,False,False,none
mcjkcopf-1,TMA00317,Proprioceptors,False,False,False,none
mcjmjbml-1,TMA00317,Abeta-RA-LTMR,False,False,False,none
mcjokooh-1,TMA00317,CGRP-Alpha,False,False,False,none
mckaebka-1,TMA00317,CGRP-Alpha,True,False,False,EGFP_Seq1_hi
mckphjmi-1,TMA00317,CGRP-Eta,False,False,False,none
mcngcjkg-1,TMA00317,CGRP-Eta,False,False,False,none
mdchoafl-1,TMA00317,CGRP-Gamma 1,False,False,False,none
mdcpdphd-1,TMA00317,CGRP-Alpha,False,False,False,none
mddoajfk-1,TMA00317,CGRP-Beta,False,False,False,none
mddohapa-1,TMA00317,CGRP-Alpha,False,False,False,none
mdedlkeg-1,TMA00317,Nonpeptidergic nociceptors,False,False,False,none
mdhdllfc-1,TMA00317,Nonpeptidergic nociceptors,False,False,False,none
mdkfgddn-1,TMA00317,Adelta-LTMR,False,False,False,none
mdklgmej-1,TMA00317,Nonpeptidergic nociceptors,False,False,False,none
mdknneeb-1,TMA00317,Nonpeptidergic nociceptors,False,False,False,none
mdkpnapd-1,TMA00317,Nonpeptidergic nociceptors,False,False,False,none
mdldfdlf-1,TMA00317,Sst,False,False,False,none
mdlehcoe-1,TMA00317,Nonpeptidergic nociceptors,False,False,False,none
mdlgffli-1,TMA00317,CGRP-Theta,False,False,False,none
mdlhkpai-1,TMA00317,CGRP-Alpha,False,False,False,none
mdmdhhoi-1,TMA00317,Nonpeptidergic nociceptors,False,False,False,none
mdmpjacg-1,TMA00317,Nonpeptidergic nociceptors,False,False,False,none
mdnabogj-1,TMA00317,Adelta-LTMR,False,False,False,none
mdnnofid-1,TMA00317,CGRP-Alpha,False,False,False,none
mdnpdnje-1,TMA00317,Abeta-Field,False,False,False,none
mdociekj-1,TMA00317,TrpM8,False,False,False,none
mdololda-1,TMA00317,Nonpeptidergic nociceptors,False,False,False,none
mdpcdkkh-1,TMA00317,Abeta-Field,False,False,False,none
mdpdkbhj-1,TMA00317,Nonpeptidergic nociceptors,False,False,False,none
mdpgeago-1,TMA00317,Nonpeptidergic nociceptors,False,False,False,none
mdpiajcc-1,TMA00317,Nonpeptidergic nociceptors,False,False,False,none
mdpjddmd-1,TMA00317,Proprioceptors,False,False,False,none
meegmlhl-1,TMA00317,Proprioceptors,False,False,False,none
megjbhkb-1,TMA00317,Proprioceptors,False,False,False,none
mglmaich-1,TMA00317,CGRP-Gamma 1,False,False,False,none
mglnaiab-1,TMA00317,Abeta-Field,False,False,False,none
mglodghp-1,TMA00317,Nonpeptidergic nociceptors,False,False,False,none
mgmbhpbc-1,TMA00317,Nonpeptidergic nociceptors,False,False,False,none
mgmdcpbo-1,TMA00317,CGRP-Gamma 1,False,False,False,none
mgmimhka-1,TMA00317,Nonpeptidergic nociceptors,False,False,False,none
mgmlmipo-1,TMA00317,C-LTMR,False,False,False,none
mgmmnpkj-1,TMA00317,Nonpeptidergic nociceptors,False,False,False,none
mgnfemkg-1,TMA00317,Nonpeptidergic nociceptors,False,False,False,none
mgopblif-1,TMA00317,Abeta-Field,False,False,False,none
mhagohmg-1,TMA00317,CGRP-Epsilion,False,False,False,none
mhajfcpl-1,TMA00317,CGRP-Epsilion,False,False,False,none
mhbldmce-1,TMA00317,Nonpeptidergic nociceptors,False,False,False,none
mhbmmfam-1,TMA00317,Proprioceptors,False,False,False,none
mhbninoc-1,TMA00317,Proprioceptors,False,False,False,none
mhcodlkh-1,TMA00317,CGRP-Theta,False,False,False,none
mhdfkpin-1,TMA00317,Abeta-RA-LTMR,False,False,False,none
mhdgbmec-1,TMA00317,CGRP-Theta,False,False,False,none
mhdjpohd-1,TMA00317,Abeta-RA-LTMR,False,False,False,none
mhdlmfoa-1,TMA00317,Nonpeptidergic nociceptors,False,False,False,none
mhdlopeg-1,TMA00317,Adelta-LTMR,False,False,False,none
mhebfhao-1,TMA00317,C-LTMR,False,False,False,none
mhffijfc-1,TMA00317,CGRP-Epsilion,False,False,False,none
mhfhfnla-1,TMA00317,Nonpeptidergic nociceptors,False,False,False,none
mhhjicbh-1,TMA00317,CGRP-Eta,False,False,False,none
mhhmiaip-1,TMA00317,CGRP-Zeta,False,False,False,none
mhianhoj-1,TMA00317,CGRP-Alpha,False,False,False,none
mhijhgdm-1,TMA00317,CGRP-Epsilion,True,False,False,EGFP_Seq1_hi
mhijlknh-1,TMA00317,Nonpeptidergic nociceptors,False,False,False,none
mhillpdc-1,TMA00317,CGRP-Gamma 1,False,False,False,none
mhiophoj-1,TMA00317,Nonpeptidergic nociceptors,False,False,False,none
mhjeenib-1,TMA00317,C-LTMR,False,False,False,none
mhjjclfh-1,TMA00317,Abeta-RA-LTMR,False,False,False,none
mhkeiaof-1,TMA00317,Proprioceptors,False,False,False,none
mhklbofm-1,TMA00317,CGRP-Epsilion,False,False,False,none
mhldbnbf-1,TMA00317,Abeta-RA-LTMR,False,False,False,none
mhlgebgo-1,TMA00317,Nonpeptidergic nociceptors,False,False,False,none
mhljeocf-1,TMA00317,Adelta-LTMR,False,False,False,none
mhlkmnmf-1,TMA00317,Nonpeptidergic nociceptors,False,False,False,none
mhmgcabo-1,TMA00317,CGRP-Alpha,False,False,False,none
mhmppcln-1,TMA00317,CGRP-Zeta,False,False,False,none
mhoflmac-1,TMA00317,Nonpeptidergic nociceptors,False,False,False,none
mhoioncj-1,TMA00317,CGRP-Theta,False,False,False,none
mhpelhee-1,TMA00317,Nonpeptidergic nociceptors,False,False,False,none
mhphecle-1,TMA00317,CGRP-Beta,False,False,False,none
mhpijahj-1,TMA00317,C-LTMR,False,False,False,none
mhpjclil-1,TMA00317,Proprioceptors,False,False,False,none
mhpoonhh-1,TMA00317,Proprioceptors,False,False,False,none
mijhpngl-1,TMA00317,CGRP-Eta,False,False,False,none
mijkkmpd-1,TMA00317,Sst,False,False,False,none
mijlohpm-1,TMA00317,Nonpeptidergic nociceptors,False,False,False,none
mimjoana-1,TMA00317,Nonpeptidergic nociceptors,False,False,False,none
mjmpmaon-1,TMA00317,CGRP-Theta,False,False,False,none
mjnjhifm-1,TMA00317,CGRP-Eta,False,False,False,none
mjoinooe-1,TMA00317,C-LTMR,False,False,False,none
mkacfnbl-1,TMA00317,Nonpeptidergic nociceptors,False,False,False,none
mkacnjne-1,TMA00317,CGRP-Zeta,False,False,False,none
mkaldbkc-1,TMA00317,CGRP-Theta,False,False,False,none
mkbklgbo-1,TMA00317,Nonpeptidergic nociceptors,False,False,False,none
mkbpnhnp-1,TMA00317,CGRP-Epsilion,False,False,False,none
mkcadeam-1,TMA00317,CGRP-Gamma 1,False,False,False,none
mkdfkkbc-1,TMA00317,CGRP-Zeta,False,False,False,none
mkdigbha-1,TMA00317,CGRP-Zeta,False,False,False,none
mkdjpmik-1,TMA00317,Abeta-RA-LTMR,False,False,False,none
mkekmpkm-1,TMA00317,Nonpeptidergic nociceptors,False,False,False,none
mkemekca-1,TMA00317,CGRP-Gamma 1,False,False,False,none
mkfaghek-1,TMA00317,Nonpeptidergic nociceptors,False,False,False,none
mkfbgfio-1,TMA00317,Nonpeptidergic nociceptors,False,False,False,none
mkfbhlcl-1,TMA00317,CGRP-Epsilion,False,False,False,none
mkffjokp-1,TMA00317,CGRP-Alpha,False,False,False,none
mkfgmpph-1,TMA00317,CGRP-Eta,False,False,False,none
mkfhgbmn-1,TMA00317,CGRP-Alpha,False,False,False,none
mkfooahg-1,TMA00317,CGRP-Gamma 1,False,False,False,none
mkfpfinl-1,TMA00317,CGRP-Theta,False,False,False,none
mkgcmkoj-1,TMA00317,C-LTMR,False,False,False,none
mkgeehlh-1,TMA00317,Abeta-RA-LTMR,False,False,False,none
mkghhhnn-1,TMA00317,Nonpeptidergic nociceptors,False,False,False,none
mkgiablc-1,TMA00317,Sst,False,False,False,none
mkgiphbn-1,TMA00317,Abeta-RA-LTMR,False,False,False,none
mkgpbcac-1,TMA00317,CGRP-Eta,False,False,False,none
mkhbpaef-1,TMA00317,CGRP-Epsilion,False,False,False,none
mkhcmjcj-1,TMA00317,C-LTMR,False,False,False,none
mkhfghel-1,TMA00317,Nonpeptidergic nociceptors,False,False,False,none
mkhhnici-1,TMA00317,CGRP-Theta,False,False,False,none
mkhmmdaa-1,TMA00317,Adelta-LTMR,False,False,False,none
mkiclhgk-1,TMA00317,CGRP-Theta,False,False,False,none
mkiklndf-1,TMA00317,Nonpeptidergic nociceptors,False,False,False,none
mkioliga-1,TMA00317,C-LTMR,False,False,False,none
mkjabnbb-1,TMA00317,CGRP-Theta,False,False,False,none
mkjggpak-1,TMA00317,C-LTMR,False,False,False,none
mkjjgool-1,TMA00317,Sst,False,False,False,none
mkjpdflo-1,TMA00317,Nonpeptidergic nociceptors,False,False,False,none
mkkhoioj-1,TMA00317,Sst,False,False,False,none
mkkmdbea-1,TMA00317,Nonpeptidergic nociceptors,False,False,False,none
mkkongcg-1,TMA00317,Nonpeptidergic nociceptors,False,False,False,none
mklabmpa-1,TMA00317,CGRP-Epsilion,False,False,False,none
mklfihnd-1,TMA00317,CGRP-Eta,False,False,False,none
mkmncepg-1,TMA00317,Nonpeptidergic nociceptors,False,False,False,none
mkmoceim-1,TMA00317,C-LTMR,False,False,False,none
mkmpnonp-1,TMA00317,Nonpeptidergic nociceptors,False,False,False,none
mknaoafm-1,TMA00317,C-LTMR,False,False,False,none
mknhlpil-1,TMA00317,Abeta-Field,False,False,False,none
mknhpiag-1,TMA00317,Nonpeptidergic nociceptors,False,False,False,none
mknnbofm-1,TMA00317,Sst,False,False,False,none
mkoecajg-1,TMA00317,Nonpeptidergic nociceptors,False,False,False,none
mkomeooh-1,TMA00317,Nonpeptidergic nociceptors,False,False,False,none
mkpahefe-1,TMA00317,Sst,False,False,False,none
mkpahnln-1,TMA00317,Abeta-Field,False,False,False,none
mlcekdgh-1,TMA00317,CGRP-Epsilion,False,False,False,none
mlcnolgl-1,TMA00317,Nonpeptidergic nociceptors,False,False,False,none
mldfjdbb-1,TMA00317,CGRP-Beta,False,False,False,none
mldgkmhg-1,TMA00317,Nonpeptidergic nociceptors,False,False,False,none
mlifdnij-1,TMA00317,Abeta-RA-LTMR,False,False,False,none
mlikddmo-1,TMA00317,TrpM8,False,False,False,none
mljhmjef-1,TMA00317,CGRP-Theta,False,False,False,none
mljpcicp-1,TMA00317,CGRP-Gamma 1,False,False,False,none
mlkbcikm-1,TMA00317,Nonpeptidergic nociceptors,False,False,False,none
mlkfjmll-1,TMA00317,CGRP-Gamma 1,False,False,False,none
mlkfoipf-1,TMA00317,TrpM8,False,False,False,none
mlkiikjk-1,TMA00317,Nonpeptidergic nociceptors,False,False,False,none
mlklfhjj-1,TMA00317,CGRP-Alpha,False,False,False,none
mlkmmhki-1,TMA00317,Nonpeptidergic nociceptors,False,False,False,none
mlkpgcpd-1,TMA00317,CGRP-Eta,False,False,False,none
mllodhpi-1,TMA00317,TrpM8,False,False,False,none
mlmafkfc-1,TMA00317,C-LTMR,False,False,False,none
mlmfkngh-1,TMA00317,Nonpeptidergic nociceptors,False,False,False,none
mlmmpnpg-1,TMA00317,Abeta-RA-LTMR,False,False,False,none
mlncmobo-1,TMA00317,CGRP-Eta,False,False,False,none
mlpdmncf-1,TMA00317,C-LTMR,False,False,False,none
mlpehdhc-1,TMA00317,Nonpeptidergic nociceptors,False,False,False,none
mlpmnphn-1,TMA00317,Nonpeptidergic nociceptors,False,False,False,none
mmagmljn-1,TMA00317,CGRP-Zeta,False,False,False,none
mmaliind-1,TMA00317,CGRP-Gamma 1,False,False,False,none
mmaopfbp-1,TMA00317,Nonpeptidergic nociceptors,False,False,False,none
mmapigob-1,TMA00317,CGRP-Epsilion,False,False,False,none
mmbeflae-1,TMA00317,CGRP-Theta,False,False,False,none
mmbjjale-1,TMA00317,Nonpeptidergic nociceptors,False,False,False,none
mmcacefa-1,TMA00317,C-LTMR,False,False,False,none
mmcajfij-1,TMA00317,Adelta-LTMR,False,False,False,none
mmcalelm-1,TMA00317,CGRP-Eta,False,False,False,none
mmchijed-1,TMA00317,Abeta-Field,False,False,False,none
mmdahekj-1,TMA00317,C-LTMR,False,False,False,none
mmdhoidn-1,TMA00317,CGRP-Zeta,False,False,False,none
mmdijepm-1,TMA00317,CGRP-Zeta,False,False,False,none
mmljabdg-1,TMA00317,Adelta-LTMR,False,False,False,none
mmlmgmhb-1,TMA00317,CGRP-Gamma 1,False,False,False,none
mmmangog-1,TMA00317,Proprioceptors,False,False,False,none
mmmefjep-1,TMA00317,Abeta-RA-LTMR,False,False,False,none
mmmhkjia-1,TMA00317,Abeta-RA-LTMR,False,False,False,none
mmmkjcoj-1,TMA00317,Nonpeptidergic nociceptors,False,False,False,none
mmmnaflj-1,TMA00317,Nonpeptidergic nociceptors,False,False,False,none
mmmpbedi-1,TMA00317,CGRP-Zeta,False,False,False,none
mmoajome-1,TMA00317,Abeta-RA-LTMR,False,False,False,none
mnaampog-1,TMA00317,Abeta-Field,False,False,False,none
mnabkojk-1,TMA00317,CGRP-Gamma 1,False,False,False,none
mnceehia-1,TMA00317,CGRP-Gamma 2,False,False,False,none
mncfpnlg-1,TMA00317,CGRP-Alpha,False,False,False,none
mncgbabj-1,TMA00317,CGRP-Gamma 1,False,False,False,none
mndiicee-1,TMA00317,CGRP-Eta,False,False,False,none
mndjbkcj-1,TMA00317,TrpM8,False,False,False,none
mndkmpdf-1,TMA00317,CGRP-Eta,False,False,False,none
mnffdedm-1,TMA00317,Sst,False,False,False,none
mnfheeng-1,TMA00317,Sst,False,False,False,none
mnfiilhg-1,TMA00317,CGRP-Gamma 1,False,False,False,none
mnfolcbk-1,TMA00317,CGRP-Gamma 1,False,False,False,none
mngahfjj-1,TMA00317,CGRP-Gamma 1,False,False,False,none
mngbekcn-1,TMA00317,Nonpeptidergic nociceptors,False,False,False,none
mnhefnbh-1,TMA00317,CGRP-Zeta,False,False,False,none
mnhldcmg-1,TMA00317,TrpM8,False,False,False,none
mnkfimia-1,TMA00317,Nonpeptidergic nociceptors,False,False,False,none
mnkgfail-1,TMA00317,Abeta-Field,False,False,False,none
mnlfnafc-1,TMA00317,Abeta-Field,False,False,False,none
mnmjilla-1,TMA00317,CGRP-Eta,False,False,False,none
mnmnncmd-1,TMA00317,C-LTMR,False,False,False,none
mnmokile-1,TMA00317,Nonpeptidergic nociceptors,False,False,False,none
mnnbddea-1,TMA00317,Nonpeptidergic nociceptors,False,False,False,none
mnnchikb-1,TMA00317,Sst,False,False,False,none
mnnjdoml-1,TMA00317,CGRP-Gamma 1,False,False,False,none
mnnkfcad-1,TMA00317,CGRP-Theta,False,False,False,none
mnopglad-1,TMA00317,CGRP-Theta,False,False,False,none
mnophgjf-1,TMA00317,Nonpeptidergic nociceptors,False,False,False,none
mnpgblmi-1,TMA00317,Nonpeptidergic nociceptors,False,False,False,none
mnpkooll-1,TMA00317,CGRP-Theta,False,False,False,none
mnplfnni-1,TMA00317,Sst,False,False,False,none
mnpnamhh-1,TMA00317,Nonpeptidergic nociceptors,False,False,False,none
moaaedll-1,TMA00317,Nonpeptidergic nociceptors,False,False,False,none
moabpmje-1,TMA00317,Nonpeptidergic nociceptors,False,False,False,none
moachfco-1,TMA00317,CGRP-Theta,False,False,False,none
moahiape-1,TMA00317,Adelta-LTMR,False,False,False,none
moajahnh-1,TMA00317,TrpM8,False,False,False,none
moajmjod-1,TMA00317,Sst,False,False,False,none
moaloopj-1,TMA00317,CGRP-Epsilion,False,False,False,none
mobbapbo-1,TMA00317,Nonpeptidergic nociceptors,False,False,False,none
mobdapim-1,TMA00317,Nonpeptidergic nociceptors,False,False,False,none
mobgpfkl-1,TMA00317,Nonpeptidergic nociceptors,False,False,False,none
mochcfgl-1,TMA00317,Nonpeptidergic nociceptors,False,False,False,none
mociaokd-1,TMA00317,Nonpeptidergic nociceptors,False,False,False,none
modbjide-1,TMA00317,CGRP-Theta,False,False,False,none
moddalih-1,TMA00317,CGRP-Epsilion,False,False,False,none
modjbjfm-1,TMA00317,C-LTMR,False,False,False,none
modokhnm-1,TMA00317,Proprioceptors,False,False,False,none
moedhioc-1,TMA00317,Nonpeptidergic nociceptors,False,False,False,none
moeeaheg-1,TMA00317,Nonpeptidergic nociceptors,False,False,False,none
moegnlof-1,TMA00317,Nonpeptidergic nociceptors,False,False,False,none
moehiicj-1,TMA00317,Nonpeptidergic nociceptors,False,False,False,none
mofhnbkj-1,TMA00317,TrpM8,False,False,False,none
moggkkdj-1,TMA00317,CGRP-Theta,False,False,False,none
moiliidm-1,TMA00317,CGRP-Gamma 1,False,False,False,none
moipafoi-1,TMA00317,Nonpeptidergic nociceptors,False,False,False,none
mojbijfi-1,TMA00317,Nonpeptidergic nociceptors,False,False,False,none
mojkkndg-1,TMA00317,Abeta-Field,False,False,False,none
momhbhbl-1,TMA00317,Nonpeptidergic nociceptors,False,False,False,none
monhfmpg-1,TMA00317,CGRP-Gamma 1,False,False,False,none
mpadcnil-1,TMA00317,CGRP-Alpha,False,False,False,none
mpbcihbc-1,TMA00317,CGRP-Gamma 1,False,False,False,none
mpbdoplg-1,TMA00317,CGRP-Gamma 1,False,False,False,none
mpbjkhkh-1,TMA00317,CGRP-Eta,False,False,False,none
mpbmafpo-1,TMA00317,Sst,False,False,False,none
mpbmjcll-1,TMA00317,Nonpeptidergic nociceptors,False,False,False,none
mpccbnde-1,TMA00317,Sst,False,False,False,none
mpcmnepg-1,TMA00317,Sst,False,False,False,none
mpdbfiib-1,TMA00317,Sst,False,False,False,none
mpdkahgm-1,TMA00317,Nonpeptidergic nociceptors,False,False,False,none
mpdllkcc-1,TMA00317,CGRP-Eta,False,False,False,none
mpdlokoa-1,TMA00317,CGRP-Theta,False,False,False,none
mpedckke-1,TMA00317,CGRP-Eta,False,False,False,none
mpeefllb-1,TMA00317,CGRP-Theta,False,False,False,none
mpehkpdj-1,TMA00317,CGRP-Gamma 2,False,False,False,none
mpekfekk-1,TMA00317,CGRP-Gamma 1,False,False,False,none
mpfakjfh-1,TMA00317,Nonpeptidergic nociceptors,False,False,False,none
mpfbbmhk-1,TMA00317,CGRP-Gamma 1,False,False,False,none
mpffkhol-1,TMA00317,C-LTMR,False,False,False,none
mpflpmoh-1,TMA00317,Nonpeptidergic nociceptors,False,False,False,none
mpfnjncj-1,TMA00317,CGRP-Gamma 1,False,False,False,none
mpgnfgce-1,TMA00317,CGRP-Gamma 1,False,False,False,none
mphabkpm-1,TMA00317,CGRP-Gamma 1,False,False,False,none
mphmlepl-1,TMA00317,CGRP-Eta,False,False,False,none
mphojkfg-1,TMA00317,CGRP-Theta,False,False,False,none
mpidhohm-1,TMA00317,Abeta-RA-LTMR,False,False,False,none
mpjaipgh-1,TMA00317,Sst,False,False,False,none
mpjdfgbf-1,TMA00317,CGRP-Gamma 2,False,False,False,none
mpjhkach-1,TMA00317,CGRP-Zeta,False,False,False,none
mpjklnbp-1,TMA00317,Nonpeptidergic nociceptors,False,False,False,none
mpjmjjid-1,TMA00317,Sst,False,False,False,none
mplgehle-1,TMA00317,CGRP-Eta,False,False,False,none
mplmbdfg-1,TMA00317,CGRP-Gamma 1,False,False,False,none
mplpanfc-1,TMA00317,CGRP-Epsilion,False,False,False,none
mpmbilnp-1,TMA00317,CGRP-Gamma 1,False,False,False,none
mpmkladb-1,TMA00317,Sst,False,False,False,none
mpnkfjlk-1,TMA00317,CGRP-Gamma 1,False,False,False,none
mpnkhbpn-1,TMA00317,CGRP-Eta,False,False,False,none
mpodcapc-1,TMA00317,Sst,False,False,False,none
mpomcddf-1,TMA00317,CGRP-Gamma 1,False,False,False,none
mpopbhok-1,TMA00317,CGRP-Eta,False,False,False,none
mppdmeoo-1,TMA00317,CGRP-Gamma 1,False,False,False,none
mppjlfib-1,TMA00317,CGRP-Gamma 1,False,False,False,none
mppkddpf-1,TMA00317,Sst,False,False,False,none
naalbahm-1,TMA00317,CGRP-Gamma 1,False,False,False,none
naamllmm-1,TMA00317,CGRP-Eta,False,False,False,none
nadfdkcp-1,TMA00317,CGRP-Gamma 2,False,False,False,none
naecogae-1,TMA00317,CGRP-Gamma 1,False,False,False,none
naedjlgk-1,TMA00317,TrpM8,False,False,False,none
naeoomda-1,TMA00317,CGRP-Gamma 1,False,False,False,none
nagagedb-1,TMA00317,C-LTMR,False,False,False,none
nageenpa-1,TMA00317,Nonpeptidergic nociceptors,False,False,False,none
nagkljog-1,TMA00317,Sst,False,False,False,none
nahffeak-1,TMA00317,CGRP-Gamma 1,False,False,False,none
nahjbibh-1,TMA00317,CGRP-Eta,False,False,False,none
nahmhpmb-1,TMA00317,Sst,False,False,False,none
nahmlkmj-1,TMA00317,CGRP-Gamma 1,False,False,False,none
naibkilo-1,TMA00317,CGRP-Gamma 1,False,False,False,none
naihglbi-1,TMA00317,Nonpeptidergic nociceptors,False,False,False,none
naijgjop-1,TMA00317,TrpM8,False,False,False,none
naikionj-1,TMA00317,CGRP-Gamma 1,False,False,False,none
naimnhdp-1,TMA00317,Nonpeptidergic nociceptors,False,False,False,none
najcifmm-1,TMA00317,Proprioceptors,False,False,False,none
najdfeon-1,TMA00317,CGRP-Alpha,False,False,False,none
najgmple-1,TMA00317,CGRP-Alpha,False,False,False,none
nakkglof-1,TMA00317,CGRP-Theta,False,False,False,none
nampnnkf-1,TMA00317,CGRP-Gamma 1,False,False,False,none
nanelfdm-1,TMA00317,CGRP-Gamma 1,False,False,False,none
nanfonap-1,TMA00317,CGRP-Epsilion,False,False,False,none
nbbbemoc-1,TMA00317,CGRP-Alpha,False,False,False,none
nbbdikof-1,TMA00317,CGRP-Epsilion,False,False,False,none
nbcaafog-1,TMA00317,CGRP-Gamma 2,False,False,False,none
nbdfjfbi-1,TMA00317,CGRP-Epsilion,False,False,False,none
nbglfebk-1,TMA00317,Sst,False,False,False,none
nbhbpcap-1,TMA00317,Sst,False,False,False,none
nbhhjpbm-1,TMA00317,TrpM8,False,False,False,none
nbiaoeco-1,TMA00317,CGRP-Gamma 1,False,False,False,none
nbibgeen-1,TMA00317,Proprioceptors,False,False,False,none
nbicflid-1,TMA00317,CGRP-Theta,False,False,False,none
nbjdnohh-1,TMA00317,Abeta-RA-LTMR,False,False,False,none
nbjfbngg-1,TMA00317,C-LTMR,False,False,False,none
nbkkmoee-1,TMA00317,CGRP-Theta,False,False,False,none
nbmdanao-1,TMA00317,Sst,False,False,False,none
nbmenbjn-1,TMA00317,TrpM8,False,False,False,none
nbmgooni-1,TMA00317,Proprioceptors,False,False,False,none
nbonhnic-1,TMA00317,Nonpeptidergic nociceptors,False,False,False,none
nccfgnhh-1,TMA00317,C-LTMR,False,False,False,none
ncejifgf-1,TMA00317,CGRP-Zeta,False,False,False,none
ncfbccga-1,TMA00317,Abeta-Field,False,False,False,none
ncffldkn-1,TMA00317,TrpM8,False,False,False,none
ncgjfllk-1,TMA00317,CGRP-Eta,False,False,False,none
ncmdiihp-1,TMA00317,CGRP-Eta,False,False,False,none
ncmkmemj-1,TMA00317,CGRP-Gamma 2,False,False,False,none
ncmpnekn-1,TMA00317,Abeta-Field,False,False,False,none
ncnbghpd-1,TMA00317,CGRP-Eta,False,False,False,none
ncnbnmdd-1,TMA00317,TrpM8,False,False,False,none
ncngigcn-1,TMA00317,CGRP-Eta,False,False,False,none
ncnjokla-1,TMA00317,CGRP-Zeta,False,False,False,none
ncnkocbo-1,TMA00317,CGRP-Eta,False,False,False,none
ncnppmlk-1,TMA00317,Nonpeptidergic nociceptors,False,False,False,none
ncoambnk-1,TMA00317,Nonpeptidergic nociceptors,False,False,False,none
ncpccdfe-1,TMA00317,CGRP-Gamma 1,False,False,False,none
ndbdamaj-1,TMA00317,CGRP-Gamma 1,False,False,False,none
ndbhefhc-1,TMA00317,CGRP-Theta,False,False,False,none
ndbilpag-1,TMA00317,TrpM8,False,False,False,none
ndbnelbj-1,TMA00317,CGRP-Gamma 1,False,False,False,none
ndcbjfpk-1,TMA00317,Nonpeptidergic nociceptors,False,False,False,none
ndcdfajd-1,TMA00317,CGRP-Gamma 1,False,False,False,none
ndcegabj-1,TMA00317,Nonpeptidergic nociceptors,False,False,False,none
ndcheamh-1,TMA00317,CGRP-Gamma 2,False,False,False,none
ndcjhanh-1,TMA00317,CGRP-Gamma 1,False,False,False,none
ndckfaee-1,TMA00317,CGRP-Eta,False,False,False,none
nddbhenk-1,TMA00317,Abeta-Field,False,True,False,dTomato_Seq2_hi
nddjncla-1,TMA00317,Nonpeptidergic nociceptors,False,False,False,none
ndebjmol-1,TMA00317,CGRP-Alpha,False,False,False,none
ndemhhec-1,TMA00317,C-LTMR,False,False,False,none
ndeniibb-1,TMA00317,Abeta-RA-LTMR,False,False,False,none
ndfecdmg-1,TMA00317,Nonpeptidergic nociceptors,False,False,False,none
ndffaaek-1,TMA00317,CGRP-Epsilion,False,False,False,none
ndfncnfi-1,TMA00317,CGRP-Gamma 1,False,False,False,none
ndfpmfoj-1,TMA00317,CGRP-Gamma 1,False,False,False,none
ndgdhpkn-1,TMA00317,CGRP-Epsilion,False,False,False,none
ndggmbjk-1,TMA00317,Nonpeptidergic nociceptors,False,False,False,none
ndggojbp-1,TMA00317,Nonpeptidergic nociceptors,False,False,False,none
ndlmcoaj-1,TMA00317,C-LTMR,False,False,False,none
ndnllgho-1,TMA00317,CGRP-Alpha,False,False,False,none
ndoaoahn-1,TMA00317,Sst,False,False,False,none
ndoengok-1,TMA00317,CGRP-Gamma 1,False,False,False,none
ndoibppp-1,TMA00317,TrpM8,False,False,False,none
ndonjmpp-1,TMA00317,CGRP-Gamma 1,False,False,False,none
ndpejknp-1,TMA00317,CGRP-Zeta,False,False,False,none
ndpgjfjm-1,TMA00317,CGRP-Zeta,False,False,False,none
ndplkjod-1,TMA00317,CGRP-Alpha,False,False,False,none
neakokgd-1,TMA00317,CGRP-Eta,False,False,False,none
nebainfk-1,TMA00317,CGRP-Gamma 1,False,False,False,none
nedbcbik-1,TMA00317,CGRP-Gamma 1,False,False,False,none
nedegnbd-1,TMA00317,CGRP-Zeta,False,False,False,none
nedklokf-1,TMA00317,CGRP-Gamma 1,False,False,False,none
nedmefha-1,TMA00317,CGRP-Gamma 1,False,False,False,none
nednbhcl-1,TMA00317,CGRP-Zeta,False,False,False,none
nedopneg-1,TMA00317,CGRP-Eta,False,False,False,none
needhijg-1,TMA00317,CGRP-Zeta,False,False,False,none
neegnmam-1,TMA00317,CGRP-Zeta,False,False,False,none
negnemkh-1,TMA00317,Nonpeptidergic nociceptors,False,False,False,none
nejpephg-1,TMA00317,Sst,False,False,False,none
nekfipam-1,TMA00317,CGRP-Beta,False,False,False,none
nemkblbh-1,TMA00317,Nonpeptidergic nociceptors,False,False,False,none
nemmoefj-1,TMA00317,CGRP-Zeta,False,False,False,none
nempekad-1,TMA00317,CGRP-Alpha,False,False,False,none
nenamiml-1,TMA00317,Nonpeptidergic nociceptors,False,False,False,none
nengmfpo-1,TMA00317,Nonpeptidergic nociceptors,False,False,False,none
nenjipcg-1,TMA00317,Abeta-Field,False,False,False,none
nepfdhfe-1,TMA00317,Abeta-RA-LTMR,False,False,False,none
nfaeoeme-1,TMA00317,Nonpeptidergic nociceptors,False,False,False,none
nfagedej-1,TMA00317,Nonpeptidergic nociceptors,False,False,False,none
nfapfinl-1,TMA00317,Nonpeptidergic nociceptors,False,False,False,none
nfapmepn-1,TMA00317,Abeta-RA-LTMR,False,False,False,none
nfbfjjlj-1,TMA00317,Nonpeptidergic nociceptors,False,False,False,none
nfbggdpa-1,TMA00317,CGRP-Gamma 1,False,False,False,none
nfbklfih-1,TMA00317,Nonpeptidergic nociceptors,False,False,False,none
nfbmmeei-1,TMA00317,Sst,False,False,False,none
nfcaipbc-1,TMA00317,Nonpeptidergic nociceptors,False,False,False,none
nhedmean-1,TMA00317,Proprioceptors,False,False,False,none
nihacdpg-1,TMA00317,Abeta-RA-LTMR,False,False,False,none
njmnccea-1,TMA00317,Nonpeptidergic nociceptors,False,False,False,none
nkknkmnc-1,TMA00317,Nonpeptidergic nociceptors,False,False,False,none
nlapmikh-1,TMA00317,CGRP-Gamma 1,False,False,False,none
nmcimjoh-1,TMA00317,CGRP-Alpha,False,False,False,none
nocddobe-1,TMA00317,Sst,False,False,False,none
nojgpcoo-1,TMA00317,CGRP-Gamma 1,False,False,False,none
nomepoim-1,TMA00317,Nonpeptidergic nociceptors,False,False,False,none
nomlakje-1,TMA00317,Proprioceptors,False,False,False,none
noojplkg-1,TMA00317,Nonpeptidergic nociceptors,False,False,False,none
npfdaejo-1,TMA00317,CGRP-Gamma 1,False,False,False,none
nplgdman-1,TMA00317,CGRP-Eta,False,False,False,none
oainbhae-1,TMA00317,CGRP-Zeta,False,False,False,none
oaklkmlo-1,TMA00317,Proprioceptors,False,False,False,none
oambiddg-1,TMA00317,Nonpeptidergic nociceptors,False,False,False,none
obdigkah-1,TMA00317,Nonpeptidergic nociceptors,False,False,False,none
obopnoka-1,TMA00317,CGRP-Gamma 1,False,False,False,none
obphldhm-1,TMA00317,TrpM8,False,False,False,none
odcegnne-1,TMA00317,Nonpeptidergic nociceptors,False,False,False,none
oebelblh-1,TMA00317,Abeta-Field,False,False,False,none
oebnaegb-1,TMA00317,Abeta-RA-LTMR,False,False,False,none
ofcgddbe-1,TMA00317,CGRP-Alpha,False,False,False,none
ofcipmfh-1,TMA00317,CGRP-Gamma 1,False,False,False,none
ogahdlnn-1,TMA00317,Nonpeptidergic nociceptors,False,False,False,none
ogjhdoil-1,TMA00317,CGRP-Eta,False,False,False,none
ogkfjnpj-1,TMA00317,CGRP-Gamma 1,False,False,False,none
oglfingm-1,TMA00317,Nonpeptidergic nociceptors,False,False,False,none
ognclgfb-1,TMA00317,Nonpeptidergic nociceptors,False,False,False,none
