cell_id,sample_id,neuron_label,EGFP_Seq1_hi,dTomato_Seq2_hi,EGFP_dTomato_dual_hi,group
aabglidd-1,TMA00318,Abeta-RA-LTMR,False,False,False,Abeta-RA-LTMR
aabjnhih-1,TMA00318,Proprioceptors,False,False,False,Proprioceptors
aablaoak-1,TMA00318,Proprioceptors,False,False,False,Proprioceptors
aablffff-1,TMA00318,Nonpeptidergic nociceptors,False,False,False,Nonpeptidergic nociceptors
aabpkpbk-1,TMA00318,Nonpeptidergic nociceptors,False,False,False,Nonpeptidergic nociceptors
aacaoile-1,TMA00318,Nonpeptidergic nociceptors,False,False,False,Nonpeptidergic nociceptors
aaccmmjg-1,TMA00318,CGRP-Eta,False,False,False,CGRP-Eta
aacginho-1,TMA00318,Adelta-LTMR,False,False,False,Adelta-LTMR
aacigdkk-1,TMA00318,Nonpeptidergic nociceptors,False,False,False,Nonpeptidergic nociceptors
aadaiegm-1,TMA00318,Proprioceptors,False,False,False,Proprioceptors
aadiignh-1,TMA00318,Abeta-Field,False,False,False,Abeta-Field
aaelejgn-1,TMA00318,Abeta-RA-LTMR,False,False,False,Abeta-RA-LTMR
aaeobihh-1,TMA00318,Abeta-RA-LTMR,False,False,False,Abeta-RA-LTMR
aafbcnmo-1,TMA00318,CGRP-Zeta,False,False,False,CGRP-Zeta
aaffnofi-1,TMA00318,CGRP-Gamma 1,False,False,False,CGRP-Gamma 1
aafndada-1,TMA00318,C-LTMR,False,False,False,C-LTMR
aagbhelh-1,TMA00318,Abeta-RA-LTMR,False,False,False,Abeta-RA-LTMR
aaggcmkp-1,TMA00318,CGRP-Gamma 1,False,False,False,CGRP-Gamma 1
aaicdobg-1,TMA00318,Abeta-RA-LTMR,False,False,False,Abeta-RA-LTMR
aailfdhi-1,TMA00318,CGRP-Alpha,False,False,False,CGRP-Alpha
aajaffan-1,TMA00318,CGRP-Gamma 1,False,False,False,CGRP-Gamma 1
aanadnmh-1,TMA00318,Proprioceptors,False,False,False,Proprioceptors
aancalka-1,TMA00318,Nonpeptidergic nociceptors,False,False,False,Nonpeptidergic nociceptors
aanfjhjp-1,TMA00318,TrpM8,False,False,False,TrpM8
aaolgfhc-1,TMA00318,CGRP-Epsilion,False,False,False,CGRP-Epsilion
aaomiikn-1,TMA00318,TrpM8,False,False,False,TrpM8
aapdahgj-1,TMA00318,CGRP-Gamma 1,False,False,False,CGRP-Gamma 1
aapfanjm-1,TMA00318,Nonpeptidergic nociceptors,False,False,False,Nonpeptidergic nociceptors
aapfemkb-1,TMA00318,CGRP-Gamma 1,False,False,False,CGRP-Gamma 1
aapghjhe-1,TMA00318,Proprioceptors,False,False,False,Proprioceptors
abaagonj-1,TMA00318,CGRP-Eta,False,False,False,CGRP-Eta
abacefjb-1,TMA00318,CGRP-Eta,False,False,False,CGRP-Eta
abaoccmh-1,TMA00318,CGRP-Eta,False,False,False,CGRP-Eta
abbalkia-1,TMA00318,Proprioceptors,False,False,False,Proprioceptors
abbddiop-1,TMA00318,Abeta-RA-LTMR,False,False,False,Abeta-RA-LTMR
abbfcjda-1,TMA00318,Proprioceptors,True,False,False,Proprioceptors
abbhdggp-1,TMA00318,Nonpeptidergic nociceptors,False,False,False,Nonpeptidergic nociceptors
abbldofm-1,TMA00318,Nonpeptidergic nociceptors,False,False,False,Nonpeptidergic nociceptors
abbnlloh-1,TMA00318,Nonpeptidergic nociceptors,False,False,False,Nonpeptidergic nociceptors
abcebdmj-1,TMA00318,CGRP-Eta,False,False,False,CGRP-Eta
abchojki-1,TMA00318,CGRP-Epsilion,False,False,False,CGRP-Epsilion
abcimoan-1,TMA00318,Proprioceptors,False,False,False,Proprioceptors
abclbeno-1,TMA00318,Adelta-LTMR,False,False,False,Adelta-LTMR
abconjof-1,TMA00318,CGRP-Zeta,False,False,False,CGRP-Zeta
abcoollc-1,TMA00318,C-LTMR,False,False,False,C-LTMR
abdcgokd-1,TMA00318,TrpM8,False,False,False,TrpM8
abdehjcp-1,TMA00318,Sst,False,False,False,Sst
abdhmaic-1,TMA00318,Nonpeptidergic nociceptors,False,False,False,Nonpeptidergic nociceptors
abdhopma-1,TMA00318,Proprioceptors,False,False,False,Proprioceptors
abdnbkkd-1,TMA00318,Proprioceptors,False,False,False,Proprioceptors
abdndjmi-1,TMA00318,CGRP-Zeta,False,False,False,CGRP-Zeta
abecablp-1,TMA00318,CGRP-Theta,False,False,False,CGRP-Theta
abecccoi-1,TMA00318,C-LTMR,False,False,False,C-LTMR
abecgjpa-1,TMA00318,CGRP-Theta,False,False,False,CGRP-Theta
abehmfjf-1,TMA00318,Nonpeptidergic nociceptors,False,False,False,Nonpeptidergic nociceptors
abejggpc-1,TMA00318,Abeta-RA-LTMR,False,False,False,Abeta-RA-LTMR
abfankef-1,TMA00318,CGRP-Eta,False,False,False,CGRP-Eta
abfigeah-1,TMA00318,C-LTMR,False,False,False,C-LTMR
abfkbcim-1,TMA00318,CGRP-Gamma 1,False,False,False,CGRP-Gamma 1
abflodbh-1,TMA00318,CGRP-Epsilion,False,False,False,CGRP-Epsilion
abgaehop-1,TMA00318,Abeta-Field,False,False,False,Abeta-Field
abgaffhf-1,TMA00318,Abeta-Field,False,False,False,Abeta-Field
abgbjldg-1,TMA00318,Nonpeptidergic nociceptors,False,False,False,Nonpeptidergic nociceptors
abgboabp-1,TMA00318,CGRP-Theta,False,False,False,CGRP-Theta
abgfbcjc-1,TMA00318,TrpM8,False,False,False,TrpM8
abghbakn-1,TMA00318,TrpM8,False,False,False,TrpM8
abgpoinn-1,TMA00318,C-LTMR,False,False,False,C-LTMR
abhgfdgh-1,TMA00318,CGRP-Alpha,False,False,False,CGRP-Alpha
abhijdlp-1,TMA00318,CGRP-Alpha,False,False,False,CGRP-Alpha
abhlfjgp-1,TMA00318,CGRP-Alpha,False,False,False,CGRP-Alpha
abibfego-1,TMA00318,Nonpeptidergic nociceptors,False,False,False,Nonpeptidergic nociceptors
abibjced-1,TMA00318,Nonpeptidergic nociceptors,False,False,False,Nonpeptidergic nociceptors
abicggbe-1,TMA00318,Adelta-LTMR,False,False,False,Adelta-LTMR
abigojfn-1,TMA00318,Nonpeptidergic nociceptors,False,False,False,Nonpeptidergic nociceptors
abjffcdf-1,TMA00318,Nonpeptidergic nociceptors,False,False,False,Nonpeptidergic nociceptors
abjhblng-1,TMA00318,Abeta-RA-LTMR,False,False,False,Abeta-RA-LTMR
abjocnnl-1,TMA00318,Nonpeptidergic nociceptors,False,False,False,Nonpeptidergic nociceptors
abjooegd-1,TMA00318,C-LTMR,False,False,False,C-LTMR
abkggead-1,TMA00318,Adelta-LTMR,False,False,False,Adelta-LTMR
abkiccgi-1,TMA00318,Abeta-Field,False,False,False,Abeta-Field
abklhnml-1,TMA00318,Abeta-Field,False,False,False,Abeta-Field
abkmfjke-1,TMA00318,C-LTMR,False,False,False,C-LTMR
abkmjbfe-1,TMA00318,C-LTMR,False,False,False,C-LTMR
ablfeakp-1,TMA00318,Sst,False,False,False,Sst
ablfghml-1,TMA00318,TrpM8,False,False,False,TrpM8
abliceoc-1,TMA00318,TrpM8,False,False,False,TrpM8
abljfamn-1,TMA00318,CGRP-Alpha,False,False,False,CGRP-Alpha
ablnidjc-1,TMA00318,Proprioceptors,False,False,False,Proprioceptors
ablogepa-1,TMA00318,Proprioceptors,True,False,False,Proprioceptors
abmiekfd-1,TMA00318,C-LTMR,False,False,False,C-LTMR
abmjlmah-1,TMA00318,CGRP-Zeta,False,False,False,CGRP-Zeta
abncaikb-1,TMA00318,Abeta-Field,False,False,False,Abeta-Field
abndjnpn-1,TMA00318,CGRP-Epsilion,False,False,False,CGRP-Epsilion
abnfadof-1,TMA00318,Sst,False,False,False,Sst
abnhdkoa-1,TMA00318,CGRP-Eta,False,False,False,CGRP-Eta
abnmhhbo-1,TMA00318,CGRP-Epsilion,False,False,False,CGRP-Epsilion
abnmjohg-1,TMA00318,CGRP-Gamma 1,False,False,False,CGRP-Gamma 1
abobbhch-1,TMA00318,CGRP-Gamma 2,False,False,False,CGRP-Gamma 2
abobnfod-1,TMA00318,CGRP-Theta,False,False,False,CGRP-Theta
aboboohn-1,TMA00318,CGRP-Gamma 1,False,False,False,CGRP-Gamma 1
aboegmlb-1,TMA00318,CGRP-Gamma 1,False,False,False,CGRP-Gamma 1
abofhgdo-1,TMA00318,C-LTMR,False,False,False,C-LTMR
aboibjej-1,TMA00318,TrpM8,False,False,False,TrpM8
aboifoni-1,TMA00318,C-LTMR,False,False,False,C-LTMR
abopdbin-1,TMA00318,C-LTMR,False,False,False,C-LTMR
aboplcnk-1,TMA00318,TrpM8,False,False,False,TrpM8
abpdloek-1,TMA00318,TrpM8,False,False,False,TrpM8
abpfdeap-1,TMA00318,CGRP-Alpha,False,False,False,CGRP-Alpha
abpfpkkn-1,TMA00318,CGRP-Alpha,False,False,False,CGRP-Alpha
abpgcndn-1,TMA00318,Nonpeptidergic nociceptors,False,False,False,Nonpeptidergic nociceptors
abpgjiap-1,TMA00318,CGRP-Gamma 1,False,False,False,CGRP-Gamma 1
acapcbfb-1,TMA00318,TrpM8,False,False,False,TrpM8
acbiebkl-1,TMA00318,TrpM8,False,False,False,TrpM8
acbkoehk-1,TMA00318,TrpM8,False,False,False,TrpM8
acblkdpc-1,TMA00318,CGRP-Eta,False,False,False,CGRP-Eta
acbohafh-1,TMA00318,CGRP-Eta,False,False,False,CGRP-Eta
acccdfle-1,TMA00318,CGRP-Gamma 2,False,False,False,CGRP-Gamma 2
accehine-1,TMA00318,CGRP-Gamma 1,False,False,False,CGRP-Gamma 1
acdamepi-1,TMA00318,CGRP-Gamma 2,False,False,False,CGRP-Gamma 2
acdfjmbb-1,TMA00318,Adelta-LTMR,False,False,False,Adelta-LTMR
acdjnike-1,TMA00318,CGRP-Beta,False,False,False,CGRP-Beta
acdmbcbj-1,TMA00318,C-LTMR,False,False,False,C-LTMR
acdpemml-1,TMA00318,TrpM8,False,False,False,TrpM8
acejjmjb-1,TMA00318,CGRP-Alpha,False,False,False,CGRP-Alpha
acenldkp-1,TMA00318,CGRP-Gamma 2,False,True,False,CGRP-Gamma 2
acfbopij-1,TMA00318,Nonpeptidergic nociceptors,False,False,False,Nonpeptidergic nociceptors
acfeanhj-1,TMA00318,Nonpeptidergic nociceptors,False,False,False,Nonpeptidergic nociceptors
acffokjl-1,TMA00318,CGRP-Theta,False,False,False,CGRP-Theta
acfhfcgd-1,TMA00318,CGRP-Beta,False,False,False,CGRP-Beta
acfihkgo-1,TMA00318,CGRP-Alpha,False,False,False,CGRP-Alpha
acfjhhfp-1,TMA00318,CGRP-Eta,False,False,False,CGRP-Eta
acfkoeoj-1,TMA00318,Adelta-LTMR,False,False,False,Adelta-LTMR
acfmheka-1,TMA00318,CGRP-Theta,False,False,False,CGRP-Theta
acfnfnbc-1,TMA00318,Nonpeptidergic nociceptors,False,False,False,Nonpeptidergic nociceptors
acgjbelf-1,TMA00318,C-LTMR,False,False,False,C-LTMR
acgjclcm-1,TMA00318,Nonpeptidergic nociceptors,False,False,False,Nonpeptidergic nociceptors
acgjmbim-1,TMA00318,CGRP-Eta,False,False,False,CGRP-Eta
acgkcjpe-1,TMA00318,C-LTMR,False,False,False,C-LTMR
acgljnba-1,TMA00318,Nonpeptidergic nociceptors,False,False,False,Nonpeptidergic nociceptors
acgmoneo-1,TMA00318,CGRP-Gamma 1,False,False,False,CGRP-Gamma 1
achgjdmh-1,TMA00318,CGRP-Zeta,False,False,False,CGRP-Zeta
achhkpfp-1,TMA00318,CGRP-Gamma 2,False,False,False,CGRP-Gamma 2
achilhdi-1,TMA00318,CGRP-Gamma 1,False,False,False,CGRP-Gamma 1
achkofda-1,TMA00318,CGRP-Eta,False,False,False,CGRP-Eta
achlfhke-1,TMA00318,C-LTMR,False,False,False,C-LTMR
acinjnja-1,TMA00318,TrpM8,False,False,False,TrpM8
acjblbna-1,TMA00318,Nonpeptidergic nociceptors,False,False,False,Nonpeptidergic nociceptors
acjookhn-1,TMA00318,Sst,False,False,False,Sst
ackamdep-1,TMA00318,CGRP-Gamma 1,False,False,False,CGRP-Gamma 1
ackcmdhm-1,TMA00318,CGRP-Eta,False,False,False,CGRP-Eta
ackekaoa-1,TMA00318,CGRP-Gamma 1,False,False,False,CGRP-Gamma 1
ackilakl-1,TMA00318,Abeta-RA-LTMR,False,False,False,Abeta-RA-LTMR
acklfimb-1,TMA00318,CGRP-Eta,False,False,False,CGRP-Eta
ackliecb-1,TMA00318,C-LTMR,False,False,False,C-LTMR
ackmpmgp-1,TMA00318,CGRP-Alpha,False,False,False,CGRP-Alpha
ackooddj-1,TMA00318,CGRP-Gamma 1,False,False,False,CGRP-Gamma 1
aclfjpdo-1,TMA00318,CGRP-Gamma 1,False,False,False,CGRP-Gamma 1
aclhepgo-1,TMA00318,CGRP-Eta,False,False,False,CGRP-Eta
aclkpnfe-1,TMA00318,Abeta-RA-LTMR,False,False,False,Abeta-RA-LTMR
acmaldbk-1,TMA00318,CGRP-Gamma 1,False,False,False,CGRP-Gamma 1
acmccmgf-1,TMA00318,CGRP-Zeta,False,False,False,CGRP-Zeta
acmckfob-1,TMA00318,C-LTMR,False,False,False,C-LTMR
acmedmmc-1,TMA00318,C-LTMR,False,False,False,C-LTMR
acmjlbpd-1,TMA00318,TrpM8,False,False,False,TrpM8
acmjnmfm-1,TMA00318,CGRP-Theta,False,False,False,CGRP-Theta
acmjpopc-1,TMA00318,Nonpeptidergic nociceptors,False,False,False,Nonpeptidergic nociceptors
acmlmmhf-1,TMA00318,Nonpeptidergic nociceptors,False,False,False,Nonpeptidergic nociceptors
acmpmhml-1,TMA00318,Nonpeptidergic nociceptors,False,False,False,Nonpeptidergic nociceptors
acnbggdn-1,TMA00318,Adelta-LTMR,False,False,False,Adelta-LTMR
acncchpk-1,TMA00318,C-LTMR,False,False,False,C-LTMR
acnhlhfh-1,TMA00318,CGRP-Gamma 1,False,False,False,CGRP-Gamma 1
acnhomeg-1,TMA00318,CGRP-Gamma 1,False,False,False,CGRP-Gamma 1
acnjdfcp-1,TMA00318,CGRP-Eta,False,False,False,CGRP-Eta
acnjdlif-1,TMA00318,CGRP-Gamma 2,False,False,False,CGRP-Gamma 2
acnjgael-1,TMA00318,CGRP-Gamma 1,False,True,False,CGRP-Gamma 1
acocfepm-1,TMA00318,CGRP-Gamma 2,False,False,False,CGRP-Gamma 2
acocopgo-1,TMA00318,C-LTMR,False,False,False,C-LTMR
acodmnom-1,TMA00318,CGRP-Gamma 1,False,False,False,CGRP-Gamma 1
acoeacla-1,TMA00318,CGRP-Gamma 2,False,False,False,CGRP-Gamma 2
acolbeke-1,TMA00318,CGRP-Gamma 1,False,False,False,CGRP-Gamma 1
aconibld-1,TMA00318,CGRP-Gamma 1,False,False,False,CGRP-Gamma 1
acpakioh-1,TMA00318,TrpM8,False,False,False,TrpM8
acpdmhll-1,TMA00318,TrpM8,False,False,False,TrpM8
acpehfgd-1,TMA00318,CGRP-Gamma 2,False,False,False,CGRP-Gamma 2
acpenhhl-1,TMA00318,CGRP-Gamma 2,False,False,False,CGRP-Gamma 2
acpmkdda-1,TMA00318,CGRP-Gamma 1,False,False,False,CGRP-Gamma 1
adaghpkd-1,TMA00318,TrpM8,False,False,False,TrpM8
adaikbdp-1,TMA00318,TrpM8,False,False,False,TrpM8
adamdpoc-1,TMA00318,CGRP-Alpha,False,False,False,CGRP-Alpha
adampfgj-1,TMA00318,Abeta-Field,False,False,False,Abeta-Field
adapckdb-1,TMA00318,Abeta-Field,False,False,False,Abeta-Field
adbbolpa-1,TMA00318,Abeta-Field,False,False,False,Abeta-Field
adbcnhle-1,TMA00318,CGRP-Gamma 1,False,False,False,CGRP-Gamma 1
adbeihko-1,TMA00318,Abeta-RA-LTMR,False,False,False,Abeta-RA-LTMR
adccfnmg-1,TMA00318,CGRP-Gamma 1,False,False,False,CGRP-Gamma 1
adccjldn-1,TMA00318,Abeta-RA-LTMR,False,False,False,Abeta-RA-LTMR
adcckkmb-1,TMA00318,CGRP-Gamma 2,False,False,False,CGRP-Gamma 2
adcgblmc-1,TMA00318,Abeta-RA-LTMR,False,False,False,Abeta-RA-LTMR
adckhcgo-1,TMA00318,Abeta-Field,False,False,False,Abeta-Field
adcnjchp-1,TMA00318,Proprioceptors,False,False,False,Proprioceptors
addbflag-1,TMA00318,Adelta-LTMR,False,False,False,Adelta-LTMR
addchane-1,TMA00318,Proprioceptors,False,False,False,Proprioceptors
addghlec-1,TMA00318,CGRP-Eta,False,False,False,CGRP-Eta
addminkh-1,TMA00318,Abeta-Field,False,False,False,Abeta-Field
addmpkno-1,TMA00318,CGRP-Eta,False,False,False,CGRP-Eta
addnljni-1,TMA00318,CGRP-Gamma 1,False,False,False,CGRP-Gamma 1
adednijk-1,TMA00318,Abeta-RA-LTMR,False,False,False,Abeta-RA-LTMR
adehfblc-1,TMA00318,CGRP-Zeta,False,False,False,CGRP-Zeta
adeljfji-1,TMA00318,Adelta-LTMR,False,False,False,Adelta-LTMR
adfkgohj-1,TMA00318,CGRP-Eta,False,False,False,CGRP-Eta
adfmmcbb-1,TMA00318,CGRP-Zeta,False,False,False,CGRP-Zeta
adfpoeei-1,TMA00318,CGRP-Zeta,False,False,False,CGRP-Zeta
adgchiko-1,TMA00318,C-LTMR,False,False,False,C-LTMR
adgmgbag-1,TMA00318,CGRP-Eta,False,False,False,CGRP-Eta
adgoigef-1,TMA00318,Abeta-Field,False,False,False,Abeta-Field
adhfndea-1,TMA00318,TrpM8,False,False,False,TrpM8
adhlllhh-1,TMA00318,CGRP-Gamma 1,False,False,False,CGRP-Gamma 1
adhlnpme-1,TMA00318,CGRP-Gamma 1,False,False,False,CGRP-Gamma 1
adicdmkj-1,TMA00318,CGRP-Eta,False,False,False,CGRP-Eta
adidhijf-1,TMA00318,C-LTMR,False,False,False,C-LTMR
adidodlg-1,TMA00318,CGRP-Gamma 1,False,False,False,CGRP-Gamma 1
adiehjno-1,TMA00318,CGRP-Theta,False,False,False,CGRP-Theta
adieiphf-1,TMA00318,TrpM8,False,False,False,TrpM8
adiemafa-1,TMA00318,TrpM8,False,False,False,TrpM8
adiffmoh-1,TMA00318,C-LTMR,False,False,False,C-LTMR
adigfkod-1,TMA00318,CGRP-Beta,False,False,False,CGRP-Beta
adigoojc-1,TMA00318,CGRP-Beta,False,False,False,CGRP-Beta
adihclem-1,TMA00318,C-LTMR,False,False,False,C-LTMR
adiiaeoc-1,TMA00318,CGRP-Gamma 1,False,False,False,CGRP-Gamma 1
adiinmcb-1,TMA00318,CGRP-Eta,False,False,False,CGRP-Eta
adinfbbc-1,TMA00318,CGRP-Gamma 1,False,False,False,CGRP-Gamma 1
adinncen-1,TMA00318,TrpM8,False,False,False,TrpM8
adjgnaem-1,TMA00318,CGRP-Gamma 2,False,False,False,CGRP-Gamma 2
adjjlope-1,TMA00318,Abeta-Field,False,False,False,Abeta-Field
adjnnpni-1,TMA00318,Nonpeptidergic nociceptors,False,False,False,Nonpeptidergic nociceptors
adkbklgd-1,TMA00318,C-LTMR,False,False,False,C-LTMR
adkhpajk-1,TMA00318,Proprioceptors,False,False,False,Proprioceptors
adkogopo-1,TMA00318,CGRP-Eta,False,False,False,CGRP-Eta
adlmmekm-1,TMA00318,TrpM8,False,False,False,TrpM8
admbmbio-1,TMA00318,CGRP-Gamma 1,False,False,False,CGRP-Gamma 1
admhkcpa-1,TMA00318,TrpM8,False,False,False,TrpM8
admhkgpi-1,TMA00318,Nonpeptidergic nociceptors,False,False,False,Nonpeptidergic nociceptors
admjbomc-1,TMA00318,CGRP-Gamma 1,False,False,False,CGRP-Gamma 1
admjcbdd-1,TMA00318,CGRP-Alpha,False,False,False,CGRP-Alpha
adngjhgh-1,TMA00318,CGRP-Beta,False,False,False,CGRP-Beta
adnhnigj-1,TMA00318,TrpM8,False,False,False,TrpM8
adnjikjo-1,TMA00318,Nonpeptidergic nociceptors,False,False,False,Nonpeptidergic nociceptors
adnkohcf-1,TMA00318,C-LTMR,False,False,False,C-LTMR
adnkpako-1,TMA00318,CGRP-Eta,False,False,False,CGRP-Eta
adnkpoig-1,TMA00318,Nonpeptidergic nociceptors,False,False,False,Nonpeptidergic nociceptors
adnmlfel-1,TMA00318,CGRP-Eta,False,False,False,CGRP-Eta
adnoabag-1,TMA00318,C-LTMR,False,False,False,C-LTMR
adocijoc-1,TMA00318,CGRP-Epsilion,False,False,False,CGRP-Epsilion
adogeakc-1,TMA00318,Nonpeptidergic nociceptors,False,False,False,Nonpeptidergic nociceptors
adogmdip-1,TMA00318,CGRP-Eta,False,False,False,CGRP-Eta
adonaeel-1,TMA00318,CGRP-Gamma 2,False,False,False,CGRP-Gamma 2
adoocikf-1,TMA00318,CGRP-Eta,False,False,False,CGRP-Eta
adpaefbc-1,TMA00318,C-LTMR,False,False,False,C-LTMR
adpbdmoi-1,TMA00318,TrpM8,False,False,False,TrpM8
adpglkip-1,TMA00318,C-LTMR,False,False,False,C-LTMR
adpiodoj-1,TMA00318,C-LTMR,False,False,False,C-LTMR
adpjfdhe-1,TMA00318,CGRP-Gamma 1,False,False,False,CGRP-Gamma 1
adplipdo-1,TMA00318,CGRP-Epsilion,False,False,False,CGRP-Epsilion
adpmbpbi-1,TMA00318,TrpM8,False,False,False,TrpM8
adpmgehg-1,TMA00318,Abeta-RA-LTMR,False,False,False,Abeta-RA-LTMR
adpmkopc-1,TMA00318,TrpM8,False,False,False,TrpM8
aeaafioa-1,TMA00318,TrpM8,False,False,False,TrpM8
aeadapca-1,TMA00318,TrpM8,False,False,False,TrpM8
aeadgemd-1,TMA00318,CGRP-Gamma 1,False,False,False,CGRP-Gamma 1
aeaeddci-1,TMA00318,CGRP-Beta,False,False,False,CGRP-Beta
aeafhchm-1,TMA00318,Sst,False,False,False,Sst
aealnbba-1,TMA00318,C-LTMR,False,False,False,C-LTMR
aebanjfn-1,TMA00318,Proprioceptors,False,False,False,Proprioceptors
aebaochm-1,TMA00318,C-LTMR,False,False,False,C-LTMR
aebbaaho-1,TMA00318,CGRP-Epsilion,False,False,False,CGRP-Epsilion
aebcccmj-1,TMA00318,C-LTMR,False,False,False,C-LTMR
aebhmblc-1,TMA00318,C-LTMR,False,False,False,C-LTMR
aeblnhnd-1,TMA00318,TrpM8,False,False,False,TrpM8
aebmndpo-1,TMA00318,CGRP-Gamma 1,False,False,False,CGRP-Gamma 1
aebocicb-1,TMA00318,CGRP-Eta,False,False,False,CGRP-Eta
aebonbli-1,TMA00318,Nonpeptidergic nociceptors,False,False,False,Nonpeptidergic nociceptors
aecfegfn-1,TMA00318,CGRP-Alpha,False,False,False,CGRP-Alpha
aechifdn-1,TMA00318,CGRP-Eta,False,False,False,CGRP-Eta
aecihaam-1,TMA00318,CGRP-Gamma 1,False,False,False,CGRP-Gamma 1
aecjcdkd-1,TMA00318,CGRP-Eta,False,False,False,CGRP-Eta
aeclgdmf-1,TMA00318,Nonpeptidergic nociceptors,False,False,False,Nonpeptidergic nociceptors
aedkndbf-1,TMA00318,TrpM8,False,False,False,TrpM8
aedoclkk-1,TMA00318,C-LTMR,False,False,False,C-LTMR
aeegcmjo-1,TMA00318,CGRP-Zeta,False,False,False,CGRP-Zeta
aeegoann-1,TMA00318,CGRP-Eta,False,False,False,CGRP-Eta
aeelplce-1,TMA00318,CGRP-Gamma 1,False,False,False,CGRP-Gamma 1
aeemgekd-1,TMA00318,CGRP-Alpha,False,False,False,CGRP-Alpha
aeemhghj-1,TMA00318,TrpM8,False,False,False,TrpM8
aeenffej-1,TMA00318,TrpM8,False,False,False,TrpM8
aeeodgjl-1,TMA00318,CGRP-Alpha,False,False,False,CGRP-Alpha
aeepnbim-1,TMA00318,CGRP-Alpha,False,False,False,CGRP-Alpha
aehccoil-1,TMA00318,CGRP-Gamma 2,False,False,False,CGRP-Gamma 2
aeifodgk-1,TMA00318,Nonpeptidergic nociceptors,False,False,False,Nonpeptidergic nociceptors
aeimokjh-1,TMA00318,Sst,False,False,False,Sst
aejchoeb-1,TMA00318,CGRP-Alpha,False,False,False,CGRP-Alpha
aejfkcjn-1,TMA00318,Abeta-Field,False,False,False,Abeta-Field
aejjkdmm-1,TMA00318,TrpM8,False,False,False,TrpM8
aejknakl-1,TMA00318,CGRP-Gamma 1,False,False,False,CGRP-Gamma 1
aejnjobi-1,TMA00318,CGRP-Eta,False,False,False,CGRP-Eta
aejpfjol-1,TMA00318,Abeta-Field,False,False,False,Abeta-Field
aekacmil-1,TMA00318,CGRP-Eta,False,False,False,CGRP-Eta
aekbfnhg-1,TMA00318,Proprioceptors,False,False,False,Proprioceptors
aekdjaoi-1,TMA00318,CGRP-Gamma 2,False,False,False,CGRP-Gamma 2
aekeckef-1,TMA00318,CGRP-Gamma 1,False,False,False,CGRP-Gamma 1
aekhlagl-1,TMA00318,CGRP-Zeta,False,False,False,CGRP-Zeta
aeklclad-1,TMA00318,CGRP-Eta,False,False,False,CGRP-Eta
aekomlkf-1,TMA00318,CGRP-Zeta,False,False,False,CGRP-Zeta
aelcbknf-1,TMA00318,Abeta-Field,False,False,False,Abeta-Field
aelgbgle-1,TMA00318,CGRP-Eta,False,False,False,CGRP-Eta
aelojpli-1,TMA00318,TrpM8,False,False,False,TrpM8
aelpmlef-1,TMA00318,CGRP-Gamma 1,False,False,False,CGRP-Gamma 1
aembfofk-1,TMA00318,CGRP-Theta,False,False,False,CGRP-Theta
aemdpkif-1,TMA00318,Nonpeptidergic nociceptors,False,False,False,Nonpeptidergic nociceptors
aemfdppc-1,TMA00318,Nonpeptidergic nociceptors,False,False,False,Nonpeptidergic nociceptors
aemgbagf-1,TMA00318,Nonpeptidergic nociceptors,False,False,False,Nonpeptidergic nociceptors
aenebjip-1,TMA00318,Abeta-Field,False,False,False,Abeta-Field
aeniehhk-1,TMA00318,CGRP-Eta,False,False,False,CGRP-Eta
aenpcbna-1,TMA00318,Nonpeptidergic nociceptors,False,False,False,Nonpeptidergic nociceptors
aeofohge-1,TMA00318,Nonpeptidergic nociceptors,False,False,False,Nonpeptidergic nociceptors
aeojkmdh-1,TMA00318,CGRP-Gamma 1,False,False,False,CGRP-Gamma 1
aeokdpmp-1,TMA00318,CGRP-Epsilion,False,False,False,CGRP-Epsilion
aeomlbpc-1,TMA00318,Abeta-Field,False,False,False,Abeta-Field
aeomphkf-1,TMA00318,TrpM8,False,False,False,TrpM8
aeononli-1,TMA00318,CGRP-Gamma 1,False,False,False,CGRP-Gamma 1
aepjmogp-1,TMA00318,Abeta-Field,False,False,False,Abeta-Field
aepkfdfo-1,TMA00318,CGRP-Eta,False,False,False,CGRP-Eta
aepnheig-1,TMA00318,CGRP-Eta,False,False,False,CGRP-Eta
aeppfiml-1,TMA00318,CGRP-Gamma 1,False,False,False,CGRP-Gamma 1
afaeklhf-1,TMA00318,CGRP-Eta,False,False,False,CGRP-Eta
afafcjll-1,TMA00318,Adelta-LTMR,False,False,False,Adelta-LTMR
afahcnpg-1,TMA00318,C-LTMR,False,False,False,C-LTMR
afbaagda-1,TMA00318,CGRP-Epsilion,False,False,False,CGRP-Epsilion
afbclfhh-1,TMA00318,CGRP-Gamma 1,False,False,False,CGRP-Gamma 1
afbeeooh-1,TMA00318,CGRP-Gamma 2,False,False,False,CGRP-Gamma 2
afbelobe-1,TMA00318,CGRP-Gamma 1,False,False,False,CGRP-Gamma 1
afbfalph-1,TMA00318,Nonpeptidergic nociceptors,False,False,False,Nonpeptidergic nociceptors
afbgombm-1,TMA00318,CGRP-Gamma 2,False,False,False,CGRP-Gamma 2
afbipjjn-1,TMA00318,CGRP-Gamma 1,False,False,False,CGRP-Gamma 1
afblfdcc-1,TMA00318,Nonpeptidergic nociceptors,False,False,False,Nonpeptidergic nociceptors
afbmoeol-1,TMA00318,Nonpeptidergic nociceptors,False,False,False,Nonpeptidergic nociceptors
afbnookb-1,TMA00318,TrpM8,False,False,False,TrpM8
afbonfad-1,TMA00318,CGRP-Beta,False,False,False,CGRP-Beta
afccejdc-1,TMA00318,CGRP-Gamma 1,False,False,False,CGRP-Gamma 1
afcckbpi-1,TMA00318,CGRP-Gamma 1,False,False,False,CGRP-Gamma 1
afcdljlp-1,TMA00318,CGRP-Gamma 2,False,False,False,CGRP-Gamma 2
afcfkoko-1,TMA00318,CGRP-Gamma 1,False,False,False,CGRP-Gamma 1
afcfpcib-1,TMA00318,CGRP-Alpha,False,False,False,CGRP-Alpha
afcgedap-1,TMA00318,CGRP-Gamma 1,False,False,False,CGRP-Gamma 1
afchblde-1,TMA00318,CGRP-Epsilion,False,False,False,CGRP-Epsilion
afciadmb-1,TMA00318,CGRP-Gamma 1,False,False,False,CGRP-Gamma 1
afclcnpe-1,TMA00318,CGRP-Gamma 2,False,False,False,CGRP-Gamma 2
afcohkji-1,TMA00318,TrpM8,False,False,False,TrpM8
afcoicma-1,TMA00318,TrpM8,False,False,False,TrpM8
afcpgfdg-1,TMA00318,Nonpeptidergic nociceptors,False,False,False,Nonpeptidergic nociceptors
afdmdlib-1,TMA00318,TrpM8,False,False,False,TrpM8
afdmhifo-1,TMA00318,Abeta-Field,False,False,False,Abeta-Field
afdmihie-1,TMA00318,CGRP-Alpha,False,False,False,CGRP-Alpha
afdpfhai-1,TMA00318,CGRP-Alpha,False,False,False,CGRP-Alpha
afdpokoo-1,TMA00318,CGRP-Alpha,False,False,False,CGRP-Alpha
afeabjlm-1,TMA00318,TrpM8,False,False,False,TrpM8
afhdpapj-1,TMA00318,CGRP-Gamma 1,False,False,False,CGRP-Gamma 1
afhnjacl-1,TMA00318,CGRP-Alpha,False,False,False,CGRP-Alpha
afijnokl-1,TMA00318,Nonpeptidergic nociceptors,False,False,False,Nonpeptidergic nociceptors
afimjanj-1,TMA00318,CGRP-Gamma 1,False,False,False,CGRP-Gamma 1
afipdnec-1,TMA00318,CGRP-Beta,False,False,False,CGRP-Beta
afipnghb-1,TMA00318,CGRP-Eta,False,False,False,CGRP-Eta
afjfmcjm-1,TMA00318,CGRP-Gamma 1,False,False,False,CGRP-Gamma 1
afjgfhnj-1,TMA00318,TrpM8,False,False,False,TrpM8
afjionem-1,TMA00318,C-LTMR,False,False,False,C-LTMR
afjkhecn-1,TMA00318,TrpM8,False,False,False,TrpM8
afkacfjg-1,TMA00318,TrpM8,False,False,False,TrpM8
afkelago-1,TMA00318,CGRP-Alpha,False,False,False,CGRP-Alpha
afkgmakn-1,TMA00318,TrpM8,False,False,False,TrpM8
afkhkkgg-1,TMA00318,CGRP-Epsilion,False,False,False,CGRP-Epsilion
afkkneab-1,TMA00318,TrpM8,False,False,False,TrpM8
afkocabm-1,TMA00318,TrpM8,False,False,False,TrpM8
afkpagdg-1,TMA00318,TrpM8,False,False,False,TrpM8
aflafohh-1,TMA00318,CGRP-Eta,False,False,False,CGRP-Eta
aflboajb-1,TMA00318,C-LTMR,False,False,False,C-LTMR
aflbodhj-1,TMA00318,Nonpeptidergic nociceptors,False,False,False,Nonpeptidergic nociceptors
aflffagm-1,TMA00318,CGRP-Gamma 2,False,False,False,CGRP-Gamma 2
afmllahk-1,TMA00318,Nonpeptidergic nociceptors,False,False,False,Nonpeptidergic nociceptors
afmnebnn-1,TMA00318,Abeta-Field,False,False,False,Abeta-Field
afmoejoj-1,TMA00318,Nonpeptidergic nociceptors,False,False,False,Nonpeptidergic nociceptors
afnfjpka-1,TMA00318,CGRP-Epsilion,False,False,False,CGRP-Epsilion
afnhjpii-1,TMA00318,CGRP-Zeta,False,False,False,CGRP-Zeta
afnhokcp-1,TMA00318,CGRP-Epsilion,False,False,False,CGRP-Epsilion
afnlkhhi-1,TMA00318,TrpM8,False,False,False,TrpM8
afnnoind-1,TMA00318,CGRP-Eta,False,False,False,CGRP-Eta
afnplngf-1,TMA00318,Nonpeptidergic nociceptors,False,False,False,Nonpeptidergic nociceptors
afnppnlg-1,TMA00318,CGRP-Gamma 2,False,False,False,CGRP-Gamma 2
afohlhdp-1,TMA00318,CGRP-Zeta,False,False,False,CGRP-Zeta
afoicbpc-1,TMA00318,Abeta-RA-LTMR,False,False,False,Abeta-RA-LTMR
afomolnj-1,TMA00318,CGRP-Alpha,False,False,False,CGRP-Alpha
afpbgnei-1,TMA00318,Nonpeptidergic nociceptors,False,False,False,Nonpeptidergic nociceptors
afpcegnc-1,TMA00318,C-LTMR,False,False,False,C-LTMR
afpeglnk-1,TMA00318,CGRP-Theta,False,False,False,CGRP-Theta
afpgdmhg-1,TMA00318,Adelta-LTMR,False,False,False,Adelta-LTMR
afphndka-1,TMA00318,Abeta-RA-LTMR,False,False,False,Abeta-RA-LTMR
afpiimai-1,TMA00318,Adelta-LTMR,False,False,False,Adelta-LTMR
afplodgc-1,TMA00318,Abeta-RA-LTMR,False,False,False,Abeta-RA-LTMR
agaagbeb-1,TMA00318,Abeta-Field,False,False,False,Abeta-Field
agadheik-1,TMA00318,Adelta-LTMR,False,False,False,Adelta-LTMR
agafggge-1,TMA00318,Nonpeptidergic nociceptors,False,False,False,Nonpeptidergic nociceptors
agaiidne-1,TMA00318,C-LTMR,False,False,False,C-LTMR
agapemlb-1,TMA00318,Abeta-RA-LTMR,False,False,False,Abeta-RA-LTMR
agbalmak-1,TMA00318,CGRP-Zeta,False,False,False,CGRP-Zeta
agblnmlh-1,TMA00318,CGRP-Zeta,False,False,False,CGRP-Zeta
agbmjani-1,TMA00318,Abeta-Field,False,False,False,Abeta-Field
agbnplfe-1,TMA00318,C-LTMR,False,False,False,C-LTMR
agccomnb-1,TMA00318,Abeta-RA-LTMR,False,False,False,Abeta-RA-LTMR
agcdfipi-1,TMA00318,C-LTMR,False,False,False,C-LTMR
agcgckmd-1,TMA00318,CGRP-Epsilion,False,False,False,CGRP-Epsilion
agcinkli-1,TMA00318,C-LTMR,False,False,False,C-LTMR
agciomnd-1,TMA00318,Abeta-Field,False,False,False,Abeta-Field
agcmepdj-1,TMA00318,Proprioceptors,False,False,False,Proprioceptors
agddheob-1,TMA00318,Abeta-RA-LTMR,False,False,False,Abeta-RA-LTMR
agdmimhe-1,TMA00318,CGRP-Theta,False,False,False,CGRP-Theta
agedhddp-1,TMA00318,Abeta-RA-LTMR,False,False,False,Abeta-RA-LTMR
agelbonk-1,TMA00318,Nonpeptidergic nociceptors,False,False,False,Nonpeptidergic nociceptors
ageloanc-1,TMA00318,Nonpeptidergic nociceptors,False,False,False,Nonpeptidergic nociceptors
agencpde-1,TMA00318,Nonpeptidergic nociceptors,False,False,False,Nonpeptidergic nociceptors
ageoklpf-1,TMA00318,Abeta-RA-LTMR,False,False,False,Abeta-RA-LTMR
agephkmd-1,TMA00318,Abeta-RA-LTMR,False,False,False,Abeta-RA-LTMR
agfeneik-1,TMA00318,Nonpeptidergic nociceptors,False,False,False,Nonpeptidergic nociceptors
agfipbic-1,TMA00318,Abeta-RA-LTMR,False,False,False,Abeta-RA-LTMR
agfjhnfd-1,TMA00318,Abeta-RA-LTMR,False,False,False,Abeta-RA-LTMR
agfkboao-1,TMA00318,Nonpeptidergic nociceptors,False,False,False,Nonpeptidergic nociceptors
agfmimcj-1,TMA00318,Sst,False,False,False,Sst
agfnednn-1,TMA00318,Sst,False,False,False,Sst
aggakfbm-1,TMA00318,CGRP-Gamma 1,False,False,False,CGRP-Gamma 1
aggdiamm-1,TMA00318,Nonpeptidergic nociceptors,False,False,False,Nonpeptidergic nociceptors
agikfadm-1,TMA00318,CGRP-Epsilion,False,False,False,CGRP-Epsilion
agjgimne-1,TMA00318,CGRP-Gamma 1,False,False,False,CGRP-Gamma 1
agjpdfjg-1,TMA00318,CGRP-Theta,False,False,False,CGRP-Theta
agkidbcj-1,TMA00318,TrpM8,False,False,False,TrpM8
agmedcjn-1,TMA00318,C-LTMR,False,False,False,C-LTMR
ahgnklmi-1,TMA00318,Abeta-Field,False,False,False,Abeta-Field
ahgpmkfk-1,TMA00318,CGRP-Zeta,False,False,False,CGRP-Zeta
ahhhpgck-1,TMA00318,Abeta-RA-LTMR,False,False,False,Abeta-RA-LTMR
ahmjdpcf-1,TMA00318,Abeta-RA-LTMR,False,False,False,Abeta-RA-LTMR
ahnagpfo-1,TMA00318,TrpM8,False,False,False,TrpM8
ahnbkhdg-1,TMA00318,CGRP-Epsilion,False,False,False,CGRP-Epsilion
ahndahjf-1,TMA00318,Adelta-LTMR,False,False,False,Adelta-LTMR
ahodhhan-1,TMA00318,CGRP-Eta,False,False,False,CGRP-Eta
ahoedhck-1,TMA00318,Adelta-LTMR,False,False,False,Adelta-LTMR
ahoeecoe-1,TMA00318,TrpM8,False,False,False,TrpM8
ahollbhe-1,TMA00318,CGRP-Zeta,False,False,False,CGRP-Zeta
ahonpjbb-1,TMA00318,C-LTMR,False,False,False,C-LTMR
ahopknba-1,TMA00318,CGRP-Eta,False,False,False,CGRP-Eta
ahpalokk-1,TMA00318,CGRP-Epsilion,False,False,False,CGRP-Epsilion
ahpbdibl-1,TMA00318,CGRP-Alpha,False,False,False,CGRP-Alpha
ahpiekja-1,TMA00318,TrpM8,False,False,False,TrpM8
ahpjcpgi-1,TMA00318,CGRP-Alpha,False,False,False,CGRP-Alpha
ahpmicda-1,TMA00318,C-LTMR,False,False,False,C-LTMR
ahpojfmm-1,TMA00318,Adelta-LTMR,False,False,False,Adelta-LTMR
aiaafkan-1,TMA00318,Adelta-LTMR,False,False,False,Adelta-LTMR
aiabilfh-1,TMA00318,Proprioceptors,False,False,False,Proprioceptors
aiacanff-1,TMA00318,CGRP-Gamma 2,False,False,False,CGRP-Gamma 2
aiankcpn-1,TMA00318,CGRP-Epsilion,False,False,False,CGRP-Epsilion
aiapbpkn-1,TMA00318,TrpM8,False,False,False,TrpM8
aibacmbl-1,TMA00318,CGRP-Eta,False,False,False,CGRP-Eta
aibbbkai-1,TMA00318,Proprioceptors,False,False,False,Proprioceptors
aibflmfg-1,TMA00318,CGRP-Theta,False,False,False,CGRP-Theta
aibfmkpc-1,TMA00318,CGRP-Zeta,False,False,False,CGRP-Zeta
aibkkdoh-1,TMA00318,Abeta-RA-LTMR,False,False,False,Abeta-RA-LTMR
aibnodmk-1,TMA00318,C-LTMR,False,False,False,C-LTMR
aibogepo-1,TMA00318,Abeta-RA-LTMR,False,False,False,Abeta-RA-LTMR
aicdcpih-1,TMA00318,Abeta-RA-LTMR,False,False,False,Abeta-RA-LTMR
aicdhpbp-1,TMA00318,C-LTMR,False,False,False,C-LTMR
aicegajh-1,TMA00318,Nonpeptidergic nociceptors,False,False,False,Nonpeptidergic nociceptors
aickbkgc-1,TMA00318,TrpM8,False,False,False,TrpM8
aidjacab-1,TMA00318,Abeta-Field,False,False,False,Abeta-Field
aidmbime-1,TMA00318,Abeta-RA-LTMR,False,False,False,Abeta-RA-LTMR
aiebgnmp-1,TMA00318,Proprioceptors,False,False,False,Proprioceptors
aiedoiig-1,TMA00318,TrpM8,False,False,False,TrpM8
aiedongp-1,TMA00318,C-LTMR,False,False,False,C-LTMR
aieihboc-1,TMA00318,C-LTMR,False,False,False,C-LTMR
aifagioi-1,TMA00318,C-LTMR,False,False,False,C-LTMR
aifjkdad-1,TMA00318,Abeta-Field,False,False,False,Abeta-Field
aiflhblj-1,TMA00318,Adelta-LTMR,False,False,False,Adelta-LTMR
aifojeac-1,TMA00318,Abeta-Field,False,False,False,Abeta-Field
aigbhipf-1,TMA00318,Nonpeptidergic nociceptors,False,False,False,Nonpeptidergic nociceptors
aigcbelh-1,TMA00318,Abeta-Field,False,False,False,Abeta-Field
aigcmnjk-1,TMA00318,CGRP-Theta,False,False,False,CGRP-Theta
aigdohfe-1,TMA00318,CGRP-Gamma 1,False,False,False,CGRP-Gamma 1
aihklbmb-1,TMA00318,CGRP-Eta,False,False,False,CGRP-Eta
aihknjon-1,TMA00318,Abeta-RA-LTMR,False,False,False,Abeta-RA-LTMR
aihmdepg-1,TMA00318,Proprioceptors,False,False,False,Proprioceptors
aihodnip-1,TMA00318,Adelta-LTMR,False,False,False,Adelta-LTMR
aiiabiki-1,TMA00318,Proprioceptors,False,False,False,Proprioceptors
aiiakcmc-1,TMA00318,CGRP-Zeta,False,False,False,CGRP-Zeta
aiiblkin-1,TMA00318,Abeta-Field,False,False,False,Abeta-Field
aiijoonj-1,TMA00318,Nonpeptidergic nociceptors,False,False,False,Nonpeptidergic nociceptors
aiiphemb-1,TMA00318,Nonpeptidergic nociceptors,False,False,False,Nonpeptidergic nociceptors
aijdiecm-1,TMA00318,CGRP-Eta,False,False,False,CGRP-Eta
aijheofi-1,TMA00318,Proprioceptors,False,False,False,Proprioceptors
aijionio-1,TMA00318,CGRP-Theta,False,False,False,CGRP-Theta
aijjppgh-1,TMA00318,TrpM8,False,False,False,TrpM8
aijleaan-1,TMA00318,Proprioceptors,False,False,False,Proprioceptors
aijmmlpf-1,TMA00318,Proprioceptors,False,False,False,Proprioceptors
aikadaol-1,TMA00318,CGRP-Eta,False,False,False,CGRP-Eta
aikaijbc-1,TMA00318,Abeta-Field,False,False,False,Abeta-Field
aikapbib-1,TMA00318,CGRP-Eta,False,False,False,CGRP-Eta
aikcdhmb-1,TMA00318,Abeta-Field,False,False,False,Abeta-Field
aikdifda-1,TMA00318,Proprioceptors,False,False,False,Proprioceptors
aikgiopb-1,TMA00318,Abeta-Field,False,False,False,Abeta-Field
aildjcia-1,TMA00318,Nonpeptidergic nociceptors,False,False,False,Nonpeptidergic nociceptors
ailgkheb-1,TMA00318,Abeta-RA-LTMR,False,False,False,Abeta-RA-LTMR
ailhanol-1,TMA00318,CGRP-Gamma 1,False,False,False,CGRP-Gamma 1
ailijhjm-1,TMA00318,CGRP-Gamma 1,False,False,False,CGRP-Gamma 1
ailipncd-1,TMA00318,Abeta-RA-LTMR,False,False,False,Abeta-RA-LTMR
ailochha-1,TMA00318,Proprioceptors,False,False,False,Proprioceptors
ailomnjp-1,TMA00318,Proprioceptors,False,False,False,Proprioceptors
ainbdalc-1,TMA00318,C-LTMR,False,False,False,C-LTMR
ainbdmka-1,TMA00318,CGRP-Alpha,False,False,False,CGRP-Alpha
ainbiahg-1,TMA00318,TrpM8,False,False,False,TrpM8
aindmfbp-1,TMA00318,Abeta-RA-LTMR,False,False,False,Abeta-RA-LTMR
aindolbi-1,TMA00318,CGRP-Alpha,False,False,False,CGRP-Alpha
ainhcdab-1,TMA00318,Abeta-RA-LTMR,False,False,False,Abeta-RA-LTMR
ainimejm-1,TMA00318,Abeta-Field,False,False,False,Abeta-Field
ainpbilk-1,TMA00318,CGRP-Eta,False,False,False,CGRP-Eta
aiobalim-1,TMA00318,CGRP-Theta,False,False,False,CGRP-Theta
aiobgelf-1,TMA00318,Nonpeptidergic nociceptors,False,False,False,Nonpeptidergic nociceptors
aiobpdef-1,TMA00318,CGRP-Gamma 1,False,False,False,CGRP-Gamma 1
aiogiecl-1,TMA00318,Adelta-LTMR,False,False,False,Adelta-LTMR
aiokbcbe-1,TMA00318,CGRP-Eta,False,False,False,CGRP-Eta
aiplpmdi-1,TMA00318,Proprioceptors,False,False,False,Proprioceptors
aipnejcd-1,TMA00318,Nonpeptidergic nociceptors,False,False,False,Nonpeptidergic nociceptors
aipojhmf-1,TMA00318,CGRP-Alpha,False,False,False,CGRP-Alpha
aiponiog-1,TMA00318,CGRP-Alpha,False,False,False,CGRP-Alpha
ajaanboc-1,TMA00318,CGRP-Alpha,False,False,False,CGRP-Alpha
ajaccakm-1,TMA00318,CGRP-Epsilion,False,False,False,CGRP-Epsilion
ajagdfje-1,TMA00318,Adelta-LTMR,False,False,False,Adelta-LTMR
ajaoibbk-1,TMA00318,C-LTMR,False,False,False,C-LTMR
ajclmenj-1,TMA00318,Abeta-RA-LTMR,False,False,False,Abeta-RA-LTMR
ajclnnol-1,TMA00318,Abeta-Field,False,False,False,Abeta-Field
ajdegdip-1,TMA00318,Nonpeptidergic nociceptors,False,False,False,Nonpeptidergic nociceptors
ajdfleed-1,TMA00318,CGRP-Alpha,False,False,False,CGRP-Alpha
ajdglcmj-1,TMA00318,Nonpeptidergic nociceptors,False,False,False,Nonpeptidergic nociceptors
ajdjmbim-1,TMA00318,Nonpeptidergic nociceptors,False,False,False,Nonpeptidergic nociceptors
ajedhblf-1,TMA00318,Abeta-Field,False,False,False,Abeta-Field
ajedpllp-1,TMA00318,CGRP-Gamma 1,False,False,False,CGRP-Gamma 1
ajeeiele-1,TMA00318,CGRP-Gamma 2,False,False,False,CGRP-Gamma 2
ajidelik-1,TMA00318,Adelta-LTMR,False,False,False,Adelta-LTMR
ajipannl-1,TMA00318,Nonpeptidergic nociceptors,False,False,False,Nonpeptidergic nociceptors
ajiphaea-1,TMA00318,C-LTMR,False,False,False,C-LTMR
ajjcehho-1,TMA00318,C-LTMR,False,False,False,C-LTMR
ajjgkibi-1,TMA00318,Nonpeptidergic nociceptors,False,False,False,Nonpeptidergic nociceptors
ajjjpkmd-1,TMA00318,Nonpeptidergic nociceptors,False,False,False,Nonpeptidergic nociceptors
ajjmkkdh-1,TMA00318,C-LTMR,False,False,False,C-LTMR
ajjmnaeh-1,TMA00318,CGRP-Alpha,False,False,False,CGRP-Alpha
ajjohaab-1,TMA00318,Abeta-RA-LTMR,False,False,False,Abeta-RA-LTMR
ajjpebfa-1,TMA00318,CGRP-Zeta,False,False,False,CGRP-Zeta
ajkcnlml-1,TMA00318,Abeta-RA-LTMR,False,False,False,Abeta-RA-LTMR
ajklkiom-1,TMA00318,CGRP-Theta,False,False,False,CGRP-Theta
ajknoaoc-1,TMA00318,CGRP-Zeta,False,False,False,CGRP-Zeta
ajmbbnpg-1,TMA00318,Abeta-Field,False,False,False,Abeta-Field
ajmonedh-1,TMA00318,Abeta-RA-LTMR,False,False,False,Abeta-RA-LTMR
ajnfeiab-1,TMA00318,TrpM8,False,False,False,TrpM8
ajnjnkpe-1,TMA00318,Abeta-RA-LTMR,False,False,False,Abeta-RA-LTMR
ajnkopej-1,TMA00318,CGRP-Gamma 1,False,False,False,CGRP-Gamma 1
ajnneiba-1,TMA00318,Nonpeptidergic nociceptors,False,False,False,Nonpeptidergic nociceptors
ajnnepef-1,TMA00318,Nonpeptidergic nociceptors,False,False,False,Nonpeptidergic nociceptors
ajocjfmh-1,TMA00318,Nonpeptidergic nociceptors,False,False,False,Nonpeptidergic nociceptors
ajodnjco-1,TMA00318,Abeta-Field,False,False,False,Abeta-Field
ajoiiida-1,TMA00318,CGRP-Epsilion,False,False,False,CGRP-Epsilion
ajopiogj-1,TMA00318,CGRP-Eta,False,False,False,CGRP-Eta
ajopjhkg-1,TMA00318,Sst,False,False,False,Sst
akfoiape-1,TMA00318,Sst,False,False,False,Sst
akgalnhc-1,TMA00318,Abeta-Field,False,False,False,Abeta-Field
akgdhehp-1,TMA00318,Abeta-RA-LTMR,False,False,False,Abeta-RA-LTMR
akgdioeo-1,TMA00318,TrpM8,False,False,False,TrpM8
akgegdii-1,TMA00318,CGRP-Epsilion,False,False,False,CGRP-Epsilion
akgkgkja-1,TMA00318,C-LTMR,False,False,False,C-LTMR
akgljgfo-1,TMA00318,CGRP-Eta,False,False,False,CGRP-Eta
akgppkdi-1,TMA00318,Adelta-LTMR,False,False,False,Adelta-LTMR
akhaibef-1,TMA00318,Abeta-Field,False,False,False,Abeta-Field
akhdimge-1,TMA00318,TrpM8,False,False,False,TrpM8
akhemfnl-1,TMA00318,Nonpeptidergic nociceptors,False,False,False,Nonpeptidergic nociceptors
akhfbfjp-1,TMA00318,CGRP-Gamma 1,False,False,False,CGRP-Gamma 1
akhghdpb-1,TMA00318,Nonpeptidergic nociceptors,False,False,False,Nonpeptidergic nociceptors
akhhkhnm-1,TMA00318,Nonpeptidergic nociceptors,False,False,False,Nonpeptidergic nociceptors
akhidngb-1,TMA00318,C-LTMR,False,False,False,C-LTMR
akhjhcci-1,TMA00318,CGRP-Zeta,False,False,False,CGRP-Zeta
akibhcim-1,TMA00318,CGRP-Alpha,False,False,False,CGRP-Alpha
akieggdp-1,TMA00318,CGRP-Alpha,False,False,False,CGRP-Alpha
akiliold-1,TMA00318,CGRP-Eta,False,False,False,CGRP-Eta
akinkhjg-1,TMA00318,CGRP-Epsilion,False,False,False,CGRP-Epsilion
akinlgoj-1,TMA00318,CGRP-Gamma 1,False,False,False,CGRP-Gamma 1
akjceign-1,TMA00318,Proprioceptors,False,False,False,Proprioceptors
akjgcbcb-1,TMA00318,Abeta-RA-LTMR,False,False,False,Abeta-RA-LTMR
akjmbdhg-1,TMA00318,Abeta-RA-LTMR,False,False,False,Abeta-RA-LTMR
akkohmpg-1,TMA00318,Proprioceptors,False,False,False,Proprioceptors
akmgchhf-1,TMA00318,Proprioceptors,False,False,False,Proprioceptors
akmifhnn-1,TMA00318,Proprioceptors,False,False,False,Proprioceptors
akncipml-1,TMA00318,TrpM8,False,False,False,TrpM8
aknfgpac-1,TMA00318,CGRP-Theta,True,False,False,CGRP-Theta
aknjhpdb-1,TMA00318,TrpM8,False,False,False,TrpM8
aknlimcn-1,TMA00318,CGRP-Alpha,False,False,False,CGRP-Alpha
akofjpkd-1,TMA00318,CGRP-Theta,False,False,False,CGRP-Theta
akonbldf-1,TMA00318,TrpM8,False,False,False,TrpM8
albalobn-1,TMA00318,CGRP-Alpha,False,False,False,CGRP-Alpha
albbfnoe-1,TMA00318,TrpM8,False,False,False,TrpM8
albbjakn-1,TMA00318,CGRP-Alpha,False,False,False,CGRP-Alpha
albcblmm-1,TMA00318,CGRP-Theta,False,False,False,CGRP-Theta
albjecoe-1,TMA00318,Sst,False,False,False,Sst
albkcmhh-1,TMA00318,C-LTMR,False,False,False,C-LTMR
albkfjgg-1,TMA00318,CGRP-Epsilion,False,False,False,CGRP-Epsilion
albkhmeo-1,TMA00318,TrpM8,False,False,False,TrpM8
albomjeg-1,TMA00318,Nonpeptidergic nociceptors,False,False,False,Nonpeptidergic nociceptors
albphoad-1,TMA00318,CGRP-Zeta,False,False,False,CGRP-Zeta
alccbiof-1,TMA00318,CGRP-Eta,False,False,False,CGRP-Eta
alccpnbh-1,TMA00318,Nonpeptidergic nociceptors,False,False,False,Nonpeptidergic nociceptors
alcdodfj-1,TMA00318,CGRP-Gamma 1,False,False,False,CGRP-Gamma 1
alcfafbh-1,TMA00318,Nonpeptidergic nociceptors,False,False,False,Nonpeptidergic nociceptors
alcfeooh-1,TMA00318,Nonpeptidergic nociceptors,False,False,False,Nonpeptidergic nociceptors
alchpcij-1,TMA00318,TrpM8,False,False,False,TrpM8
aldjegnl-1,TMA00318,CGRP-Alpha,False,False,False,CGRP-Alpha
alehoinh-1,TMA00318,Adelta-LTMR,False,False,False,Adelta-LTMR
alejkpha-1,TMA00318,CGRP-Gamma 2,False,False,False,CGRP-Gamma 2
aleldebh-1,TMA00318,Abeta-Field,False,False,False,Abeta-Field
aleloipi-1,TMA00318,Abeta-Field,False,False,False,Abeta-Field
alenhgeh-1,TMA00318,Nonpeptidergic nociceptors,False,False,False,Nonpeptidergic nociceptors
aleobpjc-1,TMA00318,Adelta-LTMR,False,False,False,Adelta-LTMR
aleonnbl-1,TMA00318,Proprioceptors,False,False,False,Proprioceptors
alfdiege-1,TMA00318,CGRP-Epsilion,False,False,False,CGRP-Epsilion
alffblnk-1,TMA00318,TrpM8,False,False,False,TrpM8
alfibffb-1,TMA00318,CGRP-Gamma 1,False,False,False,CGRP-Gamma 1
alfkjdim-1,TMA00318,Nonpeptidergic nociceptors,False,False,False,Nonpeptidergic nociceptors
alfkopla-1,TMA00318,CGRP-Epsilion,False,False,False,CGRP-Epsilion
alfmbkpa-1,TMA00318,CGRP-Epsilion,False,False,False,CGRP-Epsilion
algcnlib-1,TMA00318,C-LTMR,False,False,False,C-LTMR
algfkeag-1,TMA00318,CGRP-Zeta,False,False,False,CGRP-Zeta
algilljo-1,TMA00318,CGRP-Gamma 1,False,False,False,CGRP-Gamma 1
algjafab-1,TMA00318,Abeta-RA-LTMR,False,False,False,Abeta-RA-LTMR
alhhnibh-1,TMA00318,Abeta-RA-LTMR,False,False,False,Abeta-RA-LTMR
alhopfdi-1,TMA00318,Adelta-LTMR,False,False,False,Adelta-LTMR
alingjbd-1,TMA00318,CGRP-Alpha,False,False,False,CGRP-Alpha
aljagpjg-1,TMA00318,Nonpeptidergic nociceptors,False,False,False,Nonpeptidergic nociceptors
aljdmkop-1,TMA00318,Nonpeptidergic nociceptors,False,False,False,Nonpeptidergic nociceptors
aljfinkh-1,TMA00318,Nonpeptidergic nociceptors,False,False,False,Nonpeptidergic nociceptors
aljlaeke-1,TMA00318,Nonpeptidergic nociceptors,False,False,False,Nonpeptidergic nociceptors
alkhlodi-1,TMA00318,Nonpeptidergic nociceptors,False,False,False,Nonpeptidergic nociceptors
alkipkgl-1,TMA00318,Nonpeptidergic nociceptors,False,False,False,Nonpeptidergic nociceptors
alkkakim-1,TMA00318,Nonpeptidergic nociceptors,False,False,False,Nonpeptidergic nociceptors
alkmgcad-1,TMA00318,CGRP-Eta,False,False,False,CGRP-Eta
alkphpkg-1,TMA00318,CGRP-Theta,False,False,False,CGRP-Theta
allaldba-1,TMA00318,Nonpeptidergic nociceptors,False,False,False,Nonpeptidergic nociceptors
allccjnd-1,TMA00318,Abeta-Field,False,False,False,Abeta-Field
allcfedh-1,TMA00318,Abeta-RA-LTMR,False,False,False,Abeta-RA-LTMR
allglhhh-1,TMA00318,CGRP-Zeta,False,False,False,CGRP-Zeta
allkalif-1,TMA00318,Abeta-RA-LTMR,False,False,False,Abeta-RA-LTMR
allpeikh-1,TMA00318,Nonpeptidergic nociceptors,False,False,False,Nonpeptidergic nociceptors
almcmkgf-1,TMA00318,Abeta-RA-LTMR,False,False,False,Abeta-RA-LTMR
almejcaj-1,TMA00318,Proprioceptors,False,False,False,Proprioceptors
almolpck-1,TMA00318,TrpM8,False,False,False,TrpM8
alnablcj-1,TMA00318,Nonpeptidergic nociceptors,False,False,False,Nonpeptidergic nociceptors
alnadklb-1,TMA00318,C-LTMR,False,False,False,C-LTMR
alnadldc-1,TMA00318,Nonpeptidergic nociceptors,False,False,False,Nonpeptidergic nociceptors
alnciplb-1,TMA00318,Nonpeptidergic nociceptors,False,False,False,Nonpeptidergic nociceptors
alnmjbjk-1,TMA00318,Nonpeptidergic nociceptors,False,False,False,Nonpeptidergic nociceptors
aloanhke-1,TMA00318,Nonpeptidergic nociceptors,False,False,False,Nonpeptidergic nociceptors
alomfgao-1,TMA00318,CGRP-Eta,False,False,False,CGRP-Eta
alomnjkn-1,TMA00318,Proprioceptors,False,False,False,Proprioceptors
alooijna-1,TMA00318,Proprioceptors,False,False,False,Proprioceptors
alpdfkap-1,TMA00318,CGRP-Eta,False,False,False,CGRP-Eta
alpijafj-1,TMA00318,Sst,False,False,False,Sst
alppipmi-1,TMA00318,CGRP-Eta,False,False,False,CGRP-Eta
amaihaan-1,TMA00318,C-LTMR,False,False,False,C-LTMR
amampabk-1,TMA00318,Proprioceptors,False,False,False,Proprioceptors
ambblfkn-1,TMA00318,Proprioceptors,False,False,False,Proprioceptors
ambhiibe-1,TMA00318,Abeta-Field,False,False,False,Abeta-Field
ambjngim-1,TMA00318,CGRP-Eta,False,False,False,CGRP-Eta
ambmeoeo-1,TMA00318,CGRP-Theta,False,False,False,CGRP-Theta
ambobhma-1,TMA00318,CGRP-Zeta,False,False,False,CGRP-Zeta
amccpfkc-1,TMA00318,CGRP-Gamma 2,False,False,False,CGRP-Gamma 2
amcdabam-1,TMA00318,Abeta-RA-LTMR,False,False,False,Abeta-RA-LTMR
amcgfeba-1,TMA00318,Proprioceptors,False,False,False,Proprioceptors
amdeicin-1,TMA00318,CGRP-Beta,False,False,False,CGRP-Beta
amdpmpib-1,TMA00318,Abeta-RA-LTMR,False,False,False,Abeta-RA-LTMR
amegaabk-1,TMA00318,Nonpeptidergic nociceptors,False,False,False,Nonpeptidergic nociceptors
amejmdcg-1,TMA00318,Abeta-RA-LTMR,False,False,False,Abeta-RA-LTMR
amflklik-1,TMA00318,Nonpeptidergic nociceptors,False,False,False,Nonpeptidergic nociceptors
amfpbdmo-1,TMA00318,Nonpeptidergic nociceptors,False,False,False,Nonpeptidergic nociceptors
amgbnmpp-1,TMA00318,Abeta-RA-LTMR,False,False,False,Abeta-RA-LTMR
amgceeog-1,TMA00318,Proprioceptors,False,False,False,Proprioceptors
amgdkbif-1,TMA00318,Abeta-RA-LTMR,False,False,False,Abeta-RA-LTMR
amghglhd-1,TMA00318,Abeta-RA-LTMR,False,False,False,Abeta-RA-LTMR
amgikngo-1,TMA00318,CGRP-Theta,False,False,False,CGRP-Theta
amhcdbmm-1,TMA00318,Proprioceptors,False,False,False,Proprioceptors
amhhpmdc-1,TMA00318,Nonpeptidergic nociceptors,False,False,False,Nonpeptidergic nociceptors
amhkaobb-1,TMA00318,C-LTMR,False,False,False,C-LTMR
amigjpje-1,TMA00318,C-LTMR,False,False,False,C-LTMR
amijjgnp-1,TMA00318,CGRP-Alpha,False,False,False,CGRP-Alpha
amimhabl-1,TMA00318,CGRP-Gamma 1,False,False,False,CGRP-Gamma 1
amjijkel-1,TMA00318,Nonpeptidergic nociceptors,False,False,False,Nonpeptidergic nociceptors
amjkpmif-1,TMA00318,CGRP-Theta,False,False,False,CGRP-Theta
amjoeogj-1,TMA00318,C-LTMR,False,False,False,C-LTMR
amjoiako-1,TMA00318,Sst,False,False,False,Sst
amjpimdo-1,TMA00318,C-LTMR,False,False,False,C-LTMR
amjpopgm-1,TMA00318,Proprioceptors,False,False,False,Proprioceptors
amkaeicc-1,TMA00318,CGRP-Zeta,False,False,False,CGRP-Zeta
amkejbfn-1,TMA00318,Nonpeptidergic nociceptors,False,False,False,Nonpeptidergic nociceptors
amkpoblc-1,TMA00318,CGRP-Zeta,False,False,False,CGRP-Zeta
amlcmkpe-1,TMA00318,Nonpeptidergic nociceptors,False,False,False,Nonpeptidergic nociceptors
amlnbpih-1,TMA00318,CGRP-Alpha,False,False,False,CGRP-Alpha
amlokpjm-1,TMA00318,Proprioceptors,False,False,False,Proprioceptors
ammbaphf-1,TMA00318,Abeta-RA-LTMR,False,False,False,Abeta-RA-LTMR
ammcldip-1,TMA00318,Abeta-RA-LTMR,False,False,False,Abeta-RA-LTMR
ammcphcb-1,TMA00318,CGRP-Epsilion,False,False,False,CGRP-Epsilion
ammdbiop-1,TMA00318,Proprioceptors,False,False,False,Proprioceptors
ammhkjcl-1,TMA00318,Nonpeptidergic nociceptors,False,False,False,Nonpeptidergic nociceptors
ammknjmj-1,TMA00318,C-LTMR,False,False,False,C-LTMR
ammmlddd-1,TMA00318,TrpM8,False,False,False,TrpM8
ammnmdek-1,TMA00318,Nonpeptidergic nociceptors,False,False,False,Nonpeptidergic nociceptors
amnaadhl-1,TMA00318,CGRP-Alpha,False,False,False,CGRP-Alpha
amnehapo-1,TMA00318,Nonpeptidergic nociceptors,False,False,False,Nonpeptidergic nociceptors
amngdlbe-1,TMA00318,CGRP-Eta,False,False,False,CGRP-Eta
amnkbdkb-1,TMA00318,Nonpeptidergic nociceptors,False,False,False,Nonpeptidergic nociceptors
amnmbeok-1,TMA00318,Adelta-LTMR,False,False,False,Adelta-LTMR
amnoclbn-1,TMA00318,CGRP-Epsilion,False,False,False,CGRP-Epsilion
amoijaen-1,TMA00318,Abeta-RA-LTMR,False,False,False,Abeta-RA-LTMR
ampbmdfg-1,TMA00318,Nonpeptidergic nociceptors,False,False,False,Nonpeptidergic nociceptors
ampjchad-1,TMA00318,CGRP-Alpha,False,False,False,CGRP-Alpha
anaeeaco-1,TMA00318,Abeta-RA-LTMR,False,False,False,Abeta-RA-LTMR
anailnbi-1,TMA00318,Adelta-LTMR,False,False,False,Adelta-LTMR
anaolbhn-1,TMA00318,Proprioceptors,False,False,False,Proprioceptors
anbakofe-1,TMA00318,CGRP-Eta,False,False,False,CGRP-Eta
anbccmgm-1,TMA00318,Proprioceptors,False,False,False,Proprioceptors
anbeaihb-1,TMA00318,Proprioceptors,False,False,False,Proprioceptors
anbhgfdo-1,TMA00318,Proprioceptors,False,False,False,Proprioceptors
anbijcgj-1,TMA00318,CGRP-Theta,False,False,False,CGRP-Theta
anbkfhpd-1,TMA00318,Proprioceptors,False,False,False,Proprioceptors
ancnocbn-1,TMA00318,C-LTMR,False,False,False,C-LTMR
ancpailb-1,TMA00318,Nonpeptidergic nociceptors,False,False,False,Nonpeptidergic nociceptors
andaffbf-1,TMA00318,CGRP-Zeta,False,False,False,CGRP-Zeta
andcdbkh-1,TMA00318,Sst,False,False,False,Sst
andcjjag-1,TMA00318,Abeta-RA-LTMR,False,False,False,Abeta-RA-LTMR
andlfkch-1,TMA00318,Nonpeptidergic nociceptors,False,False,False,Nonpeptidergic nociceptors
andpijei-1,TMA00318,CGRP-Eta,False,False,False,CGRP-Eta
anedjbeh-1,TMA00318,Nonpeptidergic nociceptors,False,False,False,Nonpeptidergic nociceptors
aneegopg-1,TMA00318,CGRP-Eta,False,False,False,CGRP-Eta
anegkmeh-1,TMA00318,CGRP-Gamma 1,False,False,False,CGRP-Gamma 1
aneonbdk-1,TMA00318,CGRP-Zeta,False,False,False,CGRP-Zeta
anepadce-1,TMA00318,Nonpeptidergic nociceptors,False,False,False,Nonpeptidergic nociceptors
anfbdaah-1,TMA00318,TrpM8,False,False,False,TrpM8
anfbpkdj-1,TMA00318,Nonpeptidergic nociceptors,False,False,False,Nonpeptidergic nociceptors
anfelbpi-1,TMA00318,Nonpeptidergic nociceptors,False,False,False,Nonpeptidergic nociceptors
anfgieml-1,TMA00318,CGRP-Gamma 2,False,False,False,CGRP-Gamma 2
anfgmcme-1,TMA00318,C-LTMR,False,False,False,C-LTMR
anfgonbi-1,TMA00318,Abeta-RA-LTMR,False,False,False,Abeta-RA-LTMR
anfmichn-1,TMA00318,Nonpeptidergic nociceptors,False,False,False,Nonpeptidergic nociceptors
angkbpna-1,TMA00318,Sst,False,False,False,Sst
ankhakbb-1,TMA00318,Abeta-Field,False,False,False,Abeta-Field
ankjhben-1,TMA00318,CGRP-Zeta,False,False,False,CGRP-Zeta
anklbahg-1,TMA00318,Abeta-RA-LTMR,False,False,False,Abeta-RA-LTMR
ankmgdca-1,TMA00318,C-LTMR,False,False,False,C-LTMR
anlbhipd-1,TMA00318,Nonpeptidergic nociceptors,False,False,False,Nonpeptidergic nociceptors
anleenae-1,TMA00318,CGRP-Epsilion,False,False,False,CGRP-Epsilion
anljgico-1,TMA00318,Proprioceptors,False,False,False,Proprioceptors
anlomhaj-1,TMA00318,TrpM8,False,False,False,TrpM8
anlphifi-1,TMA00318,CGRP-Alpha,False,False,False,CGRP-Alpha
anmafdgk-1,TMA00318,Abeta-Field,False,False,False,Abeta-Field
anmamomo-1,TMA00318,CGRP-Theta,False,False,False,CGRP-Theta
anmfboid-1,TMA00318,TrpM8,False,False,False,TrpM8
anoilicc-1,TMA00318,Nonpeptidergic nociceptors,False,False,False,Nonpeptidergic nociceptors
anoonkdd-1,TMA00318,C-LTMR,False,False,False,C-LTMR
aoipejhl-1,TMA00318,TrpM8,False,False,False,TrpM8
aojcodfl-1,TMA00318,Nonpeptidergic nociceptors,False,False,False,Nonpeptidergic nociceptors
aojgagji-1,TMA00318,CGRP-Beta,False,False,False,CGRP-Beta
aojglgcn-1,TMA00318,CGRP-Beta,False,False,False,CGRP-Beta
aokcakje-1,TMA00318,TrpM8,False,False,False,TrpM8
aokfkjnh-1,TMA00318,Sst,False,False,False,Sst
aoknagho-1,TMA00318,CGRP-Eta,False,False,False,CGRP-Eta
aokolabg-1,TMA00318,CGRP-Alpha,False,False,False,CGRP-Alpha
aomfmhko-1,TMA00318,TrpM8,False,False,False,TrpM8
aomfnfla-1,TMA00318,TrpM8,False,False,False,TrpM8
aomgeicc-1,TMA00318,TrpM8,False,False,False,TrpM8
aommhclo-1,TMA00318,Nonpeptidergic nociceptors,False,False,False,Nonpeptidergic nociceptors
aonaifgc-1,TMA00318,C-LTMR,False,False,False,C-LTMR
aonaldfa-1,TMA00318,Nonpeptidergic nociceptors,False,False,False,Nonpeptidergic nociceptors
aonenihp-1,TMA00318,TrpM8,False,False,False,TrpM8
aongknef-1,TMA00318,TrpM8,False,False,False,TrpM8
aonipijn-1,TMA00318,Abeta-Field,False,False,False,Abeta-Field
aonlaklj-1,TMA00318,Nonpeptidergic nociceptors,False,False,False,Nonpeptidergic nociceptors
aoogfoof-1,TMA00318,C-LTMR,False,False,False,C-LTMR
aoohmnnh-1,TMA00318,C-LTMR,False,False,False,C-LTMR
aooiiaak-1,TMA00318,CGRP-Eta,False,False,False,CGRP-Eta
aooipffo-1,TMA00318,C-LTMR,False,False,False,C-LTMR
aooklopa-1,TMA00318,CGRP-Alpha,False,False,False,CGRP-Alpha
aooldaij-1,TMA00318,Proprioceptors,False,False,False,Proprioceptors
aooppakf-1,TMA00318,Abeta-Field,False,False,False,Abeta-Field
aopfeaie-1,TMA00318,Nonpeptidergic nociceptors,False,False,False,Nonpeptidergic nociceptors
aophmaik-1,TMA00318,C-LTMR,False,False,False,C-LTMR
aopioajl-1,TMA00318,Sst,False,False,False,Sst
aopnlpoo-1,TMA00318,Sst,False,False,False,Sst
aoppjhid-1,TMA00318,C-LTMR,False,False,False,C-LTMR
apadjgef-1,TMA00318,C-LTMR,False,False,False,C-LTMR
apadnabo-1,TMA00318,CGRP-Gamma 1,False,False,False,CGRP-Gamma 1
apafbicp-1,TMA00318,TrpM8,False,False,False,TrpM8
apaflknj-1,TMA00318,CGRP-Gamma 1,False,False,False,CGRP-Gamma 1
apahepab-1,TMA00318,CGRP-Gamma 1,False,False,False,CGRP-Gamma 1
apahmbfk-1,TMA00318,CGRP-Zeta,False,False,False,CGRP-Zeta
apanpila-1,TMA00318,CGRP-Zeta,False,False,False,CGRP-Zeta
apbideml-1,TMA00318,CGRP-Eta,False,False,False,CGRP-Eta
apbigaea-1,TMA00318,C-LTMR,False,False,False,C-LTMR
apbkhcih-1,TMA00318,C-LTMR,False,False,False,C-LTMR
apbmalhc-1,TMA00318,CGRP-Beta,False,False,False,CGRP-Beta
apbmbdbh-1,TMA00318,CGRP-Gamma 2,False,False,False,CGRP-Gamma 2
apbmljfj-1,TMA00318,C-LTMR,False,False,False,C-LTMR
apbneblo-1,TMA00318,Abeta-Field,False,False,False,Abeta-Field
apccgcko-1,TMA00318,Abeta-RA-LTMR,True,False,False,Abeta-RA-LTMR
apcjbeoa-1,TMA00318,CGRP-Theta,False,False,False,CGRP-Theta
apclnkbc-1,TMA00318,Abeta-RA-LTMR,False,False,False,Abeta-RA-LTMR
apdbjmeg-1,TMA00318,Proprioceptors,False,False,False,Proprioceptors
apdfhggp-1,TMA00318,CGRP-Gamma 1,False,False,False,CGRP-Gamma 1
apdgceoo-1,TMA00318,CGRP-Gamma 1,False,False,False,CGRP-Gamma 1
apebikmm-1,TMA00318,CGRP-Gamma 2,False,False,False,CGRP-Gamma 2
apeodjgo-1,TMA00318,TrpM8,False,False,False,TrpM8
apeofnme-1,TMA00318,Adelta-LTMR,False,False,False,Adelta-LTMR
apfdjcfd-1,TMA00318,Adelta-LTMR,False,False,False,Adelta-LTMR
apfijhfp-1,TMA00318,CGRP-Gamma 2,False,False,False,CGRP-Gamma 2
apflnfoi-1,TMA00318,Nonpeptidergic nociceptors,False,False,False,Nonpeptidergic nociceptors
apfmcpde-1,TMA00318,CGRP-Gamma 1,False,False,False,CGRP-Gamma 1
apgcokdl-1,TMA00318,CGRP-Gamma 1,False,False,False,CGRP-Gamma 1
apgeknho-1,TMA00318,C-LTMR,False,False,False,C-LTMR
apgiiibp-1,TMA00318,Abeta-RA-LTMR,False,False,False,Abeta-RA-LTMR
aphbahkh-1,TMA00318,Abeta-Field,False,False,False,Abeta-Field
aphbknaj-1,TMA00318,CGRP-Alpha,False,False,False,CGRP-Alpha
aphecfko-1,TMA00318,Abeta-RA-LTMR,False,False,False,Abeta-RA-LTMR
aphfefpm-1,TMA00318,Nonpeptidergic nociceptors,False,False,False,Nonpeptidergic nociceptors
aphlgeab-1,TMA00318,Nonpeptidergic nociceptors,False,False,False,Nonpeptidergic nociceptors
apidihdc-1,TMA00318,Nonpeptidergic nociceptors,False,False,False,Nonpeptidergic nociceptors
apighhip-1,TMA00318,CGRP-Gamma 1,False,False,False,CGRP-Gamma 1
apjobfbo-1,TMA00318,CGRP-Gamma 1,False,False,False,CGRP-Gamma 1
apjpfdnj-1,TMA00318,CGRP-Gamma 2,False,False,False,CGRP-Gamma 2
apjpfhfi-1,TMA00318,CGRP-Eta,False,False,False,CGRP-Eta
apkccnnh-1,TMA00318,CGRP-Gamma 1,False,False,False,CGRP-Gamma 1
apkdphnd-1,TMA00318,Abeta-RA-LTMR,False,False,False,Abeta-RA-LTMR
apkkmobl-1,TMA00318,CGRP-Gamma 2,False,False,False,CGRP-Gamma 2
apknhhhl-1,TMA00318,C-LTMR,False,False,False,C-LTMR
aplcjalp-1,TMA00318,C-LTMR,False,False,False,C-LTMR
apldaebo-1,TMA00318,Abeta-Field,False,False,False,Abeta-Field
aplfdlbf-1,TMA00318,Adelta-LTMR,False,False,False,Adelta-LTMR
aplkoiai-1,TMA00318,Abeta-RA-LTMR,False,False,False,Abeta-RA-LTMR
apllildp-1,TMA00318,CGRP-Epsilion,False,False,False,CGRP-Epsilion
aplnkiee-1,TMA00318,Abeta-Field,False,False,False,Abeta-Field
aploaanh-1,TMA00318,CGRP-Epsilion,False,False,False,CGRP-Epsilion
apmamemd-1,TMA00318,CGRP-Eta,False,False,False,CGRP-Eta
apmmohke-1,TMA00318,CGRP-Gamma 2,False,True,False,CGRP-Gamma 2
apmnebjg-1,TMA00318,C-LTMR,False,False,False,C-LTMR
apnakkci-1,TMA00318,CGRP-Eta,False,False,False,CGRP-Eta
apnddabl-1,TMA00318,CGRP-Zeta,False,False,False,CGRP-Zeta
apnffmkl-1,TMA00318,CGRP-Gamma 2,False,False,False,CGRP-Gamma 2
apnhhdff-1,TMA00318,TrpM8,False,False,False,TrpM8
apnjjkll-1,TMA00318,CGRP-Eta,False,False,False,CGRP-Eta
apnkbkbe-1,TMA00318,CGRP-Gamma 1,False,True,False,CGRP-Gamma 1
apnmiahc-1,TMA00318,CGRP-Gamma 1,False,False,False,CGRP-Gamma 1
apnogaog-1,TMA00318,Sst,False,False,False,Sst
apokinpc-1,TMA00318,TrpM8,False,False,False,TrpM8
apolenml-1,TMA00318,TrpM8,False,False,False,TrpM8
appbcejm-1,TMA00318,CGRP-Gamma 2,False,False,False,CGRP-Gamma 2
appfcdjc-1,TMA00318,CGRP-Beta,False,False,False,CGRP-Beta
appkjlfa-1,TMA00318,CGRP-Gamma 1,False,False,False,CGRP-Gamma 1
appladfb-1,TMA00318,CGRP-Gamma 1,False,False,False,CGRP-Gamma 1
appnamjh-1,TMA00318,CGRP-Gamma 1,False,False,False,CGRP-Gamma 1
appokcad-1,TMA00318,CGRP-Beta,False,False,False,CGRP-Beta
apppipcj-1,TMA00318,CGRP-Gamma 1,False,False,False,CGRP-Gamma 1
baaabibb-1,TMA00318,CGRP-Gamma 1,False,False,False,CGRP-Gamma 1
baakmifm-1,TMA00318,Nonpeptidergic nociceptors,False,False,False,Nonpeptidergic nociceptors
baapekoo-1,TMA00318,CGRP-Alpha,False,False,False,CGRP-Alpha
baapgdko-1,TMA00318,CGRP-Alpha,False,False,False,CGRP-Alpha
babadojd-1,TMA00318,Abeta-RA-LTMR,False,False,False,Abeta-RA-LTMR
babdijal-1,TMA00318,Nonpeptidergic nociceptors,False,False,False,Nonpeptidergic nociceptors
bablfkdc-1,TMA00318,Proprioceptors,False,False,False,Proprioceptors
bacbddll-1,TMA00318,Nonpeptidergic nociceptors,False,False,False,Nonpeptidergic nociceptors
bacckdbi-1,TMA00318,Nonpeptidergic nociceptors,False,False,False,Nonpeptidergic nociceptors
baccomlb-1,TMA00318,CGRP-Beta,False,False,False,CGRP-Beta
bacnfohj-1,TMA00318,CGRP-Gamma 1,False,False,False,CGRP-Gamma 1
badbkdfd-1,TMA00318,Abeta-RA-LTMR,False,False,False,Abeta-RA-LTMR
badbninn-1,TMA00318,Nonpeptidergic nociceptors,False,False,False,Nonpeptidergic nociceptors
badedbpa-1,TMA00318,CGRP-Eta,False,False,False,CGRP-Eta
badieddk-1,TMA00318,Nonpeptidergic nociceptors,False,False,False,Nonpeptidergic nociceptors
badjhadf-1,TMA00318,CGRP-Eta,False,False,False,CGRP-Eta
badkldfp-1,TMA00318,CGRP-Theta,False,False,False,CGRP-Theta
badldjpe-1,TMA00318,TrpM8,False,False,False,TrpM8
badofcci-1,TMA00318,TrpM8,False,False,False,TrpM8
baefkang-1,TMA00318,TrpM8,False,False,False,TrpM8
baephabm-1,TMA00318,Nonpeptidergic nociceptors,False,False,False,Nonpeptidergic nociceptors
bafcagoo-1,TMA00318,CGRP-Beta,False,False,False,CGRP-Beta
bafkjcgo-1,TMA00318,Proprioceptors,False,False,False,Proprioceptors
bafmgdje-1,TMA00318,Nonpeptidergic nociceptors,False,False,False,Nonpeptidergic nociceptors
bafppnmf-1,TMA00318,Proprioceptors,False,False,False,Proprioceptors
bagcajae-1,TMA00318,CGRP-Gamma 2,False,False,False,CGRP-Gamma 2
bagemjpd-1,TMA00318,C-LTMR,False,False,False,C-LTMR
bagfacjf-1,TMA00318,C-LTMR,False,False,False,C-LTMR
bagffncd-1,TMA00318,Nonpeptidergic nociceptors,False,False,False,Nonpeptidergic nociceptors
baghhfnj-1,TMA00318,TrpM8,False,False,False,TrpM8
baghnhil-1,TMA00318,Proprioceptors,False,False,False,Proprioceptors
bagmfkpk-1,TMA00318,TrpM8,False,False,False,TrpM8
bagnbmha-1,TMA00318,CGRP-Gamma 2,False,False,False,CGRP-Gamma 2
bagoeeao-1,TMA00318,Adelta-LTMR,False,False,False,Adelta-LTMR
bahienpl-1,TMA00318,Nonpeptidergic nociceptors,False,False,False,Nonpeptidergic nociceptors
bahnfjik-1,TMA00318,CGRP-Gamma 1,False,False,False,CGRP-Gamma 1
bahpegoj-1,TMA00318,Abeta-Field,False,False,False,Abeta-Field
bahpiahj-1,TMA00318,CGRP-Gamma 1,False,False,False,CGRP-Gamma 1
bahpmcbm-1,TMA00318,CGRP-Gamma 2,False,False,False,CGRP-Gamma 2
baiajfdi-1,TMA00318,CGRP-Gamma 2,False,False,False,CGRP-Gamma 2
baiddaaa-1,TMA00318,CGRP-Eta,False,False,False,CGRP-Eta
baiffcai-1,TMA00318,CGRP-Eta,False,False,False,CGRP-Eta
baiflion-1,TMA00318,Abeta-Field,False,False,False,Abeta-Field
baihfkoo-1,TMA00318,CGRP-Gamma 2,False,False,False,CGRP-Gamma 2
baiklchh-1,TMA00318,CGRP-Gamma 2,False,False,False,CGRP-Gamma 2
baiomedn-1,TMA00318,CGRP-Gamma 1,False,False,False,CGRP-Gamma 1
bajekifp-1,TMA00318,CGRP-Zeta,False,False,False,CGRP-Zeta
bajfdclo-1,TMA00318,CGRP-Eta,False,False,False,CGRP-Eta
bajjkffn-1,TMA00318,CGRP-Gamma 1,False,False,False,CGRP-Gamma 1
bajmaaip-1,TMA00318,CGRP-Zeta,False,False,False,CGRP-Zeta
bakcbdpi-1,TMA00318,C-LTMR,False,False,False,C-LTMR
bakcjddf-1,TMA00318,Abeta-Field,False,False,False,Abeta-Field
bakhpdgc-1,TMA00318,C-LTMR,False,False,False,C-LTMR
bakiejbo-1,TMA00318,C-LTMR,False,False,False,C-LTMR
bakmpfke-1,TMA00318,Abeta-RA-LTMR,False,False,False,Abeta-RA-LTMR
balceigl-1,TMA00318,Adelta-LTMR,False,False,False,Adelta-LTMR
balhbpfn-1,TMA00318,TrpM8,False,False,False,TrpM8
balhjcbi-1,TMA00318,Abeta-Field,False,False,False,Abeta-Field
bamadkbb-1,TMA00318,Abeta-Field,False,False,False,Abeta-Field
bamblehc-1,TMA00318,Adelta-LTMR,False,False,False,Adelta-LTMR
bamieijf-1,TMA00318,Abeta-RA-LTMR,False,False,False,Abeta-RA-LTMR
banaapap-1,TMA00318,Adelta-LTMR,False,False,False,Adelta-LTMR
banbmool-1,TMA00318,Nonpeptidergic nociceptors,False,False,False,Nonpeptidergic nociceptors
bancipkb-1,TMA00318,Adelta-LTMR,False,False,False,Adelta-LTMR
bandcjea-1,TMA00318,Nonpeptidergic nociceptors,False,False,False,Nonpeptidergic nociceptors
banikich-1,TMA00318,CGRP-Gamma 1,False,False,False,CGRP-Gamma 1
banpckke-1,TMA00318,CGRP-Epsilion,False,False,False,CGRP-Epsilion
banpildp-1,TMA00318,CGRP-Gamma 2,False,False,False,CGRP-Gamma 2
baobbbgi-1,TMA00318,Nonpeptidergic nociceptors,False,False,False,Nonpeptidergic nociceptors
baojnpni-1,TMA00318,CGRP-Epsilion,False,False,False,CGRP-Epsilion
baokbfpm-1,TMA00318,Proprioceptors,False,False,False,Proprioceptors
baomeljh-1,TMA00318,Abeta-Field,False,False,False,Abeta-Field
baopldio-1,TMA00318,Abeta-RA-LTMR,False,False,False,Abeta-RA-LTMR
bapdnokk-1,TMA00318,Nonpeptidergic nociceptors,False,False,False,Nonpeptidergic nociceptors
bapflapd-1,TMA00318,Nonpeptidergic nociceptors,False,False,False,Nonpeptidergic nociceptors
bapkdhon-1,TMA00318,Abeta-Field,False,False,False,Abeta-Field
bapldpdd-1,TMA00318,CGRP-Gamma 2,False,False,False,CGRP-Gamma 2
bapmiple-1,TMA00318,Proprioceptors,False,False,False,Proprioceptors
bbakfajp-1,TMA00318,CGRP-Gamma 1,False,False,False,CGRP-Gamma 1
bbapgbgp-1,TMA00318,Nonpeptidergic nociceptors,False,False,False,Nonpeptidergic nociceptors
bbapoeic-1,TMA00318,Abeta-RA-LTMR,False,False,False,Abeta-RA-LTMR
bbbokfhh-1,TMA00318,Abeta-RA-LTMR,False,False,False,Abeta-RA-LTMR
bbccjkhf-1,TMA00318,Nonpeptidergic nociceptors,False,False,False,Nonpeptidergic nociceptors
bbceabdo-1,TMA00318,Adelta-LTMR,False,False,False,Adelta-LTMR
bbcefmpk-1,TMA00318,CGRP-Zeta,False,False,False,CGRP-Zeta
bbcjhjen-1,TMA00318,CGRP-Eta,False,False,False,CGRP-Eta
bbcpjcdb-1,TMA00318,CGRP-Eta,False,False,False,CGRP-Eta
bbcpokln-1,TMA00318,Proprioceptors,False,False,False,Proprioceptors
bbeapjfm-1,TMA00318,Abeta-RA-LTMR,False,False,False,Abeta-RA-LTMR
bbejlaik-1,TMA00318,CGRP-Gamma 1,False,False,False,CGRP-Gamma 1
bbejnbba-1,TMA00318,CGRP-Gamma 1,False,False,False,CGRP-Gamma 1
bbelgmem-1,TMA00318,C-LTMR,False,False,False,C-LTMR
bbeobpnj-1,TMA00318,CGRP-Gamma 2,False,False,False,CGRP-Gamma 2
bbfebnig-1,TMA00318,Adelta-LTMR,False,False,False,Adelta-LTMR
bbfhomog-1,TMA00318,CGRP-Gamma 1,False,False,False,CGRP-Gamma 1
bbfmacel-1,TMA00318,Adelta-LTMR,False,False,False,Adelta-LTMR
bbfpljnk-1,TMA00318,CGRP-Zeta,False,False,False,CGRP-Zeta
bbgbmnoo-1,TMA00318,Abeta-Field,False,False,False,Abeta-Field
bbgdcbbi-1,TMA00318,CGRP-Zeta,False,False,False,CGRP-Zeta
bbgdcifg-1,TMA00318,Nonpeptidergic nociceptors,False,False,False,Nonpeptidergic nociceptors
bbghefeg-1,TMA00318,CGRP-Theta,False,False,False,CGRP-Theta
bbgidabn-1,TMA00318,Adelta-LTMR,False,False,False,Adelta-LTMR
bbgjbkhe-1,TMA00318,CGRP-Gamma 2,False,False,False,CGRP-Gamma 2
bbgkadpj-1,TMA00318,Nonpeptidergic nociceptors,False,False,False,Nonpeptidergic nociceptors
bbglfblg-1,TMA00318,Nonpeptidergic nociceptors,False,False,False,Nonpeptidergic nociceptors
bbglmalf-1,TMA00318,Adelta-LTMR,False,False,False,Adelta-LTMR
bbhcpbnn-1,TMA00318,CGRP-Gamma 1,False,False,False,CGRP-Gamma 1
bbhfnjne-1,TMA00318,Adelta-LTMR,False,False,False,Adelta-LTMR
bbkhoedj-1,TMA00318,CGRP-Zeta,False,False,False,CGRP-Zeta
bbkjdjco-1,TMA00318,TrpM8,False,False,False,TrpM8
bbkjpeck-1,TMA00318,CGRP-Epsilion,False,False,False,CGRP-Epsilion
bbkobjkh-1,TMA00318,TrpM8,False,False,False,TrpM8
bbkpjflm-1,TMA00318,Abeta-Field,False,False,False,Abeta-Field
bblijbpn-1,TMA00318,CGRP-Theta,False,False,False,CGRP-Theta
bbmeedih-1,TMA00318,Nonpeptidergic nociceptors,False,False,False,Nonpeptidergic nociceptors
bbmlildi-1,TMA00318,CGRP-Alpha,False,False,False,CGRP-Alpha
bbnbdahm-1,TMA00318,Nonpeptidergic nociceptors,False,False,False,Nonpeptidergic nociceptors
bbnbpgca-1,TMA00318,TrpM8,False,False,False,TrpM8
bbndeekb-1,TMA00318,Abeta-RA-LTMR,False,False,False,Abeta-RA-LTMR
bbnhhggk-1,TMA00318,Nonpeptidergic nociceptors,False,False,False,Nonpeptidergic nociceptors
bbnlejaf-1,TMA00318,C-LTMR,False,False,False,C-LTMR
bbnncong-1,TMA00318,CGRP-Alpha,False,False,False,CGRP-Alpha
bboidbkg-1,TMA00318,TrpM8,False,False,False,TrpM8
bbolplom-1,TMA00318,CGRP-Alpha,False,False,False,CGRP-Alpha
bbooafok-1,TMA00318,TrpM8,False,False,False,TrpM8
bbopdpbj-1,TMA00318,CGRP-Gamma 1,False,False,False,CGRP-Gamma 1
bbophiio-1,TMA00318,CGRP-Eta,False,False,False,CGRP-Eta
bboplcnd-1,TMA00318,CGRP-Alpha,False,False,False,CGRP-Alpha
bbpapojk-1,TMA00318,CGRP-Gamma 1,False,False,False,CGRP-Gamma 1
bbpcngdh-1,TMA00318,Abeta-Field,False,False,False,Abeta-Field
bbpihkjh-1,TMA00318,C-LTMR,False,False,False,C-LTMR
bbplpdbd-1,TMA00318,CGRP-Alpha,False,False,False,CGRP-Alpha
bbpnkffa-1,TMA00318,TrpM8,False,False,False,TrpM8
bbpphelk-1,TMA00318,Abeta-Field,False,False,False,Abeta-Field
bcabbfpn-1,TMA00318,Nonpeptidergic nociceptors,False,False,False,Nonpeptidergic nociceptors
bcadhdpo-1,TMA00318,Nonpeptidergic nociceptors,False,False,False,Nonpeptidergic nociceptors
bcaeafke-1,TMA00318,CGRP-Gamma 1,False,False,False,CGRP-Gamma 1
bcddljje-1,TMA00318,C-LTMR,False,False,False,C-LTMR
bcdefdga-1,TMA00318,TrpM8,False,False,False,TrpM8
bcdjpado-1,TMA00318,TrpM8,False,False,False,TrpM8
bcdkgjgc-1,TMA00318,Proprioceptors,False,False,False,Proprioceptors
bcegjlje-1,TMA00318,CGRP-Alpha,False,False,False,CGRP-Alpha
bcekagic-1,TMA00318,TrpM8,False,False,False,TrpM8
bceknihp-1,TMA00318,CGRP-Alpha,False,False,False,CGRP-Alpha
bcekpalf-1,TMA00318,Nonpeptidergic nociceptors,False,False,False,Nonpeptidergic nociceptors
bcfalmlm-1,TMA00318,C-LTMR,False,False,False,C-LTMR
bcfcicai-1,TMA00318,Sst,False,False,False,Sst
bchppama-1,TMA00318,TrpM8,False,False,False,TrpM8
bcifijeg-1,TMA00318,C-LTMR,False,False,False,C-LTMR
bciidgab-1,TMA00318,TrpM8,False,False,False,TrpM8
bciloafb-1,TMA00318,TrpM8,False,False,False,TrpM8
bcjobaln-1,TMA00318,CGRP-Beta,False,False,False,CGRP-Beta
bckcnidf-1,TMA00318,TrpM8,False,False,False,TrpM8
bcklkgkg-1,TMA00318,CGRP-Gamma 1,False,False,False,CGRP-Gamma 1
bckpghmb-1,TMA00318,CGRP-Beta,False,False,False,CGRP-Beta
bclakjdb-1,TMA00318,Abeta-RA-LTMR,False,False,False,Abeta-RA-LTMR
bcldcani-1,TMA00318,TrpM8,False,False,False,TrpM8
bclefmho-1,TMA00318,CGRP-Epsilion,False,False,False,CGRP-Epsilion
bclejfcl-1,TMA00318,Nonpeptidergic nociceptors,False,False,False,Nonpeptidergic nociceptors
bclhjnei-1,TMA00318,CGRP-Eta,False,False,False,CGRP-Eta
bclhpdci-1,TMA00318,CGRP-Alpha,False,False,False,CGRP-Alpha
bclhpoae-1,TMA00318,CGRP-Gamma 1,False,False,False,CGRP-Gamma 1
bclmdjcm-1,TMA00318,CGRP-Gamma 1,False,False,False,CGRP-Gamma 1
bclmlakd-1,TMA00318,CGRP-Gamma 1,False,False,False,CGRP-Gamma 1
bcloodfc-1,TMA00318,CGRP-Theta,False,False,False,CGRP-Theta
bclppdod-1,TMA00318,TrpM8,False,False,False,TrpM8
bcndipoe-1,TMA00318,CGRP-Gamma 1,False,False,False,CGRP-Gamma 1
bcnfifce-1,TMA00318,CGRP-Theta,False,False,False,CGRP-Theta
bcnjconb-1,TMA00318,Nonpeptidergic nociceptors,False,False,False,Nonpeptidergic nociceptors
bcoikbjl-1,TMA00318,C-LTMR,False,False,False,C-LTMR
bcokocfi-1,TMA00318,CGRP-Gamma 1,False,False,False,CGRP-Gamma 1
bcopbmpm-1,TMA00318,CGRP-Gamma 1,False,False,False,CGRP-Gamma 1
bcpdhjfp-1,TMA00318,CGRP-Alpha,False,False,False,CGRP-Alpha
bcpellcf-1,TMA00318,CGRP-Theta,False,False,False,CGRP-Theta
bcpojbfm-1,TMA00318,TrpM8,False,False,False,TrpM8
bdaabhka-1,TMA00318,CGRP-Beta,False,False,False,CGRP-Beta
bdaeiegf-1,TMA00318,TrpM8,False,False,False,TrpM8
bdajajog-1,TMA00318,CGRP-Alpha,False,False,False,CGRP-Alpha
bdbfepgk-1,TMA00318,CGRP-Eta,False,False,False,CGRP-Eta
bdbinbpn-1,TMA00318,CGRP-Eta,False,False,False,CGRP-Eta
bdbmhfdh-1,TMA00318,CGRP-Gamma 2,False,False,False,CGRP-Gamma 2
bdbnkljk-1,TMA00318,CGRP-Alpha,False,False,False,CGRP-Alpha
bdcabfpa-1,TMA00318,Nonpeptidergic nociceptors,False,False,False,Nonpeptidergic nociceptors
bdccafid-1,TMA00318,CGRP-Gamma 1,False,False,False,CGRP-Gamma 1
bdcedoen-1,TMA00318,CGRP-Gamma 1,False,False,False,CGRP-Gamma 1
bdckajme-1,TMA00318,CGRP-Zeta,False,False,False,CGRP-Zeta
bdcmfego-1,TMA00318,Abeta-RA-LTMR,False,False,False,Abeta-RA-LTMR
bddneago-1,TMA00318,CGRP-Eta,False,False,False,CGRP-Eta
bddnfmhd-1,TMA00318,C-LTMR,False,False,False,C-LTMR
bddobljp-1,TMA00318,TrpM8,False,False,False,TrpM8
bdedkhca-1,TMA00318,CGRP-Gamma 1,False,False,False,CGRP-Gamma 1
bdeenioj-1,TMA00318,Nonpeptidergic nociceptors,False,False,False,Nonpeptidergic nociceptors
bdefhjkl-1,TMA00318,CGRP-Eta,False,False,False,CGRP-Eta
bdefllep-1,TMA00318,CGRP-Eta,False,False,False,CGRP-Eta
bdegchkk-1,TMA00318,Nonpeptidergic nociceptors,False,False,False,Nonpeptidergic nociceptors
bdehakij-1,TMA00318,Nonpeptidergic nociceptors,False,False,False,Nonpeptidergic nociceptors
bdeibjdn-1,TMA00318,CGRP-Theta,False,False,False,CGRP-Theta
bdejnonb-1,TMA00318,CGRP-Gamma 1,False,False,False,CGRP-Gamma 1
bdekfmoh-1,TMA00318,Nonpeptidergic nociceptors,False,False,False,Nonpeptidergic nociceptors
bdfahdln-1,TMA00318,CGRP-Eta,False,False,False,CGRP-Eta
bdfbimji-1,TMA00318,TrpM8,False,False,False,TrpM8
bdfddgdc-1,TMA00318,CGRP-Gamma 1,False,False,False,CGRP-Gamma 1
bdfdepjb-1,TMA00318,CGRP-Alpha,False,False,False,CGRP-Alpha
bdfenkcm-1,TMA00318,C-LTMR,False,False,False,C-LTMR
bdfgcake-1,TMA00318,CGRP-Epsilion,False,False,False,CGRP-Epsilion
bdfkbgij-1,TMA00318,CGRP-Theta,False,False,False,CGRP-Theta
bdflldaf-1,TMA00318,CGRP-Eta,False,False,False,CGRP-Eta
bdgdflfl-1,TMA00318,TrpM8,False,False,False,TrpM8
bdgfpake-1,TMA00318,C-LTMR,False,False,False,C-LTMR
bdggbadn-1,TMA00318,CGRP-Zeta,False,False,False,CGRP-Zeta
bdgjgpki-1,TMA00318,C-LTMR,False,False,False,C-LTMR
bdgkcaho-1,TMA00318,TrpM8,False,False,False,TrpM8
bdgmgaek-1,TMA00318,CGRP-Theta,False,False,False,CGRP-Theta
bdgphnnj-1,TMA00318,CGRP-Epsilion,False,False,False,CGRP-Epsilion
bdhbbmml-1,TMA00318,Nonpeptidergic nociceptors,False,False,False,Nonpeptidergic nociceptors
bdhcaede-1,TMA00318,CGRP-Gamma 1,False,False,False,CGRP-Gamma 1
bdhdaefo-1,TMA00318,CGRP-Gamma 1,False,False,False,CGRP-Gamma 1
bdhfdmgm-1,TMA00318,CGRP-Gamma 1,False,False,False,CGRP-Gamma 1
bdhgjdeb-1,TMA00318,CGRP-Gamma 1,False,False,False,CGRP-Gamma 1
bdhibkdk-1,TMA00318,C-LTMR,False,False,False,C-LTMR
bdhmcldm-1,TMA00318,CGRP-Gamma 1,False,False,False,CGRP-Gamma 1
bdhpllmb-1,TMA00318,CGRP-Gamma 1,False,False,False,CGRP-Gamma 1
bdibdijj-1,TMA00318,CGRP-Gamma 2,False,False,False,CGRP-Gamma 2
bdimcmfm-1,TMA00318,Sst,False,False,False,Sst
bdiommel-1,TMA00318,CGRP-Gamma 1,False,False,False,CGRP-Gamma 1
bdipinij-1,TMA00318,C-LTMR,False,False,False,C-LTMR
bdipldnf-1,TMA00318,Nonpeptidergic nociceptors,False,False,False,Nonpeptidergic nociceptors
bdjdhnbc-1,TMA00318,CGRP-Gamma 1,False,False,False,CGRP-Gamma 1
bdjeomia-1,TMA00318,CGRP-Gamma 2,False,False,False,CGRP-Gamma 2
bdjijjpk-1,TMA00318,TrpM8,False,False,False,TrpM8
bdjkkhjb-1,TMA00318,CGRP-Alpha,False,False,False,CGRP-Alpha
bdjnaoai-1,TMA00318,Adelta-LTMR,False,False,False,Adelta-LTMR
bdjnjgbo-1,TMA00318,CGRP-Gamma 1,False,False,False,CGRP-Gamma 1
bdkacpco-1,TMA00318,Adelta-LTMR,False,False,False,Adelta-LTMR
bdkdjcge-1,TMA00318,CGRP-Eta,False,False,False,CGRP-Eta
bdkhpaef-1,TMA00318,CGRP-Theta,False,False,False,CGRP-Theta
bdkibndb-1,TMA00318,CGRP-Gamma 2,False,False,False,CGRP-Gamma 2
bdkjobgp-1,TMA00318,CGRP-Gamma 1,False,False,False,CGRP-Gamma 1
bdkkkpoc-1,TMA00318,Abeta-Field,False,False,False,Abeta-Field
bdkmjdci-1,TMA00318,CGRP-Gamma 1,False,False,False,CGRP-Gamma 1
bdknojke-1,TMA00318,Nonpeptidergic nociceptors,False,False,False,Nonpeptidergic nociceptors
bdkolojh-1,TMA00318,Nonpeptidergic nociceptors,False,False,False,Nonpeptidergic nociceptors
bdlkeebb-1,TMA00318,CGRP-Gamma 2,False,False,False,CGRP-Gamma 2
bdlkifnd-1,TMA00318,CGRP-Gamma 2,False,True,False,CGRP-Gamma 2
bdlmjecn-1,TMA00318,Nonpeptidergic nociceptors,False,False,False,Nonpeptidergic nociceptors
bdlnlaig-1,TMA00318,Nonpeptidergic nociceptors,False,False,False,Nonpeptidergic nociceptors
bdlpfgog-1,TMA00318,C-LTMR,False,False,False,C-LTMR
bdlppddl-1,TMA00318,CGRP-Gamma 1,False,False,False,CGRP-Gamma 1
bdmaeiga-1,TMA00318,Adelta-LTMR,False,False,False,Adelta-LTMR
bdmbgigd-1,TMA00318,CGRP-Zeta,False,False,False,CGRP-Zeta
bdmkbfkb-1,TMA00318,CGRP-Gamma 2,False,False,False,CGRP-Gamma 2
bdmkimjk-1,TMA00318,Nonpeptidergic nociceptors,False,False,False,Nonpeptidergic nociceptors
bdmmlpjd-1,TMA00318,C-LTMR,False,False,False,C-LTMR
bdmnajhl-1,TMA00318,Abeta-RA-LTMR,False,False,False,Abeta-RA-LTMR
bdnakcji-1,TMA00318,CGRP-Gamma 2,False,False,False,CGRP-Gamma 2
bdnbcifh-1,TMA00318,Adelta-LTMR,False,False,False,Adelta-LTMR
bdnjgnkf-1,TMA00318,Nonpeptidergic nociceptors,False,False,False,Nonpeptidergic nociceptors
bdokdcff-1,TMA00318,CGRP-Gamma 1,False,False,False,CGRP-Gamma 1
bdolkide-1,TMA00318,CGRP-Alpha,False,False,False,CGRP-Alpha
bdomgjhe-1,TMA00318,CGRP-Gamma 1,False,False,False,CGRP-Gamma 1
bdonajaf-1,TMA00318,Nonpeptidergic nociceptors,False,False,False,Nonpeptidergic nociceptors
bdpbhcfh-1,TMA00318,CGRP-Gamma 1,False,False,False,CGRP-Gamma 1
bdpcgbbb-1,TMA00318,CGRP-Zeta,False,False,False,CGRP-Zeta
bdphifin-1,TMA00318,CGRP-Gamma 1,False,False,False,CGRP-Gamma 1
bdpijkfd-1,TMA00318,CGRP-Gamma 1,False,False,False,CGRP-Gamma 1
bdpjodbn-1,TMA00318,CGRP-Eta,False,False,False,CGRP-Eta
bdpmlihe-1,TMA00318,CGRP-Eta,False,False,False,CGRP-Eta
beaacgma-1,TMA00318,CGRP-Gamma 1,False,False,False,CGRP-Gamma 1
beamapda-1,TMA00318,CGRP-Beta,False,False,False,CGRP-Beta
bebhceec-1,TMA00318,C-LTMR,False,False,False,C-LTMR
bebnldek-1,TMA00318,CGRP-Gamma 1,False,False,False,CGRP-Gamma 1
bebnpbia-1,TMA00318,TrpM8,False,False,False,TrpM8
bebpokpn-1,TMA00318,CGRP-Eta,False,False,False,CGRP-Eta
becbdhgg-1,TMA00318,CGRP-Gamma 2,False,False,False,CGRP-Gamma 2
becdajln-1,TMA00318,CGRP-Gamma 1,False,False,False,CGRP-Gamma 1
becfhfgn-1,TMA00318,CGRP-Zeta,False,False,False,CGRP-Zeta
becgphal-1,TMA00318,Nonpeptidergic nociceptors,False,False,False,Nonpeptidergic nociceptors
becnjcmp-1,TMA00318,Nonpeptidergic nociceptors,False,False,False,Nonpeptidergic nociceptors
becobnob-1,TMA00318,Abeta-RA-LTMR,False,False,False,Abeta-RA-LTMR
bedldifk-1,TMA00318,Abeta-Field,False,False,False,Abeta-Field
bedmhcgh-1,TMA00318,CGRP-Gamma 1,False,False,False,CGRP-Gamma 1
bedmhckk-1,TMA00318,CGRP-Gamma 1,False,False,False,CGRP-Gamma 1
bedpiolj-1,TMA00318,CGRP-Gamma 1,False,False,False,CGRP-Gamma 1
beefbopa-1,TMA00318,Adelta-LTMR,False,False,False,Adelta-LTMR
beenpihe-1,TMA00318,CGRP-Alpha,False,False,False,CGRP-Alpha
befccfla-1,TMA00318,CGRP-Gamma 1,False,False,False,CGRP-Gamma 1
beflkajb-1,TMA00318,Abeta-Field,False,False,False,Abeta-Field
befmmbhk-1,TMA00318,Abeta-Field,False,False,False,Abeta-Field
befplcmf-1,TMA00318,CGRP-Gamma 1,False,False,False,CGRP-Gamma 1
begbbkda-1,TMA00318,CGRP-Gamma 1,False,False,False,CGRP-Gamma 1
begcjhpn-1,TMA00318,CGRP-Gamma 1,False,False,False,CGRP-Gamma 1
begffhho-1,TMA00318,CGRP-Gamma 1,False,False,False,CGRP-Gamma 1
beghbfna-1,TMA00318,CGRP-Gamma 1,False,False,False,CGRP-Gamma 1
beglgfli-1,TMA00318,CGRP-Alpha,False,False,False,CGRP-Alpha
begmefla-1,TMA00318,TrpM8,False,False,False,TrpM8
begmmlob-1,TMA00318,CGRP-Gamma 1,False,False,False,CGRP-Gamma 1
begnmgbb-1,TMA00318,CGRP-Gamma 1,False,False,False,CGRP-Gamma 1
begoheon-1,TMA00318,TrpM8,False,False,False,TrpM8
begoicjg-1,TMA00318,CGRP-Gamma 1,False,False,False,CGRP-Gamma 1
behbibmb-1,TMA00318,C-LTMR,False,False,False,C-LTMR
behblanp-1,TMA00318,Proprioceptors,False,False,False,Proprioceptors
behdcffm-1,TMA00318,C-LTMR,False,False,False,C-LTMR
behjjdla-1,TMA00318,CGRP-Alpha,False,False,False,CGRP-Alpha
behkkgag-1,TMA00318,Sst,False,False,False,Sst
behmiook-1,TMA00318,CGRP-Zeta,False,False,False,CGRP-Zeta
behobcem-1,TMA00318,Nonpeptidergic nociceptors,False,False,False,Nonpeptidergic nociceptors
behojckk-1,TMA00318,CGRP-Gamma 1,False,False,False,CGRP-Gamma 1
beibajpa-1,TMA00318,Adelta-LTMR,False,False,False,Adelta-LTMR
beiihpoh-1,TMA00318,CGRP-Gamma 1,False,False,False,CGRP-Gamma 1
bejccdpo-1,TMA00318,CGRP-Gamma 1,False,False,False,CGRP-Gamma 1
bejcoide-1,TMA00318,CGRP-Eta,False,False,False,CGRP-Eta
bejhopfh-1,TMA00318,Nonpeptidergic nociceptors,False,False,False,Nonpeptidergic nociceptors
bejkbmlj-1,TMA00318,CGRP-Gamma 2,False,False,False,CGRP-Gamma 2
bekbfbfg-1,TMA00318,CGRP-Alpha,False,False,False,CGRP-Alpha
bekcclnj-1,TMA00318,TrpM8,False,False,False,TrpM8
beklbdek-1,TMA00318,CGRP-Zeta,False,False,False,CGRP-Zeta
beldnofc-1,TMA00318,TrpM8,False,False,False,TrpM8
bellblpf-1,TMA00318,CGRP-Gamma 1,False,False,False,CGRP-Gamma 1
bemdhibl-1,TMA00318,CGRP-Alpha,False,False,False,CGRP-Alpha
bemgejni-1,TMA00318,TrpM8,False,False,False,TrpM8
bemklegj-1,TMA00318,C-LTMR,False,False,False,C-LTMR
bempcmak-1,TMA00318,CGRP-Beta,False,False,False,CGRP-Beta
bencgmlg-1,TMA00318,CGRP-Zeta,False,False,False,CGRP-Zeta
benideje-1,TMA00318,CGRP-Gamma 1,False,False,False,CGRP-Gamma 1
benlecdg-1,TMA00318,CGRP-Gamma 1,False,False,False,CGRP-Gamma 1
benmmahb-1,TMA00318,CGRP-Gamma 1,False,False,False,CGRP-Gamma 1
beobkpml-1,TMA00318,C-LTMR,False,False,False,C-LTMR
beocngec-1,TMA00318,CGRP-Alpha,False,False,False,CGRP-Alpha
beogpdbk-1,TMA00318,CGRP-Theta,False,False,False,CGRP-Theta
beojaoib-1,TMA00318,TrpM8,False,False,False,TrpM8
beojmnle-1,TMA00318,CGRP-Beta,False,False,False,CGRP-Beta
beokfela-1,TMA00318,Nonpeptidergic nociceptors,False,False,False,Nonpeptidergic nociceptors
beoocfkc-1,TMA00318,TrpM8,False,False,False,TrpM8
bepaafme-1,TMA00318,Abeta-RA-LTMR,False,False,False,Abeta-RA-LTMR
bepfcljj-1,TMA00318,TrpM8,False,False,False,TrpM8
bepmfdke-1,TMA00318,TrpM8,False,False,False,TrpM8
bepmjbpb-1,TMA00318,CGRP-Gamma 1,False,False,False,CGRP-Gamma 1
bepnoinb-1,TMA00318,Nonpeptidergic nociceptors,False,False,False,Nonpeptidergic nociceptors
bfafpnpn-1,TMA00318,CGRP-Eta,False,False,False,CGRP-Eta
bfancnne-1,TMA00318,CGRP-Eta,False,False,False,CGRP-Eta
bfbfhpgg-1,TMA00318,CGRP-Epsilion,False,False,False,CGRP-Epsilion
bfbhhaaj-1,TMA00318,CGRP-Alpha,False,False,False,CGRP-Alpha
bfbicokf-1,TMA00318,C-LTMR,False,False,False,C-LTMR
bfbjnhgm-1,TMA00318,Abeta-RA-LTMR,False,False,False,Abeta-RA-LTMR
bfbpnehi-1,TMA00318,C-LTMR,False,False,False,C-LTMR
bfccaibi-1,TMA00318,Nonpeptidergic nociceptors,False,False,False,Nonpeptidergic nociceptors
bfcggdca-1,TMA00318,CGRP-Eta,False,False,False,CGRP-Eta
bfcmblpc-1,TMA00318,CGRP-Gamma 2,False,False,False,CGRP-Gamma 2
bfcmiohh-1,TMA00318,TrpM8,False,False,False,TrpM8
bfdalmmb-1,TMA00318,CGRP-Gamma 1,False,False,False,CGRP-Gamma 1
bfdjkmae-1,TMA00318,TrpM8,False,False,False,TrpM8
bfdobkln-1,TMA00318,C-LTMR,False,False,False,C-LTMR
bfeefnnb-1,TMA00318,C-LTMR,False,False,False,C-LTMR
bfehipnp-1,TMA00318,TrpM8,False,False,False,TrpM8
bfemjlfh-1,TMA00318,TrpM8,False,False,False,TrpM8
bffgpmda-1,TMA00318,Nonpeptidergic nociceptors,False,False,False,Nonpeptidergic nociceptors
bffhemlg-1,TMA00318,CGRP-Gamma 2,False,False,False,CGRP-Gamma 2
bffiedlb-1,TMA00318,Nonpeptidergic nociceptors,False,False,False,Nonpeptidergic nociceptors
bfflepbe-1,TMA00318,CGRP-Eta,False,False,False,CGRP-Eta
bfflmioj-1,TMA00318,Abeta-Field,False,False,False,Abeta-Field
bffpglbg-1,TMA00318,CGRP-Gamma 2,False,False,False,CGRP-Gamma 2
bfgebolp-1,TMA00318,Adelta-LTMR,False,False,False,Adelta-LTMR
bfgiogbe-1,TMA00318,Adelta-LTMR,False,False,False,Adelta-LTMR
bfgipoje-1,TMA00318,Nonpeptidergic nociceptors,False,False,False,Nonpeptidergic nociceptors
bfgkhphb-1,TMA00318,C-LTMR,False,False,False,C-LTMR
bfgoihii-1,TMA00318,Nonpeptidergic nociceptors,False,False,False,Nonpeptidergic nociceptors
bfhboenh-1,TMA00318,CGRP-Gamma 2,False,False,False,CGRP-Gamma 2
bfhfbgdp-1,TMA00318,CGRP-Eta,False,False,False,CGRP-Eta
bfhganff-1,TMA00318,CGRP-Epsilion,False,False,False,CGRP-Epsilion
bfhobhfm-1,TMA00318,CGRP-Gamma 2,False,False,False,CGRP-Gamma 2
bfhpijim-1,TMA00318,Proprioceptors,False,False,False,Proprioceptors
bfimjcch-1,TMA00318,CGRP-Eta,False,False,False,CGRP-Eta
bfipgaib-1,TMA00318,Nonpeptidergic nociceptors,False,False,False,Nonpeptidergic nociceptors
bfjecokh-1,TMA00318,Nonpeptidergic nociceptors,False,False,False,Nonpeptidergic nociceptors
bfjfbbhi-1,TMA00318,Nonpeptidergic nociceptors,False,False,False,Nonpeptidergic nociceptors
bfjfclgg-1,TMA00318,TrpM8,False,False,False,TrpM8
bfjobehi-1,TMA00318,Nonpeptidergic nociceptors,False,False,False,Nonpeptidergic nociceptors
bfkfohfj-1,TMA00318,Nonpeptidergic nociceptors,False,False,False,Nonpeptidergic nociceptors
bfkgpbbp-1,TMA00318,Abeta-RA-LTMR,False,False,False,Abeta-RA-LTMR
bfkheabd-1,TMA00318,CGRP-Zeta,False,False,False,CGRP-Zeta
bfkifagk-1,TMA00318,CGRP-Alpha,False,False,False,CGRP-Alpha
bfkkmgni-1,TMA00318,CGRP-Zeta,False,False,False,CGRP-Zeta
bfklchmm-1,TMA00318,Abeta-Field,False,False,False,Abeta-Field
bfkmjked-1,TMA00318,C-LTMR,False,False,False,C-LTMR
bfkniepa-1,TMA00318,Abeta-Field,False,False,False,Abeta-Field
bflbckii-1,TMA00318,Abeta-Field,False,False,False,Abeta-Field
bflhhmee-1,TMA00318,Abeta-Field,False,False,False,Abeta-Field
bflinohj-1,TMA00318,CGRP-Epsilion,False,False,False,CGRP-Epsilion
bfmidipc-1,TMA00318,Abeta-RA-LTMR,False,False,False,Abeta-RA-LTMR
bfmiglbm-1,TMA00318,CGRP-Gamma 1,False,False,False,CGRP-Gamma 1
bfnejdkk-1,TMA00318,Nonpeptidergic nociceptors,False,False,False,Nonpeptidergic nociceptors
bfobnbcb-1,TMA00318,C-LTMR,False,False,False,C-LTMR
bfogldep-1,TMA00318,C-LTMR,False,False,False,C-LTMR
bfojjnmg-1,TMA00318,Adelta-LTMR,False,False,False,Adelta-LTMR
bfononmd-1,TMA00318,CGRP-Gamma 1,False,False,False,CGRP-Gamma 1
bfpaepje-1,TMA00318,Abeta-Field,False,False,False,Abeta-Field
bfphdeol-1,TMA00318,CGRP-Gamma 1,False,False,False,CGRP-Gamma 1
bfphnboo-1,TMA00318,CGRP-Alpha,False,False,False,CGRP-Alpha
bfphpidc-1,TMA00318,CGRP-Gamma 1,False,False,False,CGRP-Gamma 1
bfpmblhb-1,TMA00318,CGRP-Gamma 1,False,False,False,CGRP-Gamma 1
bfpopnmi-1,TMA00318,CGRP-Gamma 2,False,False,False,CGRP-Gamma 2
bgakfgoi-1,TMA00318,CGRP-Gamma 2,False,False,False,CGRP-Gamma 2
bgapdaeg-1,TMA00318,Adelta-LTMR,False,False,False,Adelta-LTMR
bgaplikk-1,TMA00318,Proprioceptors,False,False,False,Proprioceptors
bgbadneo-1,TMA00318,Nonpeptidergic nociceptors,False,False,False,Nonpeptidergic nociceptors
bgbagakj-1,TMA00318,TrpM8,False,False,False,TrpM8
bgbakoch-1,TMA00318,Nonpeptidergic nociceptors,False,False,False,Nonpeptidergic nociceptors
bgbchkle-1,TMA00318,CGRP-Eta,False,False,False,CGRP-Eta
bgbfilda-1,TMA00318,CGRP-Gamma 1,False,False,False,CGRP-Gamma 1
bgbhngff-1,TMA00318,C-LTMR,False,False,False,C-LTMR
bgbjhfpn-1,TMA00318,Nonpeptidergic nociceptors,False,False,False,Nonpeptidergic nociceptors
bgbnlnfm-1,TMA00318,C-LTMR,False,False,False,C-LTMR
bgcelbdn-1,TMA00318,Nonpeptidergic nociceptors,False,False,False,Nonpeptidergic nociceptors
bgcfoogo-1,TMA00318,CGRP-Gamma 1,False,False,False,CGRP-Gamma 1
bgcjneom-1,TMA00318,Abeta-Field,False,False,False,Abeta-Field
bgckbmdo-1,TMA00318,CGRP-Gamma 1,False,False,False,CGRP-Gamma 1
bgckihpf-1,TMA00318,CGRP-Gamma 1,False,False,False,CGRP-Gamma 1
bgdajmcc-1,TMA00318,C-LTMR,False,False,False,C-LTMR
bgdchbjn-1,TMA00318,TrpM8,False,False,False,TrpM8
bgdeligo-1,TMA00318,Abeta-RA-LTMR,False,False,False,Abeta-RA-LTMR
bgdicolc-1,TMA00318,Nonpeptidergic nociceptors,False,False,False,Nonpeptidergic nociceptors
bgejnekc-1,TMA00318,C-LTMR,False,False,False,C-LTMR
bgfbhdon-1,TMA00318,C-LTMR,False,False,False,C-LTMR
bgfbhljk-1,TMA00318,Abeta-RA-LTMR,False,False,False,Abeta-RA-LTMR
bgffpeeg-1,TMA00318,CGRP-Gamma 1,False,False,False,CGRP-Gamma 1
bgfmiemj-1,TMA00318,CGRP-Gamma 1,False,False,False,CGRP-Gamma 1
bgfmlggd-1,TMA00318,C-LTMR,False,False,False,C-LTMR
bggagohi-1,TMA00318,TrpM8,False,False,False,TrpM8
bggajnpc-1,TMA00318,Abeta-RA-LTMR,False,False,False,Abeta-RA-LTMR
bggblhfb-1,TMA00318,CGRP-Gamma 2,False,False,False,CGRP-Gamma 2
bggjiahp-1,TMA00318,Abeta-Field,False,False,False,Abeta-Field
bggnaehd-1,TMA00318,CGRP-Gamma 1,False,False,False,CGRP-Gamma 1
bggnkagf-1,TMA00318,CGRP-Gamma 2,False,False,False,CGRP-Gamma 2
bghbihok-1,TMA00318,CGRP-Eta,False,False,False,CGRP-Eta
bghfmlio-1,TMA00318,CGRP-Eta,False,False,False,CGRP-Eta
bghiflgo-1,TMA00318,Proprioceptors,False,False,False,Proprioceptors
bgiiaiid-1,TMA00318,Abeta-Field,False,False,False,Abeta-Field
bgijilfc-1,TMA00318,CGRP-Gamma 2,False,False,False,CGRP-Gamma 2
bgijpjke-1,TMA00318,Proprioceptors,False,False,False,Proprioceptors
bgioihec-1,TMA00318,Proprioceptors,False,False,False,Proprioceptors
bgjdlioi-1,TMA00318,CGRP-Zeta,False,False,False,CGRP-Zeta
bgjejmpf-1,TMA00318,CGRP-Gamma 2,False,False,False,CGRP-Gamma 2
bgjfbnlk-1,TMA00318,CGRP-Zeta,False,False,False,CGRP-Zeta
bgjfkfcl-1,TMA00318,CGRP-Theta,False,False,False,CGRP-Theta
bgjggmfb-1,TMA00318,CGRP-Gamma 2,False,False,False,CGRP-Gamma 2
bgkghngk-1,TMA00318,TrpM8,False,False,False,TrpM8
bgkhmioe-1,TMA00318,Adelta-LTMR,False,False,False,Adelta-LTMR
bgkkjlfi-1,TMA00318,CGRP-Gamma 2,False,False,False,CGRP-Gamma 2
bgmdlpap-1,TMA00318,Nonpeptidergic nociceptors,False,False,False,Nonpeptidergic nociceptors
bgmjjnoc-1,TMA00318,Nonpeptidergic nociceptors,False,False,False,Nonpeptidergic nociceptors
bgmnhpmh-1,TMA00318,CGRP-Alpha,False,False,False,CGRP-Alpha
bgnadlbk-1,TMA00318,CGRP-Gamma 1,False,False,False,CGRP-Gamma 1
bgncklee-1,TMA00318,C-LTMR,False,False,False,C-LTMR
bgnknkle-1,TMA00318,CGRP-Alpha,False,False,False,CGRP-Alpha
bgnodkcn-1,TMA00318,CGRP-Gamma 1,False,False,False,CGRP-Gamma 1
bgnomkbc-1,TMA00318,CGRP-Gamma 1,False,False,False,CGRP-Gamma 1
bgodijco-1,TMA00318,Proprioceptors,False,False,False,Proprioceptors
bgomhing-1,TMA00318,C-LTMR,False,False,False,C-LTMR
bgommdla-1,TMA00318,TrpM8,False,False,False,TrpM8
bgpenncm-1,TMA00318,TrpM8,False,False,False,TrpM8
bgpfiamn-1,TMA00318,Abeta-Field,False,False,False,Abeta-Field
bgphnhlc-1,TMA00318,TrpM8,False,False,False,TrpM8
bgpmgdhd-1,TMA00318,Abeta-RA-LTMR,False,False,False,Abeta-RA-LTMR
bgpofaef-1,TMA00318,CGRP-Epsilion,False,False,False,CGRP-Epsilion
bhadcbmi-1,TMA00318,CGRP-Beta,False,False,False,CGRP-Beta
bhancncd-1,TMA00318,TrpM8,False,False,False,TrpM8
bhaolmhm-1,TMA00318,C-LTMR,False,False,False,C-LTMR
bhapghkk-1,TMA00318,TrpM8,False,False,False,TrpM8
bhbcjipd-1,TMA00318,TrpM8,False,False,False,TrpM8
bhbfbgmh-1,TMA00318,Abeta-RA-LTMR,False,False,False,Abeta-RA-LTMR
bhbhjjkh-1,TMA00318,Proprioceptors,False,False,False,Proprioceptors
bhbocked-1,TMA00318,Nonpeptidergic nociceptors,False,False,False,Nonpeptidergic nociceptors
bhboechd-1,TMA00318,TrpM8,False,False,False,TrpM8
bhbpieab-1,TMA00318,CGRP-Alpha,False,False,False,CGRP-Alpha
bhckfcep-1,TMA00318,TrpM8,False,False,False,TrpM8
bhcmcfog-1,TMA00318,CGRP-Gamma 1,False,False,False,CGRP-Gamma 1
bhcndbhg-1,TMA00318,CGRP-Gamma 2,False,False,False,CGRP-Gamma 2
bhcnlgca-1,TMA00318,CGRP-Gamma 1,False,False,False,CGRP-Gamma 1
bhcogfjk-1,TMA00318,CGRP-Eta,False,False,False,CGRP-Eta
bhcpdabn-1,TMA00318,CGRP-Beta,False,False,False,CGRP-Beta
bhdcidfb-1,TMA00318,CGRP-Gamma 1,False,False,False,CGRP-Gamma 1
bhdepoif-1,TMA00318,C-LTMR,False,False,False,C-LTMR
bhdjanko-1,TMA00318,CGRP-Alpha,False,False,False,CGRP-Alpha
bhdkjoei-1,TMA00318,TrpM8,False,False,False,TrpM8
bhdlkfff-1,TMA00318,TrpM8,False,False,False,TrpM8
bheflgdh-1,TMA00318,CGRP-Epsilion,False,False,False,CGRP-Epsilion
bhegpgnk-1,TMA00318,CGRP-Alpha,False,False,False,CGRP-Alpha
bheiecpp-1,TMA00318,Nonpeptidergic nociceptors,False,False,False,Nonpeptidergic nociceptors
bhfdinck-1,TMA00318,Nonpeptidergic nociceptors,False,False,False,Nonpeptidergic nociceptors
bhfefmec-1,TMA00318,TrpM8,False,False,False,TrpM8
bhfpajbg-1,TMA00318,Abeta-RA-LTMR,False,False,False,Abeta-RA-LTMR
bhhakaoe-1,TMA00318,CGRP-Alpha,False,False,False,CGRP-Alpha
bhhcpdpm-1,TMA00318,TrpM8,False,False,False,TrpM8
bhhopfeh-1,TMA00318,CGRP-Gamma 1,False,False,False,CGRP-Gamma 1
bhidccmm-1,TMA00318,CGRP-Eta,False,False,False,CGRP-Eta
bhiheodk-1,TMA00318,Abeta-RA-LTMR,False,False,False,Abeta-RA-LTMR
bhipoflf-1,TMA00318,Abeta-RA-LTMR,False,False,False,Abeta-RA-LTMR
bhjbelmb-1,TMA00318,Adelta-LTMR,False,False,False,Adelta-LTMR
bhjbpand-1,TMA00318,CGRP-Alpha,False,False,False,CGRP-Alpha
bhjcagdk-1,TMA00318,CGRP-Alpha,False,False,False,CGRP-Alpha
bhjddeik-1,TMA00318,CGRP-Zeta,False,False,False,CGRP-Zeta
bhjgfmcn-1,TMA00318,Proprioceptors,False,False,False,Proprioceptors
bhjloppo-1,TMA00318,CGRP-Gamma 1,False,False,False,CGRP-Gamma 1
bhkpifec-1,TMA00318,CGRP-Beta,False,False,False,CGRP-Beta
bhlalcbm-1,TMA00318,CGRP-Gamma 1,False,False,False,CGRP-Gamma 1
bhlcmomp-1,TMA00318,Proprioceptors,False,False,False,Proprioceptors
bhlcofln-1,TMA00318,TrpM8,False,False,False,TrpM8
bhleegnf-1,TMA00318,CGRP-Gamma 1,False,False,False,CGRP-Gamma 1
bhlfpoik-1,TMA00318,Abeta-Field,False,False,False,Abeta-Field
bhlgkkpm-1,TMA00318,CGRP-Eta,False,False,False,CGRP-Eta
bhlkgmad-1,TMA00318,TrpM8,False,False,False,TrpM8
bhlkldna-1,TMA00318,TrpM8,False,False,False,TrpM8
bhllpipp-1,TMA00318,TrpM8,False,False,False,TrpM8
bhlmlbbl-1,TMA00318,CGRP-Gamma 1,False,False,False,CGRP-Gamma 1
biccogol-1,TMA00318,Proprioceptors,False,False,False,Proprioceptors
bicdaggp-1,TMA00318,CGRP-Eta,False,False,False,CGRP-Eta
bicfkioo-1,TMA00318,Proprioceptors,False,False,False,Proprioceptors
bichpncb-1,TMA00318,CGRP-Alpha,False,False,False,CGRP-Alpha
biciionm-1,TMA00318,Nonpeptidergic nociceptors,False,False,False,Nonpeptidergic nociceptors
bidkeejg-1,TMA00318,CGRP-Theta,False,False,False,CGRP-Theta
bidlilje-1,TMA00318,CGRP-Zeta,False,False,False,CGRP-Zeta
bieaedih-1,TMA00318,CGRP-Theta,False,False,False,CGRP-Theta
bieafgpk-1,TMA00318,CGRP-Alpha,False,False,False,CGRP-Alpha
biebiiko-1,TMA00318,Abeta-Field,False,False,False,Abeta-Field
bieklihi-1,TMA00318,Abeta-Field,False,False,False,Abeta-Field
bienagmj-1,TMA00318,Abeta-Field,False,False,False,Abeta-Field
bifbakjn-1,TMA00318,CGRP-Gamma 2,False,False,False,CGRP-Gamma 2
bifklibb-1,TMA00318,CGRP-Gamma 1,False,False,False,CGRP-Gamma 1
biggclmn-1,TMA00318,CGRP-Gamma 2,False,False,False,CGRP-Gamma 2
bihfkcdp-1,TMA00318,C-LTMR,False,False,False,C-LTMR
bihlobej-1,TMA00318,CGRP-Eta,False,False,False,CGRP-Eta
bihmjjkg-1,TMA00318,CGRP-Eta,False,False,False,CGRP-Eta
bihnlicd-1,TMA00318,CGRP-Epsilion,False,False,False,CGRP-Epsilion
biiaghjm-1,TMA00318,CGRP-Gamma 1,False,False,False,CGRP-Gamma 1
biicpjnc-1,TMA00318,CGRP-Epsilion,False,False,False,CGRP-Epsilion
biiecofd-1,TMA00318,Proprioceptors,False,False,False,Proprioceptors
bijfbefd-1,TMA00318,Adelta-LTMR,False,False,False,Adelta-LTMR
bijfdghi-1,TMA00318,Proprioceptors,False,False,False,Proprioceptors
bijhhpko-1,TMA00318,CGRP-Gamma 1,False,False,False,CGRP-Gamma 1
bijkphbo-1,TMA00318,Proprioceptors,False,False,False,Proprioceptors
bijlipgm-1,TMA00318,CGRP-Gamma 1,False,False,False,CGRP-Gamma 1
bijomcdf-1,TMA00318,CGRP-Gamma 1,False,False,False,CGRP-Gamma 1
bikegbjk-1,TMA00318,C-LTMR,False,False,False,C-LTMR
bikfcpai-1,TMA00318,CGRP-Alpha,False,False,False,CGRP-Alpha
bikkneif-1,TMA00318,C-LTMR,False,False,False,C-LTMR
bikpplfk-1,TMA00318,CGRP-Theta,False,False,False,CGRP-Theta
bilaijco-1,TMA00318,Nonpeptidergic nociceptors,False,False,False,Nonpeptidergic nociceptors
bilfhmlg-1,TMA00318,CGRP-Eta,False,False,False,CGRP-Eta
biljjhil-1,TMA00318,CGRP-Eta,False,False,False,CGRP-Eta
bilkaiah-1,TMA00318,CGRP-Gamma 1,False,False,False,CGRP-Gamma 1
bilkigmc-1,TMA00318,TrpM8,False,False,False,TrpM8
bilnbgld-1,TMA00318,CGRP-Alpha,False,False,False,CGRP-Alpha
bilpgbap-1,TMA00318,CGRP-Epsilion,False,False,False,CGRP-Epsilion
bimbimmk-1,TMA00318,CGRP-Epsilion,False,False,False,CGRP-Epsilion
bimdfgjg-1,TMA00318,CGRP-Gamma 2,False,False,False,CGRP-Gamma 2
bimengno-1,TMA00318,CGRP-Eta,False,False,False,CGRP-Eta
bimojenh-1,TMA00318,CGRP-Gamma 1,False,False,False,CGRP-Gamma 1
binbnabi-1,TMA00318,CGRP-Eta,False,False,False,CGRP-Eta
bingpamo-1,TMA00318,Nonpeptidergic nociceptors,False,False,False,Nonpeptidergic nociceptors
binknfde-1,TMA00318,Nonpeptidergic nociceptors,False,False,False,Nonpeptidergic nociceptors
binlfffe-1,TMA00318,CGRP-Eta,False,False,False,CGRP-Eta
binplkin-1,TMA00318,C-LTMR,False,False,False,C-LTMR
bioediic-1,TMA00318,Abeta-Field,False,False,False,Abeta-Field
biopcice-1,TMA00318,Nonpeptidergic nociceptors,False,False,False,Nonpeptidergic nociceptors
bipalopm-1,TMA00318,Nonpeptidergic nociceptors,False,False,False,Nonpeptidergic nociceptors
bipdbohh-1,TMA00318,CGRP-Eta,False,False,False,CGRP-Eta
bipegfam-1,TMA00318,Nonpeptidergic nociceptors,False,False,False,Nonpeptidergic nociceptors
bipjggdo-1,TMA00318,Nonpeptidergic nociceptors,False,False,False,Nonpeptidergic nociceptors
bipjjejl-1,TMA00318,CGRP-Gamma 1,False,False,False,CGRP-Gamma 1
bjadjiie-1,TMA00318,Abeta-RA-LTMR,False,False,False,Abeta-RA-LTMR
bjafflge-1,TMA00318,CGRP-Alpha,False,False,False,CGRP-Alpha
bjafhbbf-1,TMA00318,Proprioceptors,False,False,False,Proprioceptors
bjalnoho-1,TMA00318,TrpM8,False,False,False,TrpM8
bjbafejn-1,TMA00318,Proprioceptors,False,False,False,Proprioceptors
bjbbalmm-1,TMA00318,CGRP-Theta,False,False,False,CGRP-Theta
bjbcmajn-1,TMA00318,Abeta-Field,False,False,False,Abeta-Field
bjbpafll-1,TMA00318,Proprioceptors,False,False,False,Proprioceptors
bjcgmeek-1,TMA00318,CGRP-Zeta,False,False,False,CGRP-Zeta
bjcilljd-1,TMA00318,CGRP-Theta,False,False,False,CGRP-Theta
bjcmhapp-1,TMA00318,CGRP-Zeta,False,False,False,CGRP-Zeta
bjcnbkpe-1,TMA00318,Abeta-RA-LTMR,False,False,False,Abeta-RA-LTMR
bjdfbdid-1,TMA00318,CGRP-Eta,False,False,False,CGRP-Eta
bjdldnkk-1,TMA00318,Abeta-RA-LTMR,False,False,False,Abeta-RA-LTMR
bjdllikl-1,TMA00318,C-LTMR,False,False,False,C-LTMR
bjealhgh-1,TMA00318,Nonpeptidergic nociceptors,False,False,False,Nonpeptidergic nociceptors
bjehlopm-1,TMA00318,TrpM8,False,False,False,TrpM8
bjekibgh-1,TMA00318,CGRP-Gamma 1,False,False,False,CGRP-Gamma 1
bjepahcf-1,TMA00318,C-LTMR,False,False,False,C-LTMR
bjfhlhmc-1,TMA00318,Proprioceptors,False,False,False,Proprioceptors
bjfmafbg-1,TMA00318,Abeta-RA-LTMR,False,False,False,Abeta-RA-LTMR
bjfnnlbi-1,TMA00318,Abeta-RA-LTMR,False,False,False,Abeta-RA-LTMR
bjfonebi-1,TMA00318,Abeta-RA-LTMR,False,False,False,Abeta-RA-LTMR
bjgcdmpd-1,TMA00318,CGRP-Zeta,False,False,False,CGRP-Zeta
bjgehelj-1,TMA00318,Proprioceptors,False,False,False,Proprioceptors
bjgfhhef-1,TMA00318,C-LTMR,False,False,False,C-LTMR
bjgmngfh-1,TMA00318,Proprioceptors,False,False,False,Proprioceptors
bjhfmeck-1,TMA00318,TrpM8,False,False,False,TrpM8
bjidnjfe-1,TMA00318,TrpM8,False,False,False,TrpM8
bjjcbale-1,TMA00318,Abeta-RA-LTMR,False,False,False,Abeta-RA-LTMR
bjjlaoig-1,TMA00318,Abeta-RA-LTMR,False,False,False,Abeta-RA-LTMR
bjkcecgg-1,TMA00318,Abeta-RA-LTMR,False,False,False,Abeta-RA-LTMR
bjkffonc-1,TMA00318,CGRP-Eta,False,False,False,CGRP-Eta
bjkfnpkk-1,TMA00318,Nonpeptidergic nociceptors,False,False,False,Nonpeptidergic nociceptors
bjkipimi-1,TMA00318,Adelta-LTMR,False,False,False,Adelta-LTMR
bjklealp-1,TMA00318,Abeta-RA-LTMR,False,False,False,Abeta-RA-LTMR
bjlbmgef-1,TMA00318,Abeta-Field,False,False,False,Abeta-Field
bjmapedn-1,TMA00318,Nonpeptidergic nociceptors,False,False,False,Nonpeptidergic nociceptors
bjmclckn-1,TMA00318,CGRP-Zeta,False,False,False,CGRP-Zeta
bjmjphfh-1,TMA00318,Nonpeptidergic nociceptors,False,False,False,Nonpeptidergic nociceptors
bjmkjapn-1,TMA00318,Nonpeptidergic nociceptors,False,False,False,Nonpeptidergic nociceptors
bjmlfiip-1,TMA00318,C-LTMR,False,False,False,C-LTMR
bjmnhloc-1,TMA00318,Nonpeptidergic nociceptors,False,False,False,Nonpeptidergic nociceptors
bjmnpljn-1,TMA00318,Nonpeptidergic nociceptors,False,False,False,Nonpeptidergic nociceptors
bjmoljgg-1,TMA00318,Nonpeptidergic nociceptors,False,False,False,Nonpeptidergic nociceptors
bjnemppo-1,TMA00318,Nonpeptidergic nociceptors,False,False,False,Nonpeptidergic nociceptors
bjnfebhc-1,TMA00318,Nonpeptidergic nociceptors,False,False,False,Nonpeptidergic nociceptors
bjngngmj-1,TMA00318,Adelta-LTMR,False,False,False,Adelta-LTMR
bjnidbcp-1,TMA00318,Abeta-RA-LTMR,False,False,False,Abeta-RA-LTMR
bjnjanjn-1,TMA00318,CGRP-Epsilion,False,False,False,CGRP-Epsilion
bjnjbjio-1,TMA00318,Sst,False,False,False,Sst
bjoakfab-1,TMA00318,Proprioceptors,False,False,False,Proprioceptors
bjoclkcc-1,TMA00318,Abeta-Field,False,False,False,Abeta-Field
bjoebpdh-1,TMA00318,CGRP-Zeta,False,False,False,CGRP-Zeta
bjofajjg-1,TMA00318,Nonpeptidergic nociceptors,False,False,False,Nonpeptidergic nociceptors
bjojjmph-1,TMA00318,Nonpeptidergic nociceptors,False,False,False,Nonpeptidergic nociceptors
bjojkcpa-1,TMA00318,TrpM8,False,False,False,TrpM8
bjomheib-1,TMA00318,Proprioceptors,False,False,False,Proprioceptors
bjpanelo-1,TMA00318,Nonpeptidergic nociceptors,False,False,False,Nonpeptidergic nociceptors
bjpdnccg-1,TMA00318,CGRP-Alpha,False,False,False,CGRP-Alpha
bjpmjjpk-1,TMA00318,CGRP-Alpha,False,False,False,CGRP-Alpha
bjppoiip-1,TMA00318,CGRP-Zeta,False,False,False,CGRP-Zeta
bkaadnaa-1,TMA00318,Proprioceptors,False,False,False,Proprioceptors
bkabcjga-1,TMA00318,Nonpeptidergic nociceptors,False,False,False,Nonpeptidergic nociceptors
bkajbnoa-1,TMA00318,Proprioceptors,False,False,False,Proprioceptors
bkaleiai-1,TMA00318,Adelta-LTMR,False,False,False,Adelta-LTMR
bkanhjan-1,TMA00318,Nonpeptidergic nociceptors,False,False,False,Nonpeptidergic nociceptors
bkappbmj-1,TMA00318,Proprioceptors,False,False,False,Proprioceptors
bkbapeon-1,TMA00318,CGRP-Eta,False,False,False,CGRP-Eta
bkbeehlp-1,TMA00318,Abeta-RA-LTMR,False,False,False,Abeta-RA-LTMR
bkbeeobl-1,TMA00318,Abeta-RA-LTMR,False,False,False,Abeta-RA-LTMR
bkbeppnb-1,TMA00318,Proprioceptors,False,False,False,Proprioceptors
bkbkmaee-1,TMA00318,Nonpeptidergic nociceptors,False,False,False,Nonpeptidergic nociceptors
bkbnfgia-1,TMA00318,Abeta-RA-LTMR,False,False,False,Abeta-RA-LTMR
bkbpibnc-1,TMA00318,Nonpeptidergic nociceptors,False,False,False,Nonpeptidergic nociceptors
bkccihif-1,TMA00318,Abeta-Field,False,False,False,Abeta-Field
bkcdknoh-1,TMA00318,CGRP-Eta,False,False,False,CGRP-Eta
bkcfjolh-1,TMA00318,Proprioceptors,False,False,False,Proprioceptors
bkcgijlo-1,TMA00318,Nonpeptidergic nociceptors,False,False,False,Nonpeptidergic nociceptors
bkchggap-1,TMA00318,Nonpeptidergic nociceptors,False,False,False,Nonpeptidergic nociceptors
bkcjpgio-1,TMA00318,C-LTMR,False,False,False,C-LTMR
bkclkjce-1,TMA00318,Abeta-RA-LTMR,False,False,False,Abeta-RA-LTMR
bkcmeibn-1,TMA00318,C-LTMR,False,False,False,C-LTMR
bkdbjgge-1,TMA00318,CGRP-Eta,False,False,False,CGRP-Eta
bkdchidj-1,TMA00318,Abeta-RA-LTMR,False,False,False,Abeta-RA-LTMR
bkddbekc-1,TMA00318,CGRP-Eta,False,False,False,CGRP-Eta
bkdfdifd-1,TMA00318,Nonpeptidergic nociceptors,False,False,False,Nonpeptidergic nociceptors
bkdghmnl-1,TMA00318,Abeta-RA-LTMR,False,False,False,Abeta-RA-LTMR
bkdidhia-1,TMA00318,Nonpeptidergic nociceptors,False,False,False,Nonpeptidergic nociceptors
bkdkobna-1,TMA00318,Proprioceptors,False,False,False,Proprioceptors
bkdmpdkb-1,TMA00318,C-LTMR,False,False,False,C-LTMR
bkdnjbaf-1,TMA00318,Adelta-LTMR,False,False,False,Adelta-LTMR
bkdnnfkk-1,TMA00318,Nonpeptidergic nociceptors,False,False,False,Nonpeptidergic nociceptors
bkeaochp-1,TMA00318,C-LTMR,False,False,False,C-LTMR
bkeboalb-1,TMA00318,C-LTMR,False,False,False,C-LTMR
bkefhgnd-1,TMA00318,CGRP-Zeta,False,False,False,CGRP-Zeta
bkejeiff-1,TMA00318,CGRP-Alpha,False,False,False,CGRP-Alpha
bkekdaid-1,TMA00318,C-LTMR,False,False,False,C-LTMR
bkembfih-1,TMA00318,TrpM8,False,False,False,TrpM8
bkfcjfhl-1,TMA00318,Nonpeptidergic nociceptors,False,False,False,Nonpeptidergic nociceptors
bkfjfllp-1,TMA00318,CGRP-Alpha,False,False,False,CGRP-Alpha
bkfkapic-1,TMA00318,Proprioceptors,False,False,False,Proprioceptors
bkfmpgog-1,TMA00318,Proprioceptors,False,False,False,Proprioceptors
bkghcbpj-1,TMA00318,CGRP-Eta,False,False,False,CGRP-Eta
bkgkcpob-1,TMA00318,Proprioceptors,False,False,False,Proprioceptors
bkgkjfnb-1,TMA00318,Proprioceptors,False,False,False,Proprioceptors
bkglhedk-1,TMA00318,CGRP-Eta,False,False,False,CGRP-Eta
bkhfocbk-1,TMA00318,Proprioceptors,False,False,False,Proprioceptors
bkhjpbef-1,TMA00318,Abeta-RA-LTMR,False,False,False,Abeta-RA-LTMR
bkiacibj-1,TMA00318,Proprioceptors,False,False,False,Proprioceptors
bkidcmpc-1,TMA00318,Nonpeptidergic nociceptors,False,False,False,Nonpeptidergic nociceptors
bkifjgbi-1,TMA00318,TrpM8,False,False,False,TrpM8
bkigabld-1,TMA00318,TrpM8,False,False,False,TrpM8
bkioldki-1,TMA00318,CGRP-Epsilion,False,False,False,CGRP-Epsilion
bkipcggd-1,TMA00318,C-LTMR,False,False,False,C-LTMR
bkjbhnha-1,TMA00318,CGRP-Theta,False,False,False,CGRP-Theta
bkjmogkg-1,TMA00318,TrpM8,False,False,False,TrpM8
bkjojdng-1,TMA00318,C-LTMR,False,False,False,C-LTMR
bkkaffhh-1,TMA00318,C-LTMR,False,False,False,C-LTMR
bkkbafib-1,TMA00318,TrpM8,False,False,False,TrpM8
bkkbanop-1,TMA00318,TrpM8,False,False,False,TrpM8
bkkdleaf-1,TMA00318,CGRP-Theta,False,False,False,CGRP-Theta
bkkdmonf-1,TMA00318,CGRP-Gamma 1,False,False,False,CGRP-Gamma 1
bkkdnpag-1,TMA00318,Nonpeptidergic nociceptors,False,False,False,Nonpeptidergic nociceptors
bkkkfpcn-1,TMA00318,C-LTMR,False,False,False,C-LTMR
bkkkpjho-1,TMA00318,Nonpeptidergic nociceptors,False,False,False,Nonpeptidergic nociceptors
bkklahod-1,TMA00318,TrpM8,False,False,False,TrpM8
bkklhmpd-1,TMA00318,Nonpeptidergic nociceptors,False,False,False,Nonpeptidergic nociceptors
bkkmlidn-1,TMA00318,Nonpeptidergic nociceptors,False,False,False,Nonpeptidergic nociceptors
bkkonpna-1,TMA00318,CGRP-Eta,False,False,False,CGRP-Eta
bklaaafd-1,TMA00318,Proprioceptors,False,False,False,Proprioceptors
bklbfjdh-1,TMA00318,CGRP-Eta,False,False,False,CGRP-Eta
bkldpmeg-1,TMA00318,Nonpeptidergic nociceptors,False,False,False,Nonpeptidergic nociceptors
bklfhaoe-1,TMA00318,CGRP-Eta,False,False,False,CGRP-Eta
bklficgk-1,TMA00318,CGRP-Eta,False,False,False,CGRP-Eta
bklhhlfj-1,TMA00318,C-LTMR,False,False,False,C-LTMR
bkligdgm-1,TMA00318,CGRP-Alpha,False,False,False,CGRP-Alpha
bklpapem-1,TMA00318,CGRP-Beta,False,False,False,CGRP-Beta
bknafnlk-1,TMA00318,CGRP-Eta,False,False,False,CGRP-Eta
bkneogcp-1,TMA00318,Nonpeptidergic nociceptors,False,False,False,Nonpeptidergic nociceptors
bkngbhpn-1,TMA00318,TrpM8,False,False,False,TrpM8
bknggiak-1,TMA00318,Nonpeptidergic nociceptors,False,False,False,Nonpeptidergic nociceptors
bknhjcpe-1,TMA00318,TrpM8,False,False,False,TrpM8
bknllckd-1,TMA00318,TrpM8,False,False,False,TrpM8
bknnglnd-1,TMA00318,TrpM8,False,False,False,TrpM8
bknpekoo-1,TMA00318,Proprioceptors,False,False,False,Proprioceptors
bkofnffn-1,TMA00318,Abeta-RA-LTMR,False,False,False,Abeta-RA-LTMR
bkojifah-1,TMA00318,Abeta-RA-LTMR,False,False,False,Abeta-RA-LTMR
bkpefdki-1,TMA00318,CGRP-Eta,False,False,False,CGRP-Eta
bkphlodh-1,TMA00318,CGRP-Epsilion,False,False,False,CGRP-Epsilion
bkphnnbe-1,TMA00318,Nonpeptidergic nociceptors,False,False,False,Nonpeptidergic nociceptors
bkpndjcj-1,TMA00318,Proprioceptors,False,False,False,Proprioceptors
bkpnjijl-1,TMA00318,C-LTMR,False,False,False,C-LTMR
blabahoj-1,TMA00318,CGRP-Eta,False,False,False,CGRP-Eta
blafknoa-1,TMA00318,CGRP-Gamma 1,False,False,False,CGRP-Gamma 1
blafnpeo-1,TMA00318,Nonpeptidergic nociceptors,False,False,False,Nonpeptidergic nociceptors
blafpkgi-1,TMA00318,Nonpeptidergic nociceptors,False,False,False,Nonpeptidergic nociceptors
blakfibh-1,TMA00318,TrpM8,False,False,False,TrpM8
blbbknca-1,TMA00318,C-LTMR,False,False,False,C-LTMR
blbhnnji-1,TMA00318,Nonpeptidergic nociceptors,False,False,False,Nonpeptidergic nociceptors
blbnigpl-1,TMA00318,CGRP-Eta,False,False,False,CGRP-Eta
blboomaj-1,TMA00318,CGRP-Eta,False,False,False,CGRP-Eta
blcenngg-1,TMA00318,Abeta-RA-LTMR,False,False,False,Abeta-RA-LTMR
blcfkiok-1,TMA00318,C-LTMR,False,False,False,C-LTMR
blcggmad-1,TMA00318,C-LTMR,False,False,False,C-LTMR
blcgnkgp-1,TMA00318,Abeta-RA-LTMR,False,False,False,Abeta-RA-LTMR
blckbpnk-1,TMA00318,CGRP-Eta,False,False,False,CGRP-Eta
blcpjhgd-1,TMA00318,Proprioceptors,False,False,False,Proprioceptors
bldcgibe-1,TMA00318,Nonpeptidergic nociceptors,False,False,False,Nonpeptidergic nociceptors
bldepjmc-1,TMA00318,Proprioceptors,False,False,False,Proprioceptors
bldinkba-1,TMA00318,Proprioceptors,False,False,False,Proprioceptors
bldkhheo-1,TMA00318,Proprioceptors,False,False,False,Proprioceptors
bldlammd-1,TMA00318,CGRP-Eta,False,False,False,CGRP-Eta
bldlldbj-1,TMA00318,Proprioceptors,False,False,False,Proprioceptors
bldngdbh-1,TMA00318,CGRP-Eta,False,False,False,CGRP-Eta
bldoilpp-1,TMA00318,CGRP-Eta,False,False,False,CGRP-Eta
bleebfed-1,TMA00318,TrpM8,False,False,False,TrpM8
blegffgf-1,TMA00318,Abeta-RA-LTMR,False,False,False,Abeta-RA-LTMR
blejcajd-1,TMA00318,TrpM8,False,False,False,TrpM8
blejebaf-1,TMA00318,Nonpeptidergic nociceptors,False,False,False,Nonpeptidergic nociceptors
blekmmce-1,TMA00318,TrpM8,False,False,False,TrpM8
blekmmdj-1,TMA00318,TrpM8,False,False,False,TrpM8
blelpmgh-1,TMA00318,CGRP-Eta,False,False,False,CGRP-Eta
blemhani-1,TMA00318,Proprioceptors,False,False,False,Proprioceptors
blepbnij-1,TMA00318,TrpM8,False,False,False,TrpM8
blepenkn-1,TMA00318,C-LTMR,False,False,False,C-LTMR
blfjnicc-1,TMA00318,Nonpeptidergic nociceptors,False,False,False,Nonpeptidergic nociceptors
blflegdo-1,TMA00318,CGRP-Alpha,False,False,False,CGRP-Alpha
blfnbolm-1,TMA00318,C-LTMR,False,False,False,C-LTMR
blfnidoi-1,TMA00318,C-LTMR,False,False,False,C-LTMR
blfoifdl-1,TMA00318,TrpM8,False,False,False,TrpM8
blgfbpfj-1,TMA00318,C-LTMR,False,False,False,C-LTMR
blgjcjlo-1,TMA00318,TrpM8,False,False,False,TrpM8
blhbkiig-1,TMA00318,CGRP-Eta,False,False,False,CGRP-Eta
blhcnhik-1,TMA00318,Sst,False,False,False,Sst
blhdeojm-1,TMA00318,C-LTMR,False,False,False,C-LTMR
blhgajhg-1,TMA00318,CGRP-Eta,False,False,False,CGRP-Eta
blhiaimb-1,TMA00318,Abeta-RA-LTMR,False,False,False,Abeta-RA-LTMR
blhijcfp-1,TMA00318,Nonpeptidergic nociceptors,False,False,False,Nonpeptidergic nociceptors
blhljboc-1,TMA00318,Abeta-RA-LTMR,False,False,False,Abeta-RA-LTMR
blhmikpn-1,TMA00318,Abeta-Field,False,False,False,Abeta-Field
blhnggoc-1,TMA00318,CGRP-Gamma 2,False,True,False,CGRP-Gamma 2
blhpbake-1,TMA00318,CGRP-Gamma 1,False,False,False,CGRP-Gamma 1
blijmhhh-1,TMA00318,Abeta-RA-LTMR,False,False,False,Abeta-RA-LTMR
blikenhe-1,TMA00318,CGRP-Zeta,False,False,False,CGRP-Zeta
bliknlea-1,TMA00318,CGRP-Gamma 2,False,False,False,CGRP-Gamma 2
blipclpo-1,TMA00318,Abeta-RA-LTMR,False,False,False,Abeta-RA-LTMR
bljccolf-1,TMA00318,CGRP-Gamma 1,False,False,False,CGRP-Gamma 1
bljfejci-1,TMA00318,CGRP-Eta,False,False,False,CGRP-Eta
bljhgkdi-1,TMA00318,CGRP-Zeta,False,False,False,CGRP-Zeta
bllddnbm-1,TMA00318,Nonpeptidergic nociceptors,False,False,False,Nonpeptidergic nociceptors
bllgkppl-1,TMA00318,Abeta-RA-LTMR,False,False,False,Abeta-RA-LTMR
bllgmpil-1,TMA00318,CGRP-Alpha,False,False,False,CGRP-Alpha
blljlgpc-1,TMA00318,Nonpeptidergic nociceptors,False,False,False,Nonpeptidergic nociceptors
blljmalh-1,TMA00318,Nonpeptidergic nociceptors,False,False,False,Nonpeptidergic nociceptors
bllmjhcc-1,TMA00318,CGRP-Eta,False,False,False,CGRP-Eta
blmafjdl-1,TMA00318,Abeta-Field,False,False,False,Abeta-Field
blojollh-1,TMA00318,TrpM8,False,False,False,TrpM8
blpbcabf-1,TMA00318,CGRP-Eta,False,False,False,CGRP-Eta
blpemhed-1,TMA00318,CGRP-Zeta,False,False,False,CGRP-Zeta
blpjmboc-1,TMA00318,CGRP-Theta,False,False,False,CGRP-Theta
bmadncmp-1,TMA00318,CGRP-Gamma 1,False,False,False,CGRP-Gamma 1
bmaeneji-1,TMA00318,Nonpeptidergic nociceptors,False,False,False,Nonpeptidergic nociceptors
bmafalkj-1,TMA00318,Abeta-Field,False,False,False,Abeta-Field
bmahpffd-1,TMA00318,Abeta-Field,False,False,False,Abeta-Field
bmajeadi-1,TMA00318,CGRP-Gamma 1,False,False,False,CGRP-Gamma 1
bmamldff-1,TMA00318,CGRP-Eta,False,False,False,CGRP-Eta
bmaooije-1,TMA00318,CGRP-Eta,False,False,False,CGRP-Eta
bmapjfcd-1,TMA00318,CGRP-Zeta,False,False,False,CGRP-Zeta
bmbagadp-1,TMA00318,TrpM8,False,False,False,TrpM8
bmbcbimd-1,TMA00318,Nonpeptidergic nociceptors,False,False,False,Nonpeptidergic nociceptors
bmbccnhl-1,TMA00318,CGRP-Eta,False,False,False,CGRP-Eta
bmbcknad-1,TMA00318,TrpM8,False,False,False,TrpM8
bmbdibog-1,TMA00318,CGRP-Eta,False,False,False,CGRP-Eta
bmbfcfmp-1,TMA00318,CGRP-Eta,False,False,False,CGRP-Eta
bmbfcjab-1,TMA00318,CGRP-Gamma 1,False,False,False,CGRP-Gamma 1
bmbhhomg-1,TMA00318,Abeta-RA-LTMR,False,False,False,Abeta-RA-LTMR
bmccjmjk-1,TMA00318,Proprioceptors,False,True,False,Proprioceptors
bmcliaea-1,TMA00318,Abeta-RA-LTMR,False,False,False,Abeta-RA-LTMR
bmcniipj-1,TMA00318,Adelta-LTMR,False,False,False,Adelta-LTMR
bmcompak-1,TMA00318,C-LTMR,False,False,False,C-LTMR
bmdajnnl-1,TMA00318,Adelta-LTMR,False,False,False,Adelta-LTMR
bmdbalgo-1,TMA00318,CGRP-Alpha,False,False,False,CGRP-Alpha
bmdpkaam-1,TMA00318,CGRP-Gamma 1,False,False,False,CGRP-Gamma 1
bmebjdep-1,TMA00318,Abeta-RA-LTMR,False,False,False,Abeta-RA-LTMR
bmediaic-1,TMA00318,C-LTMR,False,False,False,C-LTMR
bmeecnje-1,TMA00318,CGRP-Theta,False,False,False,CGRP-Theta
bmekmmhg-1,TMA00318,Abeta-RA-LTMR,False,False,False,Abeta-RA-LTMR
bmeomclj-1,TMA00318,Nonpeptidergic nociceptors,False,False,False,Nonpeptidergic nociceptors
bmkdnalo-1,TMA00318,Nonpeptidergic nociceptors,False,False,False,Nonpeptidergic nociceptors
bmkkcfgg-1,TMA00318,Proprioceptors,False,False,False,Proprioceptors
bmlfkigj-1,TMA00318,Abeta-RA-LTMR,False,False,False,Abeta-RA-LTMR
bmnggmpf-1,TMA00318,Proprioceptors,False,False,False,Proprioceptors
bmnkaaad-1,TMA00318,Abeta-Field,False,False,False,Abeta-Field
bmnlgdhh-1,TMA00318,Nonpeptidergic nociceptors,False,False,False,Nonpeptidergic nociceptors
bmobmdnm-1,TMA00318,Nonpeptidergic nociceptors,False,False,False,Nonpeptidergic nociceptors
bmodlffm-1,TMA00318,Nonpeptidergic nociceptors,False,False,False,Nonpeptidergic nociceptors
bnaeigek-1,TMA00318,Nonpeptidergic nociceptors,False,False,False,Nonpeptidergic nociceptors
bnagdada-1,TMA00318,CGRP-Theta,False,False,False,CGRP-Theta
bndgipog-1,TMA00318,Abeta-Field,False,False,False,Abeta-Field
bndkopdm-1,TMA00318,CGRP-Epsilion,False,False,False,CGRP-Epsilion
bndndbbh-1,TMA00318,CGRP-Epsilion,False,False,False,CGRP-Epsilion
bnecpbdi-1,TMA00318,C-LTMR,False,False,False,C-LTMR
bnpfplgi-1,TMA00318,Nonpeptidergic nociceptors,False,False,False,Nonpeptidergic nociceptors
bofaoggn-1,TMA00318,CGRP-Epsilion,False,False,False,CGRP-Epsilion
bofgfjgb-1,TMA00318,CGRP-Zeta,False,False,False,CGRP-Zeta
bofioged-1,TMA00318,CGRP-Zeta,False,False,False,CGRP-Zeta
bogibgkg-1,TMA00318,Nonpeptidergic nociceptors,False,False,False,Nonpeptidergic nociceptors
bogijoii-1,TMA00318,Nonpeptidergic nociceptors,False,False,False,Nonpeptidergic nociceptors
bogmcpoh-1,TMA00318,Proprioceptors,False,False,False,Proprioceptors
bogoopgi-1,TMA00318,CGRP-Zeta,False,False,False,CGRP-Zeta
bohkelje-1,TMA00318,Nonpeptidergic nociceptors,False,False,False,Nonpeptidergic nociceptors
cafgmkkf-1,TMA00318,CGRP-Eta,False,False,False,CGRP-Eta
cafoggam-1,TMA00318,CGRP-Eta,False,False,False,CGRP-Eta
cafopdff-1,TMA00318,Nonpeptidergic nociceptors,False,False,False,Nonpeptidergic nociceptors
cagojceg-1,TMA00318,Nonpeptidergic nociceptors,False,False,False,Nonpeptidergic nociceptors
cagpmhbl-1,TMA00318,Sst,False,False,False,Sst
cahdffdj-1,TMA00318,TrpM8,False,False,False,TrpM8
cahmdiph-1,TMA00318,Adelta-LTMR,False,False,False,Adelta-LTMR
cahnanja-1,TMA00318,Nonpeptidergic nociceptors,False,False,False,Nonpeptidergic nociceptors
caiebacl-1,TMA00318,CGRP-Alpha,False,False,False,CGRP-Alpha
caignpmj-1,TMA00318,CGRP-Eta,False,False,False,CGRP-Eta
caimngom-1,TMA00318,Nonpeptidergic nociceptors,False,False,False,Nonpeptidergic nociceptors
cainmagl-1,TMA00318,CGRP-Eta,False,False,False,CGRP-Eta
caipnika-1,TMA00318,Nonpeptidergic nociceptors,False,False,False,Nonpeptidergic nociceptors
cajceieo-1,TMA00318,CGRP-Alpha,False,False,False,CGRP-Alpha
cajeilbg-1,TMA00318,Nonpeptidergic nociceptors,False,False,False,Nonpeptidergic nociceptors
cajidhgg-1,TMA00318,C-LTMR,False,False,False,C-LTMR
cajljohk-1,TMA00318,CGRP-Theta,False,False,False,CGRP-Theta
cakckeph-1,TMA00318,C-LTMR,False,False,False,C-LTMR
cakdinge-1,TMA00318,C-LTMR,False,False,False,C-LTMR
cakjdkdg-1,TMA00318,Proprioceptors,False,False,False,Proprioceptors
caklhoeo-1,TMA00318,Nonpeptidergic nociceptors,False,False,False,Nonpeptidergic nociceptors
camcolmi-1,TMA00318,CGRP-Theta,False,False,False,CGRP-Theta
caminjdl-1,TMA00318,Proprioceptors,False,False,False,Proprioceptors
canidggc-1,TMA00318,Proprioceptors,False,False,False,Proprioceptors
caodinjb-1,TMA00318,TrpM8,False,False,False,TrpM8
caohibkn-1,TMA00318,Nonpeptidergic nociceptors,False,False,False,Nonpeptidergic nociceptors
caohppbi-1,TMA00318,CGRP-Zeta,False,False,False,CGRP-Zeta
capjofjo-1,TMA00318,Nonpeptidergic nociceptors,False,False,False,Nonpeptidergic nociceptors
cbaamcol-1,TMA00318,Proprioceptors,False,False,False,Proprioceptors
cbbkpmie-1,TMA00318,Nonpeptidergic nociceptors,False,False,False,Nonpeptidergic nociceptors
cbddjkeo-1,TMA00318,CGRP-Theta,False,False,False,CGRP-Theta
cbdjfeol-1,TMA00318,CGRP-Theta,False,False,False,CGRP-Theta
cbdkmecm-1,TMA00318,Nonpeptidergic nociceptors,False,False,False,Nonpeptidergic nociceptors
cbdnklhi-1,TMA00318,Sst,False,False,False,Sst
cbdnpjdd-1,TMA00318,Sst,False,False,False,Sst
cbeebdmn-1,TMA00318,Nonpeptidergic nociceptors,False,False,False,Nonpeptidergic nociceptors
cbehlack-1,TMA00318,Nonpeptidergic nociceptors,False,False,False,Nonpeptidergic nociceptors
cbeiahdp-1,TMA00318,Nonpeptidergic nociceptors,False,False,False,Nonpeptidergic nociceptors
cbflgbam-1,TMA00318,Nonpeptidergic nociceptors,False,False,False,Nonpeptidergic nociceptors
cbgfcjdh-1,TMA00318,Nonpeptidergic nociceptors,False,False,False,Nonpeptidergic nociceptors
cbggppoi-1,TMA00318,Abeta-RA-LTMR,False,False,False,Abeta-RA-LTMR
cbghkepn-1,TMA00318,Proprioceptors,False,False,False,Proprioceptors
cbhbhaik-1,TMA00318,Abeta-RA-LTMR,False,False,False,Abeta-RA-LTMR
cbhlfiof-1,TMA00318,Proprioceptors,False,False,False,Proprioceptors
cbiapfoe-1,TMA00318,Sst,False,False,False,Sst
cbicohog-1,TMA00318,Nonpeptidergic nociceptors,False,False,False,Nonpeptidergic nociceptors
cbjbifbg-1,TMA00318,CGRP-Theta,False,False,False,CGRP-Theta
cbkgdhoi-1,TMA00318,CGRP-Alpha,False,False,False,CGRP-Alpha
cblcacco-1,TMA00318,CGRP-Gamma 1,False,False,False,CGRP-Gamma 1
cbldngea-1,TMA00318,CGRP-Alpha,False,False,False,CGRP-Alpha
cblkejmp-1,TMA00318,CGRP-Theta,False,False,False,CGRP-Theta
cblockge-1,TMA00318,CGRP-Theta,False,False,False,CGRP-Theta
cblpbien-1,TMA00318,CGRP-Eta,False,False,False,CGRP-Eta
cbmdeheh-1,TMA00318,CGRP-Eta,False,False,False,CGRP-Eta
cbmegakc-1,TMA00318,CGRP-Eta,False,False,False,CGRP-Eta
cboeodig-1,TMA00318,Proprioceptors,False,False,False,Proprioceptors
cbohkjlh-1,TMA00318,CGRP-Theta,False,False,False,CGRP-Theta
cbpelfjh-1,TMA00318,TrpM8,False,False,False,TrpM8
cbpfknnl-1,TMA00318,Nonpeptidergic nociceptors,False,False,False,Nonpeptidergic nociceptors
cbpkmpho-1,TMA00318,Sst,False,False,False,Sst
cbplfbka-1,TMA00318,Nonpeptidergic nociceptors,False,False,False,Nonpeptidergic nociceptors
cbpomdbn-1,TMA00318,Nonpeptidergic nociceptors,False,False,False,Nonpeptidergic nociceptors
ccaibcoc-1,TMA00318,CGRP-Eta,False,False,False,CGRP-Eta
ccamagfn-1,TMA00318,Sst,False,False,False,Sst
ccandcpl-1,TMA00318,Sst,False,False,False,Sst
ccbcjhek-1,TMA00318,Nonpeptidergic nociceptors,False,False,False,Nonpeptidergic nociceptors
ccbljinl-1,TMA00318,Nonpeptidergic nociceptors,False,False,False,Nonpeptidergic nociceptors
cccafncm-1,TMA00318,Sst,False,False,False,Sst
cccanhap-1,TMA00318,CGRP-Epsilion,False,False,False,CGRP-Epsilion
ccccnjgi-1,TMA00318,CGRP-Epsilion,False,False,False,CGRP-Epsilion
ccccpifp-1,TMA00318,Abeta-Field,False,False,False,Abeta-Field
ccdbbcbf-1,TMA00318,Sst,False,False,False,Sst
ccdbglfn-1,TMA00318,Nonpeptidergic nociceptors,False,False,False,Nonpeptidergic nociceptors
ccdediec-1,TMA00318,Sst,False,False,False,Sst
ccdkneah-1,TMA00318,Abeta-Field,False,False,False,Abeta-Field
ccdmpedb-1,TMA00318,Nonpeptidergic nociceptors,False,False,False,Nonpeptidergic nociceptors
cceiiihn-1,TMA00318,Nonpeptidergic nociceptors,False,False,False,Nonpeptidergic nociceptors
ccfdjlom-1,TMA00318,TrpM8,False,False,False,TrpM8
ccfelcdp-1,TMA00318,TrpM8,False,False,False,TrpM8
ccfenjml-1,TMA00318,Nonpeptidergic nociceptors,False,False,False,Nonpeptidergic nociceptors
ccffncnk-1,TMA00318,Nonpeptidergic nociceptors,False,False,False,Nonpeptidergic nociceptors
ccfkekke-1,TMA00318,Sst,False,False,False,Sst
ccfmglci-1,TMA00318,Nonpeptidergic nociceptors,False,False,False,Nonpeptidergic nociceptors
ccfollkk-1,TMA00318,Nonpeptidergic nociceptors,False,False,False,Nonpeptidergic nociceptors
ccgbghhg-1,TMA00318,Sst,False,False,False,Sst
ccgmhbnb-1,TMA00318,Nonpeptidergic nociceptors,False,False,False,Nonpeptidergic nociceptors
ccgmklab-1,TMA00318,Nonpeptidergic nociceptors,False,False,False,Nonpeptidergic nociceptors
cchbbjkf-1,TMA00318,Nonpeptidergic nociceptors,False,False,False,Nonpeptidergic nociceptors
cchcjalb-1,TMA00318,Nonpeptidergic nociceptors,False,False,False,Nonpeptidergic nociceptors
cchdanoc-1,TMA00318,C-LTMR,False,False,False,C-LTMR
cchdpdhi-1,TMA00318,Abeta-RA-LTMR,False,False,False,Abeta-RA-LTMR
cchgcheh-1,TMA00318,Abeta-RA-LTMR,False,False,False,Abeta-RA-LTMR
cchjkcfa-1,TMA00318,Nonpeptidergic nociceptors,False,False,False,Nonpeptidergic nociceptors
cchmanpm-1,TMA00318,Nonpeptidergic nociceptors,False,False,False,Nonpeptidergic nociceptors
ccjimhbp-1,TMA00318,CGRP-Eta,False,False,False,CGRP-Eta
cckcdnkb-1,TMA00318,CGRP-Alpha,False,False,False,CGRP-Alpha
cckdpcpk-1,TMA00318,Sst,False,False,False,Sst
cckhohbh-1,TMA00318,Nonpeptidergic nociceptors,False,False,False,Nonpeptidergic nociceptors
ccleaeii-1,TMA00318,Nonpeptidergic nociceptors,False,False,False,Nonpeptidergic nociceptors
ccloajan-1,TMA00318,CGRP-Epsilion,False,False,False,CGRP-Epsilion
ccneldda-1,TMA00318,Sst,False,False,False,Sst
ccnhglfm-1,TMA00318,Sst,False,False,False,Sst
ccnjfcfc-1,TMA00318,C-LTMR,False,False,False,C-LTMR
ccnjlhdf-1,TMA00318,Nonpeptidergic nociceptors,False,False,False,Nonpeptidergic nociceptors
ccnkghhi-1,TMA00318,CGRP-Eta,False,False,False,CGRP-Eta
ccnlahgo-1,TMA00318,CGRP-Eta,False,False,False,CGRP-Eta
ccogncak-1,TMA00318,Nonpeptidergic nociceptors,False,False,False,Nonpeptidergic nociceptors
ccoinfac-1,TMA00318,Nonpeptidergic nociceptors,False,False,False,Nonpeptidergic nociceptors
cconlekp-1,TMA00318,Nonpeptidergic nociceptors,False,False,False,Nonpeptidergic nociceptors
cdahilod-1,TMA00318,C-LTMR,False,False,False,C-LTMR
cdalmkfi-1,TMA00318,Abeta-Field,False,False,False,Abeta-Field
cdhocibk-1,TMA00318,CGRP-Eta,False,False,False,CGRP-Eta
cdjbcnhk-1,TMA00318,CGRP-Theta,False,False,False,CGRP-Theta
cdjhnhkj-1,TMA00318,CGRP-Theta,False,False,False,CGRP-Theta
cdkhlidj-1,TMA00318,Abeta-RA-LTMR,False,False,False,Abeta-RA-LTMR
cdlnnepl-1,TMA00318,CGRP-Theta,False,False,False,CGRP-Theta
cdlogmda-1,TMA00318,Proprioceptors,False,False,False,Proprioceptors
cdmfjahp-1,TMA00318,CGRP-Eta,False,False,False,CGRP-Eta
cdmihemj-1,TMA00318,CGRP-Eta,False,False,False,CGRP-Eta
cdmlachb-1,TMA00318,CGRP-Eta,False,False,False,CGRP-Eta
cdmmcgji-1,TMA00318,CGRP-Eta,False,False,False,CGRP-Eta
cdnaengp-1,TMA00318,CGRP-Zeta,False,False,False,CGRP-Zeta
cdnahhco-1,TMA00318,CGRP-Zeta,False,False,False,CGRP-Zeta
cdndodgp-1,TMA00318,CGRP-Theta,False,False,False,CGRP-Theta
cdnebgpo-1,TMA00318,C-LTMR,False,False,False,C-LTMR
cdnokenj-1,TMA00318,CGRP-Zeta,False,False,False,CGRP-Zeta
cdofdcbl-1,TMA00318,CGRP-Eta,False,False,False,CGRP-Eta
cdogodej-1,TMA00318,Nonpeptidergic nociceptors,False,False,False,Nonpeptidergic nociceptors
cdokdlbe-1,TMA00318,Nonpeptidergic nociceptors,False,False,False,Nonpeptidergic nociceptors
cdoojgoi-1,TMA00318,Nonpeptidergic nociceptors,False,False,False,Nonpeptidergic nociceptors
cdpfhfpj-1,TMA00318,Abeta-Field,False,False,False,Abeta-Field
ceaaelml-1,TMA00318,Nonpeptidergic nociceptors,False,False,False,Nonpeptidergic nociceptors
ceaggboe-1,TMA00318,Abeta-Field,False,False,False,Abeta-Field
ceanmdnd-1,TMA00318,Abeta-Field,False,False,False,Abeta-Field
cechbefg-1,TMA00318,CGRP-Gamma 1,False,False,False,CGRP-Gamma 1
ceconand-1,TMA00318,CGRP-Gamma 1,False,False,False,CGRP-Gamma 1
ceejgemb-1,TMA00318,CGRP-Gamma 1,False,False,False,CGRP-Gamma 1
ceekahpa-1,TMA00318,CGRP-Gamma 1,False,False,False,CGRP-Gamma 1
cefcejgb-1,TMA00318,CGRP-Eta,False,False,False,CGRP-Eta
cefflghh-1,TMA00318,CGRP-Gamma 1,False,False,False,CGRP-Gamma 1
cefhjmkl-1,TMA00318,CGRP-Gamma 1,False,True,False,CGRP-Gamma 1
cefkbooa-1,TMA00318,Nonpeptidergic nociceptors,False,False,False,Nonpeptidergic nociceptors
cefmbnin-1,TMA00318,CGRP-Gamma 1,False,False,False,CGRP-Gamma 1
cefmfpod-1,TMA00318,CGRP-Gamma 1,False,False,False,CGRP-Gamma 1
cegdnahn-1,TMA00318,CGRP-Zeta,False,False,False,CGRP-Zeta
cegfnnee-1,TMA00318,Nonpeptidergic nociceptors,False,False,False,Nonpeptidergic nociceptors
ceghbpgi-1,TMA00318,Nonpeptidergic nociceptors,False,False,False,Nonpeptidergic nociceptors
ceghgbpf-1,TMA00318,Nonpeptidergic nociceptors,False,False,False,Nonpeptidergic nociceptors
cegkaogf-1,TMA00318,Nonpeptidergic nociceptors,False,False,False,Nonpeptidergic nociceptors
cegpidag-1,TMA00318,CGRP-Theta,False,False,False,CGRP-Theta
cehlkmjm-1,TMA00318,CGRP-Gamma 1,False,False,False,CGRP-Gamma 1
ceifngmo-1,TMA00318,CGRP-Gamma 1,False,False,False,CGRP-Gamma 1
ceilngap-1,TMA00318,Nonpeptidergic nociceptors,False,False,False,Nonpeptidergic nociceptors
ceinplof-1,TMA00318,Nonpeptidergic nociceptors,False,False,False,Nonpeptidergic nociceptors
ceiplhea-1,TMA00318,Nonpeptidergic nociceptors,False,False,False,Nonpeptidergic nociceptors
cejhehni-1,TMA00318,Nonpeptidergic nociceptors,False,False,False,Nonpeptidergic nociceptors
cekkapje-1,TMA00318,CGRP-Eta,False,False,False,CGRP-Eta
cengkjkm-1,TMA00318,CGRP-Gamma 1,False,False,False,CGRP-Gamma 1
cenkalkf-1,TMA00318,CGRP-Eta,False,False,False,CGRP-Eta
cenlhiof-1,TMA00318,Sst,False,False,False,Sst
ceonekkm-1,TMA00318,CGRP-Theta,False,False,False,CGRP-Theta
cepejlcp-1,TMA00318,CGRP-Gamma 1,False,False,False,CGRP-Gamma 1
cephhhml-1,TMA00318,CGRP-Theta,False,False,False,CGRP-Theta
ceplohmp-1,TMA00318,CGRP-Theta,False,False,False,CGRP-Theta
cfaokngd-1,TMA00318,Abeta-RA-LTMR,False,False,False,Abeta-RA-LTMR
cfbjdjoo-1,TMA00318,TrpM8,False,False,False,TrpM8
cfcdafip-1,TMA00318,CGRP-Eta,False,False,False,CGRP-Eta
cfcecmgm-1,TMA00318,Nonpeptidergic nociceptors,False,False,False,Nonpeptidergic nociceptors
cfcilhmh-1,TMA00318,Nonpeptidergic nociceptors,False,False,False,Nonpeptidergic nociceptors
cfclehnd-1,TMA00318,CGRP-Zeta,False,False,False,CGRP-Zeta
cfdgoafo-1,TMA00318,Abeta-RA-LTMR,False,False,False,Abeta-RA-LTMR
cfdkolnl-1,TMA00318,Abeta-Field,False,False,False,Abeta-Field
cfdnhnhm-1,TMA00318,Abeta-RA-LTMR,False,False,False,Abeta-RA-LTMR
cfehfngg-1,TMA00318,Abeta-RA-LTMR,False,False,False,Abeta-RA-LTMR
cfemlpgd-1,TMA00318,CGRP-Eta,False,False,False,CGRP-Eta
cffcikgo-1,TMA00318,CGRP-Zeta,False,False,False,CGRP-Zeta
cfgfkhei-1,TMA00318,TrpM8,False,False,False,TrpM8
cfghhaka-1,TMA00318,CGRP-Gamma 1,False,False,False,CGRP-Gamma 1
cfhiocao-1,TMA00318,CGRP-Gamma 2,False,False,False,CGRP-Gamma 2
cfhkopim-1,TMA00318,CGRP-Gamma 2,False,False,False,CGRP-Gamma 2
cfibnaoe-1,TMA00318,CGRP-Gamma 2,False,False,False,CGRP-Gamma 2
cfikmjli-1,TMA00318,CGRP-Gamma 2,False,False,False,CGRP-Gamma 2
cfioaeka-1,TMA00318,CGRP-Gamma 1,False,False,False,CGRP-Gamma 1
cfjcpmbo-1,TMA00318,C-LTMR,False,False,False,C-LTMR
cfjddibk-1,TMA00318,C-LTMR,False,False,False,C-LTMR
cfjemldn-1,TMA00318,Nonpeptidergic nociceptors,False,False,False,Nonpeptidergic nociceptors
cfjiiojj-1,TMA00318,Nonpeptidergic nociceptors,False,False,False,Nonpeptidergic nociceptors
cfjkoich-1,TMA00318,Nonpeptidergic nociceptors,False,False,False,Nonpeptidergic nociceptors
cfjkpghh-1,TMA00318,Nonpeptidergic nociceptors,False,False,False,Nonpeptidergic nociceptors
cfkbjfkp-1,TMA00318,CGRP-Gamma 1,False,False,False,CGRP-Gamma 1
cfkimhmm-1,TMA00318,Sst,False,False,False,Sst
cfkmdphh-1,TMA00318,CGRP-Gamma 1,False,False,False,CGRP-Gamma 1
cfljbhea-1,TMA00318,Sst,False,False,False,Sst
cflmalmn-1,TMA00318,CGRP-Theta,False,False,False,CGRP-Theta
cflmkhdf-1,TMA00318,CGRP-Gamma 1,False,False,False,CGRP-Gamma 1
cflmmilb-1,TMA00318,Sst,False,False,False,Sst
cflohbpo-1,TMA00318,CGRP-Gamma 1,False,False,False,CGRP-Gamma 1
cfmbnlce-1,TMA00318,CGRP-Eta,False,False,False,CGRP-Eta
cfmboklh-1,TMA00318,CGRP-Gamma 1,False,False,False,CGRP-Gamma 1
cfmcfpbm-1,TMA00318,CGRP-Gamma 1,False,False,False,CGRP-Gamma 1
cfmhpfel-1,TMA00318,CGRP-Gamma 1,False,False,False,CGRP-Gamma 1
cfminodp-1,TMA00318,TrpM8,False,False,False,TrpM8
cfmjilkb-1,TMA00318,CGRP-Alpha,False,False,False,CGRP-Alpha
cfmpgmbl-1,TMA00318,CGRP-Gamma 1,False,False,False,CGRP-Gamma 1
cfneodkk-1,TMA00318,CGRP-Gamma 1,False,False,False,CGRP-Gamma 1
cfngddki-1,TMA00318,CGRP-Gamma 1,False,False,False,CGRP-Gamma 1
cfngfhfh-1,TMA00318,CGRP-Alpha,False,False,False,CGRP-Alpha
cfnhahck-1,TMA00318,Sst,False,False,False,Sst
cfnjmmmc-1,TMA00318,Nonpeptidergic nociceptors,False,False,False,Nonpeptidergic nociceptors
cfnmkcia-1,TMA00318,CGRP-Alpha,False,False,False,CGRP-Alpha
cfojbeed-1,TMA00318,CGRP-Gamma 1,False,False,False,CGRP-Gamma 1
cfpdhjap-1,TMA00318,CGRP-Gamma 1,False,False,False,CGRP-Gamma 1
cfphjdld-1,TMA00318,CGRP-Gamma 1,False,False,False,CGRP-Gamma 1
cgaknooo-1,TMA00318,CGRP-Gamma 1,False,False,False,CGRP-Gamma 1
cgefhbdc-1,TMA00318,CGRP-Gamma 2,False,False,False,CGRP-Gamma 2
cgehgpmg-1,TMA00318,Sst,False,False,False,Sst
cgeocphd-1,TMA00318,CGRP-Gamma 1,False,False,False,CGRP-Gamma 1
cgfbnioc-1,TMA00318,CGRP-Alpha,False,False,False,CGRP-Alpha
cgfhccbf-1,TMA00318,CGRP-Gamma 1,False,False,False,CGRP-Gamma 1
cgfiipjk-1,TMA00318,CGRP-Gamma 1,False,False,False,CGRP-Gamma 1
cggbjfmo-1,TMA00318,TrpM8,False,False,False,TrpM8
cggdddap-1,TMA00318,CGRP-Gamma 1,False,False,False,CGRP-Gamma 1
cggndmfp-1,TMA00318,CGRP-Eta,False,False,False,CGRP-Eta
cggnijcm-1,TMA00318,Sst,False,False,False,Sst
cghdlcnm-1,TMA00318,C-LTMR,False,False,False,C-LTMR
cgibhkpj-1,TMA00318,Abeta-RA-LTMR,False,False,False,Abeta-RA-LTMR
cgibpmgl-1,TMA00318,CGRP-Gamma 1,False,False,False,CGRP-Gamma 1
cgicppof-1,TMA00318,CGRP-Alpha,False,False,False,CGRP-Alpha
cgieljel-1,TMA00318,Abeta-RA-LTMR,False,False,False,Abeta-RA-LTMR
cgkbkhgd-1,TMA00318,CGRP-Gamma 1,False,False,False,CGRP-Gamma 1
cgkfjbmh-1,TMA00318,CGRP-Gamma 1,False,False,False,CGRP-Gamma 1
cglbmjhe-1,TMA00318,CGRP-Alpha,False,False,False,CGRP-Alpha
cgldgekf-1,TMA00318,CGRP-Alpha,False,False,False,CGRP-Alpha
cglglfme-1,TMA00318,CGRP-Eta,False,False,False,CGRP-Eta
cgmceeib-1,TMA00318,Nonpeptidergic nociceptors,False,False,False,Nonpeptidergic nociceptors
cgmcifib-1,TMA00318,CGRP-Alpha,False,False,False,CGRP-Alpha
cgmcmpie-1,TMA00318,CGRP-Beta,False,False,False,CGRP-Beta
cgmobijk-1,TMA00318,Sst,False,False,False,Sst
cgnblpnc-1,TMA00318,Nonpeptidergic nociceptors,False,False,False,Nonpeptidergic nociceptors
cgnefmkn-1,TMA00318,CGRP-Gamma 1,False,False,False,CGRP-Gamma 1
cgngfnbh-1,TMA00318,CGRP-Alpha,False,False,False,CGRP-Alpha
cgnjefjn-1,TMA00318,CGRP-Gamma 1,False,False,False,CGRP-Gamma 1
cgoahcjf-1,TMA00318,CGRP-Gamma 1,False,False,False,CGRP-Gamma 1
cgpbjlkg-1,TMA00318,CGRP-Gamma 1,False,False,False,CGRP-Gamma 1
cgpcbmfj-1,TMA00318,CGRP-Gamma 1,False,False,False,CGRP-Gamma 1
cgphhikg-1,TMA00318,CGRP-Gamma 1,False,False,False,CGRP-Gamma 1
chanhgkb-1,TMA00318,CGRP-Gamma 1,False,False,False,CGRP-Gamma 1
chaoddcp-1,TMA00318,CGRP-Gamma 1,False,False,False,CGRP-Gamma 1
chbingof-1,TMA00318,CGRP-Gamma 1,False,False,False,CGRP-Gamma 1
chboccoi-1,TMA00318,CGRP-Gamma 1,False,False,False,CGRP-Gamma 1
chdggdfe-1,TMA00318,CGRP-Gamma 1,False,False,False,CGRP-Gamma 1
chdolmcd-1,TMA00318,CGRP-Gamma 1,False,False,False,CGRP-Gamma 1
chdpchel-1,TMA00318,CGRP-Eta,False,False,False,CGRP-Eta
cheheapc-1,TMA00318,CGRP-Gamma 1,False,False,False,CGRP-Gamma 1
chgfbejb-1,TMA00318,Nonpeptidergic nociceptors,False,False,False,Nonpeptidergic nociceptors
chggngoi-1,TMA00318,CGRP-Epsilion,False,False,False,CGRP-Epsilion
chihgbcj-1,TMA00318,C-LTMR,False,False,False,C-LTMR
chihnbcg-1,TMA00318,Sst,False,False,False,Sst
chkblbpo-1,TMA00318,CGRP-Gamma 1,False,False,False,CGRP-Gamma 1
chkklbji-1,TMA00318,CGRP-Zeta,False,False,False,CGRP-Zeta
chlddmgd-1,TMA00318,Nonpeptidergic nociceptors,False,False,False,Nonpeptidergic nociceptors
chljekmb-1,TMA00318,CGRP-Epsilion,False,False,False,CGRP-Epsilion
chlkpagj-1,TMA00318,Abeta-Field,False,False,False,Abeta-Field
chloglee-1,TMA00318,Abeta-RA-LTMR,False,False,False,Abeta-RA-LTMR
choachce-1,TMA00318,CGRP-Gamma 1,False,False,False,CGRP-Gamma 1
choemmom-1,TMA00318,CGRP-Gamma 2,False,False,False,CGRP-Gamma 2
chpbaegk-1,TMA00318,CGRP-Gamma 2,False,False,False,CGRP-Gamma 2
chpglfgn-1,TMA00318,CGRP-Gamma 1,False,False,False,CGRP-Gamma 1
ciagmcfg-1,TMA00318,CGRP-Gamma 2,False,False,False,CGRP-Gamma 2
ciajlocn-1,TMA00318,CGRP-Beta,False,False,False,CGRP-Beta
cibehcco-1,TMA00318,TrpM8,False,False,False,TrpM8
cieenjpp-1,TMA00318,CGRP-Gamma 2,False,False,False,CGRP-Gamma 2
cieeoidn-1,TMA00318,CGRP-Eta,False,False,False,CGRP-Eta
cifcncfg-1,TMA00318,CGRP-Eta,False,False,False,CGRP-Eta
ciheaomo-1,TMA00318,CGRP-Gamma 1,False,False,False,CGRP-Gamma 1
cldamiod-1,TMA00318,Sst,False,False,False,Sst
cleejhcd-1,TMA00318,CGRP-Gamma 1,False,False,False,CGRP-Gamma 1
clhhofme-1,TMA00318,CGRP-Alpha,False,False,False,CGRP-Alpha
clhkljdj-1,TMA00318,CGRP-Gamma 1,False,False,False,CGRP-Gamma 1
clhmofeh-1,TMA00318,CGRP-Gamma 1,False,False,False,CGRP-Gamma 1
coiefobg-1,TMA00318,CGRP-Gamma 1,False,False,False,CGRP-Gamma 1
coihenoa-1,TMA00318,CGRP-Gamma 1,False,False,False,CGRP-Gamma 1
coilkkpj-1,TMA00318,CGRP-Alpha,False,False,False,CGRP-Alpha
cpnccljg-1,TMA00318,CGRP-Gamma 1,False,True,False,CGRP-Gamma 1
cpokeeie-1,TMA00318,Adelta-LTMR,False,False,False,Adelta-LTMR
dadpgcco-1,TMA00318,Nonpeptidergic nociceptors,False,False,False,Nonpeptidergic nociceptors
daeghgom-1,TMA00318,Nonpeptidergic nociceptors,False,False,False,Nonpeptidergic nociceptors
daehjnkk-1,TMA00318,CGRP-Eta,False,False,False,CGRP-Eta
daehoiej-1,TMA00318,CGRP-Gamma 1,False,False,False,CGRP-Gamma 1
daejgioa-1,TMA00318,CGRP-Theta,False,False,False,CGRP-Theta
daejipad-1,TMA00318,CGRP-Alpha,True,False,False,CGRP-Alpha
dajgjomg-1,TMA00318,Proprioceptors,False,False,False,Proprioceptors
dajkconf-1,TMA00318,Nonpeptidergic nociceptors,False,False,False,Nonpeptidergic nociceptors
dajpkbhc-1,TMA00318,Adelta-LTMR,False,False,False,Adelta-LTMR
daokbgpp-1,TMA00318,Proprioceptors,False,False,False,Proprioceptors
daondfap-1,TMA00318,Proprioceptors,False,False,False,Proprioceptors
daopebof-1,TMA00318,CGRP-Gamma 1,False,False,False,CGRP-Gamma 1
dapcflin-1,TMA00318,Nonpeptidergic nociceptors,False,False,False,Nonpeptidergic nociceptors
dapokjco-1,TMA00318,C-LTMR,False,False,False,C-LTMR
dbagilla-1,TMA00318,CGRP-Eta,False,False,False,CGRP-Eta
dbeanfco-1,TMA00318,CGRP-Eta,False,False,False,CGRP-Eta
dbedokjm-1,TMA00318,CGRP-Eta,False,False,False,CGRP-Eta
dbenjjmb-1,TMA00318,CGRP-Eta,False,False,False,CGRP-Eta
dbfganhd-1,TMA00318,CGRP-Eta,False,False,False,CGRP-Eta
dbfjhjch-1,TMA00318,CGRP-Theta,False,False,False,CGRP-Theta
dbfkmpch-1,TMA00318,TrpM8,False,False,False,TrpM8
dbfkofpf-1,TMA00318,CGRP-Beta,False,False,False,CGRP-Beta
dbfmdape-1,TMA00318,CGRP-Gamma 1,False,False,False,CGRP-Gamma 1
dbfmpgnf-1,TMA00318,CGRP-Gamma 1,False,False,False,CGRP-Gamma 1
dbgbabep-1,TMA00318,Sst,False,False,False,Sst
dbgckfmj-1,TMA00318,Sst,False,False,False,Sst
dbgleppg-1,TMA00318,Sst,False,False,False,Sst
dbgofpml-1,TMA00318,CGRP-Gamma 1,False,False,False,CGRP-Gamma 1
dbgomamn-1,TMA00318,CGRP-Gamma 1,False,False,False,CGRP-Gamma 1
dbhbnjdg-1,TMA00318,Sst,False,False,False,Sst
dbhelhkl-1,TMA00318,CGRP-Gamma 2,False,False,False,CGRP-Gamma 2
dbhhhicj-1,TMA00318,Sst,False,False,False,Sst
dbhlgojh-1,TMA00318,CGRP-Gamma 1,False,False,False,CGRP-Gamma 1
dbhpolec-1,TMA00318,CGRP-Gamma 1,False,False,False,CGRP-Gamma 1
dbieejli-1,TMA00318,CGRP-Gamma 1,False,False,False,CGRP-Gamma 1
dbiencdj-1,TMA00318,CGRP-Eta,False,False,False,CGRP-Eta
dbimapch-1,TMA00318,CGRP-Gamma 1,False,False,False,CGRP-Gamma 1
dbinbioe-1,TMA00318,CGRP-Eta,False,False,False,CGRP-Eta
dbjameab-1,TMA00318,CGRP-Gamma 1,False,False,False,CGRP-Gamma 1
dbjciacb-1,TMA00318,CGRP-Gamma 1,False,False,False,CGRP-Gamma 1
dbjgpfil-1,TMA00318,CGRP-Gamma 1,False,False,False,CGRP-Gamma 1
dbkbaedh-1,TMA00318,CGRP-Gamma 1,False,False,False,CGRP-Gamma 1
dbknnoon-1,TMA00318,CGRP-Gamma 1,False,False,False,CGRP-Gamma 1
dblnfaci-1,TMA00318,CGRP-Gamma 1,False,False,False,CGRP-Gamma 1
dbmdlgjd-1,TMA00318,CGRP-Gamma 1,False,False,False,CGRP-Gamma 1
dbmpjcai-1,TMA00318,CGRP-Gamma 1,False,False,False,CGRP-Gamma 1
dbomgkfo-1,TMA00318,Nonpeptidergic nociceptors,False,False,False,Nonpeptidergic nociceptors
dbpmamao-1,TMA00318,CGRP-Beta,False,False,False,CGRP-Beta
dcemnjgn-1,TMA00318,CGRP-Gamma 1,False,False,False,CGRP-Gamma 1
dcfaigji-1,TMA00318,CGRP-Gamma 1,False,False,False,CGRP-Gamma 1
dcfgomip-1,TMA00318,CGRP-Gamma 1,False,False,False,CGRP-Gamma 1
dcfnohof-1,TMA00318,TrpM8,False,False,False,TrpM8
dcgclmck-1,TMA00318,TrpM8,False,False,False,TrpM8
dcgfgfnm-1,TMA00318,CGRP-Gamma 1,False,False,False,CGRP-Gamma 1
dcghdmff-1,TMA00318,TrpM8,False,False,False,TrpM8
dcgnbain-1,TMA00318,CGRP-Gamma 2,False,False,False,CGRP-Gamma 2
dchbeagc-1,TMA00318,CGRP-Gamma 1,False,False,False,CGRP-Gamma 1
dchhfkja-1,TMA00318,CGRP-Gamma 1,False,False,False,CGRP-Gamma 1
dchmmckn-1,TMA00318,Nonpeptidergic nociceptors,False,False,False,Nonpeptidergic nociceptors
dcjcinad-1,TMA00318,CGRP-Eta,False,False,False,CGRP-Eta
ddbpdgck-1,TMA00318,CGRP-Gamma 1,False,False,False,CGRP-Gamma 1
ddfpehkj-1,TMA00318,CGRP-Gamma 1,False,False,False,CGRP-Gamma 1
ddgmobdf-1,TMA00318,CGRP-Gamma 1,False,False,False,CGRP-Gamma 1
ddkhncga-1,TMA00318,CGRP-Theta,False,False,False,CGRP-Theta
ddlgllil-1,TMA00318,CGRP-Alpha,False,False,False,CGRP-Alpha
ddllabaj-1,TMA00318,CGRP-Alpha,False,False,False,CGRP-Alpha
ddlnbdcl-1,TMA00318,CGRP-Gamma 1,False,False,False,CGRP-Gamma 1
ddndnpbk-1,TMA00318,CGRP-Gamma 1,False,False,False,CGRP-Gamma 1
ddobhkgf-1,TMA00318,CGRP-Gamma 1,False,False,False,CGRP-Gamma 1
ddpgchge-1,TMA00318,CGRP-Gamma 1,False,False,False,CGRP-Gamma 1
dedmeabg-1,TMA00318,CGRP-Eta,False,False,False,CGRP-Eta
degbjlmd-1,TMA00318,CGRP-Gamma 1,False,False,False,CGRP-Gamma 1
degckjma-1,TMA00318,CGRP-Eta,False,False,False,CGRP-Eta
deghekfn-1,TMA00318,CGRP-Gamma 1,False,False,False,CGRP-Gamma 1
degkcafj-1,TMA00318,CGRP-Gamma 1,False,False,False,CGRP-Gamma 1
degklafp-1,TMA00318,CGRP-Gamma 1,False,False,False,CGRP-Gamma 1
deglcgeg-1,TMA00318,CGRP-Gamma 1,False,False,False,CGRP-Gamma 1
dehaajeg-1,TMA00318,CGRP-Eta,False,False,False,CGRP-Eta
deiokmii-1,TMA00318,CGRP-Gamma 1,False,False,False,CGRP-Gamma 1
denbdnee-1,TMA00318,Nonpeptidergic nociceptors,False,False,False,Nonpeptidergic nociceptors
dendkhgk-1,TMA00318,Adelta-LTMR,False,False,False,Adelta-LTMR
denjkpbf-1,TMA00318,Abeta-RA-LTMR,False,False,False,Abeta-RA-LTMR
deoeglmk-1,TMA00318,Abeta-Field,False,False,False,Abeta-Field
dfnipjap-1,TMA00318,Nonpeptidergic nociceptors,False,False,False,Nonpeptidergic nociceptors
dfpbbddj-1,TMA00318,CGRP-Eta,False,False,False,CGRP-Eta
dfpeejai-1,TMA00318,Nonpeptidergic nociceptors,False,False,False,Nonpeptidergic nociceptors
dgabpnbh-1,TMA00318,Sst,False,False,False,Sst
dgagjhan-1,TMA00318,Sst,False,False,False,Sst
dgalnbgh-1,TMA00318,Nonpeptidergic nociceptors,False,False,False,Nonpeptidergic nociceptors
dgbbcojj-1,TMA00318,CGRP-Eta,False,False,False,CGRP-Eta
dgblfnko-1,TMA00318,CGRP-Epsilion,False,False,False,CGRP-Epsilion
dgcefelg-1,TMA00318,CGRP-Alpha,False,False,False,CGRP-Alpha
dgcgafgn-1,TMA00318,Nonpeptidergic nociceptors,False,False,False,Nonpeptidergic nociceptors
dgchkacd-1,TMA00318,Nonpeptidergic nociceptors,False,False,False,Nonpeptidergic nociceptors
dgcngokm-1,TMA00318,Nonpeptidergic nociceptors,False,False,False,Nonpeptidergic nociceptors
dgcpbpoh-1,TMA00318,CGRP-Alpha,False,False,False,CGRP-Alpha
dgdbknem-1,TMA00318,CGRP-Zeta,False,False,False,CGRP-Zeta
dgddlchh-1,TMA00318,CGRP-Zeta,False,False,False,CGRP-Zeta
dgdedidh-1,TMA00318,Sst,False,False,False,Sst
dgdefbff-1,TMA00318,Nonpeptidergic nociceptors,False,False,False,Nonpeptidergic nociceptors
dgdgaiih-1,TMA00318,Nonpeptidergic nociceptors,False,False,False,Nonpeptidergic nociceptors
dgdhfopl-1,TMA00318,Nonpeptidergic nociceptors,False,False,False,Nonpeptidergic nociceptors
dgdhpfli-1,TMA00318,Nonpeptidergic nociceptors,False,False,False,Nonpeptidergic nociceptors
dgdmjoao-1,TMA00318,Nonpeptidergic nociceptors,False,False,False,Nonpeptidergic nociceptors
dgdomncf-1,TMA00318,Sst,False,False,False,Sst
dgealekf-1,TMA00318,Nonpeptidergic nociceptors,False,False,False,Nonpeptidergic nociceptors
dgeanbjc-1,TMA00318,Sst,False,False,False,Sst
dggohgif-1,TMA00318,C-LTMR,False,False,False,C-LTMR
dghpmmkg-1,TMA00318,Sst,False,False,False,Sst
dgiieool-1,TMA00318,CGRP-Eta,False,False,False,CGRP-Eta
dgiighim-1,TMA00318,Sst,False,False,False,Sst
dgimpoca-1,TMA00318,Nonpeptidergic nociceptors,False,False,False,Nonpeptidergic nociceptors
dhajeecg-1,TMA00318,Adelta-LTMR,False,False,False,Adelta-LTMR
dhcdakme-1,TMA00318,CGRP-Gamma 1,False,False,False,CGRP-Gamma 1
dhfljfgj-1,TMA00318,Nonpeptidergic nociceptors,False,False,False,Nonpeptidergic nociceptors
dhgdhdim-1,TMA00318,CGRP-Epsilion,False,False,False,CGRP-Epsilion
dhgglogd-1,TMA00318,CGRP-Epsilion,False,False,False,CGRP-Epsilion
dhjihjjl-1,TMA00318,CGRP-Gamma 1,False,False,False,CGRP-Gamma 1
dhjmekke-1,TMA00318,CGRP-Theta,False,False,False,CGRP-Theta
dhjnepej-1,TMA00318,Adelta-LTMR,False,False,False,Adelta-LTMR
dhlkcifk-1,TMA00318,CGRP-Eta,False,False,False,CGRP-Eta
dhllflff-1,TMA00318,CGRP-Gamma 1,False,False,False,CGRP-Gamma 1
dhmcelgo-1,TMA00318,CGRP-Gamma 1,False,False,False,CGRP-Gamma 1
dhmcgdjl-1,TMA00318,Proprioceptors,False,False,False,Proprioceptors
dhmnlefc-1,TMA00318,C-LTMR,False,False,False,C-LTMR
dhnakekn-1,TMA00318,TrpM8,False,False,False,TrpM8
dhncghnb-1,TMA00318,TrpM8,False,False,False,TrpM8
dhnghced-1,TMA00318,CGRP-Alpha,False,False,False,CGRP-Alpha
dhnlieef-1,TMA00318,Nonpeptidergic nociceptors,False,False,False,Nonpeptidergic nociceptors
dhnmpcpo-1,TMA00318,CGRP-Eta,False,False,False,CGRP-Eta
dhodijkl-1,TMA00318,Nonpeptidergic nociceptors,False,False,False,Nonpeptidergic nociceptors
dhodnhan-1,TMA00318,Nonpeptidergic nociceptors,False,False,False,Nonpeptidergic nociceptors
dhplafne-1,TMA00318,Nonpeptidergic nociceptors,False,False,False,Nonpeptidergic nociceptors
diaelpan-1,TMA00318,Nonpeptidergic nociceptors,False,False,False,Nonpeptidergic nociceptors
diagbkgk-1,TMA00318,Nonpeptidergic nociceptors,False,False,False,Nonpeptidergic nociceptors
diamaipa-1,TMA00318,Nonpeptidergic nociceptors,False,False,False,Nonpeptidergic nociceptors
dianfcog-1,TMA00318,C-LTMR,False,False,False,C-LTMR
dicihghg-1,TMA00318,CGRP-Gamma 2,False,False,False,CGRP-Gamma 2
didchjne-1,TMA00318,TrpM8,False,False,False,TrpM8
didfcoim-1,TMA00318,CGRP-Theta,False,False,False,CGRP-Theta
diegdpmp-1,TMA00318,Sst,False,False,False,Sst
diegellp-1,TMA00318,C-LTMR,False,False,False,C-LTMR
diekgnim-1,TMA00318,CGRP-Alpha,False,False,False,CGRP-Alpha
dielgeen-1,TMA00318,C-LTMR,False,False,False,C-LTMR
difbpadc-1,TMA00318,C-LTMR,False,False,False,C-LTMR
difebdgc-1,TMA00318,CGRP-Eta,False,False,False,CGRP-Eta
difelock-1,TMA00318,CGRP-Epsilion,False,False,False,CGRP-Epsilion
difemfoa-1,TMA00318,Nonpeptidergic nociceptors,False,False,False,Nonpeptidergic nociceptors
difihmnc-1,TMA00318,C-LTMR,False,False,False,C-LTMR
difjckgo-1,TMA00318,CGRP-Gamma 1,False,False,False,CGRP-Gamma 1
digghgdj-1,TMA00318,Adelta-LTMR,False,False,False,Adelta-LTMR
dighacne-1,TMA00318,C-LTMR,False,False,False,C-LTMR
dighogbk-1,TMA00318,CGRP-Eta,False,False,False,CGRP-Eta
digkgjai-1,TMA00318,C-LTMR,False,False,False,C-LTMR
digmedcl-1,TMA00318,CGRP-Theta,False,False,False,CGRP-Theta
dihihgpd-1,TMA00318,CGRP-Eta,False,False,False,CGRP-Eta
dihjmgll-1,TMA00318,CGRP-Eta,False,False,False,CGRP-Eta
dihlekpc-1,TMA00318,CGRP-Eta,False,False,False,CGRP-Eta
dihmdmkh-1,TMA00318,CGRP-Gamma 1,False,False,False,CGRP-Gamma 1
diljbnhf-1,TMA00318,CGRP-Zeta,False,False,False,CGRP-Zeta
diljecdb-1,TMA00318,Adelta-LTMR,False,False,False,Adelta-LTMR
dilkilhn-1,TMA00318,Adelta-LTMR,False,False,False,Adelta-LTMR
dilkjioc-1,TMA00318,C-LTMR,False,False,False,C-LTMR
dimeacjo-1,TMA00318,C-LTMR,False,False,False,C-LTMR
dimgmdih-1,TMA00318,C-LTMR,False,False,False,C-LTMR
dimkbjjk-1,TMA00318,CGRP-Alpha,False,False,False,CGRP-Alpha
dimkkakh-1,TMA00318,Nonpeptidergic nociceptors,False,False,False,Nonpeptidergic nociceptors
dimmmfai-1,TMA00318,C-LTMR,False,False,False,C-LTMR
dimnnodg-1,TMA00318,CGRP-Theta,False,False,False,CGRP-Theta
dimpedak-1,TMA00318,CGRP-Theta,False,False,False,CGRP-Theta
dipgbngh-1,TMA00318,TrpM8,False,False,False,TrpM8
dipgkdjd-1,TMA00318,CGRP-Alpha,False,False,False,CGRP-Alpha
diphnege-1,TMA00318,CGRP-Eta,False,False,False,CGRP-Eta
dipiihcj-1,TMA00318,CGRP-Alpha,False,False,False,CGRP-Alpha
dipkhnap-1,TMA00318,TrpM8,False,False,False,TrpM8
dipkikfn-1,TMA00318,CGRP-Eta,False,False,False,CGRP-Eta
dipojhgo-1,TMA00318,CGRP-Theta,False,False,False,CGRP-Theta
dipphjdo-1,TMA00318,CGRP-Epsilion,False,False,False,CGRP-Epsilion
djabpmcd-1,TMA00318,CGRP-Alpha,False,False,False,CGRP-Alpha
djafelnd-1,TMA00318,CGRP-Theta,False,False,False,CGRP-Theta
djalgmck-1,TMA00318,CGRP-Theta,False,False,False,CGRP-Theta
djanldpe-1,TMA00318,Nonpeptidergic nociceptors,False,False,False,Nonpeptidergic nociceptors
djbdaodg-1,TMA00318,Nonpeptidergic nociceptors,False,False,False,Nonpeptidergic nociceptors
djbjdccp-1,TMA00318,CGRP-Eta,False,False,False,CGRP-Eta
djbklgdc-1,TMA00318,CGRP-Epsilion,False,False,False,CGRP-Epsilion
djccfidh-1,TMA00318,Nonpeptidergic nociceptors,False,False,False,Nonpeptidergic nociceptors
djcdhabg-1,TMA00318,Nonpeptidergic nociceptors,False,False,False,Nonpeptidergic nociceptors
djcfadai-1,TMA00318,Nonpeptidergic nociceptors,False,False,False,Nonpeptidergic nociceptors
djchocim-1,TMA00318,CGRP-Alpha,False,False,False,CGRP-Alpha
djcjkfbp-1,TMA00318,Nonpeptidergic nociceptors,False,False,False,Nonpeptidergic nociceptors
djcncmha-1,TMA00318,Nonpeptidergic nociceptors,False,False,False,Nonpeptidergic nociceptors
djdcfmfj-1,TMA00318,CGRP-Alpha,False,False,False,CGRP-Alpha
djdihbbe-1,TMA00318,Nonpeptidergic nociceptors,False,False,False,Nonpeptidergic nociceptors
djdjjnpk-1,TMA00318,Nonpeptidergic nociceptors,False,False,False,Nonpeptidergic nociceptors
djdlhpbc-1,TMA00318,Nonpeptidergic nociceptors,False,False,False,Nonpeptidergic nociceptors
djejgofm-1,TMA00318,Nonpeptidergic nociceptors,False,False,False,Nonpeptidergic nociceptors
djejigbn-1,TMA00318,CGRP-Theta,False,False,False,CGRP-Theta
djembgfc-1,TMA00318,Nonpeptidergic nociceptors,False,False,False,Nonpeptidergic nociceptors
djenmnmk-1,TMA00318,Nonpeptidergic nociceptors,False,False,False,Nonpeptidergic nociceptors
djfghmpi-1,TMA00318,Nonpeptidergic nociceptors,False,False,False,Nonpeptidergic nociceptors
djfglchg-1,TMA00318,Nonpeptidergic nociceptors,False,False,False,Nonpeptidergic nociceptors
djflogjk-1,TMA00318,CGRP-Alpha,False,False,False,CGRP-Alpha
djfobaap-1,TMA00318,CGRP-Alpha,False,False,False,CGRP-Alpha
djgcekkm-1,TMA00318,CGRP-Alpha,False,False,False,CGRP-Alpha
djghondp-1,TMA00318,TrpM8,False,False,False,TrpM8
djgimone-1,TMA00318,CGRP-Gamma 1,False,False,False,CGRP-Gamma 1
djhjlcma-1,TMA00318,CGRP-Theta,False,False,False,CGRP-Theta
djifcgmd-1,TMA00318,TrpM8,False,False,False,TrpM8
djihodlh-1,TMA00318,TrpM8,False,False,False,TrpM8
djimclfp-1,TMA00318,CGRP-Gamma 1,False,False,False,CGRP-Gamma 1
djinbfhc-1,TMA00318,CGRP-Gamma 1,False,False,False,CGRP-Gamma 1
djjalnda-1,TMA00318,CGRP-Beta,False,False,False,CGRP-Beta
djjamlnn-1,TMA00318,TrpM8,False,False,False,TrpM8
djjgcbmk-1,TMA00318,TrpM8,False,False,False,TrpM8
djjpahhd-1,TMA00318,CGRP-Gamma 1,False,False,False,CGRP-Gamma 1
djjpbhnc-1,TMA00318,TrpM8,False,False,False,TrpM8
djkajnak-1,TMA00318,CGRP-Gamma 1,False,False,False,CGRP-Gamma 1
djlpmgca-1,TMA00318,CGRP-Gamma 1,False,False,False,CGRP-Gamma 1
djmmbkpa-1,TMA00318,CGRP-Theta,False,False,False,CGRP-Theta
djmpkdcf-1,TMA00318,CGRP-Theta,False,False,False,CGRP-Theta
djnaiedg-1,TMA00318,CGRP-Theta,False,False,False,CGRP-Theta
djnefdmb-1,TMA00318,Sst,False,False,False,Sst
djnhgjoa-1,TMA00318,TrpM8,False,False,False,TrpM8
djniboco-1,TMA00318,Sst,False,False,False,Sst
djnkkeke-1,TMA00318,Nonpeptidergic nociceptors,False,False,False,Nonpeptidergic nociceptors
djnpabia-1,TMA00318,Nonpeptidergic nociceptors,False,False,False,Nonpeptidergic nociceptors
djoedfef-1,TMA00318,C-LTMR,False,False,False,C-LTMR
djoeenpo-1,TMA00318,TrpM8,False,False,False,TrpM8
djoffdfm-1,TMA00318,CGRP-Gamma 1,False,False,False,CGRP-Gamma 1
djofhhkm-1,TMA00318,C-LTMR,False,False,False,C-LTMR
djogdmda-1,TMA00318,Sst,False,False,False,Sst
djojdjdk-1,TMA00318,Sst,False,False,False,Sst
djokbpil-1,TMA00318,C-LTMR,False,False,False,C-LTMR
djollpgp-1,TMA00318,Nonpeptidergic nociceptors,False,False,False,Nonpeptidergic nociceptors
djpccdcl-1,TMA00318,TrpM8,False,False,False,TrpM8
djpdhjbo-1,TMA00318,CGRP-Epsilion,False,False,False,CGRP-Epsilion
djpdpjmn-1,TMA00318,CGRP-Alpha,False,False,False,CGRP-Alpha
djppmhhi-1,TMA00318,Sst,False,False,False,Sst
dkaggkif-1,TMA00318,C-LTMR,False,False,False,C-LTMR
dkakggib-1,TMA00318,Sst,False,False,False,Sst
dkakmlmg-1,TMA00318,CGRP-Gamma 1,False,False,False,CGRP-Gamma 1
dkbadcoi-1,TMA00318,CGRP-Eta,False,False,False,CGRP-Eta
dkbcjhok-1,TMA00318,CGRP-Gamma 1,False,False,False,CGRP-Gamma 1
dkbgebmn-1,TMA00318,CGRP-Eta,False,False,False,CGRP-Eta
dkbgffnf-1,TMA00318,Nonpeptidergic nociceptors,False,False,False,Nonpeptidergic nociceptors
dkblnaoh-1,TMA00318,CGRP-Alpha,False,False,False,CGRP-Alpha
dkbnfhka-1,TMA00318,CGRP-Epsilion,False,False,False,CGRP-Epsilion
dkcceapl-1,TMA00318,Nonpeptidergic nociceptors,False,False,False,Nonpeptidergic nociceptors
dkcfimlf-1,TMA00318,Nonpeptidergic nociceptors,False,False,False,Nonpeptidergic nociceptors
dkcmgaeg-1,TMA00318,TrpM8,False,False,False,TrpM8
dkdkgdop-1,TMA00318,CGRP-Alpha,False,False,False,CGRP-Alpha
dkebccpn-1,TMA00318,TrpM8,False,False,False,TrpM8
dkedfcgf-1,TMA00318,Nonpeptidergic nociceptors,False,False,False,Nonpeptidergic nociceptors
dkehjcjo-1,TMA00318,Proprioceptors,False,False,False,Proprioceptors
dkejemck-1,TMA00318,CGRP-Alpha,False,False,False,CGRP-Alpha
dkenebnh-1,TMA00318,Sst,False,False,False,Sst
dkepcfkf-1,TMA00318,TrpM8,False,False,False,TrpM8
dkfaedhc-1,TMA00318,Nonpeptidergic nociceptors,False,False,False,Nonpeptidergic nociceptors
dkgmchnh-1,TMA00318,CGRP-Epsilion,False,False,False,CGRP-Epsilion
dkgmjaan-1,TMA00318,CGRP-Epsilion,False,False,False,CGRP-Epsilion
dkhchkkn-1,TMA00318,CGRP-Gamma 1,False,False,False,CGRP-Gamma 1
dkhikomm-1,TMA00318,CGRP-Gamma 1,False,False,False,CGRP-Gamma 1
dkmheabl-1,TMA00318,Nonpeptidergic nociceptors,False,False,False,Nonpeptidergic nociceptors
dkoaenfo-1,TMA00318,Nonpeptidergic nociceptors,False,False,False,Nonpeptidergic nociceptors
dkoejhaj-1,TMA00318,CGRP-Beta,False,False,False,CGRP-Beta
dkoikmca-1,TMA00318,CGRP-Eta,False,False,False,CGRP-Eta
dkpkemib-1,TMA00318,CGRP-Gamma 1,False,False,False,CGRP-Gamma 1
dlafcpln-1,TMA00318,CGRP-Gamma 1,False,False,False,CGRP-Gamma 1
dlajgheh-1,TMA00318,Sst,False,False,False,Sst
dlajikbb-1,TMA00318,CGRP-Alpha,False,False,False,CGRP-Alpha
dlbajhbl-1,TMA00318,CGRP-Eta,False,False,False,CGRP-Eta
dlbdanco-1,TMA00318,Nonpeptidergic nociceptors,False,False,False,Nonpeptidergic nociceptors
dlbdcafi-1,TMA00318,CGRP-Alpha,False,False,False,CGRP-Alpha
dlbfcpoc-1,TMA00318,CGRP-Eta,False,False,False,CGRP-Eta
dlbhdgbj-1,TMA00318,Nonpeptidergic nociceptors,False,False,False,Nonpeptidergic nociceptors
dlblpajl-1,TMA00318,CGRP-Gamma 2,False,False,False,CGRP-Gamma 2
dlcaggbc-1,TMA00318,CGRP-Gamma 1,False,False,False,CGRP-Gamma 1
dlcbfoec-1,TMA00318,CGRP-Gamma 1,False,False,False,CGRP-Gamma 1
dlcdbgke-1,TMA00318,CGRP-Gamma 1,False,False,False,CGRP-Gamma 1
dlcgmllj-1,TMA00318,Nonpeptidergic nociceptors,False,False,False,Nonpeptidergic nociceptors
dldalfjc-1,TMA00318,TrpM8,False,False,False,TrpM8
dldojafl-1,TMA00318,Nonpeptidergic nociceptors,False,False,False,Nonpeptidergic nociceptors
dldpnpni-1,TMA00318,Nonpeptidergic nociceptors,False,False,False,Nonpeptidergic nociceptors
dlebbdmg-1,TMA00318,Nonpeptidergic nociceptors,False,False,False,Nonpeptidergic nociceptors
dlecdjpd-1,TMA00318,TrpM8,False,False,False,TrpM8
dleddkac-1,TMA00318,Nonpeptidergic nociceptors,False,False,False,Nonpeptidergic nociceptors
dleipekc-1,TMA00318,C-LTMR,False,False,False,C-LTMR
dlelihek-1,TMA00318,CGRP-Gamma 1,False,False,False,CGRP-Gamma 1
dlemegln-1,TMA00318,CGRP-Eta,False,False,False,CGRP-Eta
dlfljpig-1,TMA00318,CGRP-Gamma 2,False,False,False,CGRP-Gamma 2
dlfmoone-1,TMA00318,CGRP-Epsilion,False,False,False,CGRP-Epsilion
dlfognlp-1,TMA00318,Nonpeptidergic nociceptors,False,False,False,Nonpeptidergic nociceptors
dlgfklla-1,TMA00318,Nonpeptidergic nociceptors,False,False,False,Nonpeptidergic nociceptors
dlggghcp-1,TMA00318,CGRP-Gamma 1,False,False,False,CGRP-Gamma 1
dlgidblp-1,TMA00318,Nonpeptidergic nociceptors,False,False,False,Nonpeptidergic nociceptors
dlgjmapo-1,TMA00318,Nonpeptidergic nociceptors,False,False,False,Nonpeptidergic nociceptors
dlgolmlb-1,TMA00318,Nonpeptidergic nociceptors,False,False,False,Nonpeptidergic nociceptors
dlhidnmn-1,TMA00318,Nonpeptidergic nociceptors,False,False,False,Nonpeptidergic nociceptors
dlhpjfno-1,TMA00318,Nonpeptidergic nociceptors,False,False,False,Nonpeptidergic nociceptors
dlidlajh-1,TMA00318,Nonpeptidergic nociceptors,False,False,False,Nonpeptidergic nociceptors
dljbmalg-1,TMA00318,Adelta-LTMR,False,False,False,Adelta-LTMR
dljgebod-1,TMA00318,CGRP-Gamma 1,False,False,False,CGRP-Gamma 1
dljiaojm-1,TMA00318,Sst,False,False,False,Sst
dljjhbkm-1,TMA00318,CGRP-Eta,False,False,False,CGRP-Eta
dljlljof-1,TMA00318,CGRP-Gamma 1,False,False,False,CGRP-Gamma 1
dlkldicm-1,TMA00318,CGRP-Epsilion,False,False,False,CGRP-Epsilion
dlkmhfaj-1,TMA00318,Adelta-LTMR,False,False,False,Adelta-LTMR
dlkpilch-1,TMA00318,Adelta-LTMR,False,False,False,Adelta-LTMR
dlljnlaf-1,TMA00318,CGRP-Gamma 1,False,False,False,CGRP-Gamma 1
dlmdcale-1,TMA00318,Nonpeptidergic nociceptors,False,False,False,Nonpeptidergic nociceptors
dlncojbh-1,TMA00318,CGRP-Gamma 1,False,False,False,CGRP-Gamma 1
dlnebhjb-1,TMA00318,Adelta-LTMR,False,False,False,Adelta-LTMR
dlngilhm-1,TMA00318,CGRP-Eta,False,False,False,CGRP-Eta
dlnoelfe-1,TMA00318,CGRP-Eta,False,False,False,CGRP-Eta
dlofhbpl-1,TMA00318,Sst,False,False,False,Sst
dlollckm-1,TMA00318,Nonpeptidergic nociceptors,False,False,False,Nonpeptidergic nociceptors
dlomgipd-1,TMA00318,CGRP-Alpha,False,False,False,CGRP-Alpha
dlpdhdpj-1,TMA00318,CGRP-Gamma 1,False,False,False,CGRP-Gamma 1
dlpdigkd-1,TMA00318,CGRP-Alpha,False,False,False,CGRP-Alpha
dmaedcdd-1,TMA00318,CGRP-Alpha,False,False,False,CGRP-Alpha
dmafalop-1,TMA00318,CGRP-Alpha,False,False,False,CGRP-Alpha
dmaibjgd-1,TMA00318,Nonpeptidergic nociceptors,False,False,False,Nonpeptidergic nociceptors
dmalgbjg-1,TMA00318,CGRP-Gamma 1,False,False,False,CGRP-Gamma 1
dmalipae-1,TMA00318,CGRP-Gamma 1,False,False,False,CGRP-Gamma 1
dmaojaic-1,TMA00318,CGRP-Gamma 1,False,False,False,CGRP-Gamma 1
dmbbchbc-1,TMA00318,CGRP-Eta,False,False,False,CGRP-Eta
dmbdgmop-1,TMA00318,Nonpeptidergic nociceptors,False,False,False,Nonpeptidergic nociceptors
dmbdjdpm-1,TMA00318,CGRP-Gamma 1,False,False,False,CGRP-Gamma 1
dmbhilfj-1,TMA00318,CGRP-Gamma 1,False,False,False,CGRP-Gamma 1
dmcmmikk-1,TMA00318,CGRP-Eta,False,False,False,CGRP-Eta
dmcpblgp-1,TMA00318,CGRP-Eta,False,False,False,CGRP-Eta
dmddbbfi-1,TMA00318,CGRP-Gamma 1,False,False,False,CGRP-Gamma 1
dmdkofop-1,TMA00318,CGRP-Epsilion,False,False,False,CGRP-Epsilion
dmebndkm-1,TMA00318,CGRP-Gamma 1,False,False,False,CGRP-Gamma 1
dmeehgnc-1,TMA00318,C-LTMR,False,False,False,C-LTMR
dmeglkec-1,TMA00318,CGRP-Eta,False,False,False,CGRP-Eta
dmeknong-1,TMA00318,CGRP-Gamma 1,False,False,False,CGRP-Gamma 1
dmepafic-1,TMA00318,CGRP-Alpha,False,False,False,CGRP-Alpha
dmfkkjne-1,TMA00318,CGRP-Eta,False,False,False,CGRP-Eta
dmgchaia-1,TMA00318,CGRP-Eta,False,False,False,CGRP-Eta
dmgegcmf-1,TMA00318,CGRP-Eta,False,False,False,CGRP-Eta
dmgkncig-1,TMA00318,Nonpeptidergic nociceptors,False,False,False,Nonpeptidergic nociceptors
dmglalid-1,TMA00318,Nonpeptidergic nociceptors,False,False,False,Nonpeptidergic nociceptors
dmhhkidl-1,TMA00318,C-LTMR,False,False,False,C-LTMR
dmidlfgb-1,TMA00318,CGRP-Gamma 1,False,False,False,CGRP-Gamma 1
dmiiflpo-1,TMA00318,Abeta-Field,False,False,False,Abeta-Field
dmiogpin-1,TMA00318,Abeta-Field,False,False,False,Abeta-Field
dmkkjhnj-1,TMA00318,Nonpeptidergic nociceptors,False,False,False,Nonpeptidergic nociceptors
dmkobgce-1,TMA00318,C-LTMR,False,False,False,C-LTMR
dmlcileo-1,TMA00318,CGRP-Alpha,False,False,False,CGRP-Alpha
dmlgajnf-1,TMA00318,CGRP-Eta,False,False,False,CGRP-Eta
dmlgfjga-1,TMA00318,CGRP-Eta,False,False,False,CGRP-Eta
dmmgclhh-1,TMA00318,TrpM8,False,False,False,TrpM8
dmmjfjan-1,TMA00318,CGRP-Gamma 1,False,False,False,CGRP-Gamma 1
dmmkglea-1,TMA00318,CGRP-Gamma 2,False,False,False,CGRP-Gamma 2
dmmkonph-1,TMA00318,CGRP-Gamma 2,False,False,False,CGRP-Gamma 2
dmmndlch-1,TMA00318,CGRP-Gamma 1,False,False,False,CGRP-Gamma 1
dmnanajb-1,TMA00318,CGRP-Eta,False,False,False,CGRP-Eta
dmnbgjaf-1,TMA00318,CGRP-Eta,False,False,False,CGRP-Eta
dmomdpkk-1,TMA00318,TrpM8,False,False,False,TrpM8
dmomlfol-1,TMA00318,CGRP-Gamma 1,False,False,False,CGRP-Gamma 1
dmongegk-1,TMA00318,CGRP-Theta,False,False,False,CGRP-Theta
dmonlpaj-1,TMA00318,Abeta-Field,False,False,False,Abeta-Field
dmoojeck-1,TMA00318,TrpM8,False,False,False,TrpM8
dnacgbfh-1,TMA00318,Nonpeptidergic nociceptors,False,False,False,Nonpeptidergic nociceptors
dnaecibp-1,TMA00318,CGRP-Theta,False,False,False,CGRP-Theta
dnaoehnp-1,TMA00318,CGRP-Theta,False,False,False,CGRP-Theta
dnbfhpmk-1,TMA00318,Nonpeptidergic nociceptors,False,False,False,Nonpeptidergic nociceptors
dncnmgpa-1,TMA00318,CGRP-Theta,False,False,False,CGRP-Theta
dndnhinf-1,TMA00318,Nonpeptidergic nociceptors,False,False,False,Nonpeptidergic nociceptors
dndohjob-1,TMA00318,TrpM8,False,False,False,TrpM8
dndonilj-1,TMA00318,CGRP-Gamma 1,False,False,False,CGRP-Gamma 1
dndppnbn-1,TMA00318,CGRP-Gamma 1,False,False,False,CGRP-Gamma 1
dnepbigm-1,TMA00318,C-LTMR,False,False,False,C-LTMR
dnfelapk-1,TMA00318,Nonpeptidergic nociceptors,False,False,False,Nonpeptidergic nociceptors
dnghecjf-1,TMA00318,CGRP-Alpha,False,False,False,CGRP-Alpha
dnhmofek-1,TMA00318,CGRP-Epsilion,False,False,False,CGRP-Epsilion
dnhnmmah-1,TMA00318,TrpM8,False,False,False,TrpM8
dnifalic-1,TMA00318,Sst,False,False,False,Sst
dnifmoam-1,TMA00318,CGRP-Gamma 1,False,False,False,CGRP-Gamma 1
dnimkgcp-1,TMA00318,C-LTMR,False,False,False,C-LTMR
dnjajlfo-1,TMA00318,CGRP-Theta,False,False,False,CGRP-Theta
dnjbcgpb-1,TMA00318,CGRP-Gamma 1,False,False,False,CGRP-Gamma 1
dnldnjjf-1,TMA00318,Nonpeptidergic nociceptors,False,False,False,Nonpeptidergic nociceptors
dnlfbenl-1,TMA00318,TrpM8,False,False,False,TrpM8
dnlielpa-1,TMA00318,CGRP-Eta,False,False,False,CGRP-Eta
dnlkeeaj-1,TMA00318,C-LTMR,False,False,False,C-LTMR
dnmadgbk-1,TMA00318,C-LTMR,False,False,False,C-LTMR
dnoecplg-1,TMA00318,Adelta-LTMR,False,False,False,Adelta-LTMR
dnpafipg-1,TMA00318,Adelta-LTMR,False,False,False,Adelta-LTMR
dobfdlcd-1,TMA00318,Nonpeptidergic nociceptors,False,False,False,Nonpeptidergic nociceptors
doibonof-1,TMA00318,Nonpeptidergic nociceptors,False,False,False,Nonpeptidergic nociceptors
dojhhgnp-1,TMA00318,C-LTMR,False,False,False,C-LTMR
dpbgpgld-1,TMA00318,Abeta-Field,False,False,False,Abeta-Field
dpbopdae-1,TMA00318,Proprioceptors,False,False,False,Proprioceptors
dpdpmhpc-1,TMA00318,CGRP-Eta,False,False,False,CGRP-Eta
dpebncag-1,TMA00318,TrpM8,False,False,False,TrpM8
dpghngnf-1,TMA00318,Proprioceptors,False,False,False,Proprioceptors
dpndjfao-1,TMA00318,Abeta-Field,False,False,False,Abeta-Field
dpnellmi-1,TMA00318,CGRP-Eta,False,False,False,CGRP-Eta
dpnfjedn-1,TMA00318,CGRP-Eta,False,False,False,CGRP-Eta
dpocmbaa-1,TMA00318,CGRP-Gamma 1,False,False,False,CGRP-Gamma 1
dpogdkik-1,TMA00318,TrpM8,False,False,False,TrpM8
dpommmon-1,TMA00318,TrpM8,False,False,False,TrpM8
dppjmfmi-1,TMA00318,CGRP-Gamma 1,False,False,False,CGRP-Gamma 1
eaaeknag-1,TMA00318,Proprioceptors,False,False,False,Proprioceptors
eablndbk-1,TMA00318,Abeta-RA-LTMR,False,False,False,Abeta-RA-LTMR
eacdbgod-1,TMA00318,Proprioceptors,False,False,False,Proprioceptors
ebieahhk-1,TMA00318,CGRP-Epsilion,False,False,False,CGRP-Epsilion
ebipcdab-1,TMA00318,CGRP-Gamma 1,False,False,False,CGRP-Gamma 1
ebipnpfc-1,TMA00318,Nonpeptidergic nociceptors,False,False,False,Nonpeptidergic nociceptors
ebjahdbh-1,TMA00318,CGRP-Gamma 1,False,False,False,CGRP-Gamma 1
ebjbpllb-1,TMA00318,CGRP-Gamma 1,False,False,False,CGRP-Gamma 1
ebjcmhmh-1,TMA00318,CGRP-Gamma 1,False,False,False,CGRP-Gamma 1
ebjnindf-1,TMA00318,CGRP-Gamma 1,False,False,False,CGRP-Gamma 1
ebknngog-1,TMA00318,CGRP-Epsilion,False,False,False,CGRP-Epsilion
eblgopae-1,TMA00318,CGRP-Eta,False,False,False,CGRP-Eta
ebmgpbnm-1,TMA00318,CGRP-Gamma 1,False,False,False,CGRP-Gamma 1
ebmoadnj-1,TMA00318,Nonpeptidergic nociceptors,False,False,False,Nonpeptidergic nociceptors
ebnhefke-1,TMA00318,Nonpeptidergic nociceptors,False,False,False,Nonpeptidergic nociceptors
ebnmmdcf-1,TMA00318,Nonpeptidergic nociceptors,False,False,False,Nonpeptidergic nociceptors
eboapigb-1,TMA00318,CGRP-Alpha,False,False,False,CGRP-Alpha
ebogggfj-1,TMA00318,Proprioceptors,False,False,False,Proprioceptors
ebolhgbi-1,TMA00318,Nonpeptidergic nociceptors,False,False,False,Nonpeptidergic nociceptors
ebpciihh-1,TMA00318,Nonpeptidergic nociceptors,False,False,False,Nonpeptidergic nociceptors
ebpcnpik-1,TMA00318,CGRP-Gamma 1,False,False,False,CGRP-Gamma 1
ebpghggj-1,TMA00318,CGRP-Alpha,False,False,False,CGRP-Alpha
ebpjmdjm-1,TMA00318,Nonpeptidergic nociceptors,False,False,False,Nonpeptidergic nociceptors
ebplakfe-1,TMA00318,Nonpeptidergic nociceptors,False,False,False,Nonpeptidergic nociceptors
ecaalhmf-1,TMA00318,TrpM8,False,False,False,TrpM8
ecameple-1,TMA00318,CGRP-Theta,False,False,False,CGRP-Theta
ecbedala-1,TMA00318,CGRP-Theta,False,False,False,CGRP-Theta
ecbgfjek-1,TMA00318,Adelta-LTMR,False,False,False,Adelta-LTMR
ecbhigfa-1,TMA00318,Adelta-LTMR,False,False,False,Adelta-LTMR
ecefkona-1,TMA00318,TrpM8,False,False,False,TrpM8
ecehpmgf-1,TMA00318,Nonpeptidergic nociceptors,False,False,False,Nonpeptidergic nociceptors
ecejndeo-1,TMA00318,Nonpeptidergic nociceptors,False,False,False,Nonpeptidergic nociceptors
ecekbelg-1,TMA00318,Nonpeptidergic nociceptors,False,False,False,Nonpeptidergic nociceptors
ecfjdnie-1,TMA00318,Nonpeptidergic nociceptors,False,False,False,Nonpeptidergic nociceptors
ecgpjhgc-1,TMA00318,Adelta-LTMR,False,False,False,Adelta-LTMR
echgekkg-1,TMA00318,Proprioceptors,False,False,False,Proprioceptors
echhbnjn-1,TMA00318,Nonpeptidergic nociceptors,False,False,False,Nonpeptidergic nociceptors
echilpck-1,TMA00318,C-LTMR,False,False,False,C-LTMR
echpgpek-1,TMA00318,CGRP-Alpha,False,False,False,CGRP-Alpha
echpilag-1,TMA00318,C-LTMR,False,False,False,C-LTMR
ecibglca-1,TMA00318,CGRP-Gamma 1,False,False,False,CGRP-Gamma 1
ecihpkbi-1,TMA00318,CGRP-Gamma 1,False,False,False,CGRP-Gamma 1
ecimdmla-1,TMA00318,CGRP-Gamma 1,False,False,False,CGRP-Gamma 1
ecioagei-1,TMA00318,Nonpeptidergic nociceptors,False,False,False,Nonpeptidergic nociceptors
ecjfpmij-1,TMA00318,Nonpeptidergic nociceptors,False,False,False,Nonpeptidergic nociceptors
ecjkehan-1,TMA00318,C-LTMR,False,False,False,C-LTMR
eckblfdm-1,TMA00318,Proprioceptors,False,False,False,Proprioceptors
ecleggmn-1,TMA00318,Abeta-Field,False,False,False,Abeta-Field
eclejjno-1,TMA00318,CGRP-Alpha,False,False,False,CGRP-Alpha
ecnbfndo-1,TMA00318,Abeta-RA-LTMR,False,False,False,Abeta-RA-LTMR
ecngfjcl-1,TMA00318,C-LTMR,False,False,False,C-LTMR
ecnkladd-1,TMA00318,CGRP-Gamma 1,False,False,False,CGRP-Gamma 1
ecnodhcb-1,TMA00318,Nonpeptidergic nociceptors,False,False,False,Nonpeptidergic nociceptors
ecnommjj-1,TMA00318,Proprioceptors,False,False,False,Proprioceptors
ecodgema-1,TMA00318,Nonpeptidergic nociceptors,False,False,False,Nonpeptidergic nociceptors
ecpiekcb-1,TMA00318,C-LTMR,False,False,False,C-LTMR
edlndgao-1,TMA00318,CGRP-Alpha,False,False,False,CGRP-Alpha
edmedmcd-1,TMA00318,TrpM8,False,False,False,TrpM8
edmehmlo-1,TMA00318,Nonpeptidergic nociceptors,False,False,False,Nonpeptidergic nociceptors
edmheepm-1,TMA00318,Nonpeptidergic nociceptors,False,False,False,Nonpeptidergic nociceptors
ehjgejed-1,TMA00318,Nonpeptidergic nociceptors,False,False,False,Nonpeptidergic nociceptors
ehlanjdj-1,TMA00318,Nonpeptidergic nociceptors,False,False,False,Nonpeptidergic nociceptors
ehmdonae-1,TMA00318,Sst,False,False,False,Sst
ehmlhbda-1,TMA00318,Sst,False,False,False,Sst
ehndlcpj-1,TMA00318,Nonpeptidergic nociceptors,False,False,False,Nonpeptidergic nociceptors
eiidcpfb-1,TMA00318,Adelta-LTMR,False,False,False,Adelta-LTMR
eipkanom-1,TMA00318,C-LTMR,False,False,False,C-LTMR
ejadkpgf-1,TMA00318,C-LTMR,False,False,False,C-LTMR
ejifibip-1,TMA00318,CGRP-Gamma 2,False,False,False,CGRP-Gamma 2
ejigmgif-1,TMA00318,CGRP-Eta,False,False,False,CGRP-Eta
ejjfihlj-1,TMA00318,Sst,False,False,False,Sst
ejmpkpjp-1,TMA00318,CGRP-Gamma 1,False,True,False,CGRP-Gamma 1
ekcpidga-1,TMA00318,Nonpeptidergic nociceptors,False,False,False,Nonpeptidergic nociceptors
ekdiiflf-1,TMA00318,Nonpeptidergic nociceptors,False,False,False,Nonpeptidergic nociceptors
ekhcclnd-1,TMA00318,Nonpeptidergic nociceptors,False,False,False,Nonpeptidergic nociceptors
ekhlpdnm-1,TMA00318,Nonpeptidergic nociceptors,False,False,False,Nonpeptidergic nociceptors
ekhncopg-1,TMA00318,Proprioceptors,False,False,False,Proprioceptors
ekiacche-1,TMA00318,Proprioceptors,False,False,False,Proprioceptors
ekigcgmg-1,TMA00318,Abeta-Field,False,False,False,Abeta-Field
ekmafgpk-1,TMA00318,CGRP-Zeta,False,False,False,CGRP-Zeta
ekmmaebo-1,TMA00318,Proprioceptors,False,False,False,Proprioceptors
eknjdnpe-1,TMA00318,CGRP-Zeta,False,False,False,CGRP-Zeta
eknkpeho-1,TMA00318,Sst,False,False,False,Sst
ekocpkoj-1,TMA00318,Nonpeptidergic nociceptors,False,False,False,Nonpeptidergic nociceptors
ekoeohlf-1,TMA00318,Nonpeptidergic nociceptors,False,False,False,Nonpeptidergic nociceptors
ekomogma-1,TMA00318,CGRP-Zeta,False,False,False,CGRP-Zeta
ekphajkm-1,TMA00318,CGRP-Eta,False,False,False,CGRP-Eta
ekpkglhm-1,TMA00318,CGRP-Eta,False,False,False,CGRP-Eta
ekpldbca-1,TMA00318,CGRP-Eta,False,False,False,CGRP-Eta
ekpmaabo-1,TMA00318,CGRP-Eta,False,False,False,CGRP-Eta
elailjii-1,TMA00318,Adelta-LTMR,False,False,False,Adelta-LTMR
elallaho-1,TMA00318,Proprioceptors,False,False,False,Proprioceptors
elbfchhk-1,TMA00318,C-LTMR,False,False,False,C-LTMR
elbfidae-1,TMA00318,TrpM8,False,False,False,TrpM8
elbidhjp-1,TMA00318,Adelta-LTMR,False,False,False,Adelta-LTMR
elbnapba-1,TMA00318,TrpM8,False,False,False,TrpM8
elbncpnp-1,TMA00318,TrpM8,False,False,False,TrpM8
elcdbaal-1,TMA00318,Nonpeptidergic nociceptors,False,False,False,Nonpeptidergic nociceptors
elcgflpc-1,TMA00318,Sst,False,False,False,Sst
elckkhjo-1,TMA00318,CGRP-Theta,False,False,False,CGRP-Theta
elckmpbe-1,TMA00318,CGRP-Theta,False,False,False,CGRP-Theta
eldaodkh-1,TMA00318,C-LTMR,False,False,False,C-LTMR
eldjhpem-1,TMA00318,C-LTMR,False,False,False,C-LTMR
eldkeeja-1,TMA00318,Nonpeptidergic nociceptors,False,False,False,Nonpeptidergic nociceptors
eldlfiii-1,TMA00318,TrpM8,False,False,False,TrpM8
elebmimf-1,TMA00318,Abeta-RA-LTMR,False,False,False,Abeta-RA-LTMR
eleedlmg-1,TMA00318,CGRP-Theta,False,False,False,CGRP-Theta
eleeeill-1,TMA00318,CGRP-Theta,False,False,False,CGRP-Theta
elejjmfg-1,TMA00318,Nonpeptidergic nociceptors,False,False,False,Nonpeptidergic nociceptors
elemclke-1,TMA00318,Nonpeptidergic nociceptors,False,False,False,Nonpeptidergic nociceptors
elhjmpjf-1,TMA00318,Nonpeptidergic nociceptors,False,False,False,Nonpeptidergic nociceptors
elidhkne-1,TMA00318,Nonpeptidergic nociceptors,False,False,False,Nonpeptidergic nociceptors
elifacok-1,TMA00318,Nonpeptidergic nociceptors,False,False,False,Nonpeptidergic nociceptors
elifhkap-1,TMA00318,Nonpeptidergic nociceptors,False,False,False,Nonpeptidergic nociceptors
ellncnih-1,TMA00318,CGRP-Eta,False,False,False,CGRP-Eta
ellpkhol-1,TMA00318,Proprioceptors,False,False,False,Proprioceptors
elmbleog-1,TMA00318,C-LTMR,False,False,False,C-LTMR
elmdabef-1,TMA00318,CGRP-Epsilion,False,False,False,CGRP-Epsilion
elnbnldf-1,TMA00318,Abeta-RA-LTMR,False,False,False,Abeta-RA-LTMR
elndlgme-1,TMA00318,Nonpeptidergic nociceptors,False,False,False,Nonpeptidergic nociceptors
elnnillk-1,TMA00318,C-LTMR,False,False,False,C-LTMR
elocjoab-1,TMA00318,Proprioceptors,False,False,False,Proprioceptors
eloibafb-1,TMA00318,CGRP-Eta,False,False,False,CGRP-Eta
elojcgaa-1,TMA00318,CGRP-Eta,False,False,False,CGRP-Eta
elpbmeoo-1,TMA00318,Proprioceptors,False,False,False,Proprioceptors
elpjdenc-1,TMA00318,Abeta-RA-LTMR,False,False,False,Abeta-RA-LTMR
emndenge-1,TMA00318,CGRP-Zeta,False,False,False,CGRP-Zeta
enamdmcp-1,TMA00318,CGRP-Zeta,False,False,False,CGRP-Zeta
enamlnij-1,TMA00318,Adelta-LTMR,False,False,False,Adelta-LTMR
enbgihdl-1,TMA00318,Nonpeptidergic nociceptors,False,False,False,Nonpeptidergic nociceptors
enccmofd-1,TMA00318,CGRP-Zeta,False,False,False,CGRP-Zeta
encdlfcg-1,TMA00318,CGRP-Gamma 1,False,False,False,CGRP-Gamma 1
encecnkf-1,TMA00318,CGRP-Gamma 1,False,False,False,CGRP-Gamma 1
encfocep-1,TMA00318,CGRP-Gamma 1,False,False,False,CGRP-Gamma 1
endcaefn-1,TMA00318,CGRP-Zeta,False,False,False,CGRP-Zeta
endcameh-1,TMA00318,CGRP-Zeta,False,False,False,CGRP-Zeta
engekfab-1,TMA00318,CGRP-Zeta,False,False,False,CGRP-Zeta
engjndik-1,TMA00318,CGRP-Zeta,False,False,False,CGRP-Zeta
engmgckh-1,TMA00318,CGRP-Alpha,False,False,False,CGRP-Alpha
engogfno-1,TMA00318,CGRP-Zeta,False,False,False,CGRP-Zeta
enhncdnc-1,TMA00318,Nonpeptidergic nociceptors,False,False,False,Nonpeptidergic nociceptors
enicihoc-1,TMA00318,CGRP-Eta,False,False,False,CGRP-Eta
enidkgbm-1,TMA00318,CGRP-Gamma 1,False,True,False,CGRP-Gamma 1
enifklid-1,TMA00318,CGRP-Gamma 1,False,True,False,CGRP-Gamma 1
enigdndi-1,TMA00318,TrpM8,False,False,False,TrpM8
enincpol-1,TMA00318,CGRP-Eta,False,False,False,CGRP-Eta
eninjjed-1,TMA00318,CGRP-Eta,False,False,False,CGRP-Eta
enjdmoao-1,TMA00318,CGRP-Gamma 1,False,False,False,CGRP-Gamma 1
enkakdml-1,TMA00318,Nonpeptidergic nociceptors,False,False,False,Nonpeptidergic nociceptors
enkbodlh-1,TMA00318,CGRP-Gamma 1,False,False,False,CGRP-Gamma 1
enkeeccn-1,TMA00318,CGRP-Zeta,False,False,False,CGRP-Zeta
enkfdepn-1,TMA00318,CGRP-Zeta,False,False,False,CGRP-Zeta
enkfnemf-1,TMA00318,TrpM8,False,False,False,TrpM8
enkgkhkf-1,TMA00318,CGRP-Zeta,False,False,False,CGRP-Zeta
enkpefkj-1,TMA00318,CGRP-Zeta,False,False,False,CGRP-Zeta
enldcded-1,TMA00318,CGRP-Theta,False,False,False,CGRP-Theta
enlefgdf-1,TMA00318,CGRP-Theta,False,False,False,CGRP-Theta
enlgfohh-1,TMA00318,CGRP-Zeta,False,False,False,CGRP-Zeta
enllaalc-1,TMA00318,CGRP-Theta,False,False,False,CGRP-Theta
enlpjecb-1,TMA00318,CGRP-Theta,False,False,False,CGRP-Theta
enmcoene-1,TMA00318,Nonpeptidergic nociceptors,False,False,False,Nonpeptidergic nociceptors
enmggibe-1,TMA00318,Nonpeptidergic nociceptors,False,False,False,Nonpeptidergic nociceptors
enmkgaoa-1,TMA00318,CGRP-Eta,False,False,False,CGRP-Eta
enmnpnki-1,TMA00318,Nonpeptidergic nociceptors,False,False,False,Nonpeptidergic nociceptors
enmomdef-1,TMA00318,Nonpeptidergic nociceptors,False,False,False,Nonpeptidergic nociceptors
ennhhmca-1,TMA00318,Nonpeptidergic nociceptors,False,False,False,Nonpeptidergic nociceptors
enodfhgl-1,TMA00318,Proprioceptors,False,False,False,Proprioceptors
enokeonp-1,TMA00318,CGRP-Eta,False,False,False,CGRP-Eta
enonfhem-1,TMA00318,Nonpeptidergic nociceptors,False,False,False,Nonpeptidergic nociceptors
enpbfmgp-1,TMA00318,Abeta-Field,False,False,False,Abeta-Field
enpbnbmm-1,TMA00318,CGRP-Alpha,False,False,False,CGRP-Alpha
enpmgfgb-1,TMA00318,Sst,False,False,False,Sst
eoaaegmf-1,TMA00318,CGRP-Alpha,False,False,False,CGRP-Alpha
eoacdgcc-1,TMA00318,Abeta-Field,False,False,False,Abeta-Field
eoadmlfp-1,TMA00318,Proprioceptors,False,False,False,Proprioceptors
eoafflmj-1,TMA00318,Proprioceptors,False,False,False,Proprioceptors
eoaflhfg-1,TMA00318,CGRP-Gamma 1,False,False,False,CGRP-Gamma 1
eoballka-1,TMA00318,CGRP-Gamma 1,False,False,False,CGRP-Gamma 1
eobceopp-1,TMA00318,CGRP-Gamma 1,False,False,False,CGRP-Gamma 1
eobdcidl-1,TMA00318,Sst,False,False,False,Sst
eobpmghn-1,TMA00318,CGRP-Theta,False,False,False,CGRP-Theta
eocdkcpf-1,TMA00318,CGRP-Eta,False,False,False,CGRP-Eta
eodaifim-1,TMA00318,Nonpeptidergic nociceptors,False,False,False,Nonpeptidergic nociceptors
eoffamih-1,TMA00318,CGRP-Eta,False,False,False,CGRP-Eta
eoffcfkc-1,TMA00318,C-LTMR,False,False,False,C-LTMR
eofihaai-1,TMA00318,CGRP-Gamma 2,False,False,False,CGRP-Gamma 2
eofkjeog-1,TMA00318,Nonpeptidergic nociceptors,False,False,False,Nonpeptidergic nociceptors
eogdlbal-1,TMA00318,Nonpeptidergic nociceptors,False,False,False,Nonpeptidergic nociceptors
eohelhga-1,TMA00318,Nonpeptidergic nociceptors,False,False,False,Nonpeptidergic nociceptors
eohjhbhj-1,TMA00318,Abeta-RA-LTMR,False,False,False,Abeta-RA-LTMR
eohplboc-1,TMA00318,Nonpeptidergic nociceptors,False,False,False,Nonpeptidergic nociceptors
eoimhhcd-1,TMA00318,Nonpeptidergic nociceptors,False,False,False,Nonpeptidergic nociceptors
eoipfmcj-1,TMA00318,Nonpeptidergic nociceptors,False,False,False,Nonpeptidergic nociceptors
eojajood-1,TMA00318,Nonpeptidergic nociceptors,False,False,False,Nonpeptidergic nociceptors
eokhcdpd-1,TMA00318,Proprioceptors,False,False,False,Proprioceptors
eolncgoc-1,TMA00318,Nonpeptidergic nociceptors,False,False,False,Nonpeptidergic nociceptors
eomabcgo-1,TMA00318,Adelta-LTMR,False,False,False,Adelta-LTMR
eomeaccl-1,TMA00318,Adelta-LTMR,False,False,False,Adelta-LTMR
eomgmfhb-1,TMA00318,Nonpeptidergic nociceptors,False,False,False,Nonpeptidergic nociceptors
eomlbbhg-1,TMA00318,Nonpeptidergic nociceptors,False,False,False,Nonpeptidergic nociceptors
eonbjjdi-1,TMA00318,Nonpeptidergic nociceptors,False,False,False,Nonpeptidergic nociceptors
eoncfkaj-1,TMA00318,Nonpeptidergic nociceptors,False,False,False,Nonpeptidergic nociceptors
epcfonmb-1,TMA00318,C-LTMR,False,False,False,C-LTMR
epciaige-1,TMA00318,TrpM8,False,False,False,TrpM8
epdboepk-1,TMA00318,Nonpeptidergic nociceptors,False,False,False,Nonpeptidergic nociceptors
epdehdfj-1,TMA00318,CGRP-Alpha,False,False,False,CGRP-Alpha
epdlnipp-1,TMA00318,CGRP-Theta,False,False,False,CGRP-Theta
epfaacbd-1,TMA00318,Nonpeptidergic nociceptors,False,False,False,Nonpeptidergic nociceptors
epfbbnoh-1,TMA00318,Nonpeptidergic nociceptors,False,False,False,Nonpeptidergic nociceptors
epfillhm-1,TMA00318,TrpM8,False,False,False,TrpM8
ephbkkkf-1,TMA00318,Sst,False,False,False,Sst
ephdkbco-1,TMA00318,Adelta-LTMR,False,False,False,Adelta-LTMR
ephlppgf-1,TMA00318,Abeta-RA-LTMR,False,False,False,Abeta-RA-LTMR
epigapnb-1,TMA00318,Adelta-LTMR,False,False,False,Adelta-LTMR
epnalnlp-1,TMA00318,CGRP-Zeta,False,False,False,CGRP-Zeta
epocfboo-1,TMA00318,C-LTMR,False,False,False,C-LTMR
epofheaa-1,TMA00318,Sst,False,False,False,Sst
epokpldp-1,TMA00318,C-LTMR,False,False,False,C-LTMR
fbhjbnlk-1,TMA00318,CGRP-Theta,False,False,False,CGRP-Theta
fbhjdkhf-1,TMA00318,CGRP-Theta,False,False,False,CGRP-Theta
fbimmmdf-1,TMA00318,Nonpeptidergic nociceptors,False,False,False,Nonpeptidergic nociceptors
fbjciiph-1,TMA00318,Nonpeptidergic nociceptors,False,False,False,Nonpeptidergic nociceptors
fcjbondo-1,TMA00318,Nonpeptidergic nociceptors,False,False,False,Nonpeptidergic nociceptors
fcjbpjag-1,TMA00318,Abeta-Field,False,False,False,Abeta-Field
fcjdneki-1,TMA00318,Nonpeptidergic nociceptors,False,False,False,Nonpeptidergic nociceptors
fcjgppob-1,TMA00318,CGRP-Zeta,False,False,False,CGRP-Zeta
fcjnfaoi-1,TMA00318,Nonpeptidergic nociceptors,False,False,False,Nonpeptidergic nociceptors
fcjoalee-1,TMA00318,Nonpeptidergic nociceptors,False,False,False,Nonpeptidergic nociceptors
fcjocifn-1,TMA00318,CGRP-Zeta,False,False,False,CGRP-Zeta
fcjpioag-1,TMA00318,CGRP-Theta,False,False,False,CGRP-Theta
fckeflfh-1,TMA00318,CGRP-Theta,False,False,False,CGRP-Theta
fckpgnnl-1,TMA00318,Proprioceptors,False,False,False,Proprioceptors
fckpmnfg-1,TMA00318,CGRP-Theta,False,False,False,CGRP-Theta
fclepcpp-1,TMA00318,Nonpeptidergic nociceptors,False,False,False,Nonpeptidergic nociceptors
fcmcoabk-1,TMA00318,Nonpeptidergic nociceptors,False,False,False,Nonpeptidergic nociceptors
fcmddlpc-1,TMA00318,Nonpeptidergic nociceptors,False,False,False,Nonpeptidergic nociceptors
fcmhmldm-1,TMA00318,Nonpeptidergic nociceptors,False,False,False,Nonpeptidergic nociceptors
fcnddgpk-1,TMA00318,Abeta-Field,False,False,False,Abeta-Field
fcokcgie-1,TMA00318,Nonpeptidergic nociceptors,False,False,False,Nonpeptidergic nociceptors
fcpkfleg-1,TMA00318,Proprioceptors,False,False,False,Proprioceptors
fdadcdpa-1,TMA00318,Nonpeptidergic nociceptors,False,False,False,Nonpeptidergic nociceptors
fdbbmpkp-1,TMA00318,Proprioceptors,False,False,False,Proprioceptors
fdbdnjbl-1,TMA00318,Proprioceptors,False,False,False,Proprioceptors
fdbpaijj-1,TMA00318,Proprioceptors,False,False,False,Proprioceptors
fdfpkjgb-1,TMA00318,Nonpeptidergic nociceptors,False,False,False,Nonpeptidergic nociceptors
fdgcgbbe-1,TMA00318,Nonpeptidergic nociceptors,False,False,False,Nonpeptidergic nociceptors
fdgfagmg-1,TMA00318,Nonpeptidergic nociceptors,False,False,False,Nonpeptidergic nociceptors
fdjlalam-1,TMA00318,CGRP-Theta,False,False,False,CGRP-Theta
fdjmmmlm-1,TMA00318,CGRP-Theta,False,False,False,CGRP-Theta
fdkapmie-1,TMA00318,Sst,False,False,False,Sst
fdkhadme-1,TMA00318,Sst,False,False,False,Sst
fdkmmdig-1,TMA00318,Sst,False,False,False,Sst
fdlgggkp-1,TMA00318,CGRP-Gamma 1,False,False,False,CGRP-Gamma 1
fdlggpdg-1,TMA00318,Nonpeptidergic nociceptors,False,False,False,Nonpeptidergic nociceptors
fdmfekah-1,TMA00318,Nonpeptidergic nociceptors,False,False,False,Nonpeptidergic nociceptors
fdmnjdhk-1,TMA00318,Abeta-Field,False,False,False,Abeta-Field
feaejdgo-1,TMA00318,Nonpeptidergic nociceptors,False,False,False,Nonpeptidergic nociceptors
feancocl-1,TMA00318,CGRP-Alpha,False,False,False,CGRP-Alpha
fefkhhoe-1,TMA00318,TrpM8,False,False,False,TrpM8
fegcfcpb-1,TMA00318,CGRP-Alpha,False,False,False,CGRP-Alpha
fehophhf-1,TMA00318,Sst,False,False,False,Sst
fejconhe-1,TMA00318,Abeta-RA-LTMR,False,False,False,Abeta-RA-LTMR
fejdpgej-1,TMA00318,Nonpeptidergic nociceptors,False,False,False,Nonpeptidergic nociceptors
fejfmlba-1,TMA00318,C-LTMR,False,False,False,C-LTMR
fekefcan-1,TMA00318,C-LTMR,False,False,False,C-LTMR
fekemhhe-1,TMA00318,Nonpeptidergic nociceptors,False,False,False,Nonpeptidergic nociceptors
fekfbeon-1,TMA00318,C-LTMR,False,False,False,C-LTMR
fekfjalh-1,TMA00318,C-LTMR,False,False,False,C-LTMR
feklaokk-1,TMA00318,Nonpeptidergic nociceptors,False,False,False,Nonpeptidergic nociceptors
felenemi-1,TMA00318,Nonpeptidergic nociceptors,False,False,False,Nonpeptidergic nociceptors
femamajh-1,TMA00318,CGRP-Eta,False,False,False,CGRP-Eta
femcjjgb-1,TMA00318,CGRP-Eta,False,False,False,CGRP-Eta
feneboci-1,TMA00318,Nonpeptidergic nociceptors,False,False,False,Nonpeptidergic nociceptors
fenekjcl-1,TMA00318,Nonpeptidergic nociceptors,False,False,False,Nonpeptidergic nociceptors
feonfoen-1,TMA00318,Nonpeptidergic nociceptors,False,False,False,Nonpeptidergic nociceptors
fepfgmpg-1,TMA00318,CGRP-Epsilion,False,False,False,CGRP-Epsilion
fepgbnaj-1,TMA00318,CGRP-Alpha,False,False,False,CGRP-Alpha
fepgkkpc-1,TMA00318,TrpM8,False,False,False,TrpM8
ffajgdom-1,TMA00318,Nonpeptidergic nociceptors,False,False,False,Nonpeptidergic nociceptors
ffapgbpe-1,TMA00318,Nonpeptidergic nociceptors,False,False,False,Nonpeptidergic nociceptors
ffcjhaco-1,TMA00318,CGRP-Zeta,False,False,False,CGRP-Zeta
ffcjopfe-1,TMA00318,CGRP-Alpha,False,False,False,CGRP-Alpha
ffdhncjf-1,TMA00318,Nonpeptidergic nociceptors,False,False,False,Nonpeptidergic nociceptors
ffdlalec-1,TMA00318,Nonpeptidergic nociceptors,False,False,False,Nonpeptidergic nociceptors
ffdnflmm-1,TMA00318,Nonpeptidergic nociceptors,False,False,False,Nonpeptidergic nociceptors
ffecgdjf-1,TMA00318,CGRP-Eta,False,False,False,CGRP-Eta
ffegaaga-1,TMA00318,Proprioceptors,False,False,False,Proprioceptors
fffamafm-1,TMA00318,Abeta-RA-LTMR,False,False,False,Abeta-RA-LTMR
ffgciabj-1,TMA00318,CGRP-Alpha,False,False,False,CGRP-Alpha
ffgfnega-1,TMA00318,C-LTMR,False,False,False,C-LTMR
ffghdcan-1,TMA00318,Proprioceptors,False,False,False,Proprioceptors
ffgjgpdg-1,TMA00318,Nonpeptidergic nociceptors,False,False,False,Nonpeptidergic nociceptors
ffgpigfi-1,TMA00318,Nonpeptidergic nociceptors,False,False,False,Nonpeptidergic nociceptors
ffhgibdm-1,TMA00318,CGRP-Epsilion,False,False,False,CGRP-Epsilion
ffhldajh-1,TMA00318,TrpM8,False,False,False,TrpM8
ffhmcdkh-1,TMA00318,Nonpeptidergic nociceptors,False,False,False,Nonpeptidergic nociceptors
ffidmeph-1,TMA00318,CGRP-Eta,False,False,False,CGRP-Eta
ffieddbg-1,TMA00318,CGRP-Eta,False,False,False,CGRP-Eta
ffieheeo-1,TMA00318,Nonpeptidergic nociceptors,False,False,False,Nonpeptidergic nociceptors
ffiigmmj-1,TMA00318,Nonpeptidergic nociceptors,False,False,False,Nonpeptidergic nociceptors
ffimoakb-1,TMA00318,C-LTMR,False,False,False,C-LTMR
ffipilaj-1,TMA00318,C-LTMR,False,False,False,C-LTMR
ffjedgdb-1,TMA00318,C-LTMR,False,False,False,C-LTMR
ffjifpdd-1,TMA00318,C-LTMR,False,False,False,C-LTMR
ffkdllbd-1,TMA00318,C-LTMR,False,False,False,C-LTMR
fflkdmom-1,TMA00318,Nonpeptidergic nociceptors,False,False,False,Nonpeptidergic nociceptors
fflknpji-1,TMA00318,Nonpeptidergic nociceptors,False,False,False,Nonpeptidergic nociceptors
fflomino-1,TMA00318,Nonpeptidergic nociceptors,False,False,False,Nonpeptidergic nociceptors
ffmghekk-1,TMA00318,Nonpeptidergic nociceptors,False,False,False,Nonpeptidergic nociceptors
ffmklchk-1,TMA00318,Nonpeptidergic nociceptors,False,False,False,Nonpeptidergic nociceptors
ffnimlcg-1,TMA00318,Nonpeptidergic nociceptors,False,False,False,Nonpeptidergic nociceptors
fgbpflic-1,TMA00318,CGRP-Theta,False,False,False,CGRP-Theta
fgcndkjg-1,TMA00318,Nonpeptidergic nociceptors,False,False,False,Nonpeptidergic nociceptors
fgdnopka-1,TMA00318,Nonpeptidergic nociceptors,False,False,False,Nonpeptidergic nociceptors
fgeaplib-1,TMA00318,Nonpeptidergic nociceptors,False,False,False,Nonpeptidergic nociceptors
fgefdeaa-1,TMA00318,CGRP-Theta,False,False,False,CGRP-Theta
fgefieml-1,TMA00318,Nonpeptidergic nociceptors,False,False,False,Nonpeptidergic nociceptors
fgehgpgj-1,TMA00318,CGRP-Theta,False,False,False,CGRP-Theta
fgenbhag-1,TMA00318,CGRP-Alpha,False,False,False,CGRP-Alpha
fgfbelfa-1,TMA00318,Nonpeptidergic nociceptors,False,False,False,Nonpeptidergic nociceptors
fgjndobj-1,TMA00318,Nonpeptidergic nociceptors,False,False,False,Nonpeptidergic nociceptors
fglamifn-1,TMA00318,Nonpeptidergic nociceptors,False,False,False,Nonpeptidergic nociceptors
fgloeacn-1,TMA00318,CGRP-Zeta,False,False,False,CGRP-Zeta
fgoiihbh-1,TMA00318,CGRP-Theta,False,False,False,CGRP-Theta
fgoiloil-1,TMA00318,Nonpeptidergic nociceptors,False,False,False,Nonpeptidergic nociceptors
fgolaahl-1,TMA00318,C-LTMR,False,False,False,C-LTMR
fgongnid-1,TMA00318,Nonpeptidergic nociceptors,False,False,False,Nonpeptidergic nociceptors
fhclbina-1,TMA00318,CGRP-Theta,False,False,False,CGRP-Theta
fhcmikjd-1,TMA00318,Nonpeptidergic nociceptors,False,False,False,Nonpeptidergic nociceptors
fhdjopgp-1,TMA00318,Nonpeptidergic nociceptors,False,False,False,Nonpeptidergic nociceptors
fhdkagec-1,TMA00318,Nonpeptidergic nociceptors,False,False,False,Nonpeptidergic nociceptors
fhfamkeo-1,TMA00318,Nonpeptidergic nociceptors,False,False,False,Nonpeptidergic nociceptors
fhfgkoia-1,TMA00318,Sst,False,False,False,Sst
fhflfgcd-1,TMA00318,Nonpeptidergic nociceptors,False,False,False,Nonpeptidergic nociceptors
fhgfagif-1,TMA00318,CGRP-Eta,False,False,False,CGRP-Eta
fhgfpofk-1,TMA00318,Nonpeptidergic nociceptors,False,False,False,Nonpeptidergic nociceptors
fhhlkcnh-1,TMA00318,Proprioceptors,False,False,False,Proprioceptors
fhhoikog-1,TMA00318,TrpM8,False,False,False,TrpM8
fhidflea-1,TMA00318,CGRP-Theta,False,False,False,CGRP-Theta
fhidhjon-1,TMA00318,CGRP-Epsilion,False,False,False,CGRP-Epsilion
fhijijog-1,TMA00318,Nonpeptidergic nociceptors,False,False,False,Nonpeptidergic nociceptors
fhikgegn-1,TMA00318,Abeta-Field,False,False,False,Abeta-Field
fhjbpidj-1,TMA00318,CGRP-Theta,False,False,False,CGRP-Theta
fhklgfgp-1,TMA00318,Nonpeptidergic nociceptors,False,False,False,Nonpeptidergic nociceptors
fhlabanh-1,TMA00318,Nonpeptidergic nociceptors,False,False,False,Nonpeptidergic nociceptors
fhlmbkjc-1,TMA00318,Nonpeptidergic nociceptors,False,False,False,Nonpeptidergic nociceptors
fhmcmpep-1,TMA00318,Nonpeptidergic nociceptors,False,False,False,Nonpeptidergic nociceptors
fhnbmnfm-1,TMA00318,Proprioceptors,False,False,False,Proprioceptors
fidhlhcl-1,TMA00318,CGRP-Eta,False,False,False,CGRP-Eta
fidokkmo-1,TMA00318,TrpM8,False,False,False,TrpM8
fiibdged-1,TMA00318,CGRP-Theta,False,False,False,CGRP-Theta
fijfhclo-1,TMA00318,CGRP-Eta,False,False,False,CGRP-Eta
fijihmlb-1,TMA00318,Sst,False,False,False,Sst
fijomboi-1,TMA00318,Nonpeptidergic nociceptors,False,False,False,Nonpeptidergic nociceptors
fikpdmab-1,TMA00318,Sst,False,False,False,Sst
fimeeool-1,TMA00318,Sst,False,False,False,Sst
fjeaooch-1,TMA00318,Nonpeptidergic nociceptors,False,False,False,Nonpeptidergic nociceptors
fjfhccoe-1,TMA00318,Nonpeptidergic nociceptors,False,False,False,Nonpeptidergic nociceptors
fjgnfhcl-1,TMA00318,Nonpeptidergic nociceptors,False,False,False,Nonpeptidergic nociceptors
fjhglimk-1,TMA00318,Nonpeptidergic nociceptors,False,False,False,Nonpeptidergic nociceptors
fjhkpmaf-1,TMA00318,Nonpeptidergic nociceptors,False,False,False,Nonpeptidergic nociceptors
fjmafocp-1,TMA00318,Sst,False,False,False,Sst
fjngcggd-1,TMA00318,Sst,False,False,False,Sst
fjnhagoh-1,TMA00318,Nonpeptidergic nociceptors,False,False,False,Nonpeptidergic nociceptors
fjogamgo-1,TMA00318,Sst,False,False,False,Sst
fjokllgi-1,TMA00318,Nonpeptidergic nociceptors,False,False,False,Nonpeptidergic nociceptors
flaoench-1,TMA00318,Sst,False,False,False,Sst
flbaghpo-1,TMA00318,CGRP-Gamma 1,False,False,False,CGRP-Gamma 1
flbcjiff-1,TMA00318,Nonpeptidergic nociceptors,False,False,False,Nonpeptidergic nociceptors
flbljmoa-1,TMA00318,Nonpeptidergic nociceptors,False,False,False,Nonpeptidergic nociceptors
flbmbhca-1,TMA00318,Nonpeptidergic nociceptors,False,False,False,Nonpeptidergic nociceptors
flbmdagk-1,TMA00318,C-LTMR,False,False,False,C-LTMR
flcofnpi-1,TMA00318,CGRP-Theta,False,False,False,CGRP-Theta
fldcfbgm-1,TMA00318,CGRP-Eta,False,False,False,CGRP-Eta
fldobgmc-1,TMA00318,CGRP-Theta,False,False,False,CGRP-Theta
fldpihdp-1,TMA00318,Nonpeptidergic nociceptors,False,False,False,Nonpeptidergic nociceptors
fleabnfd-1,TMA00318,Nonpeptidergic nociceptors,False,False,False,Nonpeptidergic nociceptors
flecpcpp-1,TMA00318,CGRP-Theta,False,False,False,CGRP-Theta
flfpkjog-1,TMA00318,Nonpeptidergic nociceptors,False,False,False,Nonpeptidergic nociceptors
flgbppei-1,TMA00318,Nonpeptidergic nociceptors,False,False,False,Nonpeptidergic nociceptors
flipifap-1,TMA00318,Nonpeptidergic nociceptors,False,False,False,Nonpeptidergic nociceptors
flknnhlb-1,TMA00318,Nonpeptidergic nociceptors,False,False,False,Nonpeptidergic nociceptors
fllfdhmb-1,TMA00318,Nonpeptidergic nociceptors,False,False,False,Nonpeptidergic nociceptors
flliaiai-1,TMA00318,Abeta-RA-LTMR,False,False,False,Abeta-RA-LTMR
fmlgojej-1,TMA00318,TrpM8,False,False,False,TrpM8
fmoonmjm-1,TMA00318,CGRP-Zeta,False,False,False,CGRP-Zeta
fnodhejn-1,TMA00318,CGRP-Epsilion,False,False,False,CGRP-Epsilion
foadmnpc-1,TMA00318,CGRP-Gamma 1,False,False,False,CGRP-Gamma 1
foadogjj-1,TMA00318,CGRP-Beta,False,False,False,CGRP-Beta
foaemppm-1,TMA00318,CGRP-Gamma 1,False,False,False,CGRP-Gamma 1
foafecca-1,TMA00318,Adelta-LTMR,False,False,False,Adelta-LTMR
foaldobl-1,TMA00318,Adelta-LTMR,False,False,False,Adelta-LTMR
fobbegmi-1,TMA00318,Abeta-Field,False,False,False,Abeta-Field
fobcikan-1,TMA00318,Nonpeptidergic nociceptors,False,False,False,Nonpeptidergic nociceptors
fobgijdb-1,TMA00318,CGRP-Zeta,False,False,False,CGRP-Zeta
focheogd-1,TMA00318,Nonpeptidergic nociceptors,False,False,False,Nonpeptidergic nociceptors
fochofkl-1,TMA00318,Adelta-LTMR,False,False,False,Adelta-LTMR
focibain-1,TMA00318,Nonpeptidergic nociceptors,False,False,False,Nonpeptidergic nociceptors
focikdba-1,TMA00318,Nonpeptidergic nociceptors,False,False,False,Nonpeptidergic nociceptors
fodekpob-1,TMA00318,Nonpeptidergic nociceptors,False,False,False,Nonpeptidergic nociceptors
fodfcefb-1,TMA00318,Abeta-Field,False,False,False,Abeta-Field
fodioipb-1,TMA00318,Abeta-RA-LTMR,False,False,False,Abeta-RA-LTMR
foeeflfg-1,TMA00318,Abeta-Field,False,False,False,Abeta-Field
foeljeik-1,TMA00318,CGRP-Gamma 2,False,False,False,CGRP-Gamma 2
fofnidbi-1,TMA00318,Nonpeptidergic nociceptors,False,False,False,Nonpeptidergic nociceptors
fofpckjn-1,TMA00318,CGRP-Eta,False,False,False,CGRP-Eta
fogoiipd-1,TMA00318,Adelta-LTMR,False,False,False,Adelta-LTMR
fohbaoic-1,TMA00318,CGRP-Gamma 1,False,False,False,CGRP-Gamma 1
fohfchma-1,TMA00318,CGRP-Gamma 1,False,False,False,CGRP-Gamma 1
fohgalpn-1,TMA00318,CGRP-Gamma 1,False,False,False,CGRP-Gamma 1
fohgoeij-1,TMA00318,CGRP-Gamma 2,False,False,False,CGRP-Gamma 2
fohhdmce-1,TMA00318,CGRP-Gamma 2,False,False,False,CGRP-Gamma 2
fohmoijo-1,TMA00318,CGRP-Gamma 2,False,False,False,CGRP-Gamma 2
foidibjf-1,TMA00318,CGRP-Gamma 2,False,False,False,CGRP-Gamma 2
foidoiph-1,TMA00318,CGRP-Gamma 1,False,False,False,CGRP-Gamma 1
foihgdei-1,TMA00318,CGRP-Eta,False,False,False,CGRP-Eta
foijhogh-1,TMA00318,CGRP-Gamma 1,False,False,False,CGRP-Gamma 1
foiklpkp-1,TMA00318,CGRP-Epsilion,False,False,False,CGRP-Epsilion
fojagpac-1,TMA00318,TrpM8,False,False,False,TrpM8
fojjfdgc-1,TMA00318,CGRP-Gamma 1,False,False,False,CGRP-Gamma 1
fojjflhk-1,TMA00318,CGRP-Gamma 2,True,True,True,CGRP-Gamma 2
fojlbdhi-1,TMA00318,CGRP-Zeta,False,False,False,CGRP-Zeta
fpgjidml-1,TMA00318,CGRP-Alpha,False,False,False,CGRP-Alpha
fpglcffi-1,TMA00318,CGRP-Alpha,False,False,False,CGRP-Alpha
fpicjjga-1,TMA00318,Nonpeptidergic nociceptors,False,False,False,Nonpeptidergic nociceptors
fpickgcc-1,TMA00318,Nonpeptidergic nociceptors,False,False,False,Nonpeptidergic nociceptors
fpiegjpa-1,TMA00318,Proprioceptors,False,False,False,Proprioceptors
fpjinkpp-1,TMA00318,Nonpeptidergic nociceptors,False,False,False,Nonpeptidergic nociceptors
fplnchib-1,TMA00318,C-LTMR,False,False,False,C-LTMR
fpoiambn-1,TMA00318,Abeta-RA-LTMR,False,False,False,Abeta-RA-LTMR
fpppdpha-1,TMA00318,Abeta-Field,False,False,False,Abeta-Field
gaandjaa-1,TMA00318,Nonpeptidergic nociceptors,False,False,False,Nonpeptidergic nociceptors
gaaocdga-1,TMA00318,Proprioceptors,False,False,False,Proprioceptors
gabilobf-1,TMA00318,C-LTMR,False,False,False,C-LTMR
gaboniec-1,TMA00318,C-LTMR,False,False,False,C-LTMR
gacdjcof-1,TMA00318,CGRP-Alpha,False,False,False,CGRP-Alpha
gacgmpaj-1,TMA00318,Abeta-Field,False,False,False,Abeta-Field
gadbldhp-1,TMA00318,CGRP-Theta,False,False,False,CGRP-Theta
gadgacmc-1,TMA00318,Nonpeptidergic nociceptors,False,False,False,Nonpeptidergic nociceptors
gadgpedo-1,TMA00318,Nonpeptidergic nociceptors,False,False,False,Nonpeptidergic nociceptors
gadljmck-1,TMA00318,Nonpeptidergic nociceptors,False,False,False,Nonpeptidergic nociceptors
galdnopf-1,TMA00318,CGRP-Theta,False,False,False,CGRP-Theta
galkebhe-1,TMA00318,CGRP-Theta,False,False,False,CGRP-Theta
galmcdjm-1,TMA00318,Proprioceptors,False,False,False,Proprioceptors
galngjcm-1,TMA00318,Adelta-LTMR,False,False,False,Adelta-LTMR
gaohkpof-1,TMA00318,Proprioceptors,False,False,False,Proprioceptors
gcbnlbom-1,TMA00318,Abeta-RA-LTMR,False,False,False,Abeta-RA-LTMR
gccachfn-1,TMA00318,Abeta-RA-LTMR,False,False,False,Abeta-RA-LTMR
gdmfmgeo-1,TMA00318,TrpM8,False,False,False,TrpM8
gdmifoeg-1,TMA00318,CGRP-Eta,False,False,False,CGRP-Eta
gdmljojc-1,TMA00318,TrpM8,False,False,False,TrpM8
gdmngaei-1,TMA00318,CGRP-Beta,False,False,False,CGRP-Beta
gdmpaela-1,TMA00318,Abeta-Field,False,False,False,Abeta-Field
gdodojbg-1,TMA00318,C-LTMR,False,False,False,C-LTMR
gdpmnfmj-1,TMA00318,CGRP-Alpha,False,False,False,CGRP-Alpha
gdppeack-1,TMA00318,Nonpeptidergic nociceptors,False,False,False,Nonpeptidergic nociceptors
gdppjkee-1,TMA00318,CGRP-Gamma 1,False,False,False,CGRP-Gamma 1
geaadghm-1,TMA00318,CGRP-Alpha,False,False,False,CGRP-Alpha
geaffhcc-1,TMA00318,C-LTMR,False,False,False,C-LTMR
geafhfkc-1,TMA00318,Proprioceptors,False,False,False,Proprioceptors
gealpigl-1,TMA00318,C-LTMR,False,False,False,C-LTMR
gedbffoh-1,TMA00318,Nonpeptidergic nociceptors,False,False,False,Nonpeptidergic nociceptors
gedingeb-1,TMA00318,Abeta-Field,False,False,False,Abeta-Field
geecidfe-1,TMA00318,CGRP-Gamma 2,False,False,False,CGRP-Gamma 2
geecnmhe-1,TMA00318,Nonpeptidergic nociceptors,False,False,False,Nonpeptidergic nociceptors
geedndai-1,TMA00318,Abeta-Field,False,False,False,Abeta-Field
geeldoom-1,TMA00318,CGRP-Gamma 1,False,False,False,CGRP-Gamma 1
geeljlni-1,TMA00318,Proprioceptors,False,False,False,Proprioceptors
geeofeih-1,TMA00318,CGRP-Zeta,False,False,False,CGRP-Zeta
geepoogg-1,TMA00318,CGRP-Gamma 2,False,False,False,CGRP-Gamma 2
gefaccih-1,TMA00318,CGRP-Gamma 1,False,False,False,CGRP-Gamma 1
gefccfem-1,TMA00318,Proprioceptors,False,False,False,Proprioceptors
geffloig-1,TMA00318,Nonpeptidergic nociceptors,False,False,False,Nonpeptidergic nociceptors
geflhelh-1,TMA00318,Adelta-LTMR,False,False,False,Adelta-LTMR
gefnhafi-1,TMA00318,Adelta-LTMR,False,False,False,Adelta-LTMR
gegbgiod-1,TMA00318,Nonpeptidergic nociceptors,False,False,False,Nonpeptidergic nociceptors
gegjdfih-1,TMA00318,C-LTMR,False,False,False,C-LTMR
gegkhmag-1,TMA00318,Nonpeptidergic nociceptors,False,False,False,Nonpeptidergic nociceptors
gegmdijo-1,TMA00318,Nonpeptidergic nociceptors,False,False,False,Nonpeptidergic nociceptors
gegmhjin-1,TMA00318,Nonpeptidergic nociceptors,False,False,False,Nonpeptidergic nociceptors
gegnihnh-1,TMA00318,CGRP-Gamma 2,False,False,False,CGRP-Gamma 2
gegpaajc-1,TMA00318,Abeta-Field,False,False,False,Abeta-Field
gehbanab-1,TMA00318,CGRP-Eta,False,False,False,CGRP-Eta
gehgaccd-1,TMA00318,Nonpeptidergic nociceptors,False,False,False,Nonpeptidergic nociceptors
gehhljpd-1,TMA00318,Nonpeptidergic nociceptors,False,False,False,Nonpeptidergic nociceptors
gehioljl-1,TMA00318,Nonpeptidergic nociceptors,False,False,False,Nonpeptidergic nociceptors
gehklnak-1,TMA00318,CGRP-Gamma 1,False,False,False,CGRP-Gamma 1
geicfdee-1,TMA00318,Abeta-Field,False,False,False,Abeta-Field
geiepceb-1,TMA00318,CGRP-Gamma 1,False,False,False,CGRP-Gamma 1
geihbphd-1,TMA00318,Nonpeptidergic nociceptors,False,False,False,Nonpeptidergic nociceptors
geingbih-1,TMA00318,Nonpeptidergic nociceptors,False,False,False,Nonpeptidergic nociceptors
gemgkefo-1,TMA00318,Abeta-Field,False,False,False,Abeta-Field
gemhldne-1,TMA00318,C-LTMR,False,False,False,C-LTMR
gemmjcpl-1,TMA00318,CGRP-Eta,False,False,False,CGRP-Eta
genagcif-1,TMA00318,CGRP-Eta,False,False,False,CGRP-Eta
gendmhlc-1,TMA00318,CGRP-Theta,False,False,False,CGRP-Theta
genmoied-1,TMA00318,CGRP-Theta,False,False,False,CGRP-Theta
geodiokj-1,TMA00318,CGRP-Eta,False,False,False,CGRP-Eta
geofkbkm-1,TMA00318,CGRP-Eta,False,False,False,CGRP-Eta
geoklooh-1,TMA00318,Proprioceptors,False,False,False,Proprioceptors
geolecll-1,TMA00318,Proprioceptors,False,False,False,Proprioceptors
gfdicbdb-1,TMA00318,Abeta-Field,False,False,False,Abeta-Field
gfefgkai-1,TMA00318,CGRP-Gamma 1,False,False,False,CGRP-Gamma 1
gfjminam-1,TMA00318,Nonpeptidergic nociceptors,False,False,False,Nonpeptidergic nociceptors
gfkfndij-1,TMA00318,Nonpeptidergic nociceptors,False,False,False,Nonpeptidergic nociceptors
gflcmjgb-1,TMA00318,Proprioceptors,False,False,False,Proprioceptors
gflhcmkp-1,TMA00318,Proprioceptors,False,False,False,Proprioceptors
gfloeadg-1,TMA00318,Proprioceptors,False,False,False,Proprioceptors
gfmppmcm-1,TMA00318,CGRP-Zeta,False,False,False,CGRP-Zeta
gfnpcmba-1,TMA00318,Proprioceptors,False,False,False,Proprioceptors
gfoajbdd-1,TMA00318,Abeta-RA-LTMR,False,False,False,Abeta-RA-LTMR
gfohcbgg-1,TMA00318,CGRP-Eta,False,False,False,CGRP-Eta
gfojcign-1,TMA00318,CGRP-Zeta,False,False,False,CGRP-Zeta
gfoknjch-1,TMA00318,CGRP-Theta,False,False,False,CGRP-Theta
gfpbgjae-1,TMA00318,CGRP-Zeta,False,False,False,CGRP-Zeta
gfphfnlb-1,TMA00318,Abeta-Field,False,False,False,Abeta-Field
ggilakdc-1,TMA00318,Abeta-RA-LTMR,False,False,False,Abeta-RA-LTMR
ggjaedoi-1,TMA00318,CGRP-Eta,False,False,False,CGRP-Eta
ggjecjck-1,TMA00318,Proprioceptors,False,False,False,Proprioceptors
ggjehlpd-1,TMA00318,CGRP-Theta,False,False,False,CGRP-Theta
ggjhcafm-1,TMA00318,CGRP-Eta,False,False,False,CGRP-Eta
ggjmkipo-1,TMA00318,Nonpeptidergic nociceptors,False,False,False,Nonpeptidergic nociceptors
ggkcgpjl-1,TMA00318,CGRP-Zeta,False,False,False,CGRP-Zeta
ggkegkod-1,TMA00318,TrpM8,False,False,False,TrpM8
ggkgncll-1,TMA00318,Nonpeptidergic nociceptors,False,False,False,Nonpeptidergic nociceptors
ggkmiepf-1,TMA00318,Proprioceptors,False,False,False,Proprioceptors
ggleldpk-1,TMA00318,CGRP-Epsilion,False,False,False,CGRP-Epsilion
gglfaabb-1,TMA00318,Nonpeptidergic nociceptors,False,False,False,Nonpeptidergic nociceptors
gglfkodf-1,TMA00318,Nonpeptidergic nociceptors,False,False,False,Nonpeptidergic nociceptors
gglibnej-1,TMA00318,CGRP-Gamma 1,False,False,False,CGRP-Gamma 1
gglinbap-1,TMA00318,CGRP-Epsilion,False,False,False,CGRP-Epsilion
ggljaaob-1,TMA00318,CGRP-Alpha,False,False,False,CGRP-Alpha
gglkemhg-1,TMA00318,CGRP-Epsilion,False,False,False,CGRP-Epsilion
ggmlpnij-1,TMA00318,Proprioceptors,False,False,False,Proprioceptors
ggmpofdg-1,TMA00318,Nonpeptidergic nociceptors,False,False,False,Nonpeptidergic nociceptors
ggnblglg-1,TMA00318,TrpM8,False,False,False,TrpM8
ggnhpjfi-1,TMA00318,C-LTMR,False,False,False,C-LTMR
ggnpgcae-1,TMA00318,CGRP-Zeta,False,False,False,CGRP-Zeta
ggoebapn-1,TMA00318,CGRP-Zeta,False,False,False,CGRP-Zeta
ggpkkooh-1,TMA00318,Proprioceptors,False,False,False,Proprioceptors
ggpmakkd-1,TMA00318,TrpM8,False,False,False,TrpM8
ghacollk-1,TMA00318,TrpM8,False,False,False,TrpM8
ghaejjio-1,TMA00318,CGRP-Eta,False,False,False,CGRP-Eta
ghagmjgh-1,TMA00318,Nonpeptidergic nociceptors,False,False,False,Nonpeptidergic nociceptors
ghajbdnd-1,TMA00318,Nonpeptidergic nociceptors,False,False,False,Nonpeptidergic nociceptors
ghanopek-1,TMA00318,Nonpeptidergic nociceptors,False,False,False,Nonpeptidergic nociceptors
ghaojngo-1,TMA00318,CGRP-Gamma 1,False,False,False,CGRP-Gamma 1
ghbcmhoe-1,TMA00318,Proprioceptors,False,False,False,Proprioceptors
ghbfkooh-1,TMA00318,CGRP-Epsilion,False,False,False,CGRP-Epsilion
ghbhakmg-1,TMA00318,CGRP-Alpha,False,False,False,CGRP-Alpha
ghbkdlob-1,TMA00318,CGRP-Gamma 1,False,False,False,CGRP-Gamma 1
ghbmjlpk-1,TMA00318,Nonpeptidergic nociceptors,False,False,False,Nonpeptidergic nociceptors
ghbmmeek-1,TMA00318,CGRP-Gamma 1,False,False,False,CGRP-Gamma 1
ghcajofb-1,TMA00318,CGRP-Theta,False,False,False,CGRP-Theta
ghcbjlhh-1,TMA00318,Proprioceptors,False,False,False,Proprioceptors
ghcgcigh-1,TMA00318,CGRP-Zeta,False,False,False,CGRP-Zeta
ghcgeaah-1,TMA00318,CGRP-Zeta,False,False,False,CGRP-Zeta
ghchhlfl-1,TMA00318,CGRP-Zeta,False,False,False,CGRP-Zeta
ghckebho-1,TMA00318,Proprioceptors,False,False,False,Proprioceptors
ghclffmn-1,TMA00318,Proprioceptors,False,False,False,Proprioceptors
ghdibgde-1,TMA00318,Proprioceptors,False,False,False,Proprioceptors
ghekpkdb-1,TMA00318,CGRP-Eta,False,False,False,CGRP-Eta
ghepjcab-1,TMA00318,CGRP-Eta,False,False,False,CGRP-Eta
ghfpiaka-1,TMA00318,Proprioceptors,False,False,False,Proprioceptors
ghgoepdb-1,TMA00318,CGRP-Epsilion,False,False,False,CGRP-Epsilion
ghheabdo-1,TMA00318,Abeta-Field,False,False,False,Abeta-Field
ghhjnidh-1,TMA00318,CGRP-Zeta,False,False,False,CGRP-Zeta
ghhpilkf-1,TMA00318,CGRP-Zeta,False,False,False,CGRP-Zeta
ghiaeffb-1,TMA00318,CGRP-Theta,False,False,False,CGRP-Theta
ghicgapd-1,TMA00318,Nonpeptidergic nociceptors,False,False,False,Nonpeptidergic nociceptors
ghipolem-1,TMA00318,Abeta-RA-LTMR,False,False,False,Abeta-RA-LTMR
ghjeegjm-1,TMA00318,CGRP-Eta,False,False,False,CGRP-Eta
ghjjaboo-1,TMA00318,CGRP-Eta,False,False,False,CGRP-Eta
ghkegbmo-1,TMA00318,CGRP-Eta,False,False,False,CGRP-Eta
ghkhipab-1,TMA00318,C-LTMR,False,False,False,C-LTMR
ghlabigh-1,TMA00318,Nonpeptidergic nociceptors,False,False,False,Nonpeptidergic nociceptors
ghlaplmb-1,TMA00318,Nonpeptidergic nociceptors,False,False,False,Nonpeptidergic nociceptors
ghlclpli-1,TMA00318,C-LTMR,False,False,False,C-LTMR
ghmapfco-1,TMA00318,C-LTMR,False,False,False,C-LTMR
ghnjjckj-1,TMA00318,CGRP-Theta,False,False,False,CGRP-Theta
ghnkgdik-1,TMA00318,CGRP-Theta,False,False,False,CGRP-Theta
ghnlbfhi-1,TMA00318,CGRP-Theta,False,False,False,CGRP-Theta
ghoceccn-1,TMA00318,CGRP-Zeta,False,False,False,CGRP-Zeta
ghodlofh-1,TMA00318,Nonpeptidergic nociceptors,False,False,False,Nonpeptidergic nociceptors
ghoegmda-1,TMA00318,CGRP-Zeta,False,False,False,CGRP-Zeta
ghohbmgk-1,TMA00318,Nonpeptidergic nociceptors,False,False,False,Nonpeptidergic nociceptors
ghpbnbmf-1,TMA00318,CGRP-Alpha,False,False,False,CGRP-Alpha
ghpckjpi-1,TMA00318,Nonpeptidergic nociceptors,False,False,False,Nonpeptidergic nociceptors
ghpdenig-1,TMA00318,Sst,False,False,False,Sst
ghpglfge-1,TMA00318,Nonpeptidergic nociceptors,False,False,False,Nonpeptidergic nociceptors
ghpmepho-1,TMA00318,Sst,False,False,False,Sst
giabgnif-1,TMA00318,C-LTMR,False,False,False,C-LTMR
giackppo-1,TMA00318,Nonpeptidergic nociceptors,False,False,False,Nonpeptidergic nociceptors
giafdkhf-1,TMA00318,Nonpeptidergic nociceptors,False,False,False,Nonpeptidergic nociceptors
giahkccg-1,TMA00318,CGRP-Eta,False,False,False,CGRP-Eta
gibfdgfn-1,TMA00318,Abeta-RA-LTMR,False,False,False,Abeta-RA-LTMR
gibkkbah-1,TMA00318,Abeta-RA-LTMR,False,False,False,Abeta-RA-LTMR
gibnbjim-1,TMA00318,CGRP-Epsilion,False,False,False,CGRP-Epsilion
giccgkeb-1,TMA00318,CGRP-Gamma 1,False,False,False,CGRP-Gamma 1
giccmhkj-1,TMA00318,CGRP-Gamma 1,False,False,False,CGRP-Gamma 1
gicdpach-1,TMA00318,C-LTMR,False,False,False,C-LTMR
gicdpkaf-1,TMA00318,Nonpeptidergic nociceptors,False,False,False,Nonpeptidergic nociceptors
gicepbjo-1,TMA00318,CGRP-Epsilion,False,False,False,CGRP-Epsilion
gichccbc-1,TMA00318,Nonpeptidergic nociceptors,False,False,False,Nonpeptidergic nociceptors
gicnbind-1,TMA00318,CGRP-Epsilion,False,False,False,CGRP-Epsilion
gicookoi-1,TMA00318,Nonpeptidergic nociceptors,False,False,False,Nonpeptidergic nociceptors
gidbijpm-1,TMA00318,Nonpeptidergic nociceptors,False,False,False,Nonpeptidergic nociceptors
gidblmom-1,TMA00318,CGRP-Epsilion,False,False,False,CGRP-Epsilion
gidebbkp-1,TMA00318,Abeta-RA-LTMR,False,False,False,Abeta-RA-LTMR
giflekpd-1,TMA00318,Nonpeptidergic nociceptors,False,False,False,Nonpeptidergic nociceptors
gifooiag-1,TMA00318,Nonpeptidergic nociceptors,False,False,False,Nonpeptidergic nociceptors
gigfcbmj-1,TMA00318,Nonpeptidergic nociceptors,False,False,False,Nonpeptidergic nociceptors
gihdblff-1,TMA00318,Nonpeptidergic nociceptors,False,False,False,Nonpeptidergic nociceptors
gihogeam-1,TMA00318,Nonpeptidergic nociceptors,False,False,False,Nonpeptidergic nociceptors
giibdcpg-1,TMA00318,Nonpeptidergic nociceptors,False,False,False,Nonpeptidergic nociceptors
giienkhm-1,TMA00318,Adelta-LTMR,False,False,False,Adelta-LTMR
giiimbni-1,TMA00318,TrpM8,False,False,False,TrpM8
gijiaomj-1,TMA00318,Sst,False,False,False,Sst
gijleihc-1,TMA00318,Nonpeptidergic nociceptors,False,False,False,Nonpeptidergic nociceptors
gikehcgk-1,TMA00318,Sst,False,False,False,Sst
gikhdipg-1,TMA00318,Sst,False,False,False,Sst
gikmhjea-1,TMA00318,Sst,False,False,False,Sst
gilcplfj-1,TMA00318,Proprioceptors,False,False,False,Proprioceptors
gimadoel-1,TMA00318,Nonpeptidergic nociceptors,False,False,False,Nonpeptidergic nociceptors
ginfonjj-1,TMA00318,CGRP-Alpha,False,False,False,CGRP-Alpha
ginkpgol-1,TMA00318,Sst,False,False,False,Sst
ginnpeio-1,TMA00318,CGRP-Alpha,False,False,False,CGRP-Alpha
gioeence-1,TMA00318,CGRP-Alpha,False,False,False,CGRP-Alpha
gjcjlhjo-1,TMA00318,Nonpeptidergic nociceptors,False,False,False,Nonpeptidergic nociceptors
gjcpcgin-1,TMA00318,C-LTMR,False,False,False,C-LTMR
gjendogb-1,TMA00318,Nonpeptidergic nociceptors,False,False,False,Nonpeptidergic nociceptors
gjepeben-1,TMA00318,C-LTMR,False,False,False,C-LTMR
gjgcdnnj-1,TMA00318,Nonpeptidergic nociceptors,False,False,False,Nonpeptidergic nociceptors
gjgfelia-1,TMA00318,Nonpeptidergic nociceptors,False,False,False,Nonpeptidergic nociceptors
gjgipcea-1,TMA00318,CGRP-Eta,False,False,False,CGRP-Eta
gjgmlggg-1,TMA00318,Nonpeptidergic nociceptors,False,False,False,Nonpeptidergic nociceptors
gjhbdmdp-1,TMA00318,Sst,False,False,False,Sst
gjhgjnel-1,TMA00318,Nonpeptidergic nociceptors,False,False,False,Nonpeptidergic nociceptors
gjhpafel-1,TMA00318,Nonpeptidergic nociceptors,False,False,False,Nonpeptidergic nociceptors
gjibgdga-1,TMA00318,Nonpeptidergic nociceptors,False,False,False,Nonpeptidergic nociceptors
gjidjeed-1,TMA00318,Nonpeptidergic nociceptors,False,False,False,Nonpeptidergic nociceptors
gjikheek-1,TMA00318,CGRP-Theta,False,False,False,CGRP-Theta
gjjldbee-1,TMA00318,CGRP-Alpha,False,False,False,CGRP-Alpha
gjjndkio-1,TMA00318,Nonpeptidergic nociceptors,False,False,False,Nonpeptidergic nociceptors
gjjoopik-1,TMA00318,C-LTMR,False,False,False,C-LTMR
gjmeangb-1,TMA00318,Abeta-Field,False,False,False,Abeta-Field
gjmjehnd-1,TMA00318,CGRP-Zeta,False,False,False,CGRP-Zeta
gjmnapje-1,TMA00318,Abeta-Field,False,False,False,Abeta-Field
gjninifp-1,TMA00318,CGRP-Zeta,False,False,False,CGRP-Zeta
gjogjnje-1,TMA00318,Abeta-Field,False,False,False,Abeta-Field
gjojmkol-1,TMA00318,Nonpeptidergic nociceptors,False,False,False,Nonpeptidergic nociceptors
gjpcmknp-1,TMA00318,C-LTMR,False,False,False,C-LTMR
gjpkghhe-1,TMA00318,Nonpeptidergic nociceptors,False,False,False,Nonpeptidergic nociceptors
gkailheh-1,TMA00318,CGRP-Epsilion,False,False,False,CGRP-Epsilion
gkbbpeig-1,TMA00318,Proprioceptors,False,False,False,Proprioceptors
gkbhcelj-1,TMA00318,Nonpeptidergic nociceptors,False,False,False,Nonpeptidergic nociceptors
gkcmjmgc-1,TMA00318,CGRP-Eta,False,False,False,CGRP-Eta
gkdbkppa-1,TMA00318,C-LTMR,False,False,False,C-LTMR
gkdjepco-1,TMA00318,Abeta-Field,False,False,False,Abeta-Field
gkdklcbl-1,TMA00318,CGRP-Eta,False,False,False,CGRP-Eta
gkdlhhgf-1,TMA00318,Nonpeptidergic nociceptors,False,False,False,Nonpeptidergic nociceptors
gkdogion-1,TMA00318,Nonpeptidergic nociceptors,False,False,False,Nonpeptidergic nociceptors
gkdpjocc-1,TMA00318,Nonpeptidergic nociceptors,False,False,False,Nonpeptidergic nociceptors
gkdppfkh-1,TMA00318,CGRP-Beta,False,False,False,CGRP-Beta
gkefpgom-1,TMA00318,CGRP-Alpha,False,False,False,CGRP-Alpha
gkeljgkn-1,TMA00318,Nonpeptidergic nociceptors,False,False,False,Nonpeptidergic nociceptors
gkendenp-1,TMA00318,CGRP-Eta,False,False,False,CGRP-Eta
gkenflah-1,TMA00318,Sst,False,False,False,Sst
gkfbeidh-1,TMA00318,Nonpeptidergic nociceptors,False,False,False,Nonpeptidergic nociceptors
gkgbddpc-1,TMA00318,CGRP-Eta,False,False,False,CGRP-Eta
gkgokcli-1,TMA00318,Nonpeptidergic nociceptors,False,False,False,Nonpeptidergic nociceptors
gkjmnjgb-1,TMA00318,C-LTMR,False,False,False,C-LTMR
gkkdlppg-1,TMA00318,C-LTMR,False,False,False,C-LTMR
gklplhig-1,TMA00318,Nonpeptidergic nociceptors,False,False,False,Nonpeptidergic nociceptors
gkmdfnnp-1,TMA00318,C-LTMR,False,False,False,C-LTMR
gkmfjekc-1,TMA00318,C-LTMR,False,False,False,C-LTMR
gkmpckop-1,TMA00318,CGRP-Gamma 1,False,False,False,CGRP-Gamma 1
gknalgfk-1,TMA00318,CGRP-Eta,False,False,False,CGRP-Eta
gknbgdbp-1,TMA00318,CGRP-Eta,False,False,False,CGRP-Eta
gknedehn-1,TMA00318,CGRP-Gamma 2,False,False,False,CGRP-Gamma 2
gknfpmik-1,TMA00318,Nonpeptidergic nociceptors,False,False,False,Nonpeptidergic nociceptors
gknhjoai-1,TMA00318,CGRP-Gamma 2,False,False,False,CGRP-Gamma 2
gknjkppn-1,TMA00318,Nonpeptidergic nociceptors,False,False,False,Nonpeptidergic nociceptors
gkolabkd-1,TMA00318,CGRP-Alpha,False,False,False,CGRP-Alpha
gkonmjmb-1,TMA00318,Nonpeptidergic nociceptors,False,False,False,Nonpeptidergic nociceptors
gkpchnim-1,TMA00318,Nonpeptidergic nociceptors,False,False,False,Nonpeptidergic nociceptors
gkpcolcg-1,TMA00318,CGRP-Epsilion,False,False,False,CGRP-Epsilion
gkpebefd-1,TMA00318,Nonpeptidergic nociceptors,False,False,False,Nonpeptidergic nociceptors
gkpfimok-1,TMA00318,Nonpeptidergic nociceptors,False,False,False,Nonpeptidergic nociceptors
glagnhbf-1,TMA00318,Nonpeptidergic nociceptors,False,False,False,Nonpeptidergic nociceptors
glbdkncj-1,TMA00318,CGRP-Gamma 1,False,False,False,CGRP-Gamma 1
glbiiegc-1,TMA00318,CGRP-Gamma 1,False,False,False,CGRP-Gamma 1
glbjjcdg-1,TMA00318,CGRP-Gamma 1,False,False,False,CGRP-Gamma 1
glcechni-1,TMA00318,Proprioceptors,False,False,False,Proprioceptors
glcehgkb-1,TMA00318,CGRP-Epsilion,False,False,False,CGRP-Epsilion
glckhphe-1,TMA00318,Nonpeptidergic nociceptors,False,False,False,Nonpeptidergic nociceptors
glgfcick-1,TMA00318,Nonpeptidergic nociceptors,False,False,False,Nonpeptidergic nociceptors
glgnmfah-1,TMA00318,Nonpeptidergic nociceptors,False,False,False,Nonpeptidergic nociceptors
glgopgph-1,TMA00318,CGRP-Eta,False,False,False,CGRP-Eta
glhibela-1,TMA00318,C-LTMR,False,False,False,C-LTMR
glhlkohm-1,TMA00318,CGRP-Alpha,False,False,False,CGRP-Alpha
glhlldgd-1,TMA00318,CGRP-Eta,False,False,False,CGRP-Eta
glhndldj-1,TMA00318,Nonpeptidergic nociceptors,False,False,False,Nonpeptidergic nociceptors
gliahbpj-1,TMA00318,CGRP-Alpha,False,False,False,CGRP-Alpha
glidifim-1,TMA00318,Abeta-Field,False,False,False,Abeta-Field
gljlheaj-1,TMA00318,Abeta-Field,False,False,False,Abeta-Field
gljnenbm-1,TMA00318,Abeta-Field,False,False,False,Abeta-Field
glkakini-1,TMA00318,CGRP-Eta,False,False,False,CGRP-Eta
glkhjilg-1,TMA00318,CGRP-Epsilion,False,False,False,CGRP-Epsilion
glkppmda-1,TMA00318,CGRP-Epsilion,False,False,False,CGRP-Epsilion
glljejdg-1,TMA00318,Nonpeptidergic nociceptors,False,False,False,Nonpeptidergic nociceptors
glmdkgal-1,TMA00318,Nonpeptidergic nociceptors,False,False,False,Nonpeptidergic nociceptors
glngfkda-1,TMA00318,CGRP-Eta,False,False,False,CGRP-Eta
gloebjkc-1,TMA00318,Nonpeptidergic nociceptors,False,False,False,Nonpeptidergic nociceptors
glofafpi-1,TMA00318,CGRP-Eta,False,False,False,CGRP-Eta
gloklkkc-1,TMA00318,Nonpeptidergic nociceptors,False,False,False,Nonpeptidergic nociceptors
glokmlbm-1,TMA00318,CGRP-Eta,False,False,False,CGRP-Eta
glpakedp-1,TMA00318,Nonpeptidergic nociceptors,False,False,False,Nonpeptidergic nociceptors
glpnjhln-1,TMA00318,Nonpeptidergic nociceptors,False,False,False,Nonpeptidergic nociceptors
gmafocje-1,TMA00318,Proprioceptors,False,False,False,Proprioceptors
gmaiicha-1,TMA00318,Nonpeptidergic nociceptors,False,False,False,Nonpeptidergic nociceptors
gmaohnlo-1,TMA00318,C-LTMR,False,False,False,C-LTMR
gmbalelb-1,TMA00318,Abeta-Field,False,False,False,Abeta-Field
gmbiiidi-1,TMA00318,TrpM8,False,False,False,TrpM8
gmcbmang-1,TMA00318,Proprioceptors,False,False,False,Proprioceptors
gmcgbjkh-1,TMA00318,Proprioceptors,False,False,False,Proprioceptors
gmcmmcpl-1,TMA00318,Nonpeptidergic nociceptors,False,False,False,Nonpeptidergic nociceptors
gmcpgpii-1,TMA00318,CGRP-Epsilion,False,False,False,CGRP-Epsilion
gmddbned-1,TMA00318,Nonpeptidergic nociceptors,False,False,False,Nonpeptidergic nociceptors
gmdipdah-1,TMA00318,Nonpeptidergic nociceptors,False,False,False,Nonpeptidergic nociceptors
gmehjhkm-1,TMA00318,CGRP-Zeta,False,False,False,CGRP-Zeta
gmekbjge-1,TMA00318,CGRP-Eta,False,False,False,CGRP-Eta
gmfgdbcn-1,TMA00318,Proprioceptors,False,False,False,Proprioceptors
gmfmojmm-1,TMA00318,Nonpeptidergic nociceptors,False,False,False,Nonpeptidergic nociceptors
gmfoeapj-1,TMA00318,Nonpeptidergic nociceptors,False,False,False,Nonpeptidergic nociceptors
gmhkpoil-1,TMA00318,C-LTMR,False,False,False,C-LTMR
gmhpdiod-1,TMA00318,Nonpeptidergic nociceptors,False,False,False,Nonpeptidergic nociceptors
gmhpojlo-1,TMA00318,CGRP-Alpha,False,False,False,CGRP-Alpha
gmianane-1,TMA00318,Nonpeptidergic nociceptors,False,False,False,Nonpeptidergic nociceptors
gmiekpfk-1,TMA00318,Nonpeptidergic nociceptors,False,False,False,Nonpeptidergic nociceptors
gmigjaic-1,TMA00318,C-LTMR,False,False,False,C-LTMR
gmillcfj-1,TMA00318,CGRP-Eta,False,False,False,CGRP-Eta
gmjglkga-1,TMA00318,CGRP-Eta,False,False,False,CGRP-Eta
gmjlmdmj-1,TMA00318,TrpM8,False,False,False,TrpM8
gmjmbmio-1,TMA00318,CGRP-Eta,False,False,False,CGRP-Eta
gmlbkndc-1,TMA00318,Proprioceptors,False,False,False,Proprioceptors
gmmajkoi-1,TMA00318,Nonpeptidergic nociceptors,False,False,False,Nonpeptidergic nociceptors
gmmcpije-1,TMA00318,Proprioceptors,False,False,False,Proprioceptors
gmmemhee-1,TMA00318,Nonpeptidergic nociceptors,False,False,False,Nonpeptidergic nociceptors
gmmhofbo-1,TMA00318,Nonpeptidergic nociceptors,False,False,False,Nonpeptidergic nociceptors
gmmndemf-1,TMA00318,CGRP-Alpha,False,False,False,CGRP-Alpha
gmnmfami-1,TMA00318,Nonpeptidergic nociceptors,False,False,False,Nonpeptidergic nociceptors
gmnpjbjb-1,TMA00318,CGRP-Eta,False,False,False,CGRP-Eta
gmnplghi-1,TMA00318,CGRP-Eta,False,False,False,CGRP-Eta
gmobggfg-1,TMA00318,Nonpeptidergic nociceptors,False,False,False,Nonpeptidergic nociceptors
gmodnaan-1,TMA00318,Nonpeptidergic nociceptors,False,False,False,Nonpeptidergic nociceptors
gmpcdclf-1,TMA00318,Nonpeptidergic nociceptors,False,False,False,Nonpeptidergic nociceptors
gnbpbmdb-1,TMA00318,Abeta-RA-LTMR,False,False,False,Abeta-RA-LTMR
gncgpbin-1,TMA00318,Nonpeptidergic nociceptors,False,False,False,Nonpeptidergic nociceptors
gndfkpeg-1,TMA00318,Proprioceptors,False,False,False,Proprioceptors
gndlimbc-1,TMA00318,Nonpeptidergic nociceptors,False,False,False,Nonpeptidergic nociceptors
gnehkkan-1,TMA00318,Proprioceptors,False,False,False,Proprioceptors
gnelhcgm-1,TMA00318,CGRP-Zeta,False,False,False,CGRP-Zeta
gnfjkpif-1,TMA00318,Nonpeptidergic nociceptors,False,False,False,Nonpeptidergic nociceptors
gnflkgae-1,TMA00318,Abeta-RA-LTMR,False,False,False,Abeta-RA-LTMR
gngfhohc-1,TMA00318,CGRP-Zeta,False,False,False,CGRP-Zeta
gngomfeo-1,TMA00318,Nonpeptidergic nociceptors,False,False,False,Nonpeptidergic nociceptors
gnhchjal-1,TMA00318,CGRP-Epsilion,False,False,False,CGRP-Epsilion
gnibhkel-1,TMA00318,Nonpeptidergic nociceptors,False,False,False,Nonpeptidergic nociceptors
gnikaphi-1,TMA00318,Nonpeptidergic nociceptors,False,False,False,Nonpeptidergic nociceptors
gniphdag-1,TMA00318,Proprioceptors,False,False,False,Proprioceptors
gnjcbdfe-1,TMA00318,Abeta-RA-LTMR,False,False,False,Abeta-RA-LTMR
gnjcbgpp-1,TMA00318,CGRP-Gamma 1,False,False,False,CGRP-Gamma 1
gnjppnba-1,TMA00318,Nonpeptidergic nociceptors,False,False,False,Nonpeptidergic nociceptors
gnkddpee-1,TMA00318,Nonpeptidergic nociceptors,False,False,False,Nonpeptidergic nociceptors
gnkiiglg-1,TMA00318,Nonpeptidergic nociceptors,False,False,False,Nonpeptidergic nociceptors
gnkmgbng-1,TMA00318,Abeta-RA-LTMR,False,False,False,Abeta-RA-LTMR
gnkmndog-1,TMA00318,Proprioceptors,False,False,False,Proprioceptors
gnknfdjl-1,TMA00318,Abeta-RA-LTMR,False,False,False,Abeta-RA-LTMR
gnlajenh-1,TMA00318,Nonpeptidergic nociceptors,False,False,False,Nonpeptidergic nociceptors
gnlcaihf-1,TMA00318,Nonpeptidergic nociceptors,False,False,False,Nonpeptidergic nociceptors
gnlklhkh-1,TMA00318,CGRP-Epsilion,False,False,False,CGRP-Epsilion
gnmaehbo-1,TMA00318,CGRP-Epsilion,False,False,False,CGRP-Epsilion
gnmddnhk-1,TMA00318,Nonpeptidergic nociceptors,False,False,False,Nonpeptidergic nociceptors
gnmjjcic-1,TMA00318,CGRP-Theta,False,False,False,CGRP-Theta
gnmkpkhj-1,TMA00318,CGRP-Theta,False,False,False,CGRP-Theta
gnneoalj-1,TMA00318,Nonpeptidergic nociceptors,False,False,False,Nonpeptidergic nociceptors
gnnipghj-1,TMA00318,CGRP-Theta,False,False,False,CGRP-Theta
gnnlcalg-1,TMA00318,Nonpeptidergic nociceptors,False,False,False,Nonpeptidergic nociceptors
gnnmpibl-1,TMA00318,Proprioceptors,False,False,False,Proprioceptors
gnokmcnj-1,TMA00318,Nonpeptidergic nociceptors,False,False,False,Nonpeptidergic nociceptors
gnpmomnh-1,TMA00318,Nonpeptidergic nociceptors,False,False,False,Nonpeptidergic nociceptors
gnpnconi-1,TMA00318,Abeta-Field,False,False,False,Abeta-Field
gnpolfdp-1,TMA00318,Nonpeptidergic nociceptors,False,False,False,Nonpeptidergic nociceptors
goacigda-1,TMA00318,Nonpeptidergic nociceptors,False,False,False,Nonpeptidergic nociceptors
gocbhici-1,TMA00318,Nonpeptidergic nociceptors,False,False,False,Nonpeptidergic nociceptors
goceabmf-1,TMA00318,Nonpeptidergic nociceptors,False,False,False,Nonpeptidergic nociceptors
gockcehm-1,TMA00318,Nonpeptidergic nociceptors,False,False,False,Nonpeptidergic nociceptors
godonjhe-1,TMA00318,Nonpeptidergic nociceptors,False,False,False,Nonpeptidergic nociceptors
goeailfn-1,TMA00318,Nonpeptidergic nociceptors,False,False,False,Nonpeptidergic nociceptors
goemgmen-1,TMA00318,CGRP-Gamma 1,False,False,False,CGRP-Gamma 1
goenimnb-1,TMA00318,CGRP-Gamma 1,False,False,False,CGRP-Gamma 1
goepeloj-1,TMA00318,CGRP-Alpha,False,False,False,CGRP-Alpha
gofhodjp-1,TMA00318,CGRP-Alpha,False,False,False,CGRP-Alpha
gofindhe-1,TMA00318,CGRP-Epsilion,False,False,False,CGRP-Epsilion
gogphpmb-1,TMA00318,CGRP-Alpha,False,False,False,CGRP-Alpha
gohcgjic-1,TMA00318,TrpM8,False,False,False,TrpM8
gohejjjg-1,TMA00318,CGRP-Alpha,False,False,False,CGRP-Alpha
gohigloa-1,TMA00318,Nonpeptidergic nociceptors,False,False,False,Nonpeptidergic nociceptors
gohjmmkn-1,TMA00318,Nonpeptidergic nociceptors,False,False,False,Nonpeptidergic nociceptors
gohjofbh-1,TMA00318,CGRP-Gamma 1,False,False,False,CGRP-Gamma 1
gohkipmj-1,TMA00318,Nonpeptidergic nociceptors,False,False,False,Nonpeptidergic nociceptors
goiandie-1,TMA00318,CGRP-Zeta,False,False,False,CGRP-Zeta
goihikaa-1,TMA00318,Nonpeptidergic nociceptors,False,False,False,Nonpeptidergic nociceptors
gojbgdll-1,TMA00318,CGRP-Eta,False,False,False,CGRP-Eta
gojnfhkh-1,TMA00318,Nonpeptidergic nociceptors,False,False,False,Nonpeptidergic nociceptors
gokafgei-1,TMA00318,CGRP-Alpha,False,False,False,CGRP-Alpha
gokdjimj-1,TMA00318,Nonpeptidergic nociceptors,False,False,False,Nonpeptidergic nociceptors
gokegnek-1,TMA00318,Nonpeptidergic nociceptors,False,False,False,Nonpeptidergic nociceptors
gokfbjnd-1,TMA00318,Nonpeptidergic nociceptors,False,False,False,Nonpeptidergic nociceptors
golblfbf-1,TMA00318,CGRP-Alpha,False,False,False,CGRP-Alpha
golcpphe-1,TMA00318,TrpM8,False,False,False,TrpM8
goldpjfj-1,TMA00318,Nonpeptidergic nociceptors,False,False,False,Nonpeptidergic nociceptors
goljoook-1,TMA00318,CGRP-Theta,False,False,False,CGRP-Theta
golkgnkn-1,TMA00318,CGRP-Alpha,False,False,False,CGRP-Alpha
gomlgemc-1,TMA00318,CGRP-Zeta,False,False,False,CGRP-Zeta
gomnbmbk-1,TMA00318,CGRP-Alpha,False,False,False,CGRP-Alpha
gonffnbn-1,TMA00318,CGRP-Eta,False,False,False,CGRP-Eta
gonlbaeg-1,TMA00318,CGRP-Eta,False,False,False,CGRP-Eta
gonpighh-1,TMA00318,CGRP-Zeta,False,False,False,CGRP-Zeta
goocjdde-1,TMA00318,Nonpeptidergic nociceptors,False,False,False,Nonpeptidergic nociceptors
goohelkc-1,TMA00318,Nonpeptidergic nociceptors,False,False,False,Nonpeptidergic nociceptors
goojnkif-1,TMA00318,CGRP-Eta,False,False,False,CGRP-Eta
goonlnbf-1,TMA00318,CGRP-Alpha,False,False,False,CGRP-Alpha
gopfdpce-1,TMA00318,Nonpeptidergic nociceptors,False,False,False,Nonpeptidergic nociceptors
gpagpfhe-1,TMA00318,Nonpeptidergic nociceptors,False,False,False,Nonpeptidergic nociceptors
gpalieap-1,TMA00318,CGRP-Eta,False,False,False,CGRP-Eta
gpamamka-1,TMA00318,CGRP-Eta,False,False,False,CGRP-Eta
gpaodhde-1,TMA00318,Nonpeptidergic nociceptors,False,False,False,Nonpeptidergic nociceptors
gpapmafi-1,TMA00318,Abeta-RA-LTMR,False,False,False,Abeta-RA-LTMR
gpbeoiec-1,TMA00318,Nonpeptidergic nociceptors,False,False,False,Nonpeptidergic nociceptors
gpbeoomc-1,TMA00318,Sst,False,False,False,Sst
gpboamgm-1,TMA00318,Nonpeptidergic nociceptors,False,False,False,Nonpeptidergic nociceptors
gpcekjlp-1,TMA00318,Sst,False,False,False,Sst
gpdafnne-1,TMA00318,CGRP-Alpha,False,False,False,CGRP-Alpha
gpdbjgnm-1,TMA00318,CGRP-Zeta,False,False,False,CGRP-Zeta
gpdcbnea-1,TMA00318,Nonpeptidergic nociceptors,False,False,False,Nonpeptidergic nociceptors
gpdglopd-1,TMA00318,CGRP-Alpha,False,False,False,CGRP-Alpha
gpdodcdl-1,TMA00318,CGRP-Alpha,False,False,False,CGRP-Alpha
gpeboogp-1,TMA00318,CGRP-Theta,False,False,False,CGRP-Theta
gpekigie-1,TMA00318,CGRP-Theta,False,False,False,CGRP-Theta
gpemfcnb-1,TMA00318,Nonpeptidergic nociceptors,False,False,False,Nonpeptidergic nociceptors
gpeompko-1,TMA00318,Nonpeptidergic nociceptors,False,False,False,Nonpeptidergic nociceptors
gpfaklae-1,TMA00318,Proprioceptors,False,False,False,Proprioceptors
gpfmdlgd-1,TMA00318,CGRP-Gamma 1,False,False,False,CGRP-Gamma 1
gpgadhgc-1,TMA00318,CGRP-Gamma 1,False,False,False,CGRP-Gamma 1
gpgfjicd-1,TMA00318,CGRP-Epsilion,False,False,False,CGRP-Epsilion
gpgjnnmb-1,TMA00318,CGRP-Zeta,False,False,False,CGRP-Zeta
gpgmaife-1,TMA00318,Nonpeptidergic nociceptors,False,False,False,Nonpeptidergic nociceptors
gpgobcbl-1,TMA00318,Abeta-RA-LTMR,False,False,False,Abeta-RA-LTMR
gphedfpg-1,TMA00318,Nonpeptidergic nociceptors,False,False,False,Nonpeptidergic nociceptors
gphmnokl-1,TMA00318,Nonpeptidergic nociceptors,False,False,False,Nonpeptidergic nociceptors
gphpaeck-1,TMA00318,Adelta-LTMR,False,False,False,Adelta-LTMR
gphplmjj-1,TMA00318,Proprioceptors,False,False,False,Proprioceptors
gpiafpkd-1,TMA00318,CGRP-Eta,False,False,False,CGRP-Eta
gpidhfle-1,TMA00318,Nonpeptidergic nociceptors,False,False,False,Nonpeptidergic nociceptors
gpjaicok-1,TMA00318,Nonpeptidergic nociceptors,False,False,False,Nonpeptidergic nociceptors
gpjgihng-1,TMA00318,Nonpeptidergic nociceptors,False,False,False,Nonpeptidergic nociceptors
gpjhaada-1,TMA00318,Adelta-LTMR,False,False,False,Adelta-LTMR
gpkabhpd-1,TMA00318,Nonpeptidergic nociceptors,False,False,False,Nonpeptidergic nociceptors
gpkdcgbe-1,TMA00318,Nonpeptidergic nociceptors,False,False,False,Nonpeptidergic nociceptors
gpkdedee-1,TMA00318,Nonpeptidergic nociceptors,False,False,False,Nonpeptidergic nociceptors
gpkoahap-1,TMA00318,CGRP-Zeta,False,False,False,CGRP-Zeta
gpkoeodk-1,TMA00318,Adelta-LTMR,False,False,False,Adelta-LTMR
gpkomnmi-1,TMA00318,TrpM8,False,False,False,TrpM8
gpmieffn-1,TMA00318,Nonpeptidergic nociceptors,False,False,False,Nonpeptidergic nociceptors
gpniilme-1,TMA00318,CGRP-Zeta,False,False,False,CGRP-Zeta
gpnjfmfm-1,TMA00318,Abeta-RA-LTMR,False,False,False,Abeta-RA-LTMR
gpodfibp-1,TMA00318,Nonpeptidergic nociceptors,False,False,False,Nonpeptidergic nociceptors
gpohfllh-1,TMA00318,Abeta-Field,False,False,False,Abeta-Field
gpoiilgn-1,TMA00318,CGRP-Gamma 1,False,False,False,CGRP-Gamma 1
gpoijolb-1,TMA00318,CGRP-Gamma 1,False,False,False,CGRP-Gamma 1
gpolokda-1,TMA00318,CGRP-Gamma 1,False,False,False,CGRP-Gamma 1
gpompcai-1,TMA00318,Sst,False,False,False,Sst
gponfnjj-1,TMA00318,C-LTMR,False,False,False,C-LTMR
gponpaeb-1,TMA00318,CGRP-Eta,False,False,False,CGRP-Eta
gpopleej-1,TMA00318,Nonpeptidergic nociceptors,False,False,False,Nonpeptidergic nociceptors
gppbgoeb-1,TMA00318,CGRP-Eta,False,False,False,CGRP-Eta
gppbjcok-1,TMA00318,Abeta-Field,False,False,False,Abeta-Field
gppfaoeo-1,TMA00318,Nonpeptidergic nociceptors,False,False,False,Nonpeptidergic nociceptors
gppfkkah-1,TMA00318,Abeta-Field,False,False,False,Abeta-Field
gppgcnhk-1,TMA00318,Nonpeptidergic nociceptors,False,False,False,Nonpeptidergic nociceptors
gppkpmna-1,TMA00318,CGRP-Theta,False,False,False,CGRP-Theta
gpplocji-1,TMA00318,Nonpeptidergic nociceptors,False,False,False,Nonpeptidergic nociceptors
gppmeicp-1,TMA00318,Abeta-RA-LTMR,False,False,False,Abeta-RA-LTMR
haaemgpp-1,TMA00318,Abeta-RA-LTMR,False,False,False,Abeta-RA-LTMR
haahkjpd-1,TMA00318,Abeta-RA-LTMR,False,False,False,Abeta-RA-LTMR
habagamp-1,TMA00318,Abeta-RA-LTMR,False,False,False,Abeta-RA-LTMR
habceabc-1,TMA00318,Abeta-Field,False,False,False,Abeta-Field
habcnlnm-1,TMA00318,Abeta-RA-LTMR,False,False,False,Abeta-RA-LTMR
habhelkb-1,TMA00318,Abeta-Field,False,False,False,Abeta-Field
habkmalf-1,TMA00318,CGRP-Alpha,False,False,False,CGRP-Alpha
haddhmfo-1,TMA00318,Abeta-RA-LTMR,False,False,False,Abeta-RA-LTMR
hadebfno-1,TMA00318,CGRP-Epsilion,False,False,False,CGRP-Epsilion
hadhbgpi-1,TMA00318,CGRP-Alpha,False,False,False,CGRP-Alpha
hadkiobe-1,TMA00318,CGRP-Alpha,False,False,False,CGRP-Alpha
hadocmde-1,TMA00318,CGRP-Theta,False,False,False,CGRP-Theta
haecmmko-1,TMA00318,Nonpeptidergic nociceptors,False,False,False,Nonpeptidergic nociceptors
haedjjcn-1,TMA00318,Nonpeptidergic nociceptors,False,False,False,Nonpeptidergic nociceptors
hafailhn-1,TMA00318,CGRP-Eta,False,False,False,CGRP-Eta
hafajmap-1,TMA00318,Nonpeptidergic nociceptors,False,False,False,Nonpeptidergic nociceptors
hafbhjac-1,TMA00318,CGRP-Eta,False,False,False,CGRP-Eta
hafdfmnb-1,TMA00318,Nonpeptidergic nociceptors,False,False,False,Nonpeptidergic nociceptors
hafkglmg-1,TMA00318,CGRP-Gamma 1,False,False,False,CGRP-Gamma 1
hafncioe-1,TMA00318,CGRP-Eta,False,False,False,CGRP-Eta
hagjegbc-1,TMA00318,TrpM8,False,False,False,TrpM8
hagmcffo-1,TMA00318,CGRP-Alpha,False,False,False,CGRP-Alpha
hagmhmog-1,TMA00318,Sst,False,False,False,Sst
hagnlbkc-1,TMA00318,CGRP-Gamma 1,False,False,False,CGRP-Gamma 1
hagnpghj-1,TMA00318,CGRP-Zeta,False,False,False,CGRP-Zeta
hahacgeg-1,TMA00318,CGRP-Zeta,False,False,False,CGRP-Zeta
hahdilpf-1,TMA00318,TrpM8,False,False,False,TrpM8
hahfdnge-1,TMA00318,Proprioceptors,False,False,False,Proprioceptors
hahfiabc-1,TMA00318,TrpM8,False,False,False,TrpM8
hahilgnm-1,TMA00318,CGRP-Eta,False,False,False,CGRP-Eta
hahlmikm-1,TMA00318,Proprioceptors,False,False,False,Proprioceptors
haideppn-1,TMA00318,TrpM8,False,False,False,TrpM8
haieppdb-1,TMA00318,CGRP-Eta,False,False,False,CGRP-Eta
hajaobdh-1,TMA00318,CGRP-Eta,False,False,False,CGRP-Eta
hajehdfe-1,TMA00318,CGRP-Gamma 2,False,False,False,CGRP-Gamma 2
hajnigdk-1,TMA00318,CGRP-Zeta,False,False,False,CGRP-Zeta
hakddanh-1,TMA00318,Sst,False,False,False,Sst
hakjedjk-1,TMA00318,CGRP-Eta,False,False,False,CGRP-Eta
hallkcam-1,TMA00318,CGRP-Eta,False,False,False,CGRP-Eta
halppnjc-1,TMA00318,CGRP-Gamma 1,False,False,False,CGRP-Gamma 1
hamcljho-1,TMA00318,TrpM8,False,False,False,TrpM8
hamdcihk-1,TMA00318,CGRP-Alpha,False,False,False,CGRP-Alpha
hamefnmg-1,TMA00318,CGRP-Theta,False,False,False,CGRP-Theta
hameinnm-1,TMA00318,CGRP-Theta,False,False,False,CGRP-Theta
hamijggp-1,TMA00318,CGRP-Zeta,False,False,False,CGRP-Zeta
hamobjgk-1,TMA00318,Nonpeptidergic nociceptors,False,False,False,Nonpeptidergic nociceptors
haneemag-1,TMA00318,Nonpeptidergic nociceptors,False,False,False,Nonpeptidergic nociceptors
hangccnm-1,TMA00318,Nonpeptidergic nociceptors,False,False,False,Nonpeptidergic nociceptors
hanjeahd-1,TMA00318,CGRP-Alpha,False,False,False,CGRP-Alpha
hankndab-1,TMA00318,CGRP-Alpha,False,False,False,CGRP-Alpha
hannnnok-1,TMA00318,Nonpeptidergic nociceptors,False,False,False,Nonpeptidergic nociceptors
haofnabf-1,TMA00318,CGRP-Eta,False,False,False,CGRP-Eta
haoifgjj-1,TMA00318,Sst,False,False,False,Sst
haolckkh-1,TMA00318,Nonpeptidergic nociceptors,False,False,False,Nonpeptidergic nociceptors
hapbeefd-1,TMA00318,Nonpeptidergic nociceptors,False,False,False,Nonpeptidergic nociceptors
hapengbi-1,TMA00318,CGRP-Eta,False,False,False,CGRP-Eta
hapfaapi-1,TMA00318,CGRP-Eta,False,False,False,CGRP-Eta
hapgdjfe-1,TMA00318,Nonpeptidergic nociceptors,False,False,False,Nonpeptidergic nociceptors
hapmgofb-1,TMA00318,TrpM8,False,False,False,TrpM8
hapnppfi-1,TMA00318,Nonpeptidergic nociceptors,False,False,False,Nonpeptidergic nociceptors
happabbe-1,TMA00318,Nonpeptidergic nociceptors,False,False,False,Nonpeptidergic nociceptors
happpggg-1,TMA00318,Nonpeptidergic nociceptors,False,False,False,Nonpeptidergic nociceptors
hbabaido-1,TMA00318,Nonpeptidergic nociceptors,False,False,False,Nonpeptidergic nociceptors
hbabdadh-1,TMA00318,CGRP-Eta,False,False,False,CGRP-Eta
hbakmiaf-1,TMA00318,CGRP-Epsilion,False,False,False,CGRP-Epsilion
hbbaclod-1,TMA00318,C-LTMR,False,False,False,C-LTMR
hbbccjbn-1,TMA00318,CGRP-Theta,False,False,False,CGRP-Theta
hbbejidm-1,TMA00318,Sst,False,False,False,Sst
hbbghodc-1,TMA00318,Nonpeptidergic nociceptors,False,False,False,Nonpeptidergic nociceptors
hbbhjgnp-1,TMA00318,Sst,False,False,False,Sst
hbccgpii-1,TMA00318,Nonpeptidergic nociceptors,False,False,False,Nonpeptidergic nociceptors
hbcdbhpf-1,TMA00318,Nonpeptidergic nociceptors,False,False,False,Nonpeptidergic nociceptors
hbchdeoj-1,TMA00318,Nonpeptidergic nociceptors,False,False,False,Nonpeptidergic nociceptors
hbcigkkd-1,TMA00318,CGRP-Theta,False,False,False,CGRP-Theta
hbddldoc-1,TMA00318,CGRP-Theta,False,False,False,CGRP-Theta
hbdjgnip-1,TMA00318,TrpM8,False,False,False,TrpM8
hbdkfjkh-1,TMA00318,Nonpeptidergic nociceptors,False,False,False,Nonpeptidergic nociceptors
hbdknokk-1,TMA00318,CGRP-Eta,False,False,False,CGRP-Eta
hbebjihi-1,TMA00318,CGRP-Eta,False,False,False,CGRP-Eta
hbekldpg-1,TMA00318,TrpM8,False,False,False,TrpM8
hbfdkemm-1,TMA00318,Nonpeptidergic nociceptors,False,False,False,Nonpeptidergic nociceptors
hbfediod-1,TMA00318,Sst,False,False,False,Sst
hbfeegpc-1,TMA00318,Nonpeptidergic nociceptors,False,False,False,Nonpeptidergic nociceptors
hbfgnjmg-1,TMA00318,Nonpeptidergic nociceptors,False,False,False,Nonpeptidergic nociceptors
hbfkbfkm-1,TMA00318,CGRP-Eta,False,False,False,CGRP-Eta
hbfpknem-1,TMA00318,CGRP-Alpha,False,False,False,CGRP-Alpha
hbgajkif-1,TMA00318,Nonpeptidergic nociceptors,False,False,False,Nonpeptidergic nociceptors
hbggempb-1,TMA00318,Sst,False,False,False,Sst
hbgjdiib-1,TMA00318,CGRP-Alpha,False,False,False,CGRP-Alpha
hbhhlphg-1,TMA00318,CGRP-Zeta,False,False,False,CGRP-Zeta
hbhjofpm-1,TMA00318,CGRP-Eta,False,False,False,CGRP-Eta
hbhldjic-1,TMA00318,C-LTMR,False,False,False,C-LTMR
hbhljdfg-1,TMA00318,CGRP-Zeta,False,False,False,CGRP-Zeta
hbihknnh-1,TMA00318,Sst,False,False,False,Sst
hbjgkiae-1,TMA00318,CGRP-Theta,False,False,False,CGRP-Theta
hbkelfbl-1,TMA00318,Sst,False,False,False,Sst
hbkfldae-1,TMA00318,CGRP-Theta,False,False,False,CGRP-Theta
hbkjgnhm-1,TMA00318,Sst,False,False,False,Sst
hbkkpjlk-1,TMA00318,Sst,False,False,False,Sst
hbmchjmm-1,TMA00318,Abeta-RA-LTMR,False,False,False,Abeta-RA-LTMR
hbmeidkg-1,TMA00318,TrpM8,False,False,False,TrpM8
hbmhnklb-1,TMA00318,Nonpeptidergic nociceptors,False,False,False,Nonpeptidergic nociceptors
hbnjeoak-1,TMA00318,CGRP-Theta,False,False,False,CGRP-Theta
hbolenkf-1,TMA00318,CGRP-Alpha,False,False,False,CGRP-Alpha
hbonpbbm-1,TMA00318,CGRP-Alpha,False,False,False,CGRP-Alpha
hbpadnnn-1,TMA00318,CGRP-Zeta,False,False,False,CGRP-Zeta
hbpdfffd-1,TMA00318,CGRP-Alpha,False,False,False,CGRP-Alpha
hbphnbop-1,TMA00318,CGRP-Zeta,False,False,False,CGRP-Zeta
hbpklonk-1,TMA00318,C-LTMR,False,False,False,C-LTMR
hbpmhflp-1,TMA00318,Abeta-RA-LTMR,False,False,False,Abeta-RA-LTMR
hbpooihb-1,TMA00318,Abeta-RA-LTMR,False,False,False,Abeta-RA-LTMR
hcahpcbe-1,TMA00318,Nonpeptidergic nociceptors,False,False,False,Nonpeptidergic nociceptors
hcbcccca-1,TMA00318,CGRP-Theta,False,False,False,CGRP-Theta
hcbdbedl-1,TMA00318,CGRP-Alpha,False,False,False,CGRP-Alpha
hcbehpjd-1,TMA00318,Abeta-Field,False,False,False,Abeta-Field
hcbmnmof-1,TMA00318,Nonpeptidergic nociceptors,False,False,False,Nonpeptidergic nociceptors
hccbdpdg-1,TMA00318,Nonpeptidergic nociceptors,False,False,False,Nonpeptidergic nociceptors
hcchjjdh-1,TMA00318,CGRP-Epsilion,False,False,False,CGRP-Epsilion
hcckfidh-1,TMA00318,CGRP-Epsilion,False,False,False,CGRP-Epsilion
hccnamlk-1,TMA00318,CGRP-Alpha,False,False,False,CGRP-Alpha
hcdeeoee-1,TMA00318,CGRP-Theta,False,False,False,CGRP-Theta
hceakida-1,TMA00318,CGRP-Theta,False,False,False,CGRP-Theta
hcebbnjb-1,TMA00318,CGRP-Eta,False,False,False,CGRP-Eta
hcegdpgi-1,TMA00318,CGRP-Theta,False,False,False,CGRP-Theta
hceheobf-1,TMA00318,Nonpeptidergic nociceptors,False,False,False,Nonpeptidergic nociceptors
hcelhlmp-1,TMA00318,CGRP-Theta,False,False,False,CGRP-Theta
hcffepfn-1,TMA00318,C-LTMR,False,False,False,C-LTMR
hcfofagi-1,TMA00318,CGRP-Theta,False,False,False,CGRP-Theta
hcgchmji-1,TMA00318,Sst,False,False,False,Sst
hcgobobf-1,TMA00318,Sst,False,False,False,Sst
hcjbknhg-1,TMA00318,CGRP-Epsilion,False,False,False,CGRP-Epsilion
hcljahog-1,TMA00318,TrpM8,False,False,False,TrpM8
hclljcjp-1,TMA00318,Nonpeptidergic nociceptors,False,False,False,Nonpeptidergic nociceptors
hcmhgefl-1,TMA00318,CGRP-Epsilion,False,False,False,CGRP-Epsilion
hdblnone-1,TMA00318,Nonpeptidergic nociceptors,False,False,False,Nonpeptidergic nociceptors
hfifggig-1,TMA00318,Proprioceptors,False,False,False,Proprioceptors
hgplkhid-1,TMA00318,Proprioceptors,False,False,False,Proprioceptors
hgpodhdc-1,TMA00318,C-LTMR,False,False,False,C-LTMR
hhaakdel-1,TMA00318,C-LTMR,False,False,False,C-LTMR
hhabbfcb-1,TMA00318,C-LTMR,False,False,False,C-LTMR
hhakjkll-1,TMA00318,CGRP-Alpha,False,False,False,CGRP-Alpha
hhaogjpd-1,TMA00318,Nonpeptidergic nociceptors,False,False,False,Nonpeptidergic nociceptors
hhbidnmk-1,TMA00318,CGRP-Alpha,False,False,False,CGRP-Alpha
hhbjnnpo-1,TMA00318,CGRP-Alpha,False,False,False,CGRP-Alpha
hhcdcmec-1,TMA00318,Nonpeptidergic nociceptors,False,False,False,Nonpeptidergic nociceptors
hhchaale-1,TMA00318,Proprioceptors,False,False,False,Proprioceptors
hhockilm-1,TMA00318,Proprioceptors,False,False,False,Proprioceptors
hibnekpb-1,TMA00318,TrpM8,False,False,False,TrpM8
hicbhogl-1,TMA00318,CGRP-Eta,False,False,False,CGRP-Eta
hieidnfn-1,TMA00318,TrpM8,False,False,False,TrpM8
hifdifef-1,TMA00318,CGRP-Alpha,False,False,False,CGRP-Alpha
higggjcg-1,TMA00318,Nonpeptidergic nociceptors,False,False,False,Nonpeptidergic nociceptors
hijnfmmg-1,TMA00318,CGRP-Eta,False,False,False,CGRP-Eta
hijodamg-1,TMA00318,CGRP-Eta,False,False,False,CGRP-Eta
hikkfcjk-1,TMA00318,Nonpeptidergic nociceptors,False,False,False,Nonpeptidergic nociceptors
hindfcnk-1,TMA00318,CGRP-Eta,False,False,False,CGRP-Eta
hkeghbdf-1,TMA00318,CGRP-Eta,False,False,False,CGRP-Eta
hlcfkbkb-1,TMA00318,Nonpeptidergic nociceptors,False,False,False,Nonpeptidergic nociceptors
hlcpmjdo-1,TMA00318,Proprioceptors,False,False,False,Proprioceptors
hlfdgado-1,TMA00318,Abeta-RA-LTMR,False,False,False,Abeta-RA-LTMR
hlfpccjb-1,TMA00318,Nonpeptidergic nociceptors,False,False,False,Nonpeptidergic nociceptors
hlkejocn-1,TMA00318,Nonpeptidergic nociceptors,False,False,False,Nonpeptidergic nociceptors
hlkgoghh-1,TMA00318,Nonpeptidergic nociceptors,False,False,False,Nonpeptidergic nociceptors
hlkheehi-1,TMA00318,Nonpeptidergic nociceptors,False,False,False,Nonpeptidergic nociceptors
hlknhfho-1,TMA00318,CGRP-Theta,False,False,False,CGRP-Theta
hllafeaa-1,TMA00318,CGRP-Theta,False,False,False,CGRP-Theta
hlmjinjb-1,TMA00318,CGRP-Theta,False,False,False,CGRP-Theta
hlmnpnim-1,TMA00318,Nonpeptidergic nociceptors,False,False,False,Nonpeptidergic nociceptors
hlnclohd-1,TMA00318,Nonpeptidergic nociceptors,False,False,False,Nonpeptidergic nociceptors
hlnonjgp-1,TMA00318,Nonpeptidergic nociceptors,False,False,False,Nonpeptidergic nociceptors
hlobhmbk-1,TMA00318,C-LTMR,False,False,False,C-LTMR
hlogngke-1,TMA00318,CGRP-Zeta,False,False,False,CGRP-Zeta
hmbdjfkl-1,TMA00318,CGRP-Zeta,False,False,False,CGRP-Zeta
hmbppldg-1,TMA00318,CGRP-Eta,False,False,False,CGRP-Eta
hmcghodb-1,TMA00318,Adelta-LTMR,False,False,False,Adelta-LTMR
hmciafma-1,TMA00318,Proprioceptors,False,False,False,Proprioceptors
hmcomfkp-1,TMA00318,CGRP-Zeta,False,False,False,CGRP-Zeta
hmdabnka-1,TMA00318,Abeta-RA-LTMR,False,False,False,Abeta-RA-LTMR
hmdndmii-1,TMA00318,CGRP-Theta,False,False,False,CGRP-Theta
hmedahna-1,TMA00318,Nonpeptidergic nociceptors,False,False,False,Nonpeptidergic nociceptors
hmedijkg-1,TMA00318,Proprioceptors,False,False,False,Proprioceptors
hmeglcpo-1,TMA00318,Nonpeptidergic nociceptors,False,False,False,Nonpeptidergic nociceptors
hmelioba-1,TMA00318,C-LTMR,False,False,False,C-LTMR
hmhihgmc-1,TMA00318,Nonpeptidergic nociceptors,False,False,False,Nonpeptidergic nociceptors
hmigchoh-1,TMA00318,Nonpeptidergic nociceptors,False,False,False,Nonpeptidergic nociceptors
hmikcccd-1,TMA00318,Nonpeptidergic nociceptors,False,False,False,Nonpeptidergic nociceptors
hmjfbial-1,TMA00318,CGRP-Alpha,False,False,False,CGRP-Alpha
hmjhinpg-1,TMA00318,TrpM8,False,False,False,TrpM8
hmjjlijh-1,TMA00318,TrpM8,False,False,False,TrpM8
hmjpdfmf-1,TMA00318,Abeta-Field,False,False,False,Abeta-Field
hmkgnegf-1,TMA00318,Nonpeptidergic nociceptors,False,False,False,Nonpeptidergic nociceptors
hndlfbom-1,TMA00318,Sst,False,False,False,Sst
hnebomgc-1,TMA00318,Nonpeptidergic nociceptors,False,False,False,Nonpeptidergic nociceptors
hneiklnb-1,TMA00318,Nonpeptidergic nociceptors,False,False,False,Nonpeptidergic nociceptors
hnejegld-1,TMA00318,Nonpeptidergic nociceptors,False,False,False,Nonpeptidergic nociceptors
hnhgjhbl-1,TMA00318,CGRP-Theta,False,False,False,CGRP-Theta
hnjpegli-1,TMA00318,Sst,False,False,False,Sst
hnkampdi-1,TMA00318,Nonpeptidergic nociceptors,False,False,False,Nonpeptidergic nociceptors
hnkcnbjp-1,TMA00318,Nonpeptidergic nociceptors,False,False,False,Nonpeptidergic nociceptors
hnkddcpn-1,TMA00318,CGRP-Theta,False,False,False,CGRP-Theta
hnkfoggl-1,TMA00318,CGRP-Theta,False,False,False,CGRP-Theta
hnlcpigh-1,TMA00318,CGRP-Theta,False,False,False,CGRP-Theta
hnlpcakp-1,TMA00318,Nonpeptidergic nociceptors,False,False,False,Nonpeptidergic nociceptors
hnmmjlke-1,TMA00318,Nonpeptidergic nociceptors,False,False,False,Nonpeptidergic nociceptors
hnncfkph-1,TMA00318,Nonpeptidergic nociceptors,False,False,False,Nonpeptidergic nociceptors
hnobacgj-1,TMA00318,CGRP-Zeta,False,False,False,CGRP-Zeta
hnoefebd-1,TMA00318,CGRP-Zeta,False,False,False,CGRP-Zeta
icghpmpo-1,TMA00318,Nonpeptidergic nociceptors,False,False,False,Nonpeptidergic nociceptors
icglifld-1,TMA00318,Nonpeptidergic nociceptors,False,False,False,Nonpeptidergic nociceptors
ichdhbde-1,TMA00318,Nonpeptidergic nociceptors,False,False,False,Nonpeptidergic nociceptors
ichgccgo-1,TMA00318,CGRP-Theta,False,False,False,CGRP-Theta
ichmllgg-1,TMA00318,CGRP-Gamma 1,False,False,False,CGRP-Gamma 1
idheaaaf-1,TMA00318,CGRP-Alpha,False,False,False,CGRP-Alpha
ihbgidpd-1,TMA00318,C-LTMR,False,False,False,C-LTMR
ihcbgcmd-1,TMA00318,Nonpeptidergic nociceptors,False,False,False,Nonpeptidergic nociceptors
ihdfoplc-1,TMA00318,CGRP-Alpha,False,False,False,CGRP-Alpha
ihfakleh-1,TMA00318,Proprioceptors,False,False,False,Proprioceptors
ihfdadim-1,TMA00318,CGRP-Gamma 1,False,False,False,CGRP-Gamma 1
ihfemflm-1,TMA00318,CGRP-Gamma 1,False,False,False,CGRP-Gamma 1
ihfkfnjb-1,TMA00318,CGRP-Gamma 1,False,False,False,CGRP-Gamma 1
ihikollg-1,TMA00318,Nonpeptidergic nociceptors,False,False,False,Nonpeptidergic nociceptors
ihinknpd-1,TMA00318,Adelta-LTMR,False,False,False,Adelta-LTMR
ihjbhbkn-1,TMA00318,CGRP-Gamma 1,False,False,False,CGRP-Gamma 1
ihjefeeg-1,TMA00318,Nonpeptidergic nociceptors,False,False,False,Nonpeptidergic nociceptors
ihkabmmm-1,TMA00318,Adelta-LTMR,False,False,False,Adelta-LTMR
ihkmndoi-1,TMA00318,Nonpeptidergic nociceptors,False,False,False,Nonpeptidergic nociceptors
ihpkoiac-1,TMA00318,Proprioceptors,False,False,False,Proprioceptors
iiacepma-1,TMA00318,Abeta-Field,False,False,False,Abeta-Field
iiaeadpo-1,TMA00318,Abeta-Field,False,False,False,Abeta-Field
iiaeoiai-1,TMA00318,Nonpeptidergic nociceptors,False,False,False,Nonpeptidergic nociceptors
iiaibbgo-1,TMA00318,C-LTMR,False,False,False,C-LTMR
ijbkoanf-1,TMA00318,C-LTMR,False,False,False,C-LTMR
ijgogadl-1,TMA00318,Abeta-Field,False,False,False,Abeta-Field
ijikdeom-1,TMA00318,Nonpeptidergic nociceptors,False,False,False,Nonpeptidergic nociceptors
ijinaenp-1,TMA00318,CGRP-Epsilion,False,False,False,CGRP-Epsilion
ijjdgcap-1,TMA00318,Abeta-Field,False,False,False,Abeta-Field
ijjkfhgo-1,TMA00318,Nonpeptidergic nociceptors,False,False,False,Nonpeptidergic nociceptors
ikijildj-1,TMA00318,Nonpeptidergic nociceptors,False,False,False,Nonpeptidergic nociceptors
ikikbgdm-1,TMA00318,Nonpeptidergic nociceptors,False,False,False,Nonpeptidergic nociceptors
ikilhcbj-1,TMA00318,CGRP-Epsilion,False,False,False,CGRP-Epsilion
ikjemhaf-1,TMA00318,Nonpeptidergic nociceptors,False,False,False,Nonpeptidergic nociceptors
ikjfidgi-1,TMA00318,CGRP-Epsilion,False,False,False,CGRP-Epsilion
ikjjjmmn-1,TMA00318,CGRP-Alpha,False,False,False,CGRP-Alpha
ikkhhcji-1,TMA00318,Abeta-Field,False,False,False,Abeta-Field
iklcfmfl-1,TMA00318,Nonpeptidergic nociceptors,False,False,False,Nonpeptidergic nociceptors
iklddjgm-1,TMA00318,Sst,False,False,False,Sst
ikldkehk-1,TMA00318,CGRP-Epsilion,False,False,False,CGRP-Epsilion
ikleniog-1,TMA00318,Sst,False,False,False,Sst
ilfjppmj-1,TMA00318,Nonpeptidergic nociceptors,False,False,False,Nonpeptidergic nociceptors
ilgmecfl-1,TMA00318,C-LTMR,False,False,False,C-LTMR
ilgnlbck-1,TMA00318,CGRP-Gamma 1,False,False,False,CGRP-Gamma 1
ilgodkgl-1,TMA00318,CGRP-Gamma 2,False,False,False,CGRP-Gamma 2
ilhbfepd-1,TMA00318,CGRP-Theta,False,False,False,CGRP-Theta
ilhebkcl-1,TMA00318,CGRP-Theta,False,False,False,CGRP-Theta
ilhfcmjp-1,TMA00318,CGRP-Eta,True,False,False,CGRP-Eta
ilhfnfao-1,TMA00318,C-LTMR,False,False,False,C-LTMR
ilhlfpek-1,TMA00318,C-LTMR,False,False,False,C-LTMR
ilihnkba-1,TMA00318,CGRP-Theta,False,False,False,CGRP-Theta
iljecdbc-1,TMA00318,CGRP-Alpha,False,False,False,CGRP-Alpha
ilkelhka-1,TMA00318,CGRP-Eta,False,False,False,CGRP-Eta
ilmgfopm-1,TMA00318,CGRP-Eta,False,False,False,CGRP-Eta
ilmidgnd-1,TMA00318,CGRP-Eta,False,False,False,CGRP-Eta
ilmmblnb-1,TMA00318,CGRP-Eta,False,False,False,CGRP-Eta
ilmngmhn-1,TMA00318,C-LTMR,False,False,False,C-LTMR
ilmpbjic-1,TMA00318,Nonpeptidergic nociceptors,False,False,False,Nonpeptidergic nociceptors
ilnhgphf-1,TMA00318,Nonpeptidergic nociceptors,False,False,False,Nonpeptidergic nociceptors
ilnjmchm-1,TMA00318,Nonpeptidergic nociceptors,False,False,False,Nonpeptidergic nociceptors
ilnkogan-1,TMA00318,CGRP-Gamma 1,False,False,False,CGRP-Gamma 1
ilobhfga-1,TMA00318,Nonpeptidergic nociceptors,False,False,False,Nonpeptidergic nociceptors
ilodipef-1,TMA00318,TrpM8,False,False,False,TrpM8
ilofefdg-1,TMA00318,CGRP-Alpha,False,False,False,CGRP-Alpha
ilohfgmg-1,TMA00318,C-LTMR,False,False,False,C-LTMR
ilomonbf-1,TMA00318,CGRP-Beta,False,False,False,CGRP-Beta
ilpehlmm-1,TMA00318,CGRP-Alpha,False,False,False,CGRP-Alpha
ilpeoiln-1,TMA00318,CGRP-Alpha,False,False,False,CGRP-Alpha
ilpieepc-1,TMA00318,CGRP-Gamma 1,False,False,False,CGRP-Gamma 1
imanmdpf-1,TMA00318,CGRP-Gamma 1,False,False,False,CGRP-Gamma 1
imbbigii-1,TMA00318,CGRP-Alpha,False,False,False,CGRP-Alpha
imbgfpad-1,TMA00318,C-LTMR,False,False,False,C-LTMR
imbiigok-1,TMA00318,CGRP-Gamma 1,False,False,False,CGRP-Gamma 1
imennmbc-1,TMA00318,CGRP-Theta,False,False,False,CGRP-Theta
imipfpdn-1,TMA00318,CGRP-Theta,True,False,False,CGRP-Theta
imjaolca-1,TMA00318,Adelta-LTMR,False,False,False,Adelta-LTMR
imjbojgl-1,TMA00318,Nonpeptidergic nociceptors,False,False,False,Nonpeptidergic nociceptors
imjdnbfm-1,TMA00318,Adelta-LTMR,False,False,False,Adelta-LTMR
imjgdend-1,TMA00318,CGRP-Theta,False,False,False,CGRP-Theta
imjinhha-1,TMA00318,Abeta-RA-LTMR,False,False,False,Abeta-RA-LTMR
imkdghfa-1,TMA00318,CGRP-Gamma 1,False,False,False,CGRP-Gamma 1
imkfbhjd-1,TMA00318,CGRP-Zeta,False,False,False,CGRP-Zeta
imknbmhd-1,TMA00318,Nonpeptidergic nociceptors,False,False,False,Nonpeptidergic nociceptors
imlcbagd-1,TMA00318,CGRP-Theta,False,False,False,CGRP-Theta
imlebfdc-1,TMA00318,Nonpeptidergic nociceptors,False,False,False,Nonpeptidergic nociceptors
imlhclae-1,TMA00318,CGRP-Alpha,False,False,False,CGRP-Alpha
imlkiajl-1,TMA00318,Sst,False,False,False,Sst
imlpafmj-1,TMA00318,Sst,False,False,False,Sst
immceaea-1,TMA00318,CGRP-Gamma 1,False,False,False,CGRP-Gamma 1
immcohdh-1,TMA00318,Nonpeptidergic nociceptors,False,False,False,Nonpeptidergic nociceptors
immifmcj-1,TMA00318,CGRP-Alpha,False,False,False,CGRP-Alpha
immjhadh-1,TMA00318,Nonpeptidergic nociceptors,False,False,False,Nonpeptidergic nociceptors
immmdfli-1,TMA00318,TrpM8,False,False,False,TrpM8
imnakmjk-1,TMA00318,Sst,False,False,False,Sst
imnbcnnj-1,TMA00318,Sst,False,False,False,Sst
imndedki-1,TMA00318,Nonpeptidergic nociceptors,False,False,False,Nonpeptidergic nociceptors
imnickpm-1,TMA00318,Nonpeptidergic nociceptors,False,False,False,Nonpeptidergic nociceptors
imniepah-1,TMA00318,CGRP-Eta,False,False,False,CGRP-Eta
imniikig-1,TMA00318,Proprioceptors,False,False,False,Proprioceptors
impblljo-1,TMA00318,Nonpeptidergic nociceptors,False,False,False,Nonpeptidergic nociceptors
impijhjg-1,TMA00318,CGRP-Gamma 1,False,False,False,CGRP-Gamma 1
inafdjol-1,TMA00318,Nonpeptidergic nociceptors,False,False,False,Nonpeptidergic nociceptors
inahghnn-1,TMA00318,CGRP-Epsilion,False,False,False,CGRP-Epsilion
inbcbeca-1,TMA00318,Nonpeptidergic nociceptors,False,False,False,Nonpeptidergic nociceptors
inbedepf-1,TMA00318,Proprioceptors,False,False,False,Proprioceptors
inbofjgd-1,TMA00318,CGRP-Theta,False,False,False,CGRP-Theta
incbocbj-1,TMA00318,CGRP-Theta,False,False,False,CGRP-Theta
inccjacb-1,TMA00318,Nonpeptidergic nociceptors,False,False,False,Nonpeptidergic nociceptors
incngaoh-1,TMA00318,Proprioceptors,False,False,False,Proprioceptors
indajhge-1,TMA00318,Nonpeptidergic nociceptors,False,False,False,Nonpeptidergic nociceptors
ineeikbo-1,TMA00318,C-LTMR,False,False,False,C-LTMR
inejdmai-1,TMA00318,Nonpeptidergic nociceptors,False,False,False,Nonpeptidergic nociceptors
inemgcfl-1,TMA00318,Nonpeptidergic nociceptors,False,False,False,Nonpeptidergic nociceptors
inemomnl-1,TMA00318,C-LTMR,False,False,False,C-LTMR
inhhgpkb-1,TMA00318,CGRP-Gamma 1,False,False,False,CGRP-Gamma 1
inladode-1,TMA00318,CGRP-Beta,False,False,False,CGRP-Beta
inlcimdh-1,TMA00318,Nonpeptidergic nociceptors,False,False,False,Nonpeptidergic nociceptors
inlkmodo-1,TMA00318,CGRP-Gamma 1,False,False,False,CGRP-Gamma 1
inmfpplg-1,TMA00318,Abeta-RA-LTMR,False,False,False,Abeta-RA-LTMR
inmnfkni-1,TMA00318,Nonpeptidergic nociceptors,False,False,False,Nonpeptidergic nociceptors
innadjnp-1,TMA00318,Nonpeptidergic nociceptors,False,False,False,Nonpeptidergic nociceptors
inndmnea-1,TMA00318,CGRP-Zeta,False,False,False,CGRP-Zeta
innljeng-1,TMA00318,CGRP-Zeta,False,False,False,CGRP-Zeta
inocakhb-1,TMA00318,Abeta-RA-LTMR,False,False,False,Abeta-RA-LTMR
inocdpnl-1,TMA00318,Abeta-RA-LTMR,False,False,False,Abeta-RA-LTMR
inofboon-1,TMA00318,Abeta-RA-LTMR,False,False,False,Abeta-RA-LTMR
ioadcihj-1,TMA00318,CGRP-Alpha,False,False,False,CGRP-Alpha
ioaghjek-1,TMA00318,CGRP-Theta,False,False,False,CGRP-Theta
ioaijkgl-1,TMA00318,Proprioceptors,False,False,False,Proprioceptors
ioannmkm-1,TMA00318,CGRP-Eta,False,False,False,CGRP-Eta
iobbldbb-1,TMA00318,Adelta-LTMR,False,False,False,Adelta-LTMR
iobfjecd-1,TMA00318,Nonpeptidergic nociceptors,False,False,False,Nonpeptidergic nociceptors
iogdkdpn-1,TMA00318,Proprioceptors,False,False,False,Proprioceptors
iogkkhim-1,TMA00318,Abeta-Field,False,False,False,Abeta-Field
iogmnjhl-1,TMA00318,Nonpeptidergic nociceptors,False,False,False,Nonpeptidergic nociceptors
ioihmdlf-1,TMA00318,Abeta-Field,False,False,False,Abeta-Field
ioinfobn-1,TMA00318,Abeta-Field,False,False,False,Abeta-Field
ioipbddl-1,TMA00318,Nonpeptidergic nociceptors,False,False,False,Nonpeptidergic nociceptors
iojfplan-1,TMA00318,Nonpeptidergic nociceptors,False,False,False,Nonpeptidergic nociceptors
iolokdnn-1,TMA00318,Nonpeptidergic nociceptors,False,False,False,Nonpeptidergic nociceptors
iombopgf-1,TMA00318,Sst,False,False,False,Sst
iomfjalh-1,TMA00318,CGRP-Theta,False,False,False,CGRP-Theta
iondcadn-1,TMA00318,C-LTMR,False,False,False,C-LTMR
ionfdnjo-1,TMA00318,Nonpeptidergic nociceptors,False,False,False,Nonpeptidergic nociceptors
iongkahe-1,TMA00318,CGRP-Zeta,False,False,False,CGRP-Zeta
ionjkjac-1,TMA00318,Nonpeptidergic nociceptors,False,False,False,Nonpeptidergic nociceptors
ionljkfb-1,TMA00318,TrpM8,False,False,False,TrpM8
iooklobp-1,TMA00318,TrpM8,False,False,False,TrpM8
ioonmdpl-1,TMA00318,CGRP-Alpha,False,False,False,CGRP-Alpha
ioopidaj-1,TMA00318,TrpM8,False,False,False,TrpM8
iopajojk-1,TMA00318,TrpM8,False,False,False,TrpM8
iopcngnf-1,TMA00318,CGRP-Alpha,False,False,False,CGRP-Alpha
iopeipop-1,TMA00318,Nonpeptidergic nociceptors,False,False,False,Nonpeptidergic nociceptors
iopifjnd-1,TMA00318,Sst,False,False,False,Sst
ipbidnpi-1,TMA00318,Sst,False,False,False,Sst
ipbioccf-1,TMA00318,Sst,False,False,False,Sst
ipblmcbl-1,TMA00318,Sst,False,False,False,Sst
ipbpcpje-1,TMA00318,CGRP-Gamma 1,False,False,False,CGRP-Gamma 1
ipcdgmjp-1,TMA00318,Sst,False,False,False,Sst
ipchmncn-1,TMA00318,Sst,False,False,False,Sst
ipckoilg-1,TMA00318,Sst,False,False,False,Sst
ippmgikl-1,TMA00318,CGRP-Zeta,False,False,False,CGRP-Zeta
jabjmmne-1,TMA00318,Nonpeptidergic nociceptors,False,False,False,Nonpeptidergic nociceptors
jacbgbcl-1,TMA00318,Nonpeptidergic nociceptors,False,False,False,Nonpeptidergic nociceptors
jacgckjf-1,TMA00318,Nonpeptidergic nociceptors,False,False,False,Nonpeptidergic nociceptors
jadhpagn-1,TMA00318,C-LTMR,False,False,False,C-LTMR
jafneeec-1,TMA00318,Abeta-Field,False,False,False,Abeta-Field
jbfpcjhb-1,TMA00318,C-LTMR,False,False,False,C-LTMR
jbgcabpo-1,TMA00318,C-LTMR,False,False,False,C-LTMR
jbifjolg-1,TMA00318,CGRP-Gamma 1,False,False,False,CGRP-Gamma 1
jbigdbbn-1,TMA00318,C-LTMR,False,False,False,C-LTMR
jbjgcckp-1,TMA00318,Nonpeptidergic nociceptors,False,False,False,Nonpeptidergic nociceptors
jbkdmkhe-1,TMA00318,CGRP-Gamma 1,False,False,False,CGRP-Gamma 1
jblhkhne-1,TMA00318,CGRP-Zeta,False,False,False,CGRP-Zeta
jblihjio-1,TMA00318,CGRP-Zeta,False,False,False,CGRP-Zeta
jblkcafo-1,TMA00318,CGRP-Eta,False,False,False,CGRP-Eta
jbmmoepo-1,TMA00318,CGRP-Zeta,False,False,False,CGRP-Zeta
jbngplfp-1,TMA00318,CGRP-Gamma 1,False,False,False,CGRP-Gamma 1
jbnpoljd-1,TMA00318,Nonpeptidergic nociceptors,False,False,False,Nonpeptidergic nociceptors
jboabelf-1,TMA00318,Nonpeptidergic nociceptors,False,False,False,Nonpeptidergic nociceptors
jboahmif-1,TMA00318,Abeta-Field,False,False,False,Abeta-Field
jbobfbme-1,TMA00318,CGRP-Zeta,False,False,False,CGRP-Zeta
jbofnobi-1,TMA00318,CGRP-Zeta,False,False,False,CGRP-Zeta
jbohdbkg-1,TMA00318,Nonpeptidergic nociceptors,False,False,False,Nonpeptidergic nociceptors
jbpafeke-1,TMA00318,Nonpeptidergic nociceptors,False,False,False,Nonpeptidergic nociceptors
jbpdhgbi-1,TMA00318,Nonpeptidergic nociceptors,False,False,False,Nonpeptidergic nociceptors
jbpebhfl-1,TMA00318,Proprioceptors,False,False,False,Proprioceptors
jbpepldm-1,TMA00318,Abeta-Field,False,False,False,Abeta-Field
jbpileoa-1,TMA00318,CGRP-Gamma 2,False,False,False,CGRP-Gamma 2
jcaaaalg-1,TMA00318,Nonpeptidergic nociceptors,False,False,False,Nonpeptidergic nociceptors
jcaacjdm-1,TMA00318,Abeta-Field,False,False,False,Abeta-Field
jcaampfi-1,TMA00318,Abeta-Field,False,False,False,Abeta-Field
jcacfcid-1,TMA00318,Nonpeptidergic nociceptors,False,False,False,Nonpeptidergic nociceptors
jcaeflmi-1,TMA00318,Proprioceptors,False,False,False,Proprioceptors
jcagpijg-1,TMA00318,Abeta-Field,True,False,False,Abeta-Field
jcalchcp-1,TMA00318,Nonpeptidergic nociceptors,False,False,False,Nonpeptidergic nociceptors
jcbefacf-1,TMA00318,Abeta-Field,False,False,False,Abeta-Field
jccffidf-1,TMA00318,Proprioceptors,False,False,False,Proprioceptors
jcdajabf-1,TMA00318,Nonpeptidergic nociceptors,False,False,False,Nonpeptidergic nociceptors
jcdclcpo-1,TMA00318,CGRP-Alpha,False,False,False,CGRP-Alpha
jcdkniih-1,TMA00318,CGRP-Gamma 1,False,False,False,CGRP-Gamma 1
jcdpfoel-1,TMA00318,Nonpeptidergic nociceptors,False,False,False,Nonpeptidergic nociceptors
jcedgpjj-1,TMA00318,CGRP-Zeta,False,False,False,CGRP-Zeta
jcepmckm-1,TMA00318,CGRP-Zeta,False,False,False,CGRP-Zeta
jcfbfgdg-1,TMA00318,CGRP-Gamma 1,False,False,False,CGRP-Gamma 1
jcfkpmie-1,TMA00318,Nonpeptidergic nociceptors,False,False,False,Nonpeptidergic nociceptors
jcgdpknb-1,TMA00318,CGRP-Eta,False,False,False,CGRP-Eta
jcgmmjkg-1,TMA00318,CGRP-Gamma 1,False,False,False,CGRP-Gamma 1
jcibpgbn-1,TMA00318,Abeta-Field,False,False,False,Abeta-Field
jcjddnla-1,TMA00318,CGRP-Eta,False,False,False,CGRP-Eta
jcjdkfcj-1,TMA00318,CGRP-Zeta,False,False,False,CGRP-Zeta
jcjockoo-1,TMA00318,Nonpeptidergic nociceptors,False,False,False,Nonpeptidergic nociceptors
jckbloob-1,TMA00318,Nonpeptidergic nociceptors,False,False,False,Nonpeptidergic nociceptors
jckefnph-1,TMA00318,Nonpeptidergic nociceptors,False,False,False,Nonpeptidergic nociceptors
jckfppbg-1,TMA00318,Abeta-Field,False,False,False,Abeta-Field
jckhkfmg-1,TMA00318,Abeta-Field,False,False,False,Abeta-Field
jckjpbkl-1,TMA00318,CGRP-Theta,False,False,False,CGRP-Theta
jckkinnk-1,TMA00318,Nonpeptidergic nociceptors,True,False,False,Nonpeptidergic nociceptors
jclpebgh-1,TMA00318,CGRP-Zeta,False,False,False,CGRP-Zeta
jclppdng-1,TMA00318,Abeta-RA-LTMR,False,False,False,Abeta-RA-LTMR
jcmbchhg-1,TMA00318,Abeta-RA-LTMR,False,False,False,Abeta-RA-LTMR
jcmgigea-1,TMA00318,Abeta-Field,False,False,False,Abeta-Field
jcnhphkl-1,TMA00318,Nonpeptidergic nociceptors,False,False,False,Nonpeptidergic nociceptors
jcobceee-1,TMA00318,Sst,False,False,False,Sst
jcoooohj-1,TMA00318,CGRP-Eta,False,False,False,CGRP-Eta
jcpdfcip-1,TMA00318,Sst,False,False,False,Sst
jcpliiig-1,TMA00318,CGRP-Alpha,False,False,False,CGRP-Alpha
jdcmpnic-1,TMA00318,CGRP-Beta,False,False,False,CGRP-Beta
jdddgeba-1,TMA00318,TrpM8,False,False,False,TrpM8
jdefagbd-1,TMA00318,CGRP-Beta,False,False,False,CGRP-Beta
jdhabkoe-1,TMA00318,CGRP-Epsilion,False,False,False,CGRP-Epsilion
jdhgndci-1,TMA00318,Abeta-Field,False,False,False,Abeta-Field
jdkbbaik-1,TMA00318,CGRP-Epsilion,False,False,False,CGRP-Epsilion
jdkmcndo-1,TMA00318,CGRP-Gamma 1,False,False,False,CGRP-Gamma 1
jdleokpa-1,TMA00318,CGRP-Alpha,False,False,False,CGRP-Alpha
jdlginda-1,TMA00318,CGRP-Theta,False,False,False,CGRP-Theta
jdlkbikp-1,TMA00318,CGRP-Theta,False,False,False,CGRP-Theta
jdlkmmap-1,TMA00318,CGRP-Theta,False,False,False,CGRP-Theta
jdmcdjgi-1,TMA00318,C-LTMR,False,False,False,C-LTMR
jdmkfhhp-1,TMA00318,TrpM8,False,False,False,TrpM8
jdneimfc-1,TMA00318,CGRP-Alpha,False,False,False,CGRP-Alpha
jebpghlo-1,TMA00318,TrpM8,False,False,False,TrpM8
jecamjcj-1,TMA00318,CGRP-Gamma 1,False,False,False,CGRP-Gamma 1
jececnfg-1,TMA00318,Nonpeptidergic nociceptors,False,False,False,Nonpeptidergic nociceptors
jecianpo-1,TMA00318,Nonpeptidergic nociceptors,False,False,False,Nonpeptidergic nociceptors
jeckhdfl-1,TMA00318,CGRP-Eta,False,False,False,CGRP-Eta
jeckjnin-1,TMA00318,TrpM8,False,False,False,TrpM8
jedcoapf-1,TMA00318,TrpM8,False,False,False,TrpM8
jedpmmhn-1,TMA00318,Nonpeptidergic nociceptors,False,False,False,Nonpeptidergic nociceptors
jeecoocl-1,TMA00318,CGRP-Zeta,False,False,False,CGRP-Zeta
jeemfpcd-1,TMA00318,CGRP-Gamma 1,False,False,False,CGRP-Gamma 1
jeepmlab-1,TMA00318,Abeta-RA-LTMR,False,False,False,Abeta-RA-LTMR
jeepnbpl-1,TMA00318,Nonpeptidergic nociceptors,False,False,False,Nonpeptidergic nociceptors
jefjncea-1,TMA00318,CGRP-Theta,False,False,False,CGRP-Theta
jeflbbkg-1,TMA00318,CGRP-Theta,False,False,False,CGRP-Theta
jefmenfd-1,TMA00318,CGRP-Gamma 1,False,False,False,CGRP-Gamma 1
jefpaida-1,TMA00318,CGRP-Zeta,False,False,False,CGRP-Zeta
jegffamc-1,TMA00318,CGRP-Gamma 1,False,False,False,CGRP-Gamma 1
jehokdkl-1,TMA00318,Abeta-Field,False,False,False,Abeta-Field
jehomckk-1,TMA00318,CGRP-Epsilion,False,False,False,CGRP-Epsilion
jeikccll-1,TMA00318,Proprioceptors,False,False,False,Proprioceptors
jeippfmc-1,TMA00318,Nonpeptidergic nociceptors,False,False,False,Nonpeptidergic nociceptors
jejhhjkp-1,TMA00318,C-LTMR,False,False,False,C-LTMR
jejkmhkd-1,TMA00318,CGRP-Zeta,False,False,False,CGRP-Zeta
jejmghkn-1,TMA00318,Abeta-Field,False,False,False,Abeta-Field
jejodala-1,TMA00318,CGRP-Gamma 1,False,False,False,CGRP-Gamma 1
jekaegid-1,TMA00318,CGRP-Eta,False,False,False,CGRP-Eta
jekeledp-1,TMA00318,CGRP-Gamma 1,False,False,False,CGRP-Gamma 1
jekhefjl-1,TMA00318,CGRP-Gamma 1,False,False,False,CGRP-Gamma 1
jekiiakb-1,TMA00318,CGRP-Gamma 1,False,False,False,CGRP-Gamma 1
jekogpcf-1,TMA00318,CGRP-Gamma 1,False,False,False,CGRP-Gamma 1
jekpdahn-1,TMA00318,CGRP-Gamma 1,False,False,False,CGRP-Gamma 1
jemilcmc-1,TMA00318,Sst,False,False,False,Sst
jemkfajf-1,TMA00318,CGRP-Gamma 1,False,False,False,CGRP-Gamma 1
jemlpmcb-1,TMA00318,CGRP-Gamma 1,False,False,False,CGRP-Gamma 1
jenegljn-1,TMA00318,CGRP-Gamma 1,False,False,False,CGRP-Gamma 1
jenfgcjk-1,TMA00318,CGRP-Gamma 1,False,False,False,CGRP-Gamma 1
jenhgcde-1,TMA00318,CGRP-Gamma 1,False,False,False,CGRP-Gamma 1
jenljhbm-1,TMA00318,CGRP-Gamma 1,False,False,False,CGRP-Gamma 1
jeonpihe-1,TMA00318,CGRP-Gamma 1,False,False,False,CGRP-Gamma 1
jepeenmn-1,TMA00318,CGRP-Gamma 1,False,False,False,CGRP-Gamma 1
jephinme-1,TMA00318,CGRP-Eta,False,False,False,CGRP-Eta
jfaaemea-1,TMA00318,CGRP-Eta,False,False,False,CGRP-Eta
jfaccido-1,TMA00318,Nonpeptidergic nociceptors,False,False,False,Nonpeptidergic nociceptors
jfbabkll-1,TMA00318,Nonpeptidergic nociceptors,False,False,False,Nonpeptidergic nociceptors
jfbefnkj-1,TMA00318,Nonpeptidergic nociceptors,False,False,False,Nonpeptidergic nociceptors
jfcdnppm-1,TMA00318,CGRP-Eta,False,False,False,CGRP-Eta
jfcfapaj-1,TMA00318,Abeta-Field,False,False,False,Abeta-Field
jffgcjao-1,TMA00318,Sst,False,False,False,Sst
jfiphpcl-1,TMA00318,Nonpeptidergic nociceptors,False,False,False,Nonpeptidergic nociceptors
jfkchadc-1,TMA00318,CGRP-Eta,False,False,False,CGRP-Eta
jfkhgppe-1,TMA00318,Abeta-Field,False,False,False,Abeta-Field
jfkjckcm-1,TMA00318,TrpM8,False,False,False,TrpM8
jfknlgjh-1,TMA00318,CGRP-Beta,False,False,False,CGRP-Beta
jfldmmdf-1,TMA00318,Sst,False,False,False,Sst
jflnfiac-1,TMA00318,Nonpeptidergic nociceptors,False,False,False,Nonpeptidergic nociceptors
jfndcjpg-1,TMA00318,CGRP-Alpha,False,False,False,CGRP-Alpha
jgblchhd-1,TMA00318,CGRP-Alpha,False,False,False,CGRP-Alpha
jgcajoom-1,TMA00318,CGRP-Eta,False,False,False,CGRP-Eta
jgegiklm-1,TMA00318,Nonpeptidergic nociceptors,False,False,False,Nonpeptidergic nociceptors
jgfeanon-1,TMA00318,Nonpeptidergic nociceptors,False,False,False,Nonpeptidergic nociceptors
jggidpon-1,TMA00318,CGRP-Gamma 2,False,False,False,CGRP-Gamma 2
jghbigkp-1,TMA00318,Sst,False,False,False,Sst
jglaliif-1,TMA00318,Nonpeptidergic nociceptors,False,False,False,Nonpeptidergic nociceptors
jgljkagj-1,TMA00318,CGRP-Gamma 1,False,False,False,CGRP-Gamma 1
jgloljod-1,TMA00318,TrpM8,False,False,False,TrpM8
jgmbocgd-1,TMA00318,Nonpeptidergic nociceptors,False,False,False,Nonpeptidergic nociceptors
jgmhmmgg-1,TMA00318,Sst,False,False,False,Sst
jgmlaikf-1,TMA00318,Sst,False,False,False,Sst
jgmmkcih-1,TMA00318,Sst,False,False,False,Sst
jhacoifa-1,TMA00318,TrpM8,False,False,False,TrpM8
jhaihmgk-1,TMA00318,TrpM8,False,False,False,TrpM8
jhbaplje-1,TMA00318,TrpM8,False,False,False,TrpM8
jhcicaea-1,TMA00318,C-LTMR,False,False,False,C-LTMR
jhcidodj-1,TMA00318,Nonpeptidergic nociceptors,False,False,False,Nonpeptidergic nociceptors
jhhpflih-1,TMA00318,CGRP-Gamma 1,False,False,False,CGRP-Gamma 1
jihiebgh-1,TMA00318,CGRP-Alpha,False,False,False,CGRP-Alpha
jihkipmd-1,TMA00318,CGRP-Theta,False,False,False,CGRP-Theta
jihmccin-1,TMA00318,CGRP-Epsilion,False,False,False,CGRP-Epsilion
jiiddkoa-1,TMA00318,TrpM8,False,False,False,TrpM8
jjkcjmag-1,TMA00318,Abeta-RA-LTMR,False,False,False,Abeta-RA-LTMR
jjkjehda-1,TMA00318,Abeta-RA-LTMR,False,False,False,Abeta-RA-LTMR
jjkkhmga-1,TMA00318,CGRP-Eta,False,False,False,CGRP-Eta
jjkklljh-1,TMA00318,CGRP-Gamma 1,False,False,False,CGRP-Gamma 1
jjklcolp-1,TMA00318,CGRP-Beta,False,False,False,CGRP-Beta
jjlbbkpi-1,TMA00318,CGRP-Theta,False,False,False,CGRP-Theta
jjllagcg-1,TMA00318,Sst,False,False,False,Sst
jjlpnjno-1,TMA00318,Proprioceptors,False,False,False,Proprioceptors
jjmpekco-1,TMA00318,Proprioceptors,False,False,False,Proprioceptors
jjpndjlb-1,TMA00318,CGRP-Eta,False,False,False,CGRP-Eta
jkjabcld-1,TMA00318,CGRP-Theta,False,False,False,CGRP-Theta
jkjhgdch-1,TMA00318,Sst,False,False,False,Sst
jklhfnhg-1,TMA00318,CGRP-Gamma 1,False,False,False,CGRP-Gamma 1
jklijoac-1,TMA00318,TrpM8,False,False,False,TrpM8
jkmcajag-1,TMA00318,Nonpeptidergic nociceptors,False,False,False,Nonpeptidergic nociceptors
jkmdnijc-1,TMA00318,Sst,False,False,False,Sst
jkndmjpj-1,TMA00318,CGRP-Gamma 1,False,False,False,CGRP-Gamma 1
jknlniln-1,TMA00318,CGRP-Theta,False,False,False,CGRP-Theta
jkoahekj-1,TMA00318,C-LTMR,False,False,False,C-LTMR
jkopffmb-1,TMA00318,TrpM8,False,False,False,TrpM8
jkpbllll-1,TMA00318,Nonpeptidergic nociceptors,False,False,False,Nonpeptidergic nociceptors
jleggdja-1,TMA00318,CGRP-Eta,False,False,False,CGRP-Eta
jlejjgjl-1,TMA00318,CGRP-Gamma 1,False,False,False,CGRP-Gamma 1
jlinjeof-1,TMA00318,CGRP-Zeta,False,False,False,CGRP-Zeta
jljdofkh-1,TMA00318,CGRP-Zeta,False,False,False,CGRP-Zeta
jlkmfeom-1,TMA00318,CGRP-Zeta,False,False,False,CGRP-Zeta
jllmdllk-1,TMA00318,CGRP-Epsilion,False,False,False,CGRP-Epsilion
jlnkeegl-1,TMA00318,Nonpeptidergic nociceptors,False,False,False,Nonpeptidergic nociceptors
jlnmicnj-1,TMA00318,Abeta-Field,False,False,False,Abeta-Field
jlolgnjf-1,TMA00318,CGRP-Eta,False,False,False,CGRP-Eta
jlolmbep-1,TMA00318,C-LTMR,False,False,False,C-LTMR
jlpcaala-1,TMA00318,Nonpeptidergic nociceptors,False,False,False,Nonpeptidergic nociceptors
jlpedgli-1,TMA00318,Nonpeptidergic nociceptors,False,False,False,Nonpeptidergic nociceptors
jlpgfcjk-1,TMA00318,CGRP-Alpha,False,False,False,CGRP-Alpha
jlpobhcj-1,TMA00318,Nonpeptidergic nociceptors,False,False,False,Nonpeptidergic nociceptors
jlpphond-1,TMA00318,CGRP-Epsilion,False,False,False,CGRP-Epsilion
johocpdi-1,TMA00318,Nonpeptidergic nociceptors,False,False,False,Nonpeptidergic nociceptors
johofago-1,TMA00318,Nonpeptidergic nociceptors,False,False,False,Nonpeptidergic nociceptors
johpkfda-1,TMA00318,Nonpeptidergic nociceptors,False,False,False,Nonpeptidergic nociceptors
jokffbgj-1,TMA00318,CGRP-Gamma 1,False,False,False,CGRP-Gamma 1
jokifpig-1,TMA00318,Nonpeptidergic nociceptors,False,False,False,Nonpeptidergic nociceptors
joldgdnh-1,TMA00318,CGRP-Theta,False,False,False,CGRP-Theta
jonafgmc-1,TMA00318,Nonpeptidergic nociceptors,False,False,False,Nonpeptidergic nociceptors
jonelhle-1,TMA00318,CGRP-Alpha,False,False,False,CGRP-Alpha
jongeejc-1,TMA00318,CGRP-Gamma 1,False,False,False,CGRP-Gamma 1
jonhdmng-1,TMA00318,CGRP-Gamma 2,False,False,False,CGRP-Gamma 2
jooaempo-1,TMA00318,Nonpeptidergic nociceptors,False,False,False,Nonpeptidergic nociceptors
joogdccn-1,TMA00318,Nonpeptidergic nociceptors,False,False,False,Nonpeptidergic nociceptors
jooibfbl-1,TMA00318,Sst,False,False,False,Sst
joopimfh-1,TMA00318,CGRP-Eta,False,False,False,CGRP-Eta
jopdadbl-1,TMA00318,CGRP-Gamma 1,False,False,False,CGRP-Gamma 1
jopelcmn-1,TMA00318,CGRP-Gamma 1,False,False,False,CGRP-Gamma 1
jopenmgl-1,TMA00318,Abeta-Field,False,False,False,Abeta-Field
jopkpgen-1,TMA00318,Abeta-Field,False,False,False,Abeta-Field
jopnhepo-1,TMA00318,Abeta-Field,False,False,False,Abeta-Field
joppcajj-1,TMA00318,CGRP-Gamma 1,False,False,False,CGRP-Gamma 1
jpahplfi-1,TMA00318,CGRP-Eta,False,False,False,CGRP-Eta
jpalabnj-1,TMA00318,CGRP-Gamma 1,False,False,False,CGRP-Gamma 1
jpbeicki-1,TMA00318,CGRP-Alpha,False,False,False,CGRP-Alpha
jpbpbhpj-1,TMA00318,CGRP-Eta,False,False,False,CGRP-Eta
jpccbpgc-1,TMA00318,CGRP-Gamma 1,False,False,False,CGRP-Gamma 1
jpccdcll-1,TMA00318,CGRP-Eta,False,False,False,CGRP-Eta
jpcjocki-1,TMA00318,CGRP-Gamma 1,False,False,False,CGRP-Gamma 1
jpcmikgm-1,TMA00318,CGRP-Gamma 1,False,False,False,CGRP-Gamma 1
jpcogekb-1,TMA00318,CGRP-Alpha,False,False,False,CGRP-Alpha
jpdajapn-1,TMA00318,CGRP-Gamma 1,False,False,False,CGRP-Gamma 1
jpdcpabj-1,TMA00318,CGRP-Gamma 1,False,False,False,CGRP-Gamma 1
jpdfbcaa-1,TMA00318,CGRP-Alpha,False,False,False,CGRP-Alpha
jpdgkhij-1,TMA00318,CGRP-Gamma 1,False,False,False,CGRP-Gamma 1
jpegldfp-1,TMA00318,Proprioceptors,False,False,False,Proprioceptors
jpemdanp-1,TMA00318,CGRP-Eta,False,False,False,CGRP-Eta
jpfmkono-1,TMA00318,Adelta-LTMR,False,False,False,Adelta-LTMR
jpgcjiim-1,TMA00318,Nonpeptidergic nociceptors,False,False,False,Nonpeptidergic nociceptors
jpgdhffj-1,TMA00318,Proprioceptors,False,False,False,Proprioceptors
jpgkgmif-1,TMA00318,CGRP-Gamma 1,False,False,False,CGRP-Gamma 1
jpgkjlli-1,TMA00318,CGRP-Gamma 1,False,False,False,CGRP-Gamma 1
jpgknanh-1,TMA00318,CGRP-Gamma 1,False,False,False,CGRP-Gamma 1
jpgpaenb-1,TMA00318,CGRP-Gamma 1,False,False,False,CGRP-Gamma 1
jpgpkkaj-1,TMA00318,Proprioceptors,False,False,False,Proprioceptors
jphcmlkg-1,TMA00318,Proprioceptors,False,False,False,Proprioceptors
jpifgpge-1,TMA00318,CGRP-Eta,False,False,False,CGRP-Eta
jpigifma-1,TMA00318,CGRP-Eta,False,False,False,CGRP-Eta
jpjilaea-1,TMA00318,CGRP-Zeta,False,False,False,CGRP-Zeta
jpjipijg-1,TMA00318,Sst,False,False,False,Sst
jpjnmllh-1,TMA00318,CGRP-Beta,False,False,False,CGRP-Beta
jpjojcld-1,TMA00318,CGRP-Zeta,False,False,False,CGRP-Zeta
jpkaccdc-1,TMA00318,CGRP-Gamma 1,False,False,False,CGRP-Gamma 1
jpkegpfm-1,TMA00318,CGRP-Gamma 1,False,False,False,CGRP-Gamma 1
jpkogleb-1,TMA00318,CGRP-Alpha,False,False,False,CGRP-Alpha
jplabhop-1,TMA00318,CGRP-Zeta,False,False,False,CGRP-Zeta
jplhbhfk-1,TMA00318,CGRP-Alpha,False,False,False,CGRP-Alpha
jplhmbio-1,TMA00318,Nonpeptidergic nociceptors,False,False,False,Nonpeptidergic nociceptors
jplkciog-1,TMA00318,Nonpeptidergic nociceptors,False,False,False,Nonpeptidergic nociceptors
jplkoagh-1,TMA00318,Nonpeptidergic nociceptors,False,False,False,Nonpeptidergic nociceptors
jpmdbmbd-1,TMA00318,C-LTMR,False,False,False,C-LTMR
jpmegnfe-1,TMA00318,TrpM8,False,False,False,TrpM8
jpmfmclk-1,TMA00318,C-LTMR,False,False,False,C-LTMR
kaijmjdd-1,TMA00318,Sst,False,False,False,Sst
kajephdo-1,TMA00318,Nonpeptidergic nociceptors,False,False,False,Nonpeptidergic nociceptors
kalhjgej-1,TMA00318,CGRP-Theta,False,False,False,CGRP-Theta
kamkmcac-1,TMA00318,Sst,False,False,False,Sst
kancijpl-1,TMA00318,Sst,False,False,False,Sst
kaoaledi-1,TMA00318,Sst,False,False,False,Sst
kaoglobb-1,TMA00318,CGRP-Eta,False,False,False,CGRP-Eta
kapjendb-1,TMA00318,Sst,False,False,False,Sst
kbakibod-1,TMA00318,Sst,False,False,False,Sst
kbbadfle-1,TMA00318,TrpM8,False,False,False,TrpM8
kbjoakib-1,TMA00318,CGRP-Gamma 1,False,False,False,CGRP-Gamma 1
kbkjnfof-1,TMA00318,CGRP-Zeta,False,False,False,CGRP-Zeta
kblkelga-1,TMA00318,CGRP-Gamma 1,False,False,False,CGRP-Gamma 1
kblofgkp-1,TMA00318,CGRP-Epsilion,False,False,False,CGRP-Epsilion
kbmlhodo-1,TMA00318,Sst,False,False,False,Sst
kbmlpiho-1,TMA00318,TrpM8,False,False,False,TrpM8
kbmniinp-1,TMA00318,CGRP-Theta,False,False,False,CGRP-Theta
kbnnnlnk-1,TMA00318,CGRP-Theta,False,False,False,CGRP-Theta
kbohlbad-1,TMA00318,CGRP-Theta,False,False,False,CGRP-Theta
kboibnkn-1,TMA00318,CGRP-Beta,False,False,False,CGRP-Beta
kbokmljo-1,TMA00318,CGRP-Alpha,False,False,False,CGRP-Alpha
kbokogfj-1,TMA00318,CGRP-Gamma 1,False,False,False,CGRP-Gamma 1
kbomjbjo-1,TMA00318,CGRP-Gamma 1,False,False,False,CGRP-Gamma 1
kbopepkm-1,TMA00318,CGRP-Gamma 1,False,False,False,CGRP-Gamma 1
kbpafdmh-1,TMA00318,CGRP-Epsilion,False,False,False,CGRP-Epsilion
kbpibnid-1,TMA00318,CGRP-Epsilion,False,False,False,CGRP-Epsilion
kbpjfhoa-1,TMA00318,TrpM8,False,False,False,TrpM8
kbpmpibc-1,TMA00318,Sst,False,False,False,Sst
kbpnffni-1,TMA00318,CGRP-Alpha,False,False,False,CGRP-Alpha
kcbcffgi-1,TMA00318,Sst,False,False,False,Sst
kcbepfpe-1,TMA00318,Sst,False,False,False,Sst
kcdfkhak-1,TMA00318,Nonpeptidergic nociceptors,False,False,False,Nonpeptidergic nociceptors
kcdjcfgp-1,TMA00318,Nonpeptidergic nociceptors,False,False,False,Nonpeptidergic nociceptors
kciilhkh-1,TMA00318,CGRP-Zeta,False,False,False,CGRP-Zeta
kciobenk-1,TMA00318,CGRP-Epsilion,False,False,False,CGRP-Epsilion
kcjaiiji-1,TMA00318,CGRP-Zeta,False,False,False,CGRP-Zeta
kcjcppgg-1,TMA00318,Abeta-RA-LTMR,False,False,False,Abeta-RA-LTMR
kcjejgem-1,TMA00318,CGRP-Epsilion,False,False,False,CGRP-Epsilion
kcobgmlf-1,TMA00318,CGRP-Alpha,False,False,False,CGRP-Alpha
kdbdcbgl-1,TMA00318,Sst,False,False,False,Sst
kebjfkpd-1,TMA00318,Abeta-RA-LTMR,False,False,False,Abeta-RA-LTMR
keikajno-1,TMA00318,CGRP-Eta,False,False,False,CGRP-Eta
kekcgalb-1,TMA00318,CGRP-Gamma 1,False,False,False,CGRP-Gamma 1
kekfojbh-1,TMA00318,CGRP-Gamma 1,False,False,False,CGRP-Gamma 1
keknjdfl-1,TMA00318,CGRP-Gamma 1,False,False,False,CGRP-Gamma 1
kelakheo-1,TMA00318,Sst,False,False,False,Sst
kelfdeee-1,TMA00318,CGRP-Gamma 2,False,False,False,CGRP-Gamma 2
kellcfjp-1,TMA00318,CGRP-Zeta,False,False,False,CGRP-Zeta
kembpioe-1,TMA00318,TrpM8,False,False,False,TrpM8
kencmjmh-1,TMA00318,CGRP-Theta,False,False,False,CGRP-Theta
kendeaco-1,TMA00318,Abeta-Field,False,False,False,Abeta-Field
keocpgef-1,TMA00318,CGRP-Alpha,False,False,False,CGRP-Alpha
keofbhmd-1,TMA00318,CGRP-Alpha,False,False,False,CGRP-Alpha
kfaibcpa-1,TMA00318,Sst,False,False,False,Sst
kfdknann-1,TMA00318,CGRP-Alpha,False,False,False,CGRP-Alpha
kfenojpd-1,TMA00318,C-LTMR,False,False,False,C-LTMR
kffenlil-1,TMA00318,C-LTMR,False,False,False,C-LTMR
kffhjbpe-1,TMA00318,CGRP-Zeta,False,False,False,CGRP-Zeta
kffofhpi-1,TMA00318,Nonpeptidergic nociceptors,False,False,False,Nonpeptidergic nociceptors
kfgoponk-1,TMA00318,CGRP-Eta,False,False,False,CGRP-Eta
kfhakcck-1,TMA00318,Nonpeptidergic nociceptors,False,False,False,Nonpeptidergic nociceptors
kfhfbgfe-1,TMA00318,Nonpeptidergic nociceptors,False,False,False,Nonpeptidergic nociceptors
kfhjbhia-1,TMA00318,CGRP-Theta,False,False,False,CGRP-Theta
kfhnfdik-1,TMA00318,Sst,False,False,False,Sst
kfiflpej-1,TMA00318,CGRP-Gamma 1,False,False,False,CGRP-Gamma 1
kfilafej-1,TMA00318,Sst,False,False,False,Sst
kfipcajg-1,TMA00318,CGRP-Eta,False,False,False,CGRP-Eta
kfjklbfg-1,TMA00318,CGRP-Alpha,False,False,False,CGRP-Alpha
kfjnknei-1,TMA00318,CGRP-Alpha,False,False,False,CGRP-Alpha
kfkbljbc-1,TMA00318,CGRP-Eta,False,False,False,CGRP-Eta
kfkchbai-1,TMA00318,Sst,False,False,False,Sst
kfkkkglo-1,TMA00318,Sst,False,False,False,Sst
kfklgjod-1,TMA00318,CGRP-Alpha,False,False,False,CGRP-Alpha
kflkklbk-1,TMA00318,Sst,False,False,False,Sst
kflllbgj-1,TMA00318,CGRP-Alpha,False,False,False,CGRP-Alpha
kfmbgdfp-1,TMA00318,Nonpeptidergic nociceptors,False,False,False,Nonpeptidergic nociceptors
kfmldnmb-1,TMA00318,CGRP-Eta,False,False,False,CGRP-Eta
kfmmlhil-1,TMA00318,CGRP-Eta,False,False,False,CGRP-Eta
kfoimkem-1,TMA00318,Nonpeptidergic nociceptors,False,False,False,Nonpeptidergic nociceptors
kfonnnhj-1,TMA00318,Abeta-Field,False,False,False,Abeta-Field
kfopgdbn-1,TMA00318,Nonpeptidergic nociceptors,False,False,False,Nonpeptidergic nociceptors
kfpbcnhf-1,TMA00318,TrpM8,False,False,False,TrpM8
kfpejacd-1,TMA00318,Nonpeptidergic nociceptors,False,False,False,Nonpeptidergic nociceptors
kfpfbelc-1,TMA00318,Nonpeptidergic nociceptors,False,False,False,Nonpeptidergic nociceptors
kfpjpplb-1,TMA00318,Abeta-Field,False,False,False,Abeta-Field
kfpmbdof-1,TMA00318,Sst,False,False,False,Sst
kfpmjbji-1,TMA00318,Abeta-Field,False,False,False,Abeta-Field
kgaknjnj-1,TMA00318,Sst,False,False,False,Sst
kgancgek-1,TMA00318,Nonpeptidergic nociceptors,False,False,False,Nonpeptidergic nociceptors
kgapcmkf-1,TMA00318,CGRP-Alpha,False,False,False,CGRP-Alpha
kgbbddfe-1,TMA00318,Sst,False,False,False,Sst
kgbdabnn-1,TMA00318,CGRP-Theta,False,False,False,CGRP-Theta
kgbeflgl-1,TMA00318,CGRP-Theta,False,False,False,CGRP-Theta
kgbhpbhd-1,TMA00318,TrpM8,False,False,False,TrpM8
kgbiicjd-1,TMA00318,CGRP-Zeta,False,False,False,CGRP-Zeta
kgblljgc-1,TMA00318,Nonpeptidergic nociceptors,False,False,False,Nonpeptidergic nociceptors
kgcclick-1,TMA00318,Nonpeptidergic nociceptors,False,False,False,Nonpeptidergic nociceptors
kgchlmlo-1,TMA00318,Sst,False,False,False,Sst
kgddbjnh-1,TMA00318,C-LTMR,False,False,False,C-LTMR
kgdecmlj-1,TMA00318,Sst,False,False,False,Sst
kgdfanoo-1,TMA00318,Sst,False,False,False,Sst
kgdfblko-1,TMA00318,Sst,False,False,False,Sst
kgijghek-1,TMA00318,CGRP-Gamma 1,False,False,False,CGRP-Gamma 1
kgimflmp-1,TMA00318,TrpM8,False,False,False,TrpM8
kginiika-1,TMA00318,CGRP-Epsilion,False,False,False,CGRP-Epsilion
kgjjfell-1,TMA00318,Nonpeptidergic nociceptors,False,False,False,Nonpeptidergic nociceptors
kgjnnmca-1,TMA00318,CGRP-Gamma 2,False,False,False,CGRP-Gamma 2
kgkejpdn-1,TMA00318,Sst,False,False,False,Sst
kgkggnof-1,TMA00318,Sst,False,False,False,Sst
kgkleoop-1,TMA00318,Sst,False,False,False,Sst
kglmaiho-1,TMA00318,Nonpeptidergic nociceptors,False,False,False,Nonpeptidergic nociceptors
kgmaobbi-1,TMA00318,Nonpeptidergic nociceptors,False,False,False,Nonpeptidergic nociceptors
kgmdnifg-1,TMA00318,Nonpeptidergic nociceptors,False,False,False,Nonpeptidergic nociceptors
kgmkpggd-1,TMA00318,Nonpeptidergic nociceptors,False,False,False,Nonpeptidergic nociceptors
kgnhjkpp-1,TMA00318,CGRP-Epsilion,False,False,False,CGRP-Epsilion
kgonnjhe-1,TMA00318,TrpM8,False,False,False,TrpM8
kgpenlcp-1,TMA00318,Proprioceptors,False,False,False,Proprioceptors
khephbca-1,TMA00318,Nonpeptidergic nociceptors,False,False,False,Nonpeptidergic nociceptors
khfgejkn-1,TMA00318,Nonpeptidergic nociceptors,False,False,False,Nonpeptidergic nociceptors
khfncjib-1,TMA00318,Nonpeptidergic nociceptors,False,False,False,Nonpeptidergic nociceptors
khhlbmae-1,TMA00318,CGRP-Gamma 1,False,False,False,CGRP-Gamma 1
khhnfcde-1,TMA00318,Abeta-RA-LTMR,False,False,False,Abeta-RA-LTMR
khialbkl-1,TMA00318,Abeta-Field,False,False,False,Abeta-Field
khibkcim-1,TMA00318,CGRP-Gamma 1,False,False,False,CGRP-Gamma 1
khihahjm-1,TMA00318,CGRP-Eta,False,False,False,CGRP-Eta
khipdcbj-1,TMA00318,TrpM8,False,False,False,TrpM8
khjehlho-1,TMA00318,Nonpeptidergic nociceptors,False,False,False,Nonpeptidergic nociceptors
khjfmoho-1,TMA00318,Nonpeptidergic nociceptors,False,False,False,Nonpeptidergic nociceptors
khjjnmfi-1,TMA00318,CGRP-Gamma 1,False,False,False,CGRP-Gamma 1
khjmblok-1,TMA00318,CGRP-Gamma 2,False,False,False,CGRP-Gamma 2
khjpdeol-1,TMA00318,CGRP-Eta,False,False,False,CGRP-Eta
khkcdbnl-1,TMA00318,CGRP-Gamma 1,False,False,False,CGRP-Gamma 1
khkcijon-1,TMA00318,Nonpeptidergic nociceptors,False,False,False,Nonpeptidergic nociceptors
khkjiihh-1,TMA00318,CGRP-Gamma 1,False,False,False,CGRP-Gamma 1
khkjomoc-1,TMA00318,CGRP-Gamma 1,False,False,False,CGRP-Gamma 1
khkkaodh-1,TMA00318,Nonpeptidergic nociceptors,False,False,False,Nonpeptidergic nociceptors
khklbmcp-1,TMA00318,CGRP-Gamma 1,False,False,False,CGRP-Gamma 1
khlmmbkn-1,TMA00318,Nonpeptidergic nociceptors,False,False,False,Nonpeptidergic nociceptors
khlmpnal-1,TMA00318,CGRP-Eta,False,False,False,CGRP-Eta
khlnaikh-1,TMA00318,CGRP-Eta,False,False,False,CGRP-Eta
khmeklbn-1,TMA00318,C-LTMR,False,False,False,C-LTMR
khmnmlcf-1,TMA00318,CGRP-Eta,False,False,False,CGRP-Eta
khnekhlh-1,TMA00318,Nonpeptidergic nociceptors,False,False,False,Nonpeptidergic nociceptors
khnfggmf-1,TMA00318,CGRP-Epsilion,False,False,False,CGRP-Epsilion
khnmbdfg-1,TMA00318,Nonpeptidergic nociceptors,False,False,False,Nonpeptidergic nociceptors
khnpailh-1,TMA00318,CGRP-Gamma 2,False,False,False,CGRP-Gamma 2
khofhdab-1,TMA00318,Abeta-Field,False,False,False,Abeta-Field
khoheabm-1,TMA00318,CGRP-Gamma 2,False,False,False,CGRP-Gamma 2
kholjean-1,TMA00318,Proprioceptors,False,False,False,Proprioceptors
khonggjk-1,TMA00318,CGRP-Gamma 1,False,False,False,CGRP-Gamma 1
khpagnpl-1,TMA00318,Abeta-Field,False,False,False,Abeta-Field
khpgajno-1,TMA00318,CGRP-Gamma 2,False,False,False,CGRP-Gamma 2
khphmmll-1,TMA00318,CGRP-Gamma 1,False,False,False,CGRP-Gamma 1
khphnhcc-1,TMA00318,CGRP-Gamma 1,False,False,False,CGRP-Gamma 1
khpkpacc-1,TMA00318,CGRP-Eta,False,False,False,CGRP-Eta
khpljaal-1,TMA00318,CGRP-Gamma 1,False,False,False,CGRP-Gamma 1
kiacmgdn-1,TMA00318,CGRP-Gamma 1,False,False,False,CGRP-Gamma 1
kiamahjl-1,TMA00318,CGRP-Gamma 1,False,False,False,CGRP-Gamma 1
kibgmkbg-1,TMA00318,CGRP-Gamma 1,False,False,False,CGRP-Gamma 1
kibjdhng-1,TMA00318,CGRP-Gamma 1,False,False,False,CGRP-Gamma 1
kiblhjdg-1,TMA00318,CGRP-Gamma 1,False,False,False,CGRP-Gamma 1
kibmjhil-1,TMA00318,CGRP-Beta,False,False,False,CGRP-Beta
kicbbdmg-1,TMA00318,TrpM8,False,False,False,TrpM8
kicghpel-1,TMA00318,CGRP-Gamma 1,False,False,False,CGRP-Gamma 1
kifaefco-1,TMA00318,CGRP-Gamma 1,False,False,False,CGRP-Gamma 1
kifmmcfi-1,TMA00318,CGRP-Gamma 1,False,False,False,CGRP-Gamma 1
kingbppk-1,TMA00318,CGRP-Eta,False,False,False,CGRP-Eta
kjchjpoa-1,TMA00318,CGRP-Alpha,False,False,False,CGRP-Alpha
kjdlmeag-1,TMA00318,Nonpeptidergic nociceptors,False,False,False,Nonpeptidergic nociceptors
kjglignf-1,TMA00318,Sst,False,False,False,Sst
kjgochjm-1,TMA00318,Sst,False,False,False,Sst
kjhafdjc-1,TMA00318,CGRP-Zeta,False,False,False,CGRP-Zeta
kjhckcgm-1,TMA00318,Sst,False,False,False,Sst
kjhhdldk-1,TMA00318,CGRP-Eta,False,False,False,CGRP-Eta
kjihlcmj-1,TMA00318,Nonpeptidergic nociceptors,False,False,False,Nonpeptidergic nociceptors
kjijodmc-1,TMA00318,CGRP-Eta,False,False,False,CGRP-Eta
kjkgepna-1,TMA00318,CGRP-Eta,False,False,False,CGRP-Eta
kjmcagje-1,TMA00318,CGRP-Zeta,False,False,False,CGRP-Zeta
kjmmmffo-1,TMA00318,CGRP-Alpha,False,False,False,CGRP-Alpha
kjnpgbbo-1,TMA00318,CGRP-Zeta,False,False,False,CGRP-Zeta
kjoaledo-1,TMA00318,CGRP-Gamma 1,False,False,False,CGRP-Gamma 1
kjocpkdp-1,TMA00318,CGRP-Alpha,False,False,False,CGRP-Alpha
kjojhcll-1,TMA00318,CGRP-Gamma 1,False,False,False,CGRP-Gamma 1
kjopjeof-1,TMA00318,CGRP-Eta,False,False,False,CGRP-Eta
kjpejmlg-1,TMA00318,CGRP-Epsilion,False,False,False,CGRP-Epsilion
kjpghmcg-1,TMA00318,CGRP-Zeta,False,False,False,CGRP-Zeta
kkaajgmf-1,TMA00318,CGRP-Zeta,False,False,False,CGRP-Zeta
kkacpdma-1,TMA00318,CGRP-Gamma 1,False,False,False,CGRP-Gamma 1
kkadiacj-1,TMA00318,CGRP-Gamma 1,False,False,False,CGRP-Gamma 1
kkagkacb-1,TMA00318,CGRP-Gamma 1,False,False,False,CGRP-Gamma 1
kkalhnef-1,TMA00318,CGRP-Gamma 1,False,False,False,CGRP-Gamma 1
kkapfcgk-1,TMA00318,CGRP-Gamma 1,False,False,False,CGRP-Gamma 1
kkbacdgc-1,TMA00318,CGRP-Gamma 1,False,False,False,CGRP-Gamma 1
kkbaeceb-1,TMA00318,CGRP-Eta,False,False,False,CGRP-Eta
kkbelifm-1,TMA00318,CGRP-Gamma 1,False,False,False,CGRP-Gamma 1
kkbfkpol-1,TMA00318,CGRP-Gamma 1,False,False,False,CGRP-Gamma 1
kkcebghb-1,TMA00318,CGRP-Gamma 1,False,False,False,CGRP-Gamma 1
kkcnmnkm-1,TMA00318,CGRP-Gamma 1,False,False,False,CGRP-Gamma 1
kkdahbdg-1,TMA00318,CGRP-Gamma 1,False,False,False,CGRP-Gamma 1
kkeakidg-1,TMA00318,CGRP-Gamma 1,False,False,False,CGRP-Gamma 1
kkefacbd-1,TMA00318,CGRP-Zeta,False,False,False,CGRP-Zeta
kkfbfhfl-1,TMA00318,CGRP-Gamma 1,False,False,False,CGRP-Gamma 1
kkfdjnlf-1,TMA00318,CGRP-Theta,False,False,False,CGRP-Theta
kkffecnl-1,TMA00318,CGRP-Gamma 2,False,False,False,CGRP-Gamma 2
kkfhdonn-1,TMA00318,Nonpeptidergic nociceptors,False,False,False,Nonpeptidergic nociceptors
kkficagd-1,TMA00318,Nonpeptidergic nociceptors,False,False,False,Nonpeptidergic nociceptors
kkgafheh-1,TMA00318,CGRP-Gamma 1,False,False,False,CGRP-Gamma 1
kkgefgom-1,TMA00318,Nonpeptidergic nociceptors,False,False,False,Nonpeptidergic nociceptors
kkgndgej-1,TMA00318,Nonpeptidergic nociceptors,False,False,False,Nonpeptidergic nociceptors
kkgolgcl-1,TMA00318,Nonpeptidergic nociceptors,False,False,False,Nonpeptidergic nociceptors
kkgpbmii-1,TMA00318,CGRP-Gamma 1,False,False,False,CGRP-Gamma 1
kkhbkbij-1,TMA00318,CGRP-Gamma 1,False,False,False,CGRP-Gamma 1
kkhcnfjn-1,TMA00318,CGRP-Gamma 1,False,False,False,CGRP-Gamma 1
kkhgbcdc-1,TMA00318,CGRP-Gamma 1,False,False,False,CGRP-Gamma 1
kkiglhed-1,TMA00318,CGRP-Gamma 1,False,False,False,CGRP-Gamma 1
kkijloob-1,TMA00318,CGRP-Gamma 1,False,False,False,CGRP-Gamma 1
kkimaogk-1,TMA00318,CGRP-Gamma 1,False,False,False,CGRP-Gamma 1
kkjdkeag-1,TMA00318,CGRP-Gamma 1,False,False,False,CGRP-Gamma 1
kkjfeaph-1,TMA00318,CGRP-Gamma 2,False,False,False,CGRP-Gamma 2
kkoodgbd-1,TMA00318,CGRP-Alpha,False,False,False,CGRP-Alpha
kkoojklh-1,TMA00318,CGRP-Gamma 1,False,False,False,CGRP-Gamma 1
klajcahf-1,TMA00318,CGRP-Eta,False,False,False,CGRP-Eta
klamdbbe-1,TMA00318,CGRP-Gamma 1,False,False,False,CGRP-Gamma 1
klbahjec-1,TMA00318,CGRP-Gamma 1,False,False,False,CGRP-Gamma 1
klbbgbbn-1,TMA00318,CGRP-Gamma 1,False,False,False,CGRP-Gamma 1
klbbkieg-1,TMA00318,CGRP-Gamma 1,False,False,False,CGRP-Gamma 1
klbkccgc-1,TMA00318,CGRP-Eta,False,False,False,CGRP-Eta
klbobake-1,TMA00318,CGRP-Gamma 1,False,False,False,CGRP-Gamma 1
klbpnmol-1,TMA00318,CGRP-Beta,False,False,False,CGRP-Beta
klcncapd-1,TMA00318,CGRP-Eta,False,False,False,CGRP-Eta
klcncdng-1,TMA00318,CGRP-Gamma 1,False,False,False,CGRP-Gamma 1
kldbcchc-1,TMA00318,CGRP-Eta,False,False,False,CGRP-Eta
kldbhjcd-1,TMA00318,CGRP-Eta,False,False,False,CGRP-Eta
kldjgnbd-1,TMA00318,Nonpeptidergic nociceptors,False,False,False,Nonpeptidergic nociceptors
kldomgff-1,TMA00318,TrpM8,False,False,False,TrpM8
klebkgbi-1,TMA00318,CGRP-Gamma 1,False,False,False,CGRP-Gamma 1
kledcclb-1,TMA00318,CGRP-Eta,False,False,False,CGRP-Eta
klehnldg-1,TMA00318,CGRP-Gamma 2,False,False,False,CGRP-Gamma 2
kleicpkm-1,TMA00318,CGRP-Gamma 1,False,False,False,CGRP-Gamma 1
kleimdab-1,TMA00318,CGRP-Eta,False,False,False,CGRP-Eta
klgcokmo-1,TMA00318,CGRP-Gamma 2,False,False,False,CGRP-Gamma 2
klgjomnk-1,TMA00318,CGRP-Epsilion,False,False,False,CGRP-Epsilion
klgnicep-1,TMA00318,CGRP-Gamma 1,False,False,False,CGRP-Gamma 1
klhajfkp-1,TMA00318,CGRP-Gamma 1,False,False,False,CGRP-Gamma 1
klhdebhl-1,TMA00318,C-LTMR,False,False,False,C-LTMR
klhfcpfo-1,TMA00318,CGRP-Gamma 1,False,False,False,CGRP-Gamma 1
klhgbepa-1,TMA00318,CGRP-Eta,False,False,False,CGRP-Eta
klhiflpn-1,TMA00318,CGRP-Zeta,False,False,False,CGRP-Zeta
klhmpdjo-1,TMA00318,CGRP-Gamma 1,False,False,False,CGRP-Gamma 1
klhnhhko-1,TMA00318,CGRP-Zeta,False,False,False,CGRP-Zeta
klidebge-1,TMA00318,CGRP-Gamma 1,False,False,False,CGRP-Gamma 1
kliebfhg-1,TMA00318,CGRP-Gamma 1,False,False,False,CGRP-Gamma 1
klijclnf-1,TMA00318,CGRP-Gamma 1,False,False,False,CGRP-Gamma 1
klildach-1,TMA00318,CGRP-Beta,False,False,False,CGRP-Beta
klilobch-1,TMA00318,CGRP-Gamma 1,False,False,False,CGRP-Gamma 1
kliobnac-1,TMA00318,CGRP-Gamma 1,False,False,False,CGRP-Gamma 1
kljgdiof-1,TMA00318,Sst,False,False,False,Sst
kljhgclo-1,TMA00318,Nonpeptidergic nociceptors,False,False,False,Nonpeptidergic nociceptors
kljkbflf-1,TMA00318,Nonpeptidergic nociceptors,False,False,False,Nonpeptidergic nociceptors
kllajjni-1,TMA00318,CGRP-Gamma 1,False,False,False,CGRP-Gamma 1
kllbibbb-1,TMA00318,CGRP-Gamma 1,False,False,False,CGRP-Gamma 1
kllhdngf-1,TMA00318,CGRP-Gamma 1,False,False,False,CGRP-Gamma 1
klnghbkg-1,TMA00318,Sst,False,False,False,Sst
klnobdfk-1,TMA00318,CGRP-Alpha,False,False,False,CGRP-Alpha
klojngmn-1,TMA00318,CGRP-Eta,False,False,False,CGRP-Eta
klpdkbko-1,TMA00318,CGRP-Gamma 1,False,True,False,CGRP-Gamma 1
klpfkefg-1,TMA00318,CGRP-Eta,False,False,False,CGRP-Eta
klplhnii-1,TMA00318,Proprioceptors,False,False,False,Proprioceptors
kmacpoak-1,TMA00318,Proprioceptors,False,False,False,Proprioceptors
kmaeaghb-1,TMA00318,CGRP-Theta,False,False,False,CGRP-Theta
kmafbffh-1,TMA00318,CGRP-Eta,False,False,False,CGRP-Eta
kmcbapjb-1,TMA00318,CGRP-Gamma 1,False,False,False,CGRP-Gamma 1
kmcjkkap-1,TMA00318,CGRP-Beta,False,False,False,CGRP-Beta
kmckbbfj-1,TMA00318,Sst,False,False,False,Sst
kmehegnn-1,TMA00318,CGRP-Alpha,False,False,False,CGRP-Alpha
kmekeemc-1,TMA00318,CGRP-Gamma 1,False,False,False,CGRP-Gamma 1
kmfhjlne-1,TMA00318,CGRP-Alpha,False,False,False,CGRP-Alpha
kmfjffad-1,TMA00318,CGRP-Gamma 1,False,False,False,CGRP-Gamma 1
kmfplfln-1,TMA00318,C-LTMR,False,False,False,C-LTMR
kmgdnhij-1,TMA00318,Nonpeptidergic nociceptors,False,False,False,Nonpeptidergic nociceptors
kmgeaeka-1,TMA00318,Sst,False,False,False,Sst
kmgfkgfn-1,TMA00318,C-LTMR,False,False,False,C-LTMR
kmglpmmj-1,TMA00318,Nonpeptidergic nociceptors,False,False,False,Nonpeptidergic nociceptors
kmhhnnmg-1,TMA00318,CGRP-Gamma 1,False,False,False,CGRP-Gamma 1
kmhmegjn-1,TMA00318,Nonpeptidergic nociceptors,False,False,False,Nonpeptidergic nociceptors
kmhobbjn-1,TMA00318,CGRP-Gamma 1,False,False,False,CGRP-Gamma 1
kmhpnknb-1,TMA00318,CGRP-Gamma 1,False,False,False,CGRP-Gamma 1
kmiiceda-1,TMA00318,Sst,False,False,False,Sst
kmkodcnm-1,TMA00318,Nonpeptidergic nociceptors,False,False,False,Nonpeptidergic nociceptors
kmkohmko-1,TMA00318,Nonpeptidergic nociceptors,False,False,False,Nonpeptidergic nociceptors
kmkppjng-1,TMA00318,CGRP-Zeta,False,False,False,CGRP-Zeta
kmleeokd-1,TMA00318,CGRP-Zeta,False,False,False,CGRP-Zeta
kmlleaoo-1,TMA00318,CGRP-Gamma 1,False,False,False,CGRP-Gamma 1
kmmjckek-1,TMA00318,Nonpeptidergic nociceptors,False,False,False,Nonpeptidergic nociceptors
kmnbcajl-1,TMA00318,CGRP-Gamma 1,False,False,False,CGRP-Gamma 1
kmnkicpi-1,TMA00318,Nonpeptidergic nociceptors,False,False,False,Nonpeptidergic nociceptors
kmoaciaf-1,TMA00318,Nonpeptidergic nociceptors,False,False,False,Nonpeptidergic nociceptors
kmojeelo-1,TMA00318,Nonpeptidergic nociceptors,False,False,False,Nonpeptidergic nociceptors
kmpdmpfb-1,TMA00318,Adelta-LTMR,False,False,False,Adelta-LTMR
kmpgjkgl-1,TMA00318,Adelta-LTMR,False,False,False,Adelta-LTMR
kmplhaej-1,TMA00318,CGRP-Gamma 1,False,False,False,CGRP-Gamma 1
kmpnjieb-1,TMA00318,CGRP-Eta,False,False,False,CGRP-Eta
kmpogidi-1,TMA00318,CGRP-Eta,False,False,False,CGRP-Eta
knbeaklk-1,TMA00318,CGRP-Zeta,False,False,False,CGRP-Zeta
knbgdiol-1,TMA00318,CGRP-Eta,False,False,False,CGRP-Eta
knbjkhgb-1,TMA00318,Nonpeptidergic nociceptors,False,False,False,Nonpeptidergic nociceptors
knbknnff-1,TMA00318,CGRP-Gamma 1,False,False,False,CGRP-Gamma 1
knblkhfo-1,TMA00318,CGRP-Eta,False,False,False,CGRP-Eta
knbpgeki-1,TMA00318,CGRP-Gamma 1,False,False,False,CGRP-Gamma 1
knccckem-1,TMA00318,CGRP-Gamma 1,False,False,False,CGRP-Gamma 1
knchehei-1,TMA00318,Sst,False,False,False,Sst
kndcbbel-1,TMA00318,Sst,False,False,False,Sst
knddomjm-1,TMA00318,CGRP-Gamma 1,False,False,False,CGRP-Gamma 1
kndglhll-1,TMA00318,CGRP-Gamma 1,False,False,False,CGRP-Gamma 1
kndkglmg-1,TMA00318,CGRP-Gamma 1,False,False,False,CGRP-Gamma 1
kndmgaca-1,TMA00318,CGRP-Gamma 1,False,False,False,CGRP-Gamma 1
kndpilig-1,TMA00318,CGRP-Gamma 2,False,False,False,CGRP-Gamma 2
kneahadn-1,TMA00318,Nonpeptidergic nociceptors,False,False,False,Nonpeptidergic nociceptors
knefhmka-1,TMA00318,Nonpeptidergic nociceptors,False,False,False,Nonpeptidergic nociceptors
kneldkli-1,TMA00318,Nonpeptidergic nociceptors,False,False,False,Nonpeptidergic nociceptors
knfblnmg-1,TMA00318,Nonpeptidergic nociceptors,False,False,False,Nonpeptidergic nociceptors
knfigbib-1,TMA00318,CGRP-Zeta,False,False,False,CGRP-Zeta
knfikico-1,TMA00318,CGRP-Zeta,False,False,False,CGRP-Zeta
kngjaidf-1,TMA00318,CGRP-Gamma 1,False,False,False,CGRP-Gamma 1
knhaaahf-1,TMA00318,CGRP-Alpha,False,False,False,CGRP-Alpha
knigfeoe-1,TMA00318,CGRP-Eta,False,False,False,CGRP-Eta
knkljadp-1,TMA00318,Sst,False,False,False,Sst
knlkoknf-1,TMA00318,Sst,False,False,False,Sst
knnafbjo-1,TMA00318,CGRP-Gamma 2,False,False,False,CGRP-Gamma 2
knnbphdh-1,TMA00318,CGRP-Eta,False,False,False,CGRP-Eta
knnfmlle-1,TMA00318,CGRP-Gamma 1,False,False,False,CGRP-Gamma 1
knnjbppk-1,TMA00318,CGRP-Gamma 1,False,False,False,CGRP-Gamma 1
koaeaodd-1,TMA00318,CGRP-Gamma 1,False,False,False,CGRP-Gamma 1
koajpdkf-1,TMA00318,CGRP-Beta,False,False,False,CGRP-Beta
koaobnih-1,TMA00318,CGRP-Gamma 1,False,False,False,CGRP-Gamma 1
kobecegl-1,TMA00318,C-LTMR,False,False,False,C-LTMR
kocoeecm-1,TMA00318,CGRP-Eta,False,False,False,CGRP-Eta
kodgkepd-1,TMA00318,CGRP-Zeta,False,False,False,CGRP-Zeta
kodnmaad-1,TMA00318,CGRP-Zeta,False,False,False,CGRP-Zeta
koeoapob-1,TMA00318,Adelta-LTMR,False,False,False,Adelta-LTMR
koepbfeh-1,TMA00318,CGRP-Gamma 1,False,False,False,CGRP-Gamma 1
koepiino-1,TMA00318,CGRP-Gamma 1,False,False,False,CGRP-Gamma 1
kofaiahd-1,TMA00318,CGRP-Eta,False,False,False,CGRP-Eta
kofelkhm-1,TMA00318,CGRP-Alpha,False,False,False,CGRP-Alpha
kofgcfdp-1,TMA00318,CGRP-Eta,False,False,False,CGRP-Eta
kofjfhnb-1,TMA00318,CGRP-Gamma 1,False,False,False,CGRP-Gamma 1
kofmegci-1,TMA00318,CGRP-Gamma 1,False,False,False,CGRP-Gamma 1
kofnfelc-1,TMA00318,CGRP-Beta,False,False,False,CGRP-Beta
kogbgdab-1,TMA00318,Abeta-Field,False,False,False,Abeta-Field
kogcbhee-1,TMA00318,CGRP-Gamma 1,False,False,False,CGRP-Gamma 1
koggkhfd-1,TMA00318,Abeta-Field,False,False,False,Abeta-Field
kogkdlli-1,TMA00318,CGRP-Alpha,False,False,False,CGRP-Alpha
kogpdjip-1,TMA00318,CGRP-Gamma 1,False,False,False,CGRP-Gamma 1
kogpkjik-1,TMA00318,CGRP-Gamma 1,False,True,False,CGRP-Gamma 1
kohaimpj-1,TMA00318,CGRP-Gamma 1,False,False,False,CGRP-Gamma 1
kohfkfho-1,TMA00318,Sst,False,False,False,Sst
koiedilc-1,TMA00318,CGRP-Eta,False,False,False,CGRP-Eta
koiffpca-1,TMA00318,Nonpeptidergic nociceptors,False,False,False,Nonpeptidergic nociceptors
koigmcjj-1,TMA00318,CGRP-Epsilion,False,False,False,CGRP-Epsilion
kojolefb-1,TMA00318,Nonpeptidergic nociceptors,False,False,False,Nonpeptidergic nociceptors
kokahjbk-1,TMA00318,CGRP-Gamma 1,False,False,False,CGRP-Gamma 1
kokdlhfd-1,TMA00318,CGRP-Gamma 1,False,False,False,CGRP-Gamma 1
kokimhkj-1,TMA00318,CGRP-Gamma 1,False,False,False,CGRP-Gamma 1
kokkdcpk-1,TMA00318,Abeta-Field,False,False,False,Abeta-Field
koklmofh-1,TMA00318,CGRP-Gamma 1,False,False,False,CGRP-Gamma 1
koklnnca-1,TMA00318,CGRP-Gamma 2,False,False,False,CGRP-Gamma 2
kokopleb-1,TMA00318,C-LTMR,False,False,False,C-LTMR
kolbmggm-1,TMA00318,CGRP-Gamma 1,False,False,False,CGRP-Gamma 1
komcenfl-1,TMA00318,C-LTMR,False,False,False,C-LTMR
komekkke-1,TMA00318,Nonpeptidergic nociceptors,False,False,False,Nonpeptidergic nociceptors
komfcldh-1,TMA00318,Sst,False,False,False,Sst
koneefdc-1,TMA00318,CGRP-Alpha,False,False,False,CGRP-Alpha
konhphpo-1,TMA00318,CGRP-Alpha,False,False,False,CGRP-Alpha
konjmldo-1,TMA00318,CGRP-Alpha,False,False,False,CGRP-Alpha
konlemhj-1,TMA00318,CGRP-Epsilion,False,False,False,CGRP-Epsilion
konndpca-1,TMA00318,CGRP-Alpha,False,False,False,CGRP-Alpha
kopbfbad-1,TMA00318,CGRP-Gamma 1,False,False,False,CGRP-Gamma 1
kopdbgbb-1,TMA00318,CGRP-Eta,False,False,False,CGRP-Eta
kopgnngl-1,TMA00318,C-LTMR,False,False,False,C-LTMR
kopijheg-1,TMA00318,CGRP-Eta,False,False,False,CGRP-Eta
kpeilcpi-1,TMA00318,CGRP-Eta,False,False,False,CGRP-Eta
kpjpccia-1,TMA00318,CGRP-Gamma 1,False,False,False,CGRP-Gamma 1
kpoenboa-1,TMA00318,CGRP-Zeta,False,False,False,CGRP-Zeta
kpohloha-1,TMA00318,CGRP-Theta,False,False,False,CGRP-Theta
lbimhkio-1,TMA00318,CGRP-Gamma 2,False,False,False,CGRP-Gamma 2
lbjaacgc-1,TMA00318,CGRP-Eta,False,False,False,CGRP-Eta
lbljmokj-1,TMA00318,Nonpeptidergic nociceptors,False,False,False,Nonpeptidergic nociceptors
lblmfgfn-1,TMA00318,Nonpeptidergic nociceptors,False,False,False,Nonpeptidergic nociceptors
lblnimnk-1,TMA00318,CGRP-Eta,False,False,False,CGRP-Eta
lblppmfa-1,TMA00318,CGRP-Gamma 1,False,False,False,CGRP-Gamma 1
lbmndnpo-1,TMA00318,CGRP-Theta,False,False,False,CGRP-Theta
lbnnbfcl-1,TMA00318,Nonpeptidergic nociceptors,False,False,False,Nonpeptidergic nociceptors
lbokmfel-1,TMA00318,CGRP-Zeta,False,False,False,CGRP-Zeta
lbpmbflc-1,TMA00318,Adelta-LTMR,False,False,False,Adelta-LTMR
lbpnbcpa-1,TMA00318,C-LTMR,False,False,False,C-LTMR
lcabjclp-1,TMA00318,Adelta-LTMR,False,False,False,Adelta-LTMR
lcpjlndf-1,TMA00318,Nonpeptidergic nociceptors,False,False,False,Nonpeptidergic nociceptors
ldahcohf-1,TMA00318,Nonpeptidergic nociceptors,False,False,False,Nonpeptidergic nociceptors
ldajbffo-1,TMA00318,CGRP-Theta,False,False,False,CGRP-Theta
ldaklmai-1,TMA00318,Nonpeptidergic nociceptors,False,False,False,Nonpeptidergic nociceptors
ldanlcno-1,TMA00318,Abeta-Field,False,False,False,Abeta-Field
ldaonhja-1,TMA00318,CGRP-Gamma 1,False,False,False,CGRP-Gamma 1
ldbhhkml-1,TMA00318,Nonpeptidergic nociceptors,False,False,False,Nonpeptidergic nociceptors
ldcohfnn-1,TMA00318,CGRP-Zeta,False,False,False,CGRP-Zeta
lddcejlg-1,TMA00318,Nonpeptidergic nociceptors,False,False,False,Nonpeptidergic nociceptors
lddjlfpn-1,TMA00318,Abeta-Field,False,False,False,Abeta-Field
lddmgpao-1,TMA00318,Nonpeptidergic nociceptors,False,False,False,Nonpeptidergic nociceptors
ldeaaeni-1,TMA00318,CGRP-Eta,False,False,False,CGRP-Eta
ldeahadd-1,TMA00318,Nonpeptidergic nociceptors,False,False,False,Nonpeptidergic nociceptors
ldehdkbi-1,TMA00318,CGRP-Epsilion,False,False,False,CGRP-Epsilion
ldekgoel-1,TMA00318,Proprioceptors,False,False,False,Proprioceptors
ldelphhl-1,TMA00318,Proprioceptors,False,False,False,Proprioceptors
ldfabjoo-1,TMA00318,Nonpeptidergic nociceptors,False,False,False,Nonpeptidergic nociceptors
ldffdhog-1,TMA00318,Nonpeptidergic nociceptors,False,False,False,Nonpeptidergic nociceptors
ldhifbpc-1,TMA00318,CGRP-Gamma 1,False,False,False,CGRP-Gamma 1
ldhndlpd-1,TMA00318,CGRP-Eta,False,False,False,CGRP-Eta
ldigmhdg-1,TMA00318,CGRP-Gamma 1,False,False,False,CGRP-Gamma 1
ldiilbji-1,TMA00318,TrpM8,False,False,False,TrpM8
ldkebpke-1,TMA00318,C-LTMR,False,False,False,C-LTMR
ldklfakf-1,TMA00318,CGRP-Gamma 1,False,False,False,CGRP-Gamma 1
ldlakdhk-1,TMA00318,CGRP-Gamma 1,False,False,False,CGRP-Gamma 1
ldlbeioi-1,TMA00318,CGRP-Beta,False,False,False,CGRP-Beta
ldnggigl-1,TMA00318,C-LTMR,False,False,False,C-LTMR
lebcpgjm-1,TMA00318,CGRP-Eta,False,False,False,CGRP-Eta
lecglljd-1,TMA00318,C-LTMR,False,False,False,C-LTMR
leeeipdo-1,TMA00318,CGRP-Gamma 1,False,False,False,CGRP-Gamma 1
leegagmg-1,TMA00318,CGRP-Gamma 1,False,False,False,CGRP-Gamma 1
leglghgj-1,TMA00318,CGRP-Gamma 1,False,False,False,CGRP-Gamma 1
leheknge-1,TMA00318,CGRP-Gamma 1,False,False,False,CGRP-Gamma 1
lehklmah-1,TMA00318,CGRP-Gamma 1,False,False,False,CGRP-Gamma 1
lehojgno-1,TMA00318,Nonpeptidergic nociceptors,False,False,False,Nonpeptidergic nociceptors
leiaemhk-1,TMA00318,Nonpeptidergic nociceptors,False,False,False,Nonpeptidergic nociceptors
leihpohh-1,TMA00318,Nonpeptidergic nociceptors,False,False,False,Nonpeptidergic nociceptors
leiklbke-1,TMA00318,C-LTMR,False,False,False,C-LTMR
leilhndo-1,TMA00318,Nonpeptidergic nociceptors,False,False,False,Nonpeptidergic nociceptors
lejcgohe-1,TMA00318,CGRP-Gamma 1,False,False,False,CGRP-Gamma 1
lejfhnjo-1,TMA00318,CGRP-Gamma 1,False,False,False,CGRP-Gamma 1
lekbbaaa-1,TMA00318,CGRP-Gamma 2,False,False,False,CGRP-Gamma 2
lekdgpbk-1,TMA00318,CGRP-Alpha,False,False,False,CGRP-Alpha
lekpabog-1,TMA00318,CGRP-Eta,False,False,False,CGRP-Eta
lelbdlep-1,TMA00318,TrpM8,False,False,False,TrpM8
lelcpncm-1,TMA00318,CGRP-Alpha,False,False,False,CGRP-Alpha
lelokddm-1,TMA00318,CGRP-Gamma 1,False,False,False,CGRP-Gamma 1
lelppekl-1,TMA00318,CGRP-Gamma 1,False,False,False,CGRP-Gamma 1
lemfinea-1,TMA00318,C-LTMR,False,False,False,C-LTMR
lemhghkm-1,TMA00318,CGRP-Eta,False,False,False,CGRP-Eta
lemmbhic-1,TMA00318,Sst,False,False,False,Sst
lemmcilj-1,TMA00318,Sst,False,False,False,Sst
lenbgake-1,TMA00318,Sst,False,False,False,Sst
lennnifo-1,TMA00318,CGRP-Eta,False,False,False,CGRP-Eta
leodnkae-1,TMA00318,CGRP-Zeta,False,False,False,CGRP-Zeta
lepaefgj-1,TMA00318,CGRP-Theta,False,False,False,CGRP-Theta
lfbccfci-1,TMA00318,Nonpeptidergic nociceptors,False,False,False,Nonpeptidergic nociceptors
lfbfdoak-1,TMA00318,Nonpeptidergic nociceptors,False,False,False,Nonpeptidergic nociceptors
lfbkklge-1,TMA00318,Nonpeptidergic nociceptors,False,False,False,Nonpeptidergic nociceptors
lfbnmneo-1,TMA00318,TrpM8,False,False,False,TrpM8
lfbpedna-1,TMA00318,Nonpeptidergic nociceptors,False,False,False,Nonpeptidergic nociceptors
lfbpniee-1,TMA00318,CGRP-Gamma 1,False,False,False,CGRP-Gamma 1
lfckbbea-1,TMA00318,CGRP-Gamma 1,False,False,False,CGRP-Gamma 1
lfclfick-1,TMA00318,CGRP-Gamma 1,False,False,False,CGRP-Gamma 1
lfdbahlk-1,TMA00318,Nonpeptidergic nociceptors,False,False,False,Nonpeptidergic nociceptors
lfebndhb-1,TMA00318,CGRP-Gamma 1,False,False,False,CGRP-Gamma 1
lffaoacc-1,TMA00318,Nonpeptidergic nociceptors,False,False,False,Nonpeptidergic nociceptors
lffbiaip-1,TMA00318,CGRP-Theta,False,False,False,CGRP-Theta
lffbjngd-1,TMA00318,CGRP-Gamma 1,False,False,False,CGRP-Gamma 1
lffibpkb-1,TMA00318,Nonpeptidergic nociceptors,False,False,False,Nonpeptidergic nociceptors
lffmolke-1,TMA00318,CGRP-Gamma 1,False,False,False,CGRP-Gamma 1
lfgcmjdp-1,TMA00318,CGRP-Gamma 1,False,False,False,CGRP-Gamma 1
lfghjcdh-1,TMA00318,Nonpeptidergic nociceptors,False,False,False,Nonpeptidergic nociceptors
lfgknfom-1,TMA00318,Sst,False,False,False,Sst
lfgonpnm-1,TMA00318,CGRP-Theta,False,False,False,CGRP-Theta
lfhhpnnc-1,TMA00318,TrpM8,False,False,False,TrpM8
lfiafbch-1,TMA00318,CGRP-Gamma 1,False,False,False,CGRP-Gamma 1
lfihfplk-1,TMA00318,CGRP-Zeta,False,False,False,CGRP-Zeta
lfiojkfk-1,TMA00318,CGRP-Zeta,False,False,False,CGRP-Zeta
lfjablmi-1,TMA00318,CGRP-Zeta,False,False,False,CGRP-Zeta
lfjaihlg-1,TMA00318,CGRP-Zeta,False,False,False,CGRP-Zeta
lfkmedjm-1,TMA00318,Abeta-Field,False,False,False,Abeta-Field
lfkophif-1,TMA00318,Nonpeptidergic nociceptors,False,False,False,Nonpeptidergic nociceptors
lflbhepk-1,TMA00318,Nonpeptidergic nociceptors,False,False,False,Nonpeptidergic nociceptors
lflnndca-1,TMA00318,CGRP-Theta,False,False,False,CGRP-Theta
lflpaiod-1,TMA00318,CGRP-Theta,False,False,False,CGRP-Theta
lflpogcf-1,TMA00318,CGRP-Gamma 1,False,False,False,CGRP-Gamma 1
lfmalmkp-1,TMA00318,Proprioceptors,False,False,False,Proprioceptors
lfmmebkb-1,TMA00318,CGRP-Beta,False,False,False,CGRP-Beta
lfoeipfj-1,TMA00318,C-LTMR,False,False,False,C-LTMR
lfofefmo-1,TMA00318,CGRP-Gamma 1,False,False,False,CGRP-Gamma 1
lfoiagfc-1,TMA00318,CGRP-Gamma 1,False,False,False,CGRP-Gamma 1
lfojjleg-1,TMA00318,CGRP-Gamma 1,False,False,False,CGRP-Gamma 1
lfolgeei-1,TMA00318,Nonpeptidergic nociceptors,False,False,False,Nonpeptidergic nociceptors
lfolmfpk-1,TMA00318,CGRP-Alpha,False,False,False,CGRP-Alpha
lfomchik-1,TMA00318,CGRP-Gamma 1,False,False,False,CGRP-Gamma 1
lfopfemf-1,TMA00318,CGRP-Alpha,False,False,False,CGRP-Alpha
lfpjfack-1,TMA00318,CGRP-Theta,False,False,False,CGRP-Theta
lfpkenko-1,TMA00318,CGRP-Gamma 1,False,False,False,CGRP-Gamma 1
lfpnfmfn-1,TMA00318,Abeta-Field,False,False,False,Abeta-Field
lgablpif-1,TMA00318,Nonpeptidergic nociceptors,False,False,False,Nonpeptidergic nociceptors
lgaddkko-1,TMA00318,CGRP-Gamma 1,False,False,False,CGRP-Gamma 1
lgafaooi-1,TMA00318,CGRP-Gamma 1,False,False,False,CGRP-Gamma 1
lgaibemp-1,TMA00318,CGRP-Gamma 1,False,False,False,CGRP-Gamma 1
lgakgcoc-1,TMA00318,Proprioceptors,False,False,False,Proprioceptors
lgallpkf-1,TMA00318,Abeta-Field,False,False,False,Abeta-Field
lgbdaian-1,TMA00318,Sst,False,False,False,Sst
lgbdogkp-1,TMA00318,CGRP-Alpha,False,False,False,CGRP-Alpha
lgbfghki-1,TMA00318,Abeta-Field,False,False,False,Abeta-Field
lgbigcne-1,TMA00318,Abeta-Field,False,False,False,Abeta-Field
lgclgfdb-1,TMA00318,Nonpeptidergic nociceptors,False,False,False,Nonpeptidergic nociceptors
lgdbenbd-1,TMA00318,Nonpeptidergic nociceptors,False,False,False,Nonpeptidergic nociceptors
lgddbcap-1,TMA00318,CGRP-Gamma 1,False,False,False,CGRP-Gamma 1
lgebclhi-1,TMA00318,CGRP-Gamma 2,False,False,False,CGRP-Gamma 2
lgfaglaj-1,TMA00318,CGRP-Zeta,False,False,False,CGRP-Zeta
lgfapdjo-1,TMA00318,Abeta-RA-LTMR,False,False,False,Abeta-RA-LTMR
lgfgbeoc-1,TMA00318,CGRP-Gamma 1,False,False,False,CGRP-Gamma 1
lgfnlopl-1,TMA00318,CGRP-Gamma 1,False,False,False,CGRP-Gamma 1
lgfpncbn-1,TMA00318,Nonpeptidergic nociceptors,False,False,False,Nonpeptidergic nociceptors
lggfmcmc-1,TMA00318,Nonpeptidergic nociceptors,False,False,False,Nonpeptidergic nociceptors
lggjjine-1,TMA00318,CGRP-Gamma 1,False,False,False,CGRP-Gamma 1
lggjolib-1,TMA00318,Nonpeptidergic nociceptors,False,False,False,Nonpeptidergic nociceptors
lggkldma-1,TMA00318,Nonpeptidergic nociceptors,False,False,False,Nonpeptidergic nociceptors
lgglfhba-1,TMA00318,CGRP-Gamma 2,False,False,False,CGRP-Gamma 2
lggnanbe-1,TMA00318,CGRP-Zeta,False,False,False,CGRP-Zeta
lghaglng-1,TMA00318,Abeta-RA-LTMR,False,False,False,Abeta-RA-LTMR
lghciikd-1,TMA00318,Nonpeptidergic nociceptors,False,False,False,Nonpeptidergic nociceptors
lghddgfb-1,TMA00318,Abeta-RA-LTMR,False,False,False,Abeta-RA-LTMR
lgheleae-1,TMA00318,CGRP-Zeta,False,False,False,CGRP-Zeta
lghjndnb-1,TMA00318,CGRP-Gamma 1,False,False,False,CGRP-Gamma 1
lghkjjeo-1,TMA00318,CGRP-Eta,False,False,False,CGRP-Eta
lghmmkpm-1,TMA00318,CGRP-Gamma 1,False,False,False,CGRP-Gamma 1
lgihbkcj-1,TMA00318,CGRP-Theta,False,False,False,CGRP-Theta
lgimapgc-1,TMA00318,CGRP-Alpha,False,False,False,CGRP-Alpha
lginpiin-1,TMA00318,C-LTMR,False,False,False,C-LTMR
lgjeddgo-1,TMA00318,Proprioceptors,False,False,False,Proprioceptors
lhhomiaf-1,TMA00318,CGRP-Gamma 2,False,False,False,CGRP-Gamma 2
lhnalofi-1,TMA00318,C-LTMR,False,False,False,C-LTMR
lholofme-1,TMA00318,Abeta-RA-LTMR,False,False,False,Abeta-RA-LTMR
lhpbdija-1,TMA00318,Proprioceptors,False,False,False,Proprioceptors
lihpacnn-1,TMA00318,C-LTMR,False,False,False,C-LTMR
lionjkla-1,TMA00318,Nonpeptidergic nociceptors,False,False,False,Nonpeptidergic nociceptors
liooebob-1,TMA00318,C-LTMR,False,False,False,C-LTMR
lipbnpgg-1,TMA00318,CGRP-Eta,False,False,False,CGRP-Eta
lipioeml-1,TMA00318,CGRP-Gamma 1,False,False,False,CGRP-Gamma 1
lipkjhjh-1,TMA00318,CGRP-Gamma 1,False,False,False,CGRP-Gamma 1
lippdapj-1,TMA00318,CGRP-Gamma 1,False,False,False,CGRP-Gamma 1
ljaccadp-1,TMA00318,CGRP-Gamma 1,False,False,False,CGRP-Gamma 1
ljagpcan-1,TMA00318,TrpM8,False,False,False,TrpM8
ljamhood-1,TMA00318,CGRP-Eta,False,False,False,CGRP-Eta
ljamnapg-1,TMA00318,C-LTMR,False,False,False,C-LTMR
ljaoggib-1,TMA00318,Nonpeptidergic nociceptors,False,False,False,Nonpeptidergic nociceptors
ljaohenc-1,TMA00318,CGRP-Gamma 1,False,False,False,CGRP-Gamma 1
ljbbcmgk-1,TMA00318,Sst,False,False,False,Sst
ljbdbgin-1,TMA00318,Sst,False,False,False,Sst
ljbhclld-1,TMA00318,CGRP-Beta,False,False,False,CGRP-Beta
ljbpaepl-1,TMA00318,CGRP-Gamma 2,False,False,False,CGRP-Gamma 2
ljccbimm-1,TMA00318,Adelta-LTMR,False,False,False,Adelta-LTMR
ljcljlgc-1,TMA00318,C-LTMR,False,False,False,C-LTMR
ljdcdnoj-1,TMA00318,Sst,False,False,False,Sst
ljddfbgk-1,TMA00318,CGRP-Eta,False,False,False,CGRP-Eta
ljddinhh-1,TMA00318,CGRP-Gamma 1,False,False,False,CGRP-Gamma 1
ljdeaeai-1,TMA00318,C-LTMR,False,False,False,C-LTMR
ljdebgij-1,TMA00318,TrpM8,False,False,False,TrpM8
ljdgdhhk-1,TMA00318,Nonpeptidergic nociceptors,False,False,False,Nonpeptidergic nociceptors
ljhbmbbf-1,TMA00318,CGRP-Zeta,False,False,False,CGRP-Zeta
ljhknndm-1,TMA00318,CGRP-Gamma 1,False,False,False,CGRP-Gamma 1
ljhmbgne-1,TMA00318,Sst,False,False,False,Sst
ljiclcnn-1,TMA00318,TrpM8,False,False,False,TrpM8
ljicmdac-1,TMA00318,CGRP-Gamma 1,False,False,False,CGRP-Gamma 1
ljimflbd-1,TMA00318,Nonpeptidergic nociceptors,False,False,False,Nonpeptidergic nociceptors
ljioknhc-1,TMA00318,CGRP-Gamma 1,False,False,False,CGRP-Gamma 1
ljiphghm-1,TMA00318,CGRP-Gamma 1,False,False,False,CGRP-Gamma 1
ljjacmom-1,TMA00318,CGRP-Beta,False,False,False,CGRP-Beta
ljkkbkpm-1,TMA00318,Nonpeptidergic nociceptors,False,False,False,Nonpeptidergic nociceptors
ljkkfmek-1,TMA00318,CGRP-Beta,False,False,False,CGRP-Beta
ljkkilie-1,TMA00318,CGRP-Gamma 1,False,False,False,CGRP-Gamma 1
ljojphaj-1,TMA00318,Sst,False,False,False,Sst
ljpcgeph-1,TMA00318,CGRP-Eta,False,False,False,CGRP-Eta
ljpfohli-1,TMA00318,Sst,False,False,False,Sst
ljpnilod-1,TMA00318,CGRP-Alpha,False,False,False,CGRP-Alpha
lkdmhcpl-1,TMA00318,CGRP-Gamma 1,False,False,False,CGRP-Gamma 1
lkegpakd-1,TMA00318,Sst,False,False,False,Sst
lkfoeabl-1,TMA00318,Sst,False,False,False,Sst
lkhfdkkl-1,TMA00318,Sst,False,False,False,Sst
lkhiedbg-1,TMA00318,Sst,False,False,False,Sst
lkiamgmg-1,TMA00318,CGRP-Alpha,False,False,False,CGRP-Alpha
lklemibp-1,TMA00318,CGRP-Gamma 2,False,False,False,CGRP-Gamma 2
llepekea-1,TMA00318,CGRP-Alpha,False,False,False,CGRP-Alpha
llfagdej-1,TMA00318,CGRP-Gamma 1,False,False,False,CGRP-Gamma 1
llfmfnea-1,TMA00318,CGRP-Gamma 1,False,False,False,CGRP-Gamma 1
llgddpnk-1,TMA00318,Proprioceptors,False,False,False,Proprioceptors
llgminio-1,TMA00318,TrpM8,False,False,False,TrpM8
llgnlikj-1,TMA00318,CGRP-Gamma 1,False,False,False,CGRP-Gamma 1
llgoppfk-1,TMA00318,Adelta-LTMR,False,False,False,Adelta-LTMR
llhbejnk-1,TMA00318,TrpM8,False,False,False,TrpM8
lmfcgmei-1,TMA00318,CGRP-Gamma 2,False,False,False,CGRP-Gamma 2
lmfipmgk-1,TMA00318,CGRP-Gamma 1,False,False,False,CGRP-Gamma 1
lnjainle-1,TMA00318,CGRP-Eta,False,False,False,CGRP-Eta
lnjclcja-1,TMA00318,CGRP-Eta,False,False,False,CGRP-Eta
lnjelgla-1,TMA00318,CGRP-Eta,False,False,False,CGRP-Eta
lnjemfpj-1,TMA00318,CGRP-Eta,False,False,False,CGRP-Eta
lnjjanjn-1,TMA00318,CGRP-Gamma 1,False,False,False,CGRP-Gamma 1
lnjnhofm-1,TMA00318,CGRP-Epsilion,False,False,False,CGRP-Epsilion
lnjpjmck-1,TMA00318,Nonpeptidergic nociceptors,False,False,False,Nonpeptidergic nociceptors
lnkcmpkp-1,TMA00318,CGRP-Gamma 2,False,False,False,CGRP-Gamma 2
lnkklmbj-1,TMA00318,Adelta-LTMR,False,False,False,Adelta-LTMR
lnklfnjl-1,TMA00318,Nonpeptidergic nociceptors,False,False,False,Nonpeptidergic nociceptors
lnkppcch-1,TMA00318,Nonpeptidergic nociceptors,False,False,False,Nonpeptidergic nociceptors
lnlaefjp-1,TMA00318,Adelta-LTMR,False,False,False,Adelta-LTMR
lnlcilbh-1,TMA00318,Nonpeptidergic nociceptors,False,False,False,Nonpeptidergic nociceptors
lnldaoao-1,TMA00318,Adelta-LTMR,False,False,False,Adelta-LTMR
lnldnccl-1,TMA00318,CGRP-Gamma 1,False,False,False,CGRP-Gamma 1
lnleliff-1,TMA00318,Nonpeptidergic nociceptors,False,False,False,Nonpeptidergic nociceptors
lnlljiip-1,TMA00318,CGRP-Gamma 1,False,False,False,CGRP-Gamma 1
lnmdieoj-1,TMA00318,CGRP-Alpha,False,False,False,CGRP-Alpha
lnmenbfj-1,TMA00318,CGRP-Alpha,False,False,False,CGRP-Alpha
lnmigejh-1,TMA00318,Nonpeptidergic nociceptors,False,False,False,Nonpeptidergic nociceptors
lnmmeehn-1,TMA00318,CGRP-Alpha,False,False,False,CGRP-Alpha
lnmogenj-1,TMA00318,CGRP-Alpha,False,False,False,CGRP-Alpha
lnnejmhb-1,TMA00318,CGRP-Gamma 1,False,True,False,CGRP-Gamma 1
lnocphib-1,TMA00318,Abeta-Field,False,False,False,Abeta-Field
lnonfgfc-1,TMA00318,CGRP-Gamma 1,False,False,False,CGRP-Gamma 1
lnpdppoh-1,TMA00318,CGRP-Theta,False,False,False,CGRP-Theta
lnpecmnf-1,TMA00318,Proprioceptors,False,False,False,Proprioceptors
lnpknobn-1,TMA00318,Proprioceptors,False,False,False,Proprioceptors
lodnkaco-1,TMA00318,C-LTMR,False,False,False,C-LTMR
loebdgfc-1,TMA00318,C-LTMR,False,False,False,C-LTMR
loecdcnc-1,TMA00318,Nonpeptidergic nociceptors,False,False,False,Nonpeptidergic nociceptors
loedijfa-1,TMA00318,Nonpeptidergic nociceptors,False,False,False,Nonpeptidergic nociceptors
lofdeflc-1,TMA00318,Proprioceptors,False,False,False,Proprioceptors
lofjlcld-1,TMA00318,C-LTMR,False,False,False,C-LTMR
loflphoc-1,TMA00318,C-LTMR,False,False,False,C-LTMR
lohkgkdb-1,TMA00318,Proprioceptors,False,False,False,Proprioceptors
loiafhfh-1,TMA00318,Adelta-LTMR,False,False,False,Adelta-LTMR
loilcppl-1,TMA00318,Adelta-LTMR,False,False,False,Adelta-LTMR
lokcamip-1,TMA00318,Adelta-LTMR,False,False,False,Adelta-LTMR
lokendno-1,TMA00318,Adelta-LTMR,False,False,False,Adelta-LTMR
lolbjagd-1,TMA00318,CGRP-Gamma 1,False,False,False,CGRP-Gamma 1
lomfiiom-1,TMA00318,CGRP-Gamma 1,False,False,False,CGRP-Gamma 1
lommekfc-1,TMA00318,CGRP-Gamma 2,False,False,False,CGRP-Gamma 2
londllll-1,TMA00318,Abeta-RA-LTMR,True,False,False,Abeta-RA-LTMR
lonlgnlo-1,TMA00318,Abeta-RA-LTMR,False,False,False,Abeta-RA-LTMR
lonopade-1,TMA00318,Abeta-RA-LTMR,False,False,False,Abeta-RA-LTMR
mbhaplbg-1,TMA00318,CGRP-Eta,False,False,False,CGRP-Eta
mbhbopcg-1,TMA00318,CGRP-Eta,False,False,False,CGRP-Eta
mbhhdnmm-1,TMA00318,Nonpeptidergic nociceptors,False,False,False,Nonpeptidergic nociceptors
mbhhoalk-1,TMA00318,Nonpeptidergic nociceptors,False,False,False,Nonpeptidergic nociceptors
mbhigpce-1,TMA00318,Abeta-Field,False,False,False,Abeta-Field
mbhngmac-1,TMA00318,CGRP-Eta,False,False,False,CGRP-Eta
mcgkdlop-1,TMA00318,Sst,False,False,False,Sst
mfecofnd-1,TMA00318,TrpM8,False,False,False,TrpM8
mfecoldh-1,TMA00318,CGRP-Alpha,False,False,False,CGRP-Alpha
mgbgmmei-1,TMA00318,CGRP-Alpha,False,False,False,CGRP-Alpha
mgcikiml-1,TMA00318,CGRP-Theta,False,False,False,CGRP-Theta
mgdebceg-1,TMA00318,Sst,False,False,False,Sst
mgdkjajh-1,TMA00318,Sst,False,False,False,Sst
mgebmbon-1,TMA00318,Sst,False,False,False,Sst
mgelciik-1,TMA00318,Sst,False,False,False,Sst
mgfmhpnk-1,TMA00318,TrpM8,False,False,False,TrpM8
mghelgmb-1,TMA00318,Nonpeptidergic nociceptors,False,False,False,Nonpeptidergic nociceptors
mghipcmg-1,TMA00318,Nonpeptidergic nociceptors,False,False,False,Nonpeptidergic nociceptors
mghjcimo-1,TMA00318,Nonpeptidergic nociceptors,False,False,False,Nonpeptidergic nociceptors
mghkpeel-1,TMA00318,Nonpeptidergic nociceptors,False,False,False,Nonpeptidergic nociceptors
mghnbibj-1,TMA00318,Nonpeptidergic nociceptors,False,False,False,Nonpeptidergic nociceptors
mgiedeko-1,TMA00318,CGRP-Eta,False,False,False,CGRP-Eta
mgiikemd-1,TMA00318,CGRP-Gamma 2,False,False,False,CGRP-Gamma 2
mgjagdge-1,TMA00318,TrpM8,False,False,False,TrpM8
mglfnegm-1,TMA00318,TrpM8,False,False,False,TrpM8
mgljblnl-1,TMA00318,TrpM8,False,False,False,TrpM8
mglmmndf-1,TMA00318,CGRP-Gamma 1,False,False,False,CGRP-Gamma 1
mgmenebc-1,TMA00318,CGRP-Gamma 1,False,False,False,CGRP-Gamma 1
mgmkanpo-1,TMA00318,CGRP-Gamma 1,False,False,False,CGRP-Gamma 1
mhedbpie-1,TMA00318,CGRP-Gamma 1,False,False,False,CGRP-Gamma 1
mheggkek-1,TMA00318,CGRP-Gamma 1,False,False,False,CGRP-Gamma 1
mhfaanob-1,TMA00318,CGRP-Gamma 1,False,False,False,CGRP-Gamma 1
mhfcbpoh-1,TMA00318,CGRP-Gamma 1,False,False,False,CGRP-Gamma 1
mhhkeebj-1,TMA00318,CGRP-Alpha,False,False,False,CGRP-Alpha
mhicgnem-1,TMA00318,Sst,False,False,False,Sst
mhicohgp-1,TMA00318,Sst,False,False,False,Sst
mhillbgf-1,TMA00318,Sst,False,False,False,Sst
mhjaffeg-1,TMA00318,Sst,False,False,False,Sst
mhkbpfid-1,TMA00318,Nonpeptidergic nociceptors,False,False,False,Nonpeptidergic nociceptors
mhkdogik-1,TMA00318,CGRP-Theta,False,False,False,CGRP-Theta
mhkidaab-1,TMA00318,Nonpeptidergic nociceptors,False,False,False,Nonpeptidergic nociceptors
mhlldknf-1,TMA00318,C-LTMR,False,False,False,C-LTMR
mhmhcgff-1,TMA00318,CGRP-Alpha,False,False,False,CGRP-Alpha
mhndkhbo-1,TMA00318,Nonpeptidergic nociceptors,False,False,False,Nonpeptidergic nociceptors
mhnfafpa-1,TMA00318,TrpM8,False,False,False,TrpM8
mhnfmafh-1,TMA00318,TrpM8,False,False,False,TrpM8
mhninagc-1,TMA00318,Proprioceptors,False,False,False,Proprioceptors
mhnkmegk-1,TMA00318,Proprioceptors,False,False,False,Proprioceptors
mhpbakhk-1,TMA00318,C-LTMR,False,False,False,C-LTMR
mhpeaogj-1,TMA00318,C-LTMR,False,False,False,C-LTMR
miajgpac-1,TMA00318,CGRP-Eta,False,False,False,CGRP-Eta
mibaalgc-1,TMA00318,CGRP-Alpha,False,False,False,CGRP-Alpha
mibabelj-1,TMA00318,TrpM8,False,False,False,TrpM8
midjoglg-1,TMA00318,TrpM8,False,False,False,TrpM8
miedgkmj-1,TMA00318,Nonpeptidergic nociceptors,False,False,False,Nonpeptidergic nociceptors
mieeanpf-1,TMA00318,Nonpeptidergic nociceptors,False,False,False,Nonpeptidergic nociceptors
mieegdmo-1,TMA00318,Nonpeptidergic nociceptors,False,False,False,Nonpeptidergic nociceptors
miemilhe-1,TMA00318,Nonpeptidergic nociceptors,False,False,False,Nonpeptidergic nociceptors
mienccig-1,TMA00318,CGRP-Gamma 2,False,False,False,CGRP-Gamma 2
mifdcheb-1,TMA00318,CGRP-Gamma 1,False,False,False,CGRP-Gamma 1
migadnko-1,TMA00318,CGRP-Gamma 1,False,False,False,CGRP-Gamma 1
miglnbed-1,TMA00318,Nonpeptidergic nociceptors,False,False,False,Nonpeptidergic nociceptors
migobfdg-1,TMA00318,CGRP-Eta,False,False,False,CGRP-Eta
mihbehad-1,TMA00318,TrpM8,False,False,False,TrpM8
milhbphh-1,TMA00318,CGRP-Gamma 1,False,False,False,CGRP-Gamma 1
mimenlje-1,TMA00318,CGRP-Eta,False,False,False,CGRP-Eta
mimhmjfo-1,TMA00318,CGRP-Eta,False,False,False,CGRP-Eta
minecalk-1,TMA00318,Nonpeptidergic nociceptors,False,False,False,Nonpeptidergic nociceptors
miochaom-1,TMA00318,CGRP-Gamma 1,False,False,False,CGRP-Gamma 1
miphadal-1,TMA00318,Nonpeptidergic nociceptors,False,False,False,Nonpeptidergic nociceptors
mjackbdi-1,TMA00318,CGRP-Gamma 1,False,False,False,CGRP-Gamma 1
mjalgbjl-1,TMA00318,Nonpeptidergic nociceptors,False,False,False,Nonpeptidergic nociceptors
mjaoefhn-1,TMA00318,CGRP-Gamma 1,False,False,False,CGRP-Gamma 1
mjbgmdka-1,TMA00318,TrpM8,False,False,False,TrpM8
mjdfanph-1,TMA00318,TrpM8,False,False,False,TrpM8
mjfknpof-1,TMA00318,Nonpeptidergic nociceptors,False,False,False,Nonpeptidergic nociceptors
mjgakgon-1,TMA00318,Abeta-Field,False,False,False,Abeta-Field
mjgihjdm-1,TMA00318,Nonpeptidergic nociceptors,False,False,False,Nonpeptidergic nociceptors
mjgognop-1,TMA00318,Abeta-Field,False,False,False,Abeta-Field
mjiipkck-1,TMA00318,Sst,False,False,False,Sst
mjikflld-1,TMA00318,C-LTMR,False,False,False,C-LTMR
mjjadmnh-1,TMA00318,C-LTMR,False,False,False,C-LTMR
mjjbanpl-1,TMA00318,CGRP-Theta,False,False,False,CGRP-Theta
mjjdnefa-1,TMA00318,TrpM8,False,False,False,TrpM8
mjjfhceg-1,TMA00318,Nonpeptidergic nociceptors,False,False,False,Nonpeptidergic nociceptors
mjkidadh-1,TMA00318,Nonpeptidergic nociceptors,False,False,False,Nonpeptidergic nociceptors
mjkmmbih-1,TMA00318,Sst,False,False,False,Sst
mjlamepe-1,TMA00318,CGRP-Eta,False,False,False,CGRP-Eta
mjlckioi-1,TMA00318,Abeta-Field,False,False,False,Abeta-Field
mjmclagf-1,TMA00318,Nonpeptidergic nociceptors,False,False,False,Nonpeptidergic nociceptors
mjmcpppl-1,TMA00318,CGRP-Eta,False,False,False,CGRP-Eta
mjmlllod-1,TMA00318,CGRP-Zeta,False,False,False,CGRP-Zeta
mjmpbhom-1,TMA00318,Abeta-Field,False,False,False,Abeta-Field
mjnogjdg-1,TMA00318,CGRP-Gamma 1,False,False,False,CGRP-Gamma 1
mjodcnap-1,TMA00318,CGRP-Gamma 1,False,False,False,CGRP-Gamma 1
mjofildh-1,TMA00318,C-LTMR,False,False,False,C-LTMR
mjomaadn-1,TMA00318,CGRP-Gamma 1,False,False,False,CGRP-Gamma 1
mjommemg-1,TMA00318,Nonpeptidergic nociceptors,False,False,False,Nonpeptidergic nociceptors
mjoognbc-1,TMA00318,Nonpeptidergic nociceptors,False,False,False,Nonpeptidergic nociceptors
mjopabde-1,TMA00318,C-LTMR,False,False,False,C-LTMR
mjpddjcc-1,TMA00318,Nonpeptidergic nociceptors,False,False,False,Nonpeptidergic nociceptors
mjpjaeni-1,TMA00318,CGRP-Eta,False,False,False,CGRP-Eta
mjpjobfo-1,TMA00318,CGRP-Gamma 1,False,False,False,CGRP-Gamma 1
mjpkobmj-1,TMA00318,CGRP-Gamma 1,False,False,False,CGRP-Gamma 1
mjpkocfk-1,TMA00318,C-LTMR,False,False,False,C-LTMR
mjpojlig-1,TMA00318,CGRP-Eta,False,False,False,CGRP-Eta
mkabecld-1,TMA00318,CGRP-Epsilion,False,False,False,CGRP-Epsilion
mkagelkn-1,TMA00318,CGRP-Gamma 1,False,False,False,CGRP-Gamma 1
mkakadgf-1,TMA00318,CGRP-Gamma 1,False,False,False,CGRP-Gamma 1
mkaniamf-1,TMA00318,CGRP-Gamma 1,False,False,False,CGRP-Gamma 1
mkbddiil-1,TMA00318,CGRP-Gamma 1,False,False,False,CGRP-Gamma 1
mkbehlhn-1,TMA00318,Abeta-Field,False,False,False,Abeta-Field
mkbildin-1,TMA00318,CGRP-Gamma 1,False,False,False,CGRP-Gamma 1
mkbnmhmc-1,TMA00318,CGRP-Gamma 2,False,False,False,CGRP-Gamma 2
mkbolckh-1,TMA00318,Nonpeptidergic nociceptors,False,False,False,Nonpeptidergic nociceptors
mkbookhj-1,TMA00318,Sst,False,False,False,Sst
mkbpknmn-1,TMA00318,Sst,False,False,False,Sst
mkchjfjn-1,TMA00318,CGRP-Gamma 2,False,False,False,CGRP-Gamma 2
mkcljijj-1,TMA00318,CGRP-Alpha,False,False,False,CGRP-Alpha
mkdafplc-1,TMA00318,CGRP-Eta,False,False,False,CGRP-Eta
mkdidooh-1,TMA00318,CGRP-Gamma 1,False,False,False,CGRP-Gamma 1
mknemmei-1,TMA00318,CGRP-Eta,False,False,False,CGRP-Eta
mknhphej-1,TMA00318,TrpM8,False,False,False,TrpM8
mknjpbof-1,TMA00318,Nonpeptidergic nociceptors,False,False,False,Nonpeptidergic nociceptors
mknjpoin-1,TMA00318,CGRP-Beta,False,False,False,CGRP-Beta
mknnjdff-1,TMA00318,CGRP-Eta,False,False,False,CGRP-Eta
mkoighde-1,TMA00318,Sst,False,False,False,Sst
mkoipmgo-1,TMA00318,CGRP-Eta,False,False,False,CGRP-Eta
mkpdekhm-1,TMA00318,CGRP-Alpha,False,False,False,CGRP-Alpha
mkpjpahc-1,TMA00318,CGRP-Gamma 1,False,False,False,CGRP-Gamma 1
mkpncgpl-1,TMA00318,CGRP-Gamma 1,False,False,False,CGRP-Gamma 1
mlabhapc-1,TMA00318,CGRP-Gamma 1,False,False,False,CGRP-Gamma 1
mlafbjmm-1,TMA00318,CGRP-Gamma 1,False,False,False,CGRP-Gamma 1
mlagpbhm-1,TMA00318,CGRP-Gamma 1,False,False,False,CGRP-Gamma 1
mlajjmil-1,TMA00318,CGRP-Gamma 1,False,False,False,CGRP-Gamma 1
mlbidnna-1,TMA00318,CGRP-Eta,False,False,False,CGRP-Eta
mlbofabo-1,TMA00318,CGRP-Gamma 1,False,False,False,CGRP-Gamma 1
mlboigep-1,TMA00318,CGRP-Alpha,False,False,False,CGRP-Alpha
mlcadnoo-1,TMA00318,CGRP-Theta,False,False,False,CGRP-Theta
mlejcbng-1,TMA00318,CGRP-Gamma 1,False,False,False,CGRP-Gamma 1
mlgklkgj-1,TMA00318,Abeta-Field,False,False,False,Abeta-Field
mlgmndib-1,TMA00318,Sst,False,False,False,Sst
mlgmpkkf-1,TMA00318,CGRP-Alpha,False,False,False,CGRP-Alpha
mlgnpdeh-1,TMA00318,CGRP-Alpha,False,False,False,CGRP-Alpha
mlgpjlan-1,TMA00318,CGRP-Eta,False,False,False,CGRP-Eta
mlhapldp-1,TMA00318,Nonpeptidergic nociceptors,False,False,False,Nonpeptidergic nociceptors
mlhcojfl-1,TMA00318,Nonpeptidergic nociceptors,False,False,False,Nonpeptidergic nociceptors
mlhegfna-1,TMA00318,Nonpeptidergic nociceptors,False,False,False,Nonpeptidergic nociceptors
mlhenjhh-1,TMA00318,CGRP-Gamma 1,False,False,False,CGRP-Gamma 1
mlhiopno-1,TMA00318,Sst,False,False,False,Sst
mlhmbkga-1,TMA00318,Nonpeptidergic nociceptors,False,False,False,Nonpeptidergic nociceptors
mlhnkinn-1,TMA00318,CGRP-Eta,False,False,False,CGRP-Eta
mlidedan-1,TMA00318,Nonpeptidergic nociceptors,False,False,False,Nonpeptidergic nociceptors
mligaopd-1,TMA00318,Sst,False,False,False,Sst
mlihaadn-1,TMA00318,CGRP-Alpha,False,False,False,CGRP-Alpha
mlijlbfd-1,TMA00318,TrpM8,False,False,False,TrpM8
mlimlogf-1,TMA00318,TrpM8,False,False,False,TrpM8
mlinijpa-1,TMA00318,TrpM8,False,False,False,TrpM8
mlipejbb-1,TMA00318,CGRP-Gamma 1,False,False,False,CGRP-Gamma 1
mljbknnd-1,TMA00318,Nonpeptidergic nociceptors,False,False,False,Nonpeptidergic nociceptors
mljlckdj-1,TMA00318,CGRP-Theta,False,False,False,CGRP-Theta
mljlmilk-1,TMA00318,CGRP-Gamma 1,False,False,False,CGRP-Gamma 1
mljpckfg-1,TMA00318,CGRP-Gamma 2,False,False,False,CGRP-Gamma 2
mljphkde-1,TMA00318,CGRP-Eta,False,False,False,CGRP-Eta
mlkgeaie-1,TMA00318,CGRP-Gamma 1,False,False,False,CGRP-Gamma 1
mlkghfla-1,TMA00318,CGRP-Gamma 1,False,False,False,CGRP-Gamma 1
mlkmfphe-1,TMA00318,CGRP-Eta,False,False,False,CGRP-Eta
mlkpiboi-1,TMA00318,Nonpeptidergic nociceptors,False,False,False,Nonpeptidergic nociceptors
mllakkil-1,TMA00318,Nonpeptidergic nociceptors,False,False,False,Nonpeptidergic nociceptors
mllbanfe-1,TMA00318,C-LTMR,False,False,False,C-LTMR
mllbhfel-1,TMA00318,Nonpeptidergic nociceptors,False,False,False,Nonpeptidergic nociceptors
mllccdac-1,TMA00318,CGRP-Gamma 1,False,False,False,CGRP-Gamma 1
mllchcbn-1,TMA00318,Nonpeptidergic nociceptors,False,False,False,Nonpeptidergic nociceptors
mllkcdhi-1,TMA00318,Nonpeptidergic nociceptors,False,False,False,Nonpeptidergic nociceptors
mlochnpj-1,TMA00318,CGRP-Epsilion,False,False,False,CGRP-Epsilion
mlpbfajo-1,TMA00318,CGRP-Eta,False,False,False,CGRP-Eta
mlpncinp-1,TMA00318,Adelta-LTMR,False,False,False,Adelta-LTMR
mlpoeplh-1,TMA00318,Nonpeptidergic nociceptors,False,False,False,Nonpeptidergic nociceptors
mlppihia-1,TMA00318,C-LTMR,False,False,False,C-LTMR
mmamacfi-1,TMA00318,Nonpeptidergic nociceptors,False,False,False,Nonpeptidergic nociceptors
mmbcbccn-1,TMA00318,CGRP-Gamma 1,False,False,False,CGRP-Gamma 1
mmbongen-1,TMA00318,CGRP-Zeta,False,False,False,CGRP-Zeta
mmcganfa-1,TMA00318,Nonpeptidergic nociceptors,False,False,False,Nonpeptidergic nociceptors
mmchkehk-1,TMA00318,CGRP-Gamma 1,False,False,False,CGRP-Gamma 1
mmcjogop-1,TMA00318,Abeta-RA-LTMR,False,False,False,Abeta-RA-LTMR
mmealobl-1,TMA00318,TrpM8,False,False,False,TrpM8
mmhncadc-1,TMA00318,Nonpeptidergic nociceptors,False,False,False,Nonpeptidergic nociceptors
mmhpinpg-1,TMA00318,Adelta-LTMR,False,False,False,Adelta-LTMR
mmimkamk-1,TMA00318,CGRP-Eta,False,False,False,CGRP-Eta
mmjalfen-1,TMA00318,CGRP-Epsilion,False,False,False,CGRP-Epsilion
mmjicgfi-1,TMA00318,Proprioceptors,False,False,False,Proprioceptors
mmjopjbi-1,TMA00318,TrpM8,False,False,False,TrpM8
mmlkgeck-1,TMA00318,Nonpeptidergic nociceptors,False,False,False,Nonpeptidergic nociceptors
mmlppkhd-1,TMA00318,Proprioceptors,False,False,False,Proprioceptors
mmmdeibi-1,TMA00318,CGRP-Zeta,False,False,False,CGRP-Zeta
mmmpekad-1,TMA00318,CGRP-Eta,False,False,False,CGRP-Eta
mmmpkfng-1,TMA00318,CGRP-Zeta,False,False,False,CGRP-Zeta
mmnckmeb-1,TMA00318,CGRP-Gamma 1,False,False,False,CGRP-Gamma 1
mmnhbgoe-1,TMA00318,CGRP-Zeta,False,False,False,CGRP-Zeta
mmnildhg-1,TMA00318,CGRP-Gamma 1,False,False,False,CGRP-Gamma 1
mmnmmbfb-1,TMA00318,CGRP-Alpha,False,False,False,CGRP-Alpha
mmobkedp-1,TMA00318,CGRP-Theta,False,False,False,CGRP-Theta
mmoembac-1,TMA00318,CGRP-Epsilion,False,False,False,CGRP-Epsilion
mmojbohk-1,TMA00318,CGRP-Gamma 1,False,False,False,CGRP-Gamma 1
mmojjkdk-1,TMA00318,Nonpeptidergic nociceptors,False,False,False,Nonpeptidergic nociceptors
mmomliog-1,TMA00318,Nonpeptidergic nociceptors,False,False,False,Nonpeptidergic nociceptors
mmoolloi-1,TMA00318,Nonpeptidergic nociceptors,False,False,False,Nonpeptidergic nociceptors
mmopneko-1,TMA00318,C-LTMR,False,False,False,C-LTMR
mmpbkamc-1,TMA00318,Nonpeptidergic nociceptors,False,False,False,Nonpeptidergic nociceptors
mmpgkkjp-1,TMA00318,C-LTMR,False,False,False,C-LTMR
mmpiknnb-1,TMA00318,TrpM8,False,False,False,TrpM8
mmplmldk-1,TMA00318,CGRP-Alpha,False,False,False,CGRP-Alpha
mnajijeh-1,TMA00318,C-LTMR,False,False,False,C-LTMR
mnalcioo-1,TMA00318,CGRP-Gamma 1,False,False,False,CGRP-Gamma 1
mnbboofn-1,TMA00318,Nonpeptidergic nociceptors,False,False,False,Nonpeptidergic nociceptors
mnbdpcla-1,TMA00318,Nonpeptidergic nociceptors,False,False,False,Nonpeptidergic nociceptors
mnbiplka-1,TMA00318,TrpM8,False,False,False,TrpM8
mnbmpife-1,TMA00318,CGRP-Eta,False,False,False,CGRP-Eta
mnbpafbm-1,TMA00318,CGRP-Zeta,False,False,False,CGRP-Zeta
mncoggnh-1,TMA00318,CGRP-Epsilion,False,False,False,CGRP-Epsilion
mndffhni-1,TMA00318,CGRP-Alpha,False,False,False,CGRP-Alpha
mndimeni-1,TMA00318,Sst,False,False,False,Sst
mndjjdao-1,TMA00318,CGRP-Theta,False,False,False,CGRP-Theta
mndmelme-1,TMA00318,CGRP-Theta,False,False,False,CGRP-Theta
mnibojel-1,TMA00318,CGRP-Theta,False,False,False,CGRP-Theta
mnifhima-1,TMA00318,C-LTMR,False,False,False,C-LTMR
mnkepphe-1,TMA00318,CGRP-Theta,False,False,False,CGRP-Theta
mnkgfcib-1,TMA00318,Nonpeptidergic nociceptors,False,False,False,Nonpeptidergic nociceptors
mnklckap-1,TMA00318,Sst,False,False,False,Sst
mnlabako-1,TMA00318,Adelta-LTMR,False,False,False,Adelta-LTMR
mnljdceo-1,TMA00318,Proprioceptors,False,False,False,Proprioceptors
mnljfhgc-1,TMA00318,C-LTMR,False,False,False,C-LTMR
mnlpmnko-1,TMA00318,Proprioceptors,False,False,False,Proprioceptors
mnmcflcg-1,TMA00318,Proprioceptors,False,False,False,Proprioceptors
mnmcjiah-1,TMA00318,CGRP-Theta,False,False,False,CGRP-Theta
mnmleejc-1,TMA00318,Nonpeptidergic nociceptors,False,False,False,Nonpeptidergic nociceptors
mnmopckl-1,TMA00318,CGRP-Theta,False,False,False,CGRP-Theta
mnmpmilh-1,TMA00318,CGRP-Theta,False,False,False,CGRP-Theta
mnndeagf-1,TMA00318,CGRP-Eta,False,False,False,CGRP-Eta
mnnkiaha-1,TMA00318,CGRP-Gamma 1,False,False,False,CGRP-Gamma 1
mnpafhoa-1,TMA00318,Nonpeptidergic nociceptors,False,False,False,Nonpeptidergic nociceptors
mnpgjbmn-1,TMA00318,CGRP-Epsilion,False,False,False,CGRP-Epsilion
mnpgkolf-1,TMA00318,Abeta-RA-LTMR,False,False,False,Abeta-RA-LTMR
mnpgmjhm-1,TMA00318,Nonpeptidergic nociceptors,False,False,False,Nonpeptidergic nociceptors
mnphcadc-1,TMA00318,Abeta-RA-LTMR,False,False,False,Abeta-RA-LTMR
mnpicghe-1,TMA00318,Nonpeptidergic nociceptors,False,False,False,Nonpeptidergic nociceptors
mnpilcek-1,TMA00318,Nonpeptidergic nociceptors,False,False,False,Nonpeptidergic nociceptors
mnpinihk-1,TMA00318,Nonpeptidergic nociceptors,False,False,False,Nonpeptidergic nociceptors
mnplmjnd-1,TMA00318,CGRP-Epsilion,False,False,False,CGRP-Epsilion
moabekik-1,TMA00318,CGRP-Eta,False,False,False,CGRP-Eta
moacmpdg-1,TMA00318,Nonpeptidergic nociceptors,False,False,False,Nonpeptidergic nociceptors
moapiakp-1,TMA00318,Nonpeptidergic nociceptors,False,False,False,Nonpeptidergic nociceptors
mobebfef-1,TMA00318,Abeta-Field,False,False,False,Abeta-Field
mobjabgf-1,TMA00318,Sst,False,False,False,Sst
moceggao-1,TMA00318,C-LTMR,False,False,False,C-LTMR
mockdedd-1,TMA00318,Sst,False,False,False,Sst
mocklcol-1,TMA00318,Sst,False,False,False,Sst
mocnddlk-1,TMA00318,CGRP-Gamma 1,False,False,False,CGRP-Gamma 1
modooejd-1,TMA00318,Proprioceptors,False,False,False,Proprioceptors
moegmnph-1,TMA00318,CGRP-Epsilion,False,False,False,CGRP-Epsilion
moeijfja-1,TMA00318,Sst,False,False,False,Sst
moekdaie-1,TMA00318,Nonpeptidergic nociceptors,False,False,False,Nonpeptidergic nociceptors
mofibiea-1,TMA00318,CGRP-Theta,False,False,False,CGRP-Theta
mogbehbe-1,TMA00318,CGRP-Theta,False,False,False,CGRP-Theta
mohagjfh-1,TMA00318,CGRP-Theta,False,False,False,CGRP-Theta
moicakkb-1,TMA00318,CGRP-Theta,False,False,False,CGRP-Theta
moiefomj-1,TMA00318,C-LTMR,False,False,False,C-LTMR
moigehac-1,TMA00318,CGRP-Gamma 1,False,False,False,CGRP-Gamma 1
moigfdha-1,TMA00318,CGRP-Epsilion,False,False,False,CGRP-Epsilion
moiikgok-1,TMA00318,Sst,False,False,False,Sst
mojabphm-1,TMA00318,Sst,False,False,False,Sst
mojbmlim-1,TMA00318,CGRP-Alpha,False,False,False,CGRP-Alpha
mojoponb-1,TMA00318,Nonpeptidergic nociceptors,False,False,False,Nonpeptidergic nociceptors
momeaand-1,TMA00318,Nonpeptidergic nociceptors,False,False,False,Nonpeptidergic nociceptors
momenlop-1,TMA00318,CGRP-Zeta,False,False,False,CGRP-Zeta
momhhcpe-1,TMA00318,CGRP-Zeta,False,False,False,CGRP-Zeta
momldmme-1,TMA00318,Proprioceptors,False,False,False,Proprioceptors
momnnbob-1,TMA00318,CGRP-Gamma 1,False,False,False,CGRP-Gamma 1
monneiph-1,TMA00318,Adelta-LTMR,False,False,False,Adelta-LTMR
monpekhk-1,TMA00318,CGRP-Theta,False,False,False,CGRP-Theta
moodppma-1,TMA00318,Nonpeptidergic nociceptors,False,False,False,Nonpeptidergic nociceptors
moojeigm-1,TMA00318,Proprioceptors,False,False,False,Proprioceptors
mookkohl-1,TMA00318,Proprioceptors,False,False,False,Proprioceptors
mooogdpc-1,TMA00318,CGRP-Alpha,False,False,False,CGRP-Alpha
mopgkhbc-1,TMA00318,Nonpeptidergic nociceptors,False,False,False,Nonpeptidergic nociceptors
mophoaoi-1,TMA00318,CGRP-Alpha,False,False,False,CGRP-Alpha
mopnbpdk-1,TMA00318,Nonpeptidergic nociceptors,False,False,False,Nonpeptidergic nociceptors
mpahkcbk-1,TMA00318,CGRP-Gamma 1,False,False,False,CGRP-Gamma 1
mpanokae-1,TMA00318,Sst,False,False,False,Sst
mpaopgcj-1,TMA00318,Nonpeptidergic nociceptors,False,False,False,Nonpeptidergic nociceptors
mpbkhgoi-1,TMA00318,Nonpeptidergic nociceptors,False,False,False,Nonpeptidergic nociceptors
mpbkjlgi-1,TMA00318,Nonpeptidergic nociceptors,False,False,False,Nonpeptidergic nociceptors
mpccbenn-1,TMA00318,CGRP-Eta,False,False,False,CGRP-Eta
mpcdpbep-1,TMA00318,Nonpeptidergic nociceptors,False,False,False,Nonpeptidergic nociceptors
mpcecdfp-1,TMA00318,Nonpeptidergic nociceptors,False,False,False,Nonpeptidergic nociceptors
mpceknio-1,TMA00318,CGRP-Alpha,False,False,False,CGRP-Alpha
mpcjdogn-1,TMA00318,Nonpeptidergic nociceptors,False,False,False,Nonpeptidergic nociceptors
mpdiobkc-1,TMA00318,Abeta-Field,False,False,False,Abeta-Field
mpdphafe-1,TMA00318,CGRP-Theta,False,False,False,CGRP-Theta
mpebodkh-1,TMA00318,Sst,False,False,False,Sst
mpedebib-1,TMA00318,Nonpeptidergic nociceptors,False,False,False,Nonpeptidergic nociceptors
mpedgeia-1,TMA00318,Proprioceptors,False,False,False,Proprioceptors
mpeelaop-1,TMA00318,CGRP-Beta,False,False,False,CGRP-Beta
mpeggkbi-1,TMA00318,CGRP-Theta,False,False,False,CGRP-Theta
mpelcgho-1,TMA00318,CGRP-Eta,False,False,False,CGRP-Eta
mpfaacea-1,TMA00318,Nonpeptidergic nociceptors,False,False,False,Nonpeptidergic nociceptors
mpfbeoio-1,TMA00318,Sst,False,False,False,Sst
mpfpahhl-1,TMA00318,Nonpeptidergic nociceptors,False,False,False,Nonpeptidergic nociceptors
mpgdflip-1,TMA00318,Abeta-RA-LTMR,False,False,False,Abeta-RA-LTMR
mpgdjpef-1,TMA00318,Abeta-RA-LTMR,False,False,False,Abeta-RA-LTMR
mpgedjlc-1,TMA00318,CGRP-Theta,False,False,False,CGRP-Theta
mpghlddk-1,TMA00318,CGRP-Zeta,False,False,False,CGRP-Zeta
mpgiipoc-1,TMA00318,CGRP-Theta,False,False,False,CGRP-Theta
mphdegap-1,TMA00318,CGRP-Gamma 1,False,False,False,CGRP-Gamma 1
mppoablm-1,TMA00318,Nonpeptidergic nociceptors,False,False,False,Nonpeptidergic nociceptors
naaafnkm-1,TMA00318,Nonpeptidergic nociceptors,False,False,False,Nonpeptidergic nociceptors
naacnggl-1,TMA00318,Abeta-RA-LTMR,False,False,False,Abeta-RA-LTMR
naaddpml-1,TMA00318,Abeta-RA-LTMR,False,False,False,Abeta-RA-LTMR
naapopde-1,TMA00318,Abeta-RA-LTMR,False,False,False,Abeta-RA-LTMR
nabfndac-1,TMA00318,Proprioceptors,False,False,False,Proprioceptors
nablmgan-1,TMA00318,Nonpeptidergic nociceptors,False,False,False,Nonpeptidergic nociceptors
nacjokgm-1,TMA00318,Abeta-RA-LTMR,False,False,False,Abeta-RA-LTMR
nacllmmp-1,TMA00318,Abeta-Field,False,False,False,Abeta-Field
nacmoebe-1,TMA00318,Nonpeptidergic nociceptors,False,False,False,Nonpeptidergic nociceptors
nacpoaec-1,TMA00318,TrpM8,False,False,False,TrpM8
nadjdkbi-1,TMA00318,Sst,False,False,False,Sst
naemdnok-1,TMA00318,CGRP-Zeta,False,False,False,CGRP-Zeta
nagphgfh-1,TMA00318,CGRP-Gamma 1,False,False,False,CGRP-Gamma 1
nahbdofn-1,TMA00318,TrpM8,False,False,False,TrpM8
naheldhn-1,TMA00318,CGRP-Gamma 1,False,False,False,CGRP-Gamma 1
nahpcafl-1,TMA00318,CGRP-Eta,False,False,False,CGRP-Eta
naicmnai-1,TMA00318,CGRP-Zeta,False,False,False,CGRP-Zeta
naiebmnm-1,TMA00318,CGRP-Zeta,False,False,False,CGRP-Zeta
naiggalc-1,TMA00318,CGRP-Zeta,False,False,False,CGRP-Zeta
naihjfdd-1,TMA00318,Nonpeptidergic nociceptors,False,False,False,Nonpeptidergic nociceptors
naijhnjk-1,TMA00318,Nonpeptidergic nociceptors,False,False,False,Nonpeptidergic nociceptors
naimobhk-1,TMA00318,CGRP-Gamma 1,False,False,False,CGRP-Gamma 1
najfcing-1,TMA00318,Sst,False,False,False,Sst
najiemgh-1,TMA00318,CGRP-Zeta,False,False,False,CGRP-Zeta
najlbkno-1,TMA00318,Nonpeptidergic nociceptors,False,False,False,Nonpeptidergic nociceptors
najndchm-1,TMA00318,TrpM8,False,False,False,TrpM8
nalaekhl-1,TMA00318,Sst,False,False,False,Sst
nalbjiic-1,TMA00318,CGRP-Theta,False,False,False,CGRP-Theta
naldcpck-1,TMA00318,Sst,False,False,False,Sst
nalihjjc-1,TMA00318,CGRP-Gamma 1,False,False,False,CGRP-Gamma 1
nalmhkek-1,TMA00318,Nonpeptidergic nociceptors,False,False,False,Nonpeptidergic nociceptors
nammogbg-1,TMA00318,CGRP-Eta,False,False,False,CGRP-Eta
namobfde-1,TMA00318,C-LTMR,False,False,False,C-LTMR
nampanmp-1,TMA00318,C-LTMR,False,False,False,C-LTMR
nanamena-1,TMA00318,CGRP-Theta,False,False,False,CGRP-Theta
nangehdh-1,TMA00318,Nonpeptidergic nociceptors,False,False,False,Nonpeptidergic nociceptors
nanhicck-1,TMA00318,CGRP-Gamma 1,False,False,False,CGRP-Gamma 1
nanlglca-1,TMA00318,CGRP-Alpha,False,False,False,CGRP-Alpha
nanlhmho-1,TMA00318,CGRP-Alpha,False,False,False,CGRP-Alpha
naojmgcf-1,TMA00318,CGRP-Eta,False,False,False,CGRP-Eta
napklcge-1,TMA00318,CGRP-Theta,False,False,False,CGRP-Theta
nbaloaoe-1,TMA00318,Nonpeptidergic nociceptors,False,False,False,Nonpeptidergic nociceptors
nbapdhge-1,TMA00318,Sst,False,False,False,Sst
nbapogob-1,TMA00318,CGRP-Epsilion,False,False,False,CGRP-Epsilion
nbbchecp-1,TMA00318,CGRP-Epsilion,False,False,False,CGRP-Epsilion
nbbdmekc-1,TMA00318,CGRP-Zeta,False,False,False,CGRP-Zeta
nbbgfigb-1,TMA00318,CGRP-Theta,False,False,False,CGRP-Theta
nbbmnkgn-1,TMA00318,CGRP-Gamma 1,False,False,False,CGRP-Gamma 1
nbcagngh-1,TMA00318,Nonpeptidergic nociceptors,False,False,False,Nonpeptidergic nociceptors
nbebbnii-1,TMA00318,CGRP-Gamma 1,False,False,False,CGRP-Gamma 1
nbebhokc-1,TMA00318,CGRP-Gamma 1,False,False,False,CGRP-Gamma 1
nbeejeeo-1,TMA00318,CGRP-Gamma 1,False,False,False,CGRP-Gamma 1
nbffgjao-1,TMA00318,CGRP-Eta,False,False,False,CGRP-Eta
nbhkbhmo-1,TMA00318,CGRP-Epsilion,False,False,False,CGRP-Epsilion
nbobajdi-1,TMA00318,TrpM8,False,False,False,TrpM8
nboidmcd-1,TMA00318,Nonpeptidergic nociceptors,False,False,False,Nonpeptidergic nociceptors
nboljobo-1,TMA00318,Nonpeptidergic nociceptors,False,False,False,Nonpeptidergic nociceptors
nbomgjif-1,TMA00318,Nonpeptidergic nociceptors,False,False,False,Nonpeptidergic nociceptors
nbpijcjf-1,TMA00318,CGRP-Theta,False,False,False,CGRP-Theta
ncapajih-1,TMA00318,TrpM8,False,False,False,TrpM8
ncbdlkog-1,TMA00318,Nonpeptidergic nociceptors,False,False,False,Nonpeptidergic nociceptors
ncbenjoi-1,TMA00318,Nonpeptidergic nociceptors,False,False,False,Nonpeptidergic nociceptors
ncblmbkc-1,TMA00318,Proprioceptors,False,False,False,Proprioceptors
ncbmafpa-1,TMA00318,Nonpeptidergic nociceptors,False,False,False,Nonpeptidergic nociceptors
ncccimlm-1,TMA00318,Sst,False,False,False,Sst
ncdedhjg-1,TMA00318,Nonpeptidergic nociceptors,False,False,False,Nonpeptidergic nociceptors
ncmbdoab-1,TMA00318,CGRP-Gamma 1,False,False,False,CGRP-Gamma 1
ncmbfoen-1,TMA00318,Abeta-RA-LTMR,False,False,False,Abeta-RA-LTMR
ncmhbgjl-1,TMA00318,Nonpeptidergic nociceptors,False,False,False,Nonpeptidergic nociceptors
ncmkmlfh-1,TMA00318,CGRP-Eta,False,False,False,CGRP-Eta
ncmmlhfk-1,TMA00318,C-LTMR,False,False,False,C-LTMR
ncmmlmaa-1,TMA00318,TrpM8,False,False,False,TrpM8
ncnamgpc-1,TMA00318,CGRP-Gamma 2,False,False,False,CGRP-Gamma 2
ncnhlngj-1,TMA00318,CGRP-Eta,False,False,False,CGRP-Eta
ncnlejje-1,TMA00318,TrpM8,False,False,False,TrpM8
ncoigljh-1,TMA00318,CGRP-Beta,False,False,False,CGRP-Beta
ncolcccg-1,TMA00318,CGRP-Beta,False,False,False,CGRP-Beta
ncpbofgi-1,TMA00318,CGRP-Gamma 1,False,False,False,CGRP-Gamma 1
ncpcafjj-1,TMA00318,CGRP-Epsilion,False,False,False,CGRP-Epsilion
ncpcncdn-1,TMA00318,CGRP-Gamma 2,False,False,False,CGRP-Gamma 2
ncphhpgh-1,TMA00318,Nonpeptidergic nociceptors,False,False,False,Nonpeptidergic nociceptors
ncpkmnmp-1,TMA00318,Nonpeptidergic nociceptors,False,False,False,Nonpeptidergic nociceptors
ncpmcckl-1,TMA00318,CGRP-Gamma 1,False,False,False,CGRP-Gamma 1
ndbodegf-1,TMA00318,CGRP-Eta,False,False,False,CGRP-Eta
ndcbdfcj-1,TMA00318,CGRP-Eta,False,False,False,CGRP-Eta
ndcfgnbl-1,TMA00318,CGRP-Gamma 1,False,False,False,CGRP-Gamma 1
ndcfkfnb-1,TMA00318,Abeta-Field,False,False,False,Abeta-Field
ndcjlboe-1,TMA00318,CGRP-Gamma 1,False,False,False,CGRP-Gamma 1
ndcllepo-1,TMA00318,CGRP-Gamma 1,False,False,False,CGRP-Gamma 1
ndclodjc-1,TMA00318,Abeta-Field,False,False,False,Abeta-Field
nddephgh-1,TMA00318,Nonpeptidergic nociceptors,False,False,False,Nonpeptidergic nociceptors
nddihemj-1,TMA00318,CGRP-Gamma 1,False,False,False,CGRP-Gamma 1
ndeinaeh-1,TMA00318,CGRP-Gamma 1,False,False,False,CGRP-Gamma 1
ndejgllk-1,TMA00318,CGRP-Gamma 1,False,False,False,CGRP-Gamma 1
ndekkbji-1,TMA00318,CGRP-Gamma 1,False,False,False,CGRP-Gamma 1
ndfdidbi-1,TMA00318,CGRP-Alpha,False,False,False,CGRP-Alpha
ndfedllj-1,TMA00318,Nonpeptidergic nociceptors,False,False,False,Nonpeptidergic nociceptors
ndfhgdpa-1,TMA00318,CGRP-Eta,False,False,False,CGRP-Eta
ndfmcdkf-1,TMA00318,CGRP-Gamma 1,False,False,False,CGRP-Gamma 1
ndfplhjp-1,TMA00318,CGRP-Gamma 1,False,False,False,CGRP-Gamma 1
ndgbfgia-1,TMA00318,CGRP-Gamma 1,False,False,False,CGRP-Gamma 1
ndgckaim-1,TMA00318,Sst,False,False,False,Sst
ndgdfdjp-1,TMA00318,CGRP-Gamma 1,False,False,False,CGRP-Gamma 1
ndgeebjd-1,TMA00318,Adelta-LTMR,False,False,False,Adelta-LTMR
ndhmldck-1,TMA00318,CGRP-Alpha,False,False,False,CGRP-Alpha
ndiioiao-1,TMA00318,Nonpeptidergic nociceptors,False,False,False,Nonpeptidergic nociceptors
ndjhoajm-1,TMA00318,CGRP-Gamma 1,False,False,False,CGRP-Gamma 1
ndkmcbhc-1,TMA00318,Nonpeptidergic nociceptors,False,False,False,Nonpeptidergic nociceptors
ndknodie-1,TMA00318,CGRP-Epsilion,False,False,False,CGRP-Epsilion
ndknpipk-1,TMA00318,CGRP-Gamma 1,False,False,False,CGRP-Gamma 1
ndkpaljh-1,TMA00318,CGRP-Eta,False,False,False,CGRP-Eta
ndldopin-1,TMA00318,CGRP-Alpha,False,False,False,CGRP-Alpha
ndlhninn-1,TMA00318,CGRP-Epsilion,False,False,False,CGRP-Epsilion
ndljgkic-1,TMA00318,CGRP-Zeta,False,False,False,CGRP-Zeta
ndlneddi-1,TMA00318,Nonpeptidergic nociceptors,False,False,False,Nonpeptidergic nociceptors
ndmdikkb-1,TMA00318,Abeta-RA-LTMR,False,False,False,Abeta-RA-LTMR
ndmlojjg-1,TMA00318,Nonpeptidergic nociceptors,False,False,False,Nonpeptidergic nociceptors
ndnchabl-1,TMA00318,Proprioceptors,False,False,False,Proprioceptors
ndncjomk-1,TMA00318,Nonpeptidergic nociceptors,False,False,False,Nonpeptidergic nociceptors
ndngbplk-1,TMA00318,CGRP-Gamma 2,False,False,False,CGRP-Gamma 2
necncngc-1,TMA00318,Nonpeptidergic nociceptors,False,False,False,Nonpeptidergic nociceptors
nedckced-1,TMA00318,Sst,False,False,False,Sst
nedfalag-1,TMA00318,Nonpeptidergic nociceptors,False,False,False,Nonpeptidergic nociceptors
nedgfgca-1,TMA00318,CGRP-Gamma 1,False,False,False,CGRP-Gamma 1
neecfkph-1,TMA00318,TrpM8,False,False,False,TrpM8
neeeblfp-1,TMA00318,Nonpeptidergic nociceptors,False,False,False,Nonpeptidergic nociceptors
neehdome-1,TMA00318,CGRP-Alpha,False,False,False,CGRP-Alpha
neekdnna-1,TMA00318,CGRP-Gamma 1,False,False,False,CGRP-Gamma 1
neelmopb-1,TMA00318,CGRP-Gamma 2,False,False,False,CGRP-Gamma 2
nefdddmc-1,TMA00318,CGRP-Gamma 1,False,False,False,CGRP-Gamma 1
nehofldi-1,TMA00318,Nonpeptidergic nociceptors,False,False,False,Nonpeptidergic nociceptors
nehpjnfb-1,TMA00318,CGRP-Epsilion,False,False,False,CGRP-Epsilion
neibkaoe-1,TMA00318,Nonpeptidergic nociceptors,False,False,False,Nonpeptidergic nociceptors
neicjabh-1,TMA00318,Nonpeptidergic nociceptors,False,False,False,Nonpeptidergic nociceptors
neieaelm-1,TMA00318,CGRP-Epsilion,False,False,False,CGRP-Epsilion
neiifohh-1,TMA00318,Abeta-RA-LTMR,False,False,False,Abeta-RA-LTMR
neilabap-1,TMA00318,Proprioceptors,False,False,False,Proprioceptors
nfbehjdd-1,TMA00318,CGRP-Theta,False,False,False,CGRP-Theta
nfblgiom-1,TMA00318,Nonpeptidergic nociceptors,False,False,False,Nonpeptidergic nociceptors
nfbpbfma-1,TMA00318,Sst,False,False,False,Sst
nfcdhbjb-1,TMA00318,CGRP-Gamma 2,False,False,False,CGRP-Gamma 2
nfdfldoc-1,TMA00318,CGRP-Beta,False,False,False,CGRP-Beta
nfdkjcek-1,TMA00318,C-LTMR,False,False,False,C-LTMR
nfebedam-1,TMA00318,Nonpeptidergic nociceptors,False,False,False,Nonpeptidergic nociceptors
ngcmplcn-1,TMA00318,Nonpeptidergic nociceptors,False,False,False,Nonpeptidergic nociceptors
ngfdddjh-1,TMA00318,Nonpeptidergic nociceptors,False,False,False,Nonpeptidergic nociceptors
nhmgjblc-1,TMA00318,Sst,False,False,False,Sst
njllkboo-1,TMA00318,CGRP-Eta,False,False,False,CGRP-Eta
nkkpgkmm-1,TMA00318,CGRP-Zeta,False,False,False,CGRP-Zeta
nlaikfln-1,TMA00318,Proprioceptors,False,False,False,Proprioceptors
nmhiodlk-1,TMA00318,Nonpeptidergic nociceptors,False,False,False,Nonpeptidergic nociceptors
nnhkoijn-1,TMA00318,Abeta-Field,False,False,False,Abeta-Field
nnnhdeen-1,TMA00318,CGRP-Theta,False,False,False,CGRP-Theta
nofbdhfo-1,TMA00318,CGRP-Alpha,False,False,False,CGRP-Alpha
nokekmha-1,TMA00318,Abeta-RA-LTMR,False,False,False,Abeta-RA-LTMR
nopppgeb-1,TMA00318,Abeta-RA-LTMR,False,False,False,Abeta-RA-LTMR
oagpging-1,TMA00318,Abeta-Field,False,False,False,Abeta-Field
ocadlafk-1,TMA00318,CGRP-Eta,False,False,False,CGRP-Eta
ocioclio-1,TMA00318,Abeta-RA-LTMR,False,False,False,Abeta-RA-LTMR
ocnoalhf-1,TMA00318,CGRP-Gamma 1,False,False,False,CGRP-Gamma 1
ododphjj-1,TMA00318,CGRP-Gamma 1,False,False,False,CGRP-Gamma 1
oeolegag-1,TMA00318,Abeta-RA-LTMR,False,False,False,Abeta-RA-LTMR
oeookjck-1,TMA00318,Abeta-RA-LTMR,False,False,False,Abeta-RA-LTMR
ogaaillb-1,TMA00318,CGRP-Gamma 1,False,False,False,CGRP-Gamma 1
ogapkjag-1,TMA00318,CGRP-Alpha,False,False,False,CGRP-Alpha
ohdfoahf-1,TMA00318,Abeta-RA-LTMR,False,False,False,Abeta-RA-LTMR
ohnoopil-1,TMA00318,CGRP-Epsilion,False,False,False,CGRP-Epsilion
oiegehka-1,TMA00318,CGRP-Zeta,False,False,False,CGRP-Zeta
